v 0.304856 0.405167 0.124585
v -0.0993975 0.523567 -0.138987
v -0.0633703 0.486081 -0.14445
v 0.419654 0.403739 0.0328177
v 0.217424 0.429318 0.0477406
v 0.034828 0.394292 -0.215316
v 0.0218531 0.404612 -0.224119
v -0.0112975 0.431956 -0.227658
v 0.260127 0.413716 0.118956
v 0.475622 0.387077 0.110527
v 0.494317 0.393498 0.0577492
v 0.471776 0.39607 0.0421868
v 0.372034 0.410702 0.0409321
v 0.348978 0.410254 0.0518984
v 0.32114 0.413165 0.0555735
v 0.214641 0.430685 0.0456154
v 0.191709 0.427189 0.0814548
v -0.0814192 0.505402 -0.137029
v -0.0649607 0.489294 -0.141391
v 0.015812 0.399228 -0.116504
v 0.00666474 0.417571 -0.229982
v -0.0486036 0.468877 -0.210312
v -0.0643305 0.492709 -0.204048
v -0.0962179 0.526662 -0.19835
v -0.12398 0.548125 -0.190288
v -0.124721 0.548876 -0.182046
v -0.0811797 0.513376 -0.201507
v -0.100999 0.531471 -0.19989
v -0.116244 0.543515 -0.19622
v -0.127595 0.549275 -0.149999
v -0.114193 0.533211 -0.133867
v -0.103656 0.526939 -0.134416
v -0.0339705 0.452111 -0.135493
v 0.0455174 0.380275 -0.126524
v 0.055718 0.370549 -0.133963
v 0.372868 0.402344 0.13963
v 0.398325 0.402405 0.138028
v 0.44693 0.402568 0.0335643
v 0.391295 0.409491 0.0350532
v 0.296238 0.41893 0.054525
v 0.286245 0.422772 0.0534483
v 0.237165 0.429335 0.0440296
v 0.221992 0.420871 0.113778
v 0.289036 0.410579 0.122318
v 0.414519 0.408167 0.0321923
v 0.266235 0.426597 0.0502465
v 0.191343 0.430525 0.0674285
v 0.194568 0.42637 0.0961937
v 0.204763 0.422793 0.107204
v 0.286434 0.41314 0.125131
v 0.353837 0.40191 0.136643
v 0.493537 0.388872 0.0949737
v 0.496202 0.390199 0.0769322
v 0.0727914 0.366234 -0.160557
v 0.0692834 0.369579 -0.179699
v 0.0464942 0.388551 -0.209567
v -0.121377 0.543998 -0.141037
v -0.0944896 0.518754 -0.135068
v -0.0570713 0.479316 -0.142631
v 0.0442988 0.38878 -0.123692
v 0.0286901 0.385431 -0.119485
v -0.0224711 0.450178 -0.222387
v -0.106519 0.537211 -0.199047
v -0.0801304 0.509781 -0.136877
v -0.0418574 0.460352 -0.139852
v 0.00160269 0.412116 -0.117938
v 0.040497 0.404755 -0.123336
v 0.0610188 0.375999 -0.195077
v 0.337177 0.414198 0.0524666
v 0.204644 0.43351 0.0505573
v 0.236824 0.423075 0.117713
v 0.25379 0.418179 0.120542
v 0.0450487 0.412787 -0.216377
v -0.0605017 0.491549 -0.205385
v -0.0678784 0.518402 -0.199597
v -0.126866 0.551892 -0.183928
v -0.129299 0.553545 -0.176619
v -0.113877 0.540274 -0.137051
v -0.0538099 0.484013 -0.140328
v 0.316339 0.425514 0.0560565
v 0.224095 0.440975 0.0465408
v -0.0170342 0.449667 -0.223477
v -0.130222 0.552574 -0.161021
v -0.0735596 0.506218 -0.137386
v 0.298449 0.428859 0.0557255
v 0.276536 0.419857 0.124223
v 0.422224 0.406644 0.13537
v 0.432144 0.393025 0.130811
v 0.444223 0.38917 0.124654
v 0.490799 0.392806 0.103771
v 0.0167534 0.423821 -0.225669
v -0.045324 0.471574 -0.212933
v -0.0809763 0.517132 -0.133892
v -0.0184475 0.432721 -0.125996
v 0.062951 0.381661 -0.199838
v 0.33297 0.42219 0.054503
v 0.243224 0.436254 0.0465115
v 0.196491 0.434805 0.0579282
v 0.193489 0.441562 0.0656042
v 0.33683 0.409866 0.137001
v 0.502259 0.395012 0.086671
v 0.00479051 0.436928 -0.225883
v -0.0970834 0.536167 -0.198142
v -0.0995437 0.528042 -0.134937
v 0.00178035 0.429615 -0.121823
v 0.0653694 0.386351 -0.130085
v 0.0683471 0.367563 -0.143561
v 0.0771801 0.37098 -0.178031
v 0.073069 0.376995 -0.190579
v 0.46488 0.408112 0.0389743
v 0.20093 0.443983 0.0558827
v 0.257252 0.426203 0.123037
v 0.351822 0.413905 0.140411
v 0.503659 0.396521 0.0694592
v 0.49616 0.399444 0.0550748
v 0.482927 0.399054 0.0455706
v -0.0272953 0.467583 -0.21883
v -0.0396988 0.485046 -0.211957
v -0.0825758 0.522458 -0.200125
v -0.107308 0.545734 -0.196029
v -0.106722 0.542168 -0.134546
v -0.0586206 0.490693 -0.140282
v -0.0291266 0.461605 -0.129831
v -0.0117093 0.448278 -0.124147
v 0.0595066 0.390827 -0.127564
v 0.0685346 0.380003 -0.134604
v 0.0804581 0.371251 -0.162101
v 0.052972 0.397194 -0.209253
v 0.413771 0.415625 0.0352141
v 0.385576 0.428236 0.0448969
v 0.260742 0.43343 0.0490596
v 0.205991 0.434265 0.109511
v 0.292646 0.418721 0.127508
v 0.318637 0.423443 0.136001
v 0.475024 0.392546 0.113873
v 0.0294139 0.424206 -0.222268
v -0.111923 0.554363 -0.192541
v -0.11765 0.55259 -0.139837
v -0.0938017 0.525141 -0.134039
v 0.0820293 0.381068 -0.146292
v 0.0856651 0.38677 -0.172947
v 0.43481 0.412442 0.0346152
v 0.371149 0.423595 0.0444425
v 0.275404 0.442158 0.0505435
v 0.249359 0.443057 0.0469723
v 0.192236 0.445103 0.0938835
v -0.0569615 0.502615 -0.204034
v -0.0504787 0.497357 -0.126586
v 0.021907 0.415744 -0.120344
v 0.221029 0.432048 0.116121
v 0.235646 0.431909 0.121188
v 0.392501 0.416389 0.141415
v 0.488395 0.40438 0.1066
v 0.503832 0.407534 0.0725041
v -0.0100849 0.454257 -0.223412
v -0.0813311 0.53093 -0.1991
v -0.0927332 0.540545 -0.197948
v -0.123939 0.564055 -0.155596
v -0.123497 0.55456 -0.146472
v -0.0677494 0.508768 -0.13223
v 0.442927 0.421036 0.0400698
v 0.316383 0.432994 0.0547368
v 0.233036 0.445911 0.0466627
v 0.198161 0.436568 0.103173
v 0.339173 0.423352 0.140276
v 0.439915 0.408842 0.12995
v 0.463643 0.403086 0.120581
v 0.488754 0.411678 0.0485679
v 0.467561 0.416467 0.0415748
v 0.0182661 0.437539 -0.223214
v -0.0945243 0.538166 -0.131871
v -0.0804657 0.522686 -0.130937
v 0.0814726 0.388989 -0.185458
v 0.0700093 0.397212 -0.200397
v 0.412289 0.425174 0.0421275
v 0.190713 0.438158 0.0776578
v 0.282059 0.428732 0.126777
v 0.370423 0.417362 0.143278
v 0.463685 0.410753 0.119806
v 0.498906 0.412651 0.0590313
v 0.0268742 0.440886 -0.220539
v -0.00134224 0.46202 -0.220892
v -0.0987112 0.547345 -0.19615
v -0.124195 0.564663 -0.176326
v -0.125605 0.563293 -0.166242
v -0.0253263 0.473592 -0.122637
v 0.012836 0.432195 -0.121781
v 0.241313 0.449466 0.0481467
v 0.203529 0.452646 0.0550133
v 0.191376 0.45088 0.0704144
v 0.294373 0.433631 0.132369
v 0.419542 0.415241 0.13874
v 0.477093 0.406627 0.114039
v 0.501221 0.415654 0.0695114
v 0.480785 0.415093 0.0452073
v -0.0373562 0.496766 -0.210081
v -0.0810411 0.537776 -0.195668
v -0.118778 0.560719 -0.18628
v 0.0670119 0.396773 -0.132189
v 0.0857838 0.383533 -0.158078
v 0.454238 0.433089 0.0446312
v 0.356031 0.432037 0.0485316
v 0.321796 0.440324 0.0485189
v 0.24765 0.435391 0.122828
v 0.279227 0.43882 0.131275
v 0.355958 0.424237 0.14184
v 0.49803 0.408165 0.0949612
v 0.501847 0.409508 0.0848257
v -0.0201031 0.474879 -0.217298
v -0.118935 0.557635 -0.143908
v -0.112322 0.550195 -0.136841
v 0.00850134 0.44734 -0.119734
v 0.0332067 0.4267 -0.122802
v 0.0524952 0.412318 -0.125849
v 0.078065 0.382662 -0.14019
v 0.0549151 0.421153 -0.209995
v 0.42156 0.432372 0.0435869
v 0.409923 0.430989 0.0433705
v 0.291147 0.447658 0.0464077
v 0.259551 0.446362 0.0492956
v 0.213045 0.437691 0.114101
v 0.421789 0.422327 0.137599
v 0.440261 0.415989 0.13256
v 0.476561 0.415628 0.110227
v 0.490872 0.411828 0.101253
v -0.0591898 0.519015 -0.201624
v -0.0617543 0.517266 -0.199612
v -0.0826864 0.544006 -0.195141
v -0.107732 0.557157 -0.19156
v -0.11548 0.563761 -0.185771
v -0.0142051 0.470255 -0.120349
v 0.0791848 0.39963 -0.140863
v 0.0819499 0.396858 -0.183109
v 0.372499 0.441715 0.0451654
v 0.361201 0.44125 0.0456944
v 0.213859 0.450793 0.0503197
v 0.205765 0.446333 0.111773
v 0.232387 0.439494 0.121068
v 0.323563 0.434247 0.136969
v -0.0165171 0.482554 -0.213299
v -0.0666767 0.53301 -0.197943
v -0.099051 0.555077 -0.193544
v -0.12388 0.572755 -0.156805
v -0.0449916 0.498005 -0.122777
v 0.000570317 0.463865 -0.12044
v 0.0849182 0.394894 -0.148495
v 0.0872734 0.394684 -0.16109
v 0.248678 0.456642 0.0482842
v 0.189575 0.448941 0.0845689
v 0.20043 0.442358 0.105756
v 0.294336 0.436565 0.135546
v 0.317804 0.436215 0.137774
v 0.357022 0.436317 0.13789
v 0.468191 0.432289 0.0480218
v -0.122444 0.568927 -0.175694
v -0.116072 0.560739 -0.139452
v -0.0414867 0.502013 -0.120412
v 0.0264375 0.443071 -0.122152
v 0.0705917 0.407098 -0.133482
v 0.0374658 0.441433 -0.21305
v 0.392928 0.433742 0.133982
v 0.45537 0.418517 0.123432
v 0.49373 0.423716 0.0802547
v 0.488026 0.426521 0.0549391
v 0.397506 0.441573 0.0459389
v 0.195169 0.452186 0.0630493
v 0.236072 0.445223 0.123985
v 0.269272 0.442684 0.131969
v 0.00560358 0.468617 -0.213398
v -0.051495 0.51473 -0.21027
v -0.124274 0.575373 -0.166977
v -0.10497 0.548122 -0.133085
v 0.0842038 0.401164 -0.169654
v 0.0697401 0.412612 -0.198938
v 0.0170083 0.460305 -0.212217
v 0.32445 0.448023 0.0459708
v 0.262343 0.442511 0.128087
v 0.261924 0.445768 0.142616
v 0.294873 0.440354 0.14411
v 0.337295 0.43881 0.138192
v 0.386733 0.424425 0.140838
v 0.428256 0.424414 0.133868
v -0.0348603 0.50293 -0.213766
v -0.0434663 0.515465 -0.211193
v -0.0515134 0.524989 -0.212497
v -0.107116 0.562875 -0.189948
v -0.0666569 0.517351 -0.124211
v 0.0569411 0.427245 -0.131872
v 0.27038 0.454887 0.0465033
v 0.227128 0.455514 0.0486653
v 0.213277 0.45798 0.0506976
v 0.187845 0.460716 0.0879055
v 0.435767 0.433527 0.118347
v 0.475043 0.42435 0.0984097
v 0.491096 0.430238 0.0650791
v 0.480003 0.433285 0.0580007
v -0.0607087 0.527197 -0.206477
v -0.0782217 0.548043 -0.192623
v -0.121482 0.574994 -0.175615
v -0.0979124 0.546805 -0.132098
v 0.0733081 0.411504 -0.139044
v 0.085769 0.406709 -0.161267
v 0.0783398 0.418746 -0.173231
v 0.0721147 0.417329 -0.186933
v 0.00597043 0.478227 -0.215012
v -0.00973072 0.486141 -0.216139
v 0.451245 0.439579 0.0513443
v 0.410127 0.451651 0.0540344
v 0.297035 0.452379 0.0455415
v 0.191785 0.451563 0.0980308
v 0.274551 0.442354 0.143514
v 0.358167 0.444574 0.135033
v 0.407751 0.439512 0.124765
v 0.440363 0.42525 0.12428
v 0.463256 0.428399 0.10298
v 0.0529538 0.433064 -0.203964
v 0.0531209 0.445028 -0.192394
v 0.45564 0.441638 0.0628948
v 0.314854 0.44018 0.143041
v 0.486752 0.432615 0.0787361
v -0.0566347 0.531183 -0.20741
v -0.0794874 0.530175 -0.127306
v 0.0455624 0.442366 -0.12846
v 0.0592667 0.430901 -0.136556
v 0.0799418 0.409842 -0.149657
v 0.0240819 0.463028 -0.205798
v 0.432622 0.443412 0.0511618
v 0.356401 0.451623 0.0470967
v 0.326072 0.461505 0.0474143
v 0.192726 0.459247 0.0663276
v 0.214105 0.448975 0.116257
v 0.240127 0.45198 0.123564
v 0.251436 0.449968 0.127209
v 0.346121 0.450837 0.140983
v 0.415823 0.444365 0.112853
v 0.479735 0.43285 0.0887189
v -0.0115692 0.485157 -0.120657
v 0.0170257 0.462141 -0.123569
v 0.0803031 0.417116 -0.163441
v 0.0662942 0.432466 -0.178493
v 0.260268 0.464302 0.0484585
v 0.242945 0.468021 0.050482
v 0.200968 0.459571 0.0575198
v 0.188019 0.46075 0.0771799
v 0.317707 0.452055 0.147041
v 0.46614 0.437413 0.0904129
v 0.473993 0.43805 0.0839493
v 0.372283 0.455363 0.0497349
v 0.239936 0.455748 0.128864
v 0.240911 0.45692 0.135504
v 0.436203 0.448398 0.0589586
v 0.0404403 0.461375 -0.183021
v -0.0184292 0.500871 -0.214651
v -0.0667896 0.542756 -0.198516
v -0.115173 0.571723 -0.183266
v -0.121493 0.570061 -0.148528
v -0.0832312 0.5435 -0.123186
v -0.0745857 0.535143 -0.122456
v 0.0260668 0.48104 -0.211149
v 0.00357653 0.489294 -0.215026
v 0.350852 0.466226 0.0515186
v 0.281205 0.47003 0.0471723
v 0.223645 0.4646 0.0517495
v 0.208878 0.468296 0.0568518
v 0.190083 0.4683 0.0961136
v 0.286479 0.450851 0.150081
v 0.354835 0.457256 0.139825
v -0.00772834 0.509819 -0.211429
v -0.0359969 0.520797 -0.206612
v -0.0978419 0.563881 -0.187796
v -0.122798 0.583615 -0.16346
v -0.100314 0.555233 -0.131734
v 0.00825718 0.486607 -0.126758
v 0.0295323 0.462732 -0.128144
v 0.380058 0.463896 0.0551492
v 0.330767 0.467276 0.0483601
v 0.301087 0.466947 0.0470535
v 0.215587 0.459178 0.116615
v 0.258885 0.452843 0.145107
v 0.402659 0.44805 0.117385
v -0.0909939 0.564207 -0.187341
v -0.0531393 0.523526 -0.116805
v -0.0392157 0.513503 -0.118589
v 0.0381392 0.459386 -0.133549
v 0.0374608 0.480039 -0.203859
v 0.189313 0.472093 0.0813754
v 0.218127 0.466299 0.119033
v 0.229716 0.458921 0.12222
v 0.272998 0.458093 0.153207
v 0.316832 0.4639 0.150218
v 0.392125 0.451887 0.119717
v 0.404456 0.459739 0.106993
v 0.424377 0.452427 0.0881041
v -0.0581494 0.546049 -0.194875
v -0.107922 0.560921 -0.135702
v 0.0412704 0.467872 -0.166521
v 0.260551 0.463436 0.148691
v 0.378247 0.447572 0.12964
v 0.40884 0.454484 0.102608
v -0.0202902 0.526166 -0.206435
v -0.0463808 0.532008 -0.212733
v -0.0906165 0.55459 -0.122486
v -0.0607313 0.536835 -0.114911
v -0.016638 0.508412 -0.122742
v 0.00250433 0.496378 -0.126622
v 0.0370648 0.472953 -0.146231
v 0.262463 0.475365 0.0482299
v 0.219453 0.474507 0.0556706
v 0.233465 0.462496 0.131292
v 0.253389 0.459269 0.142414
v 0.341186 0.465678 0.145496
v 0.409085 0.468511 0.0763872
v 0.382403 0.471659 0.0565415
v 0.32598 0.473816 0.0415171
v 0.299003 0.476517 0.0381476
v -0.114236 0.581325 -0.17665
v -0.121131 0.58961 -0.152959
v -0.119473 0.581293 -0.146268
v -0.114049 0.570865 -0.139533
v -0.102038 0.565177 -0.128776
v -0.0342326 0.522744 -0.116834
v 0.029902 0.480195 -0.137082
v 0.232343 0.472434 0.0526978
v 0.203006 0.477712 0.0630619
v 0.197225 0.459945 0.10511
v 0.203739 0.463495 0.109961
v 0.418925 0.458361 0.0756646
v 0.396958 0.467017 0.0621118
v 0.353195 0.476086 0.0438074
v 0.307992 0.479766 0.0373761
v -0.10452 0.573848 -0.182496
v -0.0233618 0.515814 -0.117787
v 0.0027255 0.499562 -0.124061
v 0.0431424 0.4699 -0.180639
v 0.0379262 0.462651 -0.193761
v 0.363901 0.470172 0.139111
v 0.402901 0.469691 0.0686044
v 0.389836 0.469497 0.060222
v 0.0221176 0.496492 -0.213214
v -0.0454554 0.540163 -0.211805
v -0.061799 0.553127 -0.192732
v -0.0827819 0.554582 -0.117445
v -0.0711431 0.544841 -0.114224
v 0.24437 0.484817 0.0513639
v 0.271395 0.473557 0.159251
v 0.378098 0.474247 0.13254
v 0.399424 0.464339 0.115075
v 0.410569 0.462465 0.0902138
v -0.0805095 0.563934 -0.193042
v -0.0883629 0.566313 -0.191854
v -0.10323 0.579172 -0.181299
v -0.0946249 0.564336 -0.123972
v 0.00639026 0.50363 -0.11787
v 0.0202503 0.491006 -0.130072
v 0.043498 0.483468 -0.195014
v 0.255781 0.480058 0.0480538
v 0.215918 0.482475 0.0587189
v 0.190306 0.478857 0.0921202
v 0.204751 0.478573 0.112537
v 0.256999 0.477236 0.152295
v -0.0543358 0.548154 -0.19539
v -0.111134 0.577094 -0.133618
v -0.0225133 0.519475 -0.107359
v 0.0432133 0.476965 -0.158854
v 0.193595 0.472537 0.0689819
v 0.213912 0.471486 0.12164
v 0.218015 0.470665 0.127901
v 0.250225 0.470171 0.137339
v 0.387646 0.46148 0.125656
v 0.409822 0.47548 0.0909753
v -0.0477131 0.556535 -0.206574
v -0.0495043 0.54921 -0.201553
v -0.0563443 0.561139 -0.184187
v -0.0901931 0.578724 -0.190402
v -0.119764 0.586481 -0.169138
v -0.105086 0.574161 -0.129757
v -0.0450337 0.534429 -0.102243
v 0.307224 0.495346 0.0380975
v 0.200562 0.485704 0.0696589
v 0.196148 0.480162 0.10569
v 0.205601 0.476064 0.12816
v 0.225818 0.472901 0.128841
v 0.241023 0.468516 0.133475
v 0.407052 0.469926 0.101883
v 0.398752 0.475437 0.0645755
v 0.00389434 0.510828 -0.209232
v 0.0118726 0.517862 -0.201574
v -0.0841096 0.559597 -0.109767
v 0.0389775 0.483456 -0.144135
v 0.0388636 0.49195 -0.211297
v 0.405495 0.479739 0.0751434
v -0.117167 0.584899 -0.139098
v -0.0233536 0.52557 -0.103647
v 0.278717 0.491474 0.0456288
v 0.269084 0.483646 0.043846
v 0.25233 0.489696 0.045553
v 0.265003 0.466349 0.153781
v 0.399181 0.481195 0.106762
v -0.0686607 0.564451 -0.189091
v -0.103295 0.582272 -0.187438
v -0.11156 0.583037 -0.131661
v -0.0982821 0.570636 -0.111355
v -0.00336354 0.513432 -0.111123
v 0.0398207 0.497139 -0.180443
v 0.0401699 0.49373 -0.197069
v 0.229196 0.494501 0.0498881
v 0.194417 0.483525 0.107265
v 0.192684 0.481877 0.119906
v 0.223168 0.490733 0.122567
v 0.280776 0.468972 0.157426
v 0.327743 0.475972 0.155653
v 0.388958 0.47965 0.122962
v 0.371167 0.489788 0.0488346
v 0.321531 0.49349 0.038195
v -0.00428283 0.517583 -0.207241
v -0.111139 0.592865 -0.182104
v -0.119933 0.592778 -0.143757
v -0.117354 0.595926 -0.139647
v -0.056816 0.548936 -0.104962
v -0.00604338 0.532743 -0.108632
v 0.22252 0.489134 0.0604357
v 0.192674 0.484486 0.0816083
v 0.295552 0.48089 0.160062
v 0.351338 0.48395 0.155191
v 0.389051 0.48655 0.0604556
v -0.00866819 0.526937 -0.204381
v -0.0382138 0.542659 -0.20759
v -0.0481403 0.556759 -0.190357
v -0.112837 0.58955 -0.172598
v -0.118814 0.594259 -0.159319
v 0.0421623 0.490161 -0.158069
v 0.0437853 0.496289 -0.20582
v 0.211851 0.495595 0.0653616
v 0.210068 0.489657 0.0650509
v 0.197649 0.495007 0.0733707
v 0.192764 0.488665 0.100086
v 0.208477 0.479395 0.130478
v 0.250836 0.480154 0.141309
v 0.406413 0.484888 0.0891754
v 0.345017 0.502443 0.0411901
v 0.0368047 0.50377 -0.208501
v -0.0437017 0.567561 -0.207031
v -0.114162 0.600408 -0.175377
v -0.0393244 0.536116 -0.0994433
v 0.0280662 0.493491 -0.131388
v 0.191351 0.489969 0.122217
v 0.233831 0.485766 0.125052
v 0.245581 0.484598 0.13084
v 0.338507 0.488452 0.160336
v 0.360149 0.482429 0.149311
v 0.351396 0.488874 0.0428858
v -0.0153746 0.538918 -0.203952
v -0.0226353 0.548964 -0.206963
v -0.110919 0.581475 -0.117495
v 0.0162756 0.507444 -0.121868
v 0.0383365 0.506307 -0.158785
v 0.0407634 0.498447 -0.185669
v 0.297601 0.499411 0.0414232
v 0.278311 0.502413 0.0542791
v 0.192984 0.494113 0.0832558
v 0.196485 0.482314 0.127936
v 0.205476 0.494482 0.126234
v 0.244662 0.492111 0.13266
v 0.244107 0.49207 0.152534
v 0.273437 0.482183 0.162945
v 0.385254 0.48801 0.124296
v -0.073667 0.575754 -0.187296
v -0.0896749 0.589474 -0.18661
v -0.118932 0.602065 -0.152881
v -0.109696 0.593677 -0.11656
v -0.0887021 0.571956 -0.109728
v 0.264494 0.495722 0.0494193
v 0.2501 0.493125 0.159644
v 0.259975 0.480849 0.158917
v 0.397179 0.496146 0.0909922
v 0.390771 0.504817 0.0715365
v -0.0280748 0.54278 -0.0986638
v 0.0334919 0.515347 -0.145949
v 0.0485815 0.502568 -0.181103
v 0.0405585 0.51066 -0.200145
v 0.224708 0.503721 0.0560114
v 0.219584 0.496357 0.0541457
v 0.35529 0.488662 0.15352
v 0.361919 0.492658 0.141824
v 0.362075 0.502288 0.0450021
v -0.0525996 0.572278 -0.177974
v -0.104254 0.604109 -0.174086
v -0.0546939 0.557288 -0.105733
v 0.0119597 0.525144 -0.118934
v 0.0256468 0.518857 -0.132124
v 0.229087 0.501956 0.121992
v 0.0419746 0.517877 -0.192165
v 0.0132465 0.525521 -0.195625
v -0.0477877 0.571173 -0.198768
v -0.0491998 0.572393 -0.18412
v -0.0595965 0.577112 -0.174577
v -0.0808571 0.588836 -0.185406
v -0.119071 0.599526 -0.145895
v -0.0534163 0.564561 -0.1001
v 0.047802 0.510861 -0.161676
v 0.262582 0.505063 0.0590765
v 0.240293 0.499968 0.0524518
v 0.201413 0.502511 0.0790869
v 0.197013 0.502778 0.0891924
v 0.350472 0.494397 0.154072
v 0.370608 0.507563 0.096751
v 0.382117 0.496155 0.0561406
v 0.310168 0.509259 0.0331645
v -0.0661698 0.56285 -0.10866
v 0.0334667 0.52173 -0.144359
v 0.0414661 0.509044 -0.160883
v 0.0503095 0.503391 -0.188837
v -0.00737691 0.54449 -0.202499
v 0.303746 0.513795 0.0333256
v 0.298064 0.509003 0.0441875
v 0.237585 0.508814 0.059499
v 0.189516 0.487139 0.115905
v 0.271711 0.499271 0.167031
v 0.303973 0.489769 0.162781
v 0.356864 0.502055 0.130856
v 0.368013 0.506972 0.107908
v -0.116128 0.611162 -0.164496
v -0.0664767 0.570395 -0.107588
v -0.023822 0.551552 -0.0987726
v 0.0229505 0.538413 -0.12918
v 0.0531623 0.511267 -0.169031
v 0.025389 0.525719 -0.194097
v 0.00283756 0.541581 -0.198216
v -0.0182558 0.561228 -0.212646
v 0.198812 0.509609 0.121536
v 0.341297 0.506486 0.16203
v 0.348127 0.503555 0.152848
v 0.372492 0.514881 0.091313
v 0.374156 0.5113 0.0791396
v 0.373995 0.51371 0.0506647
v -0.00679264 0.557104 -0.210594
v -0.119042 0.611248 -0.146616
v -0.116488 0.598686 -0.127849
v -0.0844793 0.585242 -0.113194
v -0.0385366 0.558126 -0.0986324
v 0.265359 0.512942 0.063668
v 0.246226 0.517591 0.068837
v 0.204848 0.507974 0.122696
v 0.245492 0.488531 0.141575
v 0.338171 0.497049 0.162787
v 0.360454 0.506579 0.132163
v 0.366139 0.519809 0.0764711
v 0.373474 0.514073 0.0661369
v 0.386429 0.505663 0.0620849
v 0.371739 0.509976 0.0472968
v -0.0409234 0.555173 -0.212501
v -0.0641862 0.575839 -0.0979683
v 0.0127586 0.549291 -0.118836
v 0.0430473 0.52341 -0.142891
v 0.0390101 0.524835 -0.190766
v 0.211327 0.507684 0.066353
v 0.240156 0.503791 0.127189
v 0.235636 0.506562 0.151781
v 0.259117 0.49925 0.166485
v 0.360543 0.509571 0.144107
v 0.31495 0.515109 0.034353
v -0.0791498 0.595948 -0.181159
v -0.0857873 0.59554 -0.177534
v -0.100248 0.582405 -0.111727
v 0.053889 0.510825 -0.182614
v 0.198167 0.507677 0.0856693
v 0.196608 0.512353 0.118295
v 0.381275 0.513021 0.124915
v 0.39547 0.521536 0.11976
v 0.394392 0.515974 0.104827
v 0.392893 0.519999 0.0983054
v 0.371719 0.517693 0.0567475
v -0.0561027 0.581925 -0.173041
v -0.0913597 0.604819 -0.164468
v -0.116317 0.606196 -0.12952
v -0.0816264 0.587861 -0.112002
v -0.0585002 0.576338 -0.0949142
v 0.0554315 0.525126 -0.152425
v 0.306817 0.500185 0.164204
v 0.365737 0.518616 0.0717778
v 0.367754 0.521044 0.048141
v 0.343016 0.517953 0.0428722
v -0.114668 0.611488 -0.133397
v -0.00773087 0.548666 -0.10585
v 0.0291983 0.537975 -0.199545
v 0.00914233 0.552138 -0.204599
v 0.235684 0.518227 0.0692344
v 0.208726 0.515672 0.0791158
v 0.200207 0.517635 0.0955934
v 0.220339 0.50845 0.118946
v 0.361102 0.513188 0.147915
v 0.284356 0.517866 0.0364693
v -0.0140521 0.57196 -0.212671
v -0.0421597 0.581456 -0.204057
v -0.09031 0.612203 -0.169065
v 0.0523076 0.521843 -0.150164
v 0.0538271 0.520585 -0.181335
v 0.191052 0.505726 0.108763
v 0.236932 0.506192 0.160904
v 0.284814 0.508735 0.166587
v -0.0869586 0.61305 -0.169426
v -0.115145 0.616443 -0.139282
v -0.109892 0.608584 -0.120923
v -0.105117 0.605161 -0.115535
v -0.0283661 0.567418 -0.102071
v 0.018164 0.551242 -0.118537
v 0.227273 0.520314 0.0666394
v 0.2234 0.517265 0.0702995
v 0.241752 0.513034 0.167044
v 0.321594 0.521019 0.15457
v 0.346706 0.520279 0.152514
v 0.355028 0.516493 0.152308
v 0.403496 0.530311 0.116024
v 0.364144 0.526767 0.0667198
v 0.323811 0.523921 0.0424396
v -0.0263185 0.574677 -0.211195
v -0.0481474 0.589885 -0.198228
v -0.0524546 0.587785 -0.174924
v -0.106634 0.621333 -0.154524
v -0.11109 0.623045 -0.149831
v -0.0775159 0.589163 -0.0952485
v -0.0413137 0.569081 -0.0977289
v -0.0384343 0.583699 -0.0991276
v 0.00688732 0.556705 -0.116947
v 0.0559736 0.527114 -0.162023
v 0.0332391 0.544066 -0.198095
v 0.0143951 0.56003 -0.206773
v 0.226316 0.524281 0.160655
v 0.253476 0.520121 0.170027
v 0.397386 0.528525 0.108464
v 0.371307 0.527761 0.0776702
v 0.318091 0.531069 0.0494289
v 0.296547 0.524893 0.0375344
v -0.0188785 0.585076 -0.213823
v -0.0581112 0.588114 -0.17049
v -0.0898268 0.599835 -0.0934962
v 0.0170065 0.56594 -0.10494
v 0.0369588 0.540426 -0.125574
v 0.0462212 0.537461 -0.13082
v 0.053008 0.542473 -0.132057
v 0.0492057 0.532319 -0.185125
v 0.00571255 0.567818 -0.210317
v 0.218526 0.52754 0.0593217
v 0.202069 0.519968 0.117734
v 0.222021 0.522907 0.112328
v 0.231071 0.512833 0.120971
v 0.312767 0.513914 0.160712
v 0.362205 0.523505 0.144936
v 0.402318 0.534731 0.111252
v 0.391696 0.527954 0.098763
v 0.261936 0.529348 0.0377202
v -0.052349 0.591364 -0.190516
v 0.0518149 0.530786 -0.180765
v 0.199248 0.51774 0.110863
v 0.238228 0.513925 0.131305
v 0.334712 0.534516 0.0567066
v -0.0716651 0.608401 -0.162937
v 0.00604828 0.56615 -0.119263
v 0.0106409 0.56056 -0.115819
v 0.21623 0.525499 0.0753841
v 0.229437 0.522705 0.13281
v 0.22378 0.522272 0.151921
v 0.277291 0.52001 0.165433
v 0.397246 0.531804 0.121868
v 0.376112 0.536402 0.0807101
v 0.36532 0.532351 0.0589578
v 0.366108 0.528293 0.0516145
v 0.308792 0.533813 0.0542351
v 0.278966 0.533789 0.0448476
v -0.103646 0.628596 -0.156073
v -0.114151 0.620354 -0.101391
v -0.0803255 0.607408 -0.0891207
v -0.0663889 0.594041 -0.0882936
v -0.0268123 0.583856 -0.113981
v 0.00939293 0.577753 -0.10037
v 0.0432431 0.557192 -0.116447
v 0.0575391 0.540645 -0.143258
v 0.0441643 0.552068 -0.178209
v 0.0372058 0.549602 -0.191242
v 0.24869 0.53593 0.0392319
v 0.220465 0.524602 0.0548977
v 0.215351 0.529605 0.0768302
v 0.365698 0.531012 0.137593
v 0.389554 0.532536 0.100933
v 0.364428 0.54277 0.0660326
v 0.264541 0.535168 0.0417335
v -0.0526801 0.613539 -0.195547
v -0.116865 0.624497 -0.134722
v -0.122343 0.633914 -0.101949
v -0.109108 0.623088 -0.0932901
v 0.056635 0.541631 -0.148829
v 0.0251796 0.555999 -0.20266
v 0.347236 0.541136 0.129621
v 0.399343 0.541101 0.117229
v 0.377584 0.543034 0.106843
v 0.374501 0.545489 0.0901394
v 0.306541 0.54067 0.0713325
v 0.288931 0.53975 0.0648937
v 0.253794 0.539789 0.0435476
v 0.225908 0.534424 0.0500472
v 0.207409 0.523602 0.0836556
v 0.209887 0.532139 0.0894228
v 0.201136 0.525385 0.109152
v -0.00786897 0.581855 -0.212756
v -0.039819 0.60216 -0.203884
v -0.0659506 0.618078 -0.183392
v -0.066291 0.614361 -0.177545
v -0.0674217 0.611283 -0.161922
v -0.126337 0.636595 -0.121846
v -0.0147028 0.57176 -0.113669
v -0.00416341 0.581101 -0.122379
v 0.281092 0.52438 0.161521
v 0.325882 0.530801 0.143295
v 0.385262 0.54133 0.11174
v 0.373333 0.543729 0.0811436
v 0.35618 0.548036 0.0728187
v 0.3496 0.536147 0.0573621
v 0.268675 0.539741 0.0612305
v 0.239408 0.540251 0.0420245
v 0.323422 0.540472 0.0715888
v 0.291128 0.545092 0.072684
v 0.200851 0.529202 0.10913
v 0.226613 0.526992 0.114664
v 0.299668 0.538063 0.143262
v 0.398684 0.546071 0.107713
v 0.0524632 0.545886 -0.159396
v 0.0247216 0.568294 -0.201787
v 0.0113849 0.57979 -0.205988
v -0.0317746 0.593379 -0.209533
v -0.0641965 0.60937 -0.167567
v -0.114652 0.631498 -0.144388
v -0.054893 0.604835 -0.193103
v -0.0871531 0.626506 -0.152806
v -0.0637338 0.601288 -0.0931647
v -0.0477758 0.599394 -0.110139
v 0.0402896 0.558881 -0.183201
v 0.0294907 0.562817 -0.19885
v 0.27002 0.542176 0.064163
v 0.259867 0.543342 0.0549525
v 0.247349 0.547492 0.0448477
v 0.211333 0.534073 0.106341
v 0.229928 0.528653 0.165297
v 0.288088 0.541082 0.146764
v 0.368521 0.545607 0.122064
v -0.102843 0.627658 -0.0938918
v -0.0256434 0.592231 -0.122104
v -0.0016898 0.587529 -0.118292
v 0.0583027 0.54676 -0.136853
v 0.0217737 0.57909 -0.19989
v 0.365573 0.548378 0.0779798
v 0.276249 0.552796 0.0569889
v 0.226535 0.547666 0.0469925
v 0.212574 0.533527 0.069048
v 0.199387 0.535407 0.09591
v 0.245804 0.525343 0.171275
v 0.242973 0.54095 0.171359
v 0.405736 0.545352 0.112693
v 0.406908 0.545286 0.108104
v 0.00810069 0.57632 -0.121183
v 0.002378 0.587194 -0.0995321
v 0.0517776 0.554034 -0.12221
v 0.0394319 0.569706 -0.191487
v -0.0139256 0.589456 -0.212223
v -0.0862425 0.63083 -0.152861
v -0.0996858 0.639249 -0.144992
v -0.128417 0.644022 -0.129856
v -0.12688 0.641038 -0.112843
v -0.11379 0.636356 -0.0947305
v -0.0940145 0.634203 -0.0956385
v -0.08636 0.623823 -0.0982013
v -0.0728149 0.616377 -0.103141
v -0.0705518 0.619458 -0.107163
v 0.406221 0.558854 0.107499
v 0.399376 0.558183 0.0988202
v 0.332019 0.549964 0.0847342
v 0.221375 0.536586 0.0558252
v 0.213663 0.537483 0.105506
v 0.21859 0.535003 0.113881
v 0.216191 0.533289 0.130193
v 0.266666 0.538123 0.162356
v 0.0134875 0.583289 -0.0961432
v 0.0604173 0.557319 -0.149593
v 0.0540497 0.554163 -0.159991
v 0.0464879 0.55957 -0.176538
v -0.0183451 0.599871 -0.211914
v -0.0662429 0.630236 -0.187081
v -0.0840966 0.637188 -0.16947
v -0.123339 0.642534 -0.106288
v -0.0313122 0.602338 -0.116992
v 0.368621 0.550535 0.105552
v 0.308581 0.555288 0.0779468
v 0.296496 0.554404 0.0662159
v 0.224429 0.547262 0.0662831
v 0.211975 0.541408 0.0695054
v 0.200845 0.539758 0.0865982
v 0.211206 0.541705 0.119908
v 0.252138 0.533178 0.172102
v 0.346835 0.549929 0.123094
v 0.0387016 0.571459 -0.112799
v 0.0541924 0.569919 -0.175419
v -0.00258988 0.588195 -0.207386
v -0.119898 0.647814 -0.135377
v -0.0451773 0.605687 -0.115519
v 0.35049 0.558033 0.108321
v 0.332268 0.55613 0.0958234
v 0.310537 0.560939 0.0701261
v 0.204812 0.543034 0.0955184
v 0.21444 0.533979 0.154716
v 0.371488 0.554527 0.114414
v 0.397742 0.556909 0.110091
v 0.0022084 0.59238 -0.106633
v 0.0559271 0.572723 -0.117535
v 0.0629952 0.560638 -0.139855
v -0.101805 0.651318 -0.154031
v -0.11674 0.646472 -0.106845
v 0.373118 0.550057 0.111404
v 0.311024 0.552853 0.084888
v 0.296033 0.558966 0.0649241
v 0.255255 0.558283 0.0506829
v 0.255786 0.539654 0.170046
v 0.315138 0.55313 0.131377
v -0.00230657 0.603513 -0.0979266
v 0.0120849 0.60072 -0.0899521
v 0.0256038 0.577795 -0.104252
v 0.0289123 0.58464 -0.192432
v -0.00472352 0.603599 -0.207381
v -0.122964 0.655946 -0.129974
v -0.105724 0.644239 -0.0949794
v -0.0770645 0.626472 -0.102943
v -0.0329887 0.61196 -0.102922
v 0.307341 0.565896 0.0680491
v 0.244649 0.552839 0.0449362
v 0.201749 0.544755 0.0822452
v 0.20524 0.547712 0.09952
v 0.21431 0.534653 0.136288
v 0.282954 0.546577 0.147845
v 0.321564 0.559973 0.127787
v 0.0186498 0.592282 -0.19669
v -0.0521872 0.633323 -0.19445
v -0.116481 0.657639 -0.140439
v -0.0763101 0.631818 -0.0988787
v -0.0640761 0.624822 -0.105928
v -0.044287 0.620325 -0.101347
v 0.279912 0.560697 0.0612943
v 0.229462 0.557072 0.0537292
v 0.219165 0.550944 0.0774868
v 0.369428 0.561746 0.113262
v 0.404866 0.563919 0.096901
v 0.391272 0.575194 0.0891942
v 0.0414193 0.586852 -0.113882
v 0.0585729 0.57285 -0.168713
v 0.0055798 0.597964 -0.200098
v -0.0337371 0.615645 -0.203581
v -0.0848743 0.643127 -0.171314
v -0.115284 0.662217 -0.139694
v -0.108749 0.655787 -0.129912
v 0.259759 0.562328 0.061077
v 0.222051 0.551188 0.0522062
v 0.217077 0.553991 0.064136
v 0.207374 0.552189 0.0852611
v 0.217154 0.545846 0.138756
v 0.2843 0.555206 0.147344
v 0.396548 0.581933 0.0867085
v 0.0349212 0.584557 -0.111145
v 0.0371428 0.573484 -0.192765
v -0.0761246 0.644093 -0.17645
v -0.105921 0.650487 -0.117787
v -0.0409286 0.631388 -0.0844281
v 0.340387 0.569421 0.107801
v 0.278218 0.564117 0.067687
v 0.233543 0.561488 0.0637748
v 0.216759 0.562652 0.0630289
v 0.211833 0.555706 0.0752412
v 0.202242 0.551059 0.0915947
v 0.204666 0.553119 0.097929
v 0.216819 0.544863 0.162438
v 0.267695 0.547192 0.158675
v -0.00532781 0.614031 -0.0912362
v -0.00122351 0.612032 -0.0827664
v 0.063687 0.573996 -0.135417
v 0.0526652 0.588992 -0.174534
v -0.112931 0.664393 -0.147127
v -0.0992133 0.652632 -0.114411
v -0.0599473 0.633413 -0.0957617
v -0.0433982 0.632892 -0.0957662
v 0.312539 0.561818 0.0903387
v 0.216412 0.551781 0.123673
v 0.212699 0.541188 0.155377
v 0.211753 0.548455 0.15856
v 0.252788 0.549127 0.1739
v 0.399432 0.566858 0.109846
v 0.409249 0.564917 0.100218
v 0.0617992 0.574793 -0.148536
v 0.0504895 0.574971 -0.181792
v 0.00747119 0.605792 -0.201198
v 0.00828683 0.612869 -0.205129
v -0.0113325 0.616719 -0.206219
v -0.0705502 0.651967 -0.168456
v -0.0958528 0.659611 -0.160324
v -0.10992 0.664436 -0.136436
v -0.0871791 0.642216 -0.0917341
v 0.290369 0.566704 0.0707606
v 0.208412 0.560419 0.0697287
v 0.198247 0.558083 0.0918014
v 0.211917 0.55389 0.130382
v 0.260128 0.555867 0.16794
v 0.410334 0.56765 0.104685
v 0.0590075 0.584073 -0.113009
v 0.0660445 0.580905 -0.128607
v -0.0396414 0.635028 -0.199499
v -0.099341 0.649088 -0.109309
v -0.0468551 0.635753 -0.0985299
v 0.321041 0.568774 0.0988943
v 0.206423 0.555178 0.144342
v 0.207942 0.554149 0.15065
v 0.249779 0.553873 0.174104
v -0.0526596 0.651873 -0.0734225
v 0.0121864 0.615235 -0.0834641
v 0.0225259 0.606909 -0.0978955
v 0.0636629 0.573336 -0.122056
v 0.0614085 0.589467 -0.146058
v 0.0589673 0.591274 -0.163133
v 0.0341084 0.593825 -0.188205
v 0.016394 0.60259 -0.19615
v -0.110361 0.672918 -0.145959
v -0.108776 0.673263 -0.137498
v -0.102573 0.660528 -0.120951
v 0.300326 0.573533 0.0679534
v 0.286443 0.574298 0.0765184
v 0.200967 0.555139 0.120252
v 0.198495 0.559556 0.130435
v 0.222922 0.546877 0.165196
v 0.31712 0.570159 0.131989
v -0.055624 0.641587 -0.184885
v -0.0591801 0.653224 -0.169205
v -0.0879791 0.660229 -0.161462
v -0.107922 0.674778 -0.114087
v -0.0860346 0.655169 -0.104932
v -0.0818461 0.650147 -0.0969423
v -0.0763086 0.652522 -0.0956068
v -0.0655022 0.646256 -0.0944485
v 0.318976 0.581297 0.0706258
v 0.235126 0.568949 0.0845589
v 0.19211 0.56488 0.0981251
v 0.19443 0.55938 0.100663
v 0.203398 0.558779 0.146351
v 0.207707 0.56579 0.150976
v -0.108457 0.678927 -0.117197
v -0.0601732 0.652366 -0.0804064
v -0.0129963 0.637752 -0.0660348
v 0.000538252 0.623828 -0.0728692
v 0.0337499 0.60494 -0.109606
v 0.0375037 0.620338 -0.109455
v 0.0592739 0.598344 -0.109662
v 0.0701556 0.589634 -0.12274
v 0.0260726 0.615709 -0.201563
v 0.266006 0.569414 0.0818211
v 0.214718 0.569858 0.0810736
v 0.352931 0.571337 0.117662
v 0.368447 0.578742 0.117915
v -0.011224 0.629864 -0.201653
v -0.0352363 0.644967 -0.0694928
v 0.063044 0.59936 -0.14533
v 0.0542975 0.5977 -0.17165
v 0.329688 0.57972 0.102202
v 0.322194 0.575319 0.0772831
v 0.309322 0.578586 0.0640403
v 0.297449 0.583804 0.0606981
v 0.196615 0.573616 0.0979403
v 0.402377 0.596649 0.113291
v 0.407077 0.597229 0.10779
v 0.409331 0.585496 0.101498
v -0.0468584 0.654345 -0.186789
v -0.098329 0.675117 -0.144094
v -0.102871 0.684647 -0.110865
v -0.0106115 0.642801 -0.0644647
v 0.00432976 0.630515 -0.0699248
v 0.0347093 0.63123 -0.105303
v 0.323236 0.577004 0.0973892
v 0.288724 0.579517 0.0723756
v 0.261148 0.564113 0.171119
v 0.280494 0.573792 0.165558
v 0.3006 0.57123 0.144935
v 0.407509 0.590261 0.0945831
v 0.00658895 0.617583 -0.205613
v -0.103442 0.676952 -0.139295
v -0.0745883 0.667332 -0.0782131
v -0.0614654 0.665466 -0.072705
v 0.0136593 0.635525 -0.0746622
v 0.0594735 0.598606 -0.161557
v 0.0420081 0.603385 -0.185068
v 0.0292827 0.60921 -0.195394
v 0.242086 0.577425 0.0857751
v 0.205535 0.567654 0.0784766
v 0.198723 0.56424 0.0848739
v 0.236584 0.566617 0.168694
v 0.384765 0.586283 0.118881
v 0.194368 0.56296 0.113601
v 0.214597 0.55989 0.161583
v 0.223051 0.563299 0.165415
v 0.257312 0.576408 0.170727
v 0.293599 0.594468 0.0565293
v 0.269433 0.587201 0.0781204
v 0.212176 0.575259 0.0924331
v -0.0566267 0.658648 -0.168882
v -0.104752 0.684702 -0.100669
v -0.0304019 0.655895 -0.0684042
v 0.0118331 0.62713 -0.200103
v -0.0185646 0.641357 -0.200484
v -0.0812976 0.673143 -0.139017
v -0.087802 0.678414 -0.0808421
v -0.00646054 0.644288 -0.0640092
v 0.367588 0.594454 0.0803848
v 0.332717 0.58978 0.0899233
v 0.332673 0.602691 0.0766616
v 0.266169 0.578129 0.0824639
v 0.227313 0.57629 0.0897847
v 0.395873 0.590311 0.116481
v 0.390674 0.593284 0.0819391
v -0.0584604 0.670257 -0.165887
v -0.0818958 0.681595 -0.133595
v -0.0913431 0.687197 -0.0869797
v -0.0558159 0.670664 -0.0723436
v 0.0632784 0.60757 -0.106095
v 0.0706575 0.594165 -0.115903
v 0.0712201 0.594987 -0.127327
v 0.035657 0.60289 -0.189065
v 0.346164 0.5953 0.0859866
v 0.336849 0.598237 0.0831677
v 0.324716 0.591658 0.0734095
v 0.311439 0.594426 0.0672284
v 0.219593 0.581195 0.096244
v 0.367157 0.5965 0.123145
v 0.403872 0.585735 0.0895547
v -0.0291464 0.644747 -0.199608
v -0.0913322 0.684751 -0.120783
v -0.0760753 0.683832 -0.0764116
v -0.0443404 0.672657 -0.0738129
v -0.0125837 0.655303 -0.0672798
v 0.0104521 0.645216 -0.0674418
v 0.0571399 0.605422 -0.172688
v 0.373679 0.60173 0.0758046
v 0.249763 0.59197 0.0824727
v 0.224908 0.572713 0.16609
v 0.243349 0.57562 0.167378
v 0.290284 0.58002 0.160637
v 0.332912 0.600341 0.132441
v -0.0389789 0.651089 -0.19484
v -0.0736634 0.675801 -0.143515
v -0.0894318 0.695509 -0.120605
v -0.0939153 0.696586 -0.10969
v 0.0735407 0.6073 -0.131762
v 0.0249634 0.627526 -0.200243
v 0.260259 0.60073 0.0718667
v 0.199477 0.573567 0.133333
v 0.313736 0.587026 0.139946
v -0.0474842 0.668313 -0.181522
v -0.0984436 0.692528 -0.0994542
v 0.0442903 0.627744 -0.108164
v 0.317907 0.608559 0.0584913
v 0.281606 0.595857 0.0578988
v 0.388083 0.602024 0.121404
v -0.00759407 0.644966 -0.199559
v -0.0793611 0.695843 -0.143514
v -0.0909471 0.698946 -0.103476
v 0.0219667 0.650905 -0.0748366
v 0.056536 0.610557 -0.180039
v 0.0347525 0.627053 -0.198226
v 0.0125888 0.635645 -0.200827
v 0.191869 0.584102 0.107721
v 0.402347 0.61369 0.0924311
v 0.389509 0.605275 0.0797232
v 0.310215 0.621526 0.046443
v 0.195083 0.5835 0.0998094
v 0.272626 0.580341 0.171182
v 0.367193 0.610739 0.0702634
v 0.0662272 0.620491 -0.102911
v 0.0618312 0.606346 -0.164544
v -0.0634688 0.68411 -0.161345
v -0.024583 0.673021 -0.191453
v -0.0886709 0.702226 -0.115187
v -0.0788644 0.695696 -0.0910078
v -0.0618391 0.690236 -0.0771304
v 0.0660211 0.613745 -0.169989
v 0.0498561 0.616978 -0.188803
v 0.0385267 0.620395 -0.194865
v 0.281071 0.603674 0.0520681
v 0.235618 0.593703 0.0860851
v 0.226643 0.597775 0.0899233
v 0.213865 0.586276 0.0976068
v 0.233553 0.583117 0.169358
v 0.276427 0.589048 0.174212
v 0.34261 0.610181 0.0715972
v 0.246205 0.602632 0.0790173
v 0.194145 0.58596 0.12081
v 0.20711 0.579434 0.142586
v 0.0683276 0.599035 -0.110605
v -0.0770193 0.705378 -0.14358
v 0.0284222 0.643983 -0.0910159
v 0.286143 0.613649 0.046024
v 0.263283 0.607183 0.0610104
v 0.390741 0.61619 0.124308
v 0.388549 0.624526 0.0808472
v 0.0703934 0.614185 -0.141772
v 0.0258643 0.636392 -0.198583
v 0.0116098 0.643789 -0.202244
v -0.0566498 0.686336 -0.168661
v -0.0779132 0.706988 -0.110481
v -0.0228821 0.662585 -0.0713216
v -0.0137833 0.663062 -0.19672
v -0.0406375 0.675566 -0.184217
v 0.207938 0.598468 0.0915312
v 0.225156 0.59269 0.165922
v 0.313158 0.610156 0.146713
v -0.071491 0.706372 -0.152776
v -0.0728416 0.696455 -0.0826028
v 0.0752553 0.621453 -0.133321
v 0.0629969 0.604809 -0.1538
v 0.0545993 0.631208 -0.191758
v 0.0417562 0.631639 -0.194313
v 0.325553 0.62359 0.0550511
v 0.268848 0.614483 0.0496316
v 0.198963 0.587658 0.129632
v 0.211719 0.593733 0.144385
v 0.227884 0.58924 0.168595
v 0.248858 0.586122 0.173882
v 0.26425 0.593805 0.177603
v 0.405741 0.615637 0.0990975
v 0.349952 0.625197 0.0596349
v -0.0252027 0.681674 -0.185552
v -0.0748255 0.703538 -0.0949522
v -0.0677695 0.694011 -0.0783629
v -0.0329132 0.699415 -0.0851
v -0.0180249 0.676607 -0.0763969
v 0.0428631 0.654258 -0.104363
v 0.0447988 0.646108 -0.107729
v 0.0803184 0.61852 -0.111123
v 0.0783228 0.617714 -0.120871
v 0.0752596 0.625206 -0.139566
v 0.229779 0.604437 0.0846869
v 0.345851 0.625221 0.137543
v 0.195911 0.592384 0.0988474
v 0.287934 0.593113 0.169611
v 0.0776784 0.629109 -0.14838
v 0.0720632 0.620935 -0.163743
v 0.0736161 0.62212 -0.178671
v -0.0553722 0.713969 -0.0855689
v -0.0111072 0.676194 -0.0743331
v 0.000946804 0.66388 -0.0664851
v 0.314119 0.634049 0.042618
v 0.289913 0.627456 0.0410004
v 0.243419 0.616801 0.0615037
v 0.195664 0.596686 0.122651
v 0.301544 0.594039 0.153475
v 0.340098 0.607645 0.131829
v 0.402839 0.616322 0.114671
v 0.379088 0.629475 0.0742701
v 0.361974 0.63083 0.0639543
v 0.0817845 0.625488 -0.111926
v 0.0629789 0.621181 -0.186548
v 0.03709 0.641234 -0.194234
v 0.0221373 0.644003 -0.201481
v -0.0672759 0.710937 -0.154499
v -0.0763785 0.711333 -0.12768
v -0.0127985 0.685416 -0.0769575
v -0.0479821 0.695475 -0.168734
v -0.0726513 0.725826 -0.142529
v -0.0712676 0.715378 -0.0932968
v 0.0746921 0.618762 -0.100975
v 0.328147 0.633943 0.0479233
v 0.222741 0.616723 0.0727868
v 0.20137 0.609844 0.0905175
v 0.214887 0.602488 0.13849
v 0.223623 0.598694 0.160587
v 0.247181 0.598147 0.183054
v 0.399595 0.635242 0.117447
v -0.00474978 0.670478 -0.196469
v 0.0596531 0.635717 -0.106048
v 0.241187 0.623661 0.0556968
v 0.213469 0.610914 0.0815536
v 0.196947 0.609202 0.123175
v 0.298103 0.617963 0.161325
v 0.405297 0.626855 0.10515
v 0.395366 0.628149 0.0871755
v 0.341227 0.648743 0.0477386
v -0.0265234 0.695098 -0.168215
v -0.0644193 0.721138 -0.150259
v -0.0758973 0.727529 -0.133778
v -0.0729445 0.714887 -0.117911
v 0.02294 0.666974 -0.0675801
v 0.0811382 0.621463 -0.105258
v 0.0775182 0.628344 -0.159798
v 0.337233 0.636833 0.0484949
v 0.192273 0.597356 0.11417
v 0.230582 0.601119 0.172247
v 0.286581 0.608634 0.175373
v 0.327926 0.614239 0.138158
v -0.0720064 0.726623 -0.107717
v 0.00598068 0.677465 -0.0649578
v 0.0151301 0.673688 -0.0633813
v 0.0905158 0.637871 -0.10163
v 0.246141 0.630636 0.0474465
v 0.210022 0.603591 0.132102
v 0.224393 0.606916 0.152829
v 0.243362 0.59817 0.182605
v 0.273224 0.605109 0.181383
v 0.391769 0.63513 0.125588
v -0.0640274 0.717338 -0.0878877
v -0.000788397 0.688406 -0.0686535
v 0.0525834 0.644344 -0.193874
v 0.215481 0.620541 0.0737223
v 0.386055 0.653135 0.0817402
v 0.0218021 0.656702 -0.203191
v -0.0457533 0.709568 -0.157518
v -0.0530159 0.726525 -0.149318
v 0.0699216 0.646363 -0.101348
v 0.0818857 0.63081 -0.122981
v 0.083583 0.634443 -0.142707
v 0.0861321 0.635634 -0.170131
v 0.0648962 0.639171 -0.190256
v 0.333919 0.653366 0.0431473
v 0.19509 0.602021 0.100987
v 0.212281 0.610754 0.136578
v 0.276216 0.611598 0.183892
v 0.358052 0.65529 0.0613461
v -0.00254886 0.68328 -0.187434
v 0.0166732 0.687179 -0.0620386
v 0.075042 0.628095 -0.186067
v 0.296691 0.641603 0.0396663
v 0.219338 0.610387 0.142127
v 0.246507 0.60567 0.18407
v 0.0368302 0.657961 -0.203144
v 0.0146475 0.682707 -0.191645
v -0.0701626 0.730604 -0.102008
v -0.0240655 0.702192 -0.0850697
v 0.0358781 0.675857 -0.0770469
v 0.069332 0.663716 -0.103
v 0.0927421 0.633479 -0.114576
v 0.0874127 0.637104 -0.135163
v 0.265695 0.638013 0.0404297
v 0.236554 0.61216 0.17269
v 0.375426 0.623658 0.131714
v -0.070191 0.742849 -0.132559
v -0.00931816 0.714204 -0.0808544
v 0.257403 0.632517 0.0421798
v 0.194811 0.615967 0.113226
v 0.316378 0.644682 0.0410897
v 0.230679 0.637264 0.0532207
v 0.213079 0.627407 0.0723124
v 0.198349 0.617526 0.129305
v 0.228764 0.619183 0.160057
v 0.253475 0.608441 0.188461
v 0.281957 0.61674 0.181783
v 0.402545 0.637775 0.112772
v 0.371381 0.652612 0.0705716
v 0.0472101 0.650077 -0.201194
v 0.0247402 0.677606 -0.195288
v -0.00906694 0.696698 -0.172219
v -0.0735722 0.736681 -0.12152
v 0.0577873 0.658991 -0.106718
v 0.0744865 0.640848 -0.0993657
v 0.0404226 0.690647 -0.0712074
v 0.050964 0.675513 -0.0999176
v 0.084777 0.635087 -0.154662
v 0.0737799 0.644073 -0.187189
v 0.230566 0.614146 0.165119
v 0.398859 0.646193 0.0949402
v 0.04023 0.669988 -0.19917
v -0.0342869 0.707973 -0.160762
v -0.0674004 0.732958 -0.142991
v -0.0525571 0.73032 -0.0942868
v 0.0275607 0.684465 -0.0643889
v 0.0634051 0.650819 -0.196442
v 0.200341 0.626667 0.0970239
v 0.222286 0.625438 0.151983
v 0.359593 0.640582 0.140382
v 0.0382684 0.665511 -0.0924394
v 0.101453 0.643524 -0.109952
v 0.100747 0.640823 -0.118231
v 0.0800791 0.644815 -0.183806
v 0.20599 0.627802 0.0816987
v 0.283724 0.631229 0.184048
v 0.312789 0.639391 0.154886
v 0.391205 0.654068 0.0865722
v -0.0190786 0.701135 -0.168051
v -0.0408296 0.729105 -0.152729
v -0.0614068 0.738936 -0.101038
v 0.0836504 0.642552 -0.0968881
v 0.0979711 0.6413 -0.128198
v 0.0969966 0.644653 -0.158643
v 0.0873859 0.6427 -0.173188
v 0.19571 0.620137 0.122842
v 0.233355 0.627365 0.16826
v 0.240326 0.628118 0.177317
v 0.321851 0.641309 0.150026
v 0.332415 0.671488 0.0427692
v -0.0555846 0.754719 -0.138135
v -0.0684962 0.751755 -0.122205
v -0.0663322 0.744561 -0.108187
v -0.0240277 0.717291 -0.0891109
v 0.0144855 0.703861 -0.0632255
v 0.0589408 0.694376 -0.0914732
v 0.101544 0.6524 -0.0995934
v 0.253204 0.651621 0.0379452
v 0.218977 0.643316 0.0613849
v 0.199018 0.629661 0.117603
v 0.401067 0.651024 0.103561
v -0.0415196 0.740191 -0.102591
v -0.0340693 0.726581 -0.0951868
v 0.0659896 0.658526 -0.196321
v 0.319189 0.675219 0.0379768
v 0.270813 0.656242 0.0376795
v 0.203761 0.638577 0.0940722
v 0.254208 0.625934 0.193423
v 0.379644 0.644873 0.135659
v -0.0151143 0.719944 -0.167155
v -0.0243763 0.720114 -0.164537
v 0.00254524 0.705777 -0.069334
v 0.0869827 0.680055 -0.0933409
v 0.0907693 0.649803 -0.0960641
v 0.308173 0.657072 0.039869
v 0.228359 0.65197 0.048659
v 0.22743 0.63393 0.15835
v 0.24512 0.622194 0.188093
v 0.398717 0.662129 0.120086
v 0.0243236 0.695942 -0.185239
v -0.0612846 0.76214 -0.122803
v 0.0639783 0.677031 -0.102223
v 0.105353 0.65042 -0.143966
v 0.233105 0.662929 0.043744
v 0.205248 0.634619 0.0835473
v 0.20756 0.65084 0.0812917
v 0.202544 0.63581 0.144172
v 0.34112 0.647657 0.146468
v 0.395554 0.653751 0.12476
v 0.0570247 0.66238 -0.199977
v -0.0605523 0.762722 -0.130054
v 0.0325505 0.699583 -0.0627611
v 0.073531 0.678148 -0.100765
v 0.103733 0.648236 -0.13511
v 0.107325 0.653489 -0.151187
v 0.214569 0.647813 0.0657301
v 0.206442 0.622612 0.14351
v 0.211305 0.629148 0.151088
v 0.27129 0.627444 0.191586
v 0.271006 0.641027 0.197988
v 0.0288462 0.698484 -0.061427
v 0.0852535 0.650505 -0.181609
v 0.199933 0.633524 0.128738
v 0.279291 0.640357 0.190821
v 0.398045 0.665943 0.0982134
v 0.0424919 0.68468 -0.193112
v 0.0159475 0.71068 -0.173806
v -0.0563168 0.760042 -0.116013
v -0.03482 0.747543 -0.104394
v -0.0156738 0.726206 -0.0871486
v -0.0295422 0.759177 -0.103204
v 0.0914719 0.670313 -0.092442
v 0.111469 0.649914 -0.116989
v 0.0897289 0.63929 -0.164982
v 0.0704624 0.665199 -0.19643
v 0.294702 0.638418 0.171153
v 0.402045 0.649065 0.109681
v 0.390845 0.676597 0.0883058
v 0.216348 0.648598 0.167137
v 0.0327752 0.702278 -0.180474
v 0.00236448 0.72947 -0.171239
v 0.101533 0.661765 -0.167971
v 0.0848498 0.66499 -0.185976
v 0.225309 0.675099 0.0459449
v 0.235561 0.637994 0.174595
v 0.247783 0.638476 0.189045
v 0.259437 0.640578 0.202366
v 0.377725 0.67001 0.0746462
v 0.0659823 0.684112 -0.196686
v -0.0140762 0.748894 -0.16424
v -0.025116 0.744839 -0.159342
v 0.0012105 0.733 -0.0744139
v 0.111351 0.651733 -0.125294
v 0.11065 0.654557 -0.139623
v 0.093838 0.662576 -0.178163
v 0.263797 0.671167 0.037381
v 0.206364 0.646904 0.104132
v 0.39215 0.674949 0.129633
v 0.353422 0.684484 0.0562427
v 0.343246 0.674064 0.0503503
v -0.0433886 0.759116 -0.113195
v 0.0641924 0.692696 -0.0966845
v 0.22168 0.664983 0.0511131
v 0.206421 0.656201 0.0918842
v 0.205857 0.653464 0.135054
v 0.099585 0.678579 -0.087811
v 0.114596 0.660301 -0.145867
v 0.282828 0.671648 0.0361453
v 0.204517 0.648921 0.150967
v 0.227199 0.661499 0.178822
v 0.291373 0.654028 0.17612
v 0.377934 0.661918 0.139091
v 0.399988 0.672456 0.110685
v -0.0049617 0.740943 -0.168891
v -0.044905 0.770439 -0.144057
v -0.0368732 0.762247 -0.110006
v 0.0258398 0.724844 -0.0596645
v 0.0324118 0.713479 -0.0589259
v 0.0442408 0.703887 -0.0653055
v 0.0552242 0.700826 -0.078089
v 0.129535 0.666803 -0.118552
v 0.121777 0.660452 -0.131623
v 0.10827 0.66107 -0.158467
v 0.241961 0.673329 0.0410019
v 0.0216118 0.729928 -0.0612577
v 0.0564611 0.731512 -0.0583985
v 0.10564 0.664113 -0.164244
v 0.299105 0.687859 0.032981
v 0.230243 0.680232 0.0432861
v 0.231734 0.651323 0.17536
v 0.243861 0.651117 0.195559
v 0.0561839 0.692398 -0.193163
v -0.0091558 0.743128 -0.0843737
v 0.10187 0.666096 -0.0936026
v 0.119302 0.656319 -0.121284
v 0.32607 0.69484 0.0409006
v 0.219532 0.66945 0.0548347
v 0.209784 0.666102 0.0849788
v 0.303222 0.657262 0.164934
v 0.38615 0.666329 0.1346
v 0.398239 0.687081 0.117264
v 0.0436522 0.709661 -0.183582
v -0.0526419 0.770977 -0.135656
v -0.0328535 0.780217 -0.120561
v 0.0716914 0.706612 -0.0900375
v 0.124743 0.664477 -0.112105
v 0.117954 0.659288 -0.138008
v 0.232126 0.690139 0.043894
v 0.205008 0.665326 0.106999
v 0.254466 0.650406 0.204424
v 0.278168 0.654249 0.195728
v 0.314394 0.672048 0.165482
v 0.386301 0.677025 0.0825542
v 0.0676861 0.694697 -0.192287
v 0.0704622 0.727116 -0.0640262
v 0.0750811 0.681602 -0.194131
v 0.304258 0.703521 0.0309452
v 0.221195 0.67823 0.0553436
v 0.265493 0.653863 0.204406
v 0.343845 0.664987 0.149739
v 0.390949 0.681974 0.0910124
v -0.0333723 0.770157 -0.111468
v 0.0886694 0.682353 -0.18482
v 0.262746 0.694977 0.0386303
v 0.239217 0.660064 0.195156
v 0.361697 0.681825 0.0626593
v 0.0306035 0.726902 -0.179615
v -0.0242184 0.769608 -0.097011
v -0.00670979 0.757529 -0.0827257
v 0.0150075 0.725422 -0.0642153
v 0.0539215 0.71708 -0.0625211
v 0.0803868 0.689063 -0.0971657
v 0.116255 0.667536 -0.152118
v 0.217465 0.670546 0.0627573
v 0.20803 0.676901 0.100027
v 0.208208 0.650234 0.162473
v 0.26829 0.667397 0.207472
v 0.392165 0.709872 0.106729
v 0.376042 0.72121 0.0726507
v -0.0320808 0.778584 -0.150845
v -0.0239266 0.789229 -0.12077
v 0.00618648 0.745428 -0.0715115
v 0.0345307 0.72712 -0.0582682
v 0.0953218 0.674581 -0.17975
v 0.223711 0.689067 0.0469085
v 0.217052 0.684118 0.0895686
v 0.230249 0.670554 0.186649
v 0.296098 0.675628 0.177478
v 0.377968 0.694745 0.0744627
v 0.0565064 0.707427 -0.187711
v -0.0352112 0.78894 -0.142514
v 0.0834059 0.714034 -0.0900974
v 0.205057 0.677375 0.110166
v 0.206384 0.662547 0.153887
v 0.365645 0.666379 0.145648
v -0.0479182 0.777216 -0.126262
v 0.0702886 0.715197 -0.0776205
v 0.0909659 0.702662 -0.0899233
v 0.220865 0.685456 0.055635
v 0.20566 0.660601 0.125175
v 0.38337 0.691443 0.138855
v 0.34413 0.699074 0.0508587
v 0.0238255 0.742122 -0.175659
v -0.0188709 0.784099 -0.0983083
v 0.115381 0.676901 -0.162763
v 0.10577 0.676446 -0.171576
v 0.0830676 0.689599 -0.192612
v 0.244419 0.705675 0.0439784
v 0.270951 0.672622 0.205548
v 0.282682 0.669104 0.188211
v 0.392007 0.714363 0.122018
v 0.364681 0.708187 0.064587
v 0.00702328 0.752424 -0.169476
v -0.0136733 0.767928 -0.160218
v 0.130022 0.669082 -0.1381
v 0.127436 0.66988 -0.145406
v 0.219396 0.69211 0.0819321
v 0.219388 0.684147 0.0798514
v 0.393415 0.700778 0.104375
v 0.295105 0.699649 0.0305522
v 0.210745 0.659443 0.17037
v 0.2437 0.682217 0.207348
v 0.330079 0.701389 0.16175
v 0.396526 0.683775 0.123476
v 0.387923 0.72261 0.0853332
v 0.314194 0.705289 0.0360153
v 0.133657 0.671163 -0.128518
v 0.13242 0.677091 -0.14671
v 0.119686 0.673622 -0.153296
v 0.0799259 0.704979 -0.191268
v 0.061158 0.723639 -0.185565
v 0.00554764 0.771576 -0.0751843
v 0.0267127 0.755791 -0.0616867
v 0.130712 0.681693 -0.151627
v 0.108895 0.687838 -0.17347
v 0.0947613 0.692408 -0.184182
v 0.089389 0.710261 -0.189727
v 0.276155 0.693372 0.0359544
v 0.345524 0.711035 0.0553053
v 0.118303 0.681879 -0.0914413
v 0.118069 0.685587 -0.164456
v 0.216873 0.696758 0.0609238
v 0.239013 0.67929 0.203308
v 0.281671 0.693944 0.197313
v 0.390316 0.688396 0.131881
v -0.0177055 0.785214 -0.155665
v -0.0257316 0.796304 -0.136562
v 0.0468975 0.759291 -0.0555683
v 0.0564356 0.751297 -0.054698
v 0.0810235 0.718487 -0.0862313
v 0.101186 0.706328 -0.0839406
v 0.14257 0.681201 -0.13621
v 0.100543 0.68917 -0.180076
v 0.214493 0.706779 0.0558639
v 0.201929 0.678716 0.139351
v 0.203554 0.679565 0.162674
v 0.212463 0.673228 0.176832
v 0.25853 0.670605 0.210565
v 0.389804 0.731872 0.0903042
v 0.322915 0.714448 0.0434992
v 0.0762276 0.717185 -0.190111
v -0.0179544 0.805611 -0.117651
v 0.0656435 0.729754 -0.0606209
v 0.121134 0.703746 -0.0804718
v 0.120085 0.67482 -0.0967411
v 0.225221 0.724891 0.050342
v 0.391927 0.712111 0.0971898
v 0.308163 0.721806 0.0341883
v 0.042219 0.732145 -0.180551
v 0.0957153 0.713277 -0.087452
v 0.109422 0.694654 -0.0822902
v 0.122603 0.672098 -0.101466
v 0.128476 0.671831 -0.107692
v 0.218726 0.66847 0.179477
v 0.33882 0.722274 0.0561884
v 0.00224776 0.775089 -0.16228
v -0.013071 0.797493 -0.15638
v -0.0211755 0.801636 -0.135209
v 0.270974 0.704983 0.0358427
v 0.214145 0.700508 0.106549
v 0.259047 0.686291 0.214458
v 0.307943 0.690146 0.175062
v 0.368862 0.690466 0.147839
v 0.381626 0.719506 0.0772931
v 0.122565 0.680603 -0.15807
v 0.129232 0.696467 -0.162373
v 0.110441 0.69976 -0.176432
v 0.204855 0.696132 0.13923
v 0.383835 0.71591 0.135156
v 0.295644 0.723693 0.0265236
v 0.0914029 0.720852 -0.189584
v 0.215263 0.693938 0.10847
v 0.202825 0.677533 0.124404
v 0.364105 0.714788 0.151196
v 0.0318882 0.761891 -0.170854
v 0.0302988 0.776554 -0.169176
v -0.0168477 0.811554 -0.142136
v 0.132765 0.69557 -0.091894
v 0.148379 0.685542 -0.124251
v 0.137644 0.691695 -0.151797
v 0.218003 0.696237 0.0777294
v 0.20166 0.696079 0.169905
v 0.390606 0.722955 0.106741
v -0.0234454 0.798019 -0.150032
v 0.224196 0.700457 0.0472682
v 0.21789 0.724481 0.0525113
v 0.207833 0.712938 0.0670903
v 0.271621 0.696785 0.209169
v 0.0751576 0.733893 -0.186523
v -0.0114521 0.802781 -0.100499
v 0.0913732 0.729356 -0.0832756
v 0.11716 0.71355 -0.177646
v 0.0993755 0.721626 -0.186326
v 0.316456 0.729418 0.0460651
v 0.287777 0.736598 0.0247647
v 0.276483 0.727298 0.0266933
v 0.210368 0.696382 0.182941
v 0.371228 0.732794 0.0713415
v 0.0747058 0.762819 -0.0534135
v 0.0944863 0.735128 -0.0805004
v 0.140515 0.681607 -0.14281
v 0.330554 0.735674 0.0595145
v 0.206449 0.712096 0.096961
v 0.208632 0.707902 0.138832
v 0.379397 0.745728 0.0774043
v 0.0819391 0.73878 -0.186922
v -0.00110266 0.820715 -0.0980753
v 0.146643 0.695349 -0.103814
v 0.150351 0.691756 -0.112419
v 0.145494 0.683036 -0.118146
v 0.132493 0.701241 -0.161807
v 0.120066 0.702796 -0.171221
v 0.25739 0.726152 0.0413303
v 0.201757 0.700988 0.153175
v 0.320733 0.69857 0.166664
v 0.382758 0.753948 0.0820367
v 0.0913805 0.732517 -0.188108
v 0.038904 0.79 -0.171773
v 0.0815126 0.748354 -0.056987
v 0.0847366 0.739438 -0.0634352
v 0.104287 0.705754 -0.0824294
v 0.118494 0.714612 -0.0758114
v 0.150384 0.688745 -0.137277
v 0.372132 0.752012 0.0742372
v 0.209751 0.700884 0.132915
v 0.353541 0.698045 0.1538
v -0.0131773 0.812997 -0.119903
v -0.00471705 0.78648 -0.0838854
v 0.148611 0.691296 -0.144806
v 0.358488 0.737407 0.0683641
v 0.257495 0.744102 0.0393738
v 0.205031 0.711822 0.184941
v 0.227881 0.692571 0.194732
v 0.0248949 0.782311 -0.0658869
v 0.0530041 0.756409 -0.0543626
v 0.109368 0.729642 -0.0803103
v 0.131708 0.721139 -0.0747134
v 0.136251 0.6993 -0.157524
v 0.317907 0.748963 0.054051
v 0.300651 0.735157 0.0305382
v 0.0609132 0.756698 -0.175701
v 0.0345746 0.771485 -0.0594218
v 0.0435446 0.770838 -0.0565273
v 0.13905 0.721256 -0.0796475
v 0.128119 0.708085 -0.167416
v 0.327992 0.7465 0.0615342
v 0.308175 0.746911 0.0431988
v 0.272424 0.742332 0.0263812
v 0.202136 0.731633 0.0660095
v 0.200112 0.700185 0.164905
v 0.272772 0.711099 0.209332
v 0.390754 0.735304 0.0968234
v 0.154945 0.692718 -0.129731
v 0.240329 0.736362 0.0482933
v 0.208137 0.711513 0.130064
v 0.294129 0.701203 0.190571
v -0.00371823 0.809882 -0.158458
v 0.143728 0.7025 -0.0951314
v 0.157766 0.698053 -0.120128
v -0.01242 0.811055 -0.15124
v 0.0680752 0.773513 -0.0513719
v 0.156171 0.69799 -0.142832
v 0.129765 0.715992 -0.170828
v 0.11057 0.737938 -0.184923
v 0.312465 0.757457 0.046448
v 0.250503 0.71091 0.218419
v 0.346639 0.723804 0.160879
v 0.38183 0.743731 0.116791
v 0.216106 0.702478 0.189541
v 0.237236 0.702877 0.2097
v 0.37936 0.75419 0.118468
v 0.00805986 0.804737 -0.0826446
v 0.123317 0.719777 -0.0740521
v 0.153518 0.706095 -0.155012
v 0.127838 0.726921 -0.17621
v 0.116123 0.726584 -0.183665
v 0.249811 0.753548 0.0444186
v 0.212626 0.721639 0.05554
v 0.198035 0.728669 0.080948
v 0.20053 0.722836 0.086202
v 0.20368 0.722942 0.145516
v 0.384871 0.767052 0.0875793
v -0.00439984 0.823141 -0.129648
v 0.0917836 0.757758 -0.0567705
v 0.18226 0.727682 -0.12338
v 0.172429 0.715006 -0.130289
v 0.33697 0.758182 0.0699808
v 0.281567 0.748896 0.0230445
v 0.265435 0.743003 0.0317013
v 0.204123 0.71768 0.156708
v 0.224203 0.723814 0.201583
v 0.31998 0.72028 0.170146
v -0.00413252 0.821871 -0.108775
v 0.0242302 0.799525 -0.0700265
v 0.0622553 0.790479 -0.0517371
v 0.121544 0.747744 -0.0728771
v 0.160541 0.715746 -0.0992806
v 0.139779 0.708096 -0.161833
v 0.367759 0.768772 0.0760063
v 0.242358 0.747883 0.0488964
v 0.248356 0.703322 0.21676
v 0.26276 0.702401 0.217042
v 0.386588 0.758879 0.101435
v 0.0832978 0.748541 -0.183715
v 0.00363634 0.827996 -0.15539
v -0.00218703 0.826238 -0.144679
v 0.10421 0.753493 -0.0665043
v 0.115447 0.747613 -0.0741241
v 0.162109 0.709942 -0.106917
v 0.170879 0.712791 -0.127201
v 0.295079 0.746877 0.0282217
v 0.284906 0.75921 0.0238518
v 0.193364 0.737459 0.107078
v 0.200913 0.719936 0.169513
v 0.200961 0.718354 0.179171
v 0.268632 0.716111 0.213948
v 0.0110109 0.824138 -0.162531
v 0.168066 0.710125 -0.133728
v 0.322406 0.773177 0.0504
v 0.210451 0.726134 0.193554
v 0.27423 0.729622 0.211604
v 0.303629 0.718508 0.183565
v 0.373809 0.743922 0.134421
v 0.384274 0.764922 0.102835
v 0.00666806 0.803817 -0.163269
v 0.0244875 0.82153 -0.167933
v 0.0428981 0.792446 -0.0579415
v 0.142434 0.743967 -0.0656754
v 0.145624 0.726607 -0.168145
v 0.330446 0.766441 0.0639661
v 0.219871 0.75557 0.0557987
v 0.197064 0.730071 0.115394
v 0.2045 0.730199 0.189423
v 0.365708 0.72747 0.148837
v 0.371506 0.760403 0.129813
v 0.10086 0.750354 -0.185972
v 0.0786261 0.778079 -0.179609
v 0.0631784 0.793522 -0.17719
v 0.0434212 0.80956 -0.173796
v 0.00162968 0.8308 -0.104669
v 0.133971 0.729373 -0.0708108
v 0.148497 0.714534 -0.0906557
v 0.309657 0.77004 0.0424405
v 0.26835 0.762171 0.0237425
v 0.374837 0.767736 0.116575
v 0.374725 0.784512 0.0799484
v 0.0983863 0.765097 -0.185726
v 0.0613518 0.777985 -0.052071
v 0.195876 0.734087 0.133421
v 0.256399 0.721905 0.219304
v 0.117034 0.77782 -0.187469
v 0.0581659 0.824814 -0.177936
v 0.151239 0.745216 -0.0700373
v 0.161785 0.71086 -0.149483
v 0.141133 0.732106 -0.172881
v 0.123515 0.743 -0.181298
v 0.302104 0.763722 0.0378524
v 0.287944 0.774122 0.0276859
v 0.250203 0.768835 0.0415806
v 0.201105 0.730799 0.163842
v 0.161467 0.705593 -0.112707
v 0.286236 0.742683 0.202051
v 0.319746 0.74625 0.176952
v 0.380862 0.772482 0.0995596
v 0.345252 0.767527 0.0744112
v 0.0167985 0.848919 -0.155859
v 0.00385999 0.838164 -0.147273
v 0.026134 0.82336 -0.078039
v 0.0375333 0.802432 -0.0619906
v 0.126522 0.767427 -0.0640088
v 0.273816 0.775142 0.0209938
v 0.190156 0.751522 0.0775225
v 0.187964 0.749433 0.0910717
v 0.199207 0.735029 0.1762
v 0.237261 0.727997 0.217299
v 0.263387 0.72812 0.219058
v 0.291607 0.754116 0.194084
v 0.338498 0.748006 0.167348
v 0.385528 0.768145 0.0942976
v 0.0545253 0.803676 -0.0543339
v 0.0890018 0.78279 -0.0490379
v 0.120663 0.757168 -0.0690581
v 0.147112 0.754023 -0.062065
v 0.17428 0.721178 -0.132597
v 0.156994 0.718013 -0.162884
v 0.233942 0.720482 0.211992
v 0.380868 0.7835 0.0842614
v 0.314131 0.782613 0.0420102
v 0.152979 0.733062 -0.082197
v 0.169735 0.736326 -0.0908861
v 0.166344 0.715022 -0.141099
v 0.167482 0.72937 -0.159927
v 0.152417 0.74743 -0.175658
v 0.127232 0.76696 -0.187279
v 0.256544 0.779976 0.0305751
v 0.200717 0.749116 0.0639459
v 0.355195 0.761292 0.149355
v 0.106805 0.785896 -0.0483923
v 0.134302 0.765522 -0.064683
v 0.186495 0.738291 -0.107549
v 0.263029 0.749816 0.220596
v 0.344959 0.756433 0.161691
v 0.133501 0.746406 -0.0679986
v 0.161383 0.737025 -0.0851572
v 0.186846 0.741615 -0.102063
v 0.299984 0.781996 0.0370087
v 0.300079 0.746063 0.187104
v 0.378328 0.786876 0.0907222
v 0.113777 0.769215 -0.0578001
v 0.192256 0.744121 0.146791
v 0.24663 0.747651 0.222778
v 0.28413 0.732579 0.205087
v 0.348161 0.78042 0.147183
v 0.364194 0.783332 0.109031
v 0.325985 0.784725 0.0525059
v 0.0315738 0.846946 -0.165959
v 0.00468566 0.842129 -0.119547
v 0.0133074 0.850672 -0.107647
v 0.0145277 0.840321 -0.0946541
v 0.104284 0.77352 -0.0529673
v 0.210158 0.750486 0.0584228
v 0.186954 0.754689 0.0831469
v 0.183741 0.761831 0.122106
v 0.363787 0.78939 0.079679
v 0.340795 0.786422 0.0754694
v 0.00858448 0.847783 -0.13731
v 0.166658 0.740185 -0.167568
v 0.230172 0.769804 0.0541972
v 0.210579 0.74443 0.19822
v 0.0475383 0.83399 -0.174237
v 0.0525737 0.823674 -0.0578495
v 0.179753 0.726423 -0.116067
v 0.151047 0.735257 -0.170396
v 0.133349 0.757845 -0.183957
v 0.190156 0.747034 0.134349
v 0.199907 0.736796 0.183834
v 0.32837 0.768994 0.174522
v 0.368748 0.791231 0.0999458
v 0.0697298 0.820536 -0.0502518
v 0.16918 0.726466 -0.149381
v 0.278786 0.792629 0.0242074
v 0.191049 0.759775 0.0713815
v 0.202983 0.759509 0.195727
v 0.232761 0.755558 0.221585
v 0.0888151 0.78635 -0.182577
v 0.294789 0.811073 0.0306829
v 0.192645 0.746847 0.163193
v 0.285036 0.771952 0.199553
v 0.333661 0.787084 0.0680853
v 0.191033 0.740146 -0.125908
v 0.187471 0.73919 -0.130453
v 0.268977 0.784382 0.0214188
v 0.192438 0.775883 0.0693638
v 0.194948 0.745978 0.174264
v 0.198603 0.758083 0.189838
v 0.227668 0.748827 0.216935
v 0.312256 0.776012 0.185316
v 0.35771 0.781409 0.127916
v 0.377198 0.796094 0.0859301
v 0.350646 0.793388 0.079937
v 0.324123 0.808628 0.0494203
v 0.036184 0.826692 -0.0699983
v 0.178987 0.735037 -0.13396
v 0.176145 0.737302 -0.138297
v 0.176706 0.743261 -0.143659
v 0.249381 0.780856 0.0389698
v 0.239434 0.78465 0.04816
v 0.237944 0.776443 0.0503321
v 0.179067 0.77212 0.0846807
v 0.349954 0.799612 0.116632
v 0.0709508 0.818326 -0.181598
v 0.0237002 0.867763 -0.137092
v 0.0267194 0.836658 -0.0848028
v 0.0372647 0.815319 -0.0651713
v 0.0480541 0.830045 -0.0619647
v 0.100611 0.802643 -0.0436834
v 0.106893 0.796531 -0.0448303
v 0.184347 0.749978 -0.0890797
v 0.18497 0.766138 0.156796
v 0.256179 0.742681 0.222584
v 0.330662 0.787149 0.167693
v 0.128054 0.789853 -0.190775
v 0.0411874 0.843141 -0.170907
v 0.177973 0.752523 -0.0827311
v 0.160328 0.765078 -0.184194
v 0.259396 0.796174 0.0233026
v 0.197416 0.779427 0.067401
v 0.184389 0.782579 0.0750178
v 0.227986 0.764837 0.223063
v 0.298683 0.762239 0.189679
v 0.341994 0.793965 0.143816
v 0.311112 0.809825 0.0356549
v 0.0318691 0.854596 -0.161487
v 0.0145768 0.857501 -0.125152
v 0.0312439 0.855695 -0.0956759
v 0.117375 0.780853 -0.0511896
v 0.126436 0.784759 -0.0505477
v 0.157262 0.760246 -0.0620084
v 0.186027 0.743401 -0.132865
v 0.161208 0.748992 -0.17309
v 0.147221 0.771348 -0.189091
v 0.318537 0.801949 0.041514
v 0.140208 0.773812 -0.0599015
v 0.189907 0.739186 -0.113412
v 0.174238 0.74371 -0.16178
v 0.179098 0.779703 0.0808403
v 0.343752 0.805665 0.0809171
v 0.222866 0.797169 0.0588805
v 0.21358 0.778085 0.0609217
v 0.183196 0.764704 0.138829
v 0.210901 0.782753 0.216058
v 0.219058 0.770985 0.218954
v 0.241236 0.772134 0.229536
v 0.350599 0.811982 0.114652
v 0.22671 0.802787 0.0556664
v 0.373994 0.809212 0.0952324
v 0.0372068 0.860378 -0.0949917
v 0.0421431 0.846271 -0.0739135
v 0.182967 0.741532 -0.0973459
v 0.185727 0.754801 -0.135819
v 0.306646 0.817489 0.0329261
v 0.267972 0.80407 0.0205973
v 0.172372 0.780977 0.0980074
v 0.274077 0.770374 0.211458
v 0.345437 0.831334 0.0877262
v 0.112802 0.801114 -0.189043
v 0.152216 0.769834 -0.0573722
v 0.265389 0.825269 0.0200942
v 0.178997 0.772246 0.117747
v 0.285909 0.791465 0.198508
v 0.0431361 0.871816 -0.154205
v 0.0361239 0.871138 -0.118066
v 0.123796 0.802799 -0.041879
v 0.181032 0.75588 -0.145998
v 0.17193 0.774514 -0.181297
v 0.274611 0.806764 0.0223757
v 0.252829 0.799955 0.0286174
v 0.176147 0.774525 0.0906965
v 0.367992 0.809736 0.104382
v 0.316272 0.83873 0.0372981
v 0.116754 0.819308 -0.193671
v 0.0542137 0.866829 -0.167025
v 0.0810231 0.827696 -0.0468216
v 0.087876 0.80329 -0.0454991
v 0.198925 0.748285 -0.118401
v 0.286477 0.806017 0.0278275
v 0.180072 0.782078 0.162187
v 0.190016 0.772077 0.180661
v 0.313799 0.793236 0.183
v 0.35768 0.833625 0.116878
v 0.35645 0.824543 0.0879393
v 0.0350638 0.865288 -0.106246
v 0.0504411 0.850005 -0.0669002
v 0.0672404 0.842366 -0.0537933
v 0.193109 0.76255 -0.0852529
v 0.233544 0.80783 0.0481485
v 0.178051 0.770437 0.103192
v 0.192547 0.788204 0.197093
v 0.255678 0.767923 0.225801
v 0.298181 0.803728 0.192315
v 0.370139 0.810447 0.0869403
v 0.327596 0.840574 0.0719925
v 0.162727 0.784945 -0.0504083
v 0.205446 0.758672 -0.126902
v 0.305056 0.841819 0.0317239
v 0.329945 0.819295 0.070905
v 0.322652 0.837693 0.047753
v 0.0907955 0.816352 -0.186118
v 0.0609412 0.850697 -0.176533
v 0.0583136 0.855475 -0.063102
v 0.14629 0.785279 -0.0541988
v 0.163758 0.775168 -0.0550232
v 0.178536 0.767129 -0.0718655
v 0.282191 0.830452 0.0274282
v 0.173948 0.787945 0.133272
v 0.166854 0.760127 -0.069131
v 0.215412 0.768094 -0.120156
v 0.146877 0.786418 -0.19265
v 0.212925 0.816598 0.0640312
v 0.338435 0.820358 0.123118
v 0.209598 0.759723 -0.111547
v 0.188647 0.794394 0.0741121
v 0.26114 0.790883 0.218348
v 0.343437 0.802269 0.126281
v 0.334645 0.839412 0.124976
v 0.14017 0.80638 -0.198893
v 0.0869952 0.844681 -0.18621
v 0.0337167 0.870756 -0.144647
v 0.184563 0.762134 -0.0801876
v 0.198568 0.763246 -0.134879
v 0.168863 0.760106 -0.174005
v 0.156814 0.783186 -0.191058
v 0.172444 0.798443 0.0841957
v 0.224952 0.781912 0.227439
v 0.117911 0.818999 -0.0364775
v 0.194209 0.780868 -0.0689694
v 0.18539 0.766873 -0.149512
v 0.257514 0.821204 0.0206527
v 0.243474 0.821665 0.0321295
v 0.326474 0.785535 0.173354
v 0.361214 0.853113 0.118482
v 0.334287 0.832458 0.0815179
v 0.326038 0.848676 0.0597015
v 0.0467055 0.863442 -0.079623
v 0.202001 0.757854 -0.130732
v 0.248715 0.833528 0.0243433
v 0.208632 0.802375 0.0670817
v 0.198505 0.791451 0.206346
v 0.278685 0.792204 0.202812
v 0.330329 0.80148 0.157995
v 0.332838 0.820509 0.12969
v 0.368075 0.829288 0.0958249
v 0.0403188 0.87103 -0.107487
v 0.076779 0.847166 -0.0528834
v 0.0922519 0.829793 -0.0440255
v 0.17585 0.78951 0.154715
v 0.248318 0.790109 0.226796
v 0.0603418 0.859847 -0.173567
v 0.0398707 0.874992 -0.133144
v 0.178905 0.765785 -0.16619
v 0.157084 0.793915 -0.197532
v 0.220463 0.822166 0.0565186
v 0.163895 0.799708 0.0961615
v 0.351327 0.853046 0.125431
v 0.367885 0.835629 0.105923
v 0.338874 0.834235 0.0857083
v 0.141615 0.802065 -0.0415473
v 0.163481 0.799797 -0.0431589
v 0.182189 0.778683 -0.0619874
v 0.18272 0.764639 -0.157056
v 0.267313 0.83935 0.0211091
v 0.262341 0.817325 0.21202
v 0.0729425 0.8519 -0.180811
v 0.0588114 0.864982 -0.0680894
v 0.206644 0.766658 -0.0917389
v 0.20472 0.754939 -0.109722
v 0.189384 0.772937 -0.147385
v 0.22936 0.821575 0.047843
v 0.200475 0.822599 0.0714357
v 0.170308 0.790776 0.12049
v 0.329958 0.854133 0.0814694
v 0.115022 0.829344 -0.194899
v 0.0871436 0.856417 -0.185447
v 0.118594 0.838744 -0.0342254
v 0.221219 0.773523 -0.10523
v 0.173348 0.797314 -0.194641
v 0.30759 0.856055 0.0331468
v 0.239326 0.837414 0.0310097
v 0.178732 0.802862 0.0799068
v 0.169099 0.79903 0.130008
v 0.183149 0.792778 0.18517
v 0.220532 0.797316 0.228445
v 0.111726 0.840222 -0.194649
v 0.223574 0.777139 -0.0984538
v 0.15315 0.810498 -0.202673
v 0.285356 0.850273 0.0293211
v 0.0538788 0.877573 -0.145134
v 0.146614 0.816728 -0.0352823
v 0.192048 0.772224 -0.142846
v 0.188169 0.787168 -0.17244
v 0.260219 0.83771 0.0199551
v 0.163641 0.797903 0.104947
v 0.297304 0.81959 0.191042
v 0.32774 0.860357 0.131282
v 0.352369 0.854904 0.0989732
v 0.171009 0.809316 -0.200223
v 0.310115 0.843829 0.153414
v 0.323787 0.857986 0.0470795
v 0.316245 0.86625 0.0391274
v 0.0542899 0.871732 -0.0808769
v 0.0659751 0.860171 -0.0610079
v 0.0796279 0.85584 -0.0553303
v 0.0934173 0.837162 -0.0445747
v 0.103642 0.822032 -0.0394119
v 0.151258 0.806204 -0.0383921
v 0.215468 0.796295 0.226242
v 0.34206 0.865408 0.0995003
v 0.0482106 0.87324 -0.0965838
v 0.21521 0.778603 -0.138175
v 0.199471 0.777454 -0.142743
v 0.228251 0.835439 0.0436167
v 0.166131 0.813741 0.139815
v 0.215058 0.809891 0.22917
v 0.249195 0.816776 0.223066
v 0.307168 0.819909 0.180437
v 0.31284 0.820436 0.171518
v 0.358782 0.860978 0.106646
v 0.332682 0.872483 0.088454
v 0.126758 0.833213 -0.0325404
v 0.173327 0.794322 -0.0447274
v 0.190664 0.783761 -0.159439
v 0.166956 0.81141 0.0869754
v 0.155741 0.811418 0.11014
v 0.178697 0.790812 0.171596
v 0.172571 0.812579 0.177016
v 0.189705 0.805603 0.205172
v 0.201417 0.801684 0.215752
v 0.198181 0.81881 0.222041
v 0.074476 0.867159 -0.17627
v 0.0685666 0.871804 -0.0673023
v 0.16807 0.805053 -0.0402196
v 0.172679 0.777145 -0.0577776
v 0.181717 0.789567 -0.183894
v 0.170574 0.811484 0.163964
v 0.186739 0.795651 0.19401
v 0.358342 0.874721 0.121775
v 0.329351 0.868884 0.0613636
v 0.149067 0.821155 -0.205828
v 0.210068 0.780054 -0.142181
v 0.163887 0.806267 0.0911515
v 0.240024 0.810415 0.228665
v 0.31984 0.824862 0.154705
v 0.0630896 0.877388 -0.155367
v 0.135038 0.82707 -0.0325658
v 0.23463 0.851096 0.0316776
v 0.234131 0.822788 0.23091
v 0.273635 0.823046 0.202864
v 0.0630364 0.875245 -0.0771661
v 0.164304 0.815561 -0.0322556
v 0.215786 0.782494 -0.0790703
v 0.223979 0.782441 -0.0850494
v 0.22047 0.779103 -0.132367
v 0.200657 0.788412 -0.149209
v 0.298607 0.872874 0.0323749
v 0.279422 0.871564 0.0283732
v 0.250714 0.858646 0.0205109
v 0.261422 0.840766 0.208882
v 0.349573 0.879796 0.113967
v 0.33613 0.8921 0.0855235
v 0.0588608 0.875735 -0.101866
v 0.238289 0.79764 -0.124814
v 0.273421 0.857816 0.0252188
v 0.182617 0.835949 0.0808765
v 0.156692 0.829312 0.0938265
v 0.355353 0.868455 0.127286
v 0.336958 0.870501 0.0975498
v 0.141249 0.827947 -0.204318
v 0.0489903 0.87833 -0.124986
v 0.0977869 0.8493 -0.0463735
v 0.213354 0.767613 -0.0980415
v 0.197145 0.793857 -0.156083
v 0.194279 0.797289 -0.165692
v 0.189985 0.802401 -0.182745
v 0.246155 0.833149 0.22287
v 0.285706 0.83117 0.197216
v 0.31795 0.860678 0.136061
v 0.340278 0.889363 0.107916
v 0.0657423 0.879817 -0.146612
v 0.0687677 0.87649 -0.0941234
v 0.182003 0.803627 -0.0386703
v 0.221892 0.777565 -0.123787
v 0.213807 0.795088 -0.150188
v 0.261152 0.865381 0.0212747
v 0.148103 0.821958 0.112871
v 0.108353 0.853044 -0.193502
v 0.0619635 0.873639 -0.162688
v 0.20013 0.792073 -0.0564506
v 0.22706 0.790392 -0.0744874
v 0.228668 0.783629 -0.114263
v 0.220412 0.794911 -0.146545
v 0.239842 0.856939 0.0261872
v 0.192834 0.815327 0.215863
v 0.286117 0.859944 0.183376
v 0.341088 0.873885 0.13612
v 0.328059 0.882632 0.0557455
v 0.0702875 0.876229 -0.104087
v 0.208903 0.785082 -0.073418
v 0.18392 0.809703 0.0781068
v 0.314309 0.853991 0.14075
v 0.347949 0.875779 0.134716
v 0.349118 0.893596 0.121644
v 0.103548 0.866307 -0.191578
v 0.115417 0.845918 -0.0366222
v 0.195979 0.797434 -0.0475241
v 0.228179 0.880578 0.0302536
v 0.141358 0.840834 -0.205187
v 0.202262 0.807516 -0.0384411
v 0.178467 0.788459 -0.049563
v 0.200838 0.806097 -0.163063
v 0.171995 0.817427 -0.204314
v 0.168412 0.820223 0.0863059
v 0.15432 0.820745 0.0977026
v 0.161485 0.813909 0.129536
v 0.185496 0.823118 0.21127
v 0.190841 0.828663 0.220375
v 0.209918 0.825031 0.229806
v 0.348187 0.895486 0.138701
v 0.353339 0.888909 0.12937
v 0.336832 0.905471 0.0803224
v 0.160579 0.832374 -0.211462
v 0.195685 0.808376 -0.0355615
v 0.179437 0.810741 -0.196758
v 0.309794 0.891964 0.0404234
v 0.274337 0.895183 0.0288552
v 0.212631 0.838371 0.0598297
v 0.151675 0.818706 0.119312
v 0.179417 0.82496 0.20409
v 0.223218 0.8305 0.231801
v 0.340123 0.892893 0.143992
v 0.321001 0.87318 0.0439405
v 0.121412 0.855374 -0.199647
v 0.095018 0.867587 -0.186581
v 0.0893707 0.861896 -0.0564075
v 0.130896 0.839518 -0.0304771
v 0.189016 0.809622 -0.0336004
v 0.243399 0.797126 -0.0988906
v 0.24893 0.808913 -0.115105
v 0.162904 0.82303 -0.208266
v 0.218671 0.864191 0.042262
v 0.15536 0.842864 0.0939779
v 0.170701 0.826357 0.186624
v 0.176891 0.814222 0.191928
v 0.196257 0.836119 0.227861
v 0.294427 0.873384 0.158241
v 0.319121 0.87822 0.139376
v 0.350169 0.903331 0.134565
v 0.241226 0.79818 -0.0793019
v 0.248565 0.883751 0.0217736
v 0.240792 0.878911 0.0240732
v 0.222237 0.871526 0.0364499
v 0.202775 0.838594 0.0687258
v 0.146407 0.827134 0.107777
v 0.285926 0.845378 0.193531
v 0.297797 0.863378 0.159359
v 0.0890334 0.881958 -0.150653
v 0.14355 0.839782 -0.0279731
v 0.236591 0.797729 -0.130793
v 0.205464 0.803991 -0.1575
v 0.200621 0.858526 0.0658844
v 0.34034 0.905028 0.0945539
v 0.112671 0.864483 -0.197278
v 0.083156 0.872763 -0.175482
v 0.0685362 0.875796 -0.0734328
v 0.243554 0.798376 -0.0843316
v 0.24619 0.799874 -0.0896314
v 0.291927 0.897019 0.0342399
v 0.15683 0.835322 0.140957
v 0.308598 0.876731 0.143147
v 0.0706672 0.878152 -0.116957
v 0.178745 0.818377 -0.0294159
v 0.205728 0.820364 -0.168912
v 0.182881 0.819416 -0.202935
v 0.305447 0.917943 0.0435699
v 0.163086 0.843907 0.0902614
v 0.143276 0.837334 0.105095
v 0.277609 0.846033 0.201239
v 0.230158 0.79819 -0.065201
v 0.216375 0.804749 -0.1553
v 0.257136 0.881666 0.0223204
v 0.157349 0.848469 0.158181
v 0.25488 0.847313 0.213154
v 0.286163 0.853175 0.188988
v 0.328564 0.896267 0.148222
v 0.344126 0.908648 0.112023
v 0.342027 0.918051 0.111692
v 0.332494 0.916643 0.0739171
v 0.329756 0.910143 0.0640593
v 0.0683132 0.878102 -0.0809964
v 0.124188 0.853107 -0.0325332
v 0.247461 0.808595 -0.0711063
v 0.269208 0.827997 -0.0822667
v 0.198787 0.812842 -0.174861
v 0.164693 0.830045 0.162043
v 0.20148 0.842464 0.232082
v 0.236237 0.8394 0.228826
v 0.205459 0.861847 0.0588505
v 0.189601 0.844617 0.0771298
v 0.225794 0.840247 0.230872
v 0.247684 0.859089 0.218463
v 0.333227 0.921419 0.0931503
v 0.144473 0.853115 -0.209202
v 0.0740809 0.880897 -0.136122
v 0.079975 0.877954 -0.106406
v 0.0818775 0.869862 -0.0638934
v 0.238629 0.854987 0.226409
v 0.336669 0.921912 0.149463
v 0.324243 0.92204 0.0584162
v 0.0898503 0.876726 -0.173549
v 0.113587 0.855217 -0.0410456
v 0.131278 0.850139 -0.0293454
v 0.220354 0.811027 -0.0413278
v 0.19139 0.813596 -0.189293
v 0.348442 0.910514 0.124786
v 0.328775 0.924889 0.0771582
v 0.175707 0.830569 -0.0234299
v 0.222604 0.821061 -0.163642
v 0.158558 0.851865 0.0921511
v 0.146706 0.835723 0.131155
v 0.216102 0.84783 0.232212
v 0.23001 0.852081 0.23224
v 0.172577 0.825844 -0.209767
v 0.0708833 0.878299 -0.0749398
v 0.157765 0.827849 -0.029614
v 0.233934 0.798811 -0.137773
v 0.231326 0.799359 -0.141814
v 0.21134 0.817953 -0.164098
v 0.289769 0.910757 0.0353068
v 0.232672 0.88886 0.0268178
v 0.265207 0.861831 0.207084
v 0.293631 0.888624 0.154377
v 0.323747 0.93367 0.0634092
v 0.105349 0.873001 -0.191957
v 0.100376 0.876302 -0.18422
v 0.0888791 0.879261 -0.165211
v 0.0881096 0.880666 -0.121348
v 0.113926 0.859948 -0.0418572
v 0.196564 0.825172 -0.025488
v 0.197352 0.815006 -0.0315293
v 0.221982 0.802862 -0.0498518
v 0.33865 0.926418 0.127492
v 0.318537 0.933573 0.054927
v 0.251397 0.910888 0.024384
v 0.215996 0.889539 0.0345432
v 0.20935 0.884246 0.0414191
v 0.173065 0.860131 0.0858347
v 0.323836 0.909279 0.155878
v 0.187784 0.833307 -0.205161
v 0.164038 0.842974 -0.213472
v 0.074993 0.877713 -0.0730138
v 0.211129 0.820065 -0.0311275
v 0.235497 0.816955 -0.152413
v 0.199406 0.831996 -0.191785
v 0.265027 0.914963 0.028618
v 0.142484 0.831953 0.120415
v 0.164171 0.83939 0.176208
v 0.16424 0.849974 0.191161
v 0.171319 0.841814 0.203598
v 0.175449 0.847873 0.216226
v 0.225091 0.863166 0.232654
v 0.269035 0.86965 0.201696
v 0.280429 0.899694 0.164154
v 0.10214 0.857676 -0.0499952
v 0.243721 0.812259 -0.0614241
v 0.203004 0.825803 -0.176814
v 0.322467 0.931484 0.0980568
v 0.147975 0.829109 0.125885
v 0.299924 0.897946 0.149717
v 0.0955852 0.872093 -0.0648557
v 0.331846 0.916424 0.153395
v 0.139741 0.850357 0.103686
v 0.252076 0.878683 0.212836
v 0.278801 0.88141 0.176417
v 0.124159 0.862534 -0.203224
v 0.0955123 0.882771 -0.134165
v 0.0955782 0.881759 -0.119048
v 0.0765675 0.878084 -0.0975781
v 0.074239 0.879915 -0.0892847
v 0.183689 0.830082 -0.0227191
v 0.250584 0.805841 -0.102146
v 0.30744 0.94456 0.049375
v 0.184424 0.864188 0.0786364
v 0.285748 0.90482 0.158664
v 0.227665 0.809803 -0.153806
v 0.174072 0.840335 -0.211749
v 0.330123 0.934431 0.136616
v 0.152353 0.845115 0.143485
v 0.166984 0.8482 -0.216326
v 0.0832848 0.880127 -0.101804
v 0.139985 0.852816 -0.0264695
v 0.180125 0.841921 -0.0179846
v 0.224773 0.819304 -0.0357905
v 0.253835 0.821058 -0.124871
v 0.328109 0.930488 0.159797
v 0.183417 0.84753 0.22483
v 0.266723 0.884151 0.195779
v 0.31492 0.929722 0.167353
v 0.144245 0.859875 -0.211641
v 0.263627 0.819099 -0.0928036
v 0.277048 0.838092 -0.0999924
v 0.244959 0.82346 -0.145509
v 0.199419 0.84062 -0.193469
v 0.323397 0.933585 0.115923
v 0.319468 0.939856 0.0966781
v 0.318122 0.949663 0.062103
v 0.188764 0.873452 0.0697453
v 0.133547 0.845753 0.12664
v 0.20752 0.856293 0.231115
v 0.323732 0.916698 0.160221
v 0.10249 0.879374 -0.179906
v 0.0728807 0.879786 -0.081711
v 0.166424 0.840543 -0.0235018
v 0.260489 0.819218 -0.0758898
v 0.212368 0.841796 -0.178683
v 0.134253 0.845334 0.114418
v 0.315499 0.944517 0.117469
v 0.118606 0.872959 -0.203278
v 0.237243 0.824098 -0.0400231
v 0.274211 0.837445 -0.106606
v 0.240483 0.914436 0.0229881
v 0.137843 0.847223 0.13384
v 0.206405 0.863734 0.232143
v 0.235027 0.880668 0.224105
v 0.322696 0.938607 0.0741956
v 0.321084 0.952819 0.0723901
v 0.101368 0.881893 -0.167147
v 0.106249 0.864979 -0.0525516
v 0.254688 0.82594 -0.0569482
v 0.267383 0.833196 -0.113454
v 0.244295 0.813022 -0.135462
v 0.206438 0.836255 -0.18096
v 0.191273 0.854021 0.231095
v 0.288751 0.920575 0.159492
v 0.106692 0.88528 -0.149842
v 0.127709 0.85655 -0.0312582
v 0.150024 0.854727 -0.0226168
v 0.25827 0.833544 -0.132964
v 0.17777 0.886033 0.0734999
v 0.1554 0.862743 0.0943179
v 0.263338 0.828337 -0.0660633
v 0.154169 0.873795 0.0944969
v 0.255273 0.882263 0.209608
v 0.256602 0.895693 0.20122
v 0.305964 0.939599 0.17374
v 0.214155 0.830174 -0.0243971
v 0.216845 0.829153 -0.168986
v 0.333814 0.931919 0.145891
v 0.32081 0.945567 0.150758
v 0.31582 0.976733 0.0878449
v 0.256144 0.924116 0.0261287
v 0.168836 0.854335 0.210464
v 0.190313 0.865209 0.232932
v 0.264385 0.907859 0.178478
v 0.10218 0.869581 -0.0594997
v 0.2237 0.916464 0.0279468
v 0.147216 0.85704 0.147809
v 0.228187 0.869339 0.231582
v 0.269243 0.920661 0.16861
v 0.216359 0.851993 -0.183636
v 0.200678 0.851862 -0.195376
v 0.178405 0.852388 -0.216048
v 0.0837594 0.878168 -0.0760337
v 0.0960921 0.87467 -0.0677437
v 0.131705 0.863678 -0.0269119
v 0.246922 0.836411 -0.154455
v 0.280587 0.934066 0.033662
v 0.207196 0.906504 0.0343114
v 0.172747 0.880991 0.0809321
v 0.153686 0.864307 0.170926
v 0.160305 0.862529 0.196604
v 0.173354 0.858326 0.223002
v 0.318797 0.943447 0.166518
v 0.314159 0.947192 0.134934
v 0.316022 0.95162 0.11074
v 0.306382 0.958836 0.0581522
v 0.293911 0.952255 0.0416237
v 0.0766588 0.879912 -0.0922741
v 0.193847 0.84474 -0.0140005
v 0.257529 0.84476 -0.147175
v 0.163839 0.875071 0.0888848
v 0.130671 0.863012 0.108172
v 0.189835 0.846752 -0.202552
v 0.117448 0.877501 -0.200591
v 0.115152 0.86904 -0.0403447
v 0.122022 0.862134 -0.0344291
v 0.184401 0.84675 -0.0138448
v 0.208291 0.835931 -0.0194515
v 0.24013 0.839899 -0.028022
v 0.275444 0.84007 -0.0774831
v 0.309943 0.957851 0.165961
v 0.304449 0.975819 0.0764324
v 0.259935 0.942416 0.0291838
v 0.173685 0.868377 0.229056
v 0.251254 0.84647 -0.15792
v 0.238325 0.835248 -0.16292
v 0.278938 0.956461 0.0353334
v 0.200051 0.90175 0.0389469
v 0.202112 0.878308 0.0528714
v 0.140558 0.860204 0.101936
v 0.242881 0.900543 0.212116
v 0.320889 0.966487 0.0893918
v 0.298211 0.956805 0.0471952
v 0.228591 0.847662 -0.179502
v 0.133885 0.871857 -0.213876
v 0.0946807 0.882664 -0.112722
v 0.0809281 0.880284 -0.10005
v 0.146654 0.863227 -0.019884
v 0.229263 0.841662 -0.0207514
v 0.12935 0.849665 0.124427
v 0.131309 0.860631 0.140474
v 0.169067 0.874171 0.22848
v 0.111579 0.88238 -0.183136
v 0.108906 0.88444 -0.16262
v 0.244767 0.82935 -0.0424834
v 0.125656 0.858058 0.117079
v 0.125251 0.860848 0.135595
v 0.180312 0.866938 0.231579
v 0.208349 0.887426 0.235658
v 0.297595 0.965848 0.0533935
v 0.285401 0.970511 0.0428244
v 0.117169 0.881494 -0.195711
v 0.0774194 0.879853 -0.082378
v 0.266149 0.840492 -0.0593088
v 0.30364 0.95187 0.175632
v 0.320453 0.963622 0.10114
v 0.274761 0.965033 0.0356883
v 0.184452 0.910115 0.0471159
v 0.159298 0.893596 0.0878912
v 0.143978 0.866546 0.151972
v 0.166765 0.862427 0.217063
v 0.189896 0.875447 0.236395
v 0.279757 0.924666 0.162922
v 0.169338 0.866571 -0.221004
v 0.152981 0.86779 -0.217934
v 0.207334 0.844019 -0.0154702
v 0.258553 0.841311 -0.0493372
v 0.285276 0.852557 -0.0969833
v 0.267905 0.846242 -0.129057
v 0.151069 0.861767 0.158174
v 0.150245 0.875642 0.176296
v 0.155017 0.873901 0.201119
v 0.226024 0.890517 0.227395
v 0.249867 0.924804 0.185034
v 0.207394 0.850096 -0.187659
v 0.107843 0.8712 -0.0520648
v 0.215242 0.847436 -0.0141773
v 0.206191 0.875133 0.235714
v 0.190704 0.858656 -0.209854
v 0.0970881 0.884741 -0.11544
v 0.281722 0.853409 -0.112022
v 0.24383 0.86841 -0.178803
v 0.293732 0.951189 0.179924
v 0.243289 0.943295 0.0247359
v 0.148962 0.88507 0.0962083
v 0.218646 0.904785 0.227263
v 0.261456 0.937056 0.172711
v 0.130343 0.879561 -0.213346
v 0.081356 0.88037 -0.103733
v 0.12255 0.872975 -0.0293
v 0.276315 0.853295 -0.0631349
v 0.277913 0.855689 -0.122146
v 0.135351 0.877946 0.103101
v 0.131413 0.872659 0.15021
v 0.250438 0.906195 0.201227
v 0.293482 0.974648 0.0543301
v 0.104264 0.885609 -0.128929
v 0.194388 0.85084 -0.0104195
v 0.255148 0.844685 -0.0416697
v 0.231896 0.851696 -0.179999
v 0.123775 0.875997 0.111563
v 0.119393 0.864503 0.129016
v 0.146009 0.873069 0.160995
v 0.307389 0.961803 0.161176
v 0.313505 0.994998 0.113879
v 0.190158 0.863713 -0.211506
v 0.088607 0.87935 -0.0779254
v 0.0965628 0.8784 -0.070172
v 0.263553 0.864182 -0.154143
v 0.261678 0.973521 0.0355269
v 0.146796 0.893525 0.0975222
v 0.29087 0.960527 0.185893
v 0.301102 0.965397 0.148291
v 0.176648 0.867881 -0.219076
v 0.110064 0.888473 -0.144394
v 0.134567 0.870647 -0.0208506
v 0.281007 0.852002 -0.072781
v 0.304447 0.964011 0.136345
v 0.309096 0.992229 0.126337
v 0.310173 0.998727 0.10656
v 0.226938 0.934749 0.0248479
v 0.162321 0.875176 0.220237
v 0.23663 0.913747 0.210786
v 0.2763 0.952077 0.179678
v 0.081036 0.882212 -0.104027
v 0.0788461 0.880315 -0.0937257
v 0.108639 0.877075 -0.0471301
v 0.174029 0.855925 -0.0154159
v 0.185156 0.854346 -0.00979253
v 0.212635 0.86785 -0.190906
v 0.202184 0.866856 -0.197902
v 0.30082 0.969522 0.174058
v 0.304945 0.977828 0.13136
v 0.145024 0.893603 0.194062
v 0.266709 0.944166 0.172652
v 0.243363 0.857814 -0.0204111
v 0.285889 0.866428 -0.0685312
v 0.226859 0.862326 -0.186356
v 0.194549 0.918809 0.0379212
v 0.119674 0.868274 0.120317
v 0.211168 0.896209 0.233335
v 0.267587 0.959762 0.1837
v 0.120622 0.886157 -0.194433
v 0.106906 0.89108 -0.128314
v 0.10016 0.888574 -0.119532
v 0.0855265 0.880869 -0.0839181
v 0.299772 0.987201 0.0747942
v 0.283507 0.875202 -0.129335
v 0.283107 0.977507 0.187919
v 0.291896 0.979603 0.152445
v 0.169008 0.889781 0.235484
v 0.175521 0.898756 0.239929
v 0.229366 0.931099 0.20614
v 0.126074 0.886197 -0.206555
v 0.29163 0.865436 -0.0898984
v 0.268264 0.864254 -0.147033
v 0.252399 0.867096 -0.169146
v 0.28723 0.993308 0.0569666
v 0.276883 0.991573 0.0482928
v 0.235861 0.96192 0.0276342
v 0.210581 0.927821 0.0324043
v 0.145753 0.887149 0.181374
v 0.150573 0.887053 0.210197
v 0.18897 0.873958 -0.207101
v 0.14343 0.880279 -0.219274
v 0.116312 0.88635 -0.173873
v 0.0941 0.882699 -0.0727021
v 0.100722 0.879452 -0.062854
v 0.311162 0.998063 0.12155
v 0.281848 0.991423 0.0515217
v 0.172814 0.938284 0.0480755
v 0.193318 0.908388 0.236569
v 0.115788 0.889185 -0.159222
v 0.0803202 0.882098 -0.0967519
v 0.22839 0.859736 -0.0118828
v 0.26886 0.859483 -0.0427099
v 0.294968 0.881579 -0.108629
v 0.302269 0.999722 0.0982813
v 0.196994 0.94003 0.0380964
v 0.162533 0.938397 0.0546489
v 0.142119 0.891455 0.177943
v 0.208077 0.871918 -0.193381
v 0.177917 0.874146 -0.216094
v 0.0821516 0.882711 -0.0901246
v 0.0874271 0.882547 -0.0825409
v 0.188247 0.914282 0.0422425
v 0.11873 0.871154 0.141211
v 0.219742 0.932362 0.214388
v 0.2499 0.940951 0.180285
v 0.250322 0.954746 0.179183
v 0.287117 0.984959 0.176453
v 0.230235 0.8788 -0.18796
v 0.124978 0.90233 -0.158139
v 0.143407 0.873251 -0.0133154
v 0.182259 0.866108 -0.00252482
v 0.207977 0.96369 0.0303165
v 0.17476 0.944018 0.04688
v 0.156235 0.88783 0.223193
v 0.292326 0.993937 0.144878
v 0.29961 1.00958 0.137321
v 0.115938 0.899454 -0.138591
v 0.193057 0.866301 0.000685259
v 0.28863 0.860721 -0.0798959
v 0.265578 0.883428 -0.159263
v 0.217203 0.9361 0.0280193
v 0.168175 0.920512 0.0572874
v 0.112134 0.879084 0.127276
v 0.136591 0.892516 0.168406
v 0.238223 0.938907 0.190576
v 0.258999 0.971251 0.188907
v 0.277828 0.964435 0.187026
v 0.276368 0.973292 0.190906
v 0.288681 1.02067 0.0868599
v 0.171761 0.879539 -0.21849
v 0.122911 0.894724 -0.169214
v 0.0886231 0.884002 -0.112628
v 0.158765 0.870853 -0.00947498
v 0.238118 0.870481 -0.183385
v 0.152214 0.901248 0.0912292
v 0.118612 0.881309 0.152021
v 0.134713 0.882681 0.1586
v 0.287026 1.0184 0.147483
v 0.298557 1.00537 0.0961231
v 0.115699 0.87428 -0.0367552
v 0.283026 0.885587 -0.0529048
v 0.201073 0.944903 0.0354048
v 0.157818 0.904624 0.0830244
v 0.114913 0.882893 0.118668
v 0.294605 0.888039 -0.117395
v 0.166668 0.909543 0.0670416
v 0.127009 0.883537 0.107524
v 0.149014 0.895636 0.220116
v 0.221433 0.951015 0.200035
v 0.270925 0.985281 0.195132
v 0.274642 0.991017 0.191926
v 0.303013 1.01505 0.123774
v 0.293372 0.995085 0.0658308
v 0.247291 0.996898 0.0401646
v 0.215494 0.881325 -0.191473
v 0.122081 0.877526 -0.0240987
v 0.13099 0.87776 -0.0160184
v 0.303925 0.912209 -0.0964553
v 0.172312 0.915604 0.239936
v 0.199858 0.923587 0.23133
v 0.239701 0.96455 0.185004
v 0.296112 1.02341 0.136277
v 0.162796 0.884277 -0.219354
v 0.148083 0.89532 -0.21697
v 0.129603 0.890653 -0.207671
v 0.0990258 0.883184 -0.0554035
v 0.182335 0.879376 0.00608574
v 0.149217 0.886189 0.202657
v 0.176671 0.933847 0.235906
v 0.135635 0.886895 -0.214519
v 0.127609 0.895876 -0.196855
v 0.291452 0.893237 -0.126293
v 0.25698 0.882461 -0.170069
v 0.153502 0.8969 0.227029
v 0.28084 0.994571 0.16619
v 0.191706 0.880127 -0.203851
v 0.260296 0.878396 -0.0319206
v 0.301322 0.908284 -0.113837
v 0.19991 0.964811 0.0322527
v 0.117184 0.901501 0.114085
v 0.1232 0.88384 0.156121
v 0.208413 0.925789 0.226314
v 0.250884 0.978974 0.194245
v 0.223218 0.876975 -0.00606125
v 0.281105 0.897329 -0.140871
v 0.250957 0.888723 -0.176023
v 0.108944 0.881294 0.138058
v 0.140502 0.903352 0.197587
v 0.277927 1.00362 0.161151
v 0.29958 1.01593 0.11802
v 0.277984 1.04255 0.120455
v 0.169907 0.892832 -0.216882
v 0.0854569 0.883701 -0.110989
v 0.190329 0.880657 0.00684816
v 0.216506 0.864748 -0.0035414
v 0.280391 0.89458 -0.0513999
v 0.296015 0.892923 -0.0732286
v 0.227119 0.893675 -0.190992
v 0.109686 0.894985 0.119419
v 0.160761 0.912872 0.239714
v 0.237916 0.975365 0.188539
v 0.263037 1.01339 0.0557667
v 0.0845078 0.886924 -0.0846119
v 0.172008 0.875965 0.000115696
v 0.204343 0.881933 -0.19547
v 0.233611 0.98213 0.0331413
v 0.162942 0.900854 0.236915
v 0.211234 0.945279 0.213023
v 0.272182 1.00286 0.185626
v 0.275796 1.01826 0.156279
v 0.270039 1.05004 0.0903319
v 0.0808335 0.888245 -0.0959784
v 0.0995602 0.885051 -0.0458121
v 0.300315 0.899157 -0.0854377
v 0.179899 0.887367 -0.212937
v 0.155915 0.934452 0.0633832
v 0.13272 0.912431 0.105075
v 0.128581 0.900048 -0.173711
v 0.0891062 0.888047 -0.0738101
v 0.24317 0.884038 -0.0182119
v 0.253463 0.894393 -0.174218
v 0.23643 0.897326 -0.186873
v 0.256138 0.997702 0.199653
v 0.29164 1.02188 0.113881
v 0.278043 1.04142 0.0972242
v 0.300769 0.918803 -0.0896375
v 0.270794 0.899679 -0.154616
v 0.243766 0.904295 -0.182296
v 0.281643 1.03402 0.14804
v 0.237615 1.00164 0.0392989
v 0.195482 0.959881 0.0352653
v 0.149384 0.928169 0.0757696
v 0.129762 0.927288 0.0984797
v 0.125464 0.899103 0.167592
v 0.141725 0.904764 0.216726
v 0.105923 0.89687 -0.125593
v 0.0820818 0.886687 -0.107819
v 0.0973929 0.890192 -0.0414975
v 0.146737 0.918755 0.0877108
v 0.100002 0.894911 0.131154
v 0.133233 0.918872 0.221864
v 0.258742 1.01038 0.194127
v 0.26811 1.01347 0.168709
v 0.156665 0.896821 -0.217223
v 0.0910447 0.890785 -0.117803
v 0.0852031 0.891962 -0.0772384
v 0.104724 0.884204 -0.0373709
v 0.118025 0.888075 -0.0165128
v 0.13426 0.884126 -0.00886362
v 0.297424 0.919129 -0.0805521
v 0.102356 0.892682 0.150144
v 0.272705 1.02834 0.072748
v 0.271028 1.01756 0.0631013
v 0.138587 0.898776 -0.213248
v 0.132657 0.897269 -0.209114
v 0.128697 0.904679 -0.201124
v 0.126535 0.910543 -0.185682
v 0.110986 0.897448 -0.130331
v 0.211147 0.892443 0.000751773
v 0.296023 0.927185 -0.121168
v 0.102834 0.89832 0.12365
v 0.10602 0.896558 0.157841
v 0.133585 0.903418 0.17851
v 0.254905 0.986823 0.198324
v 0.286004 1.02836 0.104385
v 0.227349 0.894283 -0.0084041
v 0.217235 0.904013 -0.194196
v 0.204065 0.894061 -0.194814
v 0.200625 0.995164 0.0370829
v 0.0975696 0.894438 0.145059
v 0.231661 0.958341 0.188536
v 0.127449 0.903239 -0.195095
v 0.0924739 0.888296 -0.0577846
v 0.136391 0.887852 -0.00559957
v 0.151833 0.883335 -0.00388781
v 0.156157 0.887388 -0.000110475
v 0.275623 0.917687 -0.149674
v 0.186112 0.968429 0.0368562
v 0.110875 0.89904 0.162217
v 0.197825 0.945474 0.223021
v 0.283835 1.0383 0.132155
v 0.240765 0.902463 -0.0194234
v 0.304294 0.913616 -0.103595
v 0.193769 0.98093 0.0334864
v 0.177506 0.95501 0.0470994
v 0.149549 0.940099 0.0653249
v 0.0949697 0.897523 0.137586
v 0.127736 0.905952 0.174352
v 0.132156 0.912629 0.193162
v 0.15671 0.930603 0.238293
v 0.204014 0.960628 0.207596
v 0.124663 0.912126 -0.154754
v 0.112341 0.885858 -0.0245683
v 0.126355 0.897612 -0.00316912
v 0.287358 0.931333 -0.134251
v 0.237017 0.98941 0.198713
v 0.255996 1.01859 0.1883
v 0.279903 1.00598 0.156589
v 0.239943 1.01082 0.045108
v 0.0985611 0.898795 -0.123961
v 0.0807755 0.89216 -0.108411
v 0.093778 0.89392 -0.0497454
v 0.262932 0.902545 -0.0390216
v 0.289259 0.961865 -0.114965
v 0.172633 0.902033 -0.214278
v 0.13727 0.910195 0.208728
v 0.279348 1.04358 0.13904
v 0.162391 0.908151 -0.214135
v 0.107318 0.910079 -0.131201
v 0.0862198 0.89257 -0.116032
v 0.177196 0.897967 0.012912
v 0.230218 0.920286 -0.188132
v 0.15685 0.95084 0.0533442
v 0.138401 0.949861 0.0667937
v 0.137489 0.935695 0.0826867
v 0.110335 0.933895 0.109252
v 0.214466 0.964508 0.196741
v 0.269659 1.05362 0.0985218
v 0.219506 0.902399 -0.00466877
v 0.289658 0.919811 -0.0663387
v 0.249774 0.911349 -0.177194
v 0.249541 1.03649 0.174726
v 0.18117 0.959068 0.0444149
v 0.106184 0.912815 0.116568
v 0.184594 0.943075 0.232276
v 0.174585 0.908006 0.0149046
v 0.20418 0.907738 0.00198041
v 0.269413 0.921496 -0.0506542
v 0.290244 0.906198 -0.130033
v 0.257215 0.920806 -0.167879
v 0.247661 1.03078 0.0602567
v 0.142486 0.951807 0.0609845
v 0.109138 0.926543 0.112214
v 0.143169 0.907726 0.225383
v 0.199024 0.905898 -0.194801
v 0.188537 0.901552 -0.20281
v 0.142524 0.909089 -0.212686
v 0.100912 0.899802 -0.0201274
v 0.125369 0.920715 0.19147
v 0.241539 1.01942 0.203229
v 0.261497 1.04353 0.162368
v 0.219515 1.0292 0.048612
v 0.184976 0.920212 -0.194201
v 0.126827 0.909338 -0.163308
v 0.132407 0.903646 -0.000246297
v 0.148019 0.898097 0.00285983
v 0.162728 0.903582 0.0144976
v 0.279069 0.942252 -0.146124
v 0.112143 0.937651 0.193928
v 0.12626 0.926147 0.208962
v 0.145584 0.917084 0.234354
v 0.188838 0.971702 0.212451
v 0.251319 1.02881 0.178257
v 0.121071 0.923124 -0.151027
v 0.0859706 0.904515 -0.0600176
v 0.214696 0.920113 -0.00331375
v 0.173471 0.983883 0.0369149
v 0.161631 0.971116 0.0491545
v 0.109755 0.925376 0.177523
v 0.208798 0.993534 0.196904
v 0.268855 1.05498 0.122097
v 0.123919 0.918923 -0.185372
v 0.0886302 0.898146 -0.0683073
v 0.0922775 0.896893 -0.0448936
v 0.192085 0.900392 0.00723889
v 0.294206 0.94267 -0.0876731
v 0.171421 0.99048 0.036938
v 0.129411 0.930464 0.227149
v 0.162557 0.945246 0.237148
v 0.232797 1.01067 0.207154
v 0.268799 1.05471 0.133383
v 0.253576 1.04631 0.0745231
v 0.128543 0.914131 -0.201532
v 0.0790735 0.89347 -0.103277
v 0.0783175 0.897584 -0.0950823
v 0.0981093 0.896259 -0.0281993
v 0.109162 0.899015 -0.0130784
v 0.117696 0.905907 -0.0033904
v 0.230213 0.924918 -0.0160416
v 0.283312 0.943119 -0.0699284
v 0.219923 0.917167 -0.19253
v 0.109965 0.918933 0.173689
v 0.268455 1.05519 0.143744
v 0.113049 0.919973 -0.138048
v 0.181851 0.919402 0.00965162
v 0.251801 0.929434 -0.0387463
v 0.261757 0.943422 -0.157191
v 0.170839 0.97946 0.0395714
v 0.131525 0.946137 0.0797705
v 0.0857984 0.907698 0.144238
v 0.0975116 0.899727 0.154528
v 0.169091 0.953043 0.235963
v 0.256176 1.06748 0.132207
v 0.261118 1.0492 0.0818092
v 0.118648 0.897312 -0.00711347
v 0.169227 0.921315 0.0162948
v 0.293691 0.952484 -0.105792
v 0.243498 0.92379 -0.177706
v 0.21652 1.01196 0.0419961
v 0.185334 1.00081 0.0398451
v 0.129868 0.936291 0.0914233
v 0.0980618 0.910135 0.164081
v 0.119099 0.924964 0.186168
v 0.202409 1.02278 0.0453066
v 0.149915 0.919398 -0.210766
v 0.125023 0.920818 -0.172371
v 0.122977 0.927432 -0.162174
v 0.194759 0.927779 0.00482878
v 0.279973 0.961797 -0.13274
v 0.0875199 0.911431 0.129989
v 0.17199 0.958679 0.232889
v 0.208364 0.919275 -0.193241
v 0.162394 0.915052 -0.210282
v 0.289374 0.942473 -0.077811
v 0.143679 0.985732 0.0479958
v 0.121566 0.929677 0.201704
v 0.205279 0.985102 0.195903
v 0.235874 1.03242 0.200575
v 0.232787 1.03496 0.0567683
v 0.0918611 0.899963 -0.0329742
v 0.222349 0.944673 -0.182278
v 0.124463 0.952238 0.0808845
v 0.0972397 0.913765 0.120784
v 0.141579 0.935383 0.236571
v 0.210156 1.01675 0.209314
v 0.269216 1.05556 0.107462
v 0.168784 0.926055 -0.19798
v 0.102409 0.922596 -0.131634
v 0.0870791 0.900826 -0.120186
v 0.206305 0.937699 -0.00218216
v 0.137023 0.960946 0.0582116
v 0.145684 0.938975 0.238028
v 0.155109 0.962458 0.237545
v 0.178749 1.01472 0.209084
v 0.266345 1.05373 0.151688
v 0.230316 1.00485 0.0405747
v 0.120897 0.931153 -0.155648
v 0.102923 0.914531 -0.130491
v 0.0787576 0.903191 -0.114618
v 0.293986 0.947976 -0.0952304
v 0.0863699 0.912132 0.154929
v 0.0990988 0.915679 0.167897
v 0.112902 0.951127 0.223306
v 0.123542 0.947407 0.231439
v 0.227373 1.0471 0.197334
v 0.11991 0.915455 -0.145407
v 0.0764659 0.900315 -0.106869
v 0.283881 0.964923 -0.124482
v 0.0775357 0.918618 0.136885
v 0.104024 0.939006 0.183427
v 0.160244 0.9691 0.23393
v 0.173446 0.982969 0.217179
v 0.212295 1.00173 0.201843
v 0.18004 0.930807 -0.189083
v 0.0776694 0.912042 -0.0466359
v 0.130482 0.91425 0.0038976
v 0.278802 0.937075 -0.0626031
v 0.0779803 0.924668 0.128018
v 0.112457 0.930362 0.18427
v 0.252692 1.06779 0.0969424
v 0.192793 0.925676 -0.190679
v 0.153712 0.929033 -0.204426
v 0.134647 0.931203 -0.200438
v 0.13467 0.910727 -0.208307
v 0.088529 0.909805 -0.021765
v 0.0894799 0.916074 -0.0151843
v 0.107598 0.911412 -0.00524422
v 0.214489 0.95233 -0.0105714
v 0.255501 0.958473 -0.157702
v 0.201817 0.946968 -0.186002
v 0.161574 0.96669 0.0513453
v 0.159742 0.96277 0.0528229
v 0.170582 0.971326 0.226328
v 0.192881 1.00002 0.202841
v 0.248016 1.05761 0.169133
v 0.240124 1.07004 0.0863187
v 0.236824 1.06178 0.0778824
v 0.121012 0.929582 -0.186646
v 0.0801451 0.91139 -0.120303
v 0.0797646 0.909965 -0.0782082
v 0.0806835 0.914839 -0.0260775
v 0.238668 0.950758 -0.0339654
v 0.131947 0.968936 0.0587334
v 0.116476 0.964109 0.06839
v 0.117492 0.938842 0.214452
v 0.18938 0.986976 0.203537
v 0.225624 1.028 0.208776
v 0.254751 1.06674 0.144405
v 0.0862757 0.91606 -0.124935
v 0.0765095 0.908335 -0.0912771
v 0.158658 0.923971 0.0176138
v 0.277567 0.981858 -0.100488
v 0.214325 0.933935 -0.189426
v 0.127298 0.952233 0.234435
v 0.148274 0.969098 0.23887
v 0.149858 0.980512 0.236041
v 0.178975 0.999348 0.206616
v 0.214159 1.02367 0.211299
v 0.203259 1.03714 0.21525
v 0.216158 1.05801 0.199825
v 0.23403 1.0565 0.182942
v 0.20076 1.03957 0.0506548
v 0.175497 0.933735 0.010718
v 0.247651 0.961329 -0.0448551
v 0.265181 0.965017 -0.0625283
v 0.273744 0.971946 -0.132188
v 0.239574 0.9485 -0.170042
v 0.13166 0.980996 0.0580524
v 0.123973 0.96319 0.0639491
v 0.110495 0.94329 0.104326
v 0.105027 0.957305 0.217469
v 0.245202 1.06627 0.166156
v 0.247125 1.07817 0.107259
v 0.156617 0.933915 -0.197638
v 0.0788643 0.9135 -0.066827
v 0.0973146 0.918874 -0.00681206
v 0.13533 0.924768 0.0122916
v 0.153231 0.991032 0.041552
v 0.217436 1.03942 0.0527294
v 0.0920939 0.92537 -0.127715
v 0.0725632 0.910665 -0.108691
v 0.0744331 0.907668 -0.0977906
v 0.197294 0.955096 0.00032092
v 0.215095 0.945081 -0.185299
v 0.15808 0.993608 0.0394913
v 0.122143 0.957613 0.0737074
v 0.144411 0.961348 0.238836
v 0.217981 1.04895 0.0578613
v 0.171402 1.00181 0.0406054
v 0.106188 0.931435 -0.134152
v 0.109261 0.919792 -0.000512844
v 0.2762 0.967938 -0.0782821
v 0.104687 0.976158 0.0665466
v 0.108834 0.961127 0.0896645
v 0.0820888 0.928914 0.122265
v 0.226691 1.03616 0.205958
v 0.231056 1.07889 0.171398
v 0.24079 1.07426 0.162703
v 0.247044 1.07145 0.154654
v 0.24775 1.07883 0.121851
v 0.219553 1.06514 0.0682914
v 0.182214 0.937805 -0.186132
v 0.127168 0.939974 -0.191794
v 0.121885 0.924774 -0.185795
v 0.119155 0.935403 -0.168602
v 0.0720853 0.911429 -0.10173
v 0.074322 0.918664 -0.08102
v 0.141179 0.930154 0.0161312
v 0.156756 0.942206 0.0180953
v 0.22676 0.950304 -0.0216333
v 0.265565 1.00312 -0.0951665
v 0.25307 0.975265 -0.150155
v 0.11418 0.95251 0.0930629
v 0.24329 1.07905 0.140753
v 0.132701 0.996193 0.0461282
v 0.0838053 0.929458 0.167257
v 0.0925119 0.939761 0.176422
v 0.134309 0.980019 0.24013
v 0.237169 1.08896 0.128296
v 0.235563 1.08418 0.0975745
v 0.179577 0.956277 0.00881379
v 0.273847 0.989274 -0.107256
v 0.112491 0.937489 -0.141083
v 0.092383 0.931509 -0.00162046
v 0.163286 1.00311 0.213609
v 0.222555 1.0707 0.183198
v 0.231533 1.07479 0.0838482
v 0.200184 1.06518 0.058012
v 0.204512 1.0464 0.052862
v 0.226913 0.964098 -0.171261
v 0.0902344 0.9408 0.115117
v 0.159683 0.998177 0.21828
v 0.237355 1.08882 0.112464
v 0.182874 1.02902 0.0480386
v 0.124767 0.926633 -0.194003
v 0.0726498 0.923077 -0.118517
v 0.0702089 0.925505 0.146933
v 0.0916369 0.946989 0.180136
v 0.111547 0.943749 0.20482
v 0.218093 1.08705 0.179021
v 0.163941 0.959277 0.0183558
v 0.229864 0.992095 -0.153747
v 0.164782 0.945797 -0.183577
v 0.116698 0.939779 -0.172646
v 0.0990022 0.958391 0.104032
v 0.085963 0.954253 0.114284
v 0.0755692 0.939813 0.12188
v 0.208501 1.0703 0.0635331
v 0.209672 0.994173 -0.016639
v 0.227968 0.981041 -0.161835
v 0.170129 0.955822 -0.176429
v 0.116475 0.930901 0.00744765
v 0.106062 0.965113 0.0862504
v 0.0967832 0.948426 0.110437
v 0.0792853 0.922163 0.158838
v 0.081514 0.938001 0.171131
v 0.110971 0.969889 0.232235
v 0.163785 1.01721 0.0439526
v 0.168347 0.967591 0.0132589
v 0.225363 0.986044 -0.0330544
v 0.261983 1.00189 -0.0836226
v 0.0674388 0.923214 -0.104132
v 0.143994 0.948789 0.0200018
v 0.150093 1.00286 0.0405891
v 0.120602 0.986138 0.0599405
v 0.104019 0.968602 0.0777743
v 0.0954355 0.963053 0.20298
v 0.128496 0.970974 0.239128
v 0.147381 0.995566 0.230662
v 0.181991 1.0517 0.0532434
v 0.203287 0.975973 -0.00624437
v 0.114505 0.949656 -0.156004
v 0.0997819 0.941132 -0.130217
v 0.0983923 0.931995 0.0012642
v 0.125476 0.938993 0.014747
v 0.107109 0.964722 0.226905
v 0.112942 0.978689 0.236802
v 0.179062 1.04071 0.21958
v 0.225675 1.09119 0.162168
v 0.215337 1.07858 0.0724459
v 0.25519 0.992892 -0.0672869
v 0.261822 1.00986 -0.101147
v 0.117072 0.94706 -0.17755
v 0.069507 0.925722 -0.068888
v 0.135523 1.01045 0.0418438
v 0.100434 0.974134 0.0707745
v 0.0956767 0.956287 0.191751
v 0.115722 0.987874 0.239287
v 0.128348 0.996691 0.23948
v 0.235011 0.976715 -0.0395585
v 0.203296 0.965031 -0.179109
v 0.16987 0.970436 -0.169687
v 0.150522 0.949254 -0.186625
v 0.141637 0.94382 -0.195747
v 0.082004 0.908364 -0.0391595
v 0.115366 0.972844 0.0641161
v 0.0586578 0.946296 0.128816
v 0.073019 0.924372 0.153502
v 0.206018 1.05755 0.208337
v 0.194607 0.963813 -0.178248
v 0.131969 0.952779 -0.189538
v 0.0692208 0.921072 -0.0484735
v 0.116232 0.942987 0.0139498
v 0.134349 0.998826 0.23715
v 0.168657 1.05967 0.225572
v 0.199366 1.07733 0.198274
v 0.205234 1.07694 0.0655582
v 0.231249 0.997997 -0.0451866
v 0.26045 1.00941 -0.0896388
v 0.271163 0.988164 -0.119004
v 0.249212 0.992508 -0.141157
v 0.0666101 0.928212 -0.093234
v 0.0738233 0.918685 -0.0311184
v 0.0868047 0.929612 -0.00638229
v 0.127981 1.00202 0.0442773
v 0.0932862 0.968488 0.10007
v 0.152137 1.02432 0.216147
v 0.166286 1.03039 0.0477971
v 0.14577 0.945873 -0.192578
v 0.115752 0.941254 -0.148346
v 0.0690407 0.94493 0.122715
v 0.0582404 0.945962 0.161476
v 0.143912 1.01488 0.220501
v 0.165013 1.02993 0.21466
v 0.195247 1.05931 0.214369
v 0.232192 1.09551 0.115694
v 0.217522 1.09464 0.0874756
v 0.155014 0.990344 0.0179356
v 0.172731 0.997838 0.0101337
v 0.189182 0.984642 0.00212929
v 0.104516 0.965527 -0.145593
v 0.0786554 0.959288 0.115487
v 0.0644916 0.946507 0.167074
v 0.0801449 0.979498 0.200764
v 0.0885394 0.974867 0.214427
v 0.208038 1.08854 0.186876
v 0.217945 1.09333 0.174651
v 0.221004 1.10676 0.135355
v 0.22011 1.10778 0.117465
v 0.218266 1.10286 0.0994877
v 0.188222 1.0628 0.0553552
v 0.208551 0.975965 -0.174172
v 0.125355 0.953946 -0.186612
v 0.113569 0.949802 -0.16904
v 0.102469 0.946251 0.00943459
v 0.119205 1.0067 0.0429308
v 0.115276 0.995206 0.0537795
v 0.0505608 0.946602 0.148197
v 0.0947656 0.974209 0.222072
v 0.243106 1.01351 -0.0666849
v 0.188104 0.978744 -0.174703
v 0.138135 0.971535 -0.171706
v 0.0844217 0.93615 -0.126065
v 0.125141 1.01346 0.0389141
v 0.112919 0.984911 0.0646828
v 0.0734374 0.985974 0.0971315
v 0.187259 1.07678 0.208168
v 0.209438 1.09042 0.0774947
v 0.22246 1.00781 -0.0419692
v 0.0622788 0.934875 -0.110125
v 0.0774027 0.936185 -0.0084546
v 0.118882 0.95052 0.0172391
v 0.101373 0.975546 0.0684893
v 0.0620162 0.937056 0.135636
v 0.11324 1.01026 0.240255
v 0.171717 1.07311 0.221248
v 0.208372 1.11001 0.169296
v 0.153468 0.964961 -0.171652
v 0.103451 0.946465 -0.132326
v 0.116514 0.964977 0.0205379
v 0.128378 0.977112 0.0231217
v 0.0895301 0.978156 0.0798357
v 0.0834671 0.953855 0.179701
v 0.0773162 0.974933 0.190203
v 0.189285 1.07131 0.0570677
v 0.155494 1.04212 0.0498297
v 0.239528 1.02135 -0.129077
v 0.237817 1.00332 -0.141809
v 0.197454 0.992162 -0.169729
v 0.162061 0.976739 -0.166259
v 0.108624 0.94827 -0.138547
v 0.0664271 0.931252 -0.0813022
v 0.110494 0.991452 0.0252696
v 0.070857 0.985741 0.103307
v 0.0507547 0.961202 0.12586
v 0.0556221 0.96022 0.171634
v 0.0885399 1.00234 0.233436
v 0.184928 1.05743 0.220285
v 0.206043 1.03249 -0.0333309
v 0.250453 1.02921 -0.0977858
v 0.0635784 0.948021 -0.122135
v 0.0777187 0.9232 -0.0198357
v 0.100912 0.957692 0.0151046
v 0.0939616 0.989107 0.066627
v 0.0771368 0.987347 0.0759145
v 0.0823678 0.967355 0.110046
v 0.131751 1.0092 0.234821
v 0.252039 1.01405 -0.0791427
v 0.0561047 0.933321 -0.0353149
v 0.0825273 0.939564 -0.00178053
v 0.0505856 0.94717 0.142399
v 0.127725 1.03989 0.226193
v 0.194238 1.10268 0.19258
v 0.211136 1.10405 0.172995
v 0.213628 1.11669 0.130015
v 0.249339 1.02487 -0.0852134
v 0.117956 0.957658 -0.178655
v 0.10621 0.964724 -0.156926
v 0.0969184 0.960849 -0.129595
v 0.076631 0.932185 -0.123543
v 0.0561708 0.9326 -0.0412395
v 0.0838079 0.949955 0.00456153
v 0.0923976 0.956089 0.0098468
v 0.0972221 0.970635 0.0194122
v 0.0978079 1.0038 0.0497677
v 0.0565626 0.966233 0.175534
v 0.0787574 0.978134 0.195326
v 0.106123 0.994855 0.23883
v 0.159952 1.05624 0.226272
v 0.177426 1.00052 -0.171616
v 0.0813589 0.989805 0.222112
v 0.127816 1.02988 0.226876
v 0.197966 1.01864 -0.0129287
v 0.250321 1.02791 -0.107774
v 0.246598 1.02142 -0.123051
v 0.205455 1.00631 -0.155671
v 0.191011 0.984573 -0.173743
v 0.0884096 0.95652 -0.125265
v 0.0668751 0.929134 -0.115004
v 0.0592567 0.940387 -0.0931345
v 0.0605047 0.950117 -0.0113128
v 0.0893037 0.999243 0.0651967
v 0.0708243 0.982023 0.108548
v 0.0640898 0.973284 0.11764
v 0.0488597 0.961596 0.168907
v 0.145801 1.04263 0.22254
v 0.210289 1.11496 0.149666
v 0.196798 1.10804 0.0846514
v 0.226247 1.04305 -0.0661926
v 0.218097 1.00793 -0.147928
v 0.189401 1.0011 -0.168395
v 0.124223 0.960552 -0.18347
v 0.110924 0.960522 -0.167337
v 0.105345 0.959534 -0.141122
v 0.0744458 0.948567 -0.12423
v 0.0580498 0.940308 -0.0743133
v 0.10516 1.01093 0.239822
v 0.188935 1.10105 0.0758939
v 0.19108 1.08134 0.063921
v 0.166827 1.02324 0.0130247
v 0.187697 1.01469 -0.00121781
v 0.129944 0.969137 -0.176267
v 0.120707 0.971284 -0.176963
v 0.0561797 0.933462 -0.0498667
v 0.110304 1.01703 0.0397201
v 0.117168 1.00127 0.0469078
v 0.0766339 0.986024 0.0807994
v 0.152872 1.07556 0.229278
v 0.18287 1.09485 0.204282
v 0.199556 1.11446 0.179454
v 0.205646 1.12565 0.135582
v 0.152922 1.05743 0.0484629
v 0.149941 0.980974 -0.163622
v 0.0633033 0.939245 -0.117933
v 0.058538 0.935307 -0.0625054
v 0.0396817 0.946657 -0.0534518
v 0.0717405 0.973651 0.185892
v 0.0662941 0.985742 0.192842
v 0.113699 1.04066 0.231505
v 0.175601 1.08329 0.213332
v 0.163851 1.1067 0.210984
v 0.193445 1.03295 -0.0117331
v 0.227678 1.0621 -0.111742
v 0.160355 0.98399 -0.165275
v 0.11313 0.967184 -0.174085
v 0.0543525 0.944618 -0.102537
v 0.0765513 0.986974 0.0189916
v 0.191266 1.00798 -0.164867
v 0.143862 0.99175 -0.161159
v 0.0562917 0.935862 -0.0289511
v 0.0449698 0.94781 -0.0268372
v 0.0729412 0.962404 0.00583731
v 0.100075 0.9842 0.0232839
v 0.0892664 1.01035 0.0434852
v 0.0483217 0.953568 0.133044
v 0.0963887 1.01678 0.241372
v 0.10597 1.0242 0.241799
v 0.199553 1.10832 0.184895
v 0.222584 1.02071 -0.138644
v 0.17192 0.992757 -0.170581
v 0.147021 0.966149 -0.171996
v 0.0412806 0.945662 -0.0345862
v 0.0951822 1.01283 0.0409853
v 0.0628031 0.992142 0.0839882
v 0.0542614 0.945755 0.155837
v 0.0440959 0.95613 0.158524
v 0.0727796 0.991231 0.21607
v 0.118076 1.05267 0.230457
v 0.142978 1.06369 0.231286
v 0.224416 1.02947 -0.0561681
v 0.227179 1.04491 -0.125971
v 0.121439 0.984095 -0.169958
v 0.112992 0.974633 -0.173489
v 0.0994362 0.976007 -0.143957
v 0.0910976 0.969836 -0.128047
v 0.0516053 0.948974 -0.0193027
v 0.0775998 0.989493 0.0717666
v 0.0879433 0.992268 0.227768
v 0.184356 1.12424 0.188912
v 0.193136 1.12455 0.174377
v 0.174264 1.08057 0.0540774
v 0.16786 1.07079 0.0505742
v 0.248669 1.02535 -0.116705
v 0.20785 1.02539 -0.145898
v 0.0646892 0.95744 -0.125024
v 0.0946344 1.01936 0.0387646
v 0.0790005 0.992831 0.0684984
v 0.0598592 0.990961 0.104953
v 0.0390705 0.962993 0.130904
v 0.206791 1.10832 0.0912027
v 0.150607 1.04622 0.0244903
v 0.233531 1.04343 -0.0761455
v 0.238115 1.0484 -0.0955821
v 0.101495 0.976284 -0.153693
v 0.0818363 1.00552 0.0229601
v 0.136147 1.09035 0.232973
v 0.143199 1.10059 0.225176
v 0.181076 1.08289 0.0589808
v 0.21266 1.03793 -0.0472609
v 0.16117 1.00192 -0.170508
v 0.14846 0.993808 -0.16258
v 0.116387 0.981778 -0.171685
v 0.0829763 0.96681 -0.124555
v 0.0741011 0.974445 -0.123802
v 0.0609006 0.969563 0.0031662
v 0.0809419 1.01523 0.0404483
v 0.0763279 1.01205 0.0452016
v 0.0667283 0.991445 0.201513
v 0.138972 1.07326 0.233617
v 0.19075 1.1332 0.161796
v 0.203227 1.12865 0.120683
v 0.165995 1.00824 -0.171701
v 0.0983665 0.971542 -0.136489
v 0.0575508 0.984567 0.112898
v 0.0576651 0.980087 0.183854
v 0.103863 1.03387 0.238659
v 0.105732 1.04867 0.233005
v 0.164817 1.08193 0.0483467
v 0.180628 1.00625 -0.169492
v 0.107091 0.971718 -0.164868
v 0.0428362 0.956276 -0.0222129
v 0.0454141 0.998245 0.108571
v 0.029209 0.973757 0.164875
v 0.19819 1.13328 0.136175
v 0.208802 1.11401 0.100573
v 0.167127 1.05231 0.0125311
v 0.19406 1.04001 -0.0168286
v 0.21942 1.06411 -0.0733925
v 0.227391 1.06437 -0.0879184
v 0.220124 1.05586 -0.126299
v 0.122946 0.991204 -0.165641
v 0.0876716 0.98072 -0.130077
v 0.081745 0.976395 -0.124992
v 0.0471858 0.955737 -0.11785
v 0.0369913 0.947641 -0.0412374
v 0.0489063 0.966885 -0.00835656
v 0.170266 1.06519 0.00638063
v 0.197461 1.03278 -0.153917
v 0.196143 1.01913 -0.160005
v 0.0449525 0.952569 -0.0798023
v 0.0412042 0.951905 -0.068814
v 0.0286705 0.967359 0.153535
v 0.0808953 1.02781 0.242077
v 0.0912111 1.03592 0.241805
v 0.182942 1.09622 0.0684908
v 0.149854 1.06338 0.046923
v 0.0733703 1.00792 0.0586019
v 0.0646646 0.993214 0.0767215
v 0.0292377 0.964879 0.146456
v 0.0638956 1.01031 0.224621
v 0.185643 1.114 0.193387
v 0.200481 1.07266 -0.0559938
v 0.220147 1.07895 -0.0918128
v 0.182863 1.03968 -0.160233
v 0.180448 1.02202 -0.167009
v 0.102541 1.00092 -0.166238
v 0.0945127 1.01256 0.0254184
v 0.212844 1.03832 -0.135228
v 0.141818 1.01212 -0.162261
v 0.105148 0.983182 -0.16709
v 0.0867268 0.992361 -0.137144
v 0.0556421 0.966279 -0.00281764
v 0.0762369 0.998282 0.0220648
v 0.0825545 1.02084 0.0373133
v 0.0456091 0.981787 0.118951
v 0.0255894 0.988538 0.12147
v 0.168961 1.13487 0.199306
v 0.180504 1.14503 0.165593
v 0.189558 1.13798 0.149687
v 0.185062 1.15307 0.124996
v 0.152606 1.06237 0.028854
v 0.209579 1.07202 -0.126681
v 0.203763 1.05749 -0.13397
v 0.125914 1.00097 -0.158505
v 0.0507387 0.959207 -0.123073
v 0.0335148 0.967728 -0.110915
v 0.0366042 0.963647 -0.0771114
v 0.0818993 1.01798 0.0291446
v 0.0588718 0.993458 0.0972916
v 0.0304778 0.964564 0.139881
v 0.0328092 0.982773 0.17541
v 0.0973938 1.05718 0.234467
v 0.126315 1.06877 0.235606
v 0.111254 1.07638 0.238492
v 0.171389 1.09921 0.058205
v 0.201853 1.05304 -0.138183
v 0.0430606 0.95649 -0.101786
v 0.0637165 0.982401 0.0114458
v 0.098893 0.984286 -0.160322
v 0.0629106 1.00414 0.0202902
v 0.0724484 1.02301 0.0386833
v 0.0776645 1.01008 0.0485174
v 0.0693401 1.00512 0.0630842
v 0.0253838 0.97269 0.132469
v 0.185055 1.14936 0.138643
v 0.197624 1.13366 0.112452
v 0.188951 1.13367 0.100346
v 0.160644 1.09576 0.0453742
v 0.1542 1.08367 0.0403035
v 0.152815 1.07545 0.0421178
v 0.15438 1.07904 0.0287108
v 0.15806 1.07025 0.0182323
v 0.21364 1.08583 -0.0848012
v 0.0442733 0.979322 0.178147
v 0.0614611 1.00394 0.218307
v 0.172759 1.06727 0.00270378
v 0.166176 1.02194 -0.170326
v 0.0543581 1.00319 0.0174726
v 0.0752155 1.023 0.0345317
v 0.0475435 1.00734 0.0686087
v 0.0414938 0.997233 0.187032
v 0.0470057 1.00271 0.195039
v 0.225976 1.06972 -0.101525
v 0.196799 1.04567 -0.151259
v 0.174118 1.03254 -0.169143
v 0.128652 1.00966 -0.1567
v 0.0336313 0.950443 -0.0462916
v 0.0466453 0.994016 0.00930401
v 0.0474757 1.00356 0.0756348
v 0.0453984 1.01027 0.204273
v 0.0739116 1.01773 0.233637
v 0.0784948 1.06015 0.238617
v 0.182976 1.11909 0.0841459
v 0.181766 1.06647 -0.0121603
v 0.194627 1.07456 -0.0469671
v 0.0575461 0.966334 -0.125909
v 0.0320427 0.965524 -0.0247786
v 0.0694188 1.01339 0.0236456
v 0.0657916 1.01878 0.042667
v 0.0548022 1.0166 0.0544487
v 0.0479513 0.999362 0.10262
v 0.137947 1.13192 0.220788
v 0.150116 1.11689 0.218325
v 0.159456 1.13194 0.208505
v 0.188936 1.14263 0.110378
v 0.222613 1.06329 -0.119183
v 0.0891307 0.992719 -0.142243
v 0.0623293 1.01683 0.0469735
v 0.0567403 1.01326 0.0585324
v 0.0230096 1.00701 0.113351
v 0.0379145 0.996403 0.114232
v 0.0393151 0.971323 0.125169
v 0.182884 1.15556 0.12021
v 0.176742 1.13393 0.0892059
v 0.226866 1.06646 -0.106629
v 0.0336034 0.968041 -0.0980048
v 0.0308782 0.979716 -0.0152417
v 0.176039 1.11161 0.0722381
v 0.191587 1.08593 -0.0481289
v 0.208043 1.08462 -0.0737585
v 0.219784 1.08132 -0.0962088
v 0.206108 1.10168 -0.113801
v 0.17857 1.0611 -0.159088
v 0.0357914 0.975546 -0.125886
v 0.0326429 0.968314 -0.0854198
v 0.0615016 1.02817 0.0340578
v 0.0559871 1.02588 0.0387157
v 0.0575641 1.04105 0.239222
v 0.113935 0.999934 -0.164348
v 0.0911327 1.00228 -0.163843
v 0.037887 0.983194 -0.00368256
v 0.0572424 1.01728 0.0239082
v 0.0686676 1.02155 0.0276669
v 0.0452267 1.00192 0.0852295
v 0.0157355 0.978633 0.134924
v 0.130505 1.10728 0.228376
v 0.156868 1.09878 0.0362585
v 0.15695 1.0912 0.0184941
v 0.176857 1.08295 -0.00934802
v 0.194294 1.05348 -0.149678
v 0.131864 1.02344 -0.159681
v 0.0236372 0.970869 -0.0736275
v 0.0499289 1.01106 0.062509
v 0.0296387 1.00825 0.10089
v 0.0169888 0.999866 0.179903
v 0.0644784 1.02869 0.237667
v 0.112558 1.09093 0.239315
v 0.185418 1.08495 -0.139211
v 0.167038 1.04733 -0.168504
v 0.025272 0.974406 -0.0836118
v 0.0306712 0.955228 -0.0533897
v 0.0248465 1.01411 0.0731283
v 0.00547615 0.985351 0.136368
v 0.138813 1.12026 0.222903
v 0.150724 1.13405 0.213248
v 0.172006 1.14001 0.191742
v 0.092345 0.995158 -0.159847
v 0.0899977 0.996489 -0.156567
v 0.0424201 0.986978 0.00267063
v 0.055607 1.02486 0.0306526
v 0.0206739 1.01116 0.107883
v 0.0259034 1.00048 0.116755
v 0.0490068 1.0494 0.239809
v 0.168392 1.16101 0.16211
v 0.182231 1.1569 0.131191
v 0.0711606 0.995681 -0.129908
v 0.0235591 0.985632 -0.126599
v 0.00737433 0.97575 -0.0651139
v 0.0350837 1.00631 0.0107417
v 0.0484728 0.999696 0.0918069
v 0.164028 1.10985 0.0542009
v 0.162591 1.10386 0.0489779
v 0.168326 1.10484 -0.00344277
v 0.145687 1.02983 -0.165694
v 0.11221 1.01754 -0.159715
v 0.0822086 1.00531 -0.14526
v 0.00933994 0.981467 0.147632
v 0.0375604 1.0267 0.219792
v 0.165992 1.15935 0.176237
v 0.17237 1.11281 0.0689332
v 0.16363 1.03472 -0.170623
v 0.0871649 1.01384 -0.167805
v 0.0279888 0.987105 -0.0102324
v 0.044501 1.0106 0.0181485
v 0.0473396 1.02674 0.0350383
v 0.0439379 1.01956 0.0547407
v 0.0455035 1.01491 0.214028
v 0.0654724 1.05337 0.242698
v 0.095776 1.08461 0.240475
v 0.0951526 1.09623 0.240246
v 0.132128 1.15312 0.219076
v 0.15442 1.14899 0.203159
v 0.035708 0.968305 -0.118889
v 0.0154561 0.971326 -0.0363452
v 0.0141518 0.988001 0.126221
v 0.0209943 0.974224 0.154553
v 0.178473 1.15388 0.148082
v 0.179278 1.15944 0.115408
v 0.0977813 1.03179 -0.161326
v 0.0977159 1.01477 -0.165478
v 0.0579122 0.99429 -0.127185
v 0.0368507 1.02063 0.0232561
v 0.0285234 1.01751 0.0637494
v 0.0279352 1.01061 0.0796862
v 0.0156337 0.992551 0.172039
v 0.0516049 1.05487 0.241506
v 0.170566 1.14308 0.089132
v 0.155345 1.10204 0.0277901
v 0.00289016 0.97578 -0.0589868
v 0.0101985 0.972445 -0.0419519
v 0.00750673 0.994185 0.165239
v 0.0255841 0.999221 0.183201
v 0.0443374 1.0336 0.22753
v 0.0978308 1.10648 0.237598
v 0.176716 1.14087 0.183292
v 0.165171 1.12943 0.0705334
v 0.121581 1.04214 -0.162075
v 0.0200854 0.984734 -0.119668
v 0.0123671 0.990646 -0.104843
v 0.0222028 0.959889 -0.0429661
v 0.0122962 1.00965 0.117868
v 0.0295013 1.02082 0.201383
v 0.0571381 1.07183 0.237469
v 0.109268 1.11207 0.232734
v 0.180202 1.09306 -0.0252412
v 0.195029 1.08634 -0.055418
v 0.189257 1.09487 -0.132208
v 0.0801658 1.01336 -0.163104
v 0.073102 1.00727 -0.136863
v 0.0310072 1.01477 0.0156011
v 0.00869134 0.997072 0.123119
v 0.0259665 1.0311 0.213932
v 0.0742726 1.07451 0.236817
v 0.175964 1.15767 0.107223
v 0.168579 1.1646 0.0998373
v 0.158268 1.12235 0.0451153
v 0.160384 1.10942 0.00971541
v 0.180808 1.078 -0.152748
v 0.146922 1.04507 -0.169308
v 0.067535 1.02494 -0.149522
v 0.0655099 1.02044 -0.141948
v 0.0376439 1.02643 0.0320378
v 0.0465741 1.02331 0.0458241
v 0.0134135 1.01683 0.0874618
v 0.0208356 1.02298 0.197201
v 0.11889 1.13123 0.227514
v 0.154805 1.16947 0.185529
v 0.155724 1.11863 0.0324042
v 0.0218703 0.994032 -0.132507
v 0.00606424 0.989656 -0.0852526
v 0.00951062 0.969752 -0.0512179
v 0.0117498 0.987395 -0.0262035
v 0.0242186 0.99774 -0.00165003
v 0.0366914 1.02737 0.0412334
v 0.00537518 1.02027 0.105514
v 0.0366844 1.0625 0.23819
v 0.14924 1.17093 0.194209
v 0.200221 1.12072 -0.0913783
v 0.13341 1.05556 -0.169067
v 0.0486824 1.00175 -0.129994
v -0.0112828 0.999597 0.146725
v 0.0482069 1.07372 0.238128
v 0.0754721 1.10396 0.239181
v 0.170679 1.08046 -0.161251
v 0.158768 1.06555 -0.168953
v 0.0491641 0.992136 -0.127516
v 0.0321909 0.992088 -0.131525
v 0.0263895 1.02895 0.031353
v 0.0913515 1.13132 0.232725
v 0.163525 1.14796 0.0827198
v 0.171917 1.11197 -0.0221962
v 0.20479 1.11173 -0.10164
v 0.201335 1.10182 -0.119991
v 0.152189 1.06423 -0.170558
v 0.109432 1.02646 -0.159478
v 0.00291784 0.988013 -0.0340063
v -0.00644905 1.00474 -0.0279718
v 0.0159746 1.00866 0.00212918
v -0.00474424 0.993032 0.14194
v 0.0022361 1.0162 0.184962
v 0.0214166 1.01524 0.19117
v 0.159437 1.17918 0.155129
v 0.17323 1.16907 0.138677
v 0.159887 1.13795 0.0645492
v 0.155842 1.12701 0.0246716
v 0.181435 1.11805 -0.0526174
v 0.1814 1.09518 -0.137674
v 0.161619 1.08431 -0.164797
v 0.0974588 1.04622 -0.161989
v 0.0130252 0.988091 -0.0932856
v 0.0273205 1.02566 0.0519368
v 0.0316446 1.04581 0.227601
v 0.136562 1.16888 0.209268
v 0.180496 1.11009 -0.0425951
v 0.176382 1.09148 -0.151408
v 0.152368 1.07604 -0.169688
v 0.121043 1.0559 -0.165201
v 0.0851205 1.02695 -0.167234
v 0.0556404 1.00697 -0.134047
v 0.0362651 1.00549 -0.131548
v 2.85987e-005 0.982383 -0.0672868
v 0.0232501 1.0385 0.219231
v 0.0581006 1.08589 0.237446
v 0.101111 1.138 0.229646
v 0.16043 1.17304 0.160832
v 0.155721 1.13596 0.0307671
v 0.158051 1.12572 0.015185
v 0.188418 1.12834 -0.0693801
v -0.0020161 0.993439 -0.0793032
v 0.0167815 0.997965 -0.00793736
v -0.0150384 1.01515 0.166007
v -7.10972e-005 1.00863 0.175303
v 0.0132212 1.0385 0.211436
v 0.154736 1.17412 0.17545
v 0.165651 1.18468 0.134869
v 0.134144 1.06455 -0.171336
v 0.0740692 1.03027 -0.169814
v 0.0253272 1.03076 0.0393851
v 0.0140138 1.01682 0.0837794
v 0.164555 1.11942 -0.00217988
v 0.115866 1.05714 -0.164235
v 0.0758798 1.01578 -0.155747
v 0.0470428 1.02162 -0.141565
v -0.0139018 0.990358 -0.0666434
v 0.00687996 1.01692 0.00395716
v 0.0219951 1.03025 0.0460934
v 0.0115607 1.02036 0.0747575
v 0.001943 0.993649 0.127781
v 0.0205601 1.0553 0.226342
v 0.0340059 1.07752 0.237176
v 0.124396 1.15249 0.22273
v 0.134025 1.07227 -0.170707
v 0.0231302 1.02699 0.0260087
v 0.145487 1.16911 0.200612
v 0.164352 1.19008 0.125748
v -0.0124979 0.993115 -0.0468935
v 0.0134296 1.02578 0.0200585
v -0.0040602 1.00304 0.124807
v -0.0113844 0.999448 0.135143
v 0.0214596 1.06976 0.234045
v 0.0747777 1.11955 0.239847
v 0.15655 1.15845 0.0774239
v 0.15747 1.14622 0.0610265
v 0.157719 1.14315 0.0131619
v 0.108113 1.05257 -0.163704
v 0.0602883 1.03794 -0.155593
v 0.0359752 1.01465 -0.134365
v 0.0209475 1.00807 -0.136489
v -0.0201705 0.995396 -0.0555635
v 0.00605014 1.01753 0.113542
v 0.00138282 1.01216 0.121069
v -0.015399 1.02436 0.17988
v 0.00724525 1.00112 -0.118921
v 0.0141071 1.0254 0.0608242
v -0.00444633 1.02501 0.0950137
v -0.00896125 1.00308 0.155252
v -0.0190591 1.04279 0.197323
v 0.0394454 1.09263 0.238925
v 0.125552 1.17182 0.215374
v 0.16533 1.12806 -0.0179361
v 0.166723 1.13084 -0.0240899
v 0.195937 1.13157 -0.0995855
v 0.194413 1.10704 -0.123641
v 0.176166 1.10615 -0.135754
v 0.0737094 1.0372 -0.170506
v -0.0173081 0.991409 -0.0624252
v -0.0217232 0.995325 -0.0602293
v 0.00248217 1.02054 0.00543413
v 0.00486285 1.0339 0.0281001
v -0.0322253 1.02601 0.124122
v -0.0268209 1.00869 0.140391
v 0.0583237 1.10247 0.237124
v 0.151621 1.18099 0.170866
v 0.157073 1.15894 0.0511961
v 0.167946 1.10729 -0.152176
v 0.0685706 1.03447 -0.167705
v 0.0544142 1.03538 -0.148704
v 0.0265492 1.0285 -0.139562
v 0.00784211 1.01344 -0.138475
v -0.0189744 1.02863 0.120019
v 0.163902 1.10065 -0.160101
v 0.151042 1.08927 -0.169288
v 0.142226 1.09034 -0.170652
v -0.0132915 0.993183 -0.0718712
v 0.00596415 1.03394 0.0404252
v 0.0104746 1.0337 0.201997
v 0.00375669 1.07136 0.224916
v 0.0272206 1.09742 0.239424
v 0.15521 1.16122 0.0676042
v 0.157573 1.13945 0.0488556
v 0.190967 1.14139 -0.0868438
v 0.192408 1.12454 -0.115222
v 0.109625 1.07846 -0.167878
v 0.0758163 1.04621 -0.169175
v 0.0123232 1.01796 -0.141418
v -0.00546746 1.01465 -0.0062158
v -0.00833087 1.02621 0.11486
v -0.0368839 1.02399 0.126989
v -0.0188302 1.03501 0.190217
v -0.00480644 1.0549 0.215151
v 0.133737 1.18724 0.203713
v 0.159821 1.19135 0.137365
v 0.171624 1.13336 -0.0349971
v 0.18722 1.14431 -0.0790436
v 0.179948 1.13406 -0.121608
v 0.139237 1.09811 -0.168929
v 0.0425233 1.03062 -0.145212
v -0.00869207 1.03169 0.06716
v 0.0621472 1.12284 0.238632
v 0.0680574 1.13681 0.237095
v 0.163848 1.19256 0.120124
v 0.172302 1.12139 -0.130764
v 0.125358 1.08165 -0.17004
v -0.00936045 0.996754 -0.0385422
v 0.00867863 1.03136 0.0530094
v -0.00560929 1.02723 0.0745893
v -0.00451663 1.04005 0.199865
v 0.0707984 1.15125 0.23482
v 0.116421 1.151 0.225105
v 0.17745 1.15052 -0.056763
v 0.156575 1.11201 -0.16
v 0.0503792 1.05516 -0.160583
v -0.00775478 1.02641 0.0846442
v 0.00897849 1.07586 0.229174
v 0.0930708 1.14789 0.229511
v 0.147365 1.19125 0.166624
v 0.166251 1.18517 0.115024
v 0.157157 1.16262 0.0312493
v 0.158965 1.14834 -0.0140229
v -0.00432101 1.00244 -0.0949984
v -0.010546 1.00954 -0.0266701
v 0.0442795 1.10925 0.236333
v 0.131211 1.18331 0.209245
v 0.151761 1.19618 0.14647
v 0.159864 1.14159 -0.00334855
v 0.158384 1.15506 -0.0206334
v 0.169693 1.11332 -0.138222
v 0.0888585 1.06195 -0.164463
v 0.0900818 1.04557 -0.162563
v 0.00719539 1.00704 -0.132026
v -0.00146976 1.01172 -0.120739
v -0.0045409 1.01006 -0.0142135
v 0.158064 1.17167 0.0240291
v 0.163252 1.11441 -0.149487
v 0.145156 1.11044 -0.16571
v 0.0610063 1.05444 -0.173954
v 0.056502 1.05258 -0.170287
v -0.0160376 1.02568 -0.000732862
v 4.66753e-005 1.03072 0.0199063
v -0.0321173 1.0158 0.131417
v 0.102864 1.16729 0.224946
v 0.13665 1.18816 0.198169
v -0.0112192 1.0249 -0.1263
v -0.0349096 1.01125 -0.0798523
v -0.03351 1.06436 0.20878
v 0.0153696 1.09141 0.236834
v 0.141064 1.19031 0.184664
v 0.159888 1.15939 0.0850337
v 0.187303 1.15134 -0.0941749
v 0.124973 1.10521 -0.169893
v 0.100347 1.06903 -0.166924
v 0.0564904 1.05723 -0.171805
v -0.00359244 1.0222 -0.131977
v -0.022682 1.02192 -0.0994607
v -0.0198154 1.01715 -0.0257245
v -0.00538456 1.03617 0.050315
v -0.0139275 1.0293 0.103386
v -0.0263885 1.03753 0.185414
v 0.160829 1.18723 0.101878
v 0.168282 1.15167 -0.0361546
v 0.179555 1.16784 -0.0797918
v 0.192493 1.13388 -0.107351
v 0.134382 1.1101 -0.168646
v 0.0592447 1.06536 -0.174773
v 0.00645283 1.03201 -0.14608
v -0.0329718 1.01735 -0.0889868
v -0.0247412 1.02308 -0.012124
v -0.0424314 1.03723 0.166089
v 0.0111299 1.05155 0.221271
v 0.153209 1.18212 0.0826069
v 0.162261 1.13208 -0.133309
v 0.119011 1.09472 -0.169743
v 0.0508027 1.04258 -0.151773
v -0.00479421 1.00697 -0.108176
v -0.0315417 1.03829 0.116162
v -0.0355737 1.02147 0.151218
v 0.0869267 1.16583 0.226817
v 0.105379 1.17808 0.221909
v 0.157034 1.18153 0.030167
v 0.0623302 1.07218 -0.174084
v 0.0338001 1.06678 -0.154741
v -0.0233947 1.02571 -0.109903
v -0.0206429 1.01434 -0.0909415
v -0.0137834 1.03175 0.011204
v -0.0285888 1.03745 0.0718368
v -0.020323 1.0712 0.21819
v 0.080194 1.15942 0.230143
v 0.158264 1.15615 0.000323972
v -0.0254812 1.01301 -0.0406886
v -0.0324605 1.02109 -0.0383687
v -0.0106681 1.03986 0.0286324
v -0.0154335 1.03731 0.0590974
v -0.018817 1.03186 0.0783939
v 0.0929419 1.0907 -0.168566
v -0.0187037 1.06122 0.212001
v -0.0279364 1.08472 0.221684
v -0.0223959 1.09947 0.22542
v -0.0204485 1.10618 0.227426
v 0.114196 1.17571 0.219874
v 0.129502 1.20282 0.19638
v 0.155168 1.16399 -0.00776157
v 0.157854 1.14922 -0.126776
v 0.000258891 1.0282 -0.143045
v -0.041279 1.02072 0.13979
v -0.0417595 1.02265 0.145619
v 0.00645187 1.08969 0.233594
v 0.0174964 1.12751 0.236677
v 0.0302659 1.13991 0.234936
v 0.137323 1.20373 0.172878
v 0.157793 1.2005 0.103805
v -0.00955438 1.03406 -0.136277
v -0.0430888 1.0309 -0.0206982
v -0.0389641 1.04202 0.112974
v 0.0696695 1.18026 0.227749
v 0.112411 1.20382 0.215128
v 0.150452 1.20312 0.138857
v 0.151595 1.18154 0.0621885
v 0.173464 1.14635 -0.118773
v 0.0818381 1.08082 -0.167129
v -0.00125416 1.04011 -0.148879
v -0.0223518 1.04155 0.0177599
v -0.0307283 1.03652 0.0976954
v -0.0369733 1.07205 0.212855
v 0.175367 1.16365 -0.0589032
v 0.172816 1.18063 -0.0984441
v 0.179643 1.14861 -0.112788
v 0.147699 1.12595 -0.16259
v 0.104014 1.10499 -0.168254
v 0.0200051 1.04677 -0.145304
v 0.00305848 1.04658 -0.152067
v -0.0511539 1.03286 0.129253
v 0.0499857 1.14721 0.236366
v 0.0728056 1.08747 -0.168818
v 0.0495356 1.06467 -0.170959
v -0.0465147 1.04619 0.0655745
v -0.0463577 1.04182 0.120696
v 0.122451 1.1998 0.209467
v 0.122324 1.21151 0.20063
v 0.156112 1.1812 0.0112677
v 0.167003 1.1645 -0.0421337
v 0.148291 1.13365 -0.157679
v 0.131625 1.13014 -0.168749
v 0.0515043 1.07467 -0.178077
v -0.0102058 1.04352 -0.142753
v -0.0473249 1.01786 -0.0724126
v -0.0207757 1.04201 0.0311355
v -0.0449831 1.04176 0.169593
v -0.0500694 1.07053 0.202216
v 0.148381 1.18637 -0.0108379
v 0.148407 1.18359 -0.0209628
v 0.113101 1.11699 -0.169603
v 0.10192 1.12156 -0.170748
v 0.091036 1.10647 -0.17047
v -0.0534504 1.0285 -0.0874842
v -0.0445116 1.01611 -0.0750632
v 0.00440535 1.1258 0.237275
v 0.0961751 1.1962 0.220425
v 0.140315 1.20769 0.152296
v 0.156165 1.20899 0.121379
v 0.157266 1.20753 0.114157
v 0.156376 1.16871 -0.0266567
v 0.170229 1.18284 -0.0605041
v 0.179657 1.16958 -0.0927608
v 0.157697 1.16346 -0.119486
v 0.151979 1.14143 -0.13924
v 0.140205 1.14636 -0.163743
v -0.0269508 1.04248 0.0502209
v -0.0560637 1.03892 0.153916
v -0.0457535 1.05977 0.193587
v 0.0447275 1.16883 0.236866
v 0.0599658 1.16742 0.234605
v 0.0815772 1.18573 0.22431
v 0.154136 1.20128 0.095065
v 0.150017 1.19475 0.0799489
v 0.151354 1.1818 0.0739751
v 0.180212 1.15845 -0.106101
v 0.123055 1.13664 -0.170051
v -0.0341654 1.0306 -0.101032
v -0.0553556 1.03922 -0.101565
v -0.0351031 1.03597 0.00312809
v -0.0561262 1.04783 0.120002
v 0.126047 1.20339 0.202583
v 0.131807 1.21131 0.17645
v 0.150039 1.21537 0.128181
v 0.16542 1.17235 -0.111897
v 0.153284 1.14842 -0.131915
v 0.0813632 1.10243 -0.170046
v 0.0495786 1.09278 -0.181321
v -0.00489899 1.06568 -0.158344
v -0.0181499 1.03877 -0.134411
v -0.0365215 1.04439 -0.123327
v -0.043577 1.01454 -0.0665104
v -0.0505364 1.02794 -0.0560592
v -0.0406589 1.05129 0.0237792
v -0.0572122 1.04813 0.0764867
v -0.00713073 1.1103 0.234997
v 0.107716 1.21945 0.2144
v 0.152378 1.21782 0.104501
v 0.14724 1.15876 -0.135564
v 0.0585817 1.09186 -0.176909
v 0.0367407 1.07258 -0.159136
v -0.0653259 1.04093 0.134081
v -0.0498626 1.05491 0.181424
v 0.0250424 1.1495 0.235448
v 0.15049 1.19924 0.011385
v 0.148763 1.19217 -0.0313995
v -0.04811 1.03319 -0.034517
v 0.0860054 1.11429 -0.174177
v 0.00161412 1.06655 -0.158651
v -0.058412 1.03798 -0.0225968
v 0.168917 1.17708 -0.106803
v 0.143576 1.15485 -0.153472
v 0.0760883 1.11266 -0.178208
v 0.0430011 1.08323 -0.177576
v -0.0249343 1.03792 -0.128101
v -0.0256817 1.03442 -0.123263
v -0.05808 1.0293 -0.0671832
v -0.0635141 1.03905 -0.0524943
v -0.0427914 1.03301 -0.0119194
v -0.0488053 1.05433 0.0269511
v -0.0476201 1.04812 0.0576354
v -0.0496858 1.04485 0.103289
v -0.066891 1.05518 0.118228
v -0.0753983 1.0549 0.153891
v 0.17308 1.18809 -0.0800725
v 0.130885 1.15105 -0.169965
v 0.0384493 1.07617 -0.163536
v -0.0192236 1.05117 -0.141869
v -0.0377631 1.04254 -0.111603
v -0.0390164 1.04643 0.0134242
v -0.0604067 1.06852 0.186344
v -0.00504847 1.14135 0.237283
v 0.00707718 1.147 0.239526
v 0.0208876 1.15883 0.235752
v 0.151147 1.22292 0.113623
v 0.146758 1.20335 0.0691831
v 0.148567 1.19781 0.0544671
v -0.0464817 1.06985 -0.140784
v -0.0542295 1.04299 -0.00191731
v -0.0521556 1.04542 0.0819805
v -0.0740124 1.04878 0.148154
v -0.0642087 1.05719 0.168525
v 0.151031 1.16222 -0.125626
v 0.139484 1.16856 -0.154464
v 0.0881776 1.13465 -0.177884
v 0.0232487 1.0723 -0.155447
v -0.0466053 1.04291 0.0933638
v 0.0967891 1.21081 0.218966
v 0.161897 1.19222 -0.0464131
v 0.171126 1.19022 -0.069251
v 0.0659536 1.09792 -0.172868
v -0.048154 1.04766 0.039511
v 0.0767811 1.20709 0.22246
v 0.113613 1.21826 0.208598
v 0.130916 1.22298 0.152634
v 0.147409 1.20585 0.0765695
v 0.151366 1.20108 0.0363484
v 0.109462 1.14003 -0.170552
v -0.0428442 1.07098 -0.144409
v -0.0465671 1.05085 -0.114298
v -0.0673688 1.04625 -0.00953365
v 0.0304378 1.17321 0.238742
v 0.10612 1.21431 0.216607
v 0.167314 1.20883 -0.0739355
v 0.0267007 1.10241 -0.168802
v -0.0103041 1.06684 -0.155015
v -0.0691058 1.04334 -0.0454195
v -0.0666238 1.05385 0.00496531
v -0.055779 1.05688 0.0168754
v -0.0876269 1.06267 0.101351
v -0.0699368 1.0544 0.159275
v -0.0499113 1.09471 0.217008
v -0.0380787 1.12797 0.22546
v 0.0394899 1.17602 0.236329
v 0.094033 1.22607 0.219958
v 0.140447 1.21206 0.144824
v 0.148583 1.21728 0.0889563
v 0.167343 1.19518 -0.0986047
v 0.045767 1.1149 -0.184864
v -0.0624412 1.06019 0.0233316
v -0.0798501 1.05426 0.132355
v -0.0654557 1.10738 0.215895
v 0.123986 1.22522 0.172264
v 0.139689 1.22179 0.134156
v 0.150667 1.20636 0.0258808
v 0.143145 1.19949 -0.0264598
v 0.157394 1.1999 -0.0452128
v 0.172743 1.18656 -0.0911342
v 0.163342 1.19339 -0.104856
v 0.132181 1.17176 -0.163643
v 0.0675177 1.12991 -0.184287
v 0.0322557 1.10398 -0.178644
v -0.049019 1.06505 -0.127953
v -0.0760581 1.05297 -0.0986426
v -0.0671189 1.03874 -0.0847775
v -0.0696452 1.03939 -0.0768875
v -0.0756086 1.06026 0.0339975
v -0.0705625 1.05641 0.0511321
v -0.0960946 1.06555 0.0714891
v -0.094413 1.07002 0.117673
v 0.011178 1.16139 0.239695
v 0.122576 1.22071 0.185305
v 0.143219 1.20389 -0.00285128
v 0.166515 1.20604 -0.0652629
v -0.00309035 1.0796 -0.164234
v -0.0726461 1.05549 0.0681747
v 0.148117 1.21176 0.0153065
v 0.140457 1.20207 -0.0174462
v 0.139691 1.1781 -0.135424
v 0.102168 1.15484 -0.176378
v 0.0576193 1.11276 -0.177386
v 0.0133321 1.07996 -0.158696
v 0.00112675 1.16956 0.240605
v 0.0553194 1.20335 0.227862
v 0.144897 1.23301 0.0894652
v 0.155959 1.18285 -0.113761
v 0.141357 1.1783 -0.128704
v 0.0818406 1.14523 -0.183304
v -0.0378623 1.07554 -0.148318
v -0.0443482 1.06025 -0.131733
v -0.0777855 1.05954 0.00535189
v -0.0782515 1.07555 0.173036
v 0.0434185 1.19446 0.233532
v 0.108968 1.22787 0.203007
v 0.150231 1.2254 0.107769
v 0.101446 1.14081 -0.172581
v 0.0733085 1.13615 -0.185973
v 0.0398829 1.10425 -0.183746
v -0.0169572 1.08255 -0.157011
v -0.0552268 1.04544 -0.107996
v -0.0750145 1.04718 0.142257
v -0.0694394 1.07509 0.181989
v -0.0541403 1.1396 0.223861
v 0.141077 1.23456 0.123024
v 0.143523 1.22239 0.0456058
v 0.167583 1.20493 -0.0868728
v 0.142353 1.19679 -0.115392
v -0.0239642 1.06766 -0.147881
v -0.0778234 1.06521 0.0233584
v -0.0169183 1.12247 0.232999
v 0.149605 1.2243 0.11865
v 0.0562453 1.12991 -0.182251
v -0.0923845 1.0672 0.148308
v -0.0891645 1.07894 0.164502
v -0.0714683 1.11439 0.213188
v 0.0196153 1.18172 0.243203
v 0.112842 1.23433 0.188477
v 0.139557 1.21868 -0.0327101
v 0.141757 1.18542 -0.12209
v 0.119725 1.15965 -0.174566
v -0.0193578 1.07143 -0.150693
v -0.0965791 1.06015 -0.0486809
v -0.0687259 1.09778 0.207255
v -0.061624 1.12162 0.22072
v 0.00134409 1.18212 0.241327
v 0.14584 1.23227 0.0238748
v 0.13642 1.18674 -0.150194
v 0.0915638 1.1606 -0.183141
v -0.0742091 1.04591 -0.0355031
v -0.0927129 1.05883 -0.0208394
v -0.0775514 1.0644 0.0151951
v -0.0525766 1.1189 0.222723
v 0.120884 1.23021 0.17487
v 0.138071 1.24574 0.0469445
v -0.0596509 1.06953 -0.125849
v -0.0779212 1.04844 -0.0630964
v -0.0874775 1.06472 0.0373281
v -0.0775584 1.14614 0.217896
v 0.164703 1.19742 -0.0559123
v 0.104989 1.16924 -0.180182
v 0.0328602 1.1208 -0.187066
v -0.067551 1.05137 -0.107076
v -0.0901797 1.06126 0.135816
v -0.0471862 1.15665 0.226481
v 0.143183 1.21766 0.0597715
v 0.133359 1.18902 -0.158532
v 0.127749 1.20415 -0.163157
v 0.0246937 1.13236 -0.184804
v -0.0984106 1.06999 0.00160818
v -0.0220064 1.16299 0.235664
v -0.0911189 1.06025 -0.0863387
v -0.101649 1.07198 0.142245
v 0.0156002 1.19877 0.244119
v 0.0643865 1.22143 0.223153
v 0.0867211 1.22716 0.221843
v 0.1118 1.24103 0.183534
v 0.147235 1.22315 0.0295895
v 0.163021 1.21233 -0.0936322
v 0.049782 1.14303 -0.187787
v 0.043836 1.1334 -0.189221
v 0.0208735 1.10409 -0.165868
v -0.0221435 1.09339 -0.157241
v -0.0755303 1.06859 -0.12067
v -0.0871796 1.07118 0.0226757
v -0.0838523 1.14047 0.212958
v 0.0291171 1.20221 0.238748
v 0.032409 1.21831 0.235853
v 0.126826 1.23464 0.144672
v 0.139827 1.24208 0.118719
v -0.0558366 1.08347 -0.138094
v -0.0885441 1.05625 -0.0715375
v -0.0945087 1.06706 0.0520719
v -0.0957822 1.06569 0.0863026
v -0.115195 1.08504 0.135842
v -0.087755 1.10953 0.18993
v -0.000942864 1.19298 0.240532
v 0.0895902 1.23684 0.217381
v -0.102197 1.06409 -0.0265252
v -0.0947608 1.07062 0.123509
v -0.090358 1.10643 0.184894
v -0.0860219 1.1131 0.195324
v -0.0339398 1.17196 0.23303
v 0.0508143 1.22849 0.228012
v 0.130327 1.23297 0.135471
v 0.0806661 1.15892 -0.186299
v -0.0668927 1.08619 -0.134951
v -0.0878756 1.08715 -0.127106
v -0.0990635 1.0769 0.0179137
v -0.103729 1.07274 0.104907
v -0.107609 1.11695 0.177242
v 0.124607 1.2457 0.129337
v 0.156435 1.20414 -0.105481
v 0.118036 1.17124 -0.176219
v -0.0147327 1.10764 -0.170075
v -0.111065 1.07805 0.0399794
v 0.118383 1.24327 0.167704
v 0.142624 1.23122 0.0750478
v 0.139354 1.23679 0.0549254
v 0.144759 1.2322 0.0181024
v 0.135473 1.22837 -0.0031862
v 0.142092 1.22827 -0.037875
v 0.129658 1.21552 -0.119005
v -0.0487772 1.1016 -0.154292
v 0.142742 1.24054 0.113276
v 0.135843 1.21937 -0.00881762
v 0.157791 1.22463 -0.0537783
v 0.124577 1.18717 -0.168404
v 0.0994593 1.17499 -0.183718
v 0.0688334 1.15191 -0.191507
v 0.0337575 1.13911 -0.191336
v -0.0289201 1.09232 -0.154221
v -0.108208 1.0703 -0.0636234
v -0.112132 1.07626 0.0638421
v -0.124955 1.08488 0.081142
v -0.0992044 1.13148 0.190736
v -0.0761104 1.16983 0.221435
v -0.00894713 1.20485 0.242342
v 0.0130747 1.2086 0.246178
v 0.0467433 1.22528 0.229466
v 0.132178 1.2363 0.129727
v 0.13556 1.2193 -0.0265332
v 0.149362 1.20412 -0.108887
v 0.133229 1.20145 -0.138263
v -0.111498 1.08939 0.150177
v 0.143928 1.2389 0.0931061
v 0.155611 1.22094 -0.0490165
v -0.0173381 1.10211 -0.166149
v -0.0274319 1.10415 -0.157668
v -0.110062 1.0734 -0.0154436
v 0.0761154 1.23474 0.224506
v 0.133017 1.20242 -0.126777
v -0.0638814 1.10616 -0.14728
v -0.116707 1.07447 -0.0355572
v -0.100361 1.07489 0.027567
v 0.103429 1.24504 0.192135
v 0.138807 1.25585 0.0754632
v 0.0670077 1.16853 -0.193116
v -0.0145077 1.12627 -0.1744
v -0.0568833 1.10636 -0.152162
v -0.113926 1.07823 -0.0751462
v -0.11562 1.08025 -0.00203376
v -0.0897118 1.13902 0.207657
v -0.094481 1.15654 0.211538
v -0.022473 1.18648 0.241188
v 0.14247 1.24369 0.103963
v 0.160767 1.23064 -0.0721524
v 0.135925 1.21464 -0.109474
v -0.0412198 1.12887 -0.159592
v -0.0996163 1.07509 0.0119488
v -0.0561856 1.18552 0.225361
v 0.11498 1.25016 0.160517
v 0.141643 1.23889 0.0131281
v 0.118459 1.19223 -0.1729
v -0.077712 1.10244 -0.140644
v -0.0942282 1.08567 -0.12146
v -0.129267 1.08548 -0.0426301
v -0.124598 1.08688 0.0509691
v -0.123797 1.09322 0.125334
v 0.00879445 1.21965 0.24451
v 0.0170174 1.22289 0.242667
v 0.087412 1.24603 0.209117
v 0.118589 1.24638 0.138521
v 0.129005 1.23615 -0.0154009
v 0.160646 1.22544 -0.0622867
v 0.142105 1.21261 -0.107348
v 0.133208 1.20081 -0.151906
v 0.101372 1.19347 -0.183688
v 0.0825231 1.1756 -0.185383
v 0.0684433 1.17767 -0.193415
v 0.0397278 1.14922 -0.193445
v 0.0222551 1.15087 -0.189185
v 0.0115084 1.13632 -0.17397
v -0.051053 1.12169 -0.158524
v -0.103302 1.07697 -0.0974606
v -0.122781 1.08349 -0.014092
v -0.1214 1.09522 0.0218098
v -0.129671 1.09323 0.0337121
v -0.11371 1.11758 0.171994
v -0.0855529 1.16145 0.217145
v 0.138237 1.25091 0.0623331
v 0.133203 1.212 -0.114723
v -0.0298868 1.1355 -0.165475
v -0.117158 1.08668 -0.0885613
v 0.0544159 1.23796 0.228546
v 0.140343 1.2464 0.0364245
v 0.127582 1.24494 -0.0191065
v 0.152581 1.2493 -0.0553211
v 0.161237 1.22684 -0.0804009
v 0.159666 1.21165 -0.0990999
v 0.153498 1.22171 -0.098349
v 0.0506305 1.17054 -0.191807
v 0.0299419 1.15741 -0.195742
v -0.0109284 1.14658 -0.177076
v -0.034643 1.1339 -0.161634
v -0.139848 1.09759 -0.0551743
v -0.104335 1.14639 0.193673
v 0.0107708 1.23401 0.244871
v 0.0319401 1.23404 0.23498
v 0.097693 1.25232 0.193807
v 0.105549 1.2575 0.175861
v 0.13025 1.25507 0.120611
v 0.136274 1.25184 0.114124
v 0.137868 1.25563 0.0881305
v -0.0486061 1.13056 -0.161622
v -0.143461 1.10055 0.0823528
v -0.13751 1.10645 0.124416
v -0.126 1.09841 0.141863
v -0.0973352 1.16571 0.215205
v -0.0834191 1.17612 0.223557
v -0.038814 1.20154 0.238364
v 0.078967 1.24443 0.218444
v 0.108852 1.25791 0.163804
v 0.137084 1.2399 -0.0366966
v 0.109201 1.20972 -0.175291
v -0.0221393 1.14018 -0.174692
v -0.0584629 1.12158 -0.157255
v -0.0677044 1.11692 -0.150203
v -0.0791951 1.11302 -0.143635
v -0.100569 1.08164 -0.107291
v -0.129427 1.09539 0.00798761
v -0.128177 1.08767 0.0687931
v -0.107743 1.09583 0.159704
v -0.118459 1.13522 0.178616
v -0.0455884 1.20227 0.238067
v -0.0348826 1.21416 0.244266
v -0.0103069 1.21968 0.242123
v 0.134938 1.26348 0.045795
v 0.128888 1.21493 -0.156576
v 0.0759348 1.19625 -0.186919
v 0.00816781 1.15725 -0.178153
v -0.129237 1.09136 0.105293
v -0.0705319 1.18721 0.229181
v -0.0252465 1.21148 0.242313
v 0.0762918 1.25482 0.2142
v 0.129876 1.24523 -0.00479026
v 0.133618 1.2477 -0.00239435
v 0.130132 1.24182 -0.0277279
v 0.151243 1.24602 -0.0486014
v 0.129878 1.21899 -0.14411
v 0.0523851 1.18307 -0.192301
v 0.0287132 1.16924 -0.19586
v 0.0179975 1.16377 -0.190239
v -0.0106702 1.15327 -0.183211
v -0.0287266 1.1456 -0.176426
v -0.053927 1.13313 -0.164973
v -0.101893 1.10392 -0.127321
v -0.121382 1.1001 -0.103214
v -0.133893 1.0984 -0.0763611
v -0.12759 1.14475 0.181931
v -0.113755 1.15314 0.196715
v 0.112021 1.25736 0.137598
v 0.138314 1.25293 0.103966
v 0.141249 1.25393 0.0216565
v 0.149278 1.24106 -0.0455908
v 0.142435 1.22721 -0.101061
v 0.039515 1.17464 -0.196735
v 0.00404313 1.16305 -0.188975
v -0.10968 1.10267 -0.11646
v -0.142039 1.09864 -0.0431541
v -0.151293 1.11584 0.112532
v -0.0604469 1.20487 0.236071
v 0.0618869 1.25158 0.224676
v 0.131091 1.2626 0.099928
v 0.135823 1.26242 0.039143
v 0.138298 1.25211 0.0117584
v 0.129242 1.2157 -0.126968
v 0.0638002 1.18864 -0.19249
v 0.0202752 1.16975 -0.194429
v -0.0779556 1.12241 -0.151991
v -0.139997 1.10338 0.00558047
v -0.136394 1.10529 0.023219
v -0.12666 1.13184 0.169987
v 0.0237642 1.24575 0.244168
v 0.0284641 1.2404 0.2356
v 0.141066 1.24739 -0.0109625
v 0.139587 1.24376 -0.0325432
v 0.102689 1.20297 -0.18078
v 0.0884477 1.20489 -0.180554
v -0.141059 1.09976 -0.0222688
v -0.153555 1.1063 -0.0165102
v -0.100822 1.19431 0.219418
v 0.0983298 1.2575 0.186738
v 0.10838 1.26059 0.174599
v 0.115018 1.25857 0.130216
v 0.149261 1.24096 -0.0899841
v -0.0156498 1.15944 -0.183537
v -0.106288 1.10921 -0.129864
v -0.151777 1.10494 -0.0473362
v -0.147906 1.10815 0.0334781
v -0.15161 1.11002 0.0578232
v -0.0250548 1.23157 0.249928
v 0.110018 1.25908 0.149355
v 0.125957 1.26134 0.122512
v 0.150907 1.24835 -0.021256
v -0.151721 1.10905 0.0166447
v -0.149281 1.10714 0.0396198
v -0.155191 1.11097 0.0767888
v -0.154432 1.11423 0.099795
v -0.153961 1.1278 0.140308
v -0.142231 1.12208 0.144066
v 0.0082265 1.24067 0.24937
v 0.0532288 1.25501 0.232596
v 0.0739907 1.25874 0.219333
v 0.114732 1.26056 0.135824
v 0.139135 1.26228 0.0271885
v 0.139934 1.25681 0.00344702
v -0.16033 1.11066 -0.0124701
v -0.137114 1.13843 0.170866
v -0.0810326 1.20483 0.232743
v -0.0553529 1.22159 0.240905
v 0.0941363 1.26134 0.198975
v 0.121408 1.26262 0.163299
v 0.130131 1.2617 0.112291
v 0.148584 1.24942 -0.0410865
v 0.124002 1.23596 -0.107006
v 0.126556 1.22902 -0.141867
v -0.0490284 1.15237 -0.172343
v -0.128302 1.10562 -0.105139
v -0.152011 1.10822 -0.0648649
v -0.159063 1.11316 -0.0541922
v -0.164452 1.11377 0.0389539
v 0.0914069 1.26751 0.19941
v 0.116635 1.26409 0.17518
v 0.130828 1.26292 0.121425
v 0.135664 1.2639 0.0769779
v 0.141043 1.26122 0.0159856
v 0.149798 1.25092 -0.00786742
v 0.150264 1.25303 -0.0116556
v 0.122219 1.23203 -0.11482
v 0.107087 1.21629 -0.174444
v 0.154945 1.24598 -0.0714876
v 0.153402 1.24456 -0.0805527
v 0.126604 1.22801 -0.151324
v 0.080485 1.20516 -0.191911
v 0.0635712 1.19572 -0.197199
v -0.0827182 1.13663 -0.153582
v -0.16793 1.11794 0.0638902
v -0.169985 1.12149 0.0867781
v -0.162283 1.12231 0.110605
v 0.00678453 1.25071 0.249991
v 0.135117 1.26437 0.0962115
v 0.136103 1.26331 0.0608955
v 0.144213 1.23993 -0.0951271
v 0.141167 1.2402 -0.0995207
v 0.128217 1.23723 -0.102573
v 0.129188 1.23222 -0.136769
v 0.122702 1.22543 -0.161787
v 0.0952637 1.21403 -0.186454
v 0.0458368 1.18662 -0.199361
v 0.0178723 1.18799 -0.19728
v -0.141819 1.12875 -0.107438
v -0.171748 1.12204 0.00908197
v -0.121903 1.16612 0.191528
v -0.110068 1.18565 0.207624
v 0.1403 1.2655 0.0749526
v 0.136829 1.26564 0.0411252
v -0.00342877 1.17324 -0.188152
v -0.0702909 1.15216 -0.16344
v -0.0660922 1.14273 -0.163426
v -0.163679 1.11188 0.0137329
v -0.172115 1.12773 0.0998943
v -0.167448 1.13249 0.119936
v -0.15826 1.14275 0.146433
v -0.145124 1.13546 0.159159
v -0.150696 1.15093 0.160588
v 0.145058 1.26475 0.115251
v 0.149307 1.25957 0.00690977
v 0.147849 1.25773 0.000731581
v 0.0842227 1.21766 -0.189403
v 0.247356 1.32084 0.285183
v 0.256055 1.32376 0.265352
v 0.252298 1.32631 0.2861
v 0.156646 1.24941 -0.0552522
v 0.138099 1.23763 -0.131956
v 0.131259 1.23438 -0.147834
v 0.0341161 1.18871 -0.200143
v -0.00265389 1.18545 -0.188422
v -0.0207184 1.17409 -0.184676
v -0.110117 1.12915 -0.136464
v -0.144527 1.16626 0.172542
v -0.137084 1.16381 0.179135
v 0.0493167 1.26194 0.231262
v 0.110329 1.26967 0.177016
v 0.134056 1.26561 0.148255
v 0.151073 1.26268 0.0949545
v -0.17038 1.15203 0.134939
v -0.124938 1.18348 0.189428
v -0.0881897 1.20105 0.229055
v 0.0740402 1.26536 0.215122
v 0.174815 1.2496 -0.00100026
v 0.161387 1.24841 -0.0662309
v 0.151433 1.24407 -0.0925322
v 0.143865 1.24053 -0.113578
v 0.0541198 1.20289 -0.198082
v 0.234773 1.31638 0.29992
v 0.234383 1.31786 0.310536
v -0.276621 1.25111 -0.202735
v -0.276155 1.27548 -0.18995
v 0.0390816 1.20218 -0.198617
v -0.0388122 1.166 -0.17865
v -0.121826 1.12996 -0.128857
v -0.145784 1.10752 -0.0774036
v -0.0824188 1.2178 0.235836
v 0.149532 1.26428 0.100305
v 0.160955 1.26131 0.0780894
v 0.17132 1.25426 0.0278607
v 0.162276 1.24905 -0.0666257
v 0.144354 1.24277 -0.113194
v 0.123462 1.22984 -0.163804
v 0.238494 1.31902 0.284948
v 0.244245 1.32792 0.295153
v 0.262237 1.3282 0.268104
v -0.281169 1.26105 -0.191248
v -0.0570221 1.16285 -0.171489
v -0.169057 1.12345 -0.02616
v -0.173789 1.12151 0.0531819
v -0.0282744 1.2454 0.250223
v 0.174126 1.25565 0.0345228
v 0.164061 1.253 -0.0592667
v 0.263902 1.33603 0.271536
v -0.278783 1.23716 -0.218026
v 0.236415 1.31348 0.25181
v 0.222949 1.31472 0.300324
v 0.0215328 1.19437 -0.1978
v -0.100961 1.21595 0.228725
v -0.0526564 1.23686 0.24306
v 0.0289798 1.26332 0.238658
v 0.118319 1.27317 0.157174
v 0.131136 1.27241 0.135526
v 0.139868 1.26701 0.132468
v 0.154537 1.24825 -0.0849675
v 0.0629266 1.21445 -0.193887
v 0.240007 1.31899 0.246536
v 0.239377 1.32298 0.272606
v 0.251758 1.33552 0.28919
v 0.268813 1.34027 0.256035
v -0.271899 1.27734 -0.198557
v -0.0882428 1.15324 -0.155165
v -0.145101 1.1862 0.177352
v 0.0714757 1.26973 0.21154
v 0.137194 1.27233 0.112999
v 0.145114 1.26863 0.100249
v 0.176665 1.25284 0.0103614
v 0.172368 1.25271 -0.0347496
v 0.117608 1.2367 -0.164309
v 0.228007 1.31853 0.249516
v 0.241254 1.32313 0.262663
v 0.273275 1.34547 0.245511
v -0.264236 1.25355 -0.19273
v -0.273216 1.2307 -0.217912
v -0.0781603 1.16248 -0.163841
v -0.119216 1.1408 -0.134725
v -0.175318 1.12837 0.0882342
v -0.118414 1.20339 0.210385
v -0.0956422 1.22567 0.232884
v -0.0427765 1.251 0.247504
v 0.127343 1.24132 -0.15031
v 0.102681 1.23393 -0.175248
v 0.235307 1.31432 0.245519
v 0.221397 1.31678 0.307754
v 0.271636 1.352 0.263878
v 0.260543 1.33698 0.251176
v -0.293002 1.27938 -0.240953
v -0.280032 1.25859 -0.22159
v -0.00884306 1.18988 -0.191174
v -0.0349056 1.18196 -0.187903
v -0.109874 1.1574 -0.147163
v -0.180403 1.13399 0.00999652
v -0.186532 1.13951 0.0532508
v -0.0653857 1.24424 0.234833
v 0.00384609 1.2588 0.24924
v 0.0508349 1.26676 0.22683
v 0.159447 1.26603 0.0702442
v 0.16996 1.24902 -0.046885
v 0.228732 1.32195 0.283769
v 0.279515 1.35392 0.245946
v -0.258441 1.22473 -0.195327
v -0.283834 1.25033 -0.248024
v 0.266298 1.34935 0.273882
v 0.240613 1.33007 0.236726
v -0.0179465 1.26599 0.254557
v -0.00361412 1.26673 0.253466
v 0.13288 1.27306 0.128691
v 0.17137 1.25765 0.0445452
v 0.171987 1.26097 0.0291811
v 0.0876644 1.22742 -0.184111
v 0.0631845 1.22426 -0.194333
v 0.00478873 1.19752 -0.192498
v -0.125601 1.14292 -0.132387
v -0.136123 1.1494 -0.126623
v -0.175896 1.14775 0.121219
v -0.123584 1.20974 0.206639
v -0.262658 1.2246 -0.214061
v -0.28917 1.26531 -0.25937
v -0.276479 1.27169 -0.219551
v 0.227171 1.32404 0.242374
v 0.229169 1.32994 0.254114
v 0.215614 1.31979 0.292393
v 0.0357081 1.27322 0.237834
v 0.0890934 1.27149 0.197046
v 0.147645 1.25399 -0.091978
v 0.0352378 1.21313 -0.202919
v -0.263468 1.24199 -0.196225
v -0.254887 1.21861 -0.199967
v -0.277944 1.23735 -0.22996
v -0.265125 1.23597 -0.25232
v -0.279323 1.24184 -0.242898
v -0.273486 1.25003 -0.268048
v -0.282675 1.27334 -0.231401
v -0.272638 1.27022 -0.208073
v 0.216002 1.32002 0.302742
v 0.237388 1.32974 0.308483
v 0.278706 1.35106 0.252817
v 0.243088 1.33878 0.226736
v 0.163902 1.26796 0.0428271
v 0.1751 1.25829 0.000468264
v 0.176064 1.25263 -0.0160193
v 0.135622 1.24895 -0.121351
v 0.122323 1.2443 -0.155558
v 0.0137403 1.19438 -0.195568
v -0.0242062 1.19286 -0.195997
v -0.157427 1.15988 0.155641
v -0.127431 1.20748 0.189561
v -0.283939 1.26112 -0.269874
v -0.28543 1.28235 -0.259099
v -0.0702273 1.1799 -0.175248
v -0.152961 1.1468 -0.103867
v -0.160504 1.12489 -0.0735377
v -0.185689 1.14485 0.0949674
v 0.0997041 1.27257 0.184641
v 0.150355 1.25733 -0.0827646
v 0.226553 1.32693 0.26974
v 0.223848 1.33335 0.264792
v 0.224063 1.32987 0.318634
v 0.233674 1.35052 0.3161
v 0.254546 1.34963 0.236742
v 0.252041 1.34202 0.240746
v -0.251875 1.2471 -0.19264
v -0.0118934 1.20669 -0.197847
v -0.1791 1.13989 -0.0428041
v -0.166804 1.18572 0.158053
v -0.157988 1.18714 0.167381
v -0.109074 1.24782 0.227124
v -0.0503303 1.26142 0.236522
v 0.0685583 1.27749 0.214041
v 0.106101 1.2782 0.172574
v 0.158462 1.26941 0.0595826
v 0.131034 1.24977 -0.128415
v 0.217564 1.33097 0.311767
v 0.250331 1.35801 0.299649
v 0.258333 1.34671 0.282205
v -0.249507 1.25714 -0.18116
v -0.247115 1.22662 -0.194241
v -0.249658 1.21805 -0.21091
v -0.274556 1.28912 -0.248835
v -0.269107 1.27639 -0.214806
v -0.0451157 1.19344 -0.189283
v -0.0916897 1.18318 -0.171253
v -0.189756 1.14609 0.00357487
v -0.194883 1.16105 0.0967202
v -0.121169 1.21612 0.212788
v -0.118334 1.24 0.220244
v 0.0520442 1.27435 0.227797
v 0.126429 1.27529 0.142794
v 0.164617 1.26161 -0.0428935
v 0.139137 1.25378 -0.109086
v 0.225168 1.34041 0.31928
v 0.24195 1.34507 0.302461
v 0.278155 1.36816 0.246431
v 0.273179 1.36075 0.238496
v -0.269942 1.28525 -0.22879
v -0.266552 1.28064 -0.196424
v 0.225128 1.33993 0.238683
v 0.218869 1.3346 0.315831
v 0.25847 1.35898 0.23863
v 0.0130915 1.2735 0.24864
v 0.153377 1.27017 0.0720043
v 0.0431012 1.21889 -0.200083
v 0.00315781 1.21003 -0.194967
v -0.0196459 1.21571 -0.202621
v -0.120924 1.16888 -0.146028
v -0.133906 1.20309 0.18315
v -0.2655 1.22566 -0.225923
v -0.274785 1.2649 -0.27884
v -0.281531 1.2858 -0.240177
v -0.26629 1.27379 -0.204619
v 0.0325492 1.2261 -0.201156
v -0.160817 1.14079 -0.0877548
v -0.199685 1.15769 0.0474498
v -0.195868 1.15613 0.071118
v -0.132146 1.23108 0.187987
v -0.0294289 1.26687 0.251273
v 0.0365595 1.28533 0.236694
v 0.141211 1.25701 -0.106338
v 0.120079 1.2486 -0.156311
v 0.21204 1.33255 0.288192
v 0.211131 1.33858 0.30781
v -0.0359604 1.20692 -0.196701
v -0.178275 1.17293 0.139582
v 0.0479959 1.28208 0.228412
v 0.0564554 1.28594 0.217822
v 0.0912242 1.28134 0.191401
v 0.171749 1.26296 -0.000395031
v 0.123803 1.25398 -0.148028
v 0.101602 1.24528 -0.173398
v 0.232333 1.34757 0.24842
v 0.21252 1.33722 0.299226
v 0.264533 1.36206 0.278357
v 0.268891 1.3716 0.268697
v 0.248939 1.34691 0.230429
v -0.237184 1.2698 -0.178358
v -0.246258 1.21757 -0.200253
v -0.269137 1.24542 -0.260351
v -0.180561 1.15332 -0.0657676
v -0.185109 1.15225 -0.044964
v -0.0623731 1.25896 0.231554
v -0.00505143 1.28072 0.255188
v 0.170602 1.26134 -0.020409
v 0.151047 1.26456 -0.0888716
v 0.278278 1.3685 0.255913
v -0.24886 1.22097 -0.234686
v -0.267523 1.25676 -0.281464
v -0.277012 1.27788 -0.26424
v -0.249312 1.28026 -0.19684
v 0.0654246 1.2335 -0.190031
v -0.0859952 1.18682 -0.175232
v -0.151697 1.15636 -0.10987
v -0.19959 1.16369 -0.000345442
v -0.203069 1.1648 0.0277486
v -0.0773266 1.26153 0.234484
v -0.0630241 1.27455 0.230277
v 0.0941851 1.28569 0.183493
v 0.112898 1.28049 0.159175
v 0.16697 1.26666 0.0287861
v 0.168671 1.26681 -0.032518
v 0.135984 1.25549 -0.120085
v 0.100208 1.24934 -0.172737
v 0.0838332 1.237 -0.184748
v 0.272335 1.37304 0.24254
v -0.244805 1.24549 -0.195826
v -0.260765 1.23116 -0.243081
v -0.266348 1.27559 -0.271825
v -0.266975 1.29121 -0.244918
v -0.246906 1.28255 -0.188709
v 0.02322 1.22054 -0.204343
v -0.145748 1.22288 0.17993
v -0.0956335 1.25249 0.233876
v -0.0432613 1.28048 0.232613
v 0.133353 1.28186 0.130352
v 0.139061 1.26439 -0.115673
v 0.22532 1.34067 0.23254
v 0.276638 1.38148 0.256734
v 0.230306 1.35745 0.217289
v -0.236417 1.23927 -0.202586
v -0.245386 1.22689 -0.252197
v 0.0797367 1.25354 -0.176084
v -0.0674154 1.20374 -0.188105
v -0.104964 1.19185 -0.160805
v -0.203397 1.1862 0.107473
v -0.149011 1.20272 0.175619
v 0.143171 1.27189 0.0920591
v 0.173609 1.26673 -0.00707771
v 0.167369 1.26917 -0.0436154
v 0.226296 1.34249 0.223315
v 0.217126 1.3376 0.273088
v 0.210382 1.34819 0.294337
v 0.21083 1.342 0.316613
v 0.215253 1.34859 0.321923
v 0.239949 1.36255 0.31153
v 0.243954 1.35984 0.224935
v -0.262736 1.29102 -0.236794
v -0.253089 1.27112 -0.205395
v -0.127644 1.17523 -0.14212
v -0.142573 1.16995 -0.123268
v -0.212061 1.18624 0.0325119
v -0.12609 1.23584 0.210754
v 0.0856424 1.28551 0.192959
v 0.136368 1.2787 0.120607
v 0.0502112 1.23625 -0.18841
v 0.0409611 1.23662 -0.194422
v 0.22322 1.35039 0.241827
v 0.221225 1.3573 0.323642
v -0.253544 1.23359 -0.260406
v -0.256469 1.26534 -0.287617
v -0.264034 1.27227 -0.248624
v -0.085054 1.20214 -0.180703
v -0.161477 1.1799 -0.10948
v 0.159021 1.26544 -0.0674837
v 0.140718 1.26346 -0.108672
v 0.121266 1.2573 -0.154359
v 0.123228 1.26279 -0.150434
v 0.0551895 1.24669 -0.180951
v 0.225887 1.35141 0.261576
v 0.265185 1.38023 0.285383
v 0.253553 1.3747 0.246639
v 0.251003 1.36309 0.239503
v -0.228649 1.21744 -0.208191
v -0.236711 1.2146 -0.212662
v -0.256015 1.2445 -0.268837
v -0.255766 1.28768 -0.23668
v -0.246901 1.27713 -0.210878
v -0.238328 1.28632 -0.197836
v -0.0969249 1.19729 -0.168518
v -0.138165 1.19109 -0.128893
v -0.182944 1.16519 -0.0745794
v -0.209049 1.17755 0.0595743
v -0.217444 1.21217 0.0930388
v 0.138541 1.27595 0.104437
v 0.157102 1.2774 0.061632
v 0.219919 1.35131 0.234936
v 0.230547 1.35216 0.246542
v 0.231291 1.36129 0.320248
v -0.252237 1.24894 -0.284329
v -0.253627 1.27993 -0.262797
v -0.244638 1.28054 -0.220409
v -0.241606 1.278 -0.207847
v -0.110368 1.20666 -0.158562
v -0.178035 1.16943 -0.0865503
v -0.185774 1.16509 0.12564
v 0.010034 1.29072 0.246161
v 0.173735 1.27226 0.00626975
v 0.145975 1.26821 -0.0966492
v 0.134017 1.26277 -0.137403
v 0.222497 1.35952 0.265666
v 0.255453 1.378 0.296517
v 0.270907 1.39104 0.270178
v -0.234826 1.25617 -0.189469
v -0.23321 1.22281 -0.202389
v -0.237075 1.2192 -0.232721
v -0.252852 1.2894 -0.229372
v -0.046958 1.21941 -0.197035
v -0.0729877 1.21344 -0.188011
v -0.125957 1.194 -0.140496
v -0.207533 1.18174 0.0100269
v -0.111754 1.26827 0.21434
v -0.0973879 1.26584 0.22909
v 0.133758 1.29074 0.125679
v 0.135098 1.28717 0.0978751
v 0.0279746 1.23381 -0.201042
v 0.011835 1.23212 -0.196497
v 0.203773 1.34337 0.313298
v 0.229303 1.36942 0.318533
v 0.249094 1.37706 0.30486
v 0.270979 1.38606 0.248086
v 0.245461 1.37163 0.242257
v -0.226244 1.27652 -0.18256
v -0.229801 1.25026 -0.208236
v -0.251714 1.28197 -0.276166
v -0.237366 1.28745 -0.204631
v -0.131264 1.20549 -0.136741
v -0.196205 1.18959 -0.0489293
v -0.220769 1.21469 0.0777268
v -0.204254 1.20919 0.119536
v -0.128912 1.23335 0.193868
v -0.132857 1.26515 0.202751
v -0.125365 1.25758 0.212022
v -0.022169 1.28872 0.245748
v 0.110295 1.28669 0.158072
v 0.1517 1.27861 0.0713174
v 0.0993272 1.25838 -0.167678
v 0.207199 1.35384 0.250866
v 0.215884 1.35678 0.274892
v 0.211375 1.35865 0.285346
v 0.198037 1.35231 0.316648
v 0.195261 1.35979 0.318574
v 0.249704 1.38767 0.239769
v -0.222229 1.2628 -0.188262
v -0.226419 1.21445 -0.219315
v -0.2359 1.21821 -0.246306
v -0.241172 1.23919 -0.28031
v -0.245338 1.25885 -0.292558
v -0.031822 1.2317 -0.201901
v -0.055764 1.22458 -0.193792
v -0.160976 1.22891 0.17053
v -0.0551066 1.29529 0.225745
v -0.0485425 1.28742 0.226553
v 0.0693486 1.2886 0.202904
v 0.167182 1.27544 0.035449
v 0.156289 1.27208 -0.0735748
v 0.0370187 1.24819 -0.197501
v 0.212483 1.36066 0.272379
v 0.206852 1.34752 0.300179
v 0.263849 1.38768 0.28692
v -0.228027 1.25408 -0.207457
v -0.247569 1.26777 -0.235786
v -0.242071 1.27569 -0.224218
v -0.236606 1.28112 -0.219274
v -0.0170006 1.24151 -0.204843
v -0.116211 1.20159 -0.150281
v -0.203552 1.18601 -0.0156324
v -0.212266 1.18301 0.0492562
v -0.0933438 1.28786 0.214471
v -0.0835663 1.27672 0.235267
v 0.0514691 1.29709 0.220216
v 0.128468 1.29063 0.134359
v 0.204884 1.3575 0.262346
v 0.219393 1.35959 0.261329
v -0.220594 1.25801 -0.194264
v -0.223427 1.22263 -0.268365
v -0.249288 1.27778 -0.285392
v -0.24155 1.28739 -0.262409
v -0.245495 1.27007 -0.242988
v -0.232621 1.29607 -0.218628
v -0.0985114 1.21285 -0.174727
v -0.213267 1.19847 0.01224
v -0.182692 1.21225 0.149049
v -0.172415 1.2447 0.162122
v -0.168456 1.25213 0.164773
v -0.122984 1.2773 0.206503
v -0.111168 1.25705 0.222318
v 0.135139 1.29402 0.114885
v 0.137705 1.2927 0.0836541
v 0.158096 1.28533 0.0548587
v 0.174498 1.27409 -0.00408675
v 0.172352 1.27224 -0.0175101
v 0.16757 1.27728 -0.0404858
v 0.215385 1.35656 0.229718
v 0.198845 1.3579 0.243807
v 0.192706 1.35068 0.307125
v 0.271818 1.39822 0.260143
v 0.263248 1.3952 0.245996
v -0.21561 1.22658 -0.209213
v -0.237552 1.24812 -0.290891
v -0.238155 1.26863 -0.223992
v -0.225968 1.30534 -0.217421
v -0.0707353 1.22227 -0.185751
v -0.0854707 1.22522 -0.179032
v -0.198122 1.21447 0.133252
v -0.00829052 1.29112 0.250995
v 0.0926211 1.29098 0.182116
v 0.168164 1.28422 0.03161
v 0.151397 1.28286 -0.0713317
v 0.139448 1.26943 -0.126127
v 0.0665996 1.25839 -0.171015
v 0.215901 1.36334 0.217667
v -0.212306 1.27258 -0.184164
v -0.236541 1.26837 -0.23278
v -0.22875 1.29094 -0.194726
v -0.232653 1.27343 -0.228518
v 0.0160678 1.24821 -0.195169
v -0.0994974 1.22438 -0.174043
v -0.183225 1.2183 -0.0908975
v -0.181168 1.26379 0.154324
v -0.13695 1.27051 0.185394
v -0.093678 1.30215 0.20296
v 0.038478 1.29822 0.229571
v 0.143916 1.27437 -0.096018
v 0.088522 1.26744 -0.160744
v 0.19313 1.35408 0.294174
v 0.26437 1.40023 0.270423
v 0.242669 1.38891 0.233997
v -0.208025 1.262 -0.191758
v -0.219026 1.21448 -0.237953
v -0.230622 1.22785 -0.277215
v -0.242159 1.28956 -0.272781
v -0.0636304 1.23772 -0.177805
v -0.138115 1.24975 0.182634
v -0.136407 1.28806 0.194114
v -0.0280737 1.29606 0.234153
v 0.0706563 1.29835 0.196791
v 0.150118 1.2855 0.0705592
v 0.153578 1.29025 0.062546
v 0.143186 1.27739 -0.100428
v 0.0582724 1.26047 -0.174604
v 0.0531668 1.26329 -0.184593
v 0.222945 1.37882 0.315369
v 0.255118 1.40053 0.244995
v 0.24076 1.38375 0.224377
v 0.236226 1.38409 0.218589
v -0.0534956 1.24002 -0.184042
v -0.203652 1.20632 -0.0195234
v -0.0698004 1.30064 0.233573
v -0.0128028 1.30573 0.227755
v 0.015273 1.30953 0.229268
v 0.107437 1.29197 0.160096
v 0.00943994 1.25371 -0.198276
v 0.221227 1.37627 0.211805
v 0.194019 1.35771 0.256244
v 0.211905 1.3697 0.319976
v 0.264844 1.40375 0.263203
v -0.213866 1.25104 -0.204947
v -0.220064 1.21403 -0.255219
v -0.231617 1.27464 -0.294498
v -0.236027 1.27925 -0.244845
v -0.22906 1.29372 -0.232217
v -0.0221693 1.24826 -0.202531
v -0.0837335 1.23616 -0.173483
v -0.127882 1.23504 -0.155742
v -0.199245 1.21054 -0.0351609
v -0.2204 1.22304 0.0255196
v -0.208197 1.24986 0.122021
v -0.0645182 1.2999 0.2331
v -0.015983 1.31029 0.224952
v 6.19916e-005 1.30786 0.232578
v 0.0253214 1.30363 0.231731
v 0.130591 1.30233 0.124817
v 0.174453 1.28283 0.00858093
v 0.119983 1.27394 -0.141702
v 0.0890139 1.27328 -0.156964
v 0.0466741 1.25471 -0.191337
v 0.0480376 1.26548 -0.187806
v 0.209565 1.36892 0.22309
v 0.193995 1.36067 0.272992
v 0.183024 1.35822 0.310552
v 0.256622 1.3953 0.285949
v -0.222921 1.29141 -0.29355
v -0.224179 1.30207 -0.2378
v -0.0569585 1.25362 -0.164126
v -0.128778 1.21556 -0.143402
v -0.190721 1.21237 -0.073131
v -0.212748 1.22599 -0.00265845
v -0.223607 1.22106 0.0692046
v -0.0820098 1.2899 0.231215
v -0.0432934 1.30245 0.222531
v 0.0842404 1.29556 0.185876
v 0.114126 1.29948 0.147012
v 0.142636 1.29165 0.0763906
v 0.107543 1.27642 -0.143546
v 0.178159 1.35936 0.298185
v 0.268855 1.39962 0.253745
v -0.20908 1.21909 -0.213662
v -0.230367 1.23749 -0.284859
v -0.227587 1.30149 -0.256048
v -0.227606 1.29464 -0.244178
v -0.215982 1.30847 -0.211707
v -0.214337 1.29302 -0.191432
v -0.0292848 1.26138 -0.178014
v -0.069948 1.25031 -0.164635
v -0.221581 1.22945 0.0503591
v -0.21691 1.25367 0.107772
v 0.17452 1.28953 -0.00650641
v 0.143052 1.27791 -0.11462
v 0.136377 1.27291 -0.129845
v 0.130387 1.28179 -0.130867
v 0.0316827 1.26652 -0.188998
v 0.190707 1.36045 0.282472
v 0.210266 1.38315 0.317358
v 0.238037 1.3998 0.232744
v -0.203411 1.24209 -0.207609
v -0.209629 1.21247 -0.225803
v -0.23442 1.29448 -0.284188
v -0.232152 1.30016 -0.272942
v -0.0289765 1.2521 -0.197221
v -0.175594 1.21458 -0.100926
v -0.223329 1.25204 0.0890286
v -0.145966 1.28975 0.174158
v -0.047847 1.30881 0.22005
v 0.0994384 1.30036 0.165519
v 0.175522 1.28939 0.00345741
v 0.161472 1.27931 -0.0546673
v 0.153276 1.28855 -0.0661535
v 0.14302 1.28551 -0.115564
v 0.0657272 1.26748 -0.166678
v 0.255277 1.40795 0.254804
v 0.231592 1.39138 0.22049
v -0.214953 1.21612 -0.256025
v -0.0864708 1.24773 -0.165406
v -0.157923 1.21569 -0.118962
v -0.204421 1.23108 -0.02176
v -0.162923 1.28246 0.164316
v -0.0889742 1.2999 0.210796
v 0.0560572 1.27401 -0.183087
v 0.193391 1.37436 0.231806
v 0.194355 1.37193 0.3209
v 0.23207 1.39874 0.299448
v -0.195499 1.23258 -0.215717
v -0.229976 1.2605 -0.29551
v -0.216589 1.3118 -0.224092
v -0.208845 1.31313 -0.221348
v 0.00540989 1.26161 -0.203582
v -0.0453984 1.25539 -0.168104
v -0.123921 1.24035 -0.161108
v 0.165809 1.28635 -0.0439516
v 0.0752655 1.27553 -0.157293
v 0.243912 1.40817 0.241751
v -0.217368 1.31004 -0.241955
v -0.0710844 1.25581 -0.167327
v -0.115757 1.2463 -0.161976
v -0.145297 1.23191 -0.133928
v -0.160624 1.2298 -0.119166
v -0.216495 1.23809 0.0106777
v -0.132785 1.29052 0.199113
v -0.108561 1.30057 0.198948
v -0.0556411 1.32398 0.227855
v 0.057004 1.30441 0.211345
v 0.12389 1.30584 0.133749
v 0.134849 1.2961 0.0938511
v 0.171093 1.29051 0.0269782
v 0.148435 1.28581 -0.0997093
v 0.215897 1.38223 0.212214
v 0.184041 1.37527 0.243016
v 0.189339 1.38239 0.319415
v -0.197041 1.2544 -0.204164
v -0.217963 1.25836 -0.297076
v -0.219512 1.31194 -0.273803
v -0.214906 1.31423 -0.250553
v -0.194719 1.31223 -0.224423
v -0.202736 1.30661 -0.202497
v -0.020196 1.26139 -0.192946
v -0.198556 1.24312 -0.0375706
v -0.0378337 1.3231 0.212137
v -0.019976 1.31625 0.216475
v -0.00604603 1.32037 0.211511
v 0.048588 1.30941 0.21654
v 0.083985 1.31167 0.1749
v 0.149002 1.28669 -0.078481
v 0.146296 1.28544 -0.109598
v 0.111793 1.28211 -0.136531
v 0.100062 1.28407 -0.140102
v 0.182686 1.36733 0.269742
v 0.171549 1.37039 0.306919
v 0.24052 1.41779 0.264528
v 0.224879 1.40401 0.228681
v -0.19483 1.26615 -0.200135
v -0.19708 1.22178 -0.240547
v -0.221655 1.30518 -0.28461
v -0.0846516 1.26388 -0.174927
v -0.122945 1.25394 -0.15986
v -0.139054 1.24128 -0.144219
v -0.17279 1.23482 -0.105073
v -0.22143 1.26019 0.0531501
v -0.0832729 1.31464 0.201172
v -0.0563859 1.31274 0.229133
v 0.155504 1.29728 0.0611039
v 0.136315 1.28846 -0.11856
v 0.205062 1.37918 0.220734
v 0.215741 1.39015 0.311918
v 0.237864 1.41229 0.282766
v -0.202924 1.21764 -0.221286
v -0.202909 1.23273 -0.286501
v -0.212545 1.28291 -0.298243
v -0.207397 1.31872 -0.262269
v -0.2076 1.31554 -0.237417
v -0.102379 1.25145 -0.163304
v -0.141491 1.29206 0.180504
v -0.0956298 1.30802 0.197877
v -0.0756869 1.31014 0.226258
v -0.0294841 1.32217 0.208809
v 0.00190323 1.31524 0.223601
v 0.031605 1.31595 0.220065
v 0.136111 1.30057 0.11416
v 0.0769784 1.28424 -0.150818
v 0.0658826 1.28203 -0.171745
v 0.211427 1.39155 0.219785
v 0.169044 1.3685 0.299724
v 0.219257 1.39458 0.221105
v -0.135762 1.2582 -0.138776
v -0.150949 1.24609 -0.128769
v -0.21 1.25544 0.00126929
v -0.181362 1.28916 0.150293
v -0.1334 1.307 0.194031
v 0.0223041 1.32154 0.218844
v 0.0551929 1.31663 0.207245
v 0.170217 1.28736 -0.0289779
v 0.0660053 1.27827 -0.161704
v 0.00172241 1.26888 -0.201432
v 0.192011 1.39666 0.22953
v 0.177963 1.37264 0.313546
v 0.233462 1.41844 0.251525
v -0.186414 1.23642 -0.225165
v -0.181272 1.2373 -0.260569
v -0.197208 1.22582 -0.258344
v -0.19528 1.24444 -0.0520211
v -0.221196 1.27994 0.0750211
v -0.197713 1.26954 0.136288
v -0.0670439 1.32422 0.222697
v -0.0643627 1.31823 0.228349
v 0.0710466 1.31369 0.192413
v 0.174041 1.2965 0.0233239
v 0.0623321 1.28392 -0.175744
v 0.041949 1.27889 -0.183674
v -0.0305991 1.28717 -0.165277
v -0.0499861 1.26949 -0.167799
v -0.0792374 1.27313 -0.177753
v -0.110722 1.26057 -0.1656
v -0.202005 1.24456 -0.0256382
v -0.156373 1.31062 0.162494
v -0.0832485 1.32175 0.199308
v 0.120836 1.29157 -0.121339
v 0.0712993 1.28946 -0.15498
v 0.0182746 1.26893 -0.198433
v -0.00402447 1.2729 -0.194168
v -0.0258752 1.27313 -0.170517
v 0.186932 1.38581 0.233162
v 0.164906 1.37291 0.290028
v -0.187743 1.22933 -0.236582
v -0.21174 1.30487 -0.290562
v -0.210767 1.31661 -0.275521
v 0.0170434 1.29277 -0.183294
v 0.138981 1.30624 0.0829202
v 0.0946381 1.28935 -0.139422
v 0.168966 1.38288 0.306665
v -0.175557 1.25081 -0.232275
v -0.18541 1.23921 -0.276555
v -0.0664219 1.2818 -0.181854
v -0.0864858 1.27867 -0.169916
v -0.122552 1.27125 -0.147024
v -0.15365 1.2537 -0.120647
v -0.209676 1.2814 0.00712775
v -0.220676 1.24732 0.0230493
v -0.221444 1.27173 0.0670406
v -0.0962423 1.32144 0.185955
v -0.0692281 1.32961 0.216941
v 0.00839728 1.32902 0.20125
v 0.132021 1.30731 0.122417
v 0.176762 1.29895 0.012287
v 0.152457 1.29651 -0.067128
v 0.0918926 1.29844 -0.129581
v 0.173085 1.37916 0.2634
v 0.190977 1.39678 0.313247
v 0.206375 1.411 0.301742
v -0.182437 1.25709 -0.216411
v -0.193201 1.32241 -0.26534
v -0.0772817 1.28036 -0.176993
v -0.110558 1.26676 -0.162963
v -0.202648 1.29778 0.120067
v -0.109851 1.32294 0.183453
v 0.134348 1.30797 0.112243
v 0.135136 1.30378 0.0939651
v 0.167789 1.29597 0.0369972
v 0.150068 1.29236 -0.092767
v 0.0327854 1.28282 -0.19056
v -0.040909 1.28558 -0.168158
v 0.188202 1.41169 0.236809
v 0.174005 1.38799 0.252025
v 0.178121 1.38904 0.313201
v -0.173514 1.2473 -0.242491
v -0.204264 1.314 -0.28466
v -0.196585 1.31768 -0.241344
v -0.178577 1.2588 -0.0864362
v -0.197634 1.26707 -0.0324704
v -0.223768 1.27675 0.0302739
v -0.224847 1.27252 0.0372682
v -0.146922 1.31025 0.173194
v 0.0947196 1.31096 0.163118
v 0.165899 1.29515 -0.0380715
v 0.0861053 1.29834 -0.133929
v 0.159857 1.39405 0.270088
v 0.161375 1.40086 0.306304
v 0.210165 1.41861 0.237367
v -0.17373 1.24504 -0.259589
v -0.186277 1.28696 -0.298916
v -0.191939 1.27858 -0.0403451
v -0.220977 1.29029 0.0731453
v -0.144381 1.31267 0.185747
v -0.0807711 1.3355 0.203992
v 0.0221355 1.32562 0.21288
v 0.0402776 1.32321 0.21338
v 0.0515847 1.3233 0.20797
v 0.107675 1.31007 0.149058
v 0.144025 1.30045 0.0740779
v 0.161174 1.29638 0.0516917
v -0.00603345 1.28813 -0.169865
v -0.00768418 1.30437 -0.160035
v 0.180525 1.39925 0.314037
v 0.215507 1.42205 0.28764
v -0.178204 1.28849 -0.209614
v -0.157912 1.27048 -0.240672
v -0.175932 1.26248 -0.287212
v -0.18886 1.3167 -0.235165
v -0.189302 1.26391 -0.0635587
v -0.220648 1.29108 0.0249176
v -0.211233 1.29036 0.100642
v -0.185075 1.30776 0.137443
v -0.153251 1.32691 0.165597
v -0.0958055 1.33081 0.180475
v -0.0561437 1.33252 0.225365
v -0.0128337 1.32973 0.202096
v 0.136813 1.31147 0.0927889
v 0.0758775 1.29309 -0.145739
v -0.0357331 1.29933 -0.16753
v 0.177253 1.40139 0.242764
v 0.152709 1.40058 0.297189
v -0.182461 1.32544 -0.249737
v -0.172998 1.27187 -0.219472
v -0.149316 1.27201 -0.110244
v -0.20585 1.27683 -0.0029535
v -0.199857 1.29124 0.12888
v -0.152942 1.33664 0.173145
v 0.172946 1.29989 -0.00933431
v 0.162256 1.29467 -0.0470419
v 0.155308 1.29514 -0.0597744
v 0.118742 1.29929 -0.1134
v 0.0539355 1.2902 -0.177736
v 0.0294761 1.28844 -0.190336
v 0.00174218 1.28813 -0.174938
v -0.0674069 1.28997 -0.184202
v 0.223837 1.42477 0.267878
v 0.17693 1.40505 0.310951
v 0.194485 1.4156 0.302923
v 0.219654 1.42433 0.255676
v 0.201486 1.42379 0.245332
v -0.0474098 1.30137 -0.177674
v -0.105721 1.28933 -0.144754
v -0.132454 1.27882 -0.129016
v -0.159654 1.32205 0.15663
v -0.140422 1.32262 0.185422
v -0.11878 1.34557 0.166359
v -0.0866413 1.32925 0.19321
v -0.0249992 1.33135 0.206421
v 0.0646288 1.31991 0.199309
v 0.131717 1.31066 0.122169
v 0.163176 1.30378 0.0495192
v 0.108794 1.302 -0.116864
v -0.190059 1.2994 -0.298227
v -0.191432 1.32109 -0.278869
v -0.181126 1.32874 -0.261125
v -0.176909 1.32031 -0.238286
v -0.16621 1.29701 -0.224803
v -0.158046 1.2621 -0.25957
v -0.152654 1.28485 -0.098093
v -0.19416 1.29289 -0.0139126
v -0.219087 1.30338 0.0788631
v -0.143289 1.33477 0.176377
v -0.0849468 1.34407 0.195792
v -0.0644281 1.33723 0.218984
v -0.054501 1.33971 0.223427
v 0.000792047 1.33414 0.194982
v 0.114781 1.31561 0.140055
v 0.14702 1.31347 0.0718461
v 0.152992 1.30733 0.0635529
v 0.164803 1.39844 0.256921
v 0.155532 1.39585 0.281355
v 0.0160862 1.28643 -0.190898
v -0.0908902 1.29315 -0.158713
v -0.165403 1.28501 -0.0798329
v -0.223763 1.31127 0.0431845
v -0.202342 1.31076 0.112705
v -0.172277 1.33053 0.135034
v 0.0550635 1.33476 0.199508
v 0.153923 1.30143 -0.0763829
v 0.149455 1.29336 -0.0996472
v 0.147768 1.40701 0.26439
v -0.170207 1.25409 -0.27539
v -0.0829933 1.304 -0.176564
v -0.0767094 1.29151 -0.179243
v -0.2167 1.31191 0.0785902
v -0.191574 1.32347 0.119857
v -0.0483724 1.33126 0.223829
v 0.0718214 1.31964 0.191785
v 0.164762 1.30047 -0.0404218
v 0.075418 1.29497 -0.161827
v 0.173141 1.41597 0.24414
v 0.197659 1.42381 0.294204
v 0.197281 1.43304 0.284586
v 0.218752 1.42669 0.276901
v 0.210143 1.42559 0.250143
v 0.198145 1.43429 0.254659
v 0.0429839 1.33185 0.205786
v 0.0830709 1.32151 0.177885
v 0.138307 1.31601 0.107967
v 0.0455207 1.30403 -0.179828
v 0.0203151 1.3089 -0.15981
v -0.128048 1.295 -0.118761
v -0.182563 1.29766 -0.0386978
v -0.205023 1.30404 0.0129269
v -0.074626 1.35852 0.200431
v -0.190376 1.31346 -0.29015
v -0.178213 1.32752 -0.287301
v -0.164671 1.32426 -0.239406
v -0.159491 1.2629 -0.248803
v 0.163713 1.40831 0.252497
v -0.0777502 1.31078 -0.181027
v -0.0955224 1.31077 -0.162629
v -0.103068 1.30168 -0.14329
v -0.173358 1.29258 -0.0585864
v -0.226114 1.30671 0.0576063
v -0.169942 1.34042 0.135291
v -0.159489 1.35462 0.153795
v -0.0774704 1.34078 0.206523
v -0.0480769 1.34582 0.218647
v 0.00212047 1.34184 0.190145
v 0.134706 1.31797 0.118782
v 0.175723 1.30714 0.0295622
v -0.179636 1.31212 -0.298385
v -0.156312 1.30919 -0.232755
v -0.18117 1.27383 -0.295481
v -0.0675374 1.31105 -0.182549
v -0.102702 1.30964 -0.146062
v -0.181251 1.30806 -0.0323182
v -0.192877 1.30316 -0.00906264
v -0.206346 1.32181 0.0862021
v -0.199991 1.32366 0.104381
v -0.178105 1.33627 0.121874
v -0.096688 1.35533 0.165954
v -0.0876178 1.35528 0.185961
v 0.0633103 1.33249 0.194807
v 0.153836 1.30417 -0.086126
v 0.122756 1.30898 -0.100857
v -0.15648 1.34218 0.160233
v 0.169667 1.40791 0.311946
v -0.179833 1.33094 -0.275644
v -0.155608 1.29167 -0.234224
v 0.0573596 1.30157 -0.177902
v -0.0127361 1.31206 -0.160024
v -0.0104945 1.31978 -0.163553
v -0.138381 1.30632 -0.101183
v -0.166192 1.30855 -0.0551993
v -0.0904309 1.35418 0.173012
v 0.0907899 1.3273 0.168317
v 0.167401 1.30208 -0.0259862
v 0.0721044 1.29894 -0.166938
v -0.154104 1.34506 0.147609
v -0.154609 1.3441 0.156778
v 0.180129 1.42716 0.245972
v 0.160409 1.42384 0.247246
v -0.171209 1.32759 -0.295638
v -0.146034 1.31629 -0.236372
v -0.181835 1.29625 -0.300853
v -0.156674 1.35736 0.155892
v -0.0145389 1.33494 0.198937
v 0.162259 1.31138 0.0545427
v 0.177847 1.30844 0.0131402
v 0.175139 1.30474 0.00143446
v 0.170302 1.31106 -0.00989798
v 0.00811728 1.31056 -0.156835
v 0.133416 1.41815 0.261086
v -0.0259127 1.31925 -0.175138
v -0.139901 1.31068 -0.0956557
v -0.204305 1.31415 0.00975273
v -0.216203 1.32655 0.0384279
v -0.217147 1.31729 0.0667757
v -0.197581 1.33079 0.0698931
v -0.119813 1.35673 0.154659
v 0.143088 1.32062 0.0868559
v 0.141561 1.31468 0.0814603
v 0.138663 1.30128 -0.10406
v 0.0851891 1.30763 -0.136638
v 0.0853912 1.30839 -0.151939
v -0.124574 1.314 -0.113755
v -0.160727 1.31387 -0.0631779
v -0.169436 1.31814 -0.0570781
v -0.183749 1.33916 0.104285
v 0.143248 1.40449 0.29026
v 0.174532 1.42308 0.307155
v -0.168291 1.33327 -0.246273
v -0.1439 1.30598 -0.236536
v -0.149309 1.35383 0.160382
v 0.022518 1.34056 0.187341
v 0.0354874 1.33304 0.203586
v 0.118461 1.32661 0.135093
v 0.170997 1.30601 0.0370578
v 0.000926807 1.31494 -0.155011
v -0.0764228 1.33239 -0.177537
v 0.125581 1.41423 0.284095
v 0.183933 1.42763 0.301237
v -0.170721 1.34561 -0.278491
v -0.166078 1.34796 -0.259198
v -0.151711 1.33137 -0.240606
v -0.156806 1.27999 -0.237298
v -0.115908 1.33242 -0.142781
v -0.140061 1.3195 -0.093112
v -0.200842 1.33141 -0.0149914
v -0.211658 1.32803 0.0270469
v -0.18633 1.34064 0.0759604
v -0.172065 1.35154 0.110619
v 0.00994333 1.35575 0.184817
v 0.02756 1.33756 0.191554
v 0.0819771 1.33194 0.178945
v 0.0927873 1.31254 -0.123322
v 0.0694241 1.30777 -0.172568
v 0.170688 1.43688 0.245794
v -0.170377 1.34129 -0.287998
v -0.147352 1.35045 -0.247273
v -0.157708 1.26561 -0.273668
v 0.02375 1.32295 -0.14903
v -0.11848 1.34118 -0.147536
v -0.125814 1.32621 -0.113826
v -0.18301 1.33989 -0.0622917
v -0.19113 1.33825 -0.033408
v -0.20131 1.33646 0.00200811
v -0.202381 1.3418 0.0157243
v -0.197362 1.33463 0.0498748
v -0.18001 1.35017 0.0809882
v -0.110289 1.36437 0.147972
v 0.10746 1.32522 0.146882
v 0.177559 1.30624 0.0219358
v 0.167748 1.30859 -0.0279036
v 0.159049 1.31219 -0.0716472
v 0.146684 1.30559 -0.095639
v 0.144778 1.31788 -0.0854848
v 0.115462 1.31545 -0.100874
v 0.0679148 1.31186 -0.173348
v 0.146492 1.41867 0.253406
v 0.126396 1.41596 0.29288
v 0.153322 1.41283 0.30627
v 0.16112 1.42297 0.311527
v 0.197057 1.43843 0.275008
v 0.191097 1.43519 0.251898
v -0.16696 1.31175 -0.305327
v -0.159381 1.36092 -0.263267
v -0.150516 1.36116 -0.253668
v -0.168044 1.29049 -0.298917
v -0.145364 1.32826 -0.0920121
v -0.192276 1.34146 -0.00156195
v -0.202982 1.33807 0.024428
v -0.186448 1.34608 0.0235459
v -0.189142 1.34046 0.0446306
v -0.161113 1.35609 0.127917
v -0.156311 1.35476 0.143971
v -0.162307 1.36929 0.137602
v -0.0460594 1.36317 0.201304
v -0.0325706 1.35958 0.206366
v 0.0561928 1.34175 0.192786
v 0.142774 1.32156 0.102898
v 0.111131 1.32143 -0.101683
v 0.0848666 1.31293 -0.15947
v -0.16655 1.27674 -0.290231
v -0.0415238 1.32149 -0.178418
v -0.0924225 1.3453 -0.17154
v -0.0915992 1.32444 -0.173476
v -0.173893 1.33663 -0.0731016
v -0.161706 1.36254 0.126371
v -0.0689835 1.3701 0.192561
v 0.0584692 1.35068 0.181979
v 0.160283 1.30789 -0.0508546
v -0.166095 1.34241 -0.29485
v -0.132245 1.30637 -0.242848
v -0.155352 1.30413 -0.302474
v 0.144657 1.41149 0.300952
v -0.103311 1.3305 -0.1636
v -0.181045 1.34453 -0.0608294
v -0.186272 1.34556 0.0141823
v -0.183665 1.34938 0.0535203
v -0.167624 1.35928 0.105851
v -0.16733 1.37681 0.123302
v -0.161213 1.38706 0.122867
v -0.133293 1.37488 0.134995
v -0.0170133 1.35048 0.20496
v 0.134559 1.32178 0.117991
v 0.15624 1.31357 -0.0806311
v 0.0806116 1.31595 -0.165054
v 0.0673668 1.31815 -0.170982
v -0.149747 1.3801 -0.263683
v -0.142139 1.28728 -0.246334
v -0.130763 1.29505 -0.266234
v 0.055893 1.32074 -0.16979
v -0.0495338 1.33288 -0.177132
v -0.132532 1.33386 -0.111907
v -0.161164 1.35674 -0.10318
v -0.179946 1.34577 -0.0326937
v -0.168409 1.38431 0.123814
v -0.0861857 1.3686 0.186308
v -0.0263248 1.35183 0.210233
v 0.022619 1.34885 0.181072
v 0.140749 1.32268 0.110174
v 0.166525 1.3087 -0.0341369
v 0.0949383 1.32007 -0.127559
v 0.161769 1.42897 0.308351
v 0.173937 1.4411 0.295599
v -0.141825 1.28248 -0.254545
v -0.141927 1.28966 -0.280312
v 0.12645 1.43958 0.247518
v 0.121863 1.4353 0.250665
v 0.119023 1.42014 0.275201
v 0.176157 1.44984 0.256753
v -0.00755825 1.33518 -0.173457
v -0.17413 1.35061 -0.0826728
v -0.169317 1.36051 -0.0847791
v -0.181572 1.35267 0.00246
v -0.183788 1.36312 0.0285639
v -0.180147 1.35764 0.0648779
v -0.17173 1.36414 0.0820604
v -0.169342 1.3763 0.0931219
v -0.10408 1.37038 0.145742
v -0.0905551 1.37391 0.173371
v -0.00465488 1.36051 0.197864
v 0.109905 1.33259 0.145168
v 0.146543 1.31946 0.0767115
v 0.165885 1.31657 -0.037561
v 0.126399 1.32215 -0.0876633
v 0.104167 1.32343 -0.110948
v 0.0392498 1.33632 -0.143949
v -0.162318 1.36467 -0.276723
v 0.104819 1.42576 0.283109
v -0.113601 1.35138 -0.158164
v -0.171464 1.35101 -0.0540087
v -0.175828 1.36932 0.0624911
v -0.168637 1.38463 0.105153
v -0.126388 1.38539 0.125583
v 0.0981034 1.33414 0.16158
v 0.146451 1.3265 0.0841535
v 0.174585 1.31921 0.00308686
v 0.0380082 1.3124 -0.171471
v 0.0360974 1.32998 -0.146062
v -0.154155 1.35286 -0.305096
v 0.0548786 1.33917 -0.14569
v -0.00868304 1.34369 -0.174451
v -0.172602 1.35474 -0.0393249
v -0.0929584 1.36629 0.160247
v -0.0770604 1.37733 0.186745
v 0.170872 1.31751 -0.0232449
v 0.0909465 1.3172 -0.14968
v 0.11491 1.43315 0.255496
v 0.105088 1.43016 0.266558
v 0.171449 1.438 0.300952
v -0.161742 1.32341 -0.304132
v -0.114397 1.33713 -0.247281
v 0.137982 1.42294 0.3045
v 0.15566 1.43609 0.307516
v 0.185508 1.44322 0.280588
v 0.197055 1.43904 0.264106
v -0.145752 1.36384 -0.12328
v -0.170128 1.39737 0.101158
v 0.0398892 1.34846 0.178701
v 0.0884624 1.34107 0.174341
v 0.151323 1.32465 0.0725159
v 0.161412 1.31466 -0.0506213
v 0.095722 1.32826 -0.15494
v -0.153084 1.38312 -0.271418
v -0.120206 1.30638 -0.260047
v -0.149023 1.31766 -0.305011
v 0.0402883 1.32645 -0.150936
v 0.00117681 1.33336 -0.168952
v -0.0416895 1.34365 -0.174082
v -0.164432 1.36224 -0.059053
v -0.180879 1.36237 0.00360116
v -0.172423 1.38049 0.0702391
v -0.170593 1.39386 0.0895584
v -0.154714 1.40801 0.109327
v -0.0964771 1.38519 0.147966
v -0.0664667 1.39243 0.177987
v -0.0184218 1.36631 0.200624
v 0.124462 1.33102 0.128458
v 0.18206 1.31487 0.026892
v 0.104994 1.32965 -0.113377
v 0.0857722 1.32889 -0.161603
v 0.178569 1.45022 0.268387
v -0.131229 1.35085 -0.24584
v -0.129649 1.30909 -0.288157
v 0.168021 1.44869 0.249062
v 0.143056 1.44462 0.244513
v 0.0974055 1.43624 0.294001
v 0.152289 1.44777 0.301401
v -0.182097 1.37814 0.0202029
v -0.178119 1.37765 0.0519745
v -0.0920471 1.38884 0.164868
v -0.0447336 1.37446 0.189027
v 0.0798049 1.34183 0.182304
v 0.141277 1.33082 0.110807
v 0.183251 1.31803 0.0233297
v 0.163329 1.31796 -0.063835
v -0.160623 1.36712 -0.29088
v -0.149233 1.29859 -0.297109
v 0.11465 1.42812 0.297553
v -0.129974 1.3636 -0.142131
v -0.160334 1.36952 -0.106495
v -0.16193 1.3651 -0.071928
v -0.175028 1.37582 -0.0257697
v 0.170712 1.31792 0.0472299
v 0.0734833 1.32813 -0.165646
v -0.151267 1.3909 -0.28203
v -0.147111 1.39296 -0.271377
v 0.0551658 1.32918 -0.160681
v -0.105857 1.35837 -0.163884
v -0.143335 1.38115 -0.124426
v -0.164421 1.37029 -0.0970849
v 0.152602 1.3186 -0.0807573
v 0.157648 1.45903 0.252501
v -0.145972 1.33755 -0.310131
v -0.155316 1.38295 -0.289799
v -0.137551 1.37424 -0.254369
v 0.147772 1.45112 0.244847
v 0.084984 1.45019 0.254791
v 0.0897851 1.43649 0.275728
v 0.164614 1.45838 0.27436
v -0.0970241 1.37345 -0.16266
v -0.126318 1.37278 -0.144867
v -0.17612 1.40748 0.0445086
v -0.175354 1.39695 0.0580357
v -0.172275 1.40232 0.0765541
v -0.101053 1.38945 0.137082
v 0.0303205 1.36136 0.174853
v 0.0723832 1.34775 0.185326
v 0.101826 1.33888 0.15696
v 0.138423 1.33042 0.114476
v 0.171956 1.31963 -0.00502857
v 0.102385 1.32996 -0.146506
v -0.0558431 1.3526 -0.169727
v -0.168394 1.41235 0.087623
v -0.16863 1.39695 0.111924
v 0.00374238 1.3751 0.191185
v 0.00984974 1.36887 0.19044
v 0.0409891 1.36709 0.169421
v 0.177457 1.31348 0.00953964
v 0.161648 1.31943 -0.071333
v 0.118617 1.33432 -0.0939081
v 0.103241 1.33232 -0.124058
v 0.0673838 1.45566 0.263781
v -0.156392 1.36509 -0.300231
v -0.122322 1.37851 -0.254487
v -0.120743 1.35067 -0.248065
v -0.127754 1.30314 -0.277855
v -0.0228206 1.35267 -0.170619
v -0.150783 1.38417 -0.0704088
v -0.178118 1.39171 -0.00575608
v -0.178292 1.40321 0.0230537
v -0.0409521 1.38362 0.181736
v 0.0805594 1.36004 0.172749
v 0.0950832 1.34979 0.168257
v 0.109639 1.35268 0.154338
v 0.118085 1.34327 0.136397
v 0.176686 1.32909 -0.0115576
v 0.083425 1.33472 -0.160595
v -0.139768 1.39841 -0.266957
v -0.107535 1.32979 -0.253488
v 0.0814826 1.44128 0.284586
v 0.113813 1.44441 0.305721
v 0.137 1.43769 0.307788
v -0.155275 1.37937 -0.0812459
v -0.162509 1.41867 0.0938042
v -0.10789 1.39819 0.12624
v -0.0961062 1.41511 0.128443
v -0.0868672 1.39195 0.171826
v -0.0747188 1.41296 0.165803
v 0.0488163 1.35706 0.170836
v 0.156286 1.3285 0.07034
v 0.177656 1.31887 0.0407569
v 0.166921 1.32246 -0.0599105
v 0.132158 1.33598 -0.0769615
v 0.107689 1.33416 -0.135693
v -0.137665 1.39077 -0.26165
v -0.114143 1.40868 -0.261625
v 0.123589 1.46856 0.244318
v 0.154407 1.46639 0.262884
v 0.0158805 1.35308 -0.169994
v -0.00413104 1.35383 -0.171995
v -0.164529 1.36931 -0.0532112
v -0.172417 1.3961 -0.024066
v -0.0921142 1.40192 0.155224
v -0.0492511 1.40563 0.167355
v 0.154751 1.33348 0.0782157
v 0.18297 1.32223 0.0376079
v 0.172409 1.32236 -0.0252681
v 0.138732 1.33156 -0.0749448
v 0.0954628 1.3368 -0.156021
v 0.06436 1.33244 -0.161881
v -0.146287 1.38913 -0.306336
v -0.141068 1.41067 -0.278929
v 0.0694225 1.45516 0.292736
v 0.0975909 1.44473 0.300696
v 0.0283909 1.35632 -0.165764
v -0.0374206 1.37388 -0.158768
v -0.0831495 1.36737 -0.164933
v -0.161107 1.37726 -0.101351
v -0.168796 1.42297 0.0596684
v -0.108389 1.40534 0.119101
v 0.0239116 1.37471 0.184245
v 0.0545394 1.36618 0.165923
v 0.187152 1.32691 0.0313639
v 0.18367 1.32482 0.0203257
v 0.168138 1.32363 -0.038557
v 0.164631 1.32643 -0.0652839
v 0.157761 1.32832 -0.0695959
v 0.112182 1.34158 -0.117874
v 0.0703354 1.35098 -0.140884
v 0.0524428 1.34638 -0.141524
v -0.150301 1.39003 -0.299655
v 0.0881845 1.47031 0.242942
v 0.00290503 1.38494 -0.154725
v -0.0828537 1.37607 -0.161925
v -0.176555 1.41383 0.029319
v -0.0964607 1.39699 0.140022
v 0.0624639 1.36343 0.166981
v 0.11937 1.32856 -0.0905434
v -0.14618 1.40528 -0.294923
v -0.0916438 1.35457 -0.260553
v -0.115677 1.31419 -0.255412
v 0.066664 1.45188 0.282937
v 0.0807926 1.45099 0.297522
v 0.137832 1.44474 0.30737
v 0.14628 1.46361 0.248587
v 0.00721676 1.36279 -0.168917
v -0.0970868 1.4058 -0.153578
v -0.134699 1.39795 -0.127469
v -0.153127 1.38368 -0.111507
v -0.159475 1.4339 0.065924
v -0.134032 1.39562 0.1181
v 0.0882373 1.35674 0.172966
v 0.162879 1.3227 0.0599495
v -0.156652 1.38526 -0.058247
v -0.167369 1.40172 -0.0317152
v -0.174712 1.41994 0.0232234
v -0.0878205 1.43 0.138631
v -0.00130176 1.38806 0.178584
v 0.0211484 1.38255 0.181384
v 0.166357 1.32271 -0.0465546
v 0.110983 1.33908 -0.112943
v 0.148273 1.45579 0.297978
v 0.154553 1.45958 0.287001
v -0.130246 1.35207 -0.314744
v -0.13061 1.42688 -0.275357
v -0.123536 1.41461 -0.26536
v -0.0989934 1.36162 -0.256148
v 0.0764025 1.34938 -0.147838
v 0.0208033 1.36466 -0.168467
v -0.0819325 1.41942 0.159796
v 0.0737337 1.36251 0.170485
v 0.121305 1.45304 0.244248
v -0.096684 1.33723 -0.262933
v -0.133414 1.31621 -0.297557
v -0.113357 1.37118 -0.155572
v -0.140464 1.40288 -0.0685713
v -0.167674 1.43233 0.0192173
v 0.0360561 1.37958 0.176841
v 0.145097 1.33022 0.0997558
v 0.0844161 1.46029 0.247292
v 0.0646297 1.45373 0.27589
v -0.144785 1.35347 -0.311385
v 0.117744 1.4585 0.308528
v -0.109409 1.31998 -0.275238
v -0.101434 1.33415 -0.289591
v 0.104278 1.47291 0.242562
v 0.0850461 1.45835 0.304339
v -0.0515789 1.39091 -0.153974
v -0.147731 1.40085 -0.0588221
v -0.161044 1.41407 -0.0294391
v -0.114721 1.40854 0.113656
v -0.0865764 1.42614 0.150132
v 0.0122162 1.39261 0.176288
v 0.0502416 1.37459 0.164427
v 0.178461 1.32808 0.00805363
v 0.0786464 1.34087 -0.157096
v -0.121418 1.335 -0.305037
v 0.0613558 1.47247 0.247659
v 0.0506538 1.46701 0.287333
v 0.128255 1.47864 0.249315
v 0.052133 1.36172 -0.146626
v 0.0447683 1.36297 -0.158549
v 0.0375379 1.36741 -0.165697
v -0.136876 1.41605 -0.111827
v -0.0170103 1.39807 0.173395
v 0.110578 1.3605 0.157156
v 0.179127 1.33577 0.0523681
v 0.103509 1.33545 -0.150095
v 0.10115 1.3512 -0.149494
v 0.0747839 1.35815 -0.134745
v -0.142804 1.3832 -0.311138
v 0.0425959 1.47184 0.272021
v 0.141839 1.47567 0.255993
v -0.154804 1.39004 -0.0940146
v -0.154922 1.42974 -0.0198349
v -0.152214 1.42538 0.0959148
v -0.142007 1.43193 0.0954378
v 0.127269 1.34528 0.126772
v 0.155626 1.33761 0.0827644
v 0.174973 1.34589 0.0632745
v 0.175741 1.32595 0.00210535
v 0.172428 1.33071 -0.0519147
v 0.172458 1.33425 -0.0546522
v 0.115872 1.3426 -0.133714
v -0.112627 1.43071 -0.266378
v -0.108928 1.39513 -0.258846
v -0.102975 1.38276 -0.258138
v -0.088605 1.3713 -0.260112
v -0.106716 1.34046 -0.302287
v -0.0237663 1.36847 -0.161344
v -0.162322 1.42956 -0.00435299
v -0.0959888 1.42225 0.116283
v -0.0766672 1.43117 0.154962
v -0.0252241 1.40669 0.168303
v 0.0328665 1.38798 0.177895
v 0.0969624 1.36952 0.16382
v 0.120225 1.34771 -0.101162
v 0.114306 1.34724 -0.143868
v 0.0834985 1.49169 0.239009
v 0.0631988 1.48081 0.241796
v 0.0997315 1.45463 0.306359
v 0.140627 1.47429 0.286389
v -0.0291057 1.39601 -0.149778
v -0.0831423 1.41631 -0.152704
v -0.129172 1.43401 0.0968878
v -0.0905413 1.42889 0.126881
v 0.102203 1.36061 0.163908
v 0.140719 1.33807 0.113593
v 0.185603 1.32604 0.0373151
v 0.125975 1.35384 -0.100392
v 0.117626 1.34517 -0.138685
v 0.0222994 1.37173 -0.165089
v 0.0116635 1.38429 -0.15576
v -0.139835 1.40532 -0.0756017
v -0.0827 1.44105 0.14342
v 0.15052 1.3402 0.101652
v 0.173701 1.3339 -0.0331769
v 0.143562 1.3453 -0.0661887
v 0.13371 1.34715 -0.0748393
v 0.0679825 1.46315 0.299449
v 0.107288 1.46238 0.310094
v -0.121248 1.45295 -0.311334
v -0.130854 1.43844 -0.298814
v -0.126472 1.43839 -0.28076
v -0.121085 1.43366 -0.271822
v -0.0998294 1.40963 -0.260997
v -0.130918 1.34006 -0.310267
v 0.0998963 1.48474 0.241888
v 0.120513 1.47219 0.305274
v 0.147266 1.47111 0.276147
v -0.109637 1.41004 -0.145042
v -0.150054 1.41001 -0.0468948
v -0.0582462 1.42704 0.155966
v 0.16413 1.33378 0.0657809
v -0.136126 1.42577 -0.304344
v -0.0926427 1.33813 -0.270684
v 0.0532924 1.4707 0.255942
v 0.0950542 1.47308 0.311589
v 0.13356 1.48809 0.273486
v 0.139039 1.48204 0.26412
v 0.0722684 1.3728 -0.13923
v 0.0685857 1.37623 -0.15231
v -0.0661537 1.40991 -0.152551
v 0.00410465 1.42231 0.162656
v 0.0892547 1.3731 0.161529
v 0.187342 1.33015 0.027112
v 0.117061 1.35707 -0.143252
v -0.129385 1.38607 -0.321338
v -0.133231 1.40034 -0.317856
v -0.132237 1.43361 -0.289157
v -0.0862442 1.39977 -0.26158
v 0.130528 1.46487 0.303331
v -0.133236 1.41941 -0.0527066
v -0.161217 1.43582 0.0533765
v -0.0947126 1.44202 0.0983502
v -0.0356591 1.42948 0.157202
v 0.00714095 1.40255 0.173657
v 0.116834 1.36139 0.152088
v 0.156089 1.35118 -0.0575841
v 0.124971 1.34995 -0.132324
v 0.0843549 1.3608 -0.137009
v -0.121884 1.38528 -0.324655
v -0.103914 1.45971 -0.271915
v -0.00541181 1.41245 -0.142294
v -0.0840855 1.44538 0.112101
v 0.161672 1.34736 0.0849972
v 0.172315 1.33097 -0.0307346
v 0.127751 1.35224 -0.0847892
v -0.117661 1.45054 -0.278299
v 0.0329016 1.48334 0.28801
v 0.0428306 1.4835 0.298064
v 0.0609944 1.47798 0.305742
v 0.092129 1.47848 0.31356
v 0.109841 1.49074 0.246201
v -0.103069 1.4365 -0.139353
v -0.142735 1.44921 0.0731509
v -0.122129 1.45803 0.0811305
v 0.121911 1.35508 0.137183
v 0.138421 1.3491 0.117149
v 0.179574 1.33952 -0.024568
v 0.154864 1.34122 -0.0621348
v -0.134139 1.42188 -0.312147
v -0.102622 1.47149 -0.277078
v -0.0817286 1.38251 -0.26233
v -0.0833908 1.35476 -0.270561
v -0.107288 1.36551 -0.320251
v 0.0314167 1.48052 0.279774
v 0.132978 1.47738 0.293649
v 0.0579866 1.37488 -0.158915
v -0.0948842 1.43138 -0.146698
v -0.125777 1.42354 -0.123288
v -0.142712 1.45947 0.0299221
v -0.137455 1.45045 0.0794512
v -0.103117 1.44012 0.0962444
v 0.0432949 1.39835 0.175435
v 0.0664173 1.37942 0.15837
v 0.076579 1.37445 0.158813
v 0.167593 1.33576 -0.059022
v 0.111283 1.36136 -0.142369
v 0.0976034 1.36935 -0.132366
v -0.10494 1.42773 -0.263448
v -0.0932209 1.33723 -0.279454
v 0.122739 1.49127 0.255686
v -0.0371928 1.40861 -0.146793
v -0.131285 1.43098 -0.104937
v -0.144914 1.45225 0.00466257
v -0.137096 1.46541 0.019027
v -0.134108 1.46269 0.0589031
v 0.110789 1.37294 0.158649
v 0.183853 1.32727 0.0414806
v 0.15255 1.35575 -0.0592483
v 0.13882 1.36514 -0.0817341
v -0.109082 1.46289 -0.323144
v 0.0992645 1.49048 0.310194
v 0.121372 1.48484 0.299784
v 0.112685 1.49796 0.252056
v 0.0947613 1.50245 0.241419
v 0.0457504 1.37685 -0.16341
v 0.0372642 1.38301 -0.162634
v 0.00932418 1.40026 -0.147865
v -0.121232 1.43089 -0.0585125
v 0.0134895 1.40769 0.172784
v 0.0349729 1.40443 0.176619
v 0.133391 1.36 0.124487
v 0.173054 1.35193 0.0693052
v 0.137779 1.3664 -0.088889
v 0.126929 1.35608 -0.13607
v 0.101833 1.36327 -0.140584
v -0.119712 1.41391 -0.326215
v -0.0828837 1.46201 -0.263901
v -0.0829206 1.35175 -0.280195
v -0.106832 1.35412 -0.313179
v -0.130108 1.4356 -0.090057
v -0.146432 1.4287 -0.0308134
v -0.141882 1.44605 -0.014877
v -0.0700552 1.45186 0.147027
v 0.18231 1.34624 0.056268
v 0.174572 1.33369 -0.0439896
v 0.0831292 1.50592 0.237506
v 0.0206307 1.50406 0.296153
v -0.11542 1.43144 -0.327404
v -0.0881763 1.47339 -0.268611
v -0.0918198 1.42719 -0.261888
v -0.0334394 1.43806 -0.137812
v -0.118094 1.44385 -0.115695
v -0.107641 1.47291 0.0748479
v -0.114573 1.45026 0.0884348
v -0.0762339 1.46329 0.130454
v -0.00233353 1.43323 0.155991
v 0.0496003 1.40768 0.174294
v 0.178367 1.33233 -0.0119904
v 0.12791 1.35776 -0.110823
v 0.131614 1.35527 -0.127521
v 0.023126 1.48932 0.268628
v -0.0761466 1.4399 -0.261872
v -0.0502186 1.42295 -0.146793
v -0.0827802 1.43778 -0.148645
v -0.117196 1.42273 -0.133492
v -0.128414 1.43345 -0.0826865
v -0.132113 1.46063 -0.0080115
v -0.0414892 1.46733 0.148859
v 0.0849097 1.38448 0.152663
v 0.101891 1.38248 0.154557
v 0.181163 1.336 0.00397273
v 0.0631125 1.49253 0.23691
v 0.0185624 1.5015 0.248168
v 0.0224944 1.49329 0.257044
v 0.11549 1.49885 0.295372
v 0.126607 1.49295 0.28328
v -0.112377 1.46739 -0.28818
v -0.0948262 1.34275 -0.29421
v -0.0131986 1.41782 -0.139875
v -0.127968 1.43901 -0.0984201
v 0.067885 1.38879 0.157698
v 0.185902 1.33864 0.0185913
v 0.180162 1.34172 -0.047392
v 0.147933 1.35882 -0.065003
v 0.0156336 1.51201 0.23716
v 0.00364662 1.51396 0.286698
v 0.0771038 1.49993 0.316869
v 0.123037 1.4973 0.265325
v -0.0949458 1.49032 -0.285483
v 0.0944687 1.37231 -0.130972
v 0.0273329 1.40453 -0.148477
v -0.0908702 1.46171 0.0853878
v -0.0672664 1.44075 0.151303
v 0.123224 1.37005 0.150657
v 0.186375 1.34713 -0.0158116
v 0.139222 1.36593 -0.10323
v 0.00845026 1.52386 0.2324
v 0.036731 1.50877 0.310023
v 0.0666324 1.48827 0.312483
v -0.114822 1.46774 -0.306746
v -0.0762092 1.37296 -0.267219
v -0.0845249 1.36323 -0.307818
v -0.11627 1.3774 -0.324245
v 0.0833389 1.38013 -0.137838
v 0.0734871 1.38737 -0.15704
v 0.0241333 1.41446 -0.145481
v -0.121868 1.43711 -0.0437955
v -0.017729 1.45134 0.150245
v 0.127977 1.36754 0.140899
v 0.158062 1.35071 0.0954729
v 0.18654 1.34457 -0.00598701
v 0.187783 1.34575 -0.0362962
v 0.0411245 1.51793 0.227043
v 0.0373652 1.51008 0.230385
v -0.00177123 1.51354 0.263021
v 0.00762896 1.50378 0.277629
v 0.101882 1.50668 0.247195
v -0.106902 1.41176 -0.332621
v -0.106136 1.48148 -0.304276
v -0.0883872 1.48738 -0.275495
v -0.0718093 1.40678 -0.263189
v -0.00151795 1.52051 0.244493
v 0.112988 1.48163 0.306471
v -0.0239132 1.42777 -0.13796
v -0.125142 1.4295 -0.0709744
v -0.124766 1.47639 0.0408058
v 0.0140033 1.43908 0.157058
v 0.146853 1.35343 0.110837
v 0.152565 1.36115 0.108705
v 0.133262 1.36649 -0.134753
v -0.0899442 1.39566 -0.331937
v 0.046232 1.52673 0.225846
v 0.110783 1.51372 0.279303
v 0.108511 1.51115 0.257131
v 0.0648201 1.38874 -0.15908
v 0.0474108 1.40458 -0.152472
v 0.00268607 1.42162 -0.143916
v -0.111134 1.44528 -0.0465459
v 0.190851 1.33867 0.0321737
v 0.109871 1.37479 -0.130779
v -0.0696711 1.39143 -0.265423
v -0.0714834 1.37021 -0.275592
v 0.0247284 1.51204 0.232282
v 0.0581946 1.50693 0.315733
v 0.0499152 1.42167 -0.14925
v -0.0693893 1.44302 -0.147976
v -0.113761 1.45205 -0.0781001
v -0.105231 1.45439 -0.0639525
v -0.105533 1.45891 -0.0338684
v -0.12211 1.46152 -0.0185714
v -0.125363 1.47515 0.00552277
v -0.114213 1.48897 0.0171517
v -0.0866016 1.44937 0.0997085
v 0.156242 1.35872 0.102723
v 0.169781 1.35179 0.0741372
v -0.113051 1.44699 -0.325335
v 0.0945387 1.38735 -0.1343
v 0.0869956 1.39558 -0.154176
v 0.0762051 1.40111 -0.155708
v -0.0807078 1.4684 0.0873667
v -0.0705551 1.47025 0.135698
v -0.03481 1.4489 0.152079
v 0.0011607 1.45249 0.146837
v 0.0397511 1.41368 0.176015
v 0.0684503 1.4039 0.163261
v 0.0867944 1.40198 0.152011
v 0.187531 1.34822 -0.0236199
v 0.191244 1.35063 -0.0367853
v 0.081217 1.50688 0.314871
v 0.0955154 1.50546 0.30885
v -0.0864342 1.38396 -0.325216
v 0.0444429 1.41556 -0.148639
v 0.00756006 1.43256 -0.149467
v -0.106877 1.46767 -0.1004
v -0.10783 1.49764 0.0470824
v 0.026154 1.42725 0.168698
v 0.0884582 1.39414 0.150688
v 0.116384 1.38254 0.154777
v 0.189836 1.33822 0.0408855
v 0.142478 1.36369 -0.0748032
v 0.134736 1.36097 -0.133054
v 0.112053 1.50826 0.288561
v 0.0922815 1.51768 0.242651
v -0.0974602 1.40546 -0.334549
v -0.0943081 1.45554 -0.137561
v -0.0697673 1.4802 0.125884
v -0.0473595 1.48189 0.142248
v -0.0258418 1.47639 0.147701
v 0.151131 1.37663 -0.0812378
v -0.0105198 1.52464 0.274732
v -0.0730616 1.48795 -0.2692
v -0.0693676 1.4636 -0.263445
v -0.0584683 1.41298 -0.265351
v 0.127421 1.37422 -0.13321
v 0.112639 1.38045 -0.128202
v -0.00645719 1.42654 -0.142542
v -0.115873 1.48458 0.0579453
v -0.0709027 1.47229 0.110596
v 0.146967 1.37342 0.12022
v 0.0510527 1.53492 0.22632
v 0.0037377 1.52063 0.292257
v 0.0339573 1.53253 0.315682
v -0.101056 1.43197 -0.335595
v -0.0909381 1.4988 -0.314456
v 0.0910085 1.38857 -0.147253
v 0.0621981 1.41302 -0.150332
v -0.0615531 1.47865 0.137943
v 0.0455643 1.42403 0.174552
v 0.189293 1.34704 0.0114621
v 0.0307433 1.534 0.223916
v 0.0180368 1.5263 0.226805
v -0.0658297 1.43651 -0.262655
v -0.0554558 1.40386 -0.268954
v -0.0600813 1.39159 -0.271665
v -0.0855587 1.37275 -0.317108
v 0.100896 1.51699 0.299321
v 0.113047 1.51069 0.268929
v -0.0173639 1.44397 -0.137264
v -0.0268253 1.45956 -0.134012
v -0.0577678 1.45175 -0.143877
v -0.096419 1.4598 -0.0481925
v -0.103485 1.4895 -0.00665811
v -0.11247 1.48861 0.00779955
v -0.0837977 1.50128 0.0649765
v 0.0986366 1.39404 0.148613
v 0.13718 1.38246 0.145408
v 0.162841 1.36633 0.0987567
v 0.192236 1.34865 0.0247119
v 0.171635 1.35163 -0.0497653
v -0.0851708 1.50405 -0.290665
v -0.0579904 1.38591 -0.27881
v -0.0632289 1.37702 -0.287301
v 0.0283029 1.50611 0.30399
v 0.107699 1.39307 -0.127268
v 0.0660006 1.40104 -0.15593
v -0.117195 1.47533 0.0684585
v -0.0648163 1.50725 0.073443
v -0.051928 1.48836 0.139203
v 0.0636175 1.41535 0.170226
v 0.186512 1.35075 0.0543727
v 0.14466 1.36354 -0.120124
v -0.08931 1.50178 -0.304239
v -0.0745652 1.49996 -0.275768
v -0.0627348 1.39392 -0.322585
v 0.136822 1.37277 -0.132104
v 0.0974344 1.39958 -0.152067
v 0.0290838 1.42496 -0.148642
v -0.0780129 1.45784 -0.14475
v -0.101548 1.47011 -0.0793848
v -0.0747248 1.46865 0.099658
v 0.129472 1.37923 0.148138
v 0.170484 1.35982 0.0829244
v 0.191441 1.34773 0.0461194
v 0.176661 1.36193 -0.0449604
v 0.0605503 1.52196 0.318726
v 0.0663614 1.52507 0.31794
v 0.101802 1.52453 0.290435
v -0.0407868 1.41175 -0.275143
v 0.133811 1.38153 -0.127831
v 0.106977 1.39708 -0.130993
v -0.010646 1.43585 -0.141417
v -0.0392368 1.46018 -0.136497
v -0.102241 1.46755 -0.116858
v -0.0844655 1.47697 -0.0573822
v -0.0655716 1.49446 0.111597
v 0.028078 1.44061 0.163308
v 0.0985013 1.40374 0.147738
v 0.149535 1.3697 -0.123881
v 0.00734248 1.53719 0.22689
v -0.0176024 1.53609 0.25369
v 0.102221 1.50712 0.303427
v -0.0958425 1.45381 -0.336604
v -0.0840843 1.49891 -0.281693
v -0.0672583 1.37401 -0.298174
v -0.0122195 1.53287 0.282517
v 0.103048 1.52373 0.258392
v 0.196661 1.35879 0.0250997
v 0.194459 1.35521 0.00987257
v 0.149802 1.37689 -0.0895339
v 0.149849 1.37278 -0.101465
v 0.0593782 1.42966 -0.151362
v 0.0326069 1.44857 -0.163004
v 0.0120169 1.45072 -0.156872
v -0.0807924 1.4802 -0.13645
v -0.0927656 1.48505 -0.0867959
v -0.10195 1.50401 0.0240837
v -0.0182004 1.47124 0.146816
v 0.114747 1.40318 0.145789
v -0.0509883 1.39541 -0.313534
v -0.00927206 1.53746 0.237688
v 0.0994352 1.52122 0.250663
v 0.070689 1.53553 0.233295
v 0.0936309 1.41053 -0.152766
v -0.0924443 1.47486 -0.0284547
v -0.0923872 1.50314 0.0602151
v -0.0768938 1.48756 0.0753022
v -0.0633208 1.49815 0.120083
v -0.0528291 1.50065 0.13218
v 0.00195704 1.46464 0.141092
v 0.124661 1.38219 -0.127635
v -0.0968202 1.48672 -0.321986
v -0.054043 1.47008 -0.266127
v -0.0447474 1.42993 -0.267664
v -0.042229 1.40092 -0.282577
v -0.0154545 1.52995 0.265519
v 0.028414 1.52955 0.313117
v 0.0754472 1.52858 0.314115
v -0.0947736 1.50938 0.052718
v 0.192295 1.34188 0.0373797
v 0.166051 1.36899 -0.0564514
v 0.154822 1.37056 -0.115295
v -0.0816006 1.46837 -0.342071
v -0.0893844 1.48482 -0.33141
v 0.0574806 1.53642 0.318504
v 0.0856423 1.53795 0.244142
v 0.0812423 1.4292 -0.150403
v 0.0471065 1.45372 -0.166049
v -0.0667688 1.46313 -0.144231
v -0.0948584 1.46884 -0.12973
v -0.0787796 1.48271 -0.0335816
v -0.106613 1.49155 2.88939e-005
v 0.0110493 1.46349 0.143064
v 0.0541392 1.43759 0.173057
v 0.0896001 1.41374 0.15558
v 0.182327 1.36258 0.0677472
v 0.175104 1.3668 -0.0469607
v 0.159415 1.38339 -0.0817832
v -0.0965339 1.46909 -0.332501
v -0.0707789 1.49129 -0.34207
v -0.0442306 1.39723 -0.305425
v -0.0766761 1.40924 -0.336796
v 0.0807045 1.41637 -0.151011
v -0.0114936 1.46036 -0.138364
v -0.0549047 1.47701 -0.139769
v 0.0597088 1.42634 0.173562
v 0.131127 1.3915 0.15138
v 0.146635 1.38791 0.140879
v 0.142589 1.38083 0.137251
v 0.147506 1.37856 0.125824
v 0.184827 1.35106 -0.0428646
v 0.187731 1.36932 -0.0396104
v -0.0841681 1.42809 -0.341371
v -0.0489294 1.50445 -0.271391
v -0.0696432 1.4748 -0.265171
v -0.0483209 1.45416 -0.266119
v 0.106423 1.39892 -0.145863
v 0.056658 1.43862 -0.156019
v -0.0757873 1.49934 -0.129203
v -0.108803 1.47398 -0.0174615
v -0.0972034 1.51247 0.0371334
v -0.0609506 1.49524 0.128384
v -0.00422941 1.47866 0.139573
v -0.0274178 1.55336 0.278961
v -0.0118018 1.55294 0.29881
v 0.00666512 1.53659 0.304125
v 0.0759676 1.54901 0.308533
v -0.0877409 1.44033 -0.341346
v -0.0312684 1.55983 0.25827
v 0.114899 1.41225 0.144966
v 0.130817 1.39933 0.148718
v 0.192469 1.3559 -0.00865364
v -0.0553841 1.50989 -0.274616
v -0.0228134 1.42303 -0.285423
v -0.0466678 1.39259 -0.293881
v 0.0429241 1.53259 0.317341
v 0.0946553 1.54597 0.268242
v -0.0756466 1.51035 -0.111479
v -0.0629688 1.50319 0.089266
v 0.0855735 1.42535 0.163973
v 0.194159 1.36134 -0.0361907
v 0.160349 1.3844 -0.0896602
v 0.142418 1.3797 -0.128227
v -0.0714701 1.44843 -0.345884
v -0.064178 1.52965 -0.317827
v -0.0629615 1.5166 -0.28213
v -0.0662952 1.42135 -0.339659
v 0.0887977 1.54505 0.296981
v 0.0892978 1.54448 0.253271
v 0.116802 1.40245 -0.124122
v -0.0182074 1.47121 -0.133258
v -0.0300326 1.47748 -0.132416
v -0.0689549 1.48324 -0.139078
v -0.0775935 1.49648 -0.0748207
v -0.0192982 1.49172 0.143525
v 0.00181919 1.48756 0.137158
v 0.0341576 1.47042 0.15233
v 0.141338 1.39664 0.147298
v 0.157854 1.37549 0.111407
v 0.19357 1.36211 0.0533381
v 0.195731 1.35547 -0.0271131
v 0.155556 1.37633 -0.0741007
v 0.149906 1.37935 -0.125311
v -0.0326442 1.47773 -0.269861
v -0.0016007 1.54917 0.228609
v 0.112485 1.40958 -0.151775
v 0.0746365 1.43538 -0.152164
v 0.0151945 1.4596 -0.15869
v 0.00646628 1.46189 -0.154862
v -0.0810565 1.50333 -0.0995333
v -0.0972697 1.48122 -0.0930784
v 0.180173 1.36387 0.0719965
v -0.0408253 1.50207 -0.27089
v 0.0178291 1.54836 0.223506
v 0.0719442 1.54364 0.312721
v 0.0779911 1.56443 0.256482
v 0.0657965 1.56113 0.241099
v 0.000188911 1.46579 -0.150156
v -0.0831204 1.52759 0.0238608
v -0.064773 1.50106 0.080969
v 0.0603652 1.46956 0.163937
v 0.0670876 1.45349 0.169902
v 0.199969 1.36544 0.0422638
v 0.201269 1.36972 0.0253031
v -0.0714802 1.51978 -0.298157
v -0.0468101 1.54832 -0.304507
v -0.0640869 1.52354 -0.290738
v -0.0606777 1.40629 -0.330981
v 0.0470746 1.54652 0.320134
v 0.0711161 1.55249 0.240939
v 0.056353 1.5517 0.232558
v -0.0101491 1.48143 -0.134422
v -0.051212 1.4896 -0.136638
v -0.0937144 1.49257 -0.0113571
v -0.0694319 1.51272 0.0654023
v -0.038983 1.49656 0.140628
v 0.0146037 1.48256 0.142255
v 0.100416 1.43489 0.160204
v 0.154664 1.38743 0.128368
v 0.173432 1.3888 0.103097
v 0.163575 1.37639 -0.109907
v -0.0714023 1.52189 -0.308718
v -0.0490433 1.52468 -0.280406
v -0.023697 1.46779 -0.27159
v -0.0239343 1.45136 -0.272068
v 0.118846 1.40983 -0.14497
v 0.0343787 1.4571 -0.164585
v -0.0261248 1.50675 0.141477
v 0.176575 1.38058 -0.060433
v 0.157294 1.37516 -0.119493
v 0.156344 1.38406 -0.122995
v 0.00273772 1.56464 0.227321
v -0.00772209 1.56959 0.229883
v -0.000735985 1.56081 0.310475
v -0.0777463 1.50743 -0.326267
v -0.0380578 1.52036 -0.275354
v 0.0312397 1.54589 0.317347
v -1.62659e-005 1.57074 0.313326
v 0.098736 1.4193 -0.154141
v -0.00422459 1.48957 0.137974
v 0.0251585 1.48734 0.14792
v 0.0861949 1.44234 0.167997
v 0.196524 1.35998 0.0461687
v 0.2045 1.36573 -0.0238646
v -0.0302017 1.42642 -0.275471
v -0.0655025 1.43945 -0.344569
v 0.0399347 1.55467 0.228035
v -0.0270743 1.56462 0.245276
v -0.0237605 1.55917 0.290326
v 0.00687946 1.55818 -0.231666
v -0.0635655 1.50373 -0.135006
v -0.0649936 1.49425 -0.0437186
v -0.0858824 1.5146 0.00168138
v -0.0600707 1.51777 0.0999749
v 0.190834 1.37545 0.0678539
v 0.199316 1.36309 0.0358986
v 0.0212874 1.46826 -0.159947
v -0.0161389 1.49766 -0.130068
v -0.0870633 1.52006 0.0143091
v -0.0195959 1.51726 0.138845
v 0.0967565 1.45065 0.165876
v 0.157585 1.39725 0.137199
v -0.0335474 1.56097 0.273434
v -0.0106616 1.56643 0.306745
v 0.0939656 1.54692 0.280376
v -0.00108999 1.56846 -0.241119
v -0.0574523 1.47549 -0.349303
v -0.0219919 1.5024 -0.271954
v 0.123169 1.41037 -0.128101
v 0.0879243 1.44875 -0.155921
v 0.0612343 1.45715 -0.167207
v -0.078519 1.50203 -0.121394
v -0.0524292 1.53119 0.0757121
v -0.0544412 1.51868 0.118542
v 0.140811 1.40566 0.146911
v 0.183507 1.37701 0.0818362
v -0.0184821 1.56397 0.236283
v -0.0349858 1.58194 0.244811
v 0.0626047 1.5562 0.312484
v 0.0816745 1.55974 0.292988
v 0.00807475 1.53688 -0.226027
v 0.0906808 1.44117 -0.15344
v -0.0692399 1.50051 -0.0196775
v -0.0786977 1.51613 -0.00433727
v -0.0839416 1.5294 0.0350748
v 0.107378 1.41892 0.148769
v 0.123311 1.42605 0.145055
v 0.133104 1.41717 0.143125
v 0.199361 1.36658 -0.0109244
v 0.176959 1.38942 -0.0700696
v 0.0457124 1.57686 0.311028
v -0.0243003 1.41605 -0.298495
v -0.0526373 1.54449 -0.316292
v -0.0219512 1.52909 -0.277111
v -0.041253 1.54693 -0.29511
v -0.0325298 1.54263 -0.2869
v 0.0378392 1.55719 0.317722
v 0.0755768 1.56139 0.300505
v 0.0807192 1.56668 0.269473
v -0.00326136 1.57686 -0.251486
v 0.0263287 1.53601 -0.214976
v 0.0146087 1.53381 -0.229139
v 0.127955 1.40954 -0.122268
v 0.111542 1.43942 -0.156419
v 0.0174881 1.49162 -0.158059
v -0.0793277 1.48016 -0.0517047
v -0.0587955 1.50654 -0.0230399
v -0.0445729 1.53685 0.116375
v 0.15551 1.40189 0.142685
v 0.168289 1.38026 -0.105635
v -0.0725243 1.50026 -0.336605
v -0.0465635 1.54897 -0.32325
v -0.024383 1.41713 -0.308516
v -0.0356153 1.41555 -0.322527
v -0.0369971 1.45107 -0.34397
v -0.0212936 1.50586 -0.129387
v -0.0465183 1.50575 -0.133688
v -0.0326509 1.54307 0.123548
v -0.0314623 1.52681 0.13329
v 0.0121278 1.49647 0.133616
v 0.046338 1.48114 0.155514
v 0.165638 1.38762 0.11392
v 0.181467 1.37203 -0.0455847
v 0.178156 1.38457 -0.110392
v 0.000926133 1.58139 0.227097
v -0.0468985 1.58923 0.257903
v -0.0317862 1.58984 0.300004
v 0.0206046 1.52868 -0.227766
v 0.0117055 1.5811 0.22821
v 0.014219 1.56934 0.227669
v -0.0475412 1.43075 -0.338236
v -0.0622479 1.48573 -0.348196
v -0.0532932 1.52141 -0.344829
v -0.0309622 1.55951 -0.305354
v -0.0158153 1.53908 -0.280891
v -0.0509201 1.54227 0.0978088
v 0.17663 1.3803 0.0927156
v 0.206299 1.38111 0.0463956
v 0.198313 1.36598 -0.00449895
v 0.0146994 1.54572 -0.228417
v -0.00583512 1.58288 0.312736
v 0.0765973 1.57251 0.281558
v -0.00147306 1.58065 -0.256928
v 0.0129729 1.57973 -0.243454
v -0.0149618 1.48299 -0.274192
v -0.0560614 1.5302 -0.335317
v 0.0705278 1.45854 -0.167057
v -0.00986867 1.51028 0.137149
v 0.0412075 1.49591 0.153855
v 0.0785269 1.46497 0.16648
v 0.200471 1.36173 -0.030637
v 0.0194975 1.52037 -0.235852
v 0.0230828 1.51597 -0.235939
v 0.0262132 1.57551 0.232801
v -0.0298566 1.59953 0.238462
v 0.0698566 1.56311 0.305016
v 0.0204645 1.56262 -0.229072
v -0.0150005 1.4512 -0.276041
v -0.00728645 1.43568 -0.299881
v -0.0200909 1.42548 -0.317376
v -0.0288228 1.43515 -0.333274
v -0.0487583 1.51472 -0.351143
v 0.0648639 1.4668 -0.170022
v 0.0728416 1.48248 -0.174618
v 0.056523 1.47161 -0.168737
v 0.0422559 1.47876 -0.161504
v -0.0691344 1.51876 -0.0991539
v 0.00872474 1.52006 0.124871
v 0.156677 1.41474 0.143858
v 0.0215053 1.58152 0.231473
v -0.0229801 1.58607 0.235082
v -0.0470213 1.59404 0.276075
v -0.0414434 1.58987 0.285978
v 0.0730552 1.58389 0.278105
v 0.0757786 1.57254 0.261496
v -0.00869454 1.51064 -0.274586
v -0.0523543 1.54008 -0.329535
v -0.0406746 1.5552 -0.313421
v 0.148349 1.42746 -0.135035
v 0.119144 1.42732 -0.156725
v 0.0616093 1.48357 -0.166389
v -0.00422551 1.48245 -0.139498
v 0.00800129 1.51344 -0.139523
v -0.00566353 1.51401 -0.129721
v -0.0360911 1.5253 -0.132466
v -0.0466362 1.53956 -0.124624
v -0.0671744 1.50898 -0.0147732
v -0.0619632 1.52964 -0.00633241
v -0.0702035 1.53799 0.00846051
v -0.0839622 1.52894 0.0409073
v -0.0730217 1.53663 0.0474383
v -0.0196328 1.53416 0.135624
v 0.0703371 1.48591 0.162598
v 0.173967 1.40149 0.119958
v 0.204882 1.37285 -0.0309525
v 0.169174 1.38333 -0.116077
v 0.0233451 1.527 -0.234453
v 0.0156198 1.57238 -0.235736
v 0.0393901 1.54466 -0.206857
v 0.137046 1.41712 -0.123903
v 0.12976 1.4208 -0.150594
v 0.0854611 1.46011 -0.160888
v -0.0408558 1.54115 -0.127766
v -0.0671439 1.51812 -0.0910958
v -0.06864 1.53314 0.0534948
v 0.205894 1.37841 -0.00535302
v 0.194524 1.3756 -0.0378171
v -0.0467602 1.60503 0.288
v 0.0377952 1.57103 0.31421
v 0.0520369 1.56696 0.237504
v 0.000585822 1.52093 -0.274888
v -0.00132176 1.44518 -0.293498
v -0.0485215 1.45666 -0.34748
v -0.0403027 1.55513 -0.341992
v 0.0743597 1.47405 -0.173786
v 0.0150264 1.50413 -0.154848
v -0.0281983 1.51163 -0.129776
v -0.063033 1.52269 -0.119901
v -0.0669138 1.49268 -0.037547
v -0.0648572 1.5495 0.0410067
v -0.0527679 1.53952 0.090641
v 0.109786 1.45135 0.161944
v 0.206458 1.3797 0.0390201
v 0.194436 1.38443 -0.0457591
v 0.0343073 1.5235 -0.226772
v 0.063513 1.57724 0.249884
v 0.00701834 1.58771 -0.260143
v 0.0233708 1.54475 -0.221959
v 0.0207223 1.51431 0.12919
v 0.0030639 1.51119 -0.275083
v 0.00373881 1.48661 -0.284
v -0.0333498 1.56388 -0.328434
v -0.0197242 1.55707 -0.296664
v 0.147263 1.41305 -0.118008
v 0.00344179 1.4835 -0.149112
v -0.00396963 1.49569 -0.134827
v -0.0553485 1.55549 0.0445915
v -0.0124406 1.52826 0.13587
v 0.0359344 1.52411 -0.218308
v 0.0244045 1.51585 -0.24302
v 0.0518436 1.586 0.250342
v -0.0219865 1.5878 0.307444
v 0.0156598 1.57443 0.31454
v 0.13854 1.42513 0.141534
v 0.161644 1.39811 0.133119
v 0.177627 1.39553 0.103769
v 0.20202 1.38325 -0.0371741
v 0.203733 1.38795 -0.0397542
v 0.177754 1.3946 -0.0793018
v 0.14958 1.42246 -0.123798
v 0.117025 1.44571 -0.160592
v 0.0802484 1.49255 -0.176844
v 0.0537199 1.50534 -0.158379
v -0.051242 1.55159 -0.000625017
v 0.0960539 1.4613 -0.159329
v 0.0885909 1.47745 -0.167533
v -0.0420276 1.52541 -0.0174982
v -0.0192105 1.54969 0.128189
v -0.0363497 1.60712 0.244369
v -0.045901 1.61965 0.261297
v -0.0515739 1.61535 0.277264
v 0.0718701 1.57271 0.254222
v 0.0372478 1.51546 0.138121
v 0.0572351 1.50167 0.158304
v 0.167009 1.40922 0.139331
v 0.201109 1.3765 0.0535529
v 0.0496734 1.5185 -0.229927
v -0.0474593 1.50149 -0.353392
v 0.0289707 1.52129 -0.241356
v 0.0356146 1.52052 -0.236281
v 0.0214942 1.59111 -0.252248
v 0.0305444 1.57828 -0.229873
v 0.0367774 1.56029 -0.223713
v -0.0410769 1.61787 0.250714
v -0.0280377 1.60687 0.305017
v 0.0417252 1.59135 0.307634
v 0.061025 1.58431 0.298865
v 0.0868957 1.47799 0.163958
v 0.189409 1.39056 0.0872647
v 0.207664 1.37202 -0.0282522
v 0.129912 1.41852 -0.145908
v 0.0462398 1.49501 -0.158946
v -0.0535982 1.5246 -0.0116176
v -0.0656445 1.53923 0.00272594
v -0.041232 1.54868 0.106523
v 0.0608205 1.50888 -0.21281
v 0.0405366 1.50725 -0.240897
v -0.0118973 1.4412 -0.282635
v -0.0387759 1.49609 -0.354462
v -0.00891612 1.57123 -0.29916
v -0.0524834 1.53798 -0.103268
v -0.0527413 1.53583 -0.0955493
v -0.0521985 1.52599 -0.0789534
v -0.0612009 1.50511 -0.0604794
v -0.0430303 1.51764 -0.0300623
v -0.0310347 1.55241 0.115919
v 0.12994 1.45708 0.15617
v 0.179291 1.39427 0.100016
v 0.206148 1.38235 0.010666
v 0.186164 1.38754 -0.0597251
v 0.182547 1.38709 -0.101675
v 0.154606 1.41262 -0.118162
v -0.0110528 1.59682 0.227216
v -0.0442515 1.61168 0.294068
v 0.028111 1.5906 0.311222
v 0.0698191 1.57678 0.293431
v -0.0022555 1.50197 -0.277218
v -0.0323271 1.47058 -0.349716
v -0.0207965 1.57187 -0.312286
v 0.0252261 1.58525 -0.239121
v 0.041206 1.55153 -0.205339
v -0.0492418 1.52171 -0.133107
v -0.00627679 1.54175 0.130924
v 0.0137685 1.53742 0.118161
v 0.190974 1.37891 0.0712795
v 0.0180454 1.59944 0.223189
v 0.0315772 1.58811 0.235743
v 0.0163319 1.60639 0.185297
v 0.00799158 1.51258 -0.27287
v -0.00652612 1.44065 -0.320961
v 0.0646194 1.56571 0.214405
v 0.0712651 1.51015 -0.193516
v 0.0687479 1.50635 -0.200892
v 0.0285598 1.50774 -0.243284
v 0.0296221 1.5018 -0.159211
v -0.0543229 1.5072 -0.0508704
v -0.0617886 1.55411 0.0211362
v 0.0410097 1.5259 0.135622
v 0.112364 1.4768 0.162749
v 0.101609 1.47607 -0.165302
v -0.0481593 1.62264 0.282631
v 0.0017506 1.58675 0.31325
v 0.0282949 1.59234 0.229182
v 0.0472844 1.5537 -0.205163
v 0.0522843 1.53949 -0.205013
v 0.0142949 1.49176 -0.285521
v -0.00579377 1.57616 -0.303909
v 0.059565 1.5069 -0.207761
v 0.0745711 1.49891 -0.177027
v 0.0620154 1.50051 -0.166182
v -0.0390606 1.5204 -0.0407446
v -0.0487518 1.54987 -0.00335483
v -0.0636432 1.5535 0.0294856
v -0.0539207 1.53317 0.0636595
v -0.0122571 1.56152 0.12549
v 0.0764253 1.49773 0.162724
v 0.141543 1.4333 0.14186
v 0.212293 1.3745 -0.0239192
v 0.206494 1.4021 -0.0622962
v 0.19149 1.39014 -0.100851
v 0.0469677 1.52192 -0.222498
v 0.0678228 1.51406 -0.224817
v 0.0390712 1.49364 -0.256694
v -0.00107943 1.60067 0.223725
v 0.0531878 1.59235 0.254463
v 0.00543488 1.5911 -0.283684
v 0.0462221 1.55978 -0.207426
v 0.000196332 1.46266 -0.284452
v -0.0118989 1.44072 -0.326667
v -0.0382285 1.54351 -0.350656
v 0.0375655 1.55356 -0.219285
v 0.0450163 1.56109 -0.216873
v 0.0679804 1.51635 -0.176804
v 0.0463306 1.51247 -0.156421
v -0.0420022 1.56318 0.0893593
v -0.00477131 1.6147 0.222884
v -0.0271814 1.63392 0.237902
v 0.069936 1.58829 0.269465
v 0.0388013 1.58846 0.2436
v 0.0455996 1.59313 0.24481
v 0.056954 1.51679 0.151571
v 0.0666212 1.51588 0.158082
v 0.216803 1.39929 0.00932035
v 0.18097 1.39496 -0.0862603
v 0.127232 1.42464 -0.155395
v 0.0289905 1.49446 -0.261501
v 0.0226392 1.49164 -0.284192
v -0.0357063 1.52075 -0.355822
v 0.0312625 1.51803 -0.158956
v -0.0131331 1.52849 -0.127743
v 0.0210289 1.60573 0.219638
v -0.0229399 1.61507 0.232208
v -0.0421047 1.63063 0.27943
v 0.032504 1.5417 0.12378
v 0.130735 1.47089 0.15878
v 0.129824 1.4389 0.147841
v 0.21057 1.38959 0.0514821
v 0.184862 1.39526 -0.115884
v 0.130646 1.43553 -0.160551
v 0.0121391 1.47756 -0.289287
v 0.0200364 1.47069 -0.299003
v 0.00288069 1.44653 -0.311982
v -0.00299476 1.45725 -0.334611
v -0.029849 1.56368 -0.340601
v 0.00704787 1.5902 -0.293017
v 0.0417214 1.56631 -0.222844
v 0.0598498 1.53612 -0.202531
v 0.0668167 1.57168 0.202794
v 0.0577988 1.51802 -0.160908
v -0.0324161 1.53938 -0.131062
v -0.0329676 1.54995 -0.0873177
v -0.0213614 1.53732 -0.0411406
v -0.0287438 1.56323 0.103183
v 0.0144758 1.61649 0.183871
v -0.0243612 1.62854 0.232221
v -0.0386592 1.6332 0.258444
v -0.0411984 1.62612 0.290885
v -0.0315447 1.62096 0.299845
v -0.00566658 1.61474 0.30753
v 0.0510664 1.58863 0.304188
v 0.183401 1.41934 0.133089
v 0.191019 1.39629 -0.0678929
v 0.0801039 1.50353 -0.181791
v -0.0155727 1.48158 -0.352221
v -0.0148788 1.57461 -0.321102
v -0.00147439 1.57952 -0.306674
v 0.0513475 1.55537 -0.202254
v 0.0682142 1.53339 -0.19781
v 0.0806172 1.56151 0.239153
v -0.0353177 1.53738 -0.0127039
v -0.0392631 1.56867 0.00304781
v -0.0379902 1.55956 0.0702467
v -0.0355972 1.56696 0.0938687
v -0.00131081 1.62812 0.2156
v -0.019822 1.61168 0.306927
v 0.0642197 1.58959 0.262357
v 0.0589707 1.59115 0.258864
v 0.204428 1.38523 0.0576542
v 0.210934 1.37481 -0.0183493
v 0.214363 1.39087 -0.0333434
v 0.177704 1.4011 -0.118282
v 0.157932 1.43174 -0.133995
v 0.147109 1.43964 -0.162355
v 0.0107402 1.45461 -0.309691
v -0.0260564 1.55036 -0.352178
v -0.013067 1.57059 -0.334115
v 0.0252585 1.59731 -0.27712
v 0.0473803 1.57431 -0.224058
v 0.0677667 1.56278 0.224619
v 0.0246452 1.51888 -0.158018
v 0.0184566 1.52142 -0.152054
v 0.0619639 1.59612 0.265956
v 0.0516998 1.54204 0.143368
v 0.188025 1.40539 0.102581
v 0.203259 1.39822 0.0767029
v 0.210549 1.38896 0.00508575
v 0.0717681 1.51294 -0.220517
v -0.0243693 1.53694 -0.354726
v -0.0279555 1.55915 -0.347313
v 0.0347214 1.60227 -0.267908
v 0.0518487 1.59204 -0.232069
v 0.0508695 1.56728 -0.218669
v 0.0499107 1.52201 -0.156798
v 0.00243776 1.51052 -0.134705
v -0.0355585 1.56428 0.0554453
v 0.0177121 1.63235 0.183196
v 0.0599104 1.59907 0.294054
v 0.0639785 1.60246 0.277526
v 0.013653 1.61851 0.216306
v 0.0917536 1.52695 0.160664
v 0.0957988 1.50641 0.161462
v 0.206207 1.39614 0.0683215
v 0.200342 1.39594 -0.108036
v 0.081197 1.56371 0.220882
v -0.00839769 1.46453 -0.3421
v -0.0081743 1.47151 -0.345621
v -0.0235281 1.511 -0.356929
v 0.00934354 1.58329 -0.315806
v 0.0123062 1.58314 -0.299681
v 0.0623478 1.51892 -0.17099
v -0.030664 1.55922 -0.103346
v 0.038429 1.59843 0.166832
v 0.0324017 1.61391 0.176628
v 0.0295917 1.61249 0.17918
v -0.0038148 1.63875 0.214086
v 0.0673116 1.59037 0.287434
v 0.0794852 1.53232 0.157817
v 0.083938 1.56172 0.229288
v 0.157323 1.43569 0.139622
v 0.171719 1.42381 0.141496
v 0.218376 1.38576 -0.0269638
v 0.202946 1.39562 -0.0952025
v 0.122825 1.4732 -0.164797
v 0.100909 1.48843 -0.169317
v 0.0963975 1.50577 -0.182453
v 0.0638348 1.50501 -0.23528
v 0.052967 1.50566 -0.240306
v 0.0371418 1.58985 -0.235102
v -0.0540299 1.56375 0.0325632
v -0.0447876 1.55691 0.0519223
v -0.0382499 1.55771 0.0639407
v -0.016245 1.6391 0.226475
v 0.0408339 1.5481 0.132329
v 0.0749265 1.54848 0.157103
v 0.191923 1.42223 0.126705
v 0.221369 1.38429 -0.021225
v 0.193558 1.40005 -0.0732051
v 0.151935 1.43551 -0.156396
v 0.0798768 1.50183 -0.213917
v 0.0381046 1.48581 -0.272156
v 0.0174208 1.59405 -0.295154
v 0.0325232 1.59341 -0.245034
v 0.00614186 1.63354 0.191708
v -0.0161198 1.63182 0.297511
v 0.0268848 1.61275 0.307479
v 0.0882561 1.56838 0.248309
v 0.185268 1.41245 0.11931
v 0.213588 1.38852 -0.00429022
v 0.023331 1.48331 -0.290989
v 0.00982841 1.59363 -0.278669
v -0.00442994 1.53305 -0.127062
v -0.0292111 1.54005 -0.0696484
v -0.0313453 1.54678 -0.0100152
v -0.0264037 1.57703 0.0647004
v -0.0169413 1.54068 -0.0311588
v -0.0176589 1.57954 0.0967565
v -0.00355177 1.65215 0.214359
v 0.0642802 1.60127 0.269922
v 0.101399 1.56837 0.220224
v 0.0848645 1.57637 0.206682
v 0.0903836 1.5701 0.192938
v 0.0916467 1.53817 0.162241
v 0.135697 1.48665 0.160364
v 0.209955 1.39489 -0.0427771
v 0.211458 1.3997 -0.052237
v 0.19992 1.40244 -0.0789907
v 0.171099 1.42485 -0.119252
v 0.154329 1.43321 -0.149089
v 0.0763321 1.5021 -0.206719
v 0.0977533 1.49759 -0.215374
v 0.0290824 1.48117 -0.294419
v 0.0349623 1.53438 -0.161156
v 0.00588127 1.53223 -0.128732
v -0.0140182 1.54547 -0.130743
v -0.0435604 1.54616 -0.117705
v -0.0268886 1.53873 -0.0641026
v -0.0362473 1.57821 0.0381586
v -0.0155627 1.57261 0.116002
v -0.0191127 1.6398 0.288285
v 0.0111185 1.61202 0.308769
v 0.0613854 1.60878 0.285713
v 0.0287179 1.56044 0.114934
v 0.095086 1.56667 0.224037
v 0.0983073 1.5534 0.18674
v 0.104757 1.54743 0.182696
v 0.0963619 1.54513 0.170731
v 0.15815 1.44663 0.141477
v 0.196094 1.41883 0.111155
v 0.163975 1.42972 -0.125258
v 0.107301 1.50684 -0.186317
v -0.000346122 1.51652 -0.354095
v -0.00637471 1.52103 -0.354185
v 0.0403826 1.60022 -0.248998
v 0.0561664 1.56097 -0.201292
v 0.0676856 1.53759 -0.177641
v 0.0572577 1.52406 -0.158233
v 0.0568821 1.53822 -0.157073
v -0.0155574 1.54391 -0.021908
v -0.039115 1.57841 0.0317325
v 0.0383887 1.61308 0.160782
v 0.0344282 1.62644 0.171041
v 0.0592129 1.59705 0.258309
v 0.0995846 1.56739 0.232737
v 0.0906022 1.57815 0.206117
v 0.108286 1.51441 0.160941
v 0.15126 1.46152 0.150596
v 0.177785 1.41999 0.13844
v 0.0252763 1.49248 -0.338947
v 0.0574014 1.57877 -0.222764
v 0.0692939 1.54213 -0.197344
v -0.0278682 1.58428 0.0775718
v 0.0268215 1.63165 0.178606
v -0.027006 1.64473 0.255965
v 0.0506957 1.60781 0.299791
v 0.192833 1.39554 -0.112708
v 0.18659 1.43442 -0.127221
v 0.129098 1.47621 -0.168174
v 0.104369 1.50061 -0.178343
v 0.105199 1.50604 -0.193121
v 0.067985 1.49554 -0.245027
v 0.010567 1.46184 -0.325862
v -0.00366277 1.53928 -0.350903
v -0.00407668 1.56352 -0.341501
v 0.0149452 1.58709 -0.311301
v 0.0536474 1.56822 -0.205595
v 0.0393415 1.56825 0.126777
v 0.0563973 1.56155 0.140168
v 0.0600112 1.5716 0.140253
v 0.0663036 1.54609 0.148928
v 0.0699846 1.53098 -0.183768
v 0.025974 1.53628 -0.153737
v -0.0287961 1.64286 0.271848
v 0.179672 1.447 0.138818
v 0.219308 1.39945 0.0414979
v 0.225691 1.40747 0.00196861
v 0.16104 1.44065 -0.160828
v 0.0939395 1.49765 -0.210258
v 0.0319774 1.47908 -0.30246
v 0.0225164 1.47163 -0.318527
v 0.0585192 1.57593 -0.206485
v -0.00820474 1.55565 -0.13018
v -0.0406569 1.57418 0.0145029
v -0.00324479 1.59436 0.107956
v 0.0474322 1.60908 0.143376
v 0.0427781 1.60957 0.15487
v 0.0181129 1.64443 0.184632
v -0.0227191 1.64559 0.24102
v 0.053726 1.61744 0.295354
v 0.0626248 1.59707 0.254507
v 0.109859 1.57193 0.213362
v 0.101362 1.57387 0.204912
v 0.109665 1.56549 0.194331
v 0.115406 1.54384 0.180949
v 0.174575 1.4548 0.141513
v 0.181595 1.43134 0.139764
v 0.180144 1.43823 -0.138467
v 0.141277 1.44926 -0.165717
v 0.0851582 1.5082 -0.22167
v 0.0869349 1.50799 -0.228182
v 0.0557786 1.48886 -0.260562
v 0.00453665 1.57377 -0.333592
v 0.018706 1.59333 -0.305699
v 0.0284169 1.59711 -0.296593
v -0.0420485 1.57001 0.00870125
v 0.00505424 1.64501 0.197323
v 0.0029138 1.66283 0.20828
v -0.0115802 1.65852 0.238364
v 0.0393487 1.61829 0.303282
v 0.0794524 1.59274 0.251705
v 0.108594 1.55078 0.188567
v 0.108209 1.53793 0.164711
v 0.112332 1.52801 0.15944
v 0.154764 1.47689 0.154954
v 0.207336 1.40923 0.0868851
v 0.221287 1.39865 -0.00278994
v 0.222821 1.38847 -0.0133377
v 0.189274 1.42257 -0.120425
v 0.156772 1.44801 -0.169385
v 0.128447 1.48967 -0.173034
v 0.0132521 1.58065 -0.326034
v -0.0178667 1.55745 -0.128068
v -0.0232323 1.56467 -0.113084
v -0.00974948 1.58992 0.0934911
v 0.0294329 1.57262 0.113762
v 0.0436897 1.61833 0.152673
v 0.00443647 1.63304 0.301544
v 0.0678677 1.60187 0.264788
v 0.0751121 1.59612 0.251946
v 0.089471 1.5857 0.261583
v 0.174794 1.4688 0.148656
v 0.22178 1.40089 -0.0360429
v -0.000828254 1.55143 -0.347369
v 0.0645194 1.58256 -0.22204
v 0.0613414 1.57044 -0.20132
v 0.106694 1.57172 0.241939
v 0.20078 1.43483 0.13232
v 0.203311 1.41714 0.100526
v 0.205345 1.39534 -0.100419
v 0.0702575 1.48689 -0.256829
v 0.0436232 1.48121 -0.285457
v 0.0522753 1.48084 -0.300236
v 0.0481177 1.60407 -0.252598
v 0.019607 1.53803 -0.136037
v -0.0157516 1.56723 -0.121216
v -0.044716 1.57407 0.0248389
v -0.018719 1.59673 0.0824459
v 0.0456251 1.61794 0.141943
v 0.0379572 1.63131 0.159271
v -0.0102882 1.66092 0.252736
v -0.0129543 1.65498 0.272321
v 0.116823 1.56692 0.229452
v 0.133974 1.55052 0.194134
v 0.217831 1.40797 0.0678976
v 0.223135 1.40702 0.0559607
v 0.166996 1.43954 -0.154259
v 0.123746 1.50203 -0.181785
v 0.0269404 1.48089 -0.328404
v 0.0366779 1.60307 -0.283661
v 0.0642662 1.53596 -0.1618
v 0.0288543 1.53539 -0.157751
v 0.0126013 1.54741 -0.127438
v 0.0217409 1.56117 -0.126418
v -0.00510518 1.57496 -0.0895322
v -0.020885 1.54117 -0.0572721
v -0.0433482 1.54978 -0.00575632
v -0.0033015 1.58669 0.115469
v 0.0562425 1.57625 0.135241
v 0.0684494 1.60753 0.274882
v 0.106732 1.5778 0.249837
v 0.130753 1.53956 0.182526
v 0.12368 1.53474 0.165945
v 0.145924 1.49187 0.162539
v 0.228015 1.41081 0.047727
v 0.228823 1.39563 -0.0246677
v 0.197908 1.40959 -0.119586
v 0.0870495 1.49963 -0.238852
v 0.0128384 1.49717 -0.346294
v 0.0241706 1.58455 -0.33037
v 0.021947 1.5914 -0.315553
v 0.0478149 1.60807 -0.267388
v 0.0334902 1.54668 -0.155669
v 0.00589077 1.5496 -0.127631
v -0.00837762 1.57785 -0.105955
v -0.00243603 1.55298 -0.0405135
v -0.0121809 1.59388 0.0580106
v 0.033303 1.64328 0.171541
v 0.023713 1.65807 0.178398
v -0.00151363 1.6638 0.223031
v 0.0254694 1.62791 0.303615
v 0.132614 1.50432 0.164819
v 0.233327 1.39726 -0.0176317
v 0.212064 1.40618 -0.0679493
v 0.220176 1.40013 -0.0922218
v 0.0350344 1.48002 -0.311639
v 0.0134221 1.51886 -0.351204
v 0.0684462 1.58801 -0.202657
v 0.0695631 1.56033 -0.198048
v 0.0656789 1.5364 -0.170281
v 0.0687013 1.54458 -0.165678
v 0.00227652 1.56913 -0.128598
v -0.0282831 1.55885 -0.095499
v -0.0188565 1.57957 -0.00353437
v -0.00593771 1.6023 0.0356278
v -0.0162304 1.58742 0.0530943
v 0.0365394 1.65471 0.16573
v -0.000478866 1.641 0.295383
v 0.0681102 1.61415 0.281494
v 0.0919091 1.58031 0.257916
v 0.133075 1.53063 0.159568
v 0.192178 1.46075 0.13993
v 0.196324 1.44145 0.137935
v 0.219772 1.41693 0.0828269
v 0.1933 1.42844 -0.121787
v 0.0341346 1.58394 0.110627
v 0.0593481 1.48312 -0.276889
v 0.0381725 1.48581 -0.324827
v 0.0361256 1.59524 -0.311368
v -0.0179746 1.59531 0.0284866
v 0.079789 1.6085 0.270971
v 0.0897286 1.59839 0.268432
v 0.124191 1.52051 0.160351
v 0.209 1.40796 -0.115927
v 0.167964 1.44972 -0.170543
v 0.160568 1.45824 -0.175809
v 0.120193 1.48993 -0.210839
v 0.0996902 1.5035 -0.230164
v 0.0311458 1.52361 -0.347176
v 0.0116624 1.53823 -0.350222
v 0.0230583 1.56214 -0.343923
v 0.018435 1.57191 -0.338882
v 0.0524003 1.61031 -0.277804
v 0.0729682 1.55883 -0.192912
v 0.0419801 1.54596 -0.161565
v 0.000472361 1.5557 -0.0255902
v 0.00629937 1.61065 0.0839646
v 0.00715182 1.67596 0.21801
v 0.114239 1.57075 0.202903
v 0.127754 1.54375 0.188387
v 0.142963 1.53432 0.164996
v 0.219865 1.40161 0.0238919
v 0.23507 1.42053 0.00738133
v 0.143556 1.48167 -0.174806
v 0.0950461 1.48627 -0.259806
v 0.0479193 1.48351 -0.317188
v 0.0373069 1.49418 -0.334035
v 0.0311276 1.5386 -0.348203
v 0.0522742 1.60834 -0.291634
v 0.0463531 1.59774 -0.240781
v 0.066299 1.60814 -0.24466
v 0.0613268 1.55017 -0.159038
v 0.0514124 1.56583 -0.163833
v -0.0239183 1.58094 0.048959
v 0.0472974 1.6301 0.149223
v 0.0146041 1.66705 0.195716
v 0.120388 1.58208 0.250302
v 0.130851 1.56924 0.230194
v 0.14496 1.5241 0.158309
v 0.159341 1.50038 0.162829
v 0.171871 1.48791 0.154542
v 0.144449 1.49751 -0.185104
v 0.119845 1.49335 -0.203683
v 0.111162 1.50385 -0.229522
v 0.0752482 1.48336 -0.266825
v 0.0461867 1.60419 -0.30287
v 0.0650928 1.58547 -0.209326
v 0.0728181 1.55223 -0.183775
v 0.0182704 1.54326 -0.131123
v -0.0104938 1.60695 0.0714284
v 0.0349462 1.59299 0.102625
v 0.0379034 1.58264 0.118069
v 0.103822 1.50412 -0.223523
v 0.0337833 1.50631 -0.34124
v 0.0324781 1.56539 -0.127948
v 0.0627684 1.62291 0.288818
v 0.107693 1.59416 0.261534
v 0.12609 1.56556 0.196164
v 0.230068 1.41545 0.0557071
v 0.0288302 1.55143 -0.347069
v 0.0753024 1.56331 -0.19481
v 0.0061939 1.5615 -0.050074
v 0.0214241 1.57056 -0.036273
v -0.00593865 1.56047 -0.0140543
v -0.0152317 1.58573 -0.00141759
v 0.00588535 1.6057 0.105918
v 0.0559419 1.599 0.125491
v 0.0498724 1.62669 0.138274
v 0.0191167 1.67835 0.198841
v 0.00495376 1.67203 0.239099
v 0.0196171 1.67205 0.261577
v -0.00413615 1.65131 0.284843
v 0.0151897 1.64827 0.290679
v 0.0521817 1.63229 0.292943
v 0.0888656 1.61722 0.278947
v 0.157965 1.53741 0.181969
v 0.23255 1.39919 -0.0111803
v 0.227213 1.4068 -0.0533764
v 0.221913 1.40827 -0.0748037
v 0.212421 1.4142 -0.120673
v 0.172726 1.44538 -0.163405
v 0.0644885 1.48417 -0.295676
v 0.0683731 1.49531 -0.323439
v 0.0424864 1.58386 -0.3319
v 0.0725983 1.59114 -0.224568
v 0.0731647 1.58584 -0.200408
v 0.0747537 1.56167 -0.179539
v 0.0561982 1.5658 -0.164658
v 0.0502961 1.57023 -0.153126
v 0.00341619 1.60387 0.0896198
v 0.0336498 1.66204 0.170631
v 0.0286522 1.66976 0.176033
v 0.0457611 1.63798 0.292976
v 0.0780811 1.61902 0.278736
v 0.206573 1.43438 0.124741
v 0.223948 1.40182 -0.0989872
v 0.206462 1.42869 -0.124214
v 0.180288 1.44639 -0.159896
v 0.0956844 1.48419 -0.265683
v 0.0438254 1.51215 -0.34389
v 0.0313347 1.57317 -0.340742
v 0.0629385 1.61338 -0.26502
v 0.0635105 1.61039 -0.252515
v 0.0764492 1.57031 -0.191927
v 0.0397267 1.55816 -0.148595
v 0.0516999 1.63483 0.131122
v 0.0528735 1.63944 0.145346
v 0.00837509 1.67834 0.228675
v 0.0397957 1.64808 0.288839
v 0.130166 1.57317 0.23914
v 0.228194 1.42182 0.0765736
v 0.236309 1.4138 -0.00346306
v 0.23189 1.40443 -0.0322486
v 0.219143 1.40975 -0.114004
v 0.0743149 1.48514 -0.294852
v 0.0654284 1.48822 -0.311612
v 0.0483588 1.49015 -0.327976
v 0.0487076 1.50033 -0.337292
v 0.000962372 1.57789 -0.123746
v 0.0407021 1.64494 0.157146
v 0.153234 1.51054 0.162575
v 0.232727 1.41844 0.012749
v 0.243674 1.41244 -0.029687
v 0.153153 1.48549 -0.181864
v 0.13497 1.50497 -0.187596
v 0.0413601 1.54481 -0.350589
v 0.0626653 1.61336 -0.291786
v 0.0788483 1.59411 -0.215015
v 0.0730406 1.59308 -0.209988
v 0.0754927 1.59438 -0.202202
v 0.0795567 1.57464 -0.191976
v 0.0770728 1.56221 -0.1677
v 0.00322569 1.56293 -0.0178176
v 0.0526334 1.62125 0.11101
v 0.204487 1.4529 0.137457
v 0.226572 1.42978 0.0932629
v 0.242004 1.40574 -0.0198768
v 0.230257 1.40658 -0.0443196
v 0.191827 1.44183 -0.141016
v 0.146253 1.50393 -0.192063
v 0.121145 1.49168 -0.216705
v 0.126587 1.50019 -0.235493
v 0.0531771 1.59233 -0.325199
v 0.0677116 1.60996 -0.306409
v 0.0356075 1.56154 -0.133332
v 0.0150173 1.57015 -0.0216744
v -0.0103545 1.57947 -0.00702549
v 0.0294513 1.68952 0.199258
v 0.0130963 1.67332 0.253063
v 0.0293296 1.66859 0.270023
v 0.139056 1.57345 0.213482
v 0.164478 1.52665 0.159327
v 0.188787 1.47349 0.147649
v 0.18623 1.45498 -0.174106
v 0.164669 1.47578 -0.18345
v 0.133579 1.49263 -0.203698
v 0.0393557 1.55696 -0.348656
v 0.0771534 1.59241 -0.222469
v 0.0695425 1.55973 -0.160955
v 0.0514719 1.56909 -0.16231
v 0.0353104 1.60301 -0.124784
v 0.00274559 1.62161 0.0708265
v 0.0151163 1.61643 0.0850169
v 0.0168995 1.62093 0.0982582
v 0.0430249 1.66278 0.158788
v 0.0274474 1.68908 0.223883
v 0.147101 1.57757 0.240641
v 0.146819 1.57382 0.227332
v 0.148832 1.53086 0.159588
v 0.173274 1.50862 0.164152
v 0.185431 1.44352 -0.147803
v 0.139064 1.48754 -0.214836
v 0.0545109 1.51516 -0.342051
v 0.0422315 1.53433 -0.350018
v 0.0489669 1.57417 -0.339701
v 0.0803169 1.58987 -0.196303
v 0.0817522 1.57878 -0.185075
v 0.0404671 1.56253 -0.139613
v 0.0184174 1.5714 -0.0514787
v 0.0336394 1.68103 0.176386
v 0.0154409 1.68181 0.240676
v 0.070851 1.63212 0.284962
v 0.10744 1.6032 0.265836
v 0.156475 1.5518 0.198288
v 0.148876 1.54119 0.188345
v 0.206253 1.46323 0.139865
v 0.21075 1.44809 0.134975
v 0.217085 1.4361 0.108463
v 0.238452 1.42851 0.0642045
v 0.229808 1.4114 -0.0667298
v 0.214518 1.42683 -0.126346
v 0.171185 1.4601 -0.178721
v 0.0789749 1.48276 -0.275702
v 0.0759431 1.49253 -0.31605
v 0.0525868 1.54453 -0.348719
v 0.0539407 1.56483 -0.344108
v 0.0696463 1.55192 -0.1608
v 0.0604286 1.57408 -0.166232
v 0.0262974 1.57517 -0.127273
v 0.00288295 1.58405 -0.116126
v 0.00240406 1.56569 -0.0690238
v 0.00144704 1.57329 -0.0114695
v 0.0441505 1.60716 0.107283
v 0.039644 1.65893 0.279806
v 0.130194 1.58817 0.249309
v 0.178519 1.48177 0.151023
v 0.214924 1.43804 0.114581
v 0.20524 1.43493 -0.128727
v 0.102257 1.49233 -0.250941
v 0.0878549 1.48689 -0.286726
v 0.0588728 1.59929 -0.31739
v 0.067871 1.60203 -0.235411
v 0.0818802 1.6034 -0.205525
v 0.0431194 1.57613 -0.127867
v 0.00998053 1.57744 -0.0780781
v 0.00794628 1.61218 0.0515381
v 0.0591225 1.61678 0.125352
v 0.0575021 1.64882 0.284492
v 0.18975 1.48901 0.153546
v 0.232106 1.4169 0.0313121
v 0.243707 1.41345 -0.0552539
v 0.201747 1.44901 -0.151008
v 0.0784292 1.62117 -0.262377
v 0.0850136 1.58071 -0.166622
v 0.0191506 1.58307 -0.128233
v 0.00167236 1.58406 -0.0963457
v 0.0206769 1.57946 -0.0171118
v -0.00613605 1.60425 0.0198222
v 0.0117838 1.61841 0.0172058
v 0.0586119 1.67352 0.148674
v 0.052078 1.66263 0.279435
v 0.119116 1.60643 0.264705
v 0.165593 1.54666 0.194367
v 0.161598 1.53341 0.164354
v 0.21177 1.48151 0.149461
v 0.210779 1.4707 0.14258
v 0.238828 1.43655 0.0856991
v 0.243945 1.41004 -0.0949818
v 0.235545 1.41229 -0.107825
v 0.118714 1.50259 -0.224472
v 0.11078 1.48576 -0.265932
v 0.103502 1.48902 -0.288159
v 0.087448 1.49576 -0.30991
v 0.0668652 1.50585 -0.332813
v 0.110484 1.48656 -0.2762
v 0.0640929 1.5188 -0.339741
v 0.0627932 1.57345 -0.340494
v 0.0703773 1.59087 -0.327722
v 0.0827531 1.57212 -0.169076
v 0.0242228 1.58104 -0.128193
v 0.0147971 1.5949 -0.105589
v 0.0339734 1.67543 0.266026
v 0.149966 1.57351 0.205598
v 0.150371 1.57052 0.200163
v 0.17166 1.56045 0.204249
v 0.238882 1.4181 -0.00172321
v 0.246081 1.41287 -0.0122576
v 0.253335 1.41861 -0.0225586
v 0.259282 1.42386 -0.032624
v 0.241332 1.4095 -0.0833113
v 0.213235 1.43553 -0.132289
v 0.172476 1.4756 -0.18527
v 0.01159 1.62892 0.0632918
v 0.0494328 1.61978 0.0982875
v 0.0385707 1.68741 0.174434
v 0.0240583 1.68131 0.253841
v 0.150555 1.55783 0.200782
v 0.23784 1.42337 0.0469527
v 0.155864 1.48654 -0.217955
v 0.145516 1.48984 -0.221104
v 0.0592596 1.58749 -0.33145
v 0.0728186 1.61482 -0.29563
v 0.0904648 1.60874 -0.228813
v 0.0885472 1.60068 -0.217866
v 0.0601709 1.58147 -0.161968
v 0.016269 1.58506 -0.12693
v 0.0028524 1.60614 0.04506
v 0.0478599 1.62329 0.0941595
v 0.0606731 1.61435 0.120743
v 0.0570093 1.63554 0.127246
v 0.0478535 1.6793 0.160682
v 0.0980371 1.63804 0.276324
v 0.103499 1.62284 0.271992
v 0.238454 1.44374 0.096717
v 0.247211 1.41472 -0.0471457
v 0.229118 1.42484 -0.124284
v 0.194994 1.48332 -0.190038
v 0.159417 1.50256 -0.19091
v 0.0785783 1.49986 -0.325416
v 0.0830597 1.62151 -0.251246
v 0.082938 1.59586 -0.221552
v 0.0133275 1.61963 0.0268216
v 0.0255537 1.6261 0.0795255
v 0.0261267 1.63097 0.0897773
v 0.0549209 1.63057 0.104998
v 0.0238147 1.6872 0.214822
v 0.0732287 1.64905 0.28374
v 0.0802904 1.63635 0.284288
v 0.129003 1.6174 0.26533
v 0.158707 1.57389 0.200565
v 0.221321 1.46199 0.13679
v 0.222895 1.44863 0.128363
v 0.251946 1.43161 -0.00291725
v 0.231967 1.4156 -0.119647
v 0.220337 1.43408 -0.129208
v 0.0841322 1.60633 -0.21042
v 0.024401 1.59908 -0.0898149
v 0.0110028 1.59701 -0.0080099
v 0.0624535 1.63723 0.114359
v 0.0592925 1.64879 0.133442
v 0.0352712 1.68996 0.23747
v 0.0544086 1.67351 0.269395
v 0.165667 1.57688 0.206499
v 0.177195 1.53942 0.183488
v 0.233498 1.46267 0.132392
v 0.137978 1.49952 -0.234411
v 0.0950264 1.4935 -0.299246
v 0.0628568 1.54676 -0.347733
v 0.141096 1.49865 -0.227914
v 0.0770127 1.51314 -0.33518
v 0.0723113 1.54491 -0.349876
v 0.0190083 1.61988 0.00429239
v 0.0614042 1.65963 0.283423
v 0.176962 1.5319 0.161588
v 0.18951 1.50991 0.163685
v 0.251572 1.41489 -0.0769052
v 0.251134 1.41326 -0.085492
v 0.213943 1.4459 -0.14561
v 0.169786 1.50233 -0.191511
v 0.0851391 1.54722 -0.348211
v 0.0667695 1.61529 -0.281039
v 0.0330534 1.586 -0.0254237
v 0.000821646 1.61713 0.0765164
v 0.0625451 1.65726 0.142889
v 0.0601099 1.69733 0.159861
v 0.0558701 1.70679 0.190628
v 0.0596141 1.68071 0.261243
v 0.23332 1.45198 0.113591
v 0.242118 1.45618 0.108739
v 0.24907 1.41612 -0.0646617
v 0.199199 1.4527 -0.159891
v 0.126244 1.49447 -0.253003
v 0.0688787 1.55863 -0.346199
v 0.072585 1.58758 -0.168744
v 0.0693633 1.59277 -0.144025
v 0.00198091 1.60196 -0.000536503
v 0.00148232 1.6085 0.0119952
v 0.0574345 1.63484 0.0958822
v 0.180036 1.53585 0.168478
v 0.247378 1.43628 0.0300949
v 0.244303 1.43137 0.0144849
v 0.153616 1.49023 -0.225999
v 0.0842827 1.61673 -0.300794
v 0.0905552 1.60513 -0.219911
v 0.0853491 1.61253 -0.206989
v 0.0893028 1.58644 -0.173378
v 0.0687264 1.5922 -0.160724
v 0.0558608 1.5841 -0.133668
v 0.0248512 1.58749 -0.0756403
v 0.00469369 1.60669 0.00243715
v 0.0247472 1.6295 0.0736029
v 0.168021 1.57135 0.202995
v 0.182039 1.52743 0.160204
v 0.247216 1.44231 0.0764147
v 0.243784 1.43491 0.0634145
v 0.241659 1.42502 0.00234263
v 0.25725 1.41712 -0.0922779
v 0.0962008 1.50727 -0.323281
v 0.0902248 1.51492 -0.332327
v 0.0846118 1.56014 -0.343025
v 0.0733875 1.58156 -0.335046
v 0.0874989 1.61835 -0.240732
v 0.0232105 1.58797 -0.0130422
v 0.0364357 1.64347 0.0900071
v 0.0596059 1.65403 0.127406
v 0.0676107 1.65873 0.136556
v 0.0468314 1.69888 0.179555
v 0.0465902 1.69507 0.235325
v 0.047908 1.68764 0.249451
v 0.0850091 1.66371 0.274295
v 0.172035 1.58679 0.238729
v 0.175054 1.58099 0.208617
v 0.181462 1.55117 0.192878
v 0.260964 1.41976 -0.0702984
v 0.193576 1.46632 -0.182684
v 0.115918 1.49895 -0.294903
v 0.107361 1.49793 -0.301376
v 0.0894953 1.59758 -0.186754
v 0.0674718 1.58991 -0.151176
v 0.0369272 1.61037 -0.110208
v 0.0151413 1.60634 -0.00551451
v 0.0389581 1.63158 -0.00130304
v 0.0469337 1.64665 0.0710206
v 0.20724 1.50307 0.15931
v 0.0981952 1.60502 -0.317012
v 0.0853161 1.62376 -0.283814
v 0.0942845 1.59462 -0.17544
v 0.0728187 1.5942 -0.168466
v 0.0379589 1.60131 -0.12641
v 0.0279081 1.62986 0.0386784
v 0.0293178 1.64387 0.0588445
v 0.0626778 1.63799 0.119042
v 0.0486256 1.70186 0.211376
v 0.0913074 1.65015 0.276264
v 0.139914 1.60638 0.255769
v 0.16 1.5785 0.231586
v 0.249969 1.44069 0.0558696
v 0.145538 1.49812 -0.235248
v 0.143362 1.49825 -0.256233
v 0.097146 1.62275 -0.21009
v 0.0903957 1.61575 -0.20267
v 0.0359634 1.5847 -0.0512708
v 0.0419088 1.59779 -0.0178358
v 0.0401038 1.61744 -0.00892915
v 0.0301166 1.63242 0.0283131
v 0.0188498 1.63551 0.0665725
v 0.0749251 1.66894 0.129715
v 0.0785157 1.6819 0.264408
v 0.108736 1.64596 0.272998
v 0.109836 1.63578 0.273705
v 0.191097 1.54301 0.181278
v 0.198419 1.53978 0.170163
v 0.204307 1.45948 -0.173671
v 0.178923 1.50152 -0.193936
v 0.155314 1.49954 -0.233098
v 0.13344 1.49249 -0.2794
v 0.0762591 1.53458 -0.342544
v 0.0826376 1.60507 -0.316921
v 0.0520217 1.60703 -0.126634
v 0.0383241 1.61172 -0.100642
v 0.02193 1.59936 -0.0934407
v 0.0395131 1.60426 -0.0827358
v 0.0678018 1.61594 -0.0668675
v 0.0246956 1.62875 0.0483571
v 0.0423927 1.64917 0.0826252
v 0.0604585 1.64389 0.0905055
v 0.069043 1.66534 0.118345
v 0.183867 1.56811 0.206442
v 0.224762 1.48308 0.147503
v 0.257688 1.42501 -0.0165832
v 0.259626 1.42044 -0.0520535
v 0.241138 1.42796 -0.127136
v 0.213431 1.46007 -0.166165
v 0.186367 1.50015 -0.193787
v 0.163193 1.48853 -0.225274
v 0.110073 1.50757 -0.313875
v 0.0957043 1.62223 -0.298128
v 0.0952589 1.62822 -0.251084
v 0.106625 1.61961 -0.227587
v 0.092187 1.61027 -0.174515
v 0.0783367 1.6028 -0.167769
v 0.0293315 1.60364 -0.116809
v 0.0694504 1.65663 0.110639
v 0.125241 1.64351 0.267378
v 0.178144 1.57846 0.203641
v 0.183633 1.56194 0.205368
v 0.229599 1.51375 0.16303
v 0.235949 1.45995 0.126936
v 0.267905 1.42434 -0.0697747
v 0.157903 1.48751 -0.215394
v 0.106438 1.51677 -0.327245
v 0.112912 1.53655 -0.338485
v 0.0921604 1.59415 -0.326258
v 0.0916352 1.59363 -0.170237
v 0.0352471 1.60562 -0.122136
v 0.0288178 1.58434 -0.0617255
v 0.0406217 1.60516 -0.0128025
v 0.0351014 1.645 0.0648094
v 0.0614109 1.70606 0.171859
v 0.0690038 1.69006 0.251973
v 0.0786069 1.67136 0.273791
v 0.103263 1.6622 0.26848
v 0.123225 1.6271 0.267961
v 0.138477 1.62074 0.26165
v 0.226527 1.49804 0.154041
v 0.23732 1.4978 0.151945
v 0.257463 1.45531 0.0787476
v 0.252978 1.43712 0.00245685
v 0.219013 1.45818 -0.161227
v 0.0990576 1.62483 -0.239577
v 0.0575798 1.60669 -0.0320992
v 0.0441647 1.65486 0.0593557
v 0.0679896 1.6879 0.145835
v 0.150944 1.59507 0.248265
v 0.201321 1.53349 0.163607
v 0.210564 1.51625 0.164651
v 0.206349 1.4638 -0.180285
v 0.0922864 1.62792 -0.274044
v 0.10354 1.61971 -0.220407
v 0.0472219 1.63409 -0.00474164
v 0.0339584 1.63459 0.0173821
v 0.0661491 1.65761 0.102381
v 0.065449 1.7093 0.210205
v 0.0901487 1.67798 0.27328
v 0.158436 1.50002 -0.244204
v 0.107647 1.6205 -0.303358
v 0.100715 1.61464 -0.189021
v 0.0671288 1.63075 -0.114834
v 0.0405371 1.58627 -0.0458634
v 0.0448206 1.64614 0.0454658
v 0.0440486 1.64548 0.0669985
v 0.0539119 1.65917 0.0774676
v 0.0465171 1.65317 0.0864056
v 0.0765293 1.68143 0.11863
v 0.0900434 1.68525 0.260951
v 0.128939 1.65042 0.265145
v 0.156219 1.62625 0.25504
v 0.187894 1.5881 0.216916
v 0.188804 1.55992 0.201014
v 0.254702 1.44573 0.0407404
v 0.237462 1.43553 -0.138035
v 0.22798 1.44844 -0.15074
v 0.134859 1.4982 -0.285625
v 0.129859 1.50932 -0.297715
v 0.095477 1.55137 -0.347453
v 0.0587456 1.62521 -0.0974213
v 0.0473556 1.60545 -0.0764582
v 0.0474235 1.59168 -0.0409745
v 0.0444144 1.64307 0.0405095
v 0.0378149 1.65156 0.0573719
v 0.0810731 1.7101 0.152137
v 0.0735332 1.71037 0.163094
v 0.0717046 1.71483 0.182862
v 0.231179 1.47865 0.14204
v 0.268062 1.43159 -0.0336381
v 0.109737 1.62985 -0.290566
v 0.110312 1.63395 -0.24509
v 0.105553 1.61284 -0.18283
v 0.0999055 1.60594 -0.175315
v 0.0845265 1.60915 -0.150472
v 0.0475007 1.61533 -0.0899539
v 0.0668927 1.607 -0.0467117
v 0.0780115 1.67653 0.109971
v 0.0732388 1.70883 0.219233
v 0.187039 1.58281 0.205976
v 0.210427 1.55254 0.183469
v 0.245741 1.47949 0.133765
v 0.268137 1.42686 -0.0490809
v 0.255886 1.42035 -0.105518
v 0.231321 1.46919 -0.172978
v 0.184475 1.48877 -0.225556
v 0.106575 1.55564 -0.342946
v 0.0600614 1.59421 -0.129233
v 0.0519484 1.59235 -0.126257
v 0.0685821 1.7122 0.200119
v 0.172587 1.59681 0.24342
v 0.263913 1.43947 -0.0104099
v 0.264794 1.42218 -0.0898587
v 0.256878 1.43182 -0.132086
v 0.178584 1.48888 -0.230562
v 0.122554 1.53443 -0.329254
v 0.0996364 1.58229 -0.332221
v 0.103429 1.59553 -0.323529
v 0.0690981 1.61018 -0.0544416
v 0.0648999 1.6499 0.0944863
v 0.0840003 1.6812 0.130068
v 0.149136 1.63598 0.261218
v 0.242615 1.4568 -0.16396
v 0.208857 1.4758 -0.188904
v 0.214474 1.48317 -0.19425
v 0.188666 1.49811 -0.209
v 0.140993 1.49384 -0.273508
v 0.120284 1.55577 -0.340955
v 0.11229 1.62789 -0.234187
v 0.078291 1.62382 -0.129167
v 0.0556169 1.65693 0.061416
v 0.0699526 1.65463 0.0901274
v 0.102448 1.68529 0.266557
v 0.198553 1.55723 0.188664
v 0.254675 1.42322 -0.121202
v 0.159421 1.50333 -0.261718
v 0.121026 1.58241 -0.327505
v 0.0726957 1.62717 -0.127542
v 0.0624889 1.66047 0.0657361
v 0.0898889 1.69347 0.247397
v 0.192024 1.59469 0.231622
v 0.196878 1.59071 0.210739
v 0.209077 1.57269 0.207824
v 0.216802 1.54736 0.177172
v 0.222242 1.53884 0.170113
v 0.233399 1.52378 0.166401
v 0.255665 1.46229 0.0976496
v 0.263502 1.44844 0.00238412
v 0.276913 1.43195 -0.0854127
v 0.262649 1.44159 -0.145435
v 0.195901 1.49647 -0.21802
v 0.100155 1.62986 -0.281653
v 0.0675895 1.65574 0.0860166
v 0.0724639 1.66762 0.100244
v 0.100664 1.71885 0.20946
v 0.0785461 1.70602 0.228297
v 0.105257 1.69912 0.242224
v 0.151139 1.6503 0.259401
v 0.164887 1.62475 0.25171
v 0.202813 1.59082 0.208706
v 0.262722 1.45848 0.0631773
v 0.189278 1.50126 -0.200386
v 0.0939008 1.6199 -0.170796
v 0.0821623 1.69975 0.139934
v 0.193206 1.60912 0.243911
v 0.201549 1.57324 0.20963
v 0.20995 1.56701 0.192931
v 0.260886 1.48924 0.123618
v 0.277247 1.43338 -0.0683603
v 0.1396 1.52387 -0.308115
v 0.125083 1.5467 -0.336008
v 0.123573 1.64154 -0.24615
v 0.106044 1.6262 -0.217882
v 0.0647263 1.60703 -0.0416235
v 0.0720284 1.66622 0.0344517
v 0.0767236 1.66494 0.0853144
v 0.089122 1.72217 0.187752
v 0.108494 1.67769 0.26686
v 0.126202 1.66234 0.263621
v 0.182136 1.62032 0.24705
v 0.18852 1.59952 0.240576
v 0.24496 1.52334 0.164454
v 0.247056 1.50076 0.149851
v 0.264675 1.46397 0.0733892
v 0.278022 1.43634 -0.11508
v 0.265696 1.42949 -0.123836
v 0.155723 1.50563 -0.286604
v 0.121832 1.51794 -0.314582
v 0.118706 1.6341 -0.284643
v 0.120919 1.63901 -0.265673
v 0.11732 1.63978 -0.217976
v 0.103775 1.61152 -0.175899
v 0.0960959 1.61984 -0.175157
v 0.0703994 1.59943 -0.136703
v 0.0623396 1.62706 -0.119251
v 0.0367519 1.63503 0.00871392
v 0.060778 1.66465 0.0805281
v 0.0876569 1.6769 0.0910506
v 0.0875075 1.69294 0.1014
v 0.170937 1.63505 0.251665
v 0.215937 1.57396 0.205654
v 0.21759 1.56811 0.188989
v 0.262453 1.45199 0.0156093
v 0.273988 1.45519 -0.00843357
v 0.274463 1.44114 -0.0307374
v 0.169872 1.50013 -0.238554
v 0.119899 1.60928 -0.311812
v 0.115137 1.63761 -0.253968
v 0.115114 1.62722 -0.191042
v 0.0961507 1.61963 -0.160988
v 0.0703622 1.62767 -0.0845295
v 0.0481229 1.64412 0.012971
v 0.0643546 1.66817 0.0550867
v 0.086098 1.71706 0.16013
v 0.158818 1.64357 0.256579
v 0.261022 1.47762 0.10859
v 0.265018 1.472 0.0904467
v 0.264459 1.45788 0.02978
v 0.204117 1.49913 -0.199807
v 0.189195 1.49073 -0.235128
v 0.173717 1.50429 -0.252925
v 0.177492 1.5095 -0.26531
v 0.155887 1.52222 -0.297874
v 0.132857 1.58901 -0.321806
v 0.0840751 1.62478 -0.131831
v 0.0718402 1.63292 -0.123281
v 0.241191 1.47383 -0.176585
v 0.214403 1.49792 -0.205391
v 0.128262 1.56193 -0.338846
v 0.122815 1.63052 -0.292626
v 0.131221 1.64538 -0.254941
v 0.0638568 1.62455 -0.125491
v 0.0510957 1.61045 -0.0150979
v 0.0657816 1.65564 0.00614923
v 0.0745028 1.67543 0.076581
v 0.0879754 1.69664 0.112302
v 0.0960408 1.72312 0.194313
v 0.115044 1.69201 0.259222
v 0.209898 1.60325 0.226968
v 0.217133 1.58117 0.211033
v 0.227916 1.5495 0.177276
v 0.224678 1.48566 -0.199312
v 0.151344 1.53871 -0.313626
v 0.0566625 1.66356 0.0517453
v 0.0934228 1.68121 0.0872482
v 0.0904837 1.68764 0.123355
v 0.118386 1.70276 0.240356
v 0.139281 1.67079 0.258825
v 0.221997 1.55975 0.184196
v 0.241224 1.53482 0.169816
v 0.24069 1.47853 -0.181908
v 0.149119 1.57472 -0.328772
v 0.117514 1.63084 -0.229084
v 0.100186 1.71222 0.135766
v 0.0868436 1.71973 0.173676
v 0.183865 1.49654 -0.239078
v 0.11321 1.62528 -0.181785
v 0.0614952 1.61361 -0.0214987
v 0.0502023 1.64753 0.0253191
v 0.0918943 1.68186 0.0820529
v 0.0934276 1.69422 0.128212
v 0.115853 1.71503 0.221292
v 0.129184 1.69803 0.248455
v 0.135659 1.68648 0.254432
v 0.209413 1.59165 0.20871
v 0.272435 1.49814 0.109587
v 0.272308 1.4823 0.0843614
v 0.277128 1.46599 0.00332536
v 0.224169 1.4727 -0.186466
v 0.210039 1.49867 -0.222381
v 0.164069 1.52855 -0.299436
v 0.138721 1.54303 -0.326636
v 0.141147 1.60888 -0.30714
v 0.108015 1.63236 -0.177442
v 0.0973311 1.62867 -0.151594
v 0.0668729 1.6741 0.0526662
v 0.286124 1.44684 -0.0600331
v 0.254315 1.44526 -0.154698
v 0.207811 1.50091 -0.209079
v 0.196805 1.49178 -0.232402
v 0.068297 1.642 -0.00988341
v 0.0757581 1.67098 0.0392475
v 0.0712842 1.67386 0.0723869
v 0.154919 1.67416 0.253823
v 0.235185 1.55677 0.179956
v 0.279155 1.4403 -0.0470516
v 0.179855 1.5131 -0.27586
v 0.146212 1.56767 -0.333491
v 0.138651 1.6294 -0.294051
v 0.126738 1.63936 -0.229839
v 0.109818 1.63373 -0.162579
v 0.0973424 1.63458 -0.0605077
v 0.0674185 1.62828 -0.0152898
v 0.101851 1.72553 0.159381
v 0.097975 1.724 0.166797
v 0.263059 1.5045 0.137557
v 0.282071 1.46007 -0.0190522
v 0.131691 1.63756 -0.282858
v 0.133197 1.64795 -0.24728
v 0.102921 1.69868 0.122339
v 0.197728 1.62102 0.24472
v 0.233471 1.57554 0.185258
v 0.27595 1.47595 0.0431638
v 0.214178 1.49884 -0.247819
v 0.158261 1.50208 -0.279397
v 0.176242 1.51461 -0.288079
v 0.176838 1.51953 -0.292527
v 0.147497 1.59356 -0.316039
v 0.113705 1.6242 -0.185597
v 0.111844 1.71756 0.133309
v 0.249049 1.55041 0.174039
v 0.257067 1.54764 0.168684
v 0.25998 1.51262 0.14851
v 0.278783 1.47488 0.0207731
v 0.29093 1.45251 -0.125281
v 0.283772 1.44951 -0.137627
v 0.253883 1.46395 -0.170845
v 0.188709 1.50396 -0.247661
v 0.127843 1.63959 -0.186297
v 0.0823184 1.62254 -0.0406778
v 0.0888206 1.64023 -0.0216684
v 0.0857185 1.67948 0.0584331
v 0.0767875 1.67203 0.0601468
v 0.0880247 1.68489 0.0733828
v 0.124742 1.73099 0.187263
v 0.256174 1.52804 0.16175
v 0.219864 1.49852 -0.231459
v 0.158641 1.55704 -0.318902
v 0.15497 1.60517 -0.305931
v 0.153212 1.6208 -0.295955
v 0.130515 1.64669 -0.226423
v 0.116867 1.63894 -0.208127
v 0.0702204 1.63085 -0.090977
v 0.0874917 1.63664 -0.0768307
v 0.0684921 1.6548 -0.000520304
v 0.0800037 1.67085 0.023521
v 0.126986 1.72795 0.202296
v 0.169951 1.66615 0.254239
v 0.219717 1.6062 0.219558
v 0.243841 1.58457 0.184174
v 0.272137 1.47444 0.0651386
v 0.286103 1.44257 -0.100081
v 0.26768 1.46553 -0.172006
v 0.162051 1.57433 -0.323971
v 0.230048 1.59132 0.212848
v 0.272899 1.44723 -0.148327
v 0.1366 1.64888 -0.232442
v 0.101258 1.65142 -0.128013
v 0.0920886 1.62735 -0.0524625
v 0.0763574 1.6807 0.0507489
v 0.10741 1.63052 -0.163393
v 0.106457 1.64437 -0.138287
v 0.0858417 1.64351 -0.121529
v 0.0977847 1.68649 0.0918432
v 0.0916159 1.70122 0.107132
v 0.112422 1.71263 0.109378
v 0.118121 1.73173 0.167013
v 0.126741 1.71998 0.214594
v 0.176123 1.67509 0.251205
v 0.20919 1.63379 0.242155
v 0.292472 1.4741 -0.0227986
v 0.236896 1.49109 -0.208449
v 0.224941 1.49891 -0.213716
v 0.147193 1.64167 -0.274931
v 0.142593 1.64662 -0.262702
v 0.136625 1.65396 -0.213144
v 0.117138 1.63972 -0.179345
v 0.0763866 1.63587 -0.0956942
v 0.0808478 1.65489 -0.00926612
v 0.100918 1.69281 0.0653398
v 0.147075 1.70789 0.236215
v 0.186576 1.65125 0.247805
v 0.211248 1.60892 0.233641
v 0.231115 1.57843 0.191369
v 0.282076 1.49717 0.0752477
v 0.294252 1.49009 0.00375712
v 0.273871 1.46644 -0.169555
v 0.225888 1.49918 -0.225555
v 0.192918 1.51655 -0.272905
v 0.120692 1.64863 -0.159078
v 0.0946531 1.63198 -0.138107
v 0.101242 1.70582 0.102878
v 0.137216 1.71412 0.23052
v 0.161529 1.69033 0.243739
v 0.2288 1.60982 0.216831
v 0.233448 1.58529 0.208256
v 0.19125 1.52899 -0.294159
v 0.175394 1.53973 -0.301853
v 0.166736 1.57972 -0.32203
v 0.141501 1.65815 -0.223617
v 0.098358 1.64487 -0.131005
v 0.101788 1.63927 -0.0385738
v 0.0939833 1.64886 -0.019791
v 0.0737987 1.65602 -0.0040658
v 0.102941 1.69354 0.0721716
v 0.123199 1.71509 0.122234
v 0.227264 1.604 0.213323
v 0.289216 1.4952 0.0353476
v 0.282132 1.46111 -0.154878
v 0.240418 1.48572 -0.197082
v 0.216249 1.62099 0.236149
v 0.245296 1.5907 0.189642
v 0.271359 1.5321 0.148708
v 0.297685 1.47435 -0.037054
v 0.208968 1.4942 -0.241474
v 0.209365 1.5099 -0.255667
v 0.173127 1.59364 -0.311299
v 0.130268 1.65061 -0.217691
v 0.138153 1.64802 -0.200614
v 0.0970452 1.6467 -0.0837058
v 0.114641 1.70992 0.0981551
v 0.107428 1.70248 0.116902
v 0.152905 1.65604 -0.253772
v 0.108898 1.65782 -0.0983062
v 0.150332 1.71402 0.231106
v 0.232197 1.61966 0.224359
v 0.244068 1.59966 0.212162
v 0.292941 1.50662 0.0524055
v 0.290134 1.44861 -0.0817107
v 0.235535 1.49821 -0.218124
v 0.166484 1.6016 -0.307306
v 0.139491 1.64756 -0.195184
v 0.0816526 1.668 0.00700153
v 0.0941439 1.69106 0.0492914
v 0.130742 1.72405 0.130099
v 0.168204 1.70457 0.234244
v 0.269822 1.54617 0.158542
v 0.274921 1.52027 0.132902
v 0.300082 1.46912 -0.131941
v 0.25621 1.48067 -0.1845
v 0.23795 1.50453 -0.236026
v 0.191011 1.52209 -0.287863
v 0.103026 1.63653 -0.0468147
v 0.0943516 1.68528 0.0377598
v 0.122953 1.73016 0.151027
v 0.180027 1.68714 0.244577
v 0.285165 1.47093 -0.15972
v 0.17649 1.55687 -0.309369
v 0.179835 1.57892 -0.313349
v 0.184792 1.59924 -0.306608
v 0.158569 1.65142 -0.263335
v 0.15411 1.66124 -0.235456
v 0.126778 1.64623 -0.168451
v 0.116802 1.64917 -0.146915
v 0.0916414 1.63607 -0.0279096
v 0.109523 1.69792 0.075097
v 0.114613 1.70104 0.0891653
v 0.139079 1.72866 0.101414
v 0.140353 1.73249 0.14153
v 0.144791 1.73793 0.169181
v 0.15024 1.72308 0.217114
v 0.244526 1.62192 0.216561
v 0.259002 1.60385 0.19074
v 0.280138 1.51982 0.120821
v 0.297441 1.46396 -0.0635124
v 0.242991 1.50026 -0.223555
v 0.144117 1.65406 -0.248657
v 0.0970619 1.65112 -0.114957
v 0.126568 1.71601 0.118189
v 0.161533 1.71243 0.229182
v 0.28312 1.50938 0.0931679
v 0.291361 1.46301 -0.14321
v 0.193371 1.55399 -0.301018
v 0.128773 1.6474 -0.180993
v 0.114704 1.64948 -0.0658145
v 0.0987121 1.69367 0.0440294
v 0.0964813 1.69483 0.0491428
v 0.152903 1.73477 0.200765
v 0.158331 1.73216 0.20747
v 0.198745 1.68189 0.241917
v 0.201766 1.67189 0.242509
v 0.262268 1.57284 0.174063
v 0.299461 1.4614 -0.11392
v 0.256121 1.48957 -0.193434
v 0.248359 1.49357 -0.213319
v 0.15795 1.63736 -0.280526
v 0.11716 1.64816 -0.0504785
v 0.205114 1.65804 0.242857
v 0.249888 1.60005 0.2062
v 0.0993491 1.67352 -0.00568794
v 0.0975879 1.68533 0.0293647
v 0.303857 1.47145 -0.0754895
v 0.275369 1.47838 -0.178678
v 0.253724 1.493 -0.201778
v 0.20367 1.53794 -0.293163
v 0.238297 1.63091 0.226863
v 0.275122 1.58368 0.16564
v 0.290208 1.54211 0.12518
v 0.233024 1.50892 -0.253593
v 0.147205 1.6624 -0.218205
v 0.137556 1.66087 -0.162324
v 0.120187 1.65631 -0.138557
v 0.113897 1.66184 -0.108451
v 0.139823 1.7353 0.151529
v 0.136546 1.73463 0.182256
v 0.179848 1.71271 0.225788
v 0.22509 1.67383 0.233879
v 0.271851 1.60238 0.174697
v 0.266311 1.58915 0.174905
v 0.282353 1.56325 0.151906
v 0.286465 1.54644 0.136363
v 0.303566 1.50627 0.00988535
v 0.297324 1.48198 -0.149085
v 0.269092 1.50459 -0.200691
v 0.22364 1.51924 -0.261912
v 0.214617 1.53518 -0.28326
v 0.196848 1.63163 -0.288705
v 0.15176 1.65676 -0.19783
v 0.141596 1.65006 -0.190659
v 0.131881 1.64927 -0.168722
v 0.119751 1.66361 -0.0939366
v 0.115126 1.66188 -0.0221827
v 0.106815 1.6979 0.0547778
v 0.227867 1.66176 0.233897
v 0.305974 1.49344 -0.0230522
v 0.280028 1.47826 -0.17463
v 0.20555 1.52604 -0.279578
v 0.187231 1.5868 -0.309595
v 0.171283 1.61641 -0.297645
v 0.148569 1.65864 -0.181957
v 0.140751 1.66506 -0.152245
v 0.104374 1.67013 -0.0119343
v 0.0781357 1.6639 0.00306128
v 0.106077 1.68825 0.0135278
v 0.117866 1.70236 0.035581
v 0.11692 1.7039 0.0630431
v 0.132895 1.71959 0.0946643
v 0.250836 1.61994 0.213829
v 0.256376 1.61292 0.210992
v 0.303315 1.51501 0.0306864
v 0.280973 1.48926 -0.179737
v 0.272817 1.49595 -0.188853
v 0.250776 1.50497 -0.227858
v 0.162245 1.66305 -0.246615
v 0.119397 1.6513 -0.0426863
v 0.112255 1.70574 0.0473977
v 0.126818 1.71235 0.0759347
v 0.131679 1.72525 0.105691
v 0.226331 1.64278 0.234155
v 0.266247 1.60323 0.180279
v 0.307043 1.48807 -0.037808
v 0.258302 1.49798 -0.217291
v 0.126315 1.66643 -0.131039
v 0.138931 1.72178 0.0744122
v 0.303373 1.57811 0.130178
v 0.310416 1.48142 -0.111966
v 0.274384 1.50311 -0.192
v 0.24503 1.50915 -0.23681
v 0.182895 1.65942 -0.259911
v 0.160957 1.66908 -0.224503
v 0.156015 1.66557 -0.215161
v 0.10019 1.67821 -0.000669578
v 0.165017 1.74326 0.166178
v 0.203458 1.70178 0.230554
v 0.251824 1.63979 0.219464
v 0.315153 1.4962 -0.0494493
v 0.286509 1.50126 -0.174191
v 0.100995 1.65346 -0.123212
v 0.144579 1.72667 0.1206
v 0.182165 1.73356 0.202924
v 0.309904 1.48935 -0.128036
v 0.2351 1.50628 -0.249068
v 0.140665 1.72509 0.1146
v 0.15709 1.732 0.124191
v 0.193118 1.71893 0.217196
v 0.201077 1.69306 0.237219
v 0.287089 1.59437 0.157056
v 0.291449 1.57558 0.144039
v 0.302951 1.5246 0.0550482
v 0.310823 1.47979 -0.0976723
v 0.185666 1.64073 -0.280329
v 0.190172 1.66831 -0.238348
v 0.168143 1.66702 -0.237795
v 0.113051 1.65484 -0.0806114
v 0.120212 1.66073 -0.0283643
v 0.120394 1.70195 0.0299996
v 0.163898 1.7378 0.19769
v 0.247164 1.65444 0.221654
v 0.291309 1.53091 0.106381
v 0.276859 1.51567 -0.203874
v 0.212331 1.54762 -0.291839
v 0.200666 1.57059 -0.301329
v 0.14632 1.73225 0.106114
v 0.231711 1.69844 0.223086
v 0.239146 1.68186 0.226389
v 0.279429 1.61102 0.171205
v 0.319131 1.5161 -0.0120777
v 0.282689 1.51054 -0.18702
v 0.263884 1.50346 -0.220627
v 0.25614 1.51844 -0.238066
v 0.138921 1.67522 -0.0337779
v 0.137457 1.68032 -0.0225954
v 0.129088 1.68343 -0.0140545
v 0.137472 1.71963 0.0855578
v 0.18002 1.74356 0.179796
v 0.265825 1.63231 0.210011
v 0.302778 1.58694 0.134943
v 0.302588 1.49039 -0.144875
v 0.236852 1.52997 -0.264801
v 0.210164 1.62446 -0.289745
v 0.138288 1.67125 -0.0423574
v 0.208017 1.7389 0.187795
v 0.258794 1.65898 0.212531
v 0.272017 1.62153 0.195024
v 0.303388 1.55468 0.109902
v 0.165872 1.66979 -0.207328
v 0.136122 1.66868 -0.138036
v 0.131493 1.66392 -0.0727618
v 0.133815 1.71548 0.0542668
v 0.193493 1.73123 0.204324
v 0.315846 1.49385 -0.109093
v 0.293918 1.4999 -0.164113
v 0.246102 1.51876 -0.254157
v 0.20406 1.64806 -0.273856
v 0.175675 1.67433 -0.199701
v 0.142459 1.67621 -0.130386
v 0.134349 1.67385 -0.123411
v 0.156001 1.73281 0.0875706
v 0.156174 1.73571 0.102567
v 0.198885 1.74384 0.176842
v 0.28934 1.60762 0.157941
v 0.297784 1.6087 0.145041
v 0.310364 1.56744 0.106093
v 0.316858 1.52343 0.00933505
v 0.325577 1.51156 -0.0656696
v 0.32124 1.50307 -0.0794448
v 0.308 1.50536 -0.145377
v 0.263112 1.52855 -0.239335
v 0.215233 1.63919 -0.27907
v 0.17175 1.6716 -0.221647
v 0.171096 1.67083 -0.18627
v 0.142469 1.67305 -0.0723041
v 0.171623 1.74195 0.151259
v 0.267828 1.62735 0.206701
v 0.311594 1.54641 0.0726988
v 0.327378 1.52473 -0.0190774
v 0.319331 1.50836 -0.111554
v 0.134234 1.67507 -0.110024
v 0.130175 1.66118 -0.0550717
v 0.283725 1.62302 0.17405
v 0.320123 1.53702 0.0260394
v 0.269988 1.51669 -0.223408
v 0.24402 1.55065 -0.271889
v 0.231153 1.578 -0.286808
v 0.152603 1.6659 -0.171968
v 0.246129 1.69412 0.215315
v 0.32207 1.54906 0.0444444
v 0.315592 1.50937 -0.127326
v 0.290849 1.52473 -0.181184
v 0.236441 1.56127 -0.280684
v 0.217542 1.61568 -0.290344
v 0.13368 1.7111 0.0330117
v 0.167191 1.73699 0.121287
v 0.219053 1.71446 0.217073
v 0.272634 1.65048 0.200038
v 0.252294 1.53075 -0.255909
v 0.212038 1.59579 -0.2973
v 0.145533 1.67611 -0.0893742
v 0.146736 1.67801 -0.0582043
v 0.12179 1.71139 0.0443292
v 0.23285 1.71289 0.211389
v 0.326594 1.52947 -0.00753343
v 0.206697 1.66723 -0.242421
v 0.125601 1.69454 -0.00298548
v 0.150538 1.72353 0.040988
v 0.176478 1.74163 0.143631
v 0.191425 1.74539 0.160561
v 0.257288 1.68386 0.209816
v 0.310773 1.58946 0.118723
v 0.33106 1.56797 0.0509534
v 0.306347 1.51921 -0.155445
v 0.132734 1.69397 -0.00756195
v 0.279647 1.63898 0.190452
v 0.123542 1.69861 0.00480156
v 0.144691 1.7153 0.0124421
v 0.149235 1.72422 0.0522867
v 0.249298 1.70292 0.207596
v 0.288361 1.63643 0.175193
v 0.307939 1.60736 0.133933
v 0.327781 1.52129 -0.0796788
v 0.285537 1.52173 -0.193801
v 0.180772 1.67626 -0.2015
v 0.156821 1.67142 -0.163639
v 0.129014 1.7066 0.0167866
v 0.27428 1.66934 0.195572
v 0.293448 1.62485 0.159148
v 0.338019 1.53052 -0.0293895
v 0.332917 1.52838 -0.0665223
v 0.262921 1.54501 -0.250044
v 0.240212 1.59441 -0.281878
v 0.152874 1.68559 -0.11329
v 0.189417 1.74574 0.129955
v 0.232628 1.72448 0.200182
v 0.320233 1.5682 0.0809217
v 0.319577 1.52434 -0.120886
v 0.255697 1.56047 -0.264675
v 0.296611 1.52165 -0.167957
v 0.280789 1.52803 -0.213431
v 0.2857 1.56846 -0.228781
v 0.152253 1.68473 -0.122205
v 0.16433 1.73783 0.0901541
v 0.296188 1.65084 0.167796
v 0.191693 1.67377 -0.214987
v 0.335543 1.56541 0.0348819
v 0.343334 1.53419 -0.0427678
v 0.328425 1.53375 -0.0934043
v 0.308278 1.53671 -0.150953
v 0.238399 1.60965 -0.280801
v 0.180514 1.67761 -0.180632
v 0.152564 1.72194 0.0300239
v 0.208682 1.74516 0.164151
v 0.2867 1.67264 0.181053
v 0.301301 1.63452 0.14964
v 0.338199 1.54217 -0.00947195
v 0.341566 1.55187 -0.0156028
v 0.326761 1.54046 -0.104461
v 0.317099 1.53944 -0.132057
v 0.236263 1.62735 -0.27407
v 0.165557 1.6874 -0.133778
v 0.158282 1.67545 -0.150716
v 0.151895 1.71528 0.00321657
v 0.182982 1.74436 0.098546
v 0.199087 1.7466 0.146558
v 0.274577 1.68652 0.188283
v 0.33953 1.53449 -0.0314865
v 0.347836 1.53983 -0.057416
v 0.333702 1.52846 -0.0457089
v 0.333044 1.53655 -0.0810698
v 0.312912 1.53438 -0.166012
v 0.296512 1.54922 -0.188245
v 0.29291 1.55332 -0.208837
v 0.249746 1.71332 0.19631
v 0.319739 1.60813 0.105032
v 0.343644 1.54698 -0.0426805
v 0.304196 1.53664 -0.165358
v 0.276321 1.53768 -0.228912
v 0.266769 1.57962 -0.255348
v 0.25155 1.57963 -0.272677
v 0.25128 1.61019 -0.272276
v 0.217879 1.66501 -0.24368
v 0.188917 1.67953 -0.188369
v 0.174703 1.67922 -0.164077
v 0.158658 1.69098 -0.0536791
v 0.161793 1.6995 -0.0298279
v 0.173888 1.74151 0.0853262
v 0.189506 1.74555 0.114201
v 0.213717 1.74171 0.176569
v 0.23476 1.72911 0.191263
v 0.158856 1.68627 -0.0793691
v 0.160989 1.73422 0.0667204
v 0.315677 1.62502 0.113932
v 0.331549 1.61126 0.0897234
v 0.330297 1.59343 0.0794472
v 0.348633 1.5586 0.00247236
v 0.32896 1.54952 -0.104052
v 0.300833 1.55519 -0.178834
v 0.235813 1.63704 -0.266663
v 0.160587 1.72779 0.0382932
v 0.165142 1.73124 0.0499863
v 0.258001 1.71789 0.178519
v 0.291306 1.65934 0.176999
v 0.333582 1.54723 0.00458321
v 0.341099 1.54455 -0.0687808
v 0.338686 1.54785 -0.0858959
v 0.315682 1.54213 -0.14094
v 0.28266 1.55641 -0.228388
v 0.159666 1.71027 -0.00674808
v 0.181995 1.7388 0.0554125
v 0.277735 1.70186 0.175466
v 0.325342 1.61506 0.107634
v 0.343027 1.55225 -0.0294655
v 0.304376 1.5486 -0.173366
v 0.290307 1.54027 -0.203132
v 0.273667 1.57096 -0.245612
v 0.166938 1.6917 -0.101762
v 0.171426 1.70575 -0.0349538
v 0.309605 1.63522 0.133284
v 0.341218 1.57847 0.0423523
v 0.346945 1.54515 -0.0697228
v 0.194971 1.68837 -0.165287
v 0.166756 1.69291 -0.118282
v 0.172274 1.69488 -0.0900201
v 0.192007 1.74691 0.0867119
v 0.219852 1.74518 0.153463
v 0.267918 1.69922 0.186747
v 0.332474 1.55214 -0.0994959
v 0.323556 1.54866 -0.122312
v 0.323267 1.55184 -0.126318
v 0.249982 1.62572 -0.268156
v 0.247002 1.63656 -0.262034
v 0.183346 1.68335 -0.16538
v 0.229629 1.7457 0.145536
v 0.236549 1.73587 0.170819
v 0.316863 1.63932 0.111779
v 0.347982 1.55747 -0.0530054
v 0.347027 1.55069 -0.0555803
v 0.275449 1.59037 -0.247772
v 0.262032 1.60166 -0.261105
v 0.2348 1.66004 -0.240451
v 0.162336 1.70527 -0.0161316
v 0.168731 1.72672 0.010153
v 0.183907 1.74262 0.0692598
v 0.337905 1.59801 0.0655182
v 0.35023 1.58062 0.0261968
v 0.346523 1.54841 -0.0875693
v 0.171941 1.69197 -0.130877
v 0.298054 1.66781 0.165711
v 0.313448 1.65188 0.121911
v 0.326081 1.62497 0.10631
v 0.314823 1.56566 -0.14718
v 0.212645 1.67597 -0.208621
v 0.170495 1.71507 -0.00947393
v 0.203116 1.7483 0.116192
v 0.211062 1.74879 0.12454
v 0.219614 1.74846 0.131677
v 0.249841 1.73467 0.162145
v 0.291777 1.68145 0.170231
v 0.304279 1.6621 0.153683
v 0.308965 1.64726 0.135814
v 0.350418 1.56969 -0.0186775
v 0.295559 1.56983 -0.212775
v 0.28742 1.69894 0.162725
v 0.342315 1.60739 0.0682081
v 0.352734 1.57399 0.017444
v 0.337861 1.55288 -0.10844
v 0.309833 1.56486 -0.169626
v 0.291284 1.57546 -0.221087
v 0.28437 1.58661 -0.229613
v 0.251237 1.65231 -0.246168
v 0.224877 1.67861 -0.201686
v 0.212883 1.67976 -0.198593
v 0.169212 1.7304 0.0266694
v 0.185646 1.70042 -0.113971
v 0.267454 1.71907 0.170032
v 0.347391 1.59789 0.0508172
v 0.354831 1.59498 0.032909
v 0.332478 1.56667 -0.118948
v 0.321216 1.57117 -0.135281
v 0.312956 1.55773 -0.154286
v 0.270637 1.60815 -0.25097
v 0.167085 1.69473 -0.0674811
v 0.183609 1.72223 -0.00969317
v 0.296696 1.69537 0.153611
v 0.363783 1.59013 0.0288994
v 0.360928 1.57764 0.0150812
v 0.353913 1.57716 -0.0404509
v 0.344765 1.56665 -0.0730768
v 0.336019 1.57295 -0.113737
v 0.276747 1.61023 -0.234385
v 0.267212 1.63142 -0.233196
v 0.351025 1.57198 -0.0560196
v 0.345877 1.55762 -0.0843735
v 0.305442 1.57826 -0.184656
v 0.244489 1.66424 -0.229896
v 0.206677 1.68964 -0.17133
v 0.232651 1.74569 0.127554
v 0.270688 1.72046 0.156051
v 0.339994 1.63501 0.0724522
v 0.181188 1.69661 -0.130436
v 0.210943 1.75022 0.0936966
v 0.326709 1.64032 0.0998485
v 0.363906 1.59773 0.0380401
v 0.338548 1.57687 -0.0874649
v 0.300367 1.5763 -0.202413
v 0.185708 1.70672 -0.0721038
v 0.183808 1.73243 0.00943549
v 0.316831 1.66347 0.107142
v 0.338472 1.58499 -0.0799212
v 0.257504 1.65214 -0.233821
v 0.206634 1.69887 -0.152611
v 0.183391 1.73618 0.0221529
v 0.222576 1.74904 0.121933
v 0.304412 1.68536 0.147722
v 0.311331 1.67819 0.134456
v 0.311915 1.68496 0.125746
v 0.299527 1.59362 -0.207042
v 0.287517 1.62273 -0.215266
v 0.178514 1.70856 -0.0415554
v 0.251516 1.74132 0.125751
v 0.324426 1.65742 0.0994946
v 0.33231 1.64257 0.0854565
v 0.344808 1.62547 0.066125
v 0.357985 1.60245 0.0525744
v 0.325151 1.60063 -0.0954364
v 0.314674 1.58952 -0.150231
v 0.307688 1.59159 -0.178759
v 0.248102 1.66564 -0.224402
v 0.222977 1.68983 -0.179668
v 0.199493 1.74619 0.0665986
v 0.275685 1.72008 0.14855
v 0.287018 1.71171 0.148471
v 0.304031 1.69884 0.138869
v 0.356628 1.60852 0.0246559
v 0.351868 1.59101 -0.0155605
v 0.35403 1.58742 -0.0435313
v 0.349069 1.58985 -0.0596486
v 0.308699 1.59633 -0.165013
v 0.293495 1.60157 -0.216969
v 0.264552 1.64808 -0.223028
v 0.19137 1.70452 -0.100236
v 0.192108 1.72349 -0.019682
v 0.200506 1.74517 0.0447785
v 0.23384 1.7511 0.0938543
v 0.312978 1.6798 0.105368
v 0.332492 1.58762 -0.120936
v 0.199353 1.70507 -0.11358
v 0.193346 1.71893 -0.0495082
v 0.213191 1.75013 0.0792991
v 0.355248 1.60222 -0.00516126
v 0.340384 1.59187 -0.0741833
v 0.255368 1.66694 -0.207665
v 0.195517 1.71339 -0.0778784
v 0.247096 1.7479 0.106476
v 0.332746 1.66225 0.0689917
v 0.359302 1.61345 0.0463354
v 0.35493 1.59703 -0.0397244
v 0.325289 1.6062 -0.0912044
v 0.294649 1.61873 -0.205088
v 0.249434 1.67687 -0.196184
v 0.240445 1.67555 -0.20777
v 0.214378 1.69978 -0.156382
v 0.196915 1.70221 -0.130186
v 0.206468 1.74642 0.0390508
v 0.286865 1.72099 0.134101
v 0.297798 1.707 0.140794
v 0.349985 1.64068 0.0558415
v 0.352563 1.63563 0.0488017
v 0.350429 1.63238 0.0275504
v 0.303732 1.61026 -0.179022
v 0.21193 1.70277 -0.14574
v 0.204379 1.70709 -0.111268
v 0.197782 1.72341 -0.0402988
v 0.196364 1.73972 0.0169208
v 0.212752 1.74867 0.0533084
v 0.269584 1.73694 0.123722
v 0.298914 1.7122 0.121629
v 0.338317 1.60309 -0.0768121
v 0.32034 1.61152 -0.11518
v 0.326614 1.60077 -0.128299
v 0.317642 1.61415 -0.149409
v 0.274913 1.64598 -0.211255
v 0.200662 1.71887 -0.0622673
v 0.201835 1.72739 -0.0245085
v 0.198834 1.73183 -0.00323518
v 0.306481 1.70043 0.121223
v 0.308136 1.69175 0.101215
v 0.328895 1.66075 0.0787841
v 0.352401 1.59853 -0.0580885
v 0.325425 1.59775 -0.139088
v 0.308723 1.60793 -0.161048
v 0.297778 1.62829 -0.178034
v 0.299217 1.61169 -0.190941
v 0.20714 1.70939 -0.101164
v 0.204903 1.71895 -0.0612259
v 0.319756 1.67583 0.0959952
v 0.344742 1.6451 0.0353694
v 0.229375 1.75167 0.0747141
v 0.257996 1.74583 0.0994813
v 0.281079 1.73249 0.11653
v 0.311666 1.69671 0.075223
v 0.356956 1.61125 0.0125373
v 0.303248 1.63041 -0.164149
v 0.283722 1.64969 -0.188249
v 0.265918 1.66349 -0.201384
v 0.253608 1.6837 -0.180551
v 0.224362 1.70229 -0.151804
v 0.214339 1.70607 -0.13024
v 0.2143 1.71922 -0.0551527
v 0.214496 1.72403 -0.0323868
v 0.208139 1.73173 -0.0102122
v 0.336489 1.66924 0.060536
v 0.315409 1.62615 -0.112401
v 0.315821 1.62195 -0.115689
v 0.276999 1.6581 -0.199187
v 0.214942 1.71037 -0.0931837
v 0.21078 1.7401 0.0114085
v 0.21728 1.74584 0.0283548
v 0.225915 1.74906 0.04375
v 0.249332 1.74975 0.076374
v 0.289742 1.72682 0.108493
v 0.291441 1.72244 0.0996334
v 0.307951 1.70055 0.0825885
v 0.322507 1.61279 -0.140118
v 0.28018 1.73665 0.1094
v 0.27171 1.66514 -0.195628
v 0.217715 1.71372 -0.0808855
v 0.217489 1.73259 -0.00909382
v 0.34537 1.6095 -0.0723586
v 0.24206 1.69149 -0.172523
v 0.231756 1.69657 -0.165502
v 0.221186 1.70599 -0.139082
v 0.22351 1.73801 0.00449895
v 0.366221 1.62122 -0.019829
v 0.359461 1.60746 -0.0177377
v 0.306881 1.64238 -0.123589
v 0.28149 1.73389 0.0949847
v 0.290965 1.72369 0.087198
v 0.299638 1.71668 0.0727686
v 0.343549 1.65241 0.0314056
v 0.361178 1.61812 0.00210973
v 0.32093 1.6342 -0.10326
v 0.314017 1.63261 -0.143027
v 0.310833 1.63491 -0.152741
v 0.264436 1.67983 -0.177046
v 0.234974 1.70461 -0.141138
v 0.220993 1.72406 -0.0506587
v 0.236078 1.74559 0.0283415
v 0.235614 1.75141 0.0668233
v 0.317995 1.69176 0.0679949
v 0.339327 1.66615 0.0549477
v 0.359623 1.60827 -0.0388504
v 0.252641 1.69296 -0.162532
v 0.270359 1.74175 0.0817061
v 0.324115 1.69463 0.0575559
v 0.3264 1.62414 -0.0945469
v 0.227995 1.70712 -0.127965
v 0.220922 1.71575 -0.0811625
v 0.251313 1.74823 0.0465541
v 0.331771 1.67379 0.0359214
v 0.361246 1.61661 -0.0459954
v 0.225793 1.71137 -0.109037
v 0.22015 1.73044 -0.0190491
v 0.282367 1.73385 0.0807309
v 0.306979 1.7111 0.0646174
v 0.330757 1.67976 0.0478504
v 0.367602 1.62805 -0.0131743
v 0.314103 1.64926 -0.109292
v 0.302445 1.65317 -0.155327
v 0.262052 1.68988 -0.163444
v 0.25277 1.69827 -0.154424
v 0.239554 1.70757 -0.136916
v 0.233387 1.74298 -0.0252262
v 0.273291 1.74125 0.0621731
v 0.323221 1.68943 0.0399607
v 0.304365 1.6513 -0.132532
v 0.227852 1.71925 -0.0935558
v 0.22816 1.73467 -0.0484959
v 0.241718 1.74638 0.0241527
v 0.265308 1.74488 0.0425387
v 0.353453 1.65512 0.0233632
v 0.36051 1.64294 0.0144823
v 0.291192 1.65496 -0.168283
v 0.275077 1.68017 -0.164378
v 0.236153 1.74445 0.00289584
v 0.29176 1.72911 0.0647092
v 0.322884 1.69051 0.034118
v 0.339621 1.66965 0.0314016
v 0.348822 1.62503 -0.075576
v 0.299019 1.66202 -0.123277
v 0.234353 1.71686 -0.110279
v 0.232044 1.73328 -0.0683848
v 0.229148 1.73985 -0.00831958
v 0.316352 1.71032 0.0551899
v 0.349951 1.67118 0.0263864
v 0.365383 1.62424 -0.0453043
v 0.261421 1.7472 0.033441
v 0.299507 1.72362 0.0604701
v 0.368979 1.62411 -0.0278612
v 0.355582 1.62242 -0.0640247
v 0.335847 1.63763 -0.0920057
v 0.302873 1.65805 -0.149504
v 0.243081 1.71316 -0.125653
v 0.235034 1.7403 -0.0461962
v 0.285941 1.73536 0.052835
v 0.312974 1.70531 0.0361902
v 0.318554 1.70178 0.0305677
v 0.327565 1.649 -0.100306
v 0.276608 1.68933 -0.153055
v 0.254683 1.7069 -0.137635
v 0.237177 1.72823 -0.0945479
v 0.249798 1.74883 0.0182025
v 0.335399 1.68635 0.0306519
v 0.315569 1.66509 -0.107668
v 0.302118 1.66858 -0.115387
v 0.266285 1.697 -0.148349
v 0.244369 1.72535 -0.108647
v 0.237847 1.73367 -0.0806161
v 0.242101 1.73928 -0.0543523
v 0.241369 1.74934 -0.0150147
v 0.27543 1.74682 0.0348754
v 0.297799 1.73511 0.0485444
v 0.368313 1.64134 -0.00345702
v 0.375215 1.63218 -0.0272358
v 0.374844 1.63337 -0.0425399
v 0.29057 1.68279 -0.143177
v 0.291206 1.67667 -0.152257
v 0.246278 1.73104 -0.0833339
v 0.246633 1.75188 -0.00298237
v 0.259045 1.75172 0.0174113
v 0.306824 1.72625 0.0515852
v 0.305849 1.72004 0.0327561
v 0.259022 1.72671 -0.0806166
v 0.252542 1.7199 -0.123179
v 0.383048 1.64537 -0.0387331
v 0.302034 1.68727 -0.109539
v 0.26297 1.72862 -0.073337
v 0.256274 1.73237 -0.052151
v 0.298766 1.72961 0.0237099
v 0.313907 1.71825 0.0254402
v 0.322169 1.71269 0.0264287
v 0.364217 1.63389 -0.0580319
v 0.277335 1.70355 -0.144894
v 0.264876 1.7135 -0.129662
v 0.255876 1.72871 -0.0633851
v 0.262826 1.73641 -0.0395859
v 0.274463 1.73981 -0.0100231
v 0.340623 1.69448 0.0295187
v 0.361984 1.66746 0.0163921
v 0.347244 1.6453 -0.0877235
v 0.334003 1.65984 -0.100624
v 0.295722 1.73424 0.0121763
v 0.384298 1.64849 -0.0281457
v 0.35865 1.6693 -0.0906921
v 0.300329 1.69658 -0.109478
v 0.272869 1.72376 -0.0861195
v 0.373587 1.67591 0.00563874
v 0.373383 1.65004 -0.0654692
v 0.321845 1.69337 -0.107372
v 0.288638 1.71359 -0.099071
v 0.27125 1.7414 -0.0304011
v 0.281426 1.73978 -0.00605189
v 0.362644 1.68703 0.0209316
v 0.377465 1.65413 -0.00826865
v 0.27858 1.73692 -0.0743862
v 0.389088 1.64713 -0.0381408
v 0.380154 1.64667 -0.0540621
v 0.360214 1.65371 -0.0795867
v 0.271399 1.74194 -0.0512775
v 0.389416 1.65233 -0.0222737
v 0.4121 1.63811 -0.0426691
v 0.332819 1.72073 0.027402
v 0.383651 1.65471 -0.0162816
v 0.298829 1.71939 -0.0973519
v 0.282153 1.75082 -0.0274625
v 0.372617 1.69061 0.0153084
v 0.391224 1.65857 -0.0127122
v 0.404093 1.64938 -0.0103918
v 0.408232 1.64326 -0.0604838
v 0.380931 1.65649 -0.069385
v 0.304077 1.70435 -0.105245
v 0.32677 1.674 -0.105523
v 0.27655 1.74133 -0.0641463
v 0.278919 1.74901 -0.0486108
v 0.28756 1.75005 -0.0128749
v 0.385703 1.66222 -0.0100884
v 0.418505 1.63809 -0.047813
v 0.403868 1.65117 -0.0724937
v 0.368177 1.67319 -0.0870897
v 0.416229 1.64809 -0.0108295
v 0.423677 1.63955 -0.0339464
v 0.387995 1.6557 -0.0713877
v 0.348484 1.6816 -0.101892
v 0.285596 1.73246 -0.084518
v 0.326117 1.7325 0.0232745
v 0.418698 1.64332 -0.0584261
v 0.411262 1.65018 -0.0699192
v 0.288643 1.76002 -0.0389233
v 0.380176 1.68818 0.011325
v 0.35326 1.67904 -0.0988627
v 0.300106 1.73208 -0.0913889
v 0.296161 1.74752 0.000931133
v 0.41165 1.66627 0.00648994
v 0.42805 1.64599 -0.0231435
v 0.295076 1.75753 -0.0692334
v 0.387838 1.67724 0.0038575
v 0.426979 1.64384 -0.0507531
v 0.377404 1.67412 -0.0859669
v 0.31741 1.71739 -0.103207
v 0.403797 1.66568 0.00440766
v 0.360687 1.6921 -0.101385
v 0.315419 1.74135 0.0162019
v 0.356563 1.7034 0.0269921
v 0.326427 1.70685 -0.106449
v 0.299142 1.75392 -0.0775036
v 0.294339 1.76298 -0.0596485
v 0.310384 1.76749 -0.00249852
v 0.349647 1.71941 0.0290435
v 0.431559 1.64783 -0.039332
v 0.326046 1.75202 0.0155974
v 0.345874 1.73356 0.0281984
v 0.409985 1.68036 0.0175928
v 0.43522 1.65759 -0.0273049
v 0.382603 1.67919 -0.0926648
v 0.298134 1.76855 -0.0216361
v 0.368217 1.70898 0.0245284
v 0.376647 1.70479 0.0221206
v 0.380887 1.70294 0.0229533
v 0.421078 1.65865 -0.00528491
v 0.428026 1.65901 -0.0620881
v 0.397955 1.66923 -0.0915308
v 0.297577 1.77132 -0.0383954
v 0.301587 1.76515 -0.0100278
v 0.436407 1.65896 -0.0480581
v 0.418584 1.65465 -0.0693712
v 0.378307 1.69083 -0.100434
v 0.326807 1.73741 -0.099618
v 0.341359 1.7425 0.0253667
v 0.397311 1.69201 0.024508
v 0.41999 1.68827 0.0206572
v 0.368758 1.69213 -0.0993578
v 0.334465 1.73054 -0.104622
v 0.307507 1.75035 -0.0858502
v 0.29665 1.77796 -0.0896181
v 0.377751 1.71999 0.0309611
v 0.404696 1.67155 -0.0936342
v 0.346033 1.70272 -0.10674
v 0.362454 1.72592 0.0295502
v 0.431244 1.67126 -0.0722225
v 0.290886 1.78178 -0.0593472
v 0.442161 1.66283 -0.0385743
v 0.397057 1.68567 -0.104883
v 0.372501 1.70461 -0.105487
v 0.360622 1.71307 -0.108309
v 0.287617 1.77971 -0.0746269
v 0.300959 1.77576 -0.0509874
v 0.334382 1.75752 0.0178813
v 0.401098 1.69904 0.0301821
v 0.445167 1.67989 -0.0143998
v 0.432093 1.66416 -0.0135688
v 0.407523 1.68622 -0.104603
v 0.316936 1.75809 -0.0870956
v 0.309091 1.76004 -0.0846684
v 0.431236 1.68571 0.0114645
v 0.434473 1.67914 0.000962639
v 0.361077 1.73846 0.0310491
v 0.394429 1.71135 0.0333217
v 0.412359 1.69697 0.0285319
v 0.415366 1.66595 -0.0832393
v 0.293156 1.79267 -0.0483604
v 0.303359 1.78028 -0.0427348
v 0.448006 1.67017 -0.025536
v 0.447409 1.66932 -0.0494163
v 0.371615 1.72309 -0.112272
v 0.308824 1.7793 -0.0128898
v 0.382191 1.73204 0.0351868
v 0.451816 1.66892 -0.0355956
v 0.292046 1.78429 -0.0871428
v 0.33463 1.76706 0.0152167
v 0.39949 1.7216 0.0362526
v 0.452816 1.67757 -0.0253116
v 0.424146 1.68762 -0.0974477
v 0.402628 1.69744 -0.111463
v 0.345252 1.72299 -0.108416
v 0.320519 1.77448 -0.085689
v 0.307171 1.78467 -0.0249194
v 0.454757 1.67514 -0.0354555
v 0.453393 1.67678 -0.0475997
v 0.429286 1.70383 0.0257853
v 0.440914 1.68741 0.00344986
v 0.322893 1.78184 0.00247704
v 0.351914 1.75479 0.0281254
v 0.447502 1.68682 -0.00533123
v 0.293163 1.79848 -0.0737476
v 0.391634 1.70109 -0.111651
v 0.390277 1.73116 -0.119689
v 0.35093 1.75702 -0.11106
v 0.340426 1.74895 -0.104938
v 0.292362 1.7992 -0.0598919
v 0.302214 1.8058 -0.0507123
v 0.306686 1.78708 -0.0458758
v 0.34684 1.76808 0.0244297
v 0.410111 1.7095 0.0342271
v 0.456872 1.68061 -0.0532591
v 0.414874 1.70711 -0.113859
v 0.326715 1.76901 -0.0900392
v 0.307526 1.7953 -0.0462277
v 0.387087 1.74304 0.0364058
v 0.422293 1.71976 0.0335837
v 0.460533 1.68303 -0.0248597
v 0.435805 1.67956 -0.0784511
v 0.297471 1.80818 -0.0569072
v 0.310808 1.79411 -0.0303623
v 0.375886 1.7548 0.0374029
v 0.460917 1.68095 -0.0452216
v 0.448493 1.68541 -0.0715958
v 0.302173 1.79062 -0.0928426
v 0.38545 1.75024 0.0387079
v 0.457977 1.68632 -0.0592028
v 0.373825 1.74125 -0.116877
v 0.297863 1.81183 -0.0778342
v 0.293513 1.80942 -0.0653527
v 0.368032 1.77224 0.0328326
v 0.46478 1.69229 -0.0284939
v 0.466241 1.69061 -0.0426381
v 0.316212 1.80245 -0.0867341
v 0.300486 1.80273 -0.0830557
v 0.314705 1.80613 -0.0396776
v 0.378073 1.75889 0.0481774
v 0.408859 1.73283 0.0365283
v 0.381038 1.74435 -0.123052
v 0.307671 1.80484 -0.0868122
v 0.313497 1.78824 -0.0104134
v 0.330979 1.79994 0.00891133
v 0.368181 1.77602 0.0455577
v 0.39133 1.73923 -0.123325
v 0.359518 1.75077 -0.114502
v 0.346731 1.76624 -0.107748
v 0.330376 1.7863 -0.0912384
v 0.416189 1.75225 0.0350183
v 0.450254 1.70731 0.0123946
v 0.464068 1.70146 -0.0216301
v 0.422291 1.70027 -0.107701
v 0.322082 1.80796 -0.00575848
v 0.391804 1.75164 0.0373035
v 0.434058 1.71515 0.0276237
v 0.471258 1.69131 -0.0368064
v 0.403507 1.71666 -0.117798
v 0.374445 1.76002 -0.120858
v 0.298474 1.82092 -0.0802917
v 0.293193 1.82471 -0.0561393
v 0.461137 1.73338 0.0191059
v 0.452573 1.69718 -0.00333491
v 0.376938 1.76289 -0.125403
v 0.29288 1.82447 -0.0623955
v 0.319659 1.81572 -0.0334877
v 0.347828 1.79208 0.0239909
v 0.378863 1.77652 0.0472411
v 0.3948 1.77067 0.0372023
v 0.463058 1.70815 -0.0136383
v 0.48741 1.68797 -0.0348403
v 0.468464 1.69792 -0.0527299
v 0.443337 1.70161 -0.0936363
v 0.412479 1.74183 -0.123524
v 0.38033 1.75267 -0.13872
v 0.295207 1.83626 -0.0636854
v 0.455748 1.69857 -0.0743043
v 0.295732 1.82811 -0.0868416
v 0.302458 1.81519 -0.052467
v 0.357377 1.79008 0.0291197
v 0.360729 1.78467 -0.120237
v 0.302231 1.83077 -0.0953077
v 0.293004 1.83398 -0.0865832
v 0.467843 1.70778 -0.0181495
v 0.470998 1.70666 -0.0574024
v 0.354093 1.78355 -0.115427
v 0.331102 1.80573 -0.0892046
v 0.37458 1.77694 -0.128391
v 0.338595 1.79895 -0.100737
v 0.332616 1.83053 -0.0051338
v 0.461322 1.71323 0.00125646
v 0.48539 1.6974 -0.0228964
v 0.462291 1.70042 -0.0599414
v 0.315939 1.82193 -0.0416515
v 0.323601 1.8187 -0.0131801
v 0.365075 1.79215 0.0331389
v 0.439867 1.7552 0.0297859
v 0.465617 1.72846 0.0107954
v 0.468886 1.7171 -0.014722
v 0.484483 1.69704 -0.0502776
v 0.396473 1.7582 -0.127181
v 0.387834 1.76036 -0.13438
v 0.327506 1.8074 0.00308119
v 0.36993 1.79041 0.0473419
v 0.375045 1.79347 0.0444301
v 0.453236 1.70554 -0.0871788
v 0.449846 1.72963 -0.109935
v 0.370469 1.78069 -0.124369
v 0.297537 1.83771 -0.0814294
v 0.299696 1.82919 -0.0469864
v 0.381312 1.79039 0.0341795
v 0.494884 1.69612 -0.0315317
v 0.491928 1.69378 -0.0427423
v 0.487242 1.71327 -0.0478588
v 0.466049 1.7206 -0.0842754
v 0.379325 1.77818 -0.140943
v 0.301079 1.83718 -0.0550772
v 0.3285 1.8315 -0.0146123
v 0.350176 1.8063 0.0228704
v 0.366922 1.79492 0.0448158
v 0.451 1.73905 0.02552
v 0.488328 1.70872 -0.0253463
v 0.471404 1.7178 -0.0639621
v 0.461858 1.72907 -0.102027
v 0.452151 1.72227 -0.104208
v 0.352096 1.79858 -0.113401
v 0.334334 1.81394 -0.0913346
v 0.2983 1.84596 -0.0740894
v 0.303003 1.84662 -0.0556591
v 0.375024 1.77703 -0.140957
v 0.298575 1.84477 -0.0799854
v 0.316457 1.84107 -0.0425882
v 0.36309 1.80944 0.0276308
v 0.493077 1.71718 -0.028907
v 0.322247 1.83362 -0.0362856
v 0.375543 1.80379 0.0439318
v 0.479825 1.72227 -0.0224134
v 0.385358 1.77542 -0.128898
v 0.378105 1.79388 -0.141851
v 0.343319 1.81257 -0.102416
v 0.308784 1.83728 -0.084359
v 0.325959 1.83342 -0.0290835
v 0.406258 1.76623 -0.126914
v 0.387717 1.7835 -0.12913
v 0.354018 1.81677 0.0213688
v 0.397453 1.78962 0.0333651
v 0.494968 1.71204 -0.0388931
v 0.46579 1.72834 -0.0958901
v 0.386755 1.78937 -0.138551
v 0.37564 1.7921 -0.1303
v 0.321091 1.83351 -0.0998399
v 0.315245 1.83799 -0.093522
v 0.480913 1.72183 -0.0551177
v 0.473029 1.72881 -0.0743619
v 0.439112 1.73752 -0.116673
v 0.359139 1.80727 -0.117643
v 0.339375 1.82749 0.00516783
v 0.39018 1.80175 0.0371844
v 0.455297 1.75762 0.0243681
v 0.46825 1.75283 0.0118976
v 0.357639 1.8259 -0.110579
v 0.337886 1.82676 -0.0957033
v 0.319568 1.8446 -0.0901078
v 0.411485 1.77218 0.0343226
v 0.436301 1.7789 0.0309778
v 0.470576 1.7367 0.00461708
v 0.478784 1.74503 0.00103961
v 0.479058 1.73602 -0.0190387
v 0.480347 1.7339 -0.0588221
v 0.472254 1.73589 -0.0891511
v 0.397831 1.7903 -0.131352
v 0.408434 1.77871 -0.12549
v 0.305114 1.85196 -0.084503
v 0.301657 1.85482 -0.0745088
v 0.308141 1.85183 -0.0614355
v 0.346339 1.83882 0.00971963
v 0.411736 1.79386 0.031081
v 0.498433 1.73006 -0.0417636
v 0.456941 1.75231 -0.111319
v 0.308437 1.86082 -0.0646184
v 0.328396 1.84187 -0.0340578
v 0.426665 1.75736 -0.123377
v 0.380629 1.80403 -0.145286
v 0.326941 1.84138 -0.0956961
v 0.323587 1.84956 -0.0434967
v 0.470602 1.74832 -0.0968798
v 0.41168 1.79096 -0.127582
v 0.382566 1.80659 -0.126899
v 0.343265 1.83298 -0.0934154
v 0.305061 1.8623 -0.0771382
v 0.399765 1.80611 0.0373451
v 0.460923 1.76561 0.0232367
v 0.47997 1.75256 0.00432224
v 0.324077 1.8553 -0.0446347
v 0.338356 1.84551 -0.000745169
v 0.383107 1.81691 0.0408815
v 0.49752 1.73668 -0.0335252
v 0.487938 1.73711 -0.0505401
v 0.485915 1.74617 -0.0574957
v 0.447004 1.77785 -0.11749
v 0.36787 1.8125 -0.121206
v 0.319618 1.85163 -0.0820398
v 0.389649 1.8224 0.0325788
v 0.477598 1.76493 0.0179455
v 0.484504 1.75166 -0.00316895
v 0.48299 1.74169 -0.0775395
v 0.421876 1.78506 -0.12234
v 0.396033 1.79896 -0.134666
v 0.394986 1.80975 -0.14529
v 0.386276 1.80833 -0.14204
v 0.351504 1.83803 -0.101503
v 0.33634 1.84819 -0.100117
v 0.323028 1.85675 -0.0838226
v 0.404491 1.81046 0.0343739
v 0.452433 1.76557 -0.114991
v 0.403141 1.80564 -0.139285
v 0.328843 1.84844 -0.096488
v 0.316315 1.86053 -0.0553441
v 0.336215 1.85302 -0.0313854
v 0.445506 1.79467 0.0294184
v 0.484989 1.7478 -0.022983
v 0.498997 1.74247 -0.0304225
v 0.498506 1.74301 -0.0490748
v 0.382933 1.82569 -0.124223
v 0.310289 1.86403 -0.0838583
v 0.355501 1.83196 0.019011
v 0.501394 1.7415 -0.040346
v 0.485542 1.74802 -0.0814925
v 0.477136 1.75383 -0.0969894
v 0.466221 1.75953 -0.107212
v 0.395423 1.81316 -0.127393
v 0.340365 1.86532 -0.0357563
v 0.496937 1.75616 0.00320757
v 0.506078 1.74799 -0.0221775
v 0.501535 1.75042 -0.0774947
v 0.337999 1.85196 -0.00783835
v 0.457641 1.77668 0.0264747
v 0.48605 1.7608 -0.10038
v 0.403317 1.81393 -0.127845
v 0.41745 1.80789 -0.126579
v 0.37004 1.82806 -0.119549
v 0.316389 1.87721 -0.0685762
v 0.322011 1.8665 -0.0586947
v 0.328224 1.86193 -0.0478284
v 0.3445 1.86107 -0.0268275
v 0.374485 1.83538 0.0252583
v 0.421253 1.80627 0.0313559
v 0.410453 1.80815 -0.129594
v 0.353957 1.8469 -0.100809
v 0.331784 1.86317 -0.076554
v 0.315517 1.87594 -0.0720792
v 0.392213 1.8295 0.0321569
v 0.501565 1.75218 -0.00837016
v 0.509931 1.7487 -0.0629307
v 0.499505 1.75375 -0.0882913
v 0.46975 1.77659 -0.110517
v 0.342779 1.85327 -0.0999808
v 0.336636 1.85435 -0.0967134
v 0.51281 1.75123 -0.0268205
v 0.379363 1.8409 -0.117726
v 0.320717 1.87279 -0.0742767
v 0.451104 1.79274 -0.118766
v 0.359089 1.85406 -0.099801
v 0.332163 1.86871 -0.0581186
v 0.348329 1.86227 -0.00891434
v 0.436978 1.81024 0.0316973
v 0.459376 1.79321 0.0273615
v 0.471637 1.78492 0.0229968
v 0.367977 1.84785 -0.108986
v 0.33791 1.87024 -0.077702
v 0.383384 1.86017 0.0189882
v 0.49134 1.76193 0.0120094
v 0.497845 1.75942 -0.093308
v 0.319083 1.88219 -0.0693392
v 0.350623 1.85646 0.00296981
v 0.513456 1.74936 -0.0526127
v 0.349072 1.86643 -0.0968755
v 0.321873 1.87981 -0.0749775
v 0.516977 1.7587 -0.0253801
v 0.481563 1.77594 -0.105211
v 0.333139 1.88168 -0.0730432
v 0.337874 1.87301 -0.0541868
v 0.406482 1.82249 0.0342081
v 0.519652 1.7577 -0.0575126
v 0.495243 1.77353 -0.0956707
v 0.423731 1.81657 -0.12667
v 0.398544 1.82881 -0.127315
v 0.512817 1.77738 -0.00995773
v 0.365946 1.86339 -0.0963556
v 0.350482 1.87212 -0.0971973
v 0.342261 1.87392 -0.0773536
v 0.325676 1.8862 -0.0627891
v 0.352177 1.87662 -0.0372486
v 0.35517 1.87096 -0.0269129
v 0.514045 1.75989 -0.0161105
v 0.515763 1.75718 -0.0673769
v 0.513166 1.76416 -0.0746625
v 0.353377 1.87616 -0.0976219
v 0.360672 1.87087 -0.00478578
v 0.404411 1.85242 0.0297481
v 0.462566 1.8069 0.0289642
v 0.483023 1.77897 0.0160537
v 0.47029 1.80659 -0.117727
v 0.358737 1.87673 -0.102405
v 0.334416 1.89035 -0.0673645
v 0.419651 1.85066 0.0330437
v 0.401564 1.85413 -0.120951
v 0.374722 1.86632 -0.101111
v 0.351641 1.88388 -0.0920777
v 0.330634 1.8929 -0.0617381
v 0.341885 1.88218 -0.0551795
v 0.371462 1.86756 0.00789611
v 0.473239 1.80602 0.0256056
v 0.498637 1.77751 0.00326928
v 0.522974 1.77189 -0.0524593
v 0.39026 1.8605 -0.113883
v 0.343199 1.88121 -0.0764519
v 0.355109 1.88293 -0.0377751
v 0.368444 1.8793 -0.0244712
v 0.444371 1.82351 0.0333873
v 0.488825 1.80194 0.0155653
v 0.518625 1.77355 -0.0715741
v 0.507788 1.77365 -0.0838048
v 0.348026 1.88534 -0.0582335
v 0.472719 1.82478 0.0267297
v 0.344397 1.89414 -0.0739079
v 0.365329 1.88658 -0.0352315
v 0.51827 1.7747 -0.0219778
v 0.520527 1.7712 -0.0326335
v 0.486065 1.80201 -0.109679
v 0.456069 1.81353 -0.122814
v 0.425554 1.83586 -0.12868
v 0.417282 1.84748 -0.126463
v 0.367567 1.88415 -0.0989009
v 0.351346 1.89426 -0.0586138
v 0.508861 1.79426 -0.0919954
v 0.395712 1.88196 0.00567076
v 0.526405 1.78926 -0.029636
v 0.438274 1.83199 -0.127204
v 0.356531 1.894 -0.0779209
v 0.34645 1.90176 -0.0717344
v 0.338005 1.89782 -0.0637212
v 0.497107 1.814 0.0110003
v 0.521876 1.78969 -0.0174633
v 0.419063 1.86611 -0.120053
v 0.384765 1.87637 -0.0978853
v 0.353675 1.88983 -0.0851006
v 0.39196 1.86974 0.0165339
v 0.481046 1.83387 0.0204528
v 0.506849 1.79766 0.00324567
v 0.51659 1.78865 -0.0830371
v 0.363221 1.8895 -0.0442829
v 0.374569 1.87957 -0.0104816
v 0.4107 1.86802 0.0242246
v 0.528883 1.78785 -0.0519903
v 0.435934 1.8603 -0.12331
v 0.366502 1.89386 -0.0978134
v 0.357241 1.90086 -0.0819076
v 0.348755 1.90427 -0.0675189
v 0.377534 1.88532 -0.0251843
v 0.39369 1.89172 -0.0124231
v 0.436786 1.85943 0.0281461
v 0.461773 1.83318 0.0309259
v 0.527989 1.78834 -0.039466
v 0.526252 1.78397 -0.0640418
v 0.525864 1.79037 -0.071825
v 0.4778 1.8188 -0.116412
v 0.362112 1.8964 -0.0482873
v 0.390255 1.88486 -0.00192635
v 0.499469 1.81194 -0.0996253
v 0.380754 1.88213 -0.0956916
v 0.389744 1.8922 -0.0266645
v 0.447821 1.84558 0.0316527
v 0.517779 1.79274 -0.00891861
v 0.478236 1.83006 -0.114572
v 0.443064 1.84914 -0.125307
v 0.40195 1.87589 -0.109714
v 0.370132 1.90359 -0.052271
v 0.376382 1.89561 -0.0337104
v 0.425737 1.87177 0.0237571
v 0.511965 1.80406 -0.000643508
v 0.519192 1.81462 -0.0117789
v 0.52401 1.79937 -0.0197249
v 0.530855 1.80567 -0.0535259
v 0.467527 1.84609 0.0250748
v 0.499223 1.82618 0.00900954
v 0.412985 1.87504 -0.112932
v 0.362862 1.89882 -0.0899634
v 0.356138 1.90862 -0.0720858
v 0.418697 1.88328 0.0140096
v 0.393582 1.8863 -0.0910213
v 0.456267 1.84557 -0.122863
v 0.401578 1.89209 -0.0906801
v 0.36091 1.90925 -0.0606936
v 0.374917 1.90785 -0.0397219
v 0.530125 1.8015 -0.0446524
v 0.521373 1.80062 -0.0800883
v 0.404563 1.88293 -0.103439
v 0.381937 1.89739 -0.0938262
v 0.387177 1.9045 -0.0901813
v 0.369304 1.90369 -0.0727992
v 0.366883 1.90909 -0.0662
v 0.52615 1.8101 -0.0268982
v 0.515111 1.80957 -0.08655
v 0.418178 1.88271 -0.11079
v 0.401358 1.89765 -0.018509
v 0.404339 1.89301 -0.00467632
v 0.461051 1.86346 0.017842
v 0.528856 1.81148 -0.0617984
v 0.381558 1.90631 -0.0847188
v 0.434828 1.88293 0.0142441
v 0.4415 1.8713 0.0226522
v 0.500991 1.83689 0.00389722
v 0.530714 1.81082 -0.0289796
v 0.55402 1.79143 -0.054634
v 0.498938 1.82703 -0.0974608
v 0.437268 1.87416 -0.116688
v 0.412252 1.89258 -0.0973171
v 0.364755 1.91482 -0.0528367
v 0.45131 1.86405 -0.118785
v 0.386781 1.90435 -0.029302
v 0.397467 1.90018 -0.0240584
v 0.512869 1.82119 -0.00354776
v 0.558293 1.79741 -0.0600074
v 0.512538 1.82197 -0.0854597
v 0.394671 1.9045 -0.0917338
v 0.374016 1.9133 -0.0685978
v 0.418589 1.89398 0.00153503
v 0.44906 1.8769 0.0147023
v 0.548937 1.80227 -0.0233621
v 0.539178 1.80597 -0.0611023
v 0.472047 1.84795 -0.112662
v 0.370721 1.92071 -0.0458112
v 0.376285 1.91417 -0.0362077
v 0.523536 1.82153 -0.0242927
v 0.487122 1.84396 -0.100094
v 0.419717 1.89554 -0.0967326
v 0.382506 1.91982 -0.0411387
v 0.512016 1.83779 -0.0119513
v 0.524613 1.82213 -0.0659
v 0.52062 1.8227 -0.0742911
v 0.508859 1.8363 -0.081211
v 0.471451 1.86081 -0.102572
v 0.450965 1.87872 -0.108585
v 0.436889 1.88566 -0.10688
v 0.391187 1.91339 -0.082578
v 0.489233 1.85232 0.0077155
v 0.520447 1.83264 -0.0263763
v 0.560057 1.80218 -0.0333866
v 0.557893 1.80024 -0.0500553
v 0.557389 1.80467 -0.0251201
v 0.392353 1.91305 -0.0283708
v 0.412905 1.90142 -0.0158329
v 0.422677 1.89805 -0.00473096
v 0.452813 1.88344 0.00470713
v 0.466469 1.87345 0.00736559
v 0.537334 1.81854 -0.0203772
v 0.534049 1.81879 -0.0634988
v 0.522165 1.83175 -0.0634735
v 0.46126 1.86893 -0.111019
v 0.410723 1.90154 -0.092567
v 0.397569 1.91649 -0.0406099
v 0.40218 1.91515 -0.033832
v 0.480007 1.86905 -0.000136653
v 0.534454 1.82612 -0.0210605
v 0.540772 1.82622 -0.0582828
v 0.485064 1.85807 -0.0919425
v 0.4027 1.91062 -0.0888288
v 0.382426 1.91999 -0.0606037
v 0.419197 1.9052 -0.0250023
v 0.46851 1.88067 -0.00133945
v 0.502101 1.84875 -0.00566598
v 0.503843 1.85421 -0.0170121
v 0.386996 1.92062 -0.0502571
v 0.531161 1.83046 -0.0621222
v 0.492539 1.86514 -0.0152318
v 0.560075 1.81031 -0.0300884
v 0.558214 1.81072 -0.053491
v 0.432659 1.89778 -0.0932796
v 0.402415 1.92715 -0.047455
v 0.40535 1.90523 -0.0240798
v 0.441745 1.89513 -0.00760199
v 0.515175 1.83998 -0.0667025
v 0.500668 1.85803 -0.0752122
v 0.49632 1.85548 -0.0811856
v 0.437168 1.9017 -0.0230304
v 0.536274 1.83392 -0.0210146
v 0.548737 1.81849 -0.0292896
v 0.543854 1.83118 -0.0285406
v 0.464551 1.88203 -0.0931054
v 0.387421 1.92157 -0.0714512
v 0.393422 1.9275 -0.0553596
v 0.52866 1.83589 -0.0691813
v 0.472847 1.86947 -0.0977598
v 0.42347 1.90921 -0.0897052
v 0.391817 1.91979 -0.0819902
v 0.399719 1.9291 -0.0706031
v 0.415022 1.91868 -0.0342408
v 0.451364 1.89645 -0.0223133
v 0.564255 1.81205 -0.0396751
v 0.559004 1.82326 -0.0482809
v 0.547664 1.83671 -0.0535692
v 0.534985 1.83897 -0.0677418
v 0.476649 1.88014 -0.0810034
v 0.445124 1.89675 -0.090027
v 0.431092 1.91409 -0.0860021
v 0.459553 1.89078 -0.0862103
v 0.417934 1.91697 -0.0840441
v 0.429952 1.91086 -0.0323066
v 0.516434 1.8484 -0.0705384
v 0.488625 1.87084 -0.0771325
v 0.420906 1.92255 -0.0474357
v 0.446893 1.90634 -0.0337771
v 0.476173 1.88226 -0.0168816
v 0.527019 1.85002 -0.0241266
v 0.53162 1.84894 -0.064353
v 0.471877 1.89265 -0.0264586
v 0.540899 1.84933 -0.0242018
v 0.511126 1.86056 -0.0694082
v 0.415852 1.93054 -0.0581883
v 0.502902 1.86848 -0.0255958
v 0.559854 1.82219 -0.031635
v 0.525424 1.857 -0.0629356
v 0.49145 1.87766 -0.0735802
v 0.445519 1.906 -0.0829724
v 0.55076 1.83956 -0.0307652
v 0.556002 1.83568 -0.0485477
v 0.553146 1.84402 -0.0531945
v 0.44184 1.91663 -0.073976
v 0.427208 1.92184 -0.0819448
v 0.408842 1.93232 -0.0653452
v 0.437023 1.91411 -0.0440133
v 0.457295 1.90339 -0.0327968
v 0.496402 1.88424 -0.0262815
v 0.519985 1.86128 -0.0304733
v 0.531728 1.85733 -0.0248118
v 0.557189 1.83622 -0.0416998
v 0.458851 1.90725 -0.0722849
v 0.427251 1.93014 -0.0767801
v 0.413671 1.92997 -0.0714892
v 0.505133 1.87659 -0.0340065
v 0.539001 1.8532 -0.0620208
v 0.510652 1.86989 -0.0595397
v 0.493408 1.8814 -0.070389
v 0.466066 1.89448 -0.0803471
v 0.471836 1.90409 -0.065084
v 0.498671 1.88821 -0.0313969
v 0.526288 1.8639 -0.0629601
v 0.430794 1.92607 -0.0535914
v 0.474101 1.89784 -0.0373702
v 0.527057 1.86637 -0.0332127
v 0.542343 1.85403 -0.0323741
v 0.540055 1.86301 -0.0609845
v 0.457513 1.91653 -0.0644209
v 0.482293 1.90191 -0.0627414
v 0.442525 1.92217 -0.0480554
v 0.510891 1.88212 -0.0362175
v 0.548348 1.85801 -0.0435669
v 0.521182 1.86971 -0.0692398
v 0.507627 1.88153 -0.0725576
v 0.49891 1.88812 -0.0708883
v 0.489375 1.89046 -0.063736
v 0.427055 1.9327 -0.0664891
v 0.451198 1.9152 -0.043308
v 0.458828 1.91038 -0.0416113
v 0.476455 1.90406 -0.0387353
v 0.493483 1.89623 -0.0354957
v 0.518553 1.88027 -0.06724
v 0.445542 1.92952 -0.0547373
v 0.541272 1.86056 -0.035352
v 0.552258 1.85161 -0.0493745
v 0.530219 1.87575 -0.0583288
v 0.451562 1.92459 -0.0656728
v 0.517447 1.8839 -0.0415678
v 0.440253 1.93263 -0.076351
v 0.468152 1.91468 -0.0418313
v 0.455447 1.92872 -0.0679648
v 0.457026 1.92553 -0.0523253
v 0.516848 1.89035 -0.0595479
v 0.475067 1.91378 -0.0609477
v 0.446669 1.93571 -0.0625372
v 0.508923 1.89988 -0.0433587
v 0.517175 1.89006 -0.0447954
v 0.537983 1.87618 -0.0525631
v 0.535964 1.88073 -0.0571828
v 0.498112 1.89811 -0.0677833
v 0.489005 1.90997 -0.0650321
v 0.530481 1.88331 -0.0499175
v 0.453154 1.93595 -0.0506799
v 0.494848 1.90865 -0.0404718
v 0.519757 1.89164 -0.0532948
v 0.478913 1.91999 -0.0616549
v 0.45334 1.9329 -0.0672229
v 0.497349 1.91202 -0.0519556
v 0.493593 1.9171 -0.0588104
v 0.466436 1.93278 -0.0578885
v 0.473784 1.9269 -0.057264
v 0.289268 1.67722 -0.128133
v 0.184388 1.41129 0.308949
v 0.136864 0.94174 -0.196774
v 0.336733 1.57633 -0.10468
v 0.288529 1.771 -0.0773377
v 0.260427 1.63931 -0.253018
v 0.0512818 1.16146 -0.189978
v -0.0523749 0.533483 -0.114648
v 0.006091 0.658676 -0.065652
v 0.0797435 0.704422 -0.0931
v -0.111632 0.619981 -0.12273
v -0.0847279 1.23898 0.235053
v 0.0717978 1.66774 0.136807
v 0.0575256 1.64477 0.140753
v 0.100166 1.06394 0.234377
v 0.105273 0.73446 -0.0801872
v -0.0576905 0.54274 -0.105127
v 0.0978252 1.38413 -0.131466
v 0.00460909 0.594236 -0.0898891
v -0.09122 0.678744 -0.131334
v -0.0778876 0.625161 -0.161161
v 0.05891 1.5752 -0.217721
v 0.0351012 1.12939 -0.188613
v 0.280947 0.991461 0.182514
v -0.107128 0.610253 -0.111472
v 0.0205386 1.53399 0.118012
v 0.376866 1.7471 0.0349401
v 0.251452 1.73515 0.139714
v 0.10399 1.62801 -0.204153
v -0.00571805 0.508474 -0.114726
v 0.138637 1.23939 -0.110605
v 0.371187 1.79715 -0.125286
v -0.012023 1.17438 0.240703
v 0.290411 0.978542 0.183463
v 0.166569 0.858362 -0.21955
v 0.0756803 1.57426 -0.163746
v -0.156098 1.34354 -0.0973969
v -0.137633 1.34951 -0.124357
v 0.354997 0.553533 0.0984975
v 0.000654755 1.14993 -0.174726
v 0.275904 1.6642 -0.184971
v 0.138889 1.2636 0.132406
v 0.0544898 1.14545 -0.187301
v 0.260639 0.564974 0.07558
v 0.236183 0.565133 0.0802019
v 0.063567 1.5804 -0.215705
v 0.0738241 1.58752 -0.218333
v 0.228679 0.528881 0.120589
v 0.216524 0.527524 0.145825
v 0.0461111 1.64311 0.0919259
v -0.070974 1.27192 -0.179148
v -0.0503177 0.616449 -0.108416
v 0.137128 1.57059 0.199095
v 0.115297 1.45856 -0.163067
v 0.369142 1.86819 -0.0987523
v -0.184564 1.31404 -0.0304943
v -0.187157 1.33113 -0.0482806
v -0.200392 1.32675 -0.0152124
v 0.321879 1.78711 -0.0877446
v 0.0441738 0.978002 -0.126732
v 0.0564253 0.987742 -0.125479
v 0.0950386 1.61242 -0.219408
v 0.367031 0.50199 0.113037
v 0.381142 0.502816 0.094254
v 0.373818 0.493162 0.128022
v 0.374163 0.506049 0.0918762
v 0.435539 1.92547 -0.0780226
v 0.430277 1.92414 -0.0873254
v 0.173146 1.41855 -0.117288
v 0.188787 1.40193 -0.117406
v -0.0758833 1.2756 0.236017
v 0.395724 1.64517 -0.0448075
v 0.403495 1.64287 -0.0319098
v 0.417449 1.63966 -0.0248845
v 0.387494 1.65048 -0.0576938
v 0.398918 1.64873 -0.0186803
v 0.375146 0.510441 0.10634
v 0.314739 1.82773 -0.0987561
v 0.308799 1.81777 -0.0916455
v 0.32592 1.80146 -0.0833729
v 0.312908 1.81183 -0.0897396
v 0.326539 1.81525 -0.0895278
v 0.21209 0.55336 0.114727
v 0.201448 0.555567 0.103118
v 0.21399 0.554191 0.1383
v 0.552801 1.79947 -0.0414306
v 0.533653 1.805 -0.0361473
v 0.534213 1.80292 -0.0467306
v 0.54253 1.80763 -0.0223717
v -0.159093 1.33663 0.154665
v -0.160446 1.35056 0.134758
v 0.351945 1.58171 -0.00217954
v 0.355514 1.56869 0.00998732
v 0.356469 1.59727 0.0175559
v 0.349605 1.56786 -0.00667756
v 0.111156 1.41663 -0.155025
v -0.0891533 0.67067 -0.087005
v -0.0573128 0.646851 -0.0862017
v -0.100752 0.676004 -0.0998513
v 0.263281 0.524686 0.0405947
v 0.283642 0.514277 0.0519497
v 0.241358 0.53134 0.0479949
v 0.229882 0.52924 0.0532059
v 0.249971 0.524145 0.0555142
v 0.281671 0.512488 0.0565968
v 0.259054 0.519279 0.0606888
v 0.344063 0.573731 0.106425
v 0.364409 0.560079 0.111225
v 0.378364 0.585201 0.0869373
v 0.385234 0.550832 0.108289
v 0.390778 0.562328 0.0981379
v -0.0132294 0.602568 -0.106046
v -0.0155474 0.59273 -0.121827
v -0.0355612 0.630386 -0.0796457
v -0.0302672 0.61824 -0.0934605
v -0.00892138 0.624517 -0.0774802
v -0.0198475 0.629398 -0.0764855
v 0.00713006 1.11525 -0.166901
v 0.00997097 1.10224 -0.164508
v -0.00498931 1.09671 -0.168603
v -2.93789e-005 1.13258 -0.172551
v 0.367917 1.8076 0.0336073
v 0.371524 1.81349 0.0461111
v 0.372755 1.82025 0.0300234
v 0.0433438 0.461741 -0.154458
v 0.0458355 0.458923 -0.167367
v 0.061243 0.434503 -0.145162
v 0.0603194 0.440534 -0.160325
v 0.0661532 0.434626 -0.169229
v 0.0493228 0.445246 -0.134779
v 0.0403929 0.456326 -0.19463
v 0.0608381 0.440853 -0.183111
v 0.222212 1.35336 0.222403
v 0.236155 1.33826 0.22364
v 0.230982 1.33493 0.232515
v 0.51221 1.85783 -0.0188277
v 0.513105 1.84454 -0.0223377
v 0.483849 1.87546 -0.013578
v 0.527574 1.84184 -0.0215912
v 0.249513 1.32675 0.256337
v 0.245473 1.32301 0.260063
v 0.477959 0.436514 0.0672046
v 0.4332 0.44606 0.0961825
v 0.453771 0.436354 0.10338
v 0.457039 0.441635 0.0808774
v 0.419279 0.455061 0.062235
v 0.433965 0.450766 0.072487
v 0.00352057 1.23176 -0.196343
v -0.00405133 1.24928 -0.203324
v -0.00853246 1.23374 -0.202387
v 0.298564 0.925892 0.164437
v 0.284635 0.946651 0.175943
v 0.276391 0.934994 0.165993
v 0.301614 0.915292 0.155924
v 0.312051 0.893611 0.14508
v 0.151439 1.25294 -0.0387656
v 0.141512 1.26568 0.0551308
v 0.144883 1.25403 -0.0294053
v 0.139976 1.2632 0.114862
v 0.169014 1.24966 -0.0162607
v 0.157683 1.25861 0.0272064
v 0.16433 1.25799 0.0531853
v 0.149659 1.26266 0.0872558
v 0.160366 1.25267 -0.00411274
v 0.172344 1.24811 -0.0284467
v 0.0110095 1.59715 0.111131
v 0.0230188 1.57338 0.111309
v 0.0232183 1.54795 0.117092
v 0.030104 1.62959 0.0971805
v 0.0178804 1.60675 0.107011
v 0.00731247 1.54636 0.121693
v 0.0399702 1.60776 0.0985986
v 0.000154615 1.56908 0.120883
v -0.00239418 1.55383 0.124508
v 0.484417 1.91483 -0.0438549
v 0.484441 1.92292 -0.0546828
v 0.505099 1.90566 -0.0578742
v 0.0666224 1.3552 -0.137876
v 0.0844213 1.37634 -0.134659
v 0.0593611 1.34996 -0.138273
v 0.026583 1.33021 -0.146644
v 0.0779602 1.36361 -0.1354
v 0.0131438 1.32594 -0.154412
v 0.0175714 1.33788 -0.160544
v 0.0390603 1.35351 -0.149196
v 0.0624746 1.36703 -0.141101
v 0.156385 1.5019 -0.19837
v 0.120356 1.50576 -0.188531
v 0.176684 1.4981 -0.205945
v 0.142657 1.50204 -0.196296
v 0.109813 1.49403 -0.206549
v 0.14293 1.48854 -0.210713
v 0.124222 1.50545 -0.19155
v 0.167506 1.50345 -0.197687
v 0.116536 1.50068 -0.197804
v 0.140458 1.50592 -0.192365
v 0.183258 1.02515 0.212691
v 0.215034 0.988496 0.193362
v 0.227513 0.974998 0.188878
v 0.154762 1.4011 -0.121104
v 0.136373 1.39502 -0.121989
v 0.163788 1.39119 -0.120454
v 0.139952 1.40335 -0.119419
v 0.160916 1.41839 -0.116993
v 0.118626 1.39611 -0.124243
v 0.0724913 1.51975 -0.191274
v 0.0754513 1.50537 -0.200078
v 0.095225 1.50379 -0.200277
v 0.0739278 1.51176 -0.185041
v 0.0657985 1.52442 -0.195785
v 0.0180114 1.53078 -0.222296
v 0.0878796 1.51094 -0.190047
v 0.0301594 1.52824 -0.216706
v 0.071803 1.52275 -0.185076
v 0.0551405 1.52978 -0.204793
v 0.0725478 1.53971 -0.192621
v 0.0346378 1.53053 -0.211316
v 0.0496097 1.51386 -0.207852
v 0.0684721 1.5137 -0.19373
v 0.0596535 1.51116 -0.20258
v 0.0781208 1.5135 -0.18863
v 0.05695 1.57331 0.203844
v 0.0181262 1.61318 0.201969
v 0.0537563 1.59188 0.232576
v 0.0266991 1.60439 0.212734
v 0.0824621 1.57506 0.25088
v 0.0747281 1.56668 0.235138
v 0.0307564 1.59728 0.183875
v 0.0719999 1.59323 0.242884
v 0.0559117 1.5743 0.213918
v 0.0454256 1.59008 0.218126
v 0.00296689 1.63303 0.207743
v 0.0118273 1.62283 0.202378
v 0.0364215 1.59492 0.223258
v 0.0394741 1.59171 0.233579
v 0.0111835 1.61693 0.189896
v 0.0433475 1.59283 0.22386
v 0.0207169 1.60804 0.192567
v 0.0381052 1.59327 0.202666
v 0.0635079 1.5681 0.225545
v 0.0721496 1.58231 0.236123
v 0.053424 1.58192 0.219239
v 0.0632942 1.58836 0.231801
v -0.101745 0.537027 -0.169188
v -0.0576631 0.48207 -0.204122
v -0.0225894 0.433936 -0.136943
v -0.128664 0.550381 -0.168554
v -0.11041 0.538034 -0.196062
v 0.049071 0.382332 -0.199453
v 0.0411177 0.378657 -0.129511
v -0.0045927 0.412139 -0.179991
v 0.0212986 0.390428 -0.12117
v 0.0534042 0.374734 -0.166056
v -0.0360114 0.450014 -0.144039
v -0.0335192 0.452242 -0.208868
v 0.0662013 0.368624 -0.170983
v -0.11692 0.538279 -0.141991
v 0.0622388 0.36648 -0.147834
v -0.0340175 0.448653 -0.183081
v 0.0120905 0.39658 -0.154354
v -0.0461905 0.462695 -0.144454
v -0.0695867 0.504658 -0.19221
v -0.0812408 0.506897 -0.142539
v -0.0216306 0.440022 -0.222129
v -0.037604 0.460636 -0.214659
v -0.0992951 0.531366 -0.157573
v -0.0874071 0.520465 -0.151793
v -0.00637339 0.417555 -0.124753
v 0.055249 0.369812 -0.138997
v -0.00105526 0.412434 -0.217482
v -0.0593907 0.481511 -0.147878
v -0.121913 0.545504 -0.153574
v 0.035857 0.384825 -0.169802
v -0.099992 0.53478 -0.186449
v -0.0820492 0.525383 -0.179063
v 0.034719 0.381314 -0.138828
v -0.0275533 0.449669 -0.219542
v -0.0158412 0.425345 -0.162688
v -0.0696058 0.500203 -0.199573
v -0.0392572 0.453751 -0.162156
v 0.00841364 0.402026 -0.119334
v -0.0490665 0.469599 -0.195929
v -0.00367841 0.412003 -0.144845
v -0.0602395 0.485311 -0.153999
v 0.0362484 0.390562 -0.202112
v 0.00288847 0.414594 -0.226856
v 0.0261201 0.384685 -0.128417
v 0.265598 1.74223 -0.0114393
v 0.271556 1.70752 -0.115394
v 0.264707 1.7222 -0.0918013
v 0.255758 1.75046 -0.000867561
v 0.283337 1.69734 -0.111629
v 0.278613 1.70259 -0.139387
v 0.255194 1.72198 -0.110771
v 0.268355 1.74943 0.0174733
v 0.299588 1.73043 0.037421
v 0.285594 1.68539 -0.120367
v 0.276497 1.70957 -0.105052
v 0.2834 1.73857 0.00838956
v 0.284167 1.74255 0.0304992
v 0.274358 1.70375 -0.123313
v 0.267561 1.71527 -0.105037
v 0.247525 1.74642 -0.0224895
v 0.555607 1.81011 -0.0619104
v 0.474638 1.92531 -0.062187
v 0.350906 0.400455 0.12976
v 0.374214 0.402638 0.0759485
v 0.410664 0.392089 0.132376
v 0.428127 0.395447 0.0985459
v 0.373896 0.40639 0.0501539
v 0.464461 0.386496 0.111229
v 0.213091 0.430872 0.0662249
v 0.40046 0.400241 0.0688681
v 0.238741 0.422619 0.100076
v 0.236193 0.431385 0.0727474
v 0.221415 0.421321 0.107463
v 0.400119 0.404528 0.036109
v 0.277911 0.412247 0.116731
v 0.259762 0.412933 0.115779
v 0.26148 0.423742 0.078791
v 0.243719 0.41562 0.113542
v 0.277548 0.416737 0.0969561
v 0.260389 0.420278 0.0944179
v 0.232433 0.430261 0.0842353
v 0.318933 0.407096 0.130635
v 0.39679 0.393507 0.135745
v 0.300119 0.414993 0.0670525
v 0.469047 0.393818 0.0531547
v 0.298787 0.413758 0.0845634
v 0.455959 0.397389 0.0396748
v 0.344069 0.408174 0.059907
v 0.19724 0.429554 0.0579764
v 0.254543 0.425359 0.0467535
v 0.243228 0.429415 0.0618048
v 0.26512 0.42508 0.0550222
v 0.378786 0.397022 0.13176
v 0.234271 0.417091 0.115305
v 0.317619 0.406568 0.108124
v 0.322999 0.410181 0.0595635
v 0.324062 0.407839 0.0915507
v 0.330998 0.403463 0.124549
v 0.304281 0.414284 0.0576088
v 0.211152 0.423031 0.103685
v 0.437945 0.389685 0.121164
v 0.296039 0.409617 0.110795
v 0.362108 0.402545 0.0940467
v 0.23687 0.427682 0.0468456
v 0.483958 0.392146 0.0532583
v 0.278593 0.4223 0.0600462
v 0.198005 0.425844 0.0919013
v 0.42724 0.398912 0.0508361
v 0.468941 0.390646 0.0829521
v 0.390481 0.398239 0.114496
v 0.447438 0.39341 0.0874954
v 0.487249 0.387266 0.0928624
v 0.107726 1.03658 0.0340942
v 0.0862792 1.0227 0.0359705
v 0.0993938 1.03277 0.0372959
v 0.127812 1.05144 0.0354337
v 0.150913 1.06793 0.0336646
v 0.107576 1.03243 0.0408588
v 0.14136 1.02626 0.0439446
v 0.143795 1.04557 0.0458023
v 0.133166 1.04051 0.0436364
v 0.143915 1.06114 0.0419312
v 0.139845 1.05175 0.0424873
v 0.144937 1.06387 0.0365052
v 0.094101 1.02726 0.0393452
v 0.144042 1.03927 0.0447523
v 0.124731 1.02615 0.0425555
v 0.112263 1.0408 0.0393985
v 0.128249 1.05139 0.0383393
v 0.151065 1.02262 0.0427417
v 0.131136 1.04544 0.0299837
v 0.123132 1.00911 0.0259321
v 0.156583 0.957736 0.0219888
v 0.0878647 1.02163 0.0312853
v 0.138902 0.980584 0.0216633
v 0.0988776 1.00443 0.0233495
v 0.15389 0.980658 0.01842
v 0.110903 1.00486 0.0263472
v 0.156306 1.01256 0.0189074
v 0.157326 1.02886 0.0213936
v 0.139728 0.965758 0.0232284
v 0.101439 1.02867 0.0314824
v 0.140782 1.01354 0.0233458
v 0.0648679 1.57683 0.192484
v 0.0731773 1.57395 0.199998
v 0.0360642 1.59804 0.178581
v 0.034851 1.58709 0.187625
v 0.04302 1.58241 0.1898
v 0.0825174 1.56476 0.184786
v 0.0497422 1.58769 0.167883
v 0.0664204 1.56144 0.150347
v 0.0522028 1.61545 0.132026
v 0.0574964 1.58314 0.159397
v 0.0473324 1.59576 0.155115
v 0.0743378 1.56942 0.186044
v 0.0760741 1.56572 0.170231
v 0.0679902 1.56288 0.156764
v 0.0614613 1.57579 0.155075
v 0.0475328 1.58749 0.175504
v 0.0576634 1.59664 0.131835
v 0.0591921 1.58176 0.141796
v 0.0529725 1.59367 0.145458
v 0.062184 1.58052 0.174096
v -0.00255472 1.57392 -0.290505
v -0.0115366 1.53153 -0.276609
v 0.0176906 1.53597 -0.242178
v 0.00809642 1.58972 -0.27154
v 0.0181835 1.50181 -0.27322
v 0.0310331 1.491 -0.269846
v 0.0113934 1.5166 -0.266461
v 0.00725652 1.55995 -0.25392
v 0.00466661 1.57771 -0.2672
v 0.00258434 1.5355 -0.266067
v 0.0168721 1.54313 -0.236599
v 0.00381921 1.55204 -0.233667
v 0.0207007 1.51638 -0.251785
v -0.0115385 1.55044 -0.28377
v 0.0081243 1.54467 -0.253931
v 0.00571904 1.56526 -0.245023
v 0.0036486 1.57274 -0.271198
v -0.00522589 1.54166 -0.272736
v 0.0144718 1.56141 -0.233172
v 0.00324258 1.55493 -0.262559
v 0.00994926 1.53149 -0.255206
v 0.0267496 1.50306 -0.254356
v -0.16982 1.30677 -0.228285
v -0.231884 1.28661 -0.185481
v -0.254389 1.26604 -0.177154
v -0.186962 1.30581 -0.207997
v -0.28606 1.25681 -0.24039
v -0.267804 1.23355 -0.205595
v -0.28796 1.25519 -0.256691
v -0.254419 1.27872 -0.180666
v -0.281799 1.26577 -0.199062
v -0.291282 1.27345 -0.244073
v -0.197806 1.28067 -0.192905
v -0.278038 1.26077 -0.20699
v -0.186672 1.30814 -0.211606
v -0.216219 1.27874 -0.1826
v -0.269175 1.26774 -0.18536
v -0.205718 1.29269 -0.19386
v -0.284377 1.24442 -0.235372
v -0.287054 1.28394 -0.243951
f 9 9893 9877
f 9877 9875 9
f 9864 89 88
f 89 9867 10
f 31 2 32
f 58 32 2
f 2 18 58
f 18 3 19
f 59 19 3
f 3 9817 59
f 65 59 9817
f 9817 9810 65
f 9824 9837 66
f 20 66 9837
f 9837 9808 20
f 61 20 9808
f 9806 34 61
f 9806 9825 35
f 35 9814 107
f 54 107 9814
f 9812 54 9814
f 116 11 9904
f 12 116 9904
f 12 9886 38
f 9886 4 38
f 39 4 9873
f 13 39 9873
f 15 14 9895
f 9895 9898 15
f 40 15 9898
f 9889 9903 42
f 9903 5 42
f 16 42 5
f 56 68 9805
f 9805 6 56
f 7 9842 21
f 9842 8 21
f 9833 8 9820
f 27 23 9835
f 9835 24 27
f 28 27 24
f 9893 9 72
f 50 9 9875
f 9862 9892 51
f 36 51 9892
f 9882 9864 37
f 88 37 9864
f 89 10 135
f 52 10 9911
f 53 52 9911
f 45 38 4
f 4 39 45
f 69 13 14
f 14 15 69
f 131 46 9889
f 42 131 9889
f 9888 70 16
f 9888 17 47
f 59 65 79
f 66 94 9824
f 9806 35 34
f 55 54 9812
f 56 95 68
f 62 82 8
f 8 9833 62
f 92 9821 22
f 22 9801 92
f 74 92 9801
f 9801 23 74
f 27 74 23
f 28 24 63
f 24 9804 63
f 29 63 9804
f 9804 25 29
f 25 26 76
f 77 76 26
f 26 9803 77
f 83 77 9803
f 9833 9821 62
f 92 62 9821
f 27 28 119
f 30 9813 57
f 78 57 9813
f 9813 31 78
f 31 32 78
f 104 78 32
f 18 19 64
f 20 61 60
f 60 61 34
f 55 68 108
f 36 9882 37
f 88 87 37
f 52 90 10
f 11 114 53
f 12 38 110
f 45 142 38
f 69 15 80
f 40 80 15
f 42 16 81
f 17 9906 48
f 71 43 9893
f 50 72 9
f 50 1 9881
f 45 39 129
f 13 69 143
f 41 46 131
f 131 42 97
f 98 70 9888
f 9888 47 98
f 150 49 43
f 72 71 9893
f 133 86 50
f 9881 133 50
f 36 100 51
f 10 90 135
f 52 53 101
f 53 114 101
f 11 116 115
f 116 12 110
f 35 107 126
f 107 54 127
f 54 55 108
f 109 108 68
f 56 6 128
f 7 73 6
f 21 8 102
f 8 82 102
f 75 74 27
f 119 75 27
f 32 58 104
f 139 104 58
f 58 18 139
f 64 139 18
f 122 19 59
f 79 122 59
f 33 94 123
f 105 94 66
f 20 149 66
f 20 60 67
f 91 73 7
f 7 21 91
f 102 91 21
f 92 82 62
f 28 63 103
f 120 103 63
f 25 137 29
f 25 76 198
f 77 83 185
f 57 159 30
f 139 64 93
f 64 19 122
f 65 33 123
f 149 105 66
f 35 106 34
f 35 126 106
f 127 140 107
f 108 127 54
f 95 109 68
f 128 6 73
f 129 142 45
f 39 13 143
f 80 96 69
f 40 41 85
f 131 85 41
f 47 17 176
f 43 71 150
f 112 71 72
f 72 50 86
f 9881 51 100
f 115 114 11
f 75 147 74
f 119 28 103
f 63 29 120
f 137 25 198
f 76 77 184
f 84 93 64
f 122 84 64
f 123 79 65
f 67 149 20
f 106 60 34
f 169 110 38
f 142 169 38
f 143 129 39
f 96 143 69
f 85 80 40
f 81 97 42
f 164 48 49
f 49 150 132
f 100 36 113
f 90 52 101
f 168 115 116
f 91 136 73
f 82 92 117
f 92 74 118
f 120 29 137
f 77 185 184
f 30 158 83
f 105 124 94
f 106 125 60
f 126 107 215
f 128 95 56
f 16 70 236
f 98 47 99
f 176 99 47
f 146 176 17
f 17 48 146
f 112 151 71
f 72 86 112
f 100 133 9881
f 36 37 152
f 167 88 89
f 135 167 89
f 153 135 90
f 102 136 91
f 102 82 155
f 82 117 155
f 117 92 118
f 147 118 74
f 184 198 76
f 138 159 57
f 57 78 138
f 104 121 78
f 84 122 160
f 123 94 124
f 67 60 125
f 200 140 127
f 174 109 95
f 128 174 95
f 129 143 130
f 236 70 111
f 70 98 111
f 99 111 98
f 132 164 49
f 133 100 134
f 113 134 100
f 116 110 195
f 209 155 117
f 158 185 83
f 139 121 104
f 160 93 84
f 140 215 107
f 108 109 173
f 169 195 110
f 202 143 96
f 96 80 162
f 131 97 145
f 151 150 71
f 133 177 86
f 113 36 178
f 152 178 36
f 207 153 90
f 101 207 90
f 101 114 154
f 154 114 180
f 114 115 180
f 195 168 116
f 102 155 170
f 117 118 209
f 75 119 156
f 157 119 103
f 103 120 157
f 159 158 30
f 121 138 78
f 148 160 122
f 122 79 148
f 105 149 187
f 215 106 126
f 141 127 108
f 73 174 128
f 142 129 161
f 175 161 129
f 129 130 175
f 131 144 85
f 145 97 163
f 97 81 163
f 81 16 236
f 99 176 190
f 146 249 176
f 164 146 48
f 150 221 132
f 112 86 177
f 134 177 133
f 178 165 113
f 166 87 88
f 88 167 166
f 167 135 193
f 153 193 135
f 101 154 208
f 136 102 170
f 119 157 156
f 137 183 120
f 138 121 211
f 93 171 139
f 160 172 93
f 187 124 105
f 173 141 108
f 169 142 161
f 202 130 143
f 162 202 96
f 80 85 162
f 145 144 131
f 151 112 204
f 177 204 112
f 165 134 113
f 208 207 101
f 168 180 115
f 181 136 170
f 170 155 182
f 227 118 147
f 147 75 227
f 157 120 183
f 186 148 79
f 124 186 123
f 187 149 213
f 214 213 149
f 149 67 214
f 199 67 125
f 141 200 127
f 174 173 109
f 216 174 73
f 144 162 85
f 144 145 220
f 236 163 81
f 236 111 189
f 238 221 150
f 150 151 238
f 204 238 151
f 177 134 191
f 192 152 37
f 37 87 192
f 166 223 87
f 167 179 166
f 155 209 182
f 118 227 196
f 75 156 197
f 156 157 197
f 183 197 157
f 159 138 210
f 138 211 210
f 79 123 186
f 187 212 124
f 199 214 67
f 106 199 125
f 201 169 161
f 161 175 217
f 175 130 218
f 188 220 145
f 145 163 188
f 266 189 111
f 111 99 266
f 99 190 266
f 164 132 250
f 221 250 132
f 165 178 206
f 223 192 87
f 167 193 179
f 154 180 194
f 264 180 168
f 182 181 170
f 197 227 75
f 183 137 229
f 230 229 137
f 137 198 230
f 158 159 210
f 121 139 272
f 171 272 139
f 171 93 172
f 172 160 287
f 186 124 231
f 212 231 124
f 232 199 106
f 215 232 106
f 274 173 174
f 174 216 274
f 73 136 216
f 218 217 175
f 203 202 162
f 162 144 203
f 250 146 164
f 191 205 177
f 134 165 191
f 281 206 178
f 178 152 281
f 152 192 222
f 166 179 223
f 193 153 225
f 207 225 153
f 194 208 154
f 195 264 168
f 182 209 240
f 209 118 196
f 270 196 227
f 226 270 227
f 185 255 184
f 211 121 272
f 160 148 287
f 148 186 244
f 187 213 212
f 173 274 233
f 181 216 136
f 217 201 161
f 218 130 234
f 235 234 130
f 202 235 130
f 188 163 290
f 236 290 163
f 249 190 176
f 205 204 177
f 191 165 239
f 165 206 239
f 206 281 253
f 222 281 152
f 223 222 192
f 179 193 224
f 225 224 193
f 254 264 195
f 195 169 254
f 209 196 240
f 197 183 228
f 242 228 183
f 255 230 198
f 198 184 255
f 171 172 322
f 244 287 148
f 199 232 259
f 215 140 246
f 200 141 247
f 141 173 233
f 201 254 169
f 276 235 202
f 202 203 276
f 203 144 219
f 144 220 219
f 250 310 146
f 250 221 237
f 267 238 204
f 277 267 204
f 204 205 277
f 251 205 191
f 223 179 262
f 224 262 179
f 263 225 207
f 207 208 263
f 208 194 263
f 194 180 295
f 275 260 181
f 181 182 275
f 269 275 182
f 182 240 269
f 283 240 196
f 270 283 196
f 227 197 241
f 183 229 242
f 243 271 185
f 185 158 243
f 210 211 256
f 256 211 272
f 172 287 322
f 186 231 257
f 212 245 231
f 213 258 212
f 214 199 259
f 232 215 246
f 140 200 246
f 247 246 200
f 233 247 141
f 216 181 260
f 203 219 276
f 220 188 248
f 290 248 188
f 236 189 291
f 310 249 146
f 267 221 238
f 251 191 252
f 191 239 252
f 239 206 253
f 264 295 180
f 297 270 226
f 241 226 227
f 228 241 197
f 286 242 229
f 229 230 286
f 356 158 210
f 210 256 356
f 257 244 186
f 258 245 212
f 316 274 216
f 216 260 316
f 327 201 217
f 217 218 265
f 218 234 265
f 276 219 309
f 289 309 219
f 219 220 289
f 248 289 220
f 291 290 236
f 343 291 189
f 221 267 331
f 277 205 268
f 251 252 279
f 280 252 239
f 253 280 239
f 222 223 282
f 314 282 223
f 223 262 314
f 224 225 294
f 306 269 240
f 283 306 240
f 270 297 285
f 241 297 226
f 255 185 271
f 356 243 158
f 272 171 300
f 322 300 171
f 257 287 244
f 258 338 245
f 213 214 288
f 259 288 214
f 247 233 273
f 304 273 233
f 233 274 304
f 265 327 217
f 328 234 235
f 189 266 343
f 266 190 330
f 190 249 344
f 292 344 249
f 249 310 292
f 237 425 250
f 237 221 331
f 268 333 277
f 311 251 279
f 319 279 252
f 281 222 261
f 282 261 222
f 262 224 315
f 294 315 224
f 294 225 263
f 295 263 194
f 284 283 270
f 355 286 230
f 230 255 299
f 271 299 255
f 256 272 395
f 300 395 272
f 287 358 322
f 231 245 337
f 246 247 302
f 273 302 247
f 316 260 317
f 315 314 262
f 264 254 296
f 254 201 307
f 265 234 348
f 235 276 328
f 330 343 266
f 310 250 425
f 277 332 267
f 278 333 268
f 268 311 278
f 275 269 326
f 306 305 269
f 284 353 283
f 285 401 284
f 284 270 285
f 299 355 230
f 258 213 323
f 288 323 213
f 288 259 301
f 259 232 301
f 325 301 232
f 232 246 325
f 302 325 246
f 304 303 273
f 316 304 274
f 9687 260 275
f 201 327 307
f 308 327 265
f 329 328 276
f 248 290 342
f 330 190 344
f 333 332 277
f 253 281 398
f 261 398 281
f 282 313 261
f 314 293 282
f 264 296 295
f 306 283 353
f 354 297 241
f 241 228 298
f 338 337 245
f 303 302 273
f 9687 317 260
f 234 328 348
f 289 377 309
f 248 341 289
f 290 291 363
f 291 343 364
f 292 310 365
f 331 267 378
f 332 378 267
f 333 278 349
f 319 280 334
f 312 334 280
f 280 253 312
f 398 312 253
f 293 313 282
f 9700 314 315
f 294 263 336
f 320 336 263
f 295 320 263
f 307 296 254
f 285 297 321
f 354 321 297
f 370 228 242
f 242 286 370
f 271 243 371
f 322 372 300
f 257 231 383
f 323 338 258
f 288 301 324
f 325 324 301
f 304 316 303
f 326 9687 275
f 353 360 306
f 351 318 307
f 307 327 351
f 265 348 308
f 377 329 276
f 276 309 377
f 425 237 426
f 333 388 332
f 278 311 389
f 311 279 366
f 261 313 380
f 9700 293 314
f 336 9700 315
f 315 294 336
f 318 9698 296
f 296 307 318
f 305 306 360
f 241 298 354
f 355 431 286
f 371 299 271
f 419 356 256
f 372 395 300
f 323 374 338
f 324 323 288
f 325 302 339
f 303 339 302
f 303 316 340
f 9688 340 316
f 317 9688 316
f 9687 326 435
f 342 341 248
f 342 290 363
f 363 291 364
f 237 331 426
f 378 426 331
f 279 319 366
f 319 334 345
f 391 398 261
f 380 391 261
f 313 293 335
f 9700 335 293
f 369 353 284
f 284 401 369
f 285 321 401
f 450 354 298
f 299 371 475
f 256 395 419
f 372 322 357
f 358 357 322
f 383 231 337
f 337 338 373
f 323 324 9686
f 9683 9686 324
f 324 325 9683
f 326 269 359
f 308 351 327
f 425 365 310
f 388 378 332
f 388 333 349
f 349 278 350
f 379 350 278
f 389 379 278
f 366 389 311
f 366 319 345
f 313 335 380
f 9700 336 346
f 347 346 336
f 336 320 347
f 298 228 381
f 370 381 228
f 370 286 431
f 382 403 287
f 287 257 382
f 257 383 382
f 374 373 338
f 384 374 323
f 9686 384 323
f 303 340 9685
f 9688 9685 340
f 359 269 305
f 361 348 328
f 329 361 328
f 377 289 362
f 341 362 289
f 423 342 363
f 424 364 343
f 292 386 344
f 367 334 312
f 312 398 367
f 351 308 9702
f 375 308 348
f 348 361 375
f 344 465 330
f 388 387 378
f 388 349 409
f 350 409 349
f 350 379 410
f 510 389 366
f 366 345 390
f 345 334 411
f 9702 9703 351
f 9687 435 352
f 475 355 299
f 358 287 403
f 354 394 321
f 243 356 417
f 418 417 356
f 395 372 420
f 421 382 383
f 337 405 404
f 405 337 373
f 435 326 385
f 359 385 326
f 368 360 353
f 376 361 329
f 329 377 376
f 362 341 407
f 423 363 408
f 363 364 408
f 465 424 343
f 343 330 465
f 390 510 366
f 411 390 345
f 380 335 399
f 335 9699 393
f 461 440 401
f 401 321 461
f 394 461 321
f 298 381 450
f 381 370 431
f 356 419 418
f 420 372 402
f 372 357 402
f 403 382 9564
f 382 421 9564
f 404 383 337
f 308 375 428
f 362 415 377
f 341 342 407
f 365 386 292
f 387 426 378
f 410 409 350
f 410 379 397
f 497 397 379
f 379 389 497
f 367 411 334
f 398 391 469
f 391 380 392
f 399 392 380
f 393 399 335
f 527 369 401
f 354 450 449
f 431 355 416
f 374 384 422
f 406 422 384
f 384 9681 406
f 396 406 9681
f 434 396 352
f 435 434 352
f 305 360 439
f 413 438 375
f 361 413 375
f 414 361 376
f 376 377 414
f 415 414 377
f 426 387 459
f 387 388 467
f 388 409 467
f 397 468 410
f 399 393 448
f 427 448 393
f 368 369 400
f 394 354 441
f 475 416 355
f 417 371 243
f 357 358 443
f 403 443 358
f 404 421 383
f 373 374 422
f 359 305 439
f 362 407 415
f 423 407 342
f 386 465 344
f 386 365 458
f 482 467 409
f 483 409 410
f 447 469 391
f 391 392 447
f 448 427 412
f 427 9702 437
f 428 437 9702
f 9702 308 428
f 438 428 375
f 429 413 361
f 440 527 401
f 431 451 381
f 431 416 529
f 416 475 529
f 419 395 462
f 402 357 442
f 396 434 464
f 439 360 368
f 407 423 456
f 423 408 444
f 408 364 457
f 424 457 364
f 365 425 480
f 483 482 409
f 367 398 436
f 448 392 399
f 414 429 361
f 414 415 430
f 441 461 394
f 441 354 449
f 395 420 462
f 443 442 357
f 421 404 432
f 433 432 404
f 404 405 433
f 454 433 405
f 405 373 454
f 422 454 373
f 406 396 464
f 434 435 455
f 415 407 495
f 456 495 407
f 444 456 423
f 479 424 465
f 426 480 425
f 459 480 426
f 467 466 387
f 468 483 410
f 497 389 445
f 510 445 389
f 367 436 411
f 446 436 398
f 469 446 398
f 427 437 412
f 438 437 428
f 430 429 414
f 368 400 515
f 527 400 369
f 440 461 472
f 450 381 500
f 451 500 381
f 529 451 431
f 418 419 492
f 420 402 452
f 421 432 463
f 422 406 489
f 464 489 406
f 455 464 434
f 385 455 435
f 439 490 359
f 439 368 486
f 457 444 408
f 458 365 480
f 466 459 387
f 447 392 484
f 392 448 484
f 485 437 438
f 368 515 486
f 472 471 440
f 441 449 499
f 419 462 492
f 476 462 420
f 420 452 476
f 402 442 452
f 443 403 9573
f 9586 433 453
f 433 454 453
f 545 454 422
f 385 359 490
f 495 478 415
f 460 538 397
f 397 497 460
f 390 411 511
f 470 484 448
f 412 470 448
f 438 413 485
f 429 430 514
f 527 552 400
f 461 441 473
f 499 473 441
f 474 499 449
f 474 449 450
f 450 500 474
f 417 418 517
f 492 517 418
f 403 9564 9573
f 477 9573 9564
f 9564 463 477
f 463 9586 503
f 9586 453 503
f 545 453 454
f 489 545 422
f 455 531 464
f 430 415 478
f 496 495 456
f 479 534 457
f 457 424 479
f 466 467 481
f 483 468 547
f 538 468 397
f 510 390 523
f 511 523 390
f 485 412 437
f 485 413 525
f 413 429 513
f 551 513 429
f 515 400 526
f 528 472 461
f 473 528 461
f 442 443 488
f 9573 488 443
f 477 463 544
f 493 544 463
f 463 503 493
f 489 464 531
f 385 490 455
f 478 495 494
f 444 496 456
f 444 457 521
f 522 479 465
f 465 386 522
f 386 458 522
f 481 459 466
f 481 467 537
f 467 482 537
f 538 548 468
f 524 511 411
f 469 447 446
f 512 446 447
f 491 470 412
f 485 491 412
f 525 413 513
f 551 429 514
f 515 487 486
f 552 526 400
f 500 451 516
f 530 529 475
f 530 475 371
f 371 417 530
f 502 476 452
f 442 502 452
f 544 9573 477
f 555 503 453
f 545 555 453
f 506 496 444
f 534 521 457
f 507 480 459
f 547 482 483
f 548 547 468
f 460 497 574
f 411 436 524
f 447 484 512
f 470 498 484
f 439 486 541
f 487 541 486
f 528 471 472
f 529 516 451
f 476 501 462
f 554 501 476
f 502 554 476
f 488 502 442
f 519 488 9573
f 505 504 455
f 490 505 455
f 459 481 508
f 550 524 436
f 436 446 550
f 470 491 539
f 525 491 485
f 478 514 430
f 490 439 541
f 515 526 593
f 552 527 553
f 542 651 471
f 474 500 568
f 516 568 500
f 518 517 492
f 492 462 518
f 488 519 571
f 493 503 520
f 590 545 489
f 531 455 504
f 494 495 572
f 495 496 572
f 458 480 536
f 507 536 480
f 459 508 507
f 537 561 481
f 482 547 509
f 445 574 497
f 445 510 565
f 512 484 498
f 539 566 498
f 498 470 539
f 513 607 525
f 462 501 518
f 571 502 488
f 503 555 589
f 489 531 578
f 504 505 557
f 532 557 505
f 505 490 532
f 478 494 558
f 444 521 506
f 535 533 534
f 534 479 535
f 522 535 479
f 561 508 481
f 509 537 482
f 523 565 510
f 524 549 511
f 512 550 446
f 512 498 566
f 513 551 585
f 487 515 593
f 586 528 473
f 499 474 567
f 543 516 529
f 530 417 569
f 517 569 417
f 493 577 544
f 520 577 493
f 578 590 489
f 556 578 531
f 602 572 496
f 496 506 602
f 506 521 582
f 533 582 521
f 521 534 533
f 522 458 560
f 507 508 617
f 546 617 508
f 508 561 546
f 509 562 537
f 538 460 564
f 551 514 540
f 552 593 526
f 553 613 552
f 569 543 529
f 530 569 529
f 518 598 517
f 664 554 502
f 571 664 502
f 519 544 588
f 520 503 589
f 555 545 590
f 531 504 556
f 557 556 504
f 557 532 579
f 535 522 560
f 536 560 458
f 617 536 507
f 562 561 537
f 644 563 538
f 564 644 538
f 523 511 619
f 511 549 619
f 550 512 583
f 566 583 512
f 539 491 576
f 525 576 491
f 487 580 541
f 586 473 596
f 597 567 474
f 568 597 474
f 569 517 598
f 501 554 638
f 609 571 519
f 577 588 544
f 558 494 559
f 572 602 601
f 548 538 563
f 573 564 460
f 460 574 573
f 574 445 565
f 565 523 619
f 583 524 550
f 566 539 575
f 539 576 575
f 540 585 551
f 608 540 514
f 613 628 552
f 553 527 629
f 527 651 629
f 542 471 594
f 595 594 471
f 471 528 595
f 528 586 595
f 518 501 638
f 664 570 554
f 588 609 519
f 589 555 590
f 556 557 611
f 579 532 612
f 572 559 494
f 582 581 506
f 656 582 533
f 584 605 583
f 583 566 584
f 9621 584 566
f 575 9621 566
f 649 576 525
f 525 607 649
f 650 513 585
f 514 478 608
f 608 478 558
f 593 552 628
f 543 569 622
f 611 578 556
f 579 611 557
f 532 541 580
f 559 572 601
f 581 602 506
f 533 535 603
f 536 617 604
f 630 546 561
f 561 562 630
f 591 509 547
f 573 574 659
f 565 659 574
f 568 516 587
f 516 543 587
f 570 638 554
f 623 609 588
f 577 520 684
f 579 600 611
f 580 487 592
f 592 487 593
f 628 627 593
f 558 559 9661
f 604 535 560
f 560 536 604
f 698 617 546
f 591 562 509
f 645 619 549
f 549 524 645
f 524 583 645
f 605 645 583
f 605 584 620
f 584 9621 620
f 9619 620 9621
f 576 9620 575
f 650 607 513
f 608 661 540
f 629 636 553
f 663 597 568
f 638 598 518
f 623 588 599
f 640 599 588
f 588 577 640
f 684 624 577
f 520 589 653
f 590 578 610
f 578 611 610
f 697 665 612
f 612 532 697
f 580 697 532
f 608 558 614
f 615 614 558
f 559 601 641
f 656 581 582
f 535 604 603
f 657 591 547
f 547 548 657
f 548 563 657
f 565 619 618
f 645 679 619
f 621 620 9619
f 9619 606 621
f 682 650 585
f 585 540 682
f 627 592 593
f 613 553 636
f 629 651 716
f 673 586 596
f 663 568 587
f 637 622 569
f 598 637 569
f 638 637 598
f 624 640 577
f 653 684 520
f 589 590 625
f 600 579 626
f 9661 615 558
f 641 9661 559
f 601 602 616
f 602 581 616
f 617 698 604
f 563 644 657
f 573 699 564
f 618 659 565
f 645 605 632
f 620 632 605
f 620 621 646
f 9622 9620 634
f 9620 576 634
f 649 607 635
f 650 635 607
f 622 587 543
f 639 571 609
f 676 639 609
f 623 676 609
f 610 625 590
f 610 611 654
f 600 654 611
f 626 696 600
f 665 626 579
f 579 612 665
f 628 613 686
f 636 686 613
f 594 595 718
f 595 586 718
f 634 576 648
f 540 661 682
f 608 614 661
f 614 615 9657
f 9661 9657 615
f 642 641 601
f 601 616 642
f 533 603 656
f 666 656 603
f 630 562 643
f 679 618 619
f 631 679 645
f 646 632 620
f 663 587 674
f 637 638 675
f 652 676 623
f 623 599 652
f 640 624 722
f 653 589 625
f 696 626 678
f 592 697 580
f 627 628 686
f 616 581 687
f 603 604 666
f 698 666 604
f 690 562 591
f 699 658 644
f 644 564 699
f 679 700 618
f 633 634 647
f 576 649 648
f 733 661 614
f 685 655 627
f 594 718 752
f 673 718 586
f 597 663 662
f 638 570 675
f 705 722 624
f 684 705 624
f 654 625 610
f 654 600 696
f 687 581 708
f 581 656 708
f 698 546 667
f 630 667 546
f 690 591 746
f 657 746 591
f 657 644 755
f 644 658 755
f 659 699 573
f 632 646 660
f 668 660 646
f 670 633 671
f 634 648 680
f 672 648 649
f 649 635 672
f 681 635 650
f 650 682 681
f 694 716 651
f 651 542 694
f 717 694 542
f 542 594 717
f 570 664 704
f 599 677 652
f 599 640 677
f 640 722 677
f 653 724 684
f 725 678 626
f 626 665 725
f 655 697 592
f 686 685 627
f 687 642 616
f 562 690 643
f 699 659 709
f 645 632 691
f 660 691 632
f 648 672 680
f 635 681 767
f 682 661 715
f 752 717 594
f 718 673 735
f 675 570 703
f 664 571 704
f 639 704 571
f 705 684 810
f 738 625 654
f 696 739 654
f 697 725 665
f 636 629 693
f 629 716 693
f 708 656 688
f 690 746 745
f 679 631 747
f 691 631 645
f 660 668 691
f 669 691 668
f 713 669 670
f 731 671 633
f 767 672 635
f 715 767 682
f 733 715 661
f 614 692 733
f 587 622 719
f 720 719 622
f 637 720 622
f 637 675 683
f 703 683 675
f 676 652 721
f 810 684 724
f 741 753 697
f 697 655 741
f 642 9662 641
f 656 666 688
f 689 688 666
f 618 700 729
f 747 700 679
f 730 713 670
f 670 671 730
f 750 730 671
f 633 647 731
f 680 714 647
f 680 672 714
f 681 682 767
f 751 692 9656
f 716 694 829
f 662 663 701
f 695 701 663
f 674 695 663
f 683 702 637
f 704 703 570
f 676 704 639
f 653 625 706
f 739 738 654
f 696 740 739
f 655 685 741
f 726 741 685
f 727 685 686
f 708 707 687
f 666 698 689
f 643 690 745
f 709 659 729
f 659 618 729
f 712 711 631
f 631 691 712
f 730 750 784
f 714 672 766
f 751 733 692
f 693 716 734
f 805 829 694
f 694 717 805
f 719 674 587
f 702 720 637
f 788 702 683
f 683 703 788
f 704 676 9581
f 736 9581 676
f 652 677 773
f 677 722 773
f 706 724 653
f 706 625 738
f 725 697 753
f 686 636 727
f 742 727 636
f 636 693 742
f 688 689 801
f 754 689 698
f 667 754 698
f 630 643 744
f 745 744 643
f 746 657 755
f 728 658 699
f 709 728 699
f 747 631 710
f 711 710 631
f 764 712 691
f 691 669 764
f 713 764 669
f 672 767 766
f 701 757 735
f 735 662 701
f 703 704 9581
f 721 652 773
f 722 705 723
f 724 706 759
f 737 759 706
f 706 738 737
f 678 725 791
f 726 685 792
f 707 708 743
f 760 743 708
f 708 688 760
f 667 630 744
f 747 763 700
f 748 711 712
f 713 730 749
f 730 784 814
f 732 817 767
f 767 715 732
f 715 733 732
f 769 732 733
f 829 734 716
f 717 752 832
f 752 718 807
f 830 807 718
f 773 736 721
f 723 773 722
f 759 737 775
f 740 696 678
f 725 753 778
f 781 707 743
f 688 801 760
f 729 700 763
f 712 764 748
f 814 749 730
f 765 750 671
f 671 731 765
f 647 714 731
f 786 769 733
f 733 751 786
f 808 718 735
f 757 808 735
f 719 695 674
f 788 703 9567
f 703 9581 9567
f 736 771 9581
f 758 810 724
f 724 759 758
f 776 737 738
f 738 739 776
f 861 776 739
f 791 777 678
f 741 726 779
f 685 727 792
f 742 693 804
f 734 804 693
f 745 746 823
f 746 755 823
f 755 761 9604
f 658 728 762
f 709 729 855
f 763 747 812
f 710 812 747
f 710 711 813
f 783 711 748
f 857 764 713
f 765 784 750
f 817 732 756
f 768 756 732
f 732 769 768
f 787 805 717
f 717 832 787
f 806 832 752
f 752 807 806
f 720 702 831
f 788 831 702
f 771 9567 9581
f 773 772 736
f 774 723 705
f 705 810 774
f 759 775 860
f 861 739 740
f 777 848 740
f 740 678 777
f 826 791 725
f 778 826 725
f 741 778 753
f 726 792 837
f 801 689 802
f 803 689 754
f 9604 823 755
f 761 658 762
f 763 897 729
f 794 783 748
f 748 764 794
f 858 857 713
f 713 749 858
f 814 784 795
f 785 765 731
f 731 714 785
f 766 785 714
f 780 786 751
f 734 829 863
f 808 830 718
f 695 719 770
f 720 770 719
f 771 736 790
f 772 790 736
f 811 810 758
f 741 779 778
f 837 779 726
f 876 800 781
f 801 782 760
f 803 802 689
f 754 667 803
f 744 803 667
f 728 709 842
f 793 813 711
f 711 783 793
f 857 794 764
f 825 858 749
f 749 814 825
f 815 784 765
f 817 766 767
f 756 768 820
f 797 820 768
f 798 797 768
f 768 769 798
f 769 786 818
f 799 818 786
f 786 780 799
f 863 804 734
f 833 757 701
f 770 701 695
f 770 720 831
f 788 9567 809
f 789 771 790
f 772 773 834
f 773 723 834
f 774 810 846
f 859 758 759
f 860 859 759
f 778 779 836
f 837 836 779
f 792 727 827
f 727 742 827
f 780 800 819
f 781 743 876
f 743 853 894
f 744 745 841
f 710 824 812
f 813 824 710
f 796 795 784
f 815 796 784
f 766 817 785
f 820 817 756
f 818 798 769
f 863 829 885
f 831 788 866
f 809 866 788
f 835 723 774
f 924 775 737
f 828 827 742
f 742 804 828
f 855 842 709
f 897 855 729
f 824 843 812
f 844 783 794
f 909 844 794
f 857 909 794
f 916 814 795
f 765 785 815
f 816 785 817
f 852 819 800
f 876 852 800
f 894 876 743
f 802 853 782
f 782 801 802
f 854 802 803
f 803 744 822
f 744 841 822
f 745 823 841
f 823 9604 878
f 791 826 883
f 826 778 883
f 884 883 778
f 836 884 778
f 837 792 827
f 901 828 804
f 804 863 901
f 833 808 757
f 865 833 701
f 701 770 865
f 867 866 809
f 809 789 867
f 789 790 868
f 845 868 790
f 790 772 845
f 835 834 723
f 835 774 846
f 811 846 810
f 811 758 859
f 812 897 763
f 793 824 813
f 793 783 844
f 825 814 9666
f 916 9666 814
f 875 816 817
f 817 820 875
f 821 797 798
f 838 821 798
f 798 818 838
f 839 838 818
f 818 799 839
f 840 839 799
f 799 780 840
f 819 840 780
f 822 854 803
f 878 877 823
f 797 875 820
f 933 894 853
f 853 802 895
f 854 895 802
f 841 823 877
f 908 935 9605
f 9605 762 908
f 728 908 762
f 897 812 880
f 858 873 857
f 858 825 874
f 9667 874 825
f 916 795 890
f 795 796 890
f 850 796 815
f 815 785 850
f 924 776 899
f 791 883 882
f 829 805 953
f 805 787 953
f 830 808 9577
f 770 831 902
f 866 902 831
f 832 886 787
f 832 806 886
f 806 807 887
f 807 9577 887
f 864 9577 808
f 808 833 864
f 902 865 770
f 867 789 888
f 845 772 870
f 772 834 870
f 871 870 834
f 872 871 835
f 903 872 835
f 835 846 903
f 846 811 9669
f 847 9669 811
f 811 859 847
f 859 860 911
f 848 777 913
f 882 913 777
f 777 791 882
f 836 837 862
f 827 862 837
f 827 828 849
f 850 890 796
f 816 850 785
f 797 821 917
f 851 821 838
f 838 839 851
f 840 851 839
f 932 840 819
f 822 841 877
f 879 9605 935
f 843 880 812
f 898 824 793
f 793 844 898
f 909 898 844
f 806 887 954
f 867 927 866
f 789 868 888
f 869 868 845
f 845 870 869
f 903 846 889
f 9669 889 846
f 912 899 776
f 848 913 1020
f 884 836 862
f 890 850 9595
f 917 875 797
f 891 917 821
f 852 932 819
f 852 876 958
f 893 958 876
f 853 895 933
f 822 907 854
f 822 877 907
f 988 935 908
f 842 976 728
f 856 855 897
f 909 857 910
f 857 873 910
f 992 873 858
f 948 992 858
f 858 874 948
f 924 899 964
f 1020 912 776
f 776 861 1020
f 740 1020 861
f 862 827 965
f 827 849 965
f 938 849 828
f 901 863 952
f 926 952 863
f 863 885 926
f 953 885 829
f 954 886 806
f 914 887 9577
f 865 864 833
f 927 867 888
f 928 888 868
f 870 871 872
f 873 992 1007
f 9595 904 890
f 906 891 821
f 892 906 821
f 821 851 892
f 894 893 876
f 907 974 854
f 877 878 934
f 896 934 878
f 878 879 896
f 935 896 879
f 842 855 1032
f 880 920 897
f 923 9575 881
f 740 848 1020
f 900 882 883
f 883 884 900
f 884 862 900
f 997 926 885
f 953 997 885
f 939 953 787
f 864 914 9577
f 902 866 927
f 915 927 888
f 903 889 9608
f 904 916 890
f 917 905 875
f 892 851 918
f 851 840 919
f 840 932 919
f 974 933 895
f 895 854 974
f 976 908 728
f 856 897 920
f 880 843 936
f 843 824 921
f 824 898 921
f 911 860 922
f 979 9575 923
f 881 924 923
f 950 964 899
f 899 912 950
f 882 900 951
f 900 862 994
f 965 849 925
f 828 901 938
f 952 938 901
f 787 886 939
f 864 865 914
f 940 865 902
f 927 940 902
f 928 915 888
f 872 903 942
f 9608 942 903
f 905 904 9595
f 906 892 931
f 918 931 892
f 932 852 945
f 893 959 958
f 894 933 960
f 934 974 907
f 907 877 934
f 976 842 1032
f 856 1032 855
f 977 920 880
f 880 936 977
f 921 936 843
f 921 898 937
f 898 909 937
f 909 910 947
f 910 873 991
f 979 922 860
f 860 9575 979
f 913 882 993
f 951 993 882
f 965 994 862
f 966 939 886
f 886 954 966
f 887 914 954
f 940 914 865
f 967 927 915
f 869 928 868
f 916 904 9664
f 917 891 986
f 918 851 944
f 851 919 944
f 958 945 852
f 893 894 946
f 960 946 894
f 988 961 935
f 947 910 991
f 948 874 963
f 923 924 1019
f 1052 1019 924
f 964 1052 924
f 913 993 980
f 925 981 965
f 925 849 938
f 955 982 940
f 940 927 955
f 927 967 956
f 1001 928 869
f 869 929 941
f 9608 930 943
f 905 969 904
f 986 905 917
f 944 1002 918
f 945 919 932
f 893 946 959
f 974 960 933
f 974 934 975
f 896 935 987
f 961 987 935
f 988 908 989
f 976 989 908
f 856 920 990
f 962 977 936
f 921 962 936
f 937 909 947
f 991 873 1070
f 873 1007 1070
f 949 963 874
f 922 979 978
f 1008 950 912
f 1020 1008 912
f 980 1009 1020
f 1020 913 980
f 994 951 900
f 938 1023 925
f 938 952 1024
f 926 995 952
f 1010 953 939
f 939 966 1034
f 982 954 914
f 914 940 982
f 955 927 956
f 967 915 1011
f 869 941 1001
f 984 1001 941
f 942 984 941
f 942 943 984
f 943 930 985
f 930 9671 985
f 905 986 1013
f 1002 931 918
f 970 1002 944
f 957 970 944
f 944 919 957
f 919 945 971
f 945 958 972
f 958 959 1003
f 959 946 973
f 960 973 946
f 934 896 9639
f 987 9639 896
f 977 990 920
f 937 962 921
f 937 947 1059
f 991 1059 947
f 1134 992 948
f 963 1134 948
f 979 923 1051
f 923 1019 1018
f 1022 951 994
f 995 1024 952
f 953 1010 997
f 999 966 954
f 985 984 943
f 9671 968 985
f 9664 904 969
f 1013 969 905
f 931 1067 906
f 971 957 919
f 958 1003 972
f 9639 975 934
f 9641 987 961
f 961 988 9641
f 990 1016 856
f 978 979 9672
f 1018 1051 923
f 964 950 1052
f 994 965 981
f 981 925 1023
f 1023 938 1127
f 1034 966 998
f 982 999 954
f 955 956 1000
f 956 967 983
f 967 1011 983
f 928 1011 915
f 1017 968 9670
f 1002 1028 931
f 1057 1002 970
f 959 973 1003
f 1004 973 960
f 1004 960 974
f 974 975 1004
f 990 977 1006
f 977 962 1006
f 962 937 1033
f 1059 991 1060
f 1084 992 1134
f 1051 9672 979
f 1008 1052 950
f 1020 1125 1008
f 1021 1009 980
f 993 1021 980
f 1127 938 1024
f 926 996 995
f 1135 997 1010
f 998 1035 1034
f 1036 998 966
f 966 999 1036
f 982 955 1025
f 1000 1025 955
f 1027 1000 956
f 983 1027 956
f 1011 928 1039
f 928 1001 1039
f 1041 1001 984
f 984 985 1012
f 1079 1013 986
f 1042 1066 906
f 906 1067 1042
f 1028 1067 931
f 9600 1057 970
f 972 971 945
f 1004 1003 973
f 9640 1004 975
f 987 9641 1005
f 9641 988 1015
f 989 1015 988
f 1072 1007 992
f 992 1084 1072
f 1017 1049 968
f 1017 9670 1062
f 9673 1050 9670
f 993 951 1022
f 981 1022 994
f 926 1085 996
f 926 997 1085
f 1010 939 1148
f 939 1034 1148
f 999 982 1025
f 1025 1000 1026
f 1038 1027 983
f 1038 983 1011
f 1040 1039 1001
f 1001 1041 1040
f 1012 1041 984
f 1028 1002 1029
f 1002 1057 1029
f 972 1058 971
f 1003 1004 1095
f 1004 9640 1045
f 1030 1045 9640
f 1032 856 1100
f 856 1016 1100
f 1060 991 1097
f 1007 1072 1071
f 9670 1050 1062
f 1051 1050 9673
f 9673 9672 1051
f 1052 1008 1054
f 1022 1021 993
f 1010 1148 1135
f 1025 1036 999
f 1000 1027 1037
f 1039 1038 1011
f 1028 1029 1080
f 1116 1029 1057
f 1043 1057 9600
f 9600 9601 1043
f 9601 971 1058
f 1094 972 1003
f 1044 1095 1004
f 1004 1045 1044
f 1030 1014 1031
f 1015 989 1047
f 989 976 1099
f 1006 1081 1016
f 1033 1083 962
f 1007 1071 1070
f 1119 1134 963
f 1018 1077 1051
f 1054 1053 1052
f 1125 1020 1055
f 1020 1009 1055
f 1023 1064 981
f 1024 995 1092
f 1056 1092 995
f 995 996 1056
f 997 1135 1061
f 1035 1073 1034
f 1026 1000 1048
f 1040 1038 1039
f 1065 9663 969
f 969 1013 1065
f 1067 1028 1068
f 1094 1058 972
f 1095 1094 1003
f 1045 1030 1098
f 1030 1031 1098
f 1031 1014 1046
f 1099 1047 989
f 976 1032 1099
f 1100 1099 1032
f 1082 1006 962
f 1059 1033 937
f 1097 991 1118
f 991 1070 1118
f 997 1061 1085
f 1109 1061 1135
f 1148 1034 1073
f 1073 1035 1105
f 998 1036 1074
f 1036 1025 1074
f 1025 1026 1086
f 1037 1048 1000
f 1038 1037 1027
f 1197 1054 1008
f 1008 1125 1197
f 1009 1021 1063
f 1023 1127 1091
f 1013 1079 1065
f 1066 1042 1130
f 1080 1068 1028
f 1058 1043 9601
f 1069 1094 1095
f 1098 1044 1045
f 1100 1016 1096
f 962 1083 1082
f 1110 1035 998
f 998 1074 1110
f 1025 1086 1074
f 1048 1086 1026
f 1087 9653 1049
f 1062 1050 1076
f 1050 1051 1077
f 1089 1077 1018
f 1018 1019 1078
f 1019 1052 1053
f 1126 1055 1009
f 1009 1063 1126
f 1090 1022 981
f 1064 1090 981
f 1127 1024 1092
f 1079 1066 1114
f 1131 1042 1067
f 1068 1080 1161
f 1029 1116 1080
f 1103 1080 1116
f 1043 1093 1057
f 1046 1015 1047
f 1147 1033 1059
f 1086 1048 1075
f 1106 1048 1037
f 1037 9655 1106
f 1087 1017 1088
f 1017 1062 1088
f 1076 1088 1062
f 1076 1050 1112
f 1077 1112 1050
f 1053 1078 1019
f 1021 1022 1063
f 1090 1063 1022
f 1023 1091 1064
f 1131 1130 1042
f 1102 1131 1067
f 1067 1068 1102
f 1161 1102 1068
f 1093 1116 1057
f 1117 1093 1043
f 1094 1104 1058
f 1082 1081 1006
f 1156 1083 1033
f 1059 1060 1133
f 1149 1105 1035
f 9576 1110 1074
f 9576 1074 1086
f 1048 1106 1075
f 1111 1106 9655
f 9655 9653 1111
f 1087 1111 9653
f 1089 1018 1078
f 1053 1054 1124
f 1065 1079 1114
f 1043 1058 1117
f 1104 1117 1058
f 1094 1069 1104
f 1195 1098 1031
f 1101 1096 1016
f 1016 1081 1101
f 1082 1083 1146
f 1133 1060 1097
f 1108 1085 1061
f 1109 1108 1061
f 1148 1073 1157
f 1110 1149 1035
f 1088 1111 1087
f 1107 1123 1088
f 1088 1076 1107
f 1076 1112 1107
f 1112 1077 1140
f 1197 1124 1054
f 1218 1063 1090
f 1141 1064 1091
f 1153 1056 996
f 996 1085 1153
f 1115 1114 1066
f 1066 1130 1115
f 1143 1103 1116
f 1117 1188 1093
f 1095 1044 1069
f 1046 1155 1031
f 1101 1145 1096
f 1172 1134 1119
f 1195 1170 1098
f 1099 1100 1144
f 1100 1096 1144
f 1133 1097 1162
f 1080 1103 1154
f 1126 1125 1055
f 1152 1126 1063
f 1218 1090 1178
f 1090 1064 1178
f 1141 1178 1064
f 1091 1127 1185
f 1127 1092 1186
f 1108 1153 1085
f 1073 1105 1120
f 1149 1120 1105
f 1110 9576 1136
f 9576 1075 1136
f 1075 1106 1158
f 1122 1158 1106
f 1106 1111 1122
f 1111 1088 1137
f 1123 1137 1088
f 1089 1078 1199
f 1108 1109 1163
f 1120 1157 1073
f 1149 1110 1121
f 1110 1136 1121
f 1137 1122 1111
f 1139 1209 1107
f 1107 1112 1139
f 1167 1141 1091
f 1056 1186 1092
f 1128 1114 1129
f 1114 1115 1129
f 1102 1161 1187
f 1116 1093 1143
f 1093 1188 1143
f 1132 1188 1117
f 1117 1104 1132
f 1069 1132 1104
f 1155 1046 1196
f 1047 1196 1046
f 1145 1144 1096
f 1175 1101 1081
f 1081 1082 1175
f 1083 1156 1146
f 1097 1118 1162
f 1118 1070 1162
f 1135 1163 1109
f 1211 1148 1157
f 1123 1107 1138
f 1107 1209 1138
f 1077 1089 1140
f 1166 1089 1199
f 1159 1078 1053
f 1125 1126 1237
f 1185 1167 1091
f 1186 1185 1127
f 1142 1128 1193
f 1130 1131 1160
f 1131 1102 1200
f 1103 1143 1194
f 1069 1044 1174
f 1170 1174 1044
f 1072 1084 1228
f 1084 1134 1171
f 1119 1142 1172
f 1176 1172 1142
f 1163 1169 1108
f 1180 1135 1148
f 1157 1120 1179
f 1179 1120 1149
f 1121 1136 1150
f 1151 1150 1136
f 1136 1075 1151
f 1158 1151 1075
f 1158 1122 1165
f 1232 1122 1137
f 9565 1139 1112
f 1193 1176 1142
f 1161 1080 1201
f 1080 1154 1201
f 1132 1069 1190
f 1174 1190 1069
f 1031 1155 1195
f 1243 1082 1146
f 1146 1156 1254
f 1156 1033 1147
f 1203 1134 1172
f 1211 1180 1148
f 1149 1121 1164
f 1150 1164 1121
f 1151 1158 1165
f 1165 1122 1182
f 1138 1183 1123
f 1159 1124 1177
f 1269 1177 1124
f 1124 1197 1269
f 1197 1125 1291
f 1237 1291 1125
f 1204 1152 1063
f 1063 1218 1204
f 1186 1056 1168
f 1056 1153 1168
f 1169 1153 1108
f 1130 1160 1115
f 1200 1160 1131
f 1200 1102 1187
f 1223 1195 1155
f 1147 1059 1255
f 1133 1255 1059
f 1072 1228 1071
f 1084 1171 1228
f 1206 1169 1163
f 1210 1163 1135
f 1180 1210 1135
f 1207 1211 1157
f 1164 1179 1149
f 1232 1182 1122
f 1140 1089 1166
f 1237 1126 1238
f 1218 1178 1244
f 1160 1200 1173
f 1161 1201 1222
f 1196 1223 1155
f 1099 1144 1213
f 1144 1145 1191
f 1254 1243 1146
f 1284 1171 1134
f 1134 1203 1284
f 1150 1151 1181
f 1182 1208 1165
f 1137 1123 1183
f 1209 1139 1249
f 1177 1278 1159
f 1126 1152 1238
f 1141 1184 1178
f 1205 1168 1153
f 1169 1205 1153
f 1115 1160 1221
f 1222 1187 1161
f 1103 1194 1154
f 1189 1188 1132
f 1190 1189 1132
f 1047 1099 1213
f 1225 1213 1144
f 1191 1225 1144
f 1145 1101 1226
f 1254 1156 1214
f 1162 1070 1202
f 1188 1194 1143
f 1174 1170 1242
f 1196 1047 1213
f 1101 1175 1226
f 1192 1226 1175
f 1175 1082 1192
f 1243 1192 1082
f 1133 1162 1342
f 1257 1203 1172
f 1258 1172 1176
f 1291 1269 1197
f 1245 1244 1178
f 1184 1245 1178
f 1141 1167 1184
f 1157 1179 1207
f 1164 1207 1179
f 1164 1150 1198
f 1181 1198 1150
f 1165 1181 1151
f 1216 1182 1232
f 1183 1232 1137
f 9565 1249 1139
f 1236 1078 1159
f 1206 1163 1210
f 1264 1198 1181
f 1209 1249 1248
f 1199 1078 1235
f 1152 1204 1217
f 1204 1218 1239
f 1186 1168 1220
f 1205 1169 1262
f 1169 1206 1262
f 1221 1193 1115
f 1160 1173 1221
f 1222 1200 1187
f 1189 1194 1188
f 1190 1174 1212
f 1170 1195 1294
f 1191 1145 1305
f 1226 1305 1145
f 1226 1192 1227
f 1070 1071 1256
f 1071 1228 1283
f 1257 1172 1258
f 1176 1193 1229
f 1221 1229 1193
f 1212 1189 1190
f 1242 1212 1174
f 1223 1196 1224
f 1213 1224 1196
f 1147 1214 1156
f 1202 1070 1256
f 1217 1238 1152
f 1167 1185 1260
f 1185 1186 1219
f 1205 1220 1168
f 1207 1164 1215
f 1165 1208 1181
f 1182 1216 1231
f 1138 1209 1233
f 1166 1290 1140
f 1078 1236 1235
f 1229 1221 1270
f 1251 1173 1200
f 1200 1222 1345
f 1194 1189 1240
f 1212 1240 1189
f 1242 1170 1322
f 1241 1255 1133
f 1202 1342 1162
f 1071 1283 1256
f 1258 1176 1229
f 1204 1239 1217
f 1184 1167 1246
f 1167 1260 1246
f 1261 1220 1205
f 1262 1261 1205
f 1210 1313 1206
f 1198 1215 1164
f 1208 1264 1181
f 1248 1234 1209
f 1166 1199 1377
f 1180 1211 1230
f 1266 1230 1211
f 1211 1207 1266
f 1263 1266 1207
f 1215 1263 1207
f 1231 1208 1182
f 1247 1232 1183
f 1234 1233 1209
f 9565 1140 1290
f 1220 1219 1186
f 1221 1173 1250
f 1252 1201 1154
f 1154 1194 1252
f 1294 1195 1253
f 1195 1223 1253
f 1305 1225 1191
f 1305 1226 1275
f 1192 1243 1296
f 1254 1296 1243
f 1133 1342 1241
f 1210 1180 1277
f 1308 1268 1216
f 1232 1308 1216
f 1248 1265 1234
f 1244 1239 1218
f 1246 1245 1184
f 1185 1219 1260
f 1261 1219 1220
f 1313 1262 1206
f 1270 1293 1229
f 1250 1173 1251
f 1252 1222 1201
f 1240 1252 1194
f 1240 1212 1280
f 1322 1272 1242
f 1303 1253 1223
f 1273 1303 1223
f 1227 1275 1226
f 1255 1297 1147
f 1229 1293 1258
f 1277 1313 1210
f 1264 1208 1289
f 1231 1289 1208
f 1231 1216 1268
f 1247 1308 1232
f 1183 1138 1233
f 1177 1316 1278
f 1269 1361 1177
f 1259 1291 1237
f 1237 1238 1259
f 1238 1217 1259
f 1217 1239 1259
f 1244 1245 1292
f 1328 1246 1260
f 1250 1270 1221
f 1200 1345 1251
f 1322 1170 1346
f 1294 1346 1170
f 1223 1224 1273
f 1213 1274 1224
f 1227 1192 1306
f 1296 1306 1192
f 1214 1147 1297
f 1222 1252 1279
f 1271 1252 1240
f 1280 1271 1240
f 1212 1242 1280
f 1242 1272 1280
f 1295 1213 1225
f 1275 1227 1306
f 1296 1254 1282
f 1256 1307 1202
f 1367 1228 1171
f 1312 1284 1203
f 1203 1257 1312
f 1258 1293 1285
f 1361 1316 1177
f 1259 1239 1317
f 1267 1263 1215
f 1215 1198 1267
f 1268 1289 1231
f 1233 1247 1183
f 1233 1234 1335
f 1265 1335 1234
f 1309 1265 1248
f 1248 1249 1309
f 1299 1309 1249
f 1300 1299 1249
f 1249 9565 1300
f 9565 1290 1300
f 1377 1199 1235
f 1251 1345 1340
f 1302 1345 1222
f 1253 1303 1281
f 1303 1273 1330
f 1274 1273 1224
f 1274 1213 1295
f 1225 1305 1295
f 1276 1307 1256
f 1269 1291 1301
f 1317 1239 1244
f 1260 1219 1320
f 1261 1262 1356
f 1332 1356 1262
f 1262 1313 1332
f 1277 1180 1326
f 1230 1326 1180
f 1230 1266 1326
f 1287 1314 1266
f 1267 1287 1263
f 1288 1267 1198
f 1198 1264 1288
f 1289 1288 1264
f 1326 1266 1286
f 1314 1286 1266
f 1266 1263 1287
f 1370 1287 1267
f 1289 1268 1298
f 1308 1334 1268
f 1166 1377 1336
f 1236 1278 1360
f 1361 1269 1388
f 1317 1338 1259
f 1317 1244 1318
f 1261 1310 1219
f 1250 1293 1270
f 1222 1279 1302
f 1252 1271 1279
f 1280 1272 1349
f 1304 1273 1274
f 1353 1306 1296
f 1171 1284 1367
f 1313 1277 1357
f 1333 1357 1277
f 1326 1333 1277
f 1334 1298 1268
f 1290 1166 1336
f 1360 1235 1236
f 1316 1360 1278
f 1388 1269 1301
f 1338 1301 1291
f 1319 1292 1245
f 1328 1260 1320
f 1356 1310 1261
f 1329 1347 1250
f 1251 1329 1250
f 1251 1340 1329
f 1253 1392 1294
f 1306 1352 1275
f 1214 1282 1254
f 1297 1383 1214
f 1276 1256 1354
f 1256 1283 1354
f 1283 1228 1367
f 1284 1312 1384
f 1257 1258 1355
f 1298 1288 1289
f 1300 1290 1372
f 1291 1259 1338
f 1317 1318 1339
f 1244 1292 1319
f 1219 1310 1320
f 1293 1250 1321
f 1347 1321 1250
f 1311 1302 1279
f 1279 1271 1311
f 1271 1280 1311
f 1349 1311 1280
f 1272 1322 1381
f 1392 1346 1294
f 1392 1253 1281
f 1323 1281 1303
f 1304 1330 1273
f 1304 1274 1366
f 1295 1305 1341
f 1305 1275 1331
f 1275 1352 1331
f 1306 1353 1324
f 1297 1255 1241
f 1384 1367 1284
f 1308 1399 1334
f 1299 1300 1327
f 1372 1327 1300
f 1318 1244 1364
f 1319 1364 1244
f 1245 1246 1319
f 1328 1319 1246
f 1320 1365 1328
f 1322 1346 1374
f 1330 1323 1303
f 1274 1295 1366
f 1324 1352 1306
f 1367 1407 1283
f 1355 1258 1325
f 1285 1325 1258
f 1285 1293 1321
f 1286 1314 1369
f 1314 1287 1315
f 1370 1315 1287
f 1267 1288 1343
f 1288 1298 1359
f 1298 1334 1359
f 1233 1371 1247
f 1233 1335 1409
f 1362 1372 1290
f 1302 1311 1348
f 1381 1349 1272
f 1281 1323 1350
f 1305 1331 1341
f 1368 1332 1313
f 1357 1368 1313
f 1286 1369 1385
f 1369 1314 1315
f 1370 1267 1343
f 1387 1399 1308
f 1247 1387 1308
f 1409 1371 1233
f 1418 1344 1265
f 1265 1309 1418
f 1309 1299 1401
f 1327 1401 1299
f 1377 1235 1363
f 1360 1363 1235
f 1360 1316 1337
f 1460 1364 1319
f 1365 1380 1328
f 1347 1329 1421
f 1404 1340 1345
f 1422 1345 1302
f 1348 1422 1302
f 1381 1322 1431
f 1350 1392 1281
f 1330 1304 1351
f 1304 1366 1351
f 1341 1366 1295
f 1424 1341 1331
f 1445 1352 1324
f 1282 1353 1296
f 1463 1354 1283
f 1283 1407 1463
f 1326 1286 1358
f 1385 1358 1286
f 1369 1315 1386
f 1288 1359 1343
f 1387 1247 1371
f 1388 1301 1420
f 1380 1319 1328
f 1310 1356 1373
f 1349 1348 1311
f 1331 1352 1424
f 1282 1214 1383
f 1376 1241 1342
f 1415 1202 1307
f 1307 1276 1435
f 1343 1359 1398
f 1400 1409 1335
f 1335 1265 1456
f 1265 1344 1456
f 1327 1372 1447
f 1338 1317 1389
f 1320 1310 1365
f 1310 1373 1365
f 1404 1329 1340
f 1350 1323 1443
f 1443 1323 1444
f 1323 1330 1375
f 1415 1376 1342
f 1342 1202 1415
f 1257 1355 1312
f 1325 1474 1355
f 1336 1362 1290
f 1337 1316 1419
f 1379 1301 1338
f 1389 1317 1339
f 1380 1391 1319
f 1332 1436 1356
f 1405 1422 1348
f 1348 1349 1405
f 1322 1374 1431
f 1375 1444 1323
f 1351 1375 1330
f 1414 1424 1352
f 1383 1462 1282
f 1241 1376 1395
f 1276 1354 1425
f 1321 1347 1411
f 1421 1411 1347
f 1329 1404 1412
f 1349 1381 1442
f 1353 1282 1462
f 1395 1297 1241
f 1425 1435 1276
f 1285 1321 1486
f 1301 1379 1378
f 1379 1338 1389
f 1429 1339 1318
f 1364 1460 1390
f 1373 1356 1436
f 1358 1385 1416
f 1369 1417 1385
f 1359 1334 1398
f 1399 1398 1334
f 1456 1400 1335
f 1363 1360 1428
f 1361 1419 1316
f 1368 1436 1332
f 1397 1386 1315
f 1315 1370 1397
f 1437 1370 1343
f 1389 1339 1440
f 1345 1422 1404
f 1442 1405 1349
f 1406 1374 1346
f 1392 1406 1346
f 1351 1366 1393
f 1353 1445 1324
f 1415 1307 1435
f 1407 1367 1451
f 1464 1367 1384
f 1486 1325 1285
f 1326 1358 1333
f 1370 1437 1397
f 1387 1371 1454
f 1409 1408 1371
f 1439 1428 1337
f 1318 1364 1390
f 1365 1373 1448
f 1373 1436 1410
f 1412 1421 1329
f 1413 1431 1374
f 1406 1483 1374
f 1366 1341 1393
f 1394 1393 1341
f 1424 1394 1341
f 1382 1353 1462
f 1383 1297 1395
f 1354 1463 1425
f 1333 1358 1453
f 1454 1399 1387
f 1401 1327 1447
f 1402 1336 1377
f 1363 1428 1488
f 1420 1378 1403
f 1459 1378 1379
f 1448 1391 1380
f 1448 1373 1410
f 1321 1411 1396
f 1430 1404 1422
f 1483 1413 1374
f 1406 1392 1449
f 1392 1350 1433
f 1423 1375 1351
f 1351 1393 1423
f 1355 1474 1312
f 1486 1321 1396
f 1357 1452 1368
f 1385 1417 1416
f 1386 1477 1369
f 1408 1454 1371
f 1377 1363 1402
f 1361 1388 1458
f 1379 1389 1440
f 1429 1318 1390
f 1468 1460 1319
f 1319 1391 1468
f 1380 1365 1448
f 1442 1381 1431
f 1413 1432 1431
f 1433 1449 1392
f 1445 1414 1352
f 1395 1376 1434
f 1376 1415 1581
f 1416 1453 1358
f 1417 1369 1477
f 1343 1398 1437
f 1399 1427 1398
f 1409 1400 1455
f 1519 1456 1344
f 1344 1418 1478
f 1447 1372 1438
f 1372 1362 1438
f 1336 1506 1362
f 1488 1402 1363
f 1420 1458 1388
f 1410 1436 1461
f 1421 1412 1494
f 1350 1443 1433
f 1444 1375 1423
f 1445 1353 1446
f 1450 1446 1353
f 1382 1450 1353
f 1451 1499 1463
f 1463 1407 1451
f 1367 1464 1451
f 1325 1552 1474
f 1552 1325 1486
f 1452 1436 1368
f 1357 1333 1452
f 1426 1452 1333
f 1453 1426 1333
f 1397 1477 1386
f 1437 1398 1427
f 1455 1408 1409
f 1478 1519 1344
f 1309 1401 1511
f 1440 1339 1429
f 1429 1390 1441
f 1390 1460 1509
f 1461 1448 1410
f 1494 1514 1421
f 1489 1422 1405
f 1442 1489 1405
f 1471 1393 1394
f 1539 1464 1384
f 1384 1312 1539
f 1474 1539 1312
f 1417 1477 1476
f 1456 1455 1400
f 1418 1309 1511
f 1438 1362 1505
f 1506 1505 1362
f 1419 1439 1337
f 1458 1420 1520
f 1420 1403 1520
f 1459 1379 1479
f 1379 1440 1479
f 1562 1433 1443
f 1423 1393 1471
f 1394 1424 1472
f 1473 1424 1414
f 1414 1445 1473
f 1581 1434 1376
f 1526 1415 1435
f 1437 1529 1397
f 1487 1454 1408
f 1478 1418 1556
f 1447 1438 1504
f 1402 1506 1336
f 1458 1419 1361
f 1378 1658 1403
f 1459 1532 1378
f 1440 1429 1480
f 1448 1461 1469
f 1432 1413 1490
f 1449 1433 1495
f 1382 1462 1450
f 1436 1452 1475
f 1500 1467 1416
f 1416 1417 1500
f 1511 1556 1418
f 1503 1511 1401
f 1658 1378 1659
f 1532 1659 1378
f 1469 1481 1448
f 1475 1461 1436
f 1514 1411 1421
f 1482 1412 1404
f 1510 1482 1404
f 1404 1430 1510
f 1489 1430 1422
f 1442 1431 1523
f 1432 1523 1431
f 1413 1483 1490
f 1449 1483 1406
f 1443 1444 1562
f 1444 1423 1465
f 1472 1471 1394
f 1473 1472 1424
f 1446 1473 1445
f 1486 1485 1552
f 1452 1426 1466
f 1453 1466 1426
f 1501 1477 1397
f 1454 1427 1399
f 1455 1487 1408
f 1557 1438 1505
f 1479 1440 1480
f 1441 1480 1429
f 1396 1411 1522
f 1482 1494 1412
f 1515 1510 1430
f 1430 1489 1470
f 1523 1489 1442
f 1491 1483 1449
f 1495 1491 1449
f 1423 1471 1516
f 1450 1462 1497
f 1434 1581 1546
f 1498 1581 1415
f 1415 1526 1498
f 1451 1464 1499
f 1464 1539 1547
f 1518 1475 1452
f 1466 1518 1452
f 1453 1416 1467
f 1397 1529 1501
f 1487 1455 1502
f 1502 1455 1456
f 1504 1503 1401
f 1401 1447 1504
f 1558 1439 1419
f 1520 1492 1458
f 1507 1532 1459
f 1521 1507 1459
f 1521 1459 1479
f 1468 1391 1448
f 1481 1468 1448
f 1525 1497 1462
f 1383 1525 1462
f 1526 1435 1484
f 1435 1425 1484
f 1522 1486 1396
f 1417 1476 1500
f 1582 1427 1454
f 1519 1457 1456
f 1558 1488 1428
f 1479 1480 1508
f 1533 1508 1480
f 1509 1441 1390
f 1562 1495 1433
f 1472 1473 1517
f 1395 1525 1383
f 1547 1499 1464
f 1552 1575 1474
f 1485 1486 1588
f 1454 1487 1582
f 1402 1488 1531
f 1419 1458 1492
f 1521 1479 1508
f 1509 1460 1513
f 1460 1468 1513
f 1469 1461 1542
f 1465 1423 1496
f 1423 1516 1496
f 1446 1450 1537
f 1529 1437 1582
f 1437 1427 1582
f 1502 1456 1457
f 1504 1438 1557
f 1493 1533 1480
f 1480 1441 1493
f 1570 1481 1469
f 1475 1542 1461
f 1543 1522 1411
f 1514 1543 1411
f 1430 1470 1515
f 1523 1432 1560
f 1524 1560 1432
f 1471 1472 1517
f 1536 1517 1473
f 1497 1537 1450
f 1499 1547 1527
f 1575 1539 1474
f 1453 1467 1528
f 1566 1477 1501
f 1519 1478 1555
f 1556 1568 1478
f 1503 1504 1569
f 1592 1468 1481
f 1470 1489 1523
f 1432 1490 1524
f 1535 1490 1483
f 1491 1586 1483
f 1562 1444 1607
f 1465 1607 1444
f 1538 1525 1395
f 1395 1434 1538
f 1434 1546 1538
f 1527 1425 1463
f 1463 1499 1527
f 1475 1518 1540
f 1528 1518 1466
f 1466 1453 1528
f 1500 1553 1467
f 1577 1566 1501
f 1529 1577 1501
f 1502 1457 1548
f 1568 1555 1478
f 1569 1504 1512
f 1520 1403 1651
f 1658 1651 1403
f 1542 1549 1469
f 1482 1510 1534
f 1523 1571 1470
f 1560 1544 1523
f 1483 1586 1535
f 1491 1495 1580
f 1517 1516 1471
f 1545 1536 1473
f 1446 1545 1473
f 1537 1497 1596
f 1484 1587 1526
f 1484 1425 1610
f 1425 1527 1610
f 1527 1547 1605
f 1588 1486 1522
f 1528 1467 1553
f 1530 1582 1487
f 1487 1502 1530
f 1457 1519 1554
f 1504 1557 1649
f 1506 1402 1531
f 1419 1492 1727
f 1493 1441 1559
f 1509 1559 1441
f 1481 1570 1592
f 1624 1514 1494
f 1550 1494 1482
f 1510 1515 1534
f 1562 1580 1495
f 1546 1609 1538
f 1548 1530 1502
f 1554 1548 1457
f 1555 1554 1519
f 1541 1505 1506
f 1531 1583 1506
f 9566 1531 1488
f 1626 1492 1520
f 1651 1626 1520
f 1613 1521 1508
f 1615 1559 1509
f 1513 1615 1509
f 1468 1592 1513
f 1549 1570 1469
f 1542 1475 1540
f 1494 1550 1624
f 1482 1534 1550
f 1544 1571 1523
f 1580 1586 1491
f 1563 1545 1446
f 1537 1563 1446
f 1581 1498 1669
f 1498 1526 1587
f 1610 1631 1484
f 1552 1485 1598
f 1588 1598 1485
f 1540 1518 1576
f 1518 1528 1576
f 1553 1576 1528
f 1500 1476 1600
f 1566 1476 1477
f 1582 1577 1529
f 1649 1512 1504
f 1541 1557 1505
f 1584 1558 1419
f 1601 1613 1508
f 1508 1533 1601
f 1593 1549 1542
f 1624 1606 1514
f 1515 1470 1571
f 1544 1560 1604
f 1524 1490 1579
f 1490 1535 1579
f 1525 1596 1497
f 1587 1669 1498
f 1553 1500 1589
f 1600 1599 1500
f 1548 1554 1590
f 1555 1568 1618
f 1556 1511 1619
f 1578 1531 9566
f 1613 1507 1521
f 1533 1493 1602
f 1559 1602 1493
f 1542 1540 1593
f 1522 1543 1612
f 1606 1543 1514
f 1585 1571 1544
f 1535 1679 1579
f 1496 1516 1573
f 1516 1517 1573
f 1551 1573 1517
f 1539 1575 1670
f 1552 1565 1575
f 1599 1589 1500
f 1530 1548 1567
f 1548 1590 1567
f 1506 1583 1541
f 1513 1592 1591
f 1515 1571 1534
f 1560 1524 1572
f 1524 1561 1572
f 1579 1561 1524
f 1535 1586 1679
f 1607 1465 1660
f 1465 1496 1660
f 1551 1517 1629
f 1517 1536 1629
f 1563 1537 1595
f 1596 1595 1537
f 1631 1587 1484
f 1598 1565 1552
f 1646 1588 1522
f 1522 1612 1646
f 1619 1568 1556
f 1636 1583 1531
f 1531 1578 1636
f 1584 1419 1727
f 1727 1492 1657
f 1601 1533 1602
f 1549 1593 1622
f 1534 1594 1550
f 1572 1604 1560
f 1641 1679 1586
f 1536 1545 1644
f 1525 1538 1574
f 1655 1576 1553
f 1599 1600 1632
f 1476 1566 1600
f 1577 1690 1566
f 1582 1530 1633
f 1569 1512 1635
f 1513 1591 1615
f 1621 1592 1570
f 1639 1621 1570
f 1570 1549 1639
f 1622 1639 1549
f 1624 1550 1665
f 1585 1640 1571
f 1603 1585 1544
f 1544 1604 1603
f 1546 1581 1732
f 1610 1527 1597
f 1653 1605 1547
f 1547 1645 1653
f 1593 1540 1616
f 1589 1655 1553
f 1618 1554 1555
f 1541 1649 1557
f 1656 1578 9566
f 9566 1584 1656
f 1626 1657 1492
f 1642 1580 1562
f 1536 1644 1608
f 1563 1644 1545
f 1609 1721 1538
f 1669 1732 1581
f 1564 1597 1527
f 1605 1564 1527
f 1611 1547 1539
f 1539 1670 1611
f 1540 1576 1617
f 1576 1655 1617
f 1632 1600 1566
f 1633 1577 1582
f 1636 1541 1583
f 1637 1656 1584
f 1727 1637 1584
f 1638 1613 1601
f 1559 1614 1602
f 1687 1628 1585
f 1603 1687 1585
f 1660 1643 1607
f 1608 1629 1536
f 1574 1596 1525
f 1575 1565 1670
f 1588 1625 1598
f 1588 1646 1625
f 1530 1567 1633
f 1568 1619 1740
f 1614 1559 1615
f 1615 1591 1671
f 1621 1627 1592
f 1612 1543 1676
f 1534 1571 1691
f 1628 1640 1585
f 1580 1641 1586
f 1546 1732 1609
f 1653 1564 1605
f 1611 1645 1547
f 1589 1599 1662
f 1599 1632 1662
f 1690 1632 1566
f 1740 1618 1568
f 1511 1503 1634
f 1569 1634 1503
f 1657 1626 1650
f 1601 1602 1638
f 1707 1638 1602
f 1614 1707 1602
f 1591 1592 1627
f 1622 1593 1623
f 1593 1616 1623
f 1652 1594 1534
f 1534 1691 1652
f 1604 1678 1603
f 1604 1572 1678
f 1642 1562 1607
f 1573 1660 1496
f 1669 1587 1680
f 1675 1631 1610
f 1543 1606 1676
f 1571 1640 1691
f 1674 1572 1561
f 1579 1674 1561
f 1642 1641 1580
f 1573 1551 1629
f 1596 1574 1630
f 1646 1612 1654
f 1676 1654 1612
f 1626 1651 1684
f 1659 1714 1658
f 1671 1620 1615
f 1617 1647 1616
f 1616 1540 1617
f 1554 1734 1590
f 1554 1618 1734
f 1619 1511 1749
f 1634 1749 1511
f 1634 1569 1741
f 1635 1741 1569
f 1633 1567 1664
f 1541 1636 1697
f 1697 1636 1578
f 1727 1657 1728
f 1614 1615 1620
f 1627 1671 1591
f 1639 1622 1673
f 1702 1606 1624
f 1624 1665 1702
f 1784 1691 1640
f 1674 1678 1572
f 1668 1574 1538
f 1538 1721 1668
f 1661 1704 1625
f 1625 1646 1661
f 1662 1681 1589
f 1648 1567 1590
f 1697 1578 1656
f 1685 1507 1613
f 1616 1647 1623
f 1702 1676 1606
f 1640 1628 1693
f 1579 1679 1674
f 1587 1631 1675
f 1597 1675 1610
f 1695 1647 1617
f 1655 1589 1681
f 1690 1577 1633
f 1696 1648 1590
f 1684 1651 1764
f 1659 1532 1715
f 1532 1507 1715
f 1759 1685 1613
f 1707 1614 1735
f 1620 1735 1614
f 1621 1639 1673
f 1719 1665 1550
f 1687 1693 1628
f 1642 1607 1688
f 1643 1688 1607
f 1660 1573 1739
f 1574 1668 1630
f 1597 1564 1689
f 1653 1645 1758
f 1565 1598 1704
f 1598 1625 1704
f 1663 1662 1632
f 1512 1649 1725
f 1726 1649 1541
f 1650 1626 1684
f 1658 1764 1651
f 1729 1613 1638
f 1672 1627 1621
f 1784 1692 1691
f 1687 1603 1666
f 1773 1732 1669
f 1708 1661 1646
f 1681 1747 1655
f 1690 1663 1632
f 1567 1648 1664
f 1512 1705 1635
f 1650 1728 1657
f 1685 1716 1507
f 1613 1729 1759
f 1671 1686 1620
f 1671 1627 1672
f 1621 1673 1718
f 1678 1666 1603
f 1678 1674 1731
f 1720 1674 1679
f 1642 1756 1641
f 1629 1739 1573
f 1667 1608 1644
f 1644 1563 1667
f 1808 1667 1563
f 1595 1808 1563
f 1596 1630 1694
f 1630 1668 1762
f 1840 1680 1587
f 1587 1675 1840
f 1653 1689 1564
f 1704 1661 1736
f 1646 1654 1700
f 1676 1746 1654
f 1655 1695 1617
f 1682 1681 1662
f 1662 1663 1831
f 1649 1726 1725
f 1726 1541 1697
f 1715 1507 1716
f 1623 1647 1677
f 1756 1679 1641
f 1595 1596 1694
f 1680 1773 1669
f 1758 1689 1653
f 1670 1565 1711
f 1700 1708 1646
f 1746 1700 1654
f 1662 1831 1682
f 1663 1690 1766
f 1683 1690 1633
f 1633 1664 1683
f 1648 1683 1664
f 1590 1734 1696
f 1740 1734 1618
f 1748 1740 1619
f 1748 1619 1749
f 1715 1714 1659
f 1729 1638 1707
f 1718 1672 1621
f 1673 1622 1699
f 1622 1623 1699
f 1760 1550 1594
f 1678 1731 1710
f 1643 1660 1775
f 1739 1775 1660
f 1667 1807 1608
f 1808 1595 1694
f 1668 1721 1762
f 1746 1676 1817
f 1705 1512 1725
f 1714 1764 1658
f 1735 1620 1686
f 1623 1677 1699
f 1676 1702 1701
f 1710 1666 1678
f 1679 1756 1720
f 1756 1642 1688
f 1775 1703 1643
f 1721 1609 1798
f 1704 1711 1565
f 1701 1817 1676
f 1647 1695 1712
f 1747 1695 1655
f 1697 1706 1726
f 1697 1656 9572
f 1742 9572 1656
f 1637 1742 1656
f 1728 1650 1779
f 1750 1650 1684
f 1671 1672 1744
f 1718 1717 1672
f 1698 1718 1673
f 1709 1693 1687
f 1687 1666 1709
f 1703 1688 1643
f 1762 1721 1828
f 1766 1690 1683
f 1734 1713 1696
f 1734 1740 1778
f 1800 1778 1740
f 1716 1685 1765
f 1744 1672 1717
f 1736 1661 1708
f 1795 1702 1665
f 1665 1719 1795
f 1550 1760 1719
f 1691 1692 1652
f 1597 1689 1774
f 1723 1677 1647
f 1712 1723 1647
f 1747 1810 1695
f 1682 1747 1681
f 1831 1663 1763
f 1766 1763 1663
f 1713 1648 1696
f 1727 1742 1637
f 1743 1779 1650
f 1816 1765 1685
f 1685 1759 1816
f 1735 1768 1707
f 1686 1671 1744
f 1698 1673 1699
f 1704 1736 1730
f 1594 1652 1760
f 1731 1674 1720
f 1629 1608 1776
f 1807 1776 1608
f 1758 1774 1689
f 1611 1670 1722
f 1711 1722 1670
f 1711 1704 1730
f 1695 1810 1712
f 1831 1724 1682
f 1733 1683 1648
f 1740 1748 1833
f 1764 1714 1803
f 1729 1707 1768
f 1735 1686 1780
f 1717 1718 1751
f 1795 1754 1702
f 1709 1786 1693
f 1666 1838 1709
f 1710 1761 1666
f 1694 1630 1757
f 1829 1675 1597
f 1741 1635 1767
f 1705 1767 1635
f 1706 1813 1726
f 1650 1750 1743
f 1684 1764 1750
f 1714 1715 1815
f 1715 1716 1867
f 1765 1867 1716
f 1770 1699 1677
f 1723 1770 1677
f 1753 1700 1746
f 1737 1795 1719
f 1640 1693 1755
f 1761 1838 1666
f 1731 1720 1710
f 1688 1703 1738
f 1775 1738 1703
f 1774 1829 1597
f 1648 1713 1733
f 1813 1725 1726
f 1727 1728 1779
f 1750 1764 1848
f 1768 1824 1729
f 1744 1780 1686
f 1744 1717 1804
f 1793 1736 1708
f 1745 1752 1708
f 1708 1700 1745
f 1753 1745 1700
f 1806 1783 1719
f 1719 1760 1806
f 1755 1784 1640
f 1786 1785 1693
f 1810 1723 1712
f 1683 1733 1789
f 1749 1634 1801
f 1706 9572 1813
f 1769 1751 1718
f 1769 1718 1698
f 1699 1782 1698
f 1708 1752 1793
f 1754 1794 1701
f 1796 1710 1720
f 1738 1756 1688
f 1739 1797 1775
f 1739 1629 1797
f 1808 1807 1667
f 1808 1694 1822
f 1757 1822 1694
f 1733 1713 1799
f 1778 1713 1734
f 1875 1800 1740
f 1801 1634 1854
f 1767 1854 1634
f 1634 1741 1767
f 1790 1705 1725
f 1814 1813 9572
f 1743 1847 1779
f 1780 1744 1804
f 1782 1769 1698
f 1817 1753 1746
f 1817 1701 1818
f 1794 1818 1701
f 1756 1796 1720
f 1797 1629 1776
f 1807 1808 1772
f 1827 1630 1762
f 1798 1828 1721
f 1609 1732 1798
f 1788 1645 1611
f 1611 1722 1788
f 1724 1747 1682
f 1683 1789 1812
f 1846 1799 1713
f 1740 1833 1875
f 1749 1833 1748
f 1742 1814 9572
f 1909 1802 1742
f 1742 1727 1909
f 1779 1909 1727
f 1768 1735 1860
f 1730 1736 1805
f 1745 1793 1752
f 1719 1783 1737
f 1760 1652 1837
f 1692 1837 1652
f 1827 1757 1630
f 1918 1827 1762
f 1773 1798 1732
f 1773 1680 1884
f 1680 1840 1884
f 1788 1758 1645
f 1811 1763 1766
f 1733 1799 1789
f 1867 1815 1715
f 1824 1759 1729
f 1780 1860 1735
f 1770 1782 1699
f 1771 1745 1753
f 1692 1784 1927
f 1761 1710 1796
f 1821 1820 1756
f 1756 1738 1821
f 1840 1675 1829
f 1758 1777 1774
f 1842 1770 1723
f 1723 1810 1842
f 1812 1766 1683
f 1833 1749 1886
f 1801 1886 1749
f 1782 1781 1769
f 1805 1736 1871
f 1793 1871 1736
f 1863 1771 1753
f 1753 1817 1863
f 1754 1795 1850
f 1795 1737 1865
f 1755 1693 1878
f 1785 1878 1693
f 1761 1796 1787
f 1807 1892 1776
f 1777 1758 1809
f 1810 1747 1843
f 1724 1843 1747
f 1831 1763 1823
f 1766 1812 1811
f 1813 1790 1725
f 1814 1742 1802
f 1759 1824 1792
f 1751 1769 1861
f 1781 1861 1769
f 1819 1786 1709
f 1709 1838 1819
f 1762 1828 1918
f 1829 1774 1777
f 1812 1789 1873
f 1815 1803 1714
f 1765 1816 1791
f 1759 1792 1816
f 1892 1797 1776
f 1856 1772 1808
f 1827 1822 1757
f 1722 1711 1852
f 1730 1852 1711
f 1980 1800 1875
f 1854 1767 2050
f 1705 1887 1767
f 1909 1779 1834
f 1847 1834 1779
f 1780 1804 1891
f 1793 1745 1836
f 1817 1818 1864
f 1837 1806 1760
f 1927 1837 1692
f 1784 1902 1927
f 1784 1755 1902
f 1878 1785 1928
f 1839 1821 1738
f 1826 1839 1738
f 1775 1826 1738
f 1829 1903 1840
f 1809 1758 1885
f 1758 1788 1885
f 1788 1722 1893
f 1763 1811 1823
f 1873 1789 1799
f 1980 1874 1800
f 1887 2050 1767
f 1813 1814 1888
f 1803 1848 1764
f 1860 1897 1768
f 1717 1751 1835
f 1751 1861 1835
f 1862 1781 1782
f 1825 1836 1745
f 1795 1865 1850
f 1819 1785 1786
f 1787 1855 1761
f 1866 1787 1796
f 1820 1866 1796
f 1822 1882 1808
f 1918 1828 1868
f 1883 1868 1828
f 1913 1828 1798
f 1831 1845 1724
f 1823 1832 1831
f 1778 1800 1925
f 1874 1925 1800
f 1867 1765 1791
f 1835 1891 1804
f 1804 1717 1835
f 1770 1862 1782
f 1771 1825 1745
f 1863 1849 1771
f 1838 1761 1855
f 1821 1866 1820
f 1797 1826 1775
f 1892 1807 1881
f 1807 1772 1881
f 1882 1856 1808
f 1798 1773 1869
f 1777 1841 1829
f 1805 1852 1730
f 1810 1853 1842
f 1843 1853 1810
f 1811 1812 1873
f 1925 1713 1778
f 1705 1790 1926
f 1750 1848 1895
f 1897 1824 1768
f 1817 1864 1863
f 1856 1881 1772
f 1822 1827 1882
f 1869 1913 1798
f 1777 1809 1830
f 1885 1830 1809
f 1844 1843 1724
f 1910 1895 1848
f 1891 1860 1780
f 1755 1878 1948
f 1866 1821 1880
f 1903 1829 1841
f 1830 1841 1777
f 1852 1893 1722
f 1845 1831 1858
f 1873 1872 1811
f 1888 1915 1813
f 1802 1888 1814
f 1895 1859 1750
f 1803 1815 2025
f 1911 2025 1815
f 1906 1911 1815
f 1815 1867 1906
f 1862 1770 1900
f 1818 1850 1877
f 1948 1902 1755
f 1819 1879 1785
f 1787 1866 1916
f 1884 1840 1908
f 1908 1840 1903
f 1841 1830 1851
f 1870 1851 1830
f 1830 1885 1870
f 1770 1842 1857
f 1845 1844 1724
f 1873 1799 1923
f 1799 1846 1923
f 1846 1713 1924
f 1925 1924 1713
f 1874 1980 1968
f 1833 1937 1875
f 1859 1834 1847
f 1896 1910 1848
f 1848 1803 1896
f 2025 1896 1803
f 1824 1897 1890
f 1966 1805 1871
f 1871 1793 1931
f 1836 1931 1793
f 1921 1836 1825
f 1894 1825 1771
f 1771 1849 1894
f 1849 1863 1912
f 1877 1864 1818
f 1737 1783 1865
f 1819 1838 1941
f 1838 1855 1941
f 1880 1821 1942
f 1839 1942 1821
f 1797 1935 1826
f 1883 1828 1913
f 1884 1869 1773
f 1893 1885 1788
f 1843 1844 1951
f 1832 1858 1831
f 1872 1823 1811
f 1886 1937 1833
f 1926 1887 1705
f 1792 1824 1890
f 1835 1861 1939
f 1781 1862 1899
f 1940 1899 1862
f 1850 1865 1901
f 1879 1819 2063
f 1787 1916 1855
f 1913 1869 1996
f 1842 1853 1857
f 1853 1843 1951
f 1823 1872 1922
f 1867 1791 1938
f 1897 1860 1946
f 1899 1861 1781
f 1863 1864 1912
f 1927 2015 1837
f 1941 1929 1819
f 1866 1880 1916
f 1856 1882 1986
f 1869 1884 1963
f 1955 1931 1836
f 1924 1923 1846
f 1874 1968 1979
f 1906 1867 1938
f 1816 1792 1791
f 1860 1898 1946
f 1891 1898 1860
f 1891 1835 1939
f 1864 1877 1947
f 1877 1850 1958
f 1837 1934 1806
f 1916 1941 1855
f 1986 1917 1856
f 1920 1851 1870
f 1930 1852 1805
f 1805 1966 1930
f 1894 1921 1825
f 1923 1932 1873
f 1979 1925 1874
f 1980 1875 1981
f 1937 1981 1875
f 1887 1926 1904
f 1909 1834 1889
f 1933 1898 1891
f 1770 1857 1900
f 1864 1947 1912
f 1972 1901 1865
f 1974 1783 1806
f 1806 1934 1974
f 1879 1928 1785
f 1962 1892 1881
f 1856 1917 1881
f 1907 1882 1827
f 1827 1918 1907
f 1870 1885 1914
f 1893 1914 1885
f 1921 1955 1836
f 1832 1936 1858
f 1801 1945 1886
f 1905 1876 1888
f 1888 1802 1905
f 1909 1905 1802
f 1939 1861 1899
f 1862 1900 1940
f 1912 1894 1849
f 1783 1974 1973
f 2063 1819 1929
f 1880 1942 1960
f 1797 1892 1962
f 1986 1882 1907
f 1919 1903 1841
f 1841 1851 1964
f 1914 1920 1870
f 1852 1965 1893
f 1931 1966 1871
f 1921 1894 2008
f 1932 1872 1873
f 1932 1923 2000
f 1854 2050 1801
f 1910 1859 1895
f 1956 1791 1792
f 1890 1956 1792
f 1934 1837 2015
f 1959 1927 1902
f 1902 1948 1959
f 1916 1880 1953
f 1920 1964 1851
f 1832 1823 1989
f 1970 1890 1897
f 2011 1946 1898
f 1947 1877 1958
f 1880 1960 1953
f 1935 1839 1826
f 1962 1935 1797
f 1943 1963 1884
f 1920 1914 1944
f 1965 1914 1893
f 1951 1857 1853
f 1989 1936 1832
f 1922 1989 1823
f 2050 1945 1801
f 1926 1915 2002
f 1905 1909 2033
f 1889 2033 1909
f 1834 1859 2004
f 1890 1970 1969
f 1933 1891 1939
f 1881 1917 1950
f 1963 1996 1869
f 1908 1943 1884
f 1987 1908 1903
f 1841 1964 1919
f 1923 1924 2000
f 1904 1983 1887
f 1876 2002 1915
f 1906 1938 2010
f 1933 2011 1898
f 1939 1899 2006
f 1947 2052 1912
f 1992 1958 1850
f 1850 1901 1992
f 1928 1879 2044
f 1953 1941 1916
f 1942 1839 1961
f 1949 1961 1839
f 1935 1949 1839
f 2022 1944 1914
f 2008 1967 1921
f 2032 1857 1951
f 1977 1951 1844
f 1845 1977 1844
f 1999 1922 1872
f 2000 1978 1932
f 2001 1924 1925
f 1979 2001 1925
f 2004 1889 1834
f 1957 1956 1890
f 1897 1946 1971
f 1952 1894 1912
f 1959 1993 1927
f 1879 2063 2029
f 1907 1918 2030
f 1868 2030 1918
f 1919 1987 1903
f 1965 2022 1914
f 1858 1977 1845
f 1872 1932 1978
f 1968 1980 2024
f 1887 1982 2050
f 1859 1910 2082
f 1984 1896 2025
f 1971 1970 1897
f 1783 1973 1865
f 1950 1962 1881
f 1996 1883 1913
f 1943 1908 2106
f 1987 2106 1908
f 1919 1964 1997
f 1944 1976 1920
f 1965 1852 2067
f 2057 2067 1852
f 1852 1930 2057
f 1931 2013 1966
f 1931 1955 2108
f 1955 1921 1967
f 1924 2001 2058
f 2002 1904 1926
f 1876 1905 2009
f 1910 1896 1990
f 2051 2010 1938
f 1938 1791 2051
f 1890 1969 1957
f 1933 1939 2006
f 2052 1952 1912
f 1964 1920 1976
f 1944 2022 2045
f 1998 2008 1894
f 1983 1982 1887
f 2033 2009 1905
f 2078 2033 1889
f 1889 2004 2078
f 1990 2082 1910
f 2011 1971 1946
f 1952 1998 1894
f 1992 1901 2043
f 1993 2015 1927
f 1948 1878 1975
f 1975 1878 1928
f 2044 1975 1928
f 2018 1935 1962
f 1883 1996 1954
f 1930 1966 2057
f 1951 1977 2074
f 2002 1876 2003
f 2009 2003 1876
f 1933 2006 2097
f 2007 1940 1900
f 1958 1992 2028
f 1959 1948 1994
f 1948 1975 2012
f 1929 1941 2016
f 1985 2016 1941
f 1941 1953 1985
f 1953 1960 1985
f 1960 1942 2054
f 1961 2054 1942
f 1935 2018 2017
f 1907 2065 1986
f 2030 1868 1954
f 1868 1883 1954
f 1997 1964 2090
f 1857 2032 1988
f 2032 1951 2074
f 1858 1936 2139
f 1979 1968 2001
f 1984 1990 1896
f 1969 2005 1957
f 2052 1947 2042
f 2028 2042 1947
f 1947 1958 2028
f 1901 1972 2043
f 2021 1973 1974
f 2014 1974 1934
f 2015 2014 1934
f 2012 1994 1948
f 1995 2018 1962
f 1986 2065 2019
f 2116 1987 1919
f 1964 1976 2090
f 2067 2022 1965
f 2013 1931 2108
f 2037 1999 1872
f 2024 2001 1968
f 1937 1886 2060
f 1945 2060 1886
f 1956 2051 1791
f 1899 1991 2006
f 1940 1991 1899
f 1900 1857 2007
f 1988 2007 1857
f 1952 2027 1998
f 2044 1879 2029
f 2016 2035 1929
f 1985 1960 2053
f 1962 1950 1995
f 1976 1944 2020
f 1955 1967 2072
f 1998 2046 2008
f 2024 1980 2059
f 1981 2059 1980
f 1969 1970 2026
f 1971 2011 2040
f 2062 1972 1865
f 1865 1973 2062
f 2063 1929 2035
f 2081 2016 1985
f 2053 1960 2054
f 1950 1917 1995
f 1944 2045 2020
f 2031 2057 1966
f 1966 2013 2031
f 1936 1989 2075
f 2050 2180 1945
f 2026 2005 1969
f 2097 2011 1933
f 2097 2006 1991
f 1991 1940 2007
f 2017 1949 1935
f 2030 2065 1907
f 1963 1943 2055
f 2038 1978 2000
f 2000 1924 2038
f 2001 2024 2023
f 2049 1945 2180
f 2033 2077 2009
f 2004 1859 2208
f 2079 2082 1990
f 2040 2026 1970
f 1970 1971 2040
f 2104 2028 1992
f 1992 2043 2104
f 1974 2014 2021
f 1995 1917 2019
f 1986 2019 1917
f 1954 1996 2036
f 1943 2106 2055
f 2046 1967 2008
f 1983 1904 2039
f 2002 2039 1904
f 2003 2009 2077
f 2025 2141 1984
f 2015 1993 2113
f 1954 2036 2115
f 2090 1976 2117
f 2056 2020 2045
f 2022 2067 2118
f 2132 2031 2013
f 2108 2132 2013
f 1967 2046 2073
f 2046 1998 2027
f 2007 1988 2084
f 2048 2075 1989
f 1989 1922 2048
f 1872 1978 2037
f 2058 2038 1924
f 1937 2076 1981
f 2208 2078 2004
f 2082 2208 1859
f 1990 1984 2061
f 1957 2111 1956
f 2042 2028 2034
f 1996 1963 2036
f 2022 2131 2045
f 2072 2108 1955
f 2076 2059 1981
f 1982 1983 2039
f 2095 2079 1990
f 1984 2141 2061
f 1957 2005 2111
f 2011 2097 2126
f 1952 2052 2080
f 2113 1993 2088
f 1993 1959 2088
f 1994 2088 1959
f 1954 2115 2030
f 2086 2117 1976
f 1858 2093 1977
f 2139 1936 2075
f 2023 2058 2001
f 2076 1937 2060
f 2095 1990 2061
f 2051 2142 2010
f 2097 1991 2041
f 2084 2098 2007
f 2027 1952 2071
f 2104 2034 2028
f 1972 2105 2043
f 2062 2105 1972
f 1973 2021 2062
f 2014 2015 2113
f 2054 1961 2064
f 1961 1949 2064
f 1919 1997 2116
f 2086 1976 2020
f 2118 2131 2022
f 2032 2074 2047
f 1922 1999 2048
f 2094 2037 1978
f 2049 2060 1945
f 2003 2039 2002
f 2033 2078 2069
f 1906 2010 2142
f 2081 2146 2035
f 2016 2081 2035
f 2081 1985 2122
f 2053 2122 1985
f 2114 1949 2017
f 2019 2100 1995
f 2139 2093 1858
f 2110 2023 2024
f 2039 2003 2133
f 2003 2077 2133
f 2025 1911 2141
f 1991 2007 2098
f 1994 2012 2099
f 2018 1995 2100
f 2089 2123 2065
f 2065 2030 2089
f 2036 1963 2066
f 2055 2066 1963
f 2106 1987 2191
f 2107 2056 2045
f 2046 2027 2071
f 2075 2048 2124
f 1982 2180 2050
f 2135 2082 2079
f 1911 1906 2246
f 2070 2051 1956
f 1956 2111 2070
f 2143 2165 2026
f 2026 2040 2143
f 2011 2126 2136
f 1991 2098 2041
f 2137 2080 2052
f 2052 2042 2137
f 2112 2104 2043
f 2043 2105 2112
f 2088 1994 2155
f 2012 1975 2099
f 2054 2200 2053
f 1987 2116 2191
f 2131 2107 2045
f 2072 1967 2073
f 2024 2059 2110
f 2077 2033 2069
f 2111 2005 2096
f 2005 2026 2096
f 2040 2011 2103
f 2034 2137 2042
f 1975 2044 2129
f 2029 2129 2044
f 2200 2054 2157
f 2054 2064 2211
f 1949 2114 2064
f 2019 2065 2123
f 2067 2057 2171
f 2057 2031 2171
f 2073 2068 2072
f 2092 2084 1988
f 1988 2032 2092
f 2074 1977 2093
f 2125 2094 1978
f 2060 2049 2121
f 2180 2121 2049
f 2180 1982 2101
f 2102 2079 2095
f 2142 2051 2087
f 2083 2087 2051
f 2051 2070 2083
f 2103 2011 2136
f 1952 2080 2162
f 2085 2021 2014
f 2099 2155 1994
f 2063 2035 2146
f 2158 2100 2019
f 2192 2191 2116
f 2116 1997 2218
f 2020 2056 2091
f 2047 2092 2032
f 2038 2125 1978
f 2119 2038 2058
f 2058 2023 2119
f 2023 2110 2119
f 2110 2059 2140
f 2059 2076 2140
f 1982 2039 2101
f 2133 2101 2039
f 2078 2208 2284
f 2273 2102 2095
f 2165 2096 2026
f 2040 2103 2143
f 2014 2113 2085
f 2211 2157 2054
f 2089 2030 2138
f 2115 2138 2030
f 2066 2055 2169
f 2106 2169 2055
f 2171 2118 2067
f 2073 2046 2174
f 2060 2121 2120
f 2133 2077 2181
f 2069 2078 2196
f 2098 2084 2127
f 2071 1952 2162
f 2144 2105 2062
f 2029 2063 2168
f 2146 2168 2063
f 2158 2019 2123
f 2090 2218 1997
f 2132 2171 2031
f 2074 2093 2159
f 2139 2075 2124
f 1999 2037 2048
f 2134 2181 2077
f 2077 2069 2134
f 2208 2082 2135
f 2246 2141 1911
f 2034 2104 2167
f 2274 2113 2088
f 2155 2274 2088
f 2129 2099 1975
f 2017 2203 2114
f 2018 2100 2182
f 2090 2117 2173
f 2091 2086 2020
f 2131 2118 2193
f 2109 2147 2068
f 2068 2073 2109
f 2073 2174 2109
f 2092 2127 2084
f 2148 2047 2074
f 2069 2196 2134
f 2095 2061 2273
f 2165 2186 2096
f 2041 2098 2209
f 2099 2129 2216
f 2129 2029 2168
f 2122 2053 2200
f 2068 2108 2072
f 2093 2139 2149
f 2120 2121 2179
f 2180 2179 2121
f 2133 2164 2101
f 2284 2196 2078
f 2102 2135 2079
f 2041 2166 2097
f 2162 2153 2071
f 2162 2080 2238
f 2137 2238 2080
f 2167 2137 2034
f 2112 2167 2104
f 2182 2017 2018
f 2158 2182 2100
f 2089 2138 2190
f 2173 2218 2090
f 2086 2275 2117
f 2108 2068 2147
f 2109 2174 2213
f 2163 2037 2094
f 2094 2125 2163
f 2038 2119 2125
f 2101 2150 2180
f 2246 1906 2160
f 2142 2160 1906
f 2070 2111 2228
f 2209 2098 2152
f 2127 2152 2098
f 2128 2062 2021
f 2085 2128 2021
f 2146 2081 2156
f 2192 2116 2218
f 2275 2173 2117
f 2275 2086 2091
f 2130 2091 2056
f 2118 2171 2193
f 2132 2108 2183
f 2244 2163 2125
f 2184 2125 2119
f 2257 2083 2070
f 2197 2103 2136
f 2166 2136 2126
f 2209 2166 2041
f 2154 2112 2105
f 2144 2154 2105
f 2113 2274 2145
f 2081 2122 2156
f 2122 2200 2210
f 2066 2223 2036
f 2169 2106 2191
f 2174 2046 2306
f 2175 2306 2046
f 2047 2214 2092
f 2125 2184 2244
f 2176 2184 2119
f 2119 2110 2176
f 2140 2076 2177
f 2060 2177 2076
f 2142 2087 2151
f 2185 2228 2111
f 2111 2096 2185
f 2186 2165 2229
f 2197 2143 2103
f 2126 2097 2166
f 2062 2128 2144
f 2145 2085 2113
f 2190 2123 2089
f 2223 2233 2115
f 2115 2036 2223
f 2132 2183 2171
f 2153 2175 2046
f 2046 2071 2153
f 2139 2124 2205
f 2124 2048 2205
f 2048 2037 2262
f 2120 2177 2060
f 2164 2133 2181
f 2186 2215 2096
f 2210 2156 2122
f 2064 2114 2202
f 2115 2233 2138
f 2241 2130 2056
f 2056 2107 2241
f 2219 2262 2037
f 2140 2176 2110
f 2179 2178 2120
f 2160 2142 2151
f 2087 2083 2265
f 2187 2154 2144
f 2301 2128 2085
f 2155 2099 2198
f 2099 2216 2198
f 2107 2131 2212
f 2193 2212 2131
f 2183 2108 2242
f 2108 2147 2242
f 2127 2092 2161
f 2148 2074 2159
f 2257 2070 2228
f 2172 2152 2127
f 2162 2230 2153
f 2145 2274 2239
f 2287 2274 2155
f 2198 2287 2155
f 2200 2157 2201
f 2318 2201 2157
f 2202 2211 2064
f 2217 2158 2123
f 2190 2217 2123
f 2091 2130 2170
f 2214 2161 2092
f 2243 2214 2047
f 2148 2243 2047
f 2159 2243 2148
f 2093 2261 2159
f 2226 2273 2061
f 2061 2141 2226
f 2246 2227 2141
f 2215 2185 2096
f 2136 2166 2197
f 2167 2112 2232
f 2168 2146 2199
f 2156 2199 2146
f 2066 2169 2251
f 2194 2147 2109
f 2109 2213 2194
f 2149 2139 2308
f 2205 2308 2139
f 2163 2219 2037
f 2177 2120 2178
f 2101 2164 2220
f 2227 2226 2141
f 2257 2265 2083
f 2229 2165 2247
f 2165 2143 2247
f 2161 2172 2127
f 2129 2168 2199
f 2203 2202 2114
f 2182 2203 2017
f 2183 2193 2171
f 2207 2181 2134
f 2134 2196 2207
f 2256 2207 2196
f 2238 2231 2162
f 2232 2112 2267
f 2301 2187 2144
f 2144 2128 2301
f 2173 2275 2320
f 2194 2242 2147
f 2271 2213 2174
f 2306 2271 2174
f 2338 2205 2048
f 2048 2262 2338
f 2163 2244 2254
f 2177 2178 2206
f 2220 2195 2101
f 2263 2208 2135
f 2263 2135 2102
f 2102 2273 2263
f 2215 2186 2229
f 2143 2197 2247
f 2231 2230 2162
f 2154 2187 2221
f 2289 2199 2156
f 2188 2289 2156
f 2211 2318 2157
f 2203 2182 2204
f 2189 2204 2182
f 2182 2158 2189
f 2191 2329 2169
f 2149 2261 2093
f 2244 2184 2236
f 2176 2236 2184
f 2177 2206 2140
f 2263 2280 2208
f 2265 2151 2087
f 2238 2137 2259
f 2137 2167 2259
f 2232 2259 2167
f 2267 2112 2154
f 2154 2221 2267
f 2198 2216 2240
f 2216 2129 2288
f 2199 2288 2129
f 2188 2156 2210
f 2251 2223 2066
f 2091 2252 2275
f 2130 2241 2276
f 2243 2159 2261
f 2176 2140 2224
f 2179 2245 2178
f 2297 2256 2196
f 2196 2284 2297
f 2226 2227 2264
f 2215 2401 2185
f 2229 2258 2215
f 2197 2166 2248
f 2249 2248 2166
f 2166 2209 2249
f 2298 2209 2152
f 2161 2214 2172
f 2240 2287 2198
f 2289 2302 2199
f 2200 2201 2210
f 2303 2211 2202
f 2158 2217 2189
f 2091 2170 2252
f 2170 2130 2270
f 2276 2270 2130
f 2212 2241 2107
f 2175 2153 2299
f 2153 2230 2299
f 2219 2163 2254
f 2206 2224 2140
f 2179 2180 2150
f 2181 2207 2225
f 2280 2284 2208
f 2248 2247 2197
f 2152 2172 2298
f 2315 2221 2187
f 2301 2085 2327
f 2302 2260 2199
f 2303 2318 2211
f 2268 2202 2203
f 2251 2169 2329
f 2192 2218 2269
f 2234 2212 2193
f 2193 2183 2234
f 2183 2242 2234
f 2194 2213 2235
f 2150 2101 2195
f 2164 2181 2225
f 2215 2258 2266
f 2209 2298 2249
f 2085 2145 2327
f 2288 2240 2216
f 2288 2199 2260
f 2188 2210 2369
f 2204 2268 2203
f 2222 2189 2217
f 2190 2138 2250
f 2233 2250 2138
f 2218 2173 2269
f 2242 2194 2253
f 2271 2306 2383
f 2236 2176 2224
f 2245 2309 2178
f 2164 2399 2220
f 2172 2214 2314
f 2187 2301 2315
f 2329 2191 2358
f 2191 2192 2358
f 2235 2213 2295
f 2213 2271 2295
f 2309 2206 2178
f 2245 2179 2279
f 2256 2225 2207
f 2264 2273 2226
f 2160 2151 2312
f 2237 2257 2228
f 2228 2185 2400
f 2401 2400 2185
f 2281 2232 2267
f 2321 2252 2170
f 2170 2270 2321
f 2299 2230 2342
f 2244 2236 2345
f 2272 2345 2236
f 2224 2255 2236
f 2150 2279 2179
f 2256 2297 2311
f 2246 2160 2341
f 2312 2151 2455
f 2265 2455 2151
f 2354 2258 2229
f 2231 2238 2355
f 2259 2355 2238
f 2145 2239 2373
f 2250 2217 2190
f 2223 2251 2233
f 2269 2358 2192
f 2241 2212 2294
f 2277 2294 2212
f 2234 2277 2212
f 2235 2253 2194
f 2299 2306 2175
f 2243 2261 2282
f 2378 2254 2244
f 2345 2378 2244
f 2224 2206 2339
f 2225 2399 2164
f 2264 2227 2323
f 2340 2323 2227
f 2227 2246 2340
f 2341 2340 2246
f 2333 2237 2228
f 2401 2215 2266
f 2248 2249 2368
f 2286 2298 2172
f 2314 2286 2172
f 2259 2232 2355
f 2301 2327 2335
f 2373 2327 2145
f 2290 2303 2202
f 2202 2268 2290
f 2204 2189 2319
f 2292 2319 2189
f 2217 2250 2222
f 2352 2233 2251
f 2275 2252 2344
f 2242 2277 2234
f 2253 2235 2360
f 2296 2314 2214
f 2261 2149 2278
f 2308 2278 2149
f 2308 2205 2338
f 2236 2255 2272
f 2150 2195 2310
f 2273 2264 2353
f 2237 2265 2257
f 2228 2400 2333
f 2229 2247 2334
f 2285 2334 2247
f 2247 2248 2285
f 2230 2231 2342
f 2324 2355 2232
f 2325 2324 2232
f 2326 2267 2221
f 2239 2274 2350
f 2288 2260 2328
f 2189 2222 2292
f 2329 2352 2251
f 2173 2320 2330
f 2235 2295 2336
f 2243 2296 2214
f 2219 2254 2410
f 2279 2438 2245
f 2399 2332 2220
f 2311 2346 2256
f 2415 2280 2263
f 2248 2368 2285
f 2300 2342 2231
f 2355 2300 2231
f 2267 2326 2281
f 2201 2369 2210
f 2268 2204 2291
f 2269 2173 2330
f 2293 2276 2241
f 2294 2293 2241
f 2253 2277 2242
f 2282 2296 2243
f 2384 2338 2262
f 2262 2219 2384
f 2225 2256 2346
f 2297 2284 2283
f 2274 2287 2350
f 2318 2317 2201
f 2291 2290 2268
f 2252 2321 2344
f 2305 2270 2276
f 2293 2305 2276
f 2363 2295 2271
f 2378 2331 2254
f 2264 2323 2366
f 2312 2341 2160
f 2258 2459 2266
f 2334 2354 2229
f 2249 2298 2388
f 2302 2289 2442
f 2222 2250 2371
f 2321 2270 2359
f 2305 2359 2270
f 2336 2360 2235
f 2282 2261 2307
f 2206 2309 2380
f 2309 2245 2438
f 2195 2220 2310
f 2332 2310 2220
f 2284 2280 2283
f 2263 2273 2415
f 2273 2353 2415
f 2264 2366 2353
f 2265 2237 2313
f 2354 2459 2258
f 2298 2286 2348
f 2397 2348 2286
f 2286 2314 2397
f 2232 2281 2325
f 2315 2326 2221
f 2316 2350 2287
f 2287 2240 2316
f 2351 2240 2288
f 2288 2328 2351
f 2343 2442 2289
f 2304 2292 2222
f 2371 2304 2222
f 2250 2233 2357
f 2322 2293 2294
f 2277 2322 2294
f 2306 2299 2417
f 2255 2224 2364
f 2339 2206 2398
f 2438 2279 2385
f 2280 2415 2283
f 2388 2298 2348
f 2315 2301 2372
f 2335 2372 2301
f 2260 2302 2442
f 2304 2371 2374
f 2277 2253 2389
f 2360 2389 2253
f 2383 2363 2271
f 2417 2383 2306
f 2410 2384 2219
f 2410 2254 2331
f 2380 2398 2206
f 2150 2365 2279
f 2414 2346 2311
f 2297 2414 2311
f 2265 2313 2455
f 2334 2285 2347
f 2349 2417 2299
f 2342 2349 2299
f 2289 2188 2343
f 2317 2318 2433
f 2405 2357 2233
f 2233 2352 2405
f 9711 2344 2321
f 2322 2277 2389
f 2295 2363 2362
f 2278 2337 2261
f 2379 2345 2272
f 2272 2255 2379
f 2339 2364 2224
f 2399 2225 2391
f 2459 2401 2266
f 2347 2402 2334
f 2285 2368 2347
f 2404 2325 2281
f 2370 2319 2292
f 2352 2329 2436
f 2448 2269 2330
f 2320 2275 2406
f 2344 2406 2275
f 2336 2295 2361
f 2337 2307 2261
f 2225 2346 2454
f 2387 2283 2415
f 2400 2505 2333
f 2354 2334 2402
f 2457 2327 2373
f 2328 2260 2430
f 2442 2430 2260
f 2201 2317 2431
f 2292 2304 2370
f 2436 2329 2471
f 2329 2358 2471
f 2360 2336 2361
f 2362 2361 2295
f 2409 2308 2338
f 2338 2384 2409
f 2364 2339 2398
f 2438 2380 2309
f 2365 2385 2279
f 2283 2414 2297
f 2353 2439 2415
f 2340 2488 2323
f 2249 2388 2368
f 2296 2397 2314
f 2349 2342 2403
f 2457 2335 2327
f 2343 2188 2356
f 2431 2317 2432
f 2433 2432 2317
f 2357 2381 2250
f 2330 2320 2448
f 2406 2344 2443
f 2344 9711 2443
f 2445 2359 2305
f 2296 2282 2377
f 2411 2378 2345
f 2379 2411 2345
f 2364 2452 2255
f 2150 2310 2386
f 2414 2283 2426
f 2340 2341 2367
f 2300 2403 2342
f 2404 2324 2325
f 2356 2188 2369
f 2369 2201 2431
f 2470 2434 2290
f 2290 2291 2470
f 2319 2291 2204
f 2374 2370 2304
f 2381 2371 2250
f 2381 2357 2375
f 2305 2293 2445
f 2382 2445 2293
f 2293 2322 2382
f 2424 2296 2377
f 2408 2278 2308
f 2386 2365 2150
f 2391 2487 2399
f 2454 2391 2225
f 2454 2346 2414
f 2488 2366 2323
f 2367 2341 2474
f 2341 2312 2474
f 2455 2474 2312
f 2468 2313 2237
f 2237 2333 2468
f 2505 2468 2333
f 2388 2428 2368
f 2315 2372 2573
f 2239 2350 2421
f 2350 2316 2393
f 2442 2343 2394
f 2462 2394 2343
f 2434 2303 2290
f 2405 2375 2357
f 2359 2445 2422
f 2389 2360 2361
f 2390 2376 2362
f 2407 2362 2363
f 2383 2407 2363
f 2397 2296 2424
f 2308 2409 2408
f 2387 2426 2283
f 2353 2366 2439
f 2402 2392 2354
f 2347 2368 2440
f 2388 2348 2428
f 2423 2428 2348
f 2417 2349 2456
f 2315 2573 2420
f 2421 2373 2239
f 2350 2393 2421
f 2446 2316 2240
f 2240 2351 2446
f 2356 2369 2431
f 2303 2433 2318
f 2381 2396 2371
f 2405 2352 2436
f 2376 2361 2362
f 2282 2307 2377
f 2379 2255 2452
f 2380 2425 2398
f 2392 2459 2354
f 2348 2397 2423
f 2419 2281 2326
f 2356 2462 2343
f 2396 2395 2374
f 2374 2371 2396
f 2322 2389 2522
f 2407 2390 2362
f 2450 2331 2378
f 2378 2411 2450
f 2452 2364 2453
f 2444 2425 2380
f 2413 2454 2414
f 2456 2349 2551
f 2300 2355 2418
f 2355 2324 2418
f 2420 2326 2315
f 2481 2573 2372
f 2372 2335 2481
f 2416 2522 2389
f 2389 2361 2416
f 2376 2416 2361
f 2417 2407 2383
f 2307 2337 2449
f 2364 2398 2486
f 2380 2438 2444
f 2438 2385 2502
f 2412 2502 2385
f 2488 2340 2367
f 2313 2494 2455
f 2459 2427 2401
f 2368 2428 2440
f 2403 2551 2349
f 2418 2429 2300
f 2419 2404 2281
f 2351 2328 2490
f 2430 2490 2328
f 2470 2291 2319
f 2395 2370 2374
f 2358 2269 2471
f 2376 2390 2441
f 2397 2424 2460
f 2377 2307 2449
f 2453 2364 2486
f 2365 2560 2385
f 2487 2391 2466
f 2454 2466 2391
f 2421 2457 2373
f 2574 2393 2316
f 2434 2433 2303
f 2375 2405 2447
f 2269 2448 2471
f 2522 2382 2322
f 2423 2397 2460
f 2492 2449 2337
f 2337 2278 2492
f 2410 2331 2501
f 2451 2411 2379
f 2425 2486 2398
f 2529 2438 2502
f 2412 2385 2560
f 2386 2310 2465
f 2332 2465 2310
f 2476 2505 2400
f 2402 2347 2489
f 2300 2541 2403
f 2495 2418 2324
f 2404 2495 2324
f 2335 2457 2481
f 2316 2446 2574
f 2442 2394 2496
f 2370 2395 2483
f 2381 2435 2396
f 2447 2405 2517
f 2436 2517 2405
f 2320 2406 2437
f 2458 2437 2406
f 2443 2458 2406
f 2445 2484 2422
f 2416 2376 2478
f 2441 2478 2376
f 2441 2390 2499
f 2390 2407 2499
f 2407 2417 2480
f 2408 2492 2278
f 2409 2558 2408
f 2409 2384 2485
f 2384 2410 2485
f 2452 2451 2379
f 2452 2453 2464
f 2413 2414 2562
f 2467 2426 2387
f 2493 2387 2415
f 2439 2493 2415
f 2521 2392 2402
f 2478 2461 2416
f 2429 2541 2300
f 2514 2421 2393
f 2490 2430 2482
f 2496 2394 2462
f 2395 2396 2435
f 2473 2377 2449
f 2386 2510 2365
f 2387 2493 2467
f 2313 2468 2504
f 2400 2401 2476
f 2427 2476 2401
f 2440 2489 2347
f 2428 2423 2477
f 2441 2499 2479
f 2490 2446 2351
f 2430 2442 2482
f 2460 2424 2463
f 2579 2473 2449
f 2501 2485 2410
f 2529 2444 2438
f 2465 2510 2386
f 2520 2562 2414
f 2414 2426 2520
f 2439 2366 2515
f 2366 2488 2515
f 2428 2506 2440
f 2420 2419 2326
f 2574 2514 2393
f 2496 2482 2442
f 2462 2356 2614
f 2470 2319 2507
f 2435 2483 2395
f 2560 2365 2510
f 2515 2503 2439
f 2468 2505 2512
f 2427 2459 2570
f 2489 2521 2402
f 2489 2440 2506
f 2484 2445 2469
f 2445 2382 2469
f 2382 2522 2469
f 2461 2522 2416
f 2480 2417 2456
f 2525 2541 2429
f 2404 2530 2495
f 2421 2514 2516
f 2614 2531 2462
f 2319 2370 2507
f 2370 2483 2507
f 2435 2381 2532
f 2375 2532 2381
f 2528 2448 2320
f 2437 2528 2320
f 2449 2492 2579
f 2509 2501 2331
f 2503 2493 2439
f 2504 2494 2313
f 2500 2499 2407
f 2407 2480 2500
f 2404 2419 2542
f 2481 2457 2513
f 2555 2457 2421
f 2421 2516 2555
f 2434 2526 2433
f 2508 2458 2443
f 2508 2443 9710
f 2463 2536 2460
f 2558 2492 2408
f 2409 2485 2596
f 2331 2450 2509
f 2486 2425 2597
f 2537 2597 2425
f 2465 2332 2511
f 2426 2467 2520
f 2474 2455 2475
f 2423 2460 2557
f 2536 2557 2460
f 2479 2491 2478
f 2478 2441 2479
f 2600 2479 2499
f 2541 2551 2403
f 2418 2525 2429
f 2572 2542 2419
f 2419 2420 2572
f 2447 2498 2375
f 2517 2436 2518
f 2436 2471 2518
f 2528 2471 2448
f 2451 2450 2411
f 2451 2452 2580
f 2452 2464 2580
f 2425 2444 2537
f 2560 2559 2412
f 2332 2399 2511
f 2413 2562 2553
f 2494 2475 2455
f 2613 2504 2468
f 2506 2428 2477
f 2404 2542 2530
f 2457 2543 2513
f 2457 2555 2543
f 2433 2545 2432
f 2483 2435 2497
f 2458 2533 2437
f 2464 2453 2581
f 2620 2529 2502
f 2559 2502 2412
f 2487 2511 2399
f 2553 2454 2413
f 2367 2564 2488
f 2459 2392 2578
f 2521 2578 2392
f 2489 2534 2521
f 2557 2477 2423
f 2491 2548 2478
f 2495 2525 2418
f 2573 2481 2513
f 2490 2482 2584
f 2531 2496 2462
f 2431 2432 2544
f 2526 2545 2433
f 2434 2470 2546
f 2497 2507 2483
f 2532 2375 2498
f 2453 2486 2597
f 2589 2493 2503
f 2564 2515 2488
f 2512 2613 2468
f 2505 2476 2554
f 2578 2570 2459
f 2590 2446 2490
f 2356 2431 2544
f 2526 2434 2605
f 2507 2497 2527
f 2498 2447 2517
f 2522 2461 2523
f 2461 2478 2548
f 2499 2500 2576
f 2577 2480 2456
f 2537 2444 2538
f 2444 2529 2538
f 2553 2466 2454
f 2474 2475 2612
f 2570 2540 2427
f 2535 2506 2477
f 2584 2590 2490
f 2458 2508 2607
f 2548 2523 2461
f 2491 2479 2549
f 2576 2600 2499
f 2551 2577 2456
f 2587 2596 2485
f 2485 2501 2587
f 2502 2559 2620
f 2465 2539 2510
f 2511 2582 2465
f 2511 2487 2672
f 2466 2672 2487
f 2467 2493 2589
f 2554 2512 2505
f 2476 2427 2540
f 2547 2519 2472
f 2472 2469 2547
f 2469 2522 2547
f 2549 2479 2600
f 2480 2577 2550
f 2551 2541 2571
f 2525 2567 2541
f 2446 2556 2574
f 2585 2496 2604
f 2496 2531 2604
f 2614 2356 2544
f 2434 2546 2605
f 2568 2546 2470
f 2470 2507 2568
f 2592 2568 2507
f 2497 2435 2622
f 2471 2528 2518
f 2596 2558 2409
f 2552 2581 2453
f 2582 2539 2465
f 2367 2474 2699
f 2612 2699 2474
f 2512 2554 2613
f 2540 2554 2476
f 2495 2530 2665
f 2420 2573 2572
f 2622 2527 2497
f 2532 2622 2435
f 2533 2528 2437
f 2607 2533 2458
f 2579 2492 2632
f 2515 2598 2503
f 2564 2661 2515
f 2521 2534 2578
f 2536 2623 2557
f 9591 2536 2463
f 2524 2576 2500
f 2500 2480 2524
f 2446 2590 2556
f 2507 2527 2592
f 2532 2498 2617
f 2498 2517 2617
f 2575 2617 2517
f 9707 2472 2519
f 2509 2588 2501
f 2597 2552 2453
f 2560 2510 2539
f 2672 2466 2561
f 2553 2561 2466
f 2598 2589 2503
f 2661 2598 2515
f 2570 2569 2540
f 2489 2506 2619
f 2557 2535 2477
f 2565 2547 2522
f 2522 2523 2565
f 2662 2548 2491
f 2628 2567 2525
f 2525 2495 2628
f 2590 2584 2646
f 2591 2584 2482
f 2482 2496 2591
f 2585 2591 2496
f 2544 2432 2545
f 2632 2492 2558
f 2641 2450 2451
f 2464 2581 2580
f 2535 2619 2506
f 2549 2662 2491
f 2480 2550 2524
f 2594 2550 2577
f 2602 2572 2573
f 2574 2516 2514
f 2533 2618 2528
f 2473 2579 2609
f 2580 2641 2451
f 2597 2537 2690
f 2529 2652 2538
f 2562 2520 2583
f 2569 2570 2626
f 2567 2571 2541
f 2705 2530 2542
f 2542 2572 2683
f 2602 2573 2513
f 2614 2604 2531
f 2545 2526 2616
f 2605 2616 2526
f 2518 2575 2517
f 2565 2523 2648
f 2548 2648 2523
f 2566 2524 2550
f 2577 2551 2595
f 2580 2581 2633
f 2529 2620 2652
f 2553 2562 2610
f 2589 2563 2467
f 2635 2598 2661
f 2475 2494 2625
f 2700 2613 2554
f 2540 2569 2554
f 2683 2705 2542
f 2555 2516 2629
f 2586 2605 2546
f 2622 2606 2527
f 2593 2622 2532
f 2518 2639 2575
f 2528 2639 2518
f 2547 2599 2519
f 2549 2600 2663
f 2594 2566 2550
f 2619 2534 2489
f 2641 2509 2450
f 2537 2538 2651
f 2583 2610 2562
f 2520 2467 2583
f 2467 2563 2583
f 2565 2599 2547
f 2571 2595 2551
f 2571 2567 2601
f 2543 2555 2603
f 2555 2629 2603
f 2604 2614 2647
f 2544 2545 2615
f 2616 2615 2545
f 2546 2568 2586
f 2592 2527 2606
f 2533 2607 2631
f 2536 9591 2608
f 2588 2587 2501
f 2580 2633 2624
f 2552 2633 2581
f 2494 2504 2625
f 2570 2578 2644
f 2623 2535 2557
f 2574 2556 2637
f 2614 2544 2615
f 2548 2662 2657
f 2600 2576 2649
f 2601 2595 2571
f 2623 2536 2650
f 2651 2690 2537
f 2559 2560 2634
f 2560 2539 2634
f 2553 2673 2561
f 2589 2611 2563
f 2598 2611 2589
f 2747 2661 2564
f 2367 2747 2564
f 2636 2625 2504
f 2730 2683 2572
f 9708 2519 2627
f 2599 2627 2519
f 2663 2677 2549
f 2524 2649 2576
f 2594 2577 2640
f 2632 2709 2579
f 2710 2687 2587
f 2587 2588 2710
f 2652 2651 2538
f 2652 2620 2671
f 2672 2561 2673
f 2504 2613 2636
f 2644 2626 2570
f 2665 2628 2495
f 2602 2730 2572
f 2684 2556 2590
f 2590 2646 2684
f 2585 2604 2638
f 2667 2617 2575
f 2639 2667 2575
f 2640 2566 2594
f 2595 2640 2577
f 2619 2535 2675
f 2650 2536 2658
f 2608 2658 2536
f 2609 2579 2709
f 2596 2587 2687
f 2552 2597 2670
f 2672 2582 2511
f 2553 2610 2642
f 2635 2611 2598
f 2554 2569 2653
f 2657 2648 2548
f 2662 2549 2677
f 2663 2600 2713
f 2649 2713 2600
f 2516 2574 2629
f 2574 2637 2629
f 2616 2605 2666
f 2568 2592 2586
f 2593 2617 2685
f 9709 2631 2607
f 2675 2535 2623
f 2632 2558 2698
f 2558 2596 2698
f 2624 2641 2580
f 2633 2552 2670
f 2652 2671 2712
f 2621 2642 2610
f 2610 2583 2621
f 2643 2563 2611
f 2699 2747 2367
f 2700 2636 2613
f 2601 2567 2654
f 2567 2628 2654
f 2774 2602 2513
f 2603 2513 2543
f 2584 2591 2646
f 2585 2731 2591
f 2615 2647 2614
f 2592 2606 2695
f 2667 2630 2617
f 2639 2528 2618
f 2644 2578 2682
f 2578 2534 2682
f 2509 2641 2659
f 2620 2559 2671
f 2768 2671 2559
f 2539 2582 2660
f 2673 2553 2642
f 2643 2611 2635
f 2627 2668 9708
f 2599 2565 2676
f 2649 2524 2664
f 2530 2705 2749
f 2513 2603 2774
f 2586 2666 2605
f 2696 2606 2622
f 2593 2696 2622
f 2685 2617 2630
f 2733 2618 2533
f 2533 2631 2733
f 2709 2608 2609
f 2641 2624 2688
f 2670 2597 2690
f 2583 2563 2680
f 2700 2554 2653
f 2653 2569 2701
f 2627 2599 2656
f 2676 2656 2599
f 2524 2566 2664
f 2691 2566 2640
f 2628 2665 2704
f 2749 2665 2530
f 2655 2603 2629
f 2679 2631 9709
f 2588 2509 2717
f 2509 2659 2717
f 2634 2768 2559
f 2634 2539 2660
f 2720 2680 2563
f 2563 2643 2720
f 2720 2643 2635
f 2612 2475 2721
f 2625 2721 2475
f 2569 2626 2701
f 2637 2655 2629
f 2645 2637 2556
f 2592 2695 2586
f 2668 2679 9708
f 2656 2668 2627
f 2565 2648 2676
f 2722 2664 2566
f 2534 2619 2674
f 2650 2658 2727
f 2717 2710 2588
f 2688 2659 2641
f 2689 2688 2624
f 2624 2633 2760
f 2673 2642 2746
f 2583 2680 2719
f 2625 2636 2773
f 2654 2628 2704
f 2645 2556 2684
f 2647 2615 2706
f 2615 2616 2678
f 2657 2676 2648
f 2682 2534 2674
f 2687 2698 2596
f 2624 2760 2689
f 2821 2760 2633
f 2670 2669 2633
f 2729 2690 2651
f 2651 2652 2729
f 2652 2712 2711
f 2642 2621 2746
f 2661 2681 2635
f 2701 2801 2653
f 2626 2644 2762
f 2682 2762 2644
f 2750 2602 2774
f 2666 2707 2616
f 2696 2695 2606
f 2697 2732 2667
f 2667 2639 2697
f 2639 2618 2697
f 2595 2702 2640
f 2601 2703 2595
f 2675 2623 2650
f 2673 2739 2672
f 2681 2720 2635
f 2636 2700 2692
f 2694 2676 2657
f 2662 2694 2657
f 2703 2714 2595
f 2774 2603 2771
f 2603 2763 2771
f 2775 2655 2637
f 2637 2645 2775
f 2591 2731 2646
f 2752 2604 2647
f 2706 2725 2647
f 2678 2706 2615
f 2668 2656 2755
f 2718 2669 2670
f 2711 2729 2652
f 2582 2738 2660
f 2582 2672 2761
f 2719 2823 2583
f 2773 2721 2625
f 2674 2619 2726
f 2675 2726 2619
f 2566 2691 2722
f 2691 2640 2781
f 2781 2640 2702
f 2702 2595 2714
f 2749 2705 2770
f 2603 2655 2763
f 2638 2731 2585
f 2638 2604 2765
f 2604 2752 2765
f 2586 2742 2666
f 2695 2802 2586
f 2679 2668 2686
f 2708 2675 2650
f 2650 2727 2708
f 2717 2659 2688
f 2669 2821 2633
f 2761 2738 2582
f 2746 2739 2673
f 2823 2621 2583
f 2747 2681 2661
f 2654 2703 2601
f 2741 2705 2683
f 2715 2741 2683
f 2707 2796 2616
f 2593 2685 2716
f 2630 2667 2810
f 2618 2733 2753
f 2631 2679 2734
f 2791 2658 2608
f 2709 2632 2798
f 2728 2718 2670
f 2670 2690 2728
f 2773 2636 2692
f 2744 2677 2663
f 2713 2744 2663
f 2683 2730 2715
f 2750 2730 2602
f 2645 2684 2772
f 2647 2725 2752
f 2678 2616 2796
f 2666 2742 2776
f 2732 2810 2667
f 2679 2686 2734
f 2668 2755 2686
f 2799 2698 2687
f 2710 2717 2759
f 2660 2784 2634
f 2699 2612 2911
f 2721 2911 2612
f 2736 2682 2674
f 2755 2656 2756
f 2656 2693 2756
f 2735 9590 2676
f 2676 2694 2735
f 2694 2662 2926
f 2743 2926 2662
f 2662 2677 2743
f 2677 2744 2743
f 2713 2649 2780
f 2664 2780 2649
f 2722 2691 2767
f 2704 2665 2740
f 2705 2741 2723
f 2742 2586 2802
f 2716 2696 2593
f 2727 2658 2758
f 2737 2759 2717
f 2729 2728 2690
f 2712 2671 2794
f 2818 2780 2664
f 2757 2767 2691
f 2703 2654 2782
f 2705 2723 2770
f 2724 2715 2730
f 2638 2765 2809
f 2776 2707 2666
f 2753 2697 2618
f 2698 2798 2632
f 2745 2717 2688
f 2794 2711 2712
f 2784 2660 2785
f 2739 2832 2672
f 2762 2682 2736
f 2807 2740 2665
f 2665 2749 2807
f 2646 2731 2815
f 2731 2638 2764
f 2788 2685 2630
f 2810 2788 2630
f 2753 2733 2899
f 2734 2733 2631
f 2675 2708 2726
f 2745 2737 2717
f 2875 2671 2768
f 2768 2634 2784
f 2832 2761 2672
f 2800 2692 2813
f 2748 2813 2692
f 2692 2700 2748
f 2700 2653 2748
f 2801 2748 2653
f 2626 2801 2701
f 2755 2754 2686
f 2735 2693 9590
f 2735 2694 9580
f 2704 2834 2654
f 2751 2772 2684
f 2684 2646 2751
f 2815 2751 2646
f 2809 2764 2638
f 2674 2726 2833
f 2726 2708 2833
f 2804 2833 2708
f 2758 2843 2727
f 2658 2791 2758
f 2792 2608 2709
f 2825 2681 2747
f 2773 2692 2800
f 2750 2724 2730
f 2734 2686 2754
f 2756 2693 2779
f 2766 2743 2744
f 2664 2722 2818
f 2852 2818 2722
f 2722 2767 2852
f 2714 2881 2702
f 2843 2804 2708
f 2708 2727 2843
f 2846 2687 2710
f 2710 2759 2846
f 2660 2738 2785
f 2823 2746 2621
f 2720 2681 2769
f 2654 2834 2782
f 2772 2775 2645
f 2716 2685 2788
f 2732 2697 2777
f 2753 2777 2697
f 9580 2694 2803
f 2744 2713 2790
f 2703 2881 2714
f 2736 2674 2783
f 2792 2791 2608
f 2689 2886 2688
f 2728 2729 2831
f 2729 2711 2831
f 2784 2785 2876
f 2822 2746 2823
f 2769 2805 2720
f 2747 2699 2842
f 2786 2842 2699
f 2911 2786 2699
f 2704 2740 2834
f 2859 2807 2749
f 2749 2770 2859
f 2723 2741 2913
f 2750 2774 2844
f 2775 2808 2655
f 2765 2752 2862
f 2696 2716 2787
f 2754 2755 2892
f 2756 2892 2755
f 2780 2790 2713
f 2819 2852 2767
f 2691 2781 2757
f 2833 2783 2674
f 2798 2698 2793
f 2846 2799 2687
f 2689 2760 2873
f 2821 2873 2760
f 2785 2738 2877
f 2680 2720 2805
f 2825 2769 2681
f 2814 2801 2626
f 2762 2814 2626
f 2763 2655 2845
f 2862 2809 2765
f 2678 2725 2706
f 2810 2732 2908
f 2893 2819 2767
f 2757 2893 2767
f 2793 2883 2798
f 2886 2745 2688
f 2821 2669 2865
f 2831 2718 2728
f 2671 2875 2841
f 2823 2719 2812
f 2719 2680 2812
f 2844 2724 2750
f 2867 2774 2771
f 2867 2771 2763
f 2775 2772 2827
f 2879 2815 2731
f 2764 2879 2731
f 2862 2752 2916
f 2725 2678 2816
f 2695 2835 2802
f 2696 2835 2695
f 2777 2836 2732
f 2733 2734 2899
f 2756 2779 2778
f 2926 2817 2694
f 2926 2743 2838
f 2820 2843 2758
f 2711 2794 2847
f 2794 2671 2841
f 2738 2761 2902
f 2832 2903 2761
f 2795 2832 2739
f 2739 2746 2795
f 2848 2812 2680
f 2769 2825 2948
f 2842 2825 2747
f 2721 2773 2806
f 2860 2844 2774
f 2845 2867 2763
f 2835 2696 2828
f 2797 2787 2716
f 2788 2797 2716
f 2836 2908 2732
f 2803 2694 2817
f 2799 2793 2698
f 2759 2737 2846
f 2768 2784 2921
f 2876 2785 3023
f 2877 3023 2785
f 2902 2877 2738
f 2806 2911 2721
f 2813 2957 2800
f 2826 2850 2762
f 2762 2736 2826
f 2774 2867 2860
f 2827 2772 2868
f 2751 2868 2772
f 2678 2796 2863
f 2734 2789 2899
f 2781 2702 2880
f 2881 2880 2702
f 2873 2864 2689
f 2840 2669 2718
f 2847 2831 2711
f 2901 2847 2794
f 2875 2768 2921
f 2876 2921 2784
f 2795 2746 2822
f 2680 2805 2848
f 2824 2805 2769
f 2813 2748 2855
f 2850 2856 2762
f 2913 2770 2723
f 2808 2845 2655
f 2827 2808 2775
f 2751 2815 2868
f 2879 2764 2890
f 2809 2890 2764
f 2707 2863 2796
f 2742 2802 2776
f 2899 2777 2753
f 2811 2789 2754
f 2778 2892 2756
f 2837 2779 9580
f 2743 2766 2838
f 2791 2820 2758
f 2791 2792 2872
f 2709 2798 2883
f 2864 2886 2689
f 2865 2669 2840
f 2825 2842 2878
f 2748 2801 2855
f 2801 2849 2855
f 2801 2814 2849
f 2783 2826 2736
f 2890 2809 2907
f 2725 2891 2752
f 2678 2863 2816
f 2776 2863 2707
f 2787 2828 2696
f 2857 2766 2744
f 2790 2857 2744
f 2790 2780 2935
f 2757 2781 2839
f 2881 2703 2830
f 2782 2830 2703
f 2820 2791 2872
f 2709 2882 2792
f 2884 2883 2793
f 2831 2840 2718
f 2841 2901 2794
f 2931 2805 2824
f 2800 2806 2773
f 2814 2762 2856
f 2834 2858 2782
f 2907 2809 2862
f 2917 2891 2725
f 2816 2917 2725
f 2788 2810 2953
f 2908 2953 2810
f 9755 2899 2789
f 2829 9755 2789
f 2789 2811 2829
f 2892 2811 2754
f 2778 2779 2851
f 2871 2837 9580
f 9580 2803 2871
f 2853 2893 2757
f 2880 2839 2781
f 2783 2833 2896
f 2833 2804 2964
f 2843 2964 2804
f 2900 2793 2799
f 2856 2849 2814
f 2752 2891 2916
f 2835 2979 2802
f 2892 2778 2851
f 2803 2817 2871
f 2926 2871 2817
f 2780 2818 2909
f 2818 2852 2909
f 2895 2783 2896
f 2873 2821 2938
f 2903 2902 2761
f 2823 2812 2887
f 2878 2948 2825
f 2878 2842 2854
f 2826 2783 2895
f 2740 2912 2834
f 2951 2859 2770
f 2770 2913 2951
f 2827 2868 2889
f 2776 2802 2962
f 2802 2979 2962
f 2883 2882 2709
f 2874 2847 2901
f 2866 2901 2841
f 2887 2822 2823
f 2812 2848 2894
f 2948 2824 2769
f 2905 2957 2813
f 2855 2905 2813
f 2896 2833 2964
f 2912 2858 2834
f 2898 2815 2879
f 2777 2899 2945
f 2811 2924 2829
f 2779 2837 2870
f 2935 2780 2909
f 2920 2737 2745
f 2864 2873 2928
f 2865 2938 2821
f 2875 2866 2841
f 2903 2832 2904
f 2832 2974 2904
f 2812 2894 2887
f 2805 2931 2848
f 2786 2854 2842
f 2888 2806 2800
f 2892 2924 2811
f 2927 2830 2782
f 2858 2927 2782
f 2941 2741 2715
f 2861 2867 2845
f 2952 2845 2808
f 2934 2917 2816
f 2863 2934 2816
f 2777 2919 2836
f 2900 2884 2793
f 2846 2737 2972
f 2831 2847 2874
f 2800 2957 2888
f 2933 2964 2843
f 2914 2724 2844
f 2860 2914 2844
f 2868 2815 2915
f 2898 2915 2815
f 2863 2776 2869
f 2962 2869 2776
f 2835 2828 2979
f 2874 2840 2831
f 2910 2894 2848
f 2855 2849 2949
f 2964 2963 2896
f 2820 2933 2843
f 2851 2779 2870
f 2870 2837 2925
f 2925 2837 2871
f 2766 2857 2969
f 2909 2852 2819
f 2906 2807 2859
f 2859 2951 2906
f 2860 2867 2943
f 2919 2908 2836
f 2885 2900 2799
f 2799 2846 2885
f 2745 2886 3074
f 2937 2886 2864
f 2929 2865 3002
f 2865 2840 3002
f 2956 2931 2824
f 2855 2949 2905
f 2856 2949 2849
f 2895 3009 2826
f 2807 2912 2740
f 2913 2741 3100
f 2715 2724 2941
f 2918 2828 2787
f 2953 2797 2788
f 2777 2945 2919
f 2839 2853 2757
f 2936 2933 2820
f 2872 2936 2820
f 2872 2792 2965
f 2882 2965 2792
f 3034 2885 2846
f 2920 2972 2737
f 2920 2745 3074
f 2938 2928 2873
f 2921 3004 2875
f 2904 2973 2903
f 2974 2832 2975
f 2795 2975 2832
f 2795 2822 2939
f 2887 2993 2822
f 2848 2931 2910
f 2932 2911 2806
f 2806 2888 2932
f 2850 2826 3009
f 2858 2912 2897
f 2944 2861 2845
f 2808 2827 2952
f 2869 2934 2863
f 2892 2851 2998
f 2969 2838 2766
f 3022 2839 2880
f 2927 2858 3064
f 2965 2882 3092
f 2846 2972 3034
f 2901 2866 2930
f 2887 2894 2947
f 2941 3100 2741
f 2724 2914 2960
f 2861 2943 2867
f 2862 2916 3010
f 2967 3031 2891
f 2891 2917 2967
f 2787 2797 2918
f 2899 9755 3045
f 2819 2893 2989
f 2853 2989 2893
f 2880 2881 3000
f 2881 2830 2959
f 2965 2936 2872
f 2928 2938 3057
f 2840 2874 3003
f 2903 2973 2902
f 2894 2910 2947
f 2923 2888 2957
f 2912 2807 2985
f 2860 2943 2914
f 2890 2898 2879
f 2907 2862 3010
f 3010 2916 2987
f 2916 2891 3031
f 3045 2945 2899
f 2926 2838 2950
f 2959 3000 2881
f 2959 2830 2927
f 2895 2896 2963
f 2928 2937 2864
f 2929 2938 2865
f 2874 2901 2930
f 2866 2875 3048
f 2877 2902 2922
f 2973 2922 2902
f 2958 2905 2949
f 2856 2850 2940
f 2897 3064 2858
f 2861 2944 3138
f 2917 2934 2978
f 2980 2908 2919
f 3081 9754 2924
f 2870 2925 3046
f 2969 2950 2838
f 2857 2790 3063
f 2895 2963 3040
f 2930 2991 2874
f 2875 3004 3048
f 2922 3023 2877
f 2939 2975 2795
f 2993 2939 2822
f 2955 2993 2887
f 2948 2956 2824
f 2940 2949 2856
f 2960 2941 2724
f 2943 2942 2914
f 3051 2952 2827
f 2827 2889 3051
f 2898 2890 3019
f 2987 2916 3087
f 3031 3087 2916
f 2918 3052 2828
f 2945 3045 3114
f 2851 2870 2968
f 3092 2882 3001
f 2883 3001 2882
f 2885 2884 2900
f 2982 2972 2920
f 2920 3074 2982
f 3003 3002 2840
f 2921 2876 3005
f 3023 3005 2876
f 2973 2904 2974
f 2887 2947 2955
f 3076 2932 2888
f 2942 2960 2914
f 2978 2967 2917
f 3039 2953 2908
f 2871 2981 2925
f 3054 2989 2853
f 2853 2839 2946
f 2970 2959 2927
f 2884 3001 2883
f 3074 2886 3012
f 2886 2937 3012
f 3057 3117 2928
f 2984 2947 2910
f 2854 2994 2878
f 2786 3068 2854
f 2786 2911 3025
f 2932 3025 2911
f 3037 3076 2888
f 2888 2923 3037
f 2957 2905 2976
f 2906 2951 2986
f 3099 2951 2913
f 2913 3100 3099
f 2943 2861 3029
f 2961 2944 2845
f 2845 2952 2961
f 2907 3010 3070
f 2797 2953 3020
f 9754 3081 2988
f 2924 2892 2998
f 2926 2981 2871
f 2819 2989 2999
f 2933 2936 3041
f 2937 2928 3066
f 3117 3066 2928
f 3003 2874 2991
f 2992 2930 2866
f 2866 3048 2992
f 2939 2993 2954
f 2948 2878 3042
f 2994 3042 2878
f 3068 2994 2854
f 2958 2949 3026
f 2940 3026 2949
f 3009 2895 3040
f 2897 3027 3064
f 2807 2906 2985
f 3029 3017 2943
f 2890 2907 3030
f 3052 2979 2828
f 3060 3052 2918
f 2997 2918 2797
f 3020 2997 2797
f 2919 2945 2980
f 3114 2980 2945
f 2968 2998 2851
f 2981 2926 2950
f 2857 3103 2969
f 3063 2790 3011
f 2935 3011 2790
f 2935 2909 3011
f 2999 3011 2909
f 2909 2819 2999
f 2946 3054 2853
f 2971 2964 2933
f 3005 2966 2921
f 2954 2975 2939
f 2984 2955 2947
f 2931 2956 3014
f 3008 3085 2948
f 3042 3008 2948
f 2958 2976 2905
f 3046 2968 2870
f 2951 3099 2986
f 2941 3059 3100
f 3017 2942 2943
f 3138 3029 2861
f 2889 2868 3038
f 2915 3038 2868
f 2869 2978 2934
f 2953 3039 3020
f 2908 2980 3101
f 2964 2971 2963
f 2929 3067 2938
f 3004 2921 2966
f 2922 3006 3023
f 3085 3014 2956
f 2956 2948 3085
f 2976 2923 2957
f 3015 2976 2958
f 2940 2850 3009
f 3053 3081 2924
f 2924 2998 3053
f 2925 2981 3046
f 3022 2880 3000
f 3038 3051 2889
f 2915 2898 3018
f 2898 3019 3018
f 2967 2978 3044
f 2997 3060 2918
f 3039 2908 3101
f 2988 3045 9754
f 3040 2963 3089
f 2971 3089 2963
f 2936 2965 3033
f 3067 3057 2938
f 3067 2929 3075
f 3002 3075 2929
f 2930 2992 2983
f 3007 2984 2910
f 2931 3014 3007
f 3016 2985 2906
f 2906 2986 3016
f 2996 2962 2979
f 2959 2970 3047
f 3035 3034 2972
f 3065 3035 2972
f 2972 2982 3065
f 3066 3012 2937
f 2983 2991 2930
f 2993 2955 3013
f 2910 2931 3007
f 2923 2976 3037
f 3030 3019 2890
f 3030 2907 3070
f 2967 2977 3031
f 2977 2967 3044
f 2869 2962 2996
f 2998 2968 3115
f 2946 2839 3088
f 3047 3000 2959
f 3064 2970 2927
f 2971 2933 3041
f 2884 2885 2990
f 2990 2885 3034
f 2973 3006 2922
f 2975 3084 2974
f 3036 3013 2955
f 3028 3027 2897
f 2995 3028 2897
f 2897 2912 2995
f 2942 3017 3050
f 3051 2961 2952
f 3018 3038 2915
f 2978 2869 3113
f 3103 2857 3140
f 3063 3140 2857
f 3054 3021 2989
f 3003 2991 3118
f 2992 3048 3263
f 2954 2993 3013
f 2955 2984 3036
f 3008 3042 3160
f 3068 2786 3025
f 2941 2960 3059
f 3051 3199 2961
f 3069 3018 3019
f 2979 3052 3072
f 2997 3020 3061
f 2998 3115 3126
f 3046 2981 3073
f 2950 3073 2981
f 2969 3103 2950
f 2999 3116 3011
f 2999 2989 3021
f 3047 2970 3147
f 3064 3027 3032
f 3033 3041 2936
f 3002 3003 3075
f 3150 3075 3003
f 3109 3048 3004
f 2975 2954 3024
f 3096 3058 2984
f 2984 3007 3096
f 3007 3014 3110
f 3135 3015 2958
f 3026 3135 2958
f 2940 3049 3026
f 2996 2979 3072
f 3021 3116 2999
f 3141 3054 2946
f 2946 3088 3141
f 3083 2983 2992
f 2992 3263 3083
f 3004 2966 3093
f 3023 3006 3095
f 2973 2974 3084
f 3160 3133 3008
f 2912 2985 2995
f 3016 2986 3043
f 3111 3100 3059
f 3199 2944 2961
f 3019 3030 3069
f 3113 3044 2978
f 3060 2997 3155
f 3061 3155 2997
f 3039 3061 3020
f 3114 3080 2980
f 3102 3045 2988
f 3164 3115 2968
f 3046 3164 2968
f 2839 3022 3104
f 3022 3000 3105
f 3047 3105 3000
f 2971 3041 3055
f 3005 3023 3095
f 3084 3159 2973
f 3145 3084 2975
f 3133 3085 3008
f 3068 3025 3120
f 2940 3009 3121
f 3028 3032 3027
f 3181 3017 3029
f 3051 3038 3163
f 3031 2977 3087
f 2869 2996 3071
f 3063 3011 3167
f 3116 3167 3011
f 3092 3091 2965
f 3172 3001 2884
f 2884 2990 3172
f 3118 3150 3003
f 3006 2973 3159
f 2975 3024 3119
f 2995 2985 3146
f 2985 3016 3146
f 3112 2960 2942
f 3029 3138 3181
f 3030 3070 3184
f 3061 3039 3079
f 3101 3079 3039
f 3080 3101 2980
f 2950 3103 3129
f 3104 3022 3105
f 3091 3033 2965
f 3056 3012 3066
f 3093 3109 3004
f 3119 3176 2975
f 3013 3036 3131
f 2994 3160 3042
f 3015 3097 2976
f 3049 2940 3152
f 3121 3152 2940
f 3137 3059 2960
f 3112 2942 3154
f 2942 3050 3154
f 2977 3044 3207
f 3113 2869 3071
f 3125 3114 3045
f 3102 3125 3045
f 3073 3164 3046
f 3104 3088 2839
f 3147 3156 3047
f 3089 2971 3082
f 2990 3034 3173
f 3118 2991 3108
f 3093 2966 3094
f 3005 3094 2966
f 3159 3095 3006
f 3131 3024 3013
f 3058 3036 2984
f 3007 3110 3178
f 3040 3121 3009
f 3146 3153 2995
f 3181 3050 3017
f 3163 3199 3051
f 3038 3018 3077
f 3070 3010 3185
f 2987 3185 3010
f 2987 3087 3078
f 3072 3071 2996
f 3122 3072 3052
f 3052 3060 3122
f 3102 3081 3062
f 3073 2950 3129
f 3105 3047 3156
f 2971 3055 3082
f 3055 3041 3090
f 3033 3090 3041
f 3074 3191 2982
f 3117 3057 3107
f 3057 3067 3107
f 3095 3144 3005
f 3084 3220 3159
f 3120 3025 3190
f 2932 3190 3025
f 3135 3026 3049
f 3086 3163 3038
f 3123 3155 3061
f 3140 3063 3166
f 3167 3166 3063
f 3168 3021 3054
f 3147 2970 3197
f 3130 3197 2970
f 2970 3064 3130
f 3032 3130 3064
f 3001 3172 3106
f 3173 3172 2990
f 3035 3173 3034
f 3191 3074 3012
f 3067 3075 3149
f 2991 2983 3108
f 3143 3108 2983
f 3281 3263 3048
f 3048 3109 3281
f 3145 2975 3176
f 3007 3178 3096
f 3132 3110 3014
f 3014 3085 3132
f 3037 2976 3180
f 3135 3097 3015
f 3121 3040 3098
f 3077 3086 3038
f 3069 3030 3223
f 3185 3184 3070
f 3060 3155 3122
f 3126 3115 3127
f 3166 3165 3140
f 3141 3168 3054
f 3040 3089 3098
f 3083 3143 2983
f 3190 2932 3278
f 2932 3076 3278
f 3134 3076 3037
f 3028 2995 3157
f 2995 3153 3157
f 3264 3111 3059
f 3059 3137 3264
f 2960 3112 3137
f 3162 3154 3050
f 3050 3181 3162
f 3222 3138 2944
f 3079 3101 3124
f 9753 3062 3081
f 3166 3167 3247
f 3116 3021 3182
f 3021 3168 3182
f 3202 3130 3032
f 3082 3170 3089
f 3144 3094 3005
f 3145 3220 3084
f 3258 3132 3085
f 3133 3258 3085
f 2994 3068 3179
f 3120 3179 3068
f 3037 3180 3134
f 3097 3180 2976
f 3032 3028 3157
f 3043 3146 3016
f 3113 3207 3044
f 3124 3123 3061
f 3061 3079 3124
f 3140 3165 3103
f 3188 3141 3088
f 3211 3170 3082
f 3055 3090 3142
f 3091 3092 3171
f 3203 3171 3092
f 3092 3001 3203
f 3106 3203 3001
f 3191 3012 3158
f 3012 3056 3158
f 3174 3149 3075
f 3075 3150 3174
f 3134 3278 3076
f 3218 3180 3097
f 2944 3199 3222
f 3266 3018 3069
f 3223 3266 3069
f 3101 3080 3237
f 3062 3125 3102
f 3088 3104 3188
f 3105 3156 3169
f 3157 3202 3032
f 3082 3055 3211
f 2982 3288 3065
f 3056 3066 3117
f 3118 3108 3175
f 3189 3131 3036
f 3152 3121 3098
f 3136 3043 2986
f 2986 3099 3136
f 3077 3018 3205
f 3266 3205 3018
f 3207 3235 2977
f 3080 3200 3237
f 3193 3200 3080
f 3080 3114 3193
f 3114 3125 3193
f 3267 3164 3128
f 3164 3073 3128
f 3167 3116 3182
f 3105 3169 3104
f 3170 3098 3089
f 3142 3211 3055
f 3191 3288 2982
f 3144 3095 3192
f 3159 3192 3095
f 3177 3231 3119
f 3036 3058 3189
f 3099 3100 3136
f 3100 3111 3136
f 3161 3264 3137
f 3223 3030 3184
f 3255 3087 2977
f 3207 3113 3139
f 3113 3071 3139
f 3071 3072 3244
f 3125 3062 3285
f 3073 3129 3194
f 3165 3194 3103
f 3195 3188 3104
f 3065 3173 3035
f 3056 3117 3148
f 3107 3067 3204
f 3143 3175 3108
f 3360 3109 3093
f 3094 3360 3093
f 3176 3119 3231
f 3151 3189 3058
f 3058 3096 3151
f 3198 3097 3135
f 3135 3049 3152
f 3331 3161 3137
f 3137 3112 3331
f 3162 3221 3154
f 3181 3138 3213
f 3185 2987 3206
f 3078 3206 2987
f 3078 3087 3255
f 3129 3103 3194
f 3148 3158 3056
f 3149 3204 3067
f 3175 3150 3118
f 3220 3145 3243
f 3176 3243 3145
f 3131 3189 3177
f 3122 3155 3236
f 3237 3124 3101
f 3356 3127 3115
f 3115 3164 3356
f 3194 3128 3073
f 3156 3147 3196
f 3197 3196 3147
f 3142 3090 3262
f 3258 3178 3110
f 3110 3132 3258
f 3198 3135 3152
f 3183 3146 3043
f 3136 3183 3043
f 3323 3136 3111
f 3111 3264 3323
f 3112 3154 3254
f 3234 3254 3154
f 3221 3234 3154
f 3182 3168 3187
f 3168 3141 3201
f 3169 3195 3104
f 9559 3262 3090
f 3090 3033 9559
f 3091 9559 3033
f 3173 3065 3240
f 3158 3148 3241
f 3270 3143 3083
f 3192 3159 3242
f 3189 3209 3177
f 2994 3229 3160
f 3152 3098 3259
f 3254 3331 3112
f 3222 3199 3214
f 3215 3199 3163
f 3255 3206 3078
f 3236 3245 3122
f 3186 3236 3155
f 3155 3123 3186
f 3182 3247 3167
f 3168 3201 3187
f 3188 3201 3141
f 3202 3157 3226
f 3232 3226 3157
f 3098 3170 3219
f 3211 3219 3170
f 3212 3106 3172
f 3172 3173 3212
f 3117 3107 3204
f 3204 3149 3397
f 3243 3176 3231
f 3177 3209 9932
f 3178 3258 3228
f 3179 3277 2994
f 3198 3218 3097
f 3162 3181 3284
f 3181 3213 3284
f 3332 3086 3077
f 3185 3224 3184
f 2977 3235 3255
f 3225 3072 3122
f 3122 3245 3225
f 3267 3293 3164
f 3216 3156 3196
f 3283 3232 3153
f 3153 3146 3283
f 3146 3183 3283
f 3136 3233 3183
f 3323 3233 3136
f 3222 3213 3138
f 3086 3215 3163
f 3301 3223 3184
f 3224 3301 3184
f 3206 3224 3185
f 3225 3244 3072
f 3272 3123 3124
f 3285 3193 3125
f 3165 3208 3194
f 3166 3305 3165
f 3195 3169 3248
f 3217 3096 3178
f 3228 3217 3178
f 3160 3229 3249
f 3262 3287 3142
f 3240 3212 3173
f 3337 3349 3191
f 3158 3337 3191
f 3149 3174 3230
f 3094 3144 3282
f 3220 3242 3159
f 3243 3271 3220
f 9932 3231 3177
f 3273 3246 3126
f 3126 3127 3273
f 3293 3356 3164
f 3208 3304 3194
f 3182 3187 3247
f 3295 3188 3195
f 3297 3189 3151
f 3239 3151 3096
f 3258 3133 3276
f 3133 3249 3276
f 3133 3160 3249
f 3179 3120 3250
f 3190 3250 3120
f 3279 3134 3180
f 3210 3279 3180
f 3198 3152 3310
f 3259 3098 3268
f 3211 3142 3261
f 3287 3261 3142
f 3288 3191 3349
f 3337 3158 3241
f 3148 3117 3378
f 3280 3174 3150
f 3150 3175 3280
f 3175 3143 3350
f 3083 3263 3270
f 3192 3282 3144
f 3205 3332 3077
f 3236 3186 3256
f 3292 3285 3062
f 3062 9753 3292
f 3294 3187 3201
f 3201 3188 3294
f 3216 3248 3169
f 3156 3216 3169
f 3202 3226 3286
f 3217 3239 3096
f 3218 3210 3180
f 3171 3203 3251
f 3280 3230 3174
f 3360 3094 3282
f 3284 3221 3162
f 3215 3214 3199
f 3086 3332 3265
f 3128 3194 3274
f 3130 3202 3286
f 3226 3232 9929
f 3298 3297 3151
f 3239 3298 3151
f 3277 3229 2994
f 3171 9559 3091
f 3288 3240 3065
f 3117 3204 3378
f 3397 3149 3328
f 3270 3252 3143
f 3213 3222 3364
f 3235 3207 3139
f 3186 3123 3257
f 3272 3257 3123
f 3237 3272 3124
f 3194 3304 3274
f 3208 3165 3305
f 3306 3247 3187
f 3187 3294 3306
f 3295 3195 3248
f 3197 3130 3238
f 3297 3227 3189
f 3252 3350 3143
f 3367 3270 3263
f 3282 3192 3368
f 3242 3220 3313
f 3183 3233 3315
f 3254 3234 3340
f 3222 3214 3364
f 3215 3086 3289
f 3266 3223 3290
f 3317 3139 3071
f 3071 3244 3317
f 3356 3273 3127
f 3286 3238 3130
f 3286 3226 9929
f 3366 3318 3249
f 3249 3229 3366
f 3259 3310 3152
f 3336 3219 3211
f 3106 3251 3203
f 3241 3148 3321
f 3378 3321 3148
f 3282 3329 3360
f 3271 3243 3330
f 9940 3243 3231
f 9932 9940 3231
f 3283 3253 3232
f 3214 3215 3300
f 3289 3300 3215
f 3332 3205 3369
f 3224 3206 3341
f 3302 3255 3235
f 3236 3256 3245
f 3365 3272 3237
f 3291 3365 3237
f 3237 3200 3291
f 3200 3193 3291
f 3285 3291 3193
f 3248 3216 3275
f 3419 3298 3239
f 3260 3268 3219
f 3211 3261 3459
f 3251 3106 3312
f 3106 3212 3312
f 3230 3328 3149
f 3175 3350 3280
f 3271 3313 3220
f 3265 3289 3086
f 3266 3369 3205
f 3301 3224 3341
f 3317 3303 3139
f 3306 3405 3247
f 3276 3249 3318
f 3190 3278 3481
f 3278 3134 3393
f 3218 3198 3310
f 3230 3280 3398
f 3281 3109 3448
f 3424 3283 3183
f 3183 3315 3424
f 3340 3363 3254
f 3214 3300 3364
f 3305 3166 3372
f 3247 3372 3166
f 3405 3335 3247
f 3307 3306 3294
f 3308 3294 3188
f 3188 3295 3308
f 3216 3196 3275
f 3309 3343 3196
f 3196 3197 3309
f 3197 3238 3309
f 3228 3258 3276
f 3366 3229 3277
f 3277 3179 3358
f 3250 3358 3179
f 3134 3279 3393
f 3269 3262 9559
f 3311 3269 9559
f 9559 3171 3311
f 3251 3375 3171
f 3288 3299 3240
f 3270 3367 3379
f 3242 3313 3380
f 3330 3243 3338
f 9940 3338 3243
f 3362 3323 3264
f 3264 3161 3362
f 3221 3340 3234
f 3290 3463 3266
f 3206 3255 3342
f 3235 3139 3303
f 3225 3317 3244
f 3333 3256 3186
f 3186 3257 3333
f 3267 3128 3325
f 3274 3325 3128
f 3227 3297 3296
f 3228 3276 3217
f 3327 3276 3318
f 3346 3279 3210
f 3259 3268 3319
f 3459 3336 3211
f 3375 3311 3171
f 3240 3312 3212
f 3321 3337 3241
f 3368 3192 3380
f 3192 3242 3380
f 3330 3382 3271
f 3233 3323 3315
f 3401 3284 3213
f 3213 3364 3401
f 3255 3302 3342
f 3246 3273 3387
f 3293 3267 3325
f 3372 3247 3335
f 3326 3295 3248
f 3275 3326 3248
f 3259 3395 3310
f 3261 3320 3459
f 3379 3422 3270
f 3263 3281 3367
f 3448 3367 3281
f 3381 3313 3361
f 3313 3271 3361
f 3382 3361 3271
f 3314 3322 3253
f 3253 3283 3314
f 3290 3223 3301
f 3341 3206 3435
f 3342 3435 3206
f 3404 3370 3285
f 3356 3293 3334
f 3304 3208 3456
f 3305 3456 3208
f 3275 3196 3343
f 3344 3238 3286
f 9929 3344 3286
f 3239 3217 3419
f 3391 3419 3217
f 3217 3276 3327
f 3218 3310 3347
f 3260 3319 3268
f 3287 3320 3261
f 3299 3288 3412
f 3349 3412 3288
f 3422 3252 3270
f 3338 9940 3339
f 3369 3266 3316
f 3463 3316 3266
f 3301 3341 3384
f 3285 3292 3404
f 3427 3325 3274
f 3308 3307 3294
f 3344 9929 9918
f 3366 3277 3374
f 3319 3395 3259
f 3287 3262 3269
f 3337 3321 3396
f 3350 3252 3414
f 3329 3282 3368
f 3283 3424 3314
f 3340 3221 3324
f 3352 3324 3221
f 3221 3284 3352
f 3401 3352 3284
f 3353 3289 3265
f 3384 3354 3301
f 3225 3245 3355
f 3428 3456 3305
f 3372 3428 3305
f 3306 3307 3373
f 3308 3295 3523
f 3327 3318 3468
f 3392 3358 3250
f 3250 3190 3392
f 3481 3392 3190
f 3278 3393 3481
f 3393 3279 3345
f 3346 3345 3279
f 3260 3219 3348
f 3336 3348 3219
f 3375 3251 3411
f 3240 3299 3376
f 3397 3378 3204
f 3433 3414 3252
f 3380 3313 3381
f 3315 3323 3400
f 3475 3331 3254
f 3363 3475 3254
f 3303 3302 3235
f 3370 3291 3285
f 3334 3293 3325
f 3371 3427 3274
f 3274 3304 3371
f 3373 3405 3306
f 3488 3295 3326
f 3298 3419 3297
f 3374 3277 3358
f 3320 3287 3420
f 3269 3420 3287
f 3312 3411 3251
f 3422 3433 3252
f 3360 3448 3109
f 3339 3351 3338
f 3323 3362 3400
f 3362 3161 3485
f 3363 3340 3425
f 3300 3289 3402
f 3296 3297 9938
f 3357 3217 3327
f 3210 3218 3347
f 3410 3420 3269
f 3269 3311 3410
f 3376 3312 3240
f 3349 3337 3377
f 3432 3378 3397
f 3444 3328 3230
f 3230 3398 3444
f 3280 3350 3398
f 3338 3382 3330
f 3400 3383 3315
f 3475 3161 3331
f 3342 3302 3385
f 3389 3303 3317
f 3256 3333 3386
f 3272 3333 3257
f 3438 3334 3325
f 3523 3307 3308
f 3275 3343 3417
f 3457 3345 3346
f 3347 3346 3210
f 3395 3347 3310
f 3260 3442 3319
f 3411 3312 3376
f 3396 3377 3337
f 3413 3396 3321
f 3359 3413 3321
f 3321 3378 3359
f 3449 3448 3360
f 3338 3351 3451
f 3161 3475 3485
f 3324 3425 3340
f 3353 3402 3289
f 3353 3265 3453
f 3265 3332 3453
f 3354 3403 3301
f 3291 3390 3365
f 3456 3371 3304
f 3442 3458 3319
f 3431 3348 3336
f 3414 3398 3350
f 3360 3329 3399
f 3423 3322 3314
f 3364 3300 3402
f 3369 3453 3332
f 3317 3225 3476
f 3225 3355 3476
f 3355 3245 3386
f 3245 3256 3386
f 3415 3386 3333
f 3333 3272 3455
f 3272 3365 3455
f 3291 3370 3390
f 3273 3356 3426
f 3334 3426 3356
f 3488 3523 3295
f 3326 3275 3416
f 3275 3417 3416
f 3217 3357 3391
f 3457 3346 3408
f 3348 3442 3260
f 3399 3329 3560
f 3368 3560 3329
f 3368 3380 3450
f 3485 3400 3362
f 3364 3402 3401
f 3290 3464 3463
f 3435 3384 3341
f 3303 3506 3302
f 3389 3317 3476
f 3488 3326 3406
f 3406 3326 3416
f 3238 3344 3430
f 9919 3430 3344
f 9925 9919 3344
f 3327 3468 3497
f 3407 3468 3318
f 3490 3318 3366
f 3366 3374 3490
f 3347 3408 3346
f 3388 3347 3395
f 3319 3458 3395
f 3412 3349 3377
f 3450 3503 3368
f 3361 3445 3381
f 3383 3424 3315
f 3437 3365 3390
f 3387 3273 3467
f 3438 3325 3427
f 3335 3428 3372
f 3335 3405 3478
f 3405 3373 3429
f 3343 3496 3417
f 3343 3309 3479
f 3480 3479 3309
f 3309 3238 3480
f 3297 3419 3418
f 3327 3497 3357
f 3394 3408 3347
f 3409 3394 3347
f 3432 3359 3378
f 3422 3379 3434
f 3382 3445 3361
f 3301 3403 3290
f 3342 3385 3436
f 3437 3455 3365
f 3467 3404 3387
f 3392 3491 3358
f 3388 3409 3347
f 3399 3474 3360
f 3381 3450 3380
f 3382 3338 3451
f 3314 3424 3461
f 3370 3404 3466
f 3438 3495 3334
f 3371 3456 3549
f 3496 3343 3479
f 3418 9938 3297
f 3357 3440 3391
f 3374 3358 3491
f 3420 3410 3421
f 3410 3375 3443
f 3411 3443 3375
f 3377 3511 3412
f 3432 3397 3328
f 3474 3449 3360
f 3586 3450 3381
f 3445 3586 3381
f 3436 3385 3506
f 3385 3302 3506
f 3427 3549 3439
f 3427 3371 3549
f 3594 3373 3307
f 3419 3391 3440
f 3491 3527 3374
f 3392 3481 3441
f 3469 3481 3393
f 3393 3345 3469
f 3345 3457 3469
f 3408 3394 3457
f 3482 3457 3394
f 3409 3446 3394
f 3409 3388 3517
f 3459 3431 3336
f 3443 3421 3410
f 3299 3412 3511
f 3353 3453 3487
f 3463 3547 3316
f 3384 3435 3513
f 3436 3435 3342
f 3465 3303 3389
f 3415 3355 3386
f 3507 3467 3273
f 3426 3507 3273
f 3478 3428 3335
f 3307 3523 3594
f 3416 3417 3543
f 3418 9939 9938
f 3491 3392 3611
f 3643 3611 3392
f 3441 3643 3392
f 3442 3348 3447
f 3431 3447 3348
f 3377 3396 3501
f 3413 3501 3396
f 3432 3328 3532
f 3434 3433 3422
f 3379 3367 3460
f 3561 3445 3382
f 3451 3561 3382
f 3461 3423 3314
f 3452 3461 3424
f 3424 3383 3452
f 3363 3425 3546
f 3462 3425 3324
f 3464 3290 3521
f 3403 3521 3290
f 3506 3303 3465
f 3355 3415 3454
f 3415 3333 3455
f 3390 3370 3437
f 3467 3466 3404
f 3439 3438 3427
f 3428 3477 3456
f 3405 3508 3478
f 3496 3543 3417
f 3430 3480 3238
f 3418 3419 3524
f 3394 3446 3537
f 3395 3458 3388
f 3431 3459 3572
f 3421 3470 3420
f 3443 3411 3518
f 3376 3518 3411
f 3376 3299 3472
f 3511 3377 3473
f 3475 3363 3546
f 3352 3401 3486
f 3402 3353 3563
f 3513 3435 3609
f 3455 3454 3415
f 3455 3437 3514
f 3478 3477 3428
f 3429 3508 3405
f 3509 3429 3373
f 3357 3525 3440
f 3318 3490 3407
f 3527 3490 3374
f 3482 3556 3457
f 3394 3537 3482
f 3446 3409 3517
f 3458 3442 3499
f 3447 3499 3442
f 3320 3420 3470
f 3471 3421 3443
f 3518 3471 3443
f 3518 3376 3492
f 3299 3511 3472
f 3413 3359 3483
f 3585 3328 3444
f 3538 3444 3398
f 3414 3538 3398
f 3367 3448 3460
f 3560 3474 3399
f 3451 3351 9935
f 3461 3484 3423
f 3462 3324 3577
f 3352 3577 3324
f 3402 3563 3512
f 3640 3563 3353
f 3466 3437 3370
f 3495 3426 3334
f 3373 3594 3509
f 3419 3440 3524
f 3376 3472 3492
f 3501 3473 3377
f 3532 3359 3432
f 3414 3433 3434
f 3449 3460 3448
f 3505 3383 3590
f 3546 3425 3462
f 3512 3486 3401
f 3401 3402 3512
f 3487 3640 3353
f 3436 3609 3435
f 3389 3476 3548
f 3581 3466 3467
f 3549 3456 3477
f 3429 3509 3522
f 3480 3430 3544
f 3489 9939 3418
f 3418 3524 3489
f 3526 3407 3490
f 3556 3469 3457
f 3498 3388 3458
f 3499 3498 3458
f 3447 3431 3614
f 3572 3614 3431
f 3434 3379 3615
f 3560 3368 3503
f 3586 3503 3450
f 3505 3452 3383
f 3383 3400 3545
f 3400 3591 3545
f 3400 3485 3591
f 3369 3316 3578
f 3547 3578 3316
f 3354 3384 3602
f 3355 3454 3619
f 3440 3525 3604
f 3550 3497 3468
f 3468 3407 3550
f 3536 3482 3537
f 3388 3498 3510
f 3530 3511 3473
f 3473 3501 3531
f 3538 3414 3539
f 3533 3615 3379
f 3379 3460 3533
f 3474 3519 3449
f 3560 3519 3474
f 3561 3451 3493
f 3451 9935 3493
f 3590 3383 3545
f 3486 3577 3352
f 3487 3453 3592
f 3369 3592 3453
f 3513 3602 3384
f 3436 3506 3610
f 3476 3355 3548
f 3507 3426 3494
f 3438 3439 3495
f 3479 3480 3516
f 3544 3516 3480
f 3481 3469 3634
f 3517 3388 3510
f 3470 3421 3500
f 3471 3500 3421
f 3434 3539 3414
f 3504 3484 3461
f 3461 3452 3504
f 3452 3505 3504
f 3475 3546 3617
f 3577 3698 3462
f 3547 3463 3540
f 3464 3540 3463
f 3465 3389 3603
f 3507 3581 3467
f 3426 3495 3494
f 3508 3429 3522
f 3583 3543 3496
f 3622 3604 3525
f 3517 3510 3605
f 3518 3558 3471
f 3531 3530 3473
f 3502 3501 3483
f 3561 3588 3445
f 3484 3504 3562
f 3592 3369 3578
f 3579 3403 3354
f 3602 3579 3354
f 3506 3465 3603
f 3619 3548 3355
f 3514 3542 3455
f 3514 3437 3515
f 3495 3439 3631
f 3477 3478 3743
f 3406 3621 3488
f 3479 3583 3496
f 3441 3481 3634
f 3537 3446 3553
f 3446 3517 3553
f 3558 3500 3471
f 3502 3531 3501
f 3532 3328 3574
f 3519 3560 3534
f 3671 3591 3485
f 3485 3475 3671
f 3602 3513 3609
f 3610 3506 3618
f 3389 3548 3603
f 3541 3619 3454
f 3542 3454 3455
f 3437 3466 3515
f 3508 3743 3478
f 3508 3522 3567
f 3595 3523 3488
f 3621 3595 3488
f 3416 3543 3621
f 3526 3550 3407
f 3527 3526 3490
f 3611 3649 3491
f 3556 3528 3469
f 3529 3572 3459
f 3459 3320 3529
f 3470 3529 3320
f 3472 3511 3559
f 3573 3624 3483
f 3483 3359 3573
f 3679 3539 3434
f 3636 3505 3590
f 3637 3545 3591
f 3475 3617 3608
f 3512 3520 3486
f 3540 3464 3521
f 3542 3541 3454
f 3515 3542 3514
f 3494 3675 3507
f 3549 3477 3565
f 3684 3565 3477
f 3406 3416 3621
f 3489 3524 3569
f 3550 3357 3497
f 3571 3528 3556
f 3553 3517 3613
f 3605 3613 3517
f 3518 3492 3635
f 3492 3472 3635
f 3559 3511 3530
f 3328 3585 3574
f 3533 3460 3748
f 3493 9935 3555
f 3577 3486 3629
f 3520 3629 3486
f 3609 3436 3610
f 3743 3508 3566
f 3535 3600 3524
f 3524 3440 3535
f 3527 3491 3551
f 3649 3551 3491
f 3528 3634 3469
f 3612 3482 3536
f 3702 3510 3498
f 3557 3702 3498
f 3498 3499 3557
f 3558 3554 3500
f 3559 3635 3472
f 3359 3532 3573
f 3434 3615 3679
f 3722 3460 3449
f 3534 3625 3519
f 3604 3535 3440
f 3528 3571 3570
f 3536 3537 3552
f 3553 3552 3537
f 3470 3500 3554
f 3558 3518 3685
f 3587 3685 3518
f 3444 3538 3585
f 3625 3722 3449
f 3449 3519 3625
f 3560 3503 3616
f 3555 9933 3576
f 3475 3608 3671
f 3546 3462 3617
f 3564 3563 3640
f 3743 3684 3477
f 3567 3566 3508
f 3568 3522 3509
f 3516 3544 3598
f 9921 3598 3544
f 3589 3562 3504
f 3627 3504 3505
f 3505 3636 3627
f 3512 3563 3639
f 3579 3521 3403
f 3603 3618 3506
f 3541 3674 3619
f 9571 3515 3466
f 3675 3581 3507
f 3621 3543 3646
f 3543 3583 3646
f 3583 3479 3596
f 3516 3596 3479
f 3598 3597 3516
f 3600 3569 3524
f 3584 3556 3482
f 3612 3584 3482
f 3613 3552 3553
f 3575 3585 3538
f 3538 3539 3575
f 3748 3615 3533
f 3588 3561 3626
f 3493 3555 3576
f 3601 3526 3527
f 3584 3571 3556
f 3668 3584 3612
f 3499 3447 3614
f 3657 3572 3529
f 3470 3657 3529
f 3679 3575 3539
f 3503 3586 3616
f 3561 3493 3626
f 3607 3576 3562
f 3589 3607 3562
f 3504 3627 3589
f 3724 3547 3540
f 3580 3542 3515
f 9571 3580 3515
f 3597 3596 3516
f 3622 3525 3623
f 3525 3357 3623
f 3550 3623 3357
f 3612 3536 3552
f 3470 3554 3657
f 3635 3587 3518
f 3530 3531 3694
f 3532 3574 3721
f 3585 3575 3644
f 3645 3625 3534
f 3606 3616 3586
f 3626 3493 3661
f 3576 3661 3493
f 3545 3637 3628
f 3617 3462 3662
f 3698 3662 3462
f 3698 3577 3629
f 3592 3578 3663
f 3547 3663 3578
f 3675 3582 3581
f 3632 3439 3549
f 3549 3565 3632
f 3567 3522 3593
f 3641 3568 3509
f 3509 3594 3641
f 3633 3594 3523
f 3523 3595 3633
f 3540 3521 3724
f 3580 3620 3542
f 3632 3631 3439
f 3566 3567 3725
f 3693 3593 3522
f 3522 3568 3693
f 3646 3583 3708
f 3583 3700 3708
f 3599 3598 9916
f 9916 3569 3599
f 3600 3599 3569
f 3441 3634 3650
f 3570 3634 3528
f 3613 3605 3709
f 3702 3605 3510
f 3534 3560 3687
f 3616 3687 3560
f 3586 3445 3606
f 3588 3606 3445
f 3607 3661 3576
f 3614 3557 3499
f 3652 3624 3573
f 3573 3532 3652
f 3585 3644 3574
f 3545 3636 3590
f 3591 3671 3637
f 3512 3639 3520
f 3723 3640 3487
f 3592 3723 3487
f 3521 3579 3733
f 3494 3495 3664
f 3631 3682 3495
f 3633 3641 3594
f 3583 3596 3700
f 3604 3600 3535
f 3551 3601 3527
f 3685 3587 3686
f 9617 3531 3502
f 3575 3679 3670
f 3626 3660 3588
f 3579 3602 3740
f 3602 3609 3740
f 3620 3541 3542
f 3682 3664 3495
f 3550 3526 3648
f 3526 3601 3648
f 3767 3709 3605
f 3757 3559 3530
f 3530 3694 3757
f 3721 3652 3532
f 3687 3659 3534
f 3606 3588 3660
f 3654 3661 3607
f 3629 3520 3689
f 3638 3689 3520
f 3656 3674 3541
f 3720 3632 3565
f 3595 3621 3642
f 3599 3597 3598
f 3767 3605 3702
f 3557 3614 3669
f 3614 3572 3703
f 3670 3679 3696
f 3615 3748 3779
f 3659 3645 3534
f 3589 3654 3607
f 3627 3636 3655
f 3628 3636 3545
f 3689 3672 3629
f 3690 3639 3563
f 3563 3564 3690
f 3547 3724 3705
f 3618 3603 3715
f 3741 3548 3619
f 3619 3674 3741
f 3541 3620 3716
f 3682 3631 3630
f 3642 3621 3646
f 3708 3700 3699
f 3552 3613 3677
f 3657 3554 3728
f 3554 3558 3658
f 3635 3686 3587
f 3729 3694 3531
f 3531 9617 3729
f 3652 9616 3624
f 3661 3660 3626
f 3520 3639 3638
f 3609 3610 3809
f 3494 3664 3752
f 3631 3632 3683
f 3743 3566 3707
f 3596 3597 3665
f 3666 3599 3600
f 3600 3604 3666
f 3622 3623 3647
f 3550 3647 3623
f 3651 3668 3612
f 3612 3552 3651
f 3557 3669 3702
f 3644 3575 3653
f 3687 3616 3697
f 3655 3654 3589
f 3589 3627 3655
f 3628 3771 3636
f 3671 3608 3819
f 3723 3564 3640
f 3663 3547 3681
f 3705 3681 3547
f 3733 3739 3521
f 3740 3673 3579
f 3716 3656 3541
f 3580 9571 3620
f 3717 3620 9571
f 3675 3717 3582
f 3683 3630 3631
f 3684 3720 3565
f 3593 3725 3567
f 3595 3642 3735
f 3700 3596 3665
f 3597 3599 3665
f 3667 3622 3647
f 3611 3643 3800
f 3441 3800 3643
f 3709 3677 3613
f 3657 3703 3572
f 3685 3658 3558
f 3679 3615 3779
f 3460 3722 3738
f 3711 3645 3659
f 3660 3712 3606
f 3759 3690 3564
f 3739 3724 3521
f 3809 3610 3773
f 3707 3566 3692
f 3744 3708 3699
f 3667 3604 3622
f 3648 3754 3550
f 3649 3611 3800
f 3570 3650 3634
f 3584 3668 3676
f 3614 3745 3669
f 3635 3704 3686
f 3653 3575 3678
f 3678 3575 3670
f 3697 3616 3712
f 3616 3606 3712
f 3771 3655 3636
f 3714 3628 3637
f 3637 3671 3714
f 3706 3603 3548
f 3548 3741 3706
f 3620 3717 3761
f 3752 3675 3494
f 3683 3632 3719
f 3720 3719 3632
f 3566 3725 3692
f 3726 3641 3633
f 3667 3647 3753
f 3647 3550 3754
f 3676 3571 3584
f 3668 3651 3766
f 3745 3614 3803
f 3559 3704 3635
f 3738 3748 3460
f 3780 3722 3625
f 3660 3661 3688
f 3661 3654 3688
f 3608 3617 3680
f 3732 3617 3662
f 3698 3732 3662
f 3672 3698 3629
f 3639 3690 3638
f 3723 3592 3856
f 3663 3856 3592
f 3673 3733 3579
f 3809 3740 3609
f 3762 3726 3633
f 3633 3595 3762
f 3595 3735 3762
f 3735 3642 3646
f 3599 3736 3665
f 3552 3677 3651
f 3645 3780 3625
f 3645 3711 3780
f 3819 3714 3671
f 3750 3773 3610
f 3610 3618 3750
f 3741 3674 3656
f 3716 3691 3656
f 3752 3664 3774
f 3666 3736 3599
f 3765 3666 3604
f 3604 3667 3765
f 3703 3803 3614
f 3652 3721 3695
f 3721 3574 3746
f 3722 3780 3804
f 3712 3660 3730
f 3714 3771 3628
f 3732 3698 3772
f 3783 3772 3698
f 3618 3715 3760
f 3664 3682 3774
f 3630 3774 3682
f 3683 3719 3630
f 3800 3441 3650
f 3554 3710 3728
f 3554 3658 3710
f 3757 3704 3559
f 3794 3729 9617
f 3795 3794 9616
f 3652 3795 9616
f 3818 3644 3653
f 3678 3818 3653
f 3660 3688 3730
f 3713 3730 3688
f 3856 3663 3681
f 3760 3750 3618
f 3706 3715 3603
f 3717 3675 3718
f 3707 3775 3743
f 3708 3735 3646
f 3676 3668 3766
f 3727 3703 3657
f 3657 3728 3727
f 3729 3757 3694
f 3574 3644 3747
f 3679 3737 3696
f 3781 3711 3659
f 3655 3771 3713
f 3819 3608 3731
f 3680 3731 3608
f 3672 3783 3698
f 3733 3673 3840
f 3742 3718 3675
f 3742 3675 3752
f 3725 3593 3811
f 3693 3811 3593
f 3764 3744 3699
f 3699 3700 3764
f 3701 3765 3667
f 3753 3701 3667
f 3753 3647 3822
f 3754 3822 3647
f 3650 3570 3801
f 3570 3571 3755
f 3651 3677 3793
f 3710 3658 3756
f 3658 3685 3756
f 3685 3686 3756
f 3850 3756 3686
f 3686 3704 3850
f 3574 3747 3746
f 3697 3781 3659
f 3659 3687 3697
f 3564 3723 3759
f 3706 3741 3830
f 3601 3551 3786
f 3649 3786 3551
f 3891 3801 3570
f 3755 3891 3570
f 3676 3755 3571
f 3709 3793 3677
f 3767 3702 3787
f 3757 3729 3827
f 3729 3794 3788
f 3818 3747 3644
f 3711 3781 3838
f 3697 3712 3758
f 3730 3758 3712
f 3732 3680 3617
f 3807 3681 3705
f 3715 3706 3760
f 3734 3691 3716
f 3751 3734 3716
f 3620 3751 3716
f 3620 3761 3751
f 3791 3761 3717
f 3718 3791 3717
f 3720 3684 3862
f 3684 3743 3862
f 3798 3735 3708
f 3708 3744 3798
f 3700 3665 3764
f 3702 3669 3825
f 3745 3825 3669
f 3727 3803 3703
f 3850 3704 3768
f 3746 3695 3721
f 3779 3737 3679
f 3782 3713 3771
f 3749 3690 3759
f 3723 3856 3759
f 3884 3705 3724
f 3724 3739 3884
f 3811 3810 3725
f 3843 3811 3693
f 3736 3764 3665
f 3836 3648 3601
f 3800 3786 3649
f 3815 3755 3676
f 3802 3793 3709
f 3704 3757 3769
f 3788 3827 3729
f 3670 3818 3678
f 3730 3713 3770
f 3782 3770 3713
f 3741 3656 3820
f 3774 3630 3859
f 3744 3764 3812
f 3701 3753 3799
f 3836 3601 3932
f 3793 3792 3651
f 3787 3702 3825
f 3756 3845 3710
f 3778 3818 3670
f 3696 3778 3670
f 3714 3819 3771
f 3691 3820 3656
f 3821 3719 3720
f 3842 3775 3707
f 3707 3692 3842
f 3692 3725 3833
f 3833 3725 3810
f 3736 3666 3813
f 3765 3813 3666
f 3767 3802 3709
f 3825 3745 3849
f 3873 3745 3803
f 3728 3710 3826
f 3769 3768 3704
f 3777 3795 3652
f 3652 3695 3777
f 3731 3680 3882
f 3672 3689 3783
f 3749 3638 3690
f 3807 3705 3789
f 3840 3739 3733
f 3840 3673 3808
f 3752 3774 3832
f 3863 3843 3693
f 3693 3568 3863
f 3763 3762 3735
f 3798 3763 3735
f 3764 3736 3776
f 3813 3776 3736
f 3765 3701 3848
f 3799 3848 3701
f 3822 3754 3814
f 3792 3766 3651
f 3727 3728 3826
f 3827 3769 3757
f 3737 3829 3696
f 3838 3805 3711
f 3782 3771 3854
f 3732 3772 3847
f 3749 3759 3866
f 3673 3740 3808
f 3809 3808 3740
f 3830 3760 3706
f 3691 3734 3784
f 3742 3791 3718
f 3742 3752 3797
f 3862 3743 3785
f 3775 3785 3743
f 3813 3765 3835
f 3648 3836 3814
f 3786 3932 3601
f 3676 3766 3823
f 3766 3792 3823
f 3844 3802 3767
f 3767 3787 3844
f 3849 3745 3873
f 3788 3794 3828
f 3747 3881 3746
f 3829 3737 3852
f 3779 3748 3877
f 3738 3877 3748
f 3781 3697 3806
f 3730 3770 3796
f 3771 3819 3854
f 3882 3680 3855
f 3866 3879 3749
f 3856 3681 3867
f 3681 3807 3867
f 3705 3884 3789
f 3773 3750 3914
f 3841 3750 3760
f 3862 3821 3720
f 3799 3753 3822
f 3754 3648 3814
f 3800 3650 4000
f 3920 4000 3650
f 3650 3801 3920
f 3676 3823 3815
f 3873 3803 3817
f 3837 3778 3696
f 3829 3837 3696
f 3877 3738 3864
f 3861 3758 3730
f 3730 3796 3861
f 3759 3856 3866
f 3741 3820 3830
f 3691 3784 3820
f 3790 3784 3734
f 3831 3790 3751
f 3791 3831 3761
f 3832 3797 3752
f 3774 3859 3947
f 3719 3859 3630
f 3955 3568 3641
f 3641 3726 3955
f 3918 3812 3764
f 3764 3776 3918
f 3765 3848 3835
f 3793 3816 3792
f 3802 3824 3793
f 3845 3826 3710
f 3894 3852 3737
f 3737 3779 3894
f 3806 3697 3758
f 3846 3796 3770
f 3770 3782 3846
f 3854 3846 3782
f 3882 3819 3731
f 3680 3732 3847
f 3689 3638 3878
f 3749 3878 3638
f 3841 3914 3750
f 3831 3751 3761
f 3812 3798 3744
f 3799 3822 3889
f 3755 3815 3892
f 3816 3823 3792
f 3816 3793 3824
f 3802 3844 3860
f 3894 3779 3895
f 3877 3895 3779
f 3738 3722 3864
f 3722 3804 3864
f 3805 3780 3711
f 3805 3838 3959
f 3847 3855 3680
f 3783 3689 3878
f 3809 3773 3945
f 3830 3820 3857
f 3832 3774 3947
f 3776 3834 3918
f 3848 3799 3888
f 3786 3800 3890
f 4000 3890 3800
f 3920 3801 3891
f 3788 3828 3875
f 3970 3959 3838
f 3806 3758 3853
f 3865 3853 3758
f 3861 3865 3758
f 3839 3884 3739
f 3927 3840 3808
f 3808 3809 3885
f 3830 3841 3760
f 3830 3857 4007
f 3831 3791 3900
f 3869 3791 3742
f 3797 3869 3742
f 3568 3955 3863
f 3763 3798 3986
f 3918 3871 3812
f 3813 3834 3776
f 3888 3799 3889
f 3816 3824 3910
f 3802 3860 3824
f 3787 3825 3844
f 3817 3803 3967
f 3803 3727 3967
f 3826 3967 3727
f 3769 3827 3905
f 3827 3851 3905
f 3851 3827 3788
f 3788 3875 3851
f 3852 3912 3829
f 3879 3866 3898
f 3807 3789 3867
f 3868 3857 3820
f 3820 3784 3868
f 3901 3842 3692
f 3833 3901 3692
f 3823 3892 3815
f 3823 3816 3909
f 3849 3844 3825
f 3873 3817 3989
f 3893 3922 3826
f 3826 3845 3893
f 3695 3746 3968
f 3942 3864 3804
f 3805 3942 3804
f 3804 3780 3805
f 3908 3878 3749
f 3749 3879 3908
f 3739 3840 3839
f 3914 3945 3773
f 3832 3953 3797
f 3726 3762 3955
f 3870 3798 3812
f 3812 3871 3870
f 3835 3848 3872
f 3889 3822 3931
f 3814 3931 3822
f 3903 3823 3909
f 3910 3909 3816
f 3849 3860 3844
f 3845 3756 3904
f 3850 3904 3756
f 3876 3828 3795
f 3795 3777 3876
f 3968 3777 3695
f 3818 3778 3958
f 3924 3970 3838
f 3781 3806 3853
f 3853 3865 3896
f 3882 3854 3819
f 3847 3772 3951
f 3831 3858 3790
f 3887 4037 3719
f 3719 3821 3887
f 3997 3955 3762
f 3870 3986 3798
f 3967 3826 3922
f 3850 3768 3874
f 3876 3875 3828
f 3846 3854 3913
f 3783 3883 3772
f 3840 3880 3839
f 3945 3885 3809
f 3858 3868 3784
f 3859 3719 4037
f 3810 3811 3843
f 3762 3763 3997
f 3986 3997 3763
f 3933 3920 3891
f 3892 3823 3903
f 3860 3910 3824
f 3845 3904 3893
f 3905 3768 3769
f 3818 3958 3747
f 3838 3781 3924
f 3853 3924 3781
f 3854 3882 3943
f 3883 3951 3772
f 3926 3866 3856
f 3867 3789 3899
f 3880 3840 3927
f 3858 3831 3886
f 3831 3900 3886
f 3869 3900 3791
f 3775 3842 3985
f 3872 3813 3835
f 3932 3786 3919
f 3873 3921 3849
f 3989 3817 3966
f 3907 3876 3777
f 3746 3881 3968
f 3912 3837 3829
f 3861 3796 3897
f 3796 3846 3897
f 3913 3897 3846
f 3882 3855 3936
f 3855 3847 3944
f 3884 4043 3789
f 3928 3914 3841
f 3841 3830 3928
f 4007 3928 3830
f 3960 3886 3900
f 3821 3862 3961
f 3842 3901 3985
f 3833 3810 3954
f 3863 3955 3939
f 3870 3871 3917
f 3872 3834 3813
f 3963 3872 3848
f 3888 3963 3848
f 3910 3860 3911
f 3941 3911 3860
f 3935 3905 3851
f 3837 3958 3778
f 3943 3913 3854
f 3936 3855 3944
f 3925 3883 3783
f 3783 3878 3925
f 3908 3925 3878
f 3885 3927 3808
f 3915 4007 3857
f 3937 3900 3869
f 3887 3821 3961
f 3871 3918 3902
f 3931 3814 3948
f 3860 3849 3941
f 3921 3941 3849
f 3921 3873 3989
f 3905 3874 3768
f 3896 3924 3853
f 3897 3865 3861
f 3879 3898 3908
f 3926 3856 3978
f 3856 3867 3978
f 3899 3978 3867
f 4043 3899 3789
f 3839 3880 4006
f 3901 3833 3954
f 3902 3917 3871
f 3872 3956 3834
f 3904 3850 3975
f 3850 3874 3975
f 3875 3935 3851
f 3907 3923 3876
f 3968 3907 3777
f 4012 3881 3747
f 3837 3912 4021
f 3896 3865 3977
f 3944 3847 4031
f 3951 4031 3847
f 3952 3915 3857
f 3857 3868 3952
f 3858 3886 3916
f 3938 3937 3869
f 3929 3961 3862
f 3785 3929 3862
f 3810 3843 3930
f 3956 3918 3834
f 3963 3888 3957
f 3889 3957 3888
f 3814 3836 3948
f 3891 3755 3933
f 3940 3933 3755
f 3755 3892 3940
f 3903 3965 3892
f 3817 3967 3966
f 3935 3875 3906
f 3881 4012 3969
f 3747 3958 4012
f 3852 3894 4093
f 3895 4093 3894
f 3936 3943 3882
f 4043 4042 3899
f 4014 3884 3839
f 3945 3914 3983
f 3937 3960 3900
f 3797 3938 3869
f 3953 3938 3797
f 3947 3953 3832
f 3947 3859 4037
f 3980 3929 3785
f 3785 3775 3980
f 3985 3980 3775
f 3954 3810 3930
f 4008 3986 3870
f 3956 3902 3918
f 3965 3903 3972
f 3949 3972 3903
f 3909 3949 3903
f 3969 3968 3881
f 3959 3970 3993
f 3865 3897 3977
f 3866 3926 3898
f 3880 3927 3996
f 4037 3979 3947
f 4055 3870 3917
f 3964 3889 3931
f 3940 3892 4009
f 3965 4009 3892
f 3910 3949 3909
f 3910 3911 3973
f 3934 3973 3911
f 3874 3905 4011
f 3905 3935 4011
f 4004 4021 3912
f 3982 4004 3912
f 3852 3982 3912
f 3959 3942 3805
f 3976 3924 3896
f 4042 3978 3899
f 4014 4043 3884
f 3932 3948 3836
f 3987 3919 3786
f 3786 3890 3987
f 4009 3933 3940
f 3910 3973 3949
f 3893 3904 3974
f 3975 3974 3904
f 4030 3994 3943
f 3914 3928 4033
f 3868 3858 3984
f 3916 3984 3858
f 3890 4000 3987
f 4000 3920 4114
f 3975 3874 3950
f 4011 3950 3874
f 4027 3864 3942
f 3976 3896 3977
f 3897 3913 4029
f 3943 3994 3913
f 3883 3925 3995
f 4044 3952 3868
f 3868 3984 4044
f 3886 3960 3916
f 3938 3953 3946
f 3843 3863 3930
f 3963 3971 3872
f 3932 3919 3999
f 3919 3987 3999
f 3933 4114 3920
f 3934 3941 3988
f 3941 4010 3988
f 4010 3941 3921
f 4057 3989 3966
f 3958 3837 3992
f 4021 3992 3837
f 3942 3959 4027
f 3936 4030 3943
f 4006 4014 3839
f 3996 4006 3880
f 3983 3885 3945
f 3946 3953 4025
f 3953 3947 4015
f 3979 4015 3947
f 3962 3954 3930
f 4113 4008 3870
f 3870 4055 4113
f 3902 3956 4017
f 3971 3956 3872
f 3964 3957 3889
f 3998 3964 3931
f 3931 3948 3998
f 3967 3922 4018
f 4005 3993 3970
f 4033 3983 3914
f 3971 3963 4026
f 3963 3957 4026
f 4114 3933 4064
f 4001 3973 3934
f 3934 3988 4001
f 3935 3906 4067
f 3923 3907 4003
f 3968 3969 3991
f 4020 4012 3958
f 3877 3864 4155
f 3977 3897 4029
f 3913 3994 4029
f 4013 3995 3925
f 3928 4007 4024
f 4015 4025 3953
f 3979 4037 4016
f 3961 3929 4075
f 3954 3985 3901
f 3998 4099 3964
f 4071 3966 3967
f 3967 4018 4071
f 4002 3922 3893
f 3893 3974 4002
f 3990 3974 3975
f 3981 3991 3969
f 3969 4012 3981
f 4093 3982 3852
f 3970 3924 4005
f 3924 3976 4005
f 4059 4022 3977
f 4030 3936 4023
f 3944 4023 3936
f 3883 4178 3951
f 3995 4060 3883
f 3983 3927 3885
f 4024 4033 3928
f 4134 4044 3984
f 3960 4045 3916
f 3960 3937 4070
f 4037 3887 4053
f 3961 4053 3887
f 4017 3917 3902
f 4062 3998 3948
f 4056 4064 3933
f 3933 4009 4056
f 4010 3921 4066
f 3922 4002 4018
f 4020 3958 3992
f 3993 4027 3959
f 3976 3977 4022
f 3944 4031 4023
f 4178 4031 3951
f 3925 3908 4013
f 4107 3996 3927
f 4034 4024 4007
f 4035 4007 3915
f 3937 3938 4109
f 3961 4075 4053
f 4038 3929 3980
f 3980 3985 4038
f 4039 4026 3957
f 3948 3932 4062
f 3999 4062 3932
f 3949 3973 4065
f 3921 3989 4032
f 4002 3974 3990
f 4011 3935 4067
f 4003 3907 4041
f 4041 3907 3968
f 3968 3991 4041
f 4027 3993 4028
f 4029 4059 3977
f 4006 3996 4085
f 4036 3915 3952
f 3984 3916 4134
f 3946 4109 3938
f 3997 3986 4008
f 3964 4039 3957
f 3972 3949 4079
f 3949 4065 4079
f 4032 4066 3921
f 3950 4011 4139
f 4093 3895 4083
f 3877 4083 3895
f 4084 4029 3994
f 3996 4107 4141
f 4046 3960 4070
f 4047 3985 3954
f 3954 3962 4047
f 4054 3962 3930
f 3930 3863 4097
f 3939 4097 3863
f 3939 3955 4098
f 3998 4062 4078
f 4009 3965 4103
f 3965 3972 4103
f 4079 4103 3972
f 4001 3988 4080
f 4072 3990 3975
f 3975 3950 4072
f 3981 4012 4154
f 4083 3877 4130
f 4155 4130 3877
f 3976 4022 4005
f 4118 4005 4022
f 4084 3994 4105
f 4007 4035 4034
f 4044 4036 3952
f 4016 4015 3979
f 4097 4054 3930
f 4048 4098 3955
f 3955 3997 4048
f 4008 4113 4112
f 4017 4055 3917
f 4017 3956 3971
f 4078 4099 3998
f 3987 4000 4101
f 4040 4056 4009
f 4155 3864 4131
f 4027 4131 3864
f 3995 4013 4051
f 4014 4006 4106
f 4086 3927 3983
f 3937 4109 4070
f 4038 4120 3929
f 4096 4047 3962
f 4111 4048 3997
f 4008 4111 3997
f 4063 4101 4000
f 4114 4063 4000
f 4057 4032 3989
f 4071 4057 3966
f 4041 4058 4003
f 4030 4105 3994
f 4051 4060 3995
f 4013 3908 4074
f 3996 4141 4085
f 3927 4086 4107
f 3915 4036 4035
f 4046 4045 3960
f 4075 3929 4120
f 4098 4097 3939
f 4124 4040 4009
f 4103 4124 4009
f 4019 4139 4011
f 4067 4003 4068
f 4049 4041 3991
f 3981 4049 3991
f 4027 4028 4131
f 4145 4028 3993
f 3993 4005 4145
f 4059 4118 4022
f 4023 4031 4133
f 4178 4133 4031
f 3926 3978 4069
f 3978 4042 4069
f 4106 4043 4014
f 4033 4024 4061
f 3985 4047 4038
f 4026 4039 4077
f 4089 3988 4010
f 4010 4066 4089
f 4071 4018 4189
f 4138 4189 4018
f 4067 4019 4011
f 4058 4068 4003
f 4050 4145 4005
f 4005 4157 4050
f 4118 4157 4005
f 4105 4030 4073
f 4074 3908 3898
f 3898 3926 4074
f 4069 4074 3926
f 3983 4033 4061
f 3946 4025 4109
f 4109 4025 4052
f 4025 4015 4052
f 3962 4054 4214
f 4122 4054 4097
f 3971 4026 4077
f 4101 3999 3987
f 4080 3973 4001
f 3988 4089 4115
f 4002 4072 4081
f 4072 3950 4165
f 4139 4165 3950
f 4049 4058 4041
f 4012 4020 4129
f 4116 3992 4021
f 4021 4004 4116
f 3982 4117 4004
f 4118 4059 4168
f 4084 4059 4029
f 4030 4023 4073
f 4042 4043 4269
f 4061 4086 3983
f 4034 4061 4024
f 4015 4016 4095
f 4175 4113 4055
f 4077 4017 3971
f 4078 4062 4100
f 4080 3988 4115
f 4091 4066 4032
f 4032 4057 4091
f 4018 4002 4126
f 4081 4126 4002
f 4067 4184 4019
f 4020 3992 4167
f 4093 4092 3982
f 4084 4105 4190
f 4060 4178 3883
f 4094 4134 3916
f 4110 4015 4095
f 4053 4095 4016
f 4016 4037 4053
f 4038 4047 4076
f 4071 4091 4057
f 4152 4081 4072
f 4058 4049 4082
f 4129 4154 4012
f 4070 4142 4046
f 4214 4096 3962
f 4112 4111 4008
f 4055 4017 4175
f 4087 4077 4039
f 4039 3964 4088
f 4099 4088 3964
f 4101 4163 3999
f 4149 4114 4064
f 4064 4056 4149
f 4102 4056 4040
f 4079 4065 4104
f 4065 3973 4104
f 4080 4104 3973
f 4126 4138 4018
f 4082 4049 4128
f 4049 3981 4128
f 4268 4116 4004
f 4117 4268 4004
f 4028 4145 4131
f 4179 4269 4043
f 4141 4180 4085
f 4044 4134 4036
f 4108 4142 4070
f 4109 4108 4070
f 4076 4120 4038
f 4121 4076 4047
f 4047 4096 4121
f 4222 4214 4054
f 4098 4048 4136
f 4111 4136 4048
f 4039 4088 4087
f 4091 4071 4125
f 4152 4072 4165
f 4058 4082 4204
f 3981 4154 4153
f 4117 3982 4092
f 4051 4160 4060
f 4074 4051 4013
f 4069 4042 4140
f 4106 4179 4043
f 4006 4085 4209
f 4061 4034 4210
f 4222 4054 4122
f 4100 4187 4078
f 4100 4062 3999
f 4102 4123 4056
f 4164 4104 4080
f 4090 4089 4066
f 4189 4125 4071
f 4128 3981 4153
f 4059 4084 4132
f 4190 4132 4084
f 4178 4060 4185
f 4185 4060 4160
f 4119 4074 4069
f 4269 4140 4042
f 4209 4106 4006
f 4180 4209 4085
f 4094 4045 4171
f 4045 4046 4171
f 4142 4171 4046
f 4052 4015 4110
f 4124 4181 4040
f 4066 4091 4090
f 4196 4115 4089
f 4089 4090 4196
f 4146 4090 4091
f 4068 4058 4127
f 4204 4127 4058
f 4050 4157 4148
f 4132 4168 4059
f 4113 4175 4174
f 4017 4077 4223
f 4143 4223 4077
f 4187 4099 4078
f 4063 4226 4101
f 4123 4149 4056
f 4124 4103 4137
f 4103 4079 4150
f 4091 4125 4146
f 4152 4126 4081
f 4167 4129 4020
f 3992 4116 4167
f 4159 4190 4105
f 4105 4073 4159
f 4133 4073 4023
f 4051 4074 4119
f 4141 4107 4169
f 4053 4075 4135
f 4120 4135 4075
f 4193 4121 4096
f 4096 4214 4193
f 4111 4112 4215
f 4194 4215 4112
f 4112 4113 4194
f 4174 4194 4113
f 4188 4100 3999
f 4163 4188 3999
f 4149 4063 4114
f 4115 4164 4080
f 4189 4151 4125
f 4184 4067 4250
f 4147 4250 4067
f 4127 4147 4068
f 4116 4268 4198
f 4092 4310 4117
f 4177 4157 4118
f 4168 4177 4118
f 4170 4278 4134
f 4094 4170 4134
f 4095 4053 4201
f 4097 4098 4173
f 4136 4173 4098
f 4175 4017 4195
f 4087 4143 4077
f 4088 4099 4144
f 4187 4144 4099
f 4226 4163 4101
f 4150 4079 4104
f 4146 4125 4151
f 4082 4128 4166
f 4198 4167 4116
f 4093 4083 4233
f 4234 4233 4083
f 4083 4130 4234
f 4155 4234 4130
f 4119 4160 4051
f 4119 4069 4140
f 4162 4179 4106
f 4171 4170 4094
f 4240 4076 4121
f 4122 4097 4279
f 4173 4279 4097
f 4136 4111 4215
f 4181 4102 4040
f 4150 4137 4103
f 4189 4138 4249
f 4166 4128 4197
f 4233 4092 4093
f 4155 4131 4156
f 4131 4145 4156
f 4205 4156 4145
f 4141 4169 4270
f 4107 4086 4169
f 4108 4109 4261
f 4135 4201 4053
f 4192 4135 4120
f 4120 4076 4192
f 4195 4017 4223
f 4090 4146 4264
f 4139 4203 4165
f 4139 4019 4329
f 4184 4329 4019
f 4153 4197 4128
f 4145 4050 4148
f 4157 4177 4199
f 4132 4190 4158
f 4185 4160 4208
f 4161 4160 4119
f 4106 4209 4162
f 4270 4180 4141
f 4278 4036 4134
f 4171 4142 4172
f 4212 4172 4142
f 4142 4108 4212
f 4191 4052 4110
f 4095 4191 4110
f 4095 4201 4186
f 4264 4196 4090
f 4183 4264 4146
f 4152 4266 4126
f 4152 4165 4230
f 4168 4132 4207
f 4159 4236 4190
f 4159 4073 4244
f 4133 4244 4073
f 4219 4119 4140
f 4140 4269 4219
f 4052 4261 4109
f 4076 4240 4192
f 4173 4136 4263
f 4137 4150 4182
f 4126 4266 4217
f 4230 4266 4152
f 4197 4153 4176
f 4153 4154 4176
f 4154 4129 4176
f 4148 4205 4145
f 4148 4157 4199
f 4207 4206 4168
f 4158 4207 4132
f 4180 4270 4260
f 4175 4195 4273
f 4217 4138 4126
f 4165 4203 4230
f 4166 4289 4082
f 4197 4276 4166
f 4092 4233 4232
f 4206 4177 4168
f 4244 4236 4159
f 4180 4260 4209
f 4220 4086 4061
f 4061 4210 4220
f 4300 4210 4034
f 4300 4034 4035
f 4172 4212 4200
f 4221 4240 4121
f 4193 4221 4121
f 4174 4175 4313
f 4273 4313 4175
f 4241 4143 4087
f 4246 4241 4087
f 4087 4088 4246
f 4224 4246 4088
f 4088 4144 4224
f 4137 4182 4247
f 4217 4249 4138
f 4329 4203 4139
f 4289 4166 4276
f 4304 4234 4155
f 4155 4156 4304
f 4185 4208 4341
f 4238 4208 4160
f 4160 4161 4238
f 4219 4161 4119
f 4035 4036 4211
f 4172 4239 4171
f 4261 4212 4108
f 4252 4052 4191
f 4149 4216 4063
f 4149 4123 4227
f 4287 4254 4102
f 4102 4181 4287
f 4124 4137 4255
f 4247 4255 4137
f 4164 4115 4288
f 4151 4183 4146
f 4127 4243 4147
f 4258 4176 4129
f 4129 4167 4258
f 4199 4177 4206
f 4133 4178 4237
f 4291 4169 4086
f 4220 4291 4086
f 4251 4170 4171
f 4171 4239 4251
f 4172 4200 4239
f 4201 4213 4186
f 4313 4194 4174
f 4144 4187 4225
f 4307 4225 4187
f 4187 4100 4307
f 4163 4202 4188
f 4216 4226 4063
f 4115 4196 4288
f 4151 4189 4249
f 4167 4198 4231
f 4205 4148 4297
f 4158 4190 4218
f 4178 4185 4341
f 4211 4300 4035
f 4214 4222 4352
f 4194 4313 4365
f 4273 4195 4325
f 4223 4325 4195
f 4242 4307 4100
f 4188 4242 4100
f 4216 4149 4227
f 4254 4123 4102
f 4255 4287 4181
f 4181 4124 4255
f 4288 4196 4248
f 4264 4248 4196
f 4329 4184 9675
f 4250 9675 4184
f 4204 4082 4267
f 4289 4267 4082
f 4231 4258 4167
f 4234 4304 4339
f 4218 4190 4235
f 4269 4179 4281
f 4179 4162 4281
f 4282 4162 4209
f 4210 4300 4292
f 4200 4212 4284
f 4186 4191 4095
f 4275 4254 4287
f 4104 4164 4228
f 4183 4151 4256
f 4229 4265 4151
f 4151 4249 4229
f 4199 4297 4148
f 4236 4235 4190
f 4292 4220 4210
f 4284 4239 4200
f 4261 4052 4252
f 4262 4135 4192
f 4192 4240 4262
f 4352 4193 4214
f 4272 4222 4122
f 4279 4272 4122
f 4365 4215 4194
f 4223 4143 4245
f 4202 4242 4188
f 4226 4216 4274
f 4247 4182 4295
f 4104 4182 4150
f 4219 4269 4311
f 4320 4311 4269
f 4209 4260 4282
f 4278 4211 4036
f 4186 4213 4323
f 4135 4213 4201
f 4313 4273 4302
f 4254 4227 4123
f 4264 4183 4296
f 4256 4151 4265
f 4276 4197 4257
f 4310 4092 4232
f 4156 4205 4304
f 4297 4304 4205
f 4299 4206 4207
f 4207 4218 4299
f 4244 4340 4236
f 4343 4270 4169
f 4278 4170 4318
f 4284 4251 4239
f 4284 4212 4261
f 4285 4262 4240
f 4301 4240 4221
f 4263 4136 4253
f 4136 4215 4253
f 4215 4365 4253
f 4241 4245 4143
f 4144 4225 4286
f 4289 4276 4379
f 4233 4234 4319
f 4298 4297 4199
f 4259 4199 4206
f 4235 4236 4305
f 4300 4211 4271
f 4170 4251 9589
f 4191 4186 4322
f 4186 4323 4322
f 4280 4229 4249
f 4280 4249 4217
f 4395 4204 4267
f 4303 4231 4198
f 4244 4133 4237
f 4237 4178 4341
f 4283 4291 4220
f 4170 9589 4318
f 4279 4173 4372
f 4263 4372 4173
f 4241 4246 4373
f 4163 4226 4274
f 4228 4164 4361
f 4164 4288 4361
f 4296 4183 4256
f 4127 4204 4395
f 4339 4319 4234
f 4304 4297 4290
f 4299 4218 4277
f 4218 4235 4277
f 4270 4343 4348
f 4349 4169 4291
f 4252 4334 4261
f 4322 4252 4191
f 4301 4285 4240
f 4307 4374 4225
f 4228 4182 4104
f 4288 4248 4308
f 4248 4264 4296
f 4309 4217 4266
f 4230 4309 4266
f 4232 4233 4319
f 4199 4259 4298
f 4206 4299 4259
f 4269 4281 4320
f 4312 4271 4211
f 4261 4321 4284
f 4213 4135 4345
f 4352 4222 4388
f 4272 4388 4222
f 4294 4325 4223
f 4223 4245 4294
f 4373 4245 4241
f 4202 4163 4274
f 4254 4275 4360
f 4182 4228 4314
f 4328 4280 4217
f 4243 4127 4362
f 4395 4362 4127
f 4231 4303 4338
f 4198 4268 4303
f 4346 4290 4297
f 4237 4340 4244
f 4278 4318 4350
f 4293 9589 4251
f 4251 4284 4293
f 4334 4321 4261
f 4193 4301 4221
f 4272 4279 4337
f 4372 4337 4279
f 4372 4263 4413
f 4373 4367 4245
f 4224 4144 4286
f 4360 4227 4254
f 4377 4256 4265
f 4329 9675 9674
f 4289 4330 4267
f 4268 4117 4331
f 4317 4298 4259
f 4347 4238 4161
f 4282 4281 4162
f 4260 4270 4358
f 4349 4343 4169
f 4410 4349 4291
f 4193 4352 4336
f 4413 4263 4393
f 4253 4393 4263
f 4313 4302 4366
f 4225 4374 4394
f 4202 4432 4242
f 4361 4375 4228
f 4288 4308 4361
f 4217 4309 9579
f 4330 4289 4396
f 4379 4396 4289
f 4338 4176 4258
f 4258 4231 4338
f 4277 4235 4305
f 4342 4347 4311
f 4392 4320 4281
f 4282 4260 4358
f 4348 4358 4270
f 4291 4283 4410
f 4306 4283 4220
f 4220 4292 4306
f 4292 4300 4384
f 4211 4278 4312
f 4387 4252 4322
f 4274 4216 4326
f 4216 4227 4457
f 4360 4275 4390
f 4247 4295 4391
f 4308 4248 4376
f 4296 4376 4248
f 4280 4328 4327
f 4362 9676 4243
f 4330 4395 4267
f 4257 4379 4276
f 4331 4303 4268
f 4117 4310 4331
f 4297 4298 4346
f 4208 4238 4357
f 4281 4282 4490
f 4292 4384 4306
f 4271 4384 4300
f 4278 4350 4312
f 4412 4318 9589
f 4262 4285 4403
f 4285 4301 4364
f 4367 4294 4245
f 4286 4225 4394
f 4287 4255 4370
f 4399 4370 4255
f 4247 4399 4255
f 4295 4182 4434
f 4314 4434 4182
f 4228 4375 4315
f 4265 4229 4377
f 4280 4327 9599
f 9579 4328 4217
f 4230 4203 4316
f 4379 4257 4371
f 4423 4310 4232
f 4299 4277 4332
f 4305 4332 4277
f 4305 4236 4340
f 4490 4392 4281
f 4252 4335 4334
f 4135 4262 4345
f 4262 4403 4345
f 4246 4224 4389
f 4286 4389 4224
f 4242 4374 4307
f 4457 4326 4216
f 4314 4228 4315
f 4256 4377 4353
f 4316 9579 4309
f 4309 4230 4316
f 4423 4331 4310
f 4487 4423 4232
f 4320 4342 4311
f 4283 4306 4333
f 4318 4412 4350
f 4364 4193 4336
f 4227 4360 4457
f 4449 4275 4287
f 4370 4449 4287
f 4316 4203 4440
f 4329 4440 4203
f 4197 4371 4257
f 4303 4331 4354
f 4339 4304 4290
f 4298 4317 4346
f 4417 4317 4259
f 4259 4299 4417
f 4332 4417 4299
f 4344 9589 4293
f 4387 4335 4252
f 4324 4403 4285
f 4365 4393 4253
f 4367 4373 4368
f 4389 4373 4246
f 4399 4247 4391
f 9674 4440 4329
f 4354 4338 4303
f 4319 4339 4380
f 4332 4305 4402
f 4305 4340 4363
f 4381 4340 4237
f 4341 4208 4357
f 4333 4410 4283
f 4412 9589 4344
f 4321 4334 4386
f 4213 4398 4323
f 4364 4324 4285
f 4193 4364 4301
f 4366 4365 4313
f 4394 4369 4286
f 4456 4202 4274
f 4274 4326 4456
f 4353 4376 4296
f 4296 4256 4353
f 4328 9579 4438
f 4422 4354 4331
f 4319 4442 4232
f 4346 4401 4290
f 4417 4332 4356
f 4332 4402 4356
f 4446 4282 4358
f 4271 4312 4418
f 4336 4352 4430
f 4272 4337 4388
f 4373 4389 4431
f 4361 4308 4376
f 4438 4327 4328
f 4354 4400 4338
f 4232 4442 4487
f 4339 4290 4380
f 4346 4317 4397
f 4363 4402 4305
f 4381 4363 4340
f 4426 4357 4238
f 4238 4347 4426
f 4387 4322 4351
f 4322 4323 4398
f 4398 4213 4345
f 4325 4294 4273
f 4353 4377 4436
f 4378 4438 9579
f 4440 9674 9677
f 4396 4450 4330
f 4371 4197 4407
f 4197 4176 4407
f 4355 4422 4331
f 4401 4380 4290
f 4346 4397 4401
f 4317 4409 4397
f 4341 4382 4237
f 4347 4342 4426
f 4335 4386 4334
f 4352 4388 4359
f 4388 4337 4469
f 4432 4374 4242
f 4176 4338 4407
f 4381 4237 4382
f 4343 4349 4383
f 4271 4418 4384
f 4350 4418 4312
f 4398 4351 4322
f 4413 4393 4404
f 4458 4457 4360
f 4360 4390 4458
f 4391 4295 4434
f 4375 4361 4421
f 4436 4377 4405
f 9676 4362 4406
f 4441 4416 4379
f 4371 4441 4379
f 4331 4423 4355
f 4317 4417 4409
f 4392 4342 4320
f 4349 4410 4383
f 4385 4412 4344
f 4398 4345 4479
f 4368 4420 4367
f 4390 4275 4433
f 4338 4400 4407
f 4442 4319 4451
f 4408 4451 4319
f 4381 4425 4363
f 4382 4489 4381
f 4357 4426 4499
f 4348 4343 4383
f 4352 4359 4430
f 4448 4393 4365
f 4376 4353 4435
f 4377 9563 4405
f 9599 4327 9563
f 4395 4406 4362
f 4396 4379 4462
f 4416 4462 4379
f 4380 4408 4319
f 4401 4424 4380
f 4489 4425 4381
f 4341 4357 4382
f 4499 4382 4357
f 4383 4358 4348
f 4350 4412 4478
f 4386 4335 4428
f 4345 4403 4429
f 4359 4388 4469
f 4365 4366 4448
f 4503 4420 4368
f 4431 4389 4505
f 4286 4505 4389
f 4361 4376 4435
f 4438 4378 4460
f 4406 4395 4483
f 4483 4395 4330
f 4450 4483 4330
f 4408 4380 4463
f 4424 4463 4380
f 4401 4397 4443
f 4363 4445 4402
f 4475 4342 4392
f 4350 4478 4418
f 4345 4429 4479
f 4364 4336 4419
f 4431 4368 4373
f 4369 4505 4286
f 4374 4522 4394
f 4436 4435 4353
f 4327 4438 9563
f 4378 4316 4460
f 4316 4440 4439
f 4450 4396 4462
f 4397 4409 4443
f 4444 4417 4356
f 4356 4402 4444
f 4446 4490 4282
f 4411 4410 4333
f 4333 4306 4411
f 4447 4411 4306
f 4306 4384 4447
f 4335 4387 4466
f 4324 4468 4403
f 4364 4468 4324
f 4337 4372 4470
f 4520 4470 4372
f 4372 4413 4520
f 4453 4302 4273
f 4431 4503 4368
f 4369 4394 4522
f 4432 4202 4414
f 4456 4414 4202
f 4415 4433 4275
f 4275 4449 4415
f 4434 4314 4496
f 4315 4496 4314
f 4375 4421 4315
f 4435 4421 4361
f 4439 4460 4316
f 4409 4417 4488
f 4392 4490 4475
f 4428 4427 4386
f 4466 4387 4351
f 4351 4398 4452
f 4336 4430 4419
f 4469 4337 4470
f 4393 4448 4404
f 4273 4294 4453
f 4505 4454 4431
f 4523 4458 4390
f 4390 4433 4523
f 4400 4354 4422
f 4443 4424 4401
f 4564 4445 4363
f 4425 4564 4363
f 4411 4383 4410
f 4501 4478 4412
f 4412 4385 4501
f 4480 4468 4364
f 4364 4419 4480
f 4404 4520 4413
f 4522 4374 4506
f 4432 4506 4374
f 4436 4405 4437
f 9563 4438 4459
f 4423 4514 4355
f 4444 4402 4445
f 4490 4446 4540
f 4491 4446 4358
f 4491 4358 4383
f 4411 4464 4383
f 4428 4335 4466
f 4403 4468 4467
f 4419 4430 4519
f 4521 4453 4294
f 4522 4481 4369
f 4414 4455 4432
f 4545 4421 4435
f 4459 4437 4405
f 4498 4440 9596
f 4371 4407 4484
f 4400 4484 4407
f 4514 4422 4355
f 4516 4408 4463
f 4409 4488 4443
f 4426 4342 4475
f 4464 4491 4383
f 4466 4465 4428
f 4466 4351 4452
f 4467 4502 4429
f 4429 4403 4467
f 4505 4369 4481
f 4455 4506 4432
f 4613 4523 4433
f 4433 4415 4613
f 4391 4434 4507
f 4496 4507 4434
f 4460 4439 4510
f 4498 4510 4439
f 4439 4440 4498
f 4485 4484 4400
f 4400 4422 4485
f 4486 4485 4422
f 4487 4442 4515
f 4442 4451 4515
f 4451 4408 4516
f 4424 4443 4527
f 4417 4444 4488
f 4382 4499 4473
f 4474 4499 4426
f 4478 4492 4418
f 4494 4501 4385
f 4427 4428 4465
f 4404 4471 4520
f 4495 4448 4366
f 4366 4302 4495
f 4583 4415 4449
f 4370 4399 4534
f 4399 4391 4534
f 4545 4315 4421
f 4497 4546 4436
f 4436 4437 4497
f 4459 4438 4524
f 4483 4461 4406
f 4441 4371 4484
f 4514 4486 4422
f 4423 4487 4514
f 4411 4447 4476
f 4447 4384 4477
f 4479 4530 4398
f 4502 4479 4429
f 4560 4480 4419
f 4419 4519 4560
f 4552 4519 4430
f 4430 4359 4552
f 4532 4302 4453
f 4458 4523 4553
f 4507 4534 4391
f 4545 4482 4315
f 4524 4508 4459
f 4438 4460 4524
f 4510 4509 4460
f 4472 4416 4441
f 4484 4472 4441
f 4463 4424 4527
f 4547 4527 4443
f 4489 4382 4473
f 4475 4474 4426
f 4446 4491 4540
f 4500 4477 4384
f 4384 4418 4500
f 4418 4492 4500
f 4478 4501 4493
f 4465 4494 4427
f 4465 4466 4542
f 4466 4452 4530
f 4359 4469 4552
f 4453 4521 4573
f 4521 4294 4367
f 4367 4420 4521
f 4533 4521 4420
f 4503 4533 4420
f 4454 4503 4431
f 4457 4600 4326
f 4437 4459 4535
f 4508 4535 4459
f 4509 4524 4460
f 4483 4450 4512
f 4462 4512 4450
f 4462 4416 4472
f 4514 4487 4526
f 4443 4488 4538
f 4539 4488 4444
f 4445 4539 4444
f 4564 4557 4445
f 4540 4475 4490
f 4411 4518 4464
f 4476 4518 4411
f 4477 4476 4447
f 4492 4478 4493
f 4398 4530 4452
f 4530 4479 4502
f 4467 4468 4550
f 4532 4495 4302
f 4454 4504 4503
f 4544 4454 4505
f 4414 4456 4599
f 4456 4326 4600
f 4600 4457 4553
f 4457 4458 4553
f 4546 4545 4435
f 4435 4436 4546
f 4498 4461 4511
f 4483 4511 4461
f 4472 4512 4462
f 4472 4484 4513
f 4537 4513 4484
f 4484 4485 4537
f 4485 4486 4537
f 4487 4515 4526
f 4516 4515 4451
f 4547 4443 4538
f 4557 4539 4445
f 4473 4565 4489
f 4474 4528 4499
f 4475 4540 4568
f 4464 4518 4491
f 4466 4530 4542
f 4467 4550 4502
f 4532 4453 4573
f 4544 4504 4454
f 4510 4498 4525
f 4486 4514 4555
f 4488 4539 4538
f 4517 4540 4491
f 4518 4517 4491
f 4500 4492 4529
f 4493 4529 4492
f 4559 4493 4501
f 4494 4559 4501
f 4581 4469 4470
f 4470 4520 4581
f 4520 4471 4531
f 4448 4495 4610
f 4533 4503 4504
f 4505 4481 4544
f 4481 4522 4544
f 4415 4583 4613
f 4615 4315 4482
f 4509 4510 4536
f 4525 4536 4510
f 4498 4511 4525
f 4512 4511 4483
f 4512 4472 4513
f 4555 4537 4486
f 4558 4564 4425
f 4425 4489 4565
f 4499 4566 4473
f 4474 4475 4568
f 4494 4465 4569
f 4520 4531 4581
f 4506 4544 4522
f 4370 4534 4597
f 4507 4496 4601
f 4546 4598 4545
f 4437 4535 4497
f 4617 4508 4524
f 4554 4525 4511
f 4512 4554 4511
f 4514 4526 4555
f 4526 4515 4586
f 4516 4586 4515
f 4565 4558 4425
f 4528 4566 4499
f 4517 4576 4540
f 4518 4476 4549
f 4477 4656 4476
f 4477 4500 4577
f 4529 4577 4500
f 4569 4559 4494
f 4465 4542 4541
f 4530 4502 4571
f 4404 4448 4610
f 4543 4533 4504
f 4456 4600 4599
f 4597 4534 4584
f 4507 4584 4534
f 4601 4584 4507
f 4535 4508 4603
f 4524 4509 4644
f 4536 4644 4509
f 4586 4555 4526
f 4547 4538 4548
f 4538 4539 4563
f 4566 4565 4473
f 4568 4528 4474
f 4577 4656 4477
f 4529 4493 4578
f 4541 4569 4465
f 4570 4541 4542
f 4542 4530 4570
f 4530 4571 4570
f 4579 4502 4550
f 4550 4468 4551
f 4468 4480 4551
f 4560 4551 4480
f 4561 4552 4469
f 4469 4581 4561
f 4574 4533 4543
f 4543 4544 4562
f 4506 4562 4544
f 4449 4370 4597
f 4496 4315 4615
f 4598 4482 4545
f 4535 4603 4497
f 4617 4603 4508
f 4524 4644 4617
f 4537 4627 4513
f 4587 4516 4463
f 4556 4587 4463
f 4527 4556 4463
f 4527 4547 4556
f 4548 4556 4547
f 4628 4548 4538
f 4557 4563 4539
f 4568 4540 4576
f 4549 4622 4518
f 4578 4577 4529
f 4559 4578 4493
f 4560 4519 4572
f 4552 4572 4519
f 4404 4593 4471
f 4574 4521 4533
f 4562 4595 4543
f 4583 4449 4597
f 4602 4546 4497
f 4512 4513 4585
f 4604 4627 4537
f 4647 4604 4537
f 4537 4555 4647
f 4586 4516 4670
f 4670 4516 4587
f 4538 4563 4628
f 4557 4564 4589
f 4564 4558 4589
f 4517 4518 4621
f 4518 4622 4621
f 4656 4549 4476
f 4571 4502 4579
f 4591 4579 4550
f 4550 4551 4591
f 4572 4580 4560
f 4552 4561 4572
f 4593 4531 4471
f 4594 4573 4521
f 4521 4574 4594
f 4506 4582 4562
f 4599 4455 4414
f 4611 4553 4523
f 4615 4601 4496
f 4598 4615 4482
f 4602 4616 4546
f 4497 4603 4602
f 4536 4525 4618
f 4554 4625 4525
f 4627 4585 4513
f 4555 4586 4669
f 4556 4548 4575
f 4548 4628 4575
f 4589 4628 4563
f 4563 4557 4589
f 4605 4589 4558
f 4605 4558 4565
f 4565 4566 4606
f 4566 4528 4607
f 4567 4528 4568
f 4632 4567 4568
f 4568 4576 4632
f 4541 4608 4569
f 4580 4591 4551
f 4572 4561 4592
f 4561 4581 4592
f 4610 4593 4404
f 4543 4595 4574
f 4595 4562 4596
f 4613 4611 4523
f 4598 4546 4616
f 4618 4525 4625
f 4668 4646 4554
f 4554 4512 4668
f 4512 4585 4668
f 4587 4556 4588
f 4575 4588 4556
f 4606 4605 4565
f 4567 4607 4528
f 4576 4517 4649
f 4517 4621 4649
f 4559 4569 4608
f 4579 4591 4590
f 4531 4592 4581
f 9714 4596 4562
f 4562 4582 9714
f 4455 4582 4506
f 4647 4555 4669
f 4619 4669 4586
f 4586 4670 4619
f 4684 4628 4589
f 4605 4684 4589
f 4607 4606 4566
f 4567 4632 4631
f 4541 4570 4650
f 4570 4571 4657
f 4590 4571 4579
f 4652 4591 4580
f 4580 9598 4652
f 9715 9598 4592
f 4609 9715 4592
f 4592 4531 4609
f 4531 4593 4609
f 4636 4574 4595
f 4595 4596 4636
f 4614 4583 4597
f 4597 4584 4614
f 4615 4598 4677
f 4662 4603 4617
f 9714 4582 4455
f 4611 4613 4612
f 4584 4601 4643
f 4601 4615 4643
f 4616 4677 4598
f 4637 4616 4602
f 4602 4603 4637
f 4644 4536 4618
f 4625 4554 4646
f 4626 4668 4585
f 4585 4627 4626
f 4620 4588 4575
f 4575 4628 4620
f 4606 4684 4605
f 4606 4607 4629
f 4630 4629 4607
f 4607 4567 4630
f 4632 4576 4633
f 4648 4633 4576
f 4576 4649 4648
f 4622 4655 4621
f 4671 4656 4577
f 4577 4578 4671
f 4591 4651 4590
f 4609 4593 4623
f 4593 4610 4623
f 4624 4623 4610
f 4610 4495 4624
f 4495 4532 4624
f 4573 4624 4532
f 4638 4639 4680
f 9714 4455 9712
f 4641 9712 4455
f 4455 4599 4641
f 4600 4553 4660
f 4553 4611 4660
f 4611 4612 4660
f 4583 4614 9587
f 4677 4643 4615
f 4617 4644 4662
f 4588 4620 4683
f 4629 4721 4606
f 4578 4559 4685
f 4650 4608 4541
f 4650 4570 4657
f 4590 4657 4571
f 4698 4652 9598
f 4634 4698 9598
f 9598 9715 4634
f 4653 4634 9715
f 4623 4624 9713
f 4624 4573 4635
f 4594 4635 4573
f 4618 4625 4788
f 4645 4788 4625
f 4625 4646 4645
f 4627 4604 4626
f 4647 4626 4604
f 4683 4620 4736
f 4684 4620 4628
f 4721 4684 4606
f 4567 4631 4654
f 4632 4633 4631
f 4655 4649 4621
f 4578 4685 4694
f 4559 4608 4685
f 4739 4685 4608
f 4695 4739 4608
f 4652 4651 4591
f 4641 4599 4659
f 4661 4660 4612
f 4612 9587 4661
f 9587 4614 4642
f 4643 4642 4614
f 4614 4584 4643
f 4677 4616 4726
f 4678 4639 4638
f 4663 4678 4638
f 4666 9993 4681
f 4678 4702 4639
f 4640 4680 4688
f 4599 4600 4659
f 4660 4659 4600
f 4637 4726 4616
f 4662 4637 4603
f 4662 4644 4667
f 4692 4667 4644
f 4644 4618 4692
f 4788 4692 4618
f 4668 4626 4682
f 4619 4670 4796
f 4630 4567 4654
f 4656 4693 4549
f 4671 4578 4694
f 4650 4695 4608
f 4657 4740 4650
f 4672 4634 4653
f 4667 4700 4662
f 4626 4647 4706
f 4720 4706 4647
f 4647 4669 4720
f 4633 4648 4790
f 4622 4549 4722
f 4693 4722 4549
f 4723 4693 4656
f 4671 4723 4656
f 4671 4694 4738
f 4740 4657 4708
f 4696 4651 4652
f 4652 4698 4697
f 4673 4672 4653
f 9721 4659 4742
f 4675 4742 4659
f 4659 4660 4675
f 4676 4675 4660
f 4660 4661 4676
f 4642 4676 4661
f 4637 4662 4700
f 4702 9697 4639
f 4691 4678 4663
f 4663 4664 4691
f 4728 4691 4664
f 4679 4664 4663
f 4705 9993 4666
f 4668 4682 4734
f 4706 4682 4626
f 4670 4587 4796
f 4620 4684 4737
f 4633 4790 4631
f 4649 4655 4707
f 4655 4622 4722
f 4740 4695 4650
f 4768 4708 4657
f 4590 4768 4657
f 4697 4696 4652
f 4672 4673 4710
f 4673 9718 4752
f 9718 4674 4752
f 4686 4752 4674
f 4711 4686 4674
f 4674 4658 4711
f 4785 4711 4658
f 4658 9721 4785
f 4712 4785 9721
f 9721 4742 4712
f 4742 4675 4687
f 4699 4687 4675
f 4675 4676 4699
f 4676 4642 4725
f 4643 4725 4642
f 4643 4677 4725
f 4677 4713 4787
f 4677 4726 4713
f 4700 4754 4637
f 4802 4728 4664
f 4679 4780 4664
f 4688 4703 4640
f 4729 4688 4680
f 4680 4704 4729
f 4665 4717 4681
f 4705 4778 9993
f 4645 4646 4733
f 4789 4733 4646
f 4682 4706 4719
f 4588 4796 4587
f 4808 4588 4683
f 4629 4630 4759
f 4790 4654 4631
f 4707 4648 4649
f 4724 4694 4685
f 4685 4739 4750
f 4695 4740 4767
f 4798 4768 4590
f 4590 4651 4798
f 4751 4697 4698
f 4709 4698 4634
f 4754 4726 4637
f 4704 4716 4781
f 4681 4717 9999
f 4718 9990 4689
f 4773 4718 4689
f 4689 10001 4773
f 4727 4690 4714
f 4715 4714 4690
f 9697 4702 4715
f 4788 4645 4756
f 4668 4789 4646
f 4735 4706 4720
f 4720 4669 4757
f 4669 4619 4757
f 4808 4683 4736
f 4737 4736 4620
f 4797 4721 4629
f 4759 4797 4629
f 4630 4654 4759
f 4655 4722 4760
f 4722 4693 4829
f 4723 4671 4738
f 4724 4738 4694
f 4696 4798 4651
f 4634 4672 4709
f 4710 4709 4672
f 4752 4741 4673
f 4711 4753 4686
f 4800 4715 4702
f 4702 4743 4800
f 4678 4691 4743
f 4729 4747 4688
f 4704 4781 4729
f 4781 4716 4744
f 4840 4705 4666
f 4719 4734 4682
f 4795 4619 4796
f 4795 4796 4856
f 4684 4721 4797
f 4707 4810 4648
f 4850 4707 4655
f 4791 4850 4655
f 4749 4724 4685
f 4767 4739 4695
f 4708 4831 4740
f 4741 4710 4673
f 4784 4753 4711
f 4711 4785 4784
f 4687 4699 4769
f 4699 4676 4786
f 4786 4676 4725
f 4725 4677 4787
f 4700 4667 4770
f 4714 4715 4765
f 4743 4691 4766
f 4691 4728 4766
f 4780 4802 4664
f 4718 4773 4851
f 4773 10001 4775
f 10001 4746 4775
f 4701 4727 4748
f 4692 4770 4667
f 4734 4789 4668
f 4757 4735 4720
f 4797 4737 4684
f 4723 4738 9568
f 4724 4749 4860
f 4685 4750 4749
f 4844 4750 4739
f 4709 4751 4698
f 4752 4686 4753
f 4699 4786 4769
f 4713 4726 4787
f 4754 4700 4755
f 4779 4766 4728
f 4803 4802 4780
f 4703 4688 4819
f 4747 4819 4688
f 4805 4716 4730
f 4730 9696 4805
f 4748 4805 9696
f 9696 4701 4748
f 4748 4727 4764
f 4731 9989 4777
f 4761 4745 9990
f 9990 4718 4761
f 4851 4761 4718
f 4732 9996 4763
f 4734 4719 4825
f 4619 4758 4757
f 4808 4736 4827
f 4736 4737 4857
f 4738 4724 4812
f 4739 4767 4844
f 4813 4831 4708
f 4708 4768 4813
f 4696 4697 4832
f 4709 4710 4929
f 4845 4710 4741
f 4712 4742 4687
f 4786 4725 4816
f 4787 4816 4725
f 4770 4755 4700
f 4800 4765 4715
f 4766 4800 4743
f 4819 4818 4703
f 4781 4744 4888
f 4716 4838 4744
f 4761 4772 4745
f 4746 9991 4776
f 4792 4776 9991
f 4762 9994 4793
f 4732 4763 4777
f 4778 4763 9996
f 9992 4840 4666
f 4779 4728 4817
f 4780 4679 4836
f 4679 4703 4836
f 4818 4836 4703
f 4819 4747 4876
f 4729 4876 4747
f 4804 4838 4716
f 4805 4804 4716
f 4805 4748 4782
f 4749 4750 4885
f 4831 4767 4740
f 4798 4696 4814
f 4751 4832 4697
f 4710 4845 4929
f 4741 4752 4783
f 4752 4753 4783
f 4785 4712 4886
f 4769 4799 4687
f 4873 4787 4726
f 4726 4754 4873
f 4756 4733 4847
f 4794 4825 4719
f 4719 4706 4826
f 4706 4735 4826
f 4882 4796 4588
f 4737 4797 4858
f 4654 4987 4759
f 4648 4810 4790
f 4707 4850 4928
f 4760 4791 4655
f 4760 4722 4829
f 4693 4723 4811
f 4820 9987 4717
f 4772 4821 4745
f 4774 4773 4775
f 4775 4746 4881
f 4793 4792 4762
f 4777 10002 4731
f 4801 4800 4766
f 4802 4817 4728
f 4802 4803 4835
f 4744 4838 4837
f 4884 4738 4812
f 4750 4844 4885
f 4768 4798 4870
f 4832 4751 4917
f 4687 4833 4712
f 4873 4754 4906
f 4754 4755 4906
f 4755 4770 4846
f 4770 4692 4913
f 4692 4788 4913
f 4719 4826 4794
f 4795 4758 4619
f 4808 4882 4588
f 4857 4827 4736
f 4858 4857 4737
f 4829 4693 4830
f 4820 4717 4806
f 4771 4745 4806
f 4851 4773 4909
f 4773 4774 4909
f 4881 4774 4775
f 4746 4776 4881
f 10002 4777 4853
f 4777 4763 4853
f 4705 4854 4778
f 9992 4912 4840
f 4764 4714 4841
f 4714 4765 4841
f 4765 4800 4801
f 4779 4864 4766
f 4888 4729 4781
f 4782 4804 4805
f 4724 4860 4812
f 4813 4868 4831
f 4870 4813 4768
f 4901 4814 4696
f 4832 4901 4696
f 4946 4917 4751
f 4751 4709 4946
f 4741 4815 4845
f 4741 4783 4815
f 4902 4783 4753
f 4871 4753 4784
f 4886 4871 4784
f 4784 4785 4886
f 4886 4712 4833
f 4687 4799 4833
f 4834 4799 4769
f 4769 4786 4834
f 4816 4834 4786
f 4788 4756 4913
f 4825 4789 4734
f 4849 4735 4757
f 4849 4757 4758
f 4828 4797 4987
f 4797 4759 4987
f 4654 4790 4867
f 4810 4809 4790
f 4830 4693 4811
f 4717 4771 4806
f 4821 4806 4745
f 4761 4822 4772
f 4890 4776 4792
f 4793 10002 4823
f 4853 4763 4824
f 4778 4824 4763
f 4913 4756 4847
f 4895 4758 4795
f 4883 4808 4827
f 4896 4883 4827
f 4828 4858 4797
f 4867 4987 4654
f 4809 4867 4790
f 4915 4811 4723
f 4844 4767 4861
f 4767 4831 4861
f 4798 4814 4870
f 4976 4946 4709
f 4709 4929 4976
f 4871 4902 4753
f 4872 4816 4787
f 4873 4906 4905
f 4817 4802 4842
f 4802 4835 4842
f 4836 4803 4780
f 4837 4888 4744
f 4878 4804 4782
f 4822 4880 4772
f 4761 4851 4889
f 4792 4793 4852
f 4853 4823 10002
f 4853 4824 4839
f 4778 4854 4824
f 4854 4705 4840
f 4807 4789 4848
f 4866 4848 4789
f 4894 4825 4794
f 4794 4826 4894
f 4941 4849 4758
f 4758 4895 4942
f 4795 4856 4895
f 4883 4882 4808
f 4859 4850 4791
f 4900 4870 4814
f 5026 4901 4832
f 4862 4799 4834
f 4904 4834 4816
f 4787 4863 4872
f 4863 4787 4873
f 4893 4906 4755
f 4755 4846 4893
f 4766 4864 4801
f 4876 4729 4877
f 4888 4877 4729
f 4838 4804 4843
f 4880 4821 4772
f 4852 4890 4792
f 4823 4891 4793
f 4770 4913 4855
f 4789 4825 4866
f 4849 4826 4735
f 4897 4896 4827
f 4857 4897 4827
f 4828 4987 4927
f 4914 4928 4850
f 5022 4859 4791
f 4760 5022 4791
f 4830 4944 4829
f 4723 9568 4915
f 4898 4915 9568
f 4901 4900 4814
f 4917 5026 4832
f 4833 4799 4956
f 4887 4956 4799
f 4904 4862 4834
f 4846 4770 4855
f 4841 4919 4764
f 4874 4841 4765
f 4864 4933 4801
f 4779 4817 4864
f 4818 4819 4993
f 4819 4876 4993
f 4837 4838 4907
f 4820 4806 4908
f 4889 4822 4761
f 4852 4793 4891
f 4854 4840 4892
f 4865 4875 4817
f 4817 4842 4865
f 4843 4804 4964
f 4878 4964 4804
f 4884 4812 4916
f 5025 4812 4860
f 4885 4860 4749
f 4861 4988 4844
f 4945 4813 4870
f 5027 4929 4845
f 4845 4815 4977
f 4930 4871 4886
f 4862 4887 4799
f 4991 4904 4816
f 4872 4991 4816
f 4947 4893 4846
f 4846 4855 4947
f 4856 4796 4986
f 5074 4867 4809
f 4914 4850 4859
f 4829 4944 4760
f 4995 4879 4820
f 4806 4821 4908
f 4880 4822 4966
f 4881 4951 4774
f 4823 4853 4911
f 4824 4854 4940
f 4891 4823 4953
f 4939 4911 4853
f 4853 4839 4939
f 4839 4824 4940
f 4840 4912 4892
f 4913 4847 5008
f 4825 4894 4925
f 4973 4986 4796
f 4796 4882 4973
f 4828 4975 4858
f 5074 4809 4810
f 4944 5022 4760
f 4988 4885 4844
f 4831 4868 4861
f 4869 4813 5045
f 4815 4783 5046
f 4931 4903 4833
f 4958 4872 4863
f 4873 4958 4863
f 4765 4801 4874
f 4864 4817 4875
f 4865 4842 4935
f 4803 4836 4937
f 4888 4837 4920
f 4843 4907 4838
f 4995 4820 4908
f 4966 4965 4880
f 4951 4909 4774
f 4825 4925 4866
f 4826 4849 4941
f 4758 4942 4941
f 4942 4895 4955
f 4986 4955 4856
f 4858 4974 4857
f 4987 4867 5096
f 5074 5096 4867
f 4884 4899 4898
f 4868 4813 4869
f 4900 4945 4870
f 4977 5027 4845
f 5046 4977 4815
f 4783 4902 5046
f 4903 4886 4833
f 4956 4931 4833
f 4957 4887 4862
f 4906 4893 4924
f 4979 4841 4874
f 4874 4801 4933
f 4836 4818 4937
f 4877 4962 4876
f 4782 4938 4878
f 4821 4922 4908
f 4821 4880 4996
f 4965 4996 4880
f 4852 4891 4910
f 4911 4953 4823
f 4854 4892 4940
f 4947 4855 4948
f 4826 4941 4926
f 4895 4856 4955
f 4883 4973 4882
f 4707 4928 4810
f 4945 5045 4813
f 4902 4871 4989
f 5083 4930 4886
f 4886 4903 5083
f 4957 4862 4904
f 4874 4933 4961
f 4935 5009 4865
f 4980 4835 4803
f 4962 4993 4876
f 4920 4877 4888
f 4964 4878 4938
f 4921 4938 4782
f 4922 5052 4908
f 4966 4822 4997
f 4822 4889 4997
f 4951 4881 4967
f 4881 4776 4967
f 4981 4967 4776
f 4776 4890 4981
f 4953 4910 4891
f 4947 4948 4960
f 4954 4925 4894
f 4894 4826 4954
f 4971 4954 4826
f 4926 4971 4826
f 4943 4896 4897
f 4897 4857 5059
f 4898 4899 9627
f 5025 4916 4812
f 5026 4900 4901
f 5046 4902 4989
f 4918 4957 4904
f 4905 4958 4873
f 4905 4906 5028
f 4949 4919 4841
f 4934 4933 4864
f 4936 4835 4950
f 4980 4950 4835
f 4920 4837 5012
f 4837 4907 5012
f 4843 5012 4907
f 5052 4995 4908
f 4996 4922 4821
f 4889 4909 4923
f 4909 4951 4923
f 4952 4890 4852
f 4970 4892 4912
f 4939 4839 4998
f 4969 4998 4839
f 4839 4940 4969
f 4970 4912 9986
f 5007 4855 4913
f 4913 5008 5007
f 4883 4896 5058
f 4943 5002 4896
f 4974 5059 4857
f 4927 4987 5021
f 5023 5022 4944
f 4811 4915 5004
f 5044 4899 4884
f 4884 4916 5044
f 5097 5025 4860
f 4860 4885 5097
f 4988 5097 4885
f 4930 4989 4871
f 5101 4918 4904
f 4958 4991 4872
f 4924 4893 4960
f 4841 4979 4949
f 4934 4864 4875
f 4875 4865 4934
f 4803 4937 4980
f 5011 4937 4818
f 4962 4877 4994
f 4877 4920 4994
f 4843 4964 4963
f 4893 4947 4960
f 5040 4848 4866
f 4941 4942 4972
f 5002 5058 4896
f 5042 4810 4928
f 4928 4914 5042
f 5024 4944 4830
f 4830 4811 5024
f 4811 5004 5078
f 5061 5004 4915
f 4976 4929 5006
f 5080 5006 4929
f 5027 5080 4929
f 5082 4989 4930
f 5083 5082 4930
f 4931 5083 4903
f 4887 4957 4990
f 4904 4991 5101
f 4958 4905 4959
f 5028 4959 4905
f 4924 5028 4906
f 4978 4932 4919
f 4961 4979 4874
f 4992 4961 4933
f 5050 4934 4865
f 4865 5009 5050
f 5032 5009 4935
f 4936 5032 4935
f 5011 4980 4937
f 4993 5011 4818
f 4963 5012 4843
f 5052 4922 5015
f 4997 4889 5037
f 4852 4910 4952
f 4982 5016 4910
f 4910 4953 4982
f 4911 4939 4968
f 4984 4969 4940
f 4940 4892 4984
f 4970 4984 4892
f 4866 4925 4999
f 5001 4926 4941
f 4972 5001 4941
f 4942 4955 4972
f 5059 4943 4897
f 4975 4828 4927
f 5078 5024 4811
f 9627 4899 5160
f 4916 5025 5127
f 5098 4945 4900
f 5026 5098 4900
f 5005 4917 4946
f 4946 4976 5005
f 5027 4977 5130
f 5047 4956 4887
f 4932 4978 9689
f 4919 4949 4978
f 5030 4992 4933
f 4933 4934 5030
f 5013 4963 4964
f 4964 4938 5013
f 4995 5035 4879
f 4890 4952 4981
f 5068 4952 4910
f 5016 5068 4910
f 5000 4999 4925
f 4925 4954 5000
f 5019 4973 4883
f 5020 5059 4974
f 4974 4858 4975
f 5074 4810 5075
f 4810 5042 5075
f 4859 5042 4914
f 4869 4861 4868
f 4917 5063 5026
f 5006 5005 4976
f 5046 4989 5165
f 4931 4956 5047
f 4990 5047 4887
f 4991 4958 4959
f 4948 4855 5048
f 5007 5048 4855
f 4992 4979 4961
f 4993 4962 5051
f 5051 4962 4994
f 5036 4965 4966
f 4966 4997 5036
f 5122 4923 4951
f 4953 5053 5070
f 4953 4968 5053
f 4998 4968 4939
f 4998 4969 4983
f 4984 4983 4969
f 4984 4970 5017
f 9986 5106 4970
f 4999 5040 4866
f 5057 4985 4971
f 4971 4926 5057
f 4926 5001 5057
f 4975 5020 4974
f 5024 5023 4944
f 5003 5024 5078
f 5044 5043 4899
f 4945 5183 5045
f 5063 5143 5026
f 5081 5130 4977
f 4989 5082 5165
f 4959 5201 4991
f 9689 4978 5085
f 5065 4949 4979
f 4934 5050 5031
f 5009 5117 5050
f 4950 4980 5010
f 4920 5012 5188
f 5013 4938 5136
f 4921 5137 4938
f 5035 5014 4879
f 5035 4995 5066
f 5066 4995 5052
f 4965 5090 4996
f 4951 4967 5038
f 5038 4967 4981
f 4999 5000 5041
f 5072 5000 4954
f 4971 4985 4954
f 4972 4955 5226
f 5058 5019 4883
f 5058 5002 5073
f 4943 5073 5002
f 5096 5021 4987
f 5043 5160 4899
f 5163 5097 4988
f 5062 5114 4861
f 5062 4861 4869
f 5045 5062 4869
f 5005 5063 4917
f 5081 4977 5046
f 5083 4931 5084
f 4931 5047 5084
f 4990 4957 5115
f 4918 5115 4957
f 5028 4924 5116
f 4924 4960 5102
f 4948 5132 4960
f 5029 4978 4949
f 4979 4992 5065
f 4934 5031 5030
f 5032 4936 5033
f 4980 5011 5010
f 5173 5011 4993
f 5051 5173 4993
f 5118 5051 4994
f 4994 4920 5088
f 5188 5088 4920
f 5034 5012 4963
f 5013 5034 4963
f 4922 4996 5090
f 5037 5121 4997
f 5038 5122 4951
f 4981 4952 5039
f 4968 4998 5054
f 4998 4983 5054
f 4983 4984 5054
f 5055 5054 4984
f 4984 5017 5071
f 5017 4970 5106
f 4848 5040 5056
f 5041 5040 4999
f 5018 5057 5001
f 5001 4972 5018
f 5042 4859 5076
f 5181 5004 5061
f 5114 5163 4988
f 4988 4861 5114
f 5098 5183 4945
f 5027 5130 5129
f 5084 5047 5218
f 5101 4991 5201
f 5102 5116 4924
f 5007 5008 5048
f 5108 5048 5008
f 5008 9704 5108
f 5086 5085 4978
f 4978 5029 5086
f 5064 5029 4949
f 5065 5064 4949
f 5087 5117 5009
f 4936 4950 5033
f 5147 5033 4950
f 5089 5188 5012
f 5034 5089 5012
f 5136 4938 5137
f 5137 4921 5145
f 5035 9998 5014
f 5090 5015 4922
f 5036 4997 5121
f 4923 5122 5037
f 5039 5091 4981
f 4984 5071 5055
f 5093 5071 5017
f 5106 5093 5017
f 5106 9986 5194
f 5041 5000 5094
f 4954 4985 5072
f 4986 4973 5110
f 5059 5020 5180
f 4927 5021 5198
f 5125 5076 4859
f 4859 5022 5112
f 5022 5023 5112
f 5126 5112 5023
f 5060 5078 5004
f 5160 5061 9627
f 5183 5128 5045
f 5143 5216 5098
f 5026 5143 5098
f 5185 5080 5027
f 5028 5166 4959
f 5168 5132 4948
f 5168 4948 5048
f 5146 5086 5029
f 5049 5065 4992
f 4992 5030 5049
f 5031 5049 5030
f 5032 5087 5009
f 5134 5147 4950
f 4950 5010 5134
f 5011 5134 5010
f 5118 5173 5051
f 9998 5035 5104
f 5052 5149 5066
f 5208 4965 5036
f 5121 5208 5036
f 5122 5067 5037
f 4981 5091 5038
f 5016 4982 5123
f 5072 5109 5000
f 5212 4955 4986
f 4973 5019 5178
f 5180 4943 5059
f 5021 5096 5159
f 5024 5003 5077
f 5181 5060 5004
f 5141 5127 5025
f 5062 5045 5128
f 5005 5006 5079
f 5027 5129 5185
f 5100 5047 4990
f 5100 4990 5115
f 5132 5102 4960
f 5204 5031 5050
f 5050 5117 5204
f 5088 5118 4994
f 5034 5013 5119
f 5052 5015 5149
f 4965 5208 5189
f 5150 5121 5037
f 5123 5068 5016
f 4982 5070 5069
f 5070 5053 5105
f 5053 5092 5105
f 5055 5092 5054
f 9706 5056 9705
f 5041 5094 5138
f 5094 5000 5095
f 5109 5095 5000
f 4985 5057 5177
f 5018 5177 5057
f 5226 5018 4972
f 5110 5212 4986
f 5178 5110 4973
f 4943 5180 5197
f 5075 5111 5074
f 5076 5075 5042
f 5077 5023 5024
f 5061 5160 5140
f 5182 5043 5044
f 5097 5163 5142
f 5128 5253 5062
f 5255 5079 5006
f 5165 5099 5046
f 5083 5084 5322
f 5200 5131 4918
f 4918 5101 5200
f 5166 5201 4959
f 5064 5146 5029
f 5064 5065 5049
f 5087 5032 5172
f 5120 5104 5035
f 5035 5066 5120
f 5207 5149 5015
f 5015 5090 5207
f 5090 4965 5189
f 5037 5067 5150
f 5190 5122 5038
f 5038 5091 5190
f 5069 5070 5152
f 5105 5152 5070
f 5092 5055 5107
f 5055 5071 5153
f 5072 4985 5156
f 5058 5073 5179
f 5198 5021 5159
f 5111 5096 5074
f 5112 5125 4859
f 5003 5078 5113
f 5060 5113 5078
f 5272 5114 5062
f 5253 5272 5062
f 5099 5081 5046
f 5100 5218 5047
f 5132 5221 5102
f 5103 5085 5170
f 5172 5187 5087
f 5134 5011 5233
f 5118 5088 5148
f 5089 5034 5135
f 5013 5136 5119
f 5120 5066 5149
f 5151 5039 4952
f 5107 5105 5092
f 5153 5107 5055
f 5041 5154 5040
f 5138 5094 5124
f 5094 5095 5124
f 5177 5156 4985
f 5019 5058 5157
f 5139 5157 5058
f 5198 4975 4927
f 5061 5140 5181
f 5161 5182 5127
f 5162 5141 5025
f 5025 5097 5162
f 5097 5142 5162
f 5183 5098 5403
f 5216 5403 5098
f 5131 5115 4918
f 5101 5201 5220
f 5028 5116 5186
f 5132 5168 5133
f 5170 5145 5103
f 5146 5064 5171
f 5117 5087 5187
f 5188 5148 5088
f 4952 5068 5151
f 5068 5123 5209
f 5153 5071 5175
f 5093 5106 5193
f 5194 5193 5106
f 5093 5175 5071
f 5108 9705 5144
f 5056 5040 5154
f 5138 5211 5041
f 5124 5095 5155
f 5058 5179 5139
f 5073 4943 5158
f 5043 5182 5215
f 5080 5255 5006
f 5116 5102 5167
f 5221 5167 5102
f 5132 5133 5323
f 5086 5170 5085
f 5172 5032 5033
f 5189 5207 5090
f 5189 5208 5297
f 5224 5208 5121
f 5150 5224 5121
f 5151 5235 5039
f 5174 5068 5209
f 5209 5123 5210
f 5123 5069 5191
f 5152 5191 5069
f 5158 5179 5073
f 5158 4943 5197
f 5076 5111 5075
f 5126 5023 5250
f 5023 5077 5250
f 5060 5181 5229
f 5127 5141 5161
f 5164 5143 5063
f 5130 5185 5129
f 5256 5099 5165
f 5082 5083 5199
f 5322 5199 5083
f 5115 5131 5274
f 5220 5200 5101
f 5166 5028 5186
f 5186 5116 5167
f 5168 5048 5169
f 5187 5204 5117
f 5033 5147 5232
f 5134 5205 5147
f 5011 5173 5233
f 5089 5135 5188
f 5119 5136 5206
f 5235 5091 5039
f 5152 5107 5192
f 5107 5153 5192
f 5211 5138 5267
f 5195 5267 5138
f 5239 5195 5138
f 5124 5239 5138
f 5155 5176 5124
f 5177 5018 5247
f 4955 5212 5226
f 5019 5157 5268
f 4975 5213 5020
f 5159 5096 5333
f 5111 5333 5096
f 5125 5228 5076
f 5112 5214 5125
f 5304 5077 5003
f 5003 5113 5304
f 5160 5043 5215
f 5141 5162 5161
f 5143 5184 5216
f 5164 5184 5143
f 5164 5063 5005
f 5256 5081 5099
f 5165 5082 5217
f 5218 5241 5084
f 5100 5115 5274
f 5048 5108 5169
f 5203 5169 5108
f 5294 5258 5145
f 5145 5170 5294
f 5146 5171 5278
f 5172 5033 5326
f 5205 5232 5147
f 5233 5173 5296
f 5148 5173 5118
f 5148 5188 5222
f 5206 5135 5034
f 5034 5119 5206
f 5206 5136 5137
f 5120 5149 5261
f 5207 5261 5149
f 5150 5067 5224
f 5174 5151 5068
f 5192 5153 5175
f 5193 5236 5093
f 5154 5041 5211
f 5239 5124 5176
f 5176 5155 5196
f 5072 5156 5240
f 5247 5018 5226
f 5212 5110 5288
f 5214 5228 5125
f 5140 5160 5291
f 5215 5291 5160
f 5163 5114 5272
f 5273 5253 5128
f 5255 5309 5079
f 5322 5084 5241
f 5131 5200 5257
f 5201 5166 5202
f 5166 5186 5276
f 5167 5221 5242
f 5323 5221 5132
f 5133 5168 5169
f 5108 5144 5203
f 5294 5170 5231
f 5170 5086 5231
f 5259 5231 5086
f 5086 5146 5259
f 5204 5278 5171
f 5326 5033 5232
f 5205 5134 5295
f 5233 5295 5134
f 5148 5296 5173
f 5135 5206 5243
f 5145 5223 5137
f 5120 9995 5104
f 5298 5224 5067
f 5067 5122 5298
f 5122 5190 5298
f 5244 5192 5175
f 5175 5093 5244
f 5193 5194 5266
f 9705 5056 5324
f 5154 5324 5056
f 5211 5324 5154
f 5225 5196 5155
f 5240 5155 5095
f 5095 5109 5240
f 5156 5177 5247
f 5178 5019 5331
f 5139 5179 5227
f 4975 5198 5213
f 5251 5250 5077
f 5229 5181 5305
f 5181 5140 5305
f 5182 5161 5270
f 5128 5183 5273
f 5309 5005 5079
f 5419 5080 5185
f 5185 5130 5419
f 5292 5130 5081
f 5217 5082 5199
f 5218 5100 5219
f 5274 5219 5100
f 5220 5275 5200
f 5166 5276 5202
f 5167 5276 5186
f 5187 5172 5313
f 5172 5326 5279
f 5188 5135 5222
f 5206 5137 5223
f 5258 5223 5145
f 9995 5120 5282
f 5207 5189 5234
f 5190 5091 5298
f 5262 5298 5091
f 5235 5262 5091
f 5299 5235 5151
f 5209 5210 5263
f 5210 5191 5264
f 5244 5264 5191
f 5191 5192 5244
f 5236 5244 5093
f 5072 5240 5109
f 5268 5331 5019
f 5157 5139 5268
f 5227 5268 5139
f 5249 5179 5158
f 5369 5289 5197
f 5180 5369 5197
f 5159 5333 5446
f 5112 5126 5303
f 5060 5229 5113
f 5335 5305 5140
f 5162 5142 5307
f 5308 5142 5163
f 5273 5183 5403
f 5131 5257 5274
f 5275 5257 5200
f 5202 5220 5201
f 5167 5242 5277
f 5203 5144 5349
f 5238 5349 5144
f 5259 5146 5377
f 5278 5377 5146
f 5279 5313 5172
f 5261 5282 5120
f 5208 5224 5283
f 5284 5174 5209
f 5209 5263 5284
f 5264 5263 5210
f 5236 5193 5237
f 5266 5237 5193
f 5239 5351 5195
f 5245 5176 5196
f 5196 5225 5245
f 5248 5247 5226
f 5368 5249 5158
f 5158 5197 5401
f 5289 5401 5197
f 5213 5180 5020
f 5303 5214 5112
f 5077 5304 5251
f 5161 5162 5307
f 5163 5272 5308
f 5184 5254 5216
f 5419 5130 5292
f 5218 5219 5241
f 5310 5242 5221
f 5323 5310 5221
f 5133 5169 5230
f 5204 5187 5278
f 5232 5205 5260
f 5148 5222 5280
f 5222 5135 5243
f 5314 5281 5223
f 5258 5314 5223
f 5234 5261 5207
f 5234 5189 5297
f 5283 5297 5208
f 5302 5245 5225
f 5246 5302 5225
f 5225 5155 5246
f 5155 5240 5246
f 5288 5248 5226
f 5226 5212 5288
f 5227 5179 5344
f 5249 5344 5179
f 5333 5111 5318
f 5111 5076 5318
f 5290 5113 5229
f 5252 5335 5140
f 5140 5291 5252
f 5306 5215 5182
f 5182 5270 5306
f 5403 5216 5418
f 5309 5164 5005
f 5420 5292 5081
f 5081 5256 5388
f 5293 5220 5202
f 5260 5326 5232
f 5297 5283 5354
f 5235 5299 5262
f 5244 5236 5301
f 5237 5301 5236
f 5324 5349 5238
f 5324 5211 5350
f 5267 5350 5211
f 5287 5240 5156
f 5110 5178 5429
f 5076 5228 5318
f 5305 5290 5229
f 5291 5215 5269
f 5215 5306 5269
f 5308 5307 5142
f 5273 5336 5253
f 5164 5309 5373
f 5241 5219 5449
f 5276 5167 5347
f 5310 5277 5242
f 5323 5133 5311
f 5133 5230 5311
f 5313 5353 5187
f 5280 5296 5148
f 5281 5243 5206
f 5206 5223 5281
f 5330 5283 5224
f 5330 5224 5362
f 5151 5174 5299
f 5301 5264 5244
f 5266 5265 5237
f 5169 5203 5230
f 5339 5230 5203
f 5349 5339 5203
f 5239 5176 5341
f 5176 5245 5341
f 5285 9607 5245
f 5245 5302 5285
f 5246 5240 5286
f 5156 5247 5287
f 5247 5248 5316
f 5248 5288 5316
f 5178 5331 5429
f 5268 5227 5344
f 5400 5368 5158
f 5158 5401 5400
f 5332 5369 5180
f 5213 5332 5180
f 5446 5198 5159
f 5319 5250 5251
f 5290 5304 5113
f 5309 5255 5387
f 5255 5080 5387
f 5358 5387 5080
f 5256 5165 5337
f 5450 5449 5219
f 5293 5202 5347
f 5202 5276 5347
f 5277 5347 5167
f 5258 5294 5312
f 5294 5231 5352
f 5231 5259 5352
f 5278 5187 5353
f 5280 5222 5327
f 5243 5327 5222
f 5314 5258 5312
f 5282 5261 5380
f 5234 5297 5328
f 5298 5362 5224
f 5356 5284 5263
f 5300 5356 5263
f 5264 5300 5263
f 5351 5454 5195
f 5351 5239 5340
f 5239 5341 5340
f 5240 5287 5286
f 5316 5287 5247
f 5288 5110 5398
f 5345 5318 5228
f 5413 5303 5126
f 5126 5250 5413
f 5290 5305 5334
f 5164 5254 5184
f 5277 5310 5359
f 5311 5230 5338
f 5278 5353 5377
f 5380 5261 5234
f 5283 5330 5329
f 5174 5284 5355
f 5264 5301 5300
f 5301 5237 5397
f 5265 5397 5237
f 5267 5195 5350
f 5454 5350 5195
f 5316 5286 5287
f 5344 5249 5317
f 5249 5368 5317
f 5251 5304 5370
f 5507 5252 5291
f 5271 5306 5270
f 5272 5253 5321
f 5469 5253 5336
f 5080 5419 5358
f 5081 5388 5420
f 5374 5337 5165
f 5322 5241 5404
f 5257 5389 5274
f 5377 5393 5259
f 5205 5378 5260
f 5205 5295 5379
f 9995 5282 5443
f 5380 5443 5282
f 5328 5380 5234
f 5328 5297 5354
f 5356 5355 5284
f 5397 5300 5301
f 5266 9997 5265
f 5343 5285 5302
f 5286 5343 5302
f 5302 5246 5286
f 5286 5316 5315
f 5110 5429 5398
f 5228 5214 5345
f 5304 5290 5370
f 5305 5335 5334
f 5269 5507 5291
f 5415 5271 5307
f 5307 5308 5320
f 5308 5272 5321
f 5469 5321 5253
f 5254 5418 5216
f 5386 5373 5309
f 5217 5374 5165
f 5449 5404 5241
f 5257 5275 5500
f 5220 5500 5275
f 5312 5294 5325
f 5313 5279 5360
f 5279 5326 5360
f 5260 5394 5326
f 5312 5281 5314
f 5362 5298 5427
f 5396 5355 5356
f 5265 5428 5397
f 9607 5285 5342
f 5343 5342 5285
f 5366 5315 5316
f 5316 5288 5366
f 5398 5366 5288
f 5214 5303 5402
f 5303 5413 5402
f 5319 5413 5250
f 5319 5251 5385
f 5251 5370 5385
f 5435 5335 5252
f 5309 5387 5386
f 5581 5374 5217
f 5199 5581 5217
f 5219 5274 5375
f 5389 5375 5274
f 5257 5500 5389
f 5348 5438 5323
f 5323 5311 5348
f 5339 5338 5230
f 5453 5349 5324
f 5350 5492 5324
f 5351 5421 5454
f 5312 5325 5392
f 5294 5352 5325
f 5393 5352 5259
f 5326 5394 5360
f 5378 5394 5260
f 5443 5425 9995
f 5380 5328 5361
f 5410 5262 5299
f 5268 5399 5331
f 5317 5368 5367
f 5333 5318 5446
f 5346 5370 5290
f 5371 5346 5290
f 5334 5371 5290
f 5320 5415 5307
f 5256 5337 5388
f 5450 5219 5375
f 5347 5277 5451
f 5359 5451 5277
f 5438 5405 5310
f 5310 5323 5438
f 5339 5349 5390
f 5341 9607 5363
f 5295 5233 5379
f 5424 5233 5296
f 5424 5296 5514
f 5408 5243 5281
f 5361 5328 5395
f 5328 5354 5395
f 5329 5354 5283
f 5362 5329 5330
f 5545 5298 5262
f 5299 5174 5473
f 5174 5355 5473
f 5397 5381 5300
f 5364 5382 5342
f 5342 5343 5364
f 5383 5364 5343
f 5286 5383 5343
f 5286 5315 5365
f 5331 5399 5429
f 5268 5344 5399
f 5431 5332 5213
f 5384 5431 5213
f 5213 5198 5384
f 5446 5384 5198
f 5345 5214 5402
f 5465 5413 5319
f 5319 5385 5465
f 5269 5306 5468
f 5271 5415 5372
f 5320 5308 5416
f 5308 5321 5416
f 5417 5416 5321
f 5373 5254 5164
f 5322 5404 5569
f 5293 5347 5595
f 5557 5595 5347
f 5451 5557 5347
f 5311 5338 5570
f 5390 5349 5453
f 5453 5324 5492
f 5350 5454 5357
f 5340 5422 5421
f 5421 5351 5340
f 5325 5352 5440
f 5352 5393 5440
f 5360 5441 5313
f 5423 5394 5378
f 5233 5424 5379
f 5296 5280 5514
f 5281 5312 5408
f 5354 5409 5395
f 5354 5329 5409
f 5473 5410 5299
f 5396 5356 5474
f 5357 5492 5350
f 5391 5341 5363
f 9607 5342 5363
f 5382 5363 5342
f 5365 5383 5286
f 5344 5317 5445
f 5317 5367 5445
f 5370 5346 5467
f 5484 5371 5334
f 5435 5484 5334
f 5334 5335 5435
f 5468 5507 5269
f 5306 5436 5468
f 5321 5469 5417
f 5273 5508 5336
f 5418 5254 5470
f 5387 5358 5437
f 5488 5358 5419
f 5471 5420 5388
f 5359 5310 5376
f 5310 5405 5376
f 5510 5348 5311
f 5392 5408 5312
f 5393 5377 5490
f 5441 5353 5313
f 5458 5378 5205
f 5379 5458 5205
f 5456 5514 5280
f 5280 5327 5459
f 5408 5327 5243
f 5356 5300 5381
f 5452 5570 5338
f 5339 5452 5338
f 5463 5365 5315
f 5315 5366 5444
f 5399 5344 5445
f 5368 5400 5430
f 5412 5401 5289
f 5289 5369 5412
f 5369 5332 5412
f 5446 5318 5432
f 5432 5318 5464
f 5370 5434 5385
f 5370 5467 5434
f 5346 5414 5467
f 5346 5371 5414
f 5507 5435 5252
f 5508 5469 5336
f 5254 5373 5470
f 5569 5404 5509
f 5375 5389 5499
f 5472 5451 5359
f 5359 5376 5472
f 5440 5392 5325
f 5490 5377 5406
f 5377 5353 5406
f 5406 5353 5491
f 5407 5441 5360
f 5456 5280 5459
f 5327 5408 5459
f 5443 5380 5426
f 5262 5410 5545
f 5526 5473 5355
f 5355 5396 5526
f 5381 5474 5356
f 9997 5428 5265
f 5365 5364 5383
f 5398 5444 5366
f 5430 5367 5368
f 5332 5431 5412
f 5318 5345 5464
f 5414 5371 5538
f 5320 5416 5608
f 5273 5403 5508
f 5437 5386 5387
f 5388 5337 5542
f 5337 5374 5645
f 5581 5199 5582
f 5448 5322 5569
f 5390 5452 5339
f 5363 5439 5391
f 5360 5394 5407
f 5423 5407 5394
f 5361 5426 5380
f 5545 5427 5298
f 5474 5526 5396
f 5381 5397 5442
f 5397 5428 5442
f 5428 9997 9985
f 5315 5444 5463
f 5411 5429 5399
f 5445 5411 5399
f 5400 5401 5535
f 5401 5412 5535
f 5496 5431 5384
f 5433 5464 5345
f 5345 5402 5433
f 5465 5385 5466
f 5538 5371 5484
f 5579 5468 5436
f 5518 5508 5403
f 5418 5518 5403
f 5373 5386 5470
f 5489 5488 5419
f 5489 5419 5292
f 5471 5292 5420
f 5448 5582 5199
f 5322 5448 5199
f 5404 5449 5509
f 5220 5293 5648
f 5595 5648 5293
f 5491 5353 5441
f 5423 5378 9558
f 5458 9558 5378
f 5515 5459 5408
f 5502 5409 5329
f 5329 5362 5502
f 5382 5364 5493
f 5364 5365 5462
f 5481 5535 5412
f 5412 5431 5481
f 5402 5413 5433
f 5447 5433 5413
f 5465 5447 5413
f 5434 5466 5385
f 5483 5467 5414
f 5435 5507 5485
f 5608 5415 5320
f 5610 5471 5388
f 5542 5610 5388
f 5570 5510 5311
f 5363 5455 5461
f 5490 5530 5440
f 5440 5393 5490
f 5407 5423 5457
f 5424 5458 5379
f 5443 5477 5425
f 5427 5502 5362
f 5442 5428 5476
f 9985 5476 5428
f 5462 5493 5364
f 5365 5463 5462
f 5479 5444 5398
f 5494 5479 5398
f 5429 5494 5398
f 5495 5400 5535
f 5496 5481 5431
f 5482 5447 5465
f 5483 5414 5538
f 5485 5484 5435
f 5486 5579 5436
f 5436 5372 5486
f 5517 5608 5416
f 5555 5417 5469
f 5437 5358 5594
f 5684 5449 5450
f 5389 5500 5556
f 5452 5390 5562
f 5563 5422 5340
f 5439 5563 5340
f 5363 5461 5439
f 5458 5424 5512
f 5460 5515 5408
f 5443 5426 5618
f 5474 5381 5475
f 5381 5442 5475
f 5604 5475 5442
f 5476 5604 5442
f 5477 5443 5618
f 5529 5426 5361
f 5361 5395 5529
f 5478 5529 5395
f 5493 5504 5382
f 5522 5462 5463
f 5367 5430 5524
f 5495 5430 5400
f 5384 5446 5506
f 5432 5506 5446
f 5567 5434 5467
f 5485 5507 5712
f 5372 5415 5626
f 5498 5416 5417
f 5470 5487 5418
f 5389 5556 5499
f 5562 5570 5452
f 5520 5453 5492
f 5521 5357 5454
f 5421 5521 5454
f 5422 5584 5421
f 5455 5677 5461
f 5392 5460 5408
f 5490 5406 5501
f 5395 5409 5478
f 5577 5410 5473
f 5392 5440 5511
f 5440 5530 5511
f 5491 5501 5406
f 5407 5457 5559
f 9558 5559 5457
f 5456 5459 5770
f 5515 5770 5459
f 5503 5455 5504
f 5547 5504 5493
f 5534 5494 5429
f 5523 5534 5429
f 5429 5411 5523
f 5480 5411 5445
f 5524 5480 5445
f 5524 5445 5367
f 5432 5464 5497
f 5567 5467 5483
f 5484 5485 5525
f 5508 5555 5469
f 5487 5518 5418
f 5437 5519 5386
f 5645 5542 5337
f 5684 5509 5449
f 5648 5500 5220
f 5628 5405 5438
f 5438 5348 5596
f 5475 5560 5474
f 5528 5604 5476
f 5409 5502 5633
f 5427 5545 5676
f 5533 5547 5493
f 5463 5444 5522
f 5411 5480 5523
f 5535 5481 5505
f 5481 5496 5505
f 5506 5496 5384
f 5432 5497 5506
f 5464 5433 9646
f 5558 9646 5433
f 5485 5712 5539
f 5579 5486 5540
f 5486 5372 5607
f 5372 5626 5607
f 5626 5415 5608
f 5555 5498 5417
f 5541 5487 5470
f 5471 5489 5292
f 5450 5375 5684
f 5375 5499 5776
f 5472 5557 5451
f 5405 5472 5376
f 5596 5628 5438
f 5501 5530 5490
f 5491 5441 5602
f 5770 5514 5456
f 5453 5520 5390
f 5520 5492 5752
f 5357 5752 5492
f 5521 5421 5584
f 5546 5677 5455
f 5531 5546 5455
f 5455 5503 5531
f 5504 5547 5532
f 5480 5524 5549
f 5495 5524 5430
f 5505 5496 5551
f 5506 5551 5496
f 9646 5497 5464
f 5447 5558 5433
f 5466 5434 5553
f 5538 5484 5525
f 5539 5525 5485
f 5697 5507 5468
f 5508 5518 5627
f 5580 5488 5489
f 5569 5583 5448
f 5647 5776 5499
f 5500 5648 5556
f 5597 5596 5348
f 5348 5510 5597
f 5562 5390 5520
f 5573 5460 5392
f 5511 5573 5392
f 5602 5501 5491
f 5512 5424 5513
f 5424 5514 5513
f 5618 5561 5477
f 5427 5633 5502
f 5661 5545 5410
f 5577 5661 5410
f 5543 5473 5526
f 5527 5526 5474
f 5560 5527 5474
f 5476 9985 5528
f 5584 5422 5611
f 5563 5611 5422
f 5563 5439 5564
f 5461 5564 5439
f 5503 5504 5532
f 5493 5462 5533
f 5462 5522 5533
f 5479 5522 5444
f 5590 5589 5535
f 5535 5505 5590
f 5550 5590 5505
f 5551 5550 5505
f 5506 5497 5552
f 5606 5447 5482
f 5466 5606 5482
f 5567 5553 5434
f 5507 5697 5712
f 5644 5518 5487
f 5489 5471 5580
f 5581 5645 5374
f 5562 5629 5570
f 9558 5458 5614
f 5614 5458 5512
f 5516 5515 5460
f 5633 5478 5409
f 5577 5473 5543
f 5560 5475 5616
f 5475 5604 5616
f 5528 9985 5544
f 5511 5530 5574
f 5441 5407 5688
f 5603 5559 9558
f 5770 5515 5516
f 5471 5610 5580
f 5509 5646 5569
f 5684 5375 5776
f 5595 5557 5739
f 5557 5472 5650
f 5565 5533 5522
f 5522 5479 5565
f 5479 5494 5565
f 5534 5523 5548
f 5549 5523 5480
f 5552 5551 5506
f 5497 9646 5536
f 5567 5483 5554
f 5711 5554 5483
f 5538 5711 5483
f 5579 5697 5468
f 5579 5540 5625
f 5527 5575 5526
f 5426 5529 5719
f 5529 5478 5719
f 5676 5633 5427
f 5530 5501 5652
f 5688 5602 5441
f 5654 5407 5559
f 5614 5603 9558
f 5564 5461 5586
f 5677 5586 5461
f 5531 5503 5679
f 5533 5565 5598
f 5534 5587 5494
f 5534 5548 5566
f 5523 5549 5548
f 5549 5524 5588
f 5524 5495 5589
f 5495 5535 5589
f 5590 5550 5591
f 5550 5551 5601
f 5536 5552 5497
f 5578 5537 5447
f 5606 5578 5447
f 5711 5538 5525
f 5607 5540 5486
f 5608 5517 5672
f 5517 5416 5498
f 5508 5627 5555
f 5568 5627 5518
f 5714 5541 5470
f 5519 5714 5470
f 5470 5386 5519
f 5519 5437 5593
f 5488 5594 5358
f 5582 5448 5583
f 5646 5509 5715
f 5556 5648 5699
f 5405 5650 5472
f 5675 5597 5510
f 5575 5543 5526
f 5604 5528 5617
f 5544 5617 5528
f 5605 5576 5544
f 5544 5561 5605
f 5618 5426 5703
f 5719 5703 5426
f 5752 5705 5520
f 5565 5494 5587
f 5566 5587 5534
f 9612 5548 5549
f 5549 5588 9612
f 5622 5588 5524
f 5524 5589 5622
f 5590 5591 5641
f 5591 5550 5601
f 5552 5601 5551
f 5568 5518 5644
f 5628 5596 5716
f 5716 5596 5597
f 5570 5675 5510
f 5537 5572 5558
f 5573 5511 5574
f 5501 5602 5613
f 5688 5407 5654
f 5603 5654 5559
f 5513 5514 5656
f 5516 5460 5657
f 5577 5543 5658
f 5560 5616 5615
f 5576 5617 5544
f 5752 5357 5521
f 5781 5752 5521
f 5584 5634 5521
f 5533 5598 5547
f 9612 5566 5548
f 9612 5588 9614
f 5592 5606 5466
f 5553 5592 5466
f 5758 5553 5567
f 5525 5539 5682
f 5437 5594 5593
f 5738 5715 5509
f 5684 5738 5509
f 5499 5556 5647
f 5674 5650 5405
f 5571 5572 5668
f 5572 5537 5668
f 5652 5574 5530
f 5585 5652 5501
f 5585 5501 5613
f 5602 5688 5653
f 5513 5614 5512
f 5631 5527 5560
f 5615 5631 5560
f 5618 5686 5561
f 5719 5478 5704
f 5661 5676 5545
f 5687 5661 5577
f 5668 9647 5571
f 5592 5553 5643
f 5554 5758 5567
f 5712 5671 5539
f 5517 5498 5672
f 5609 5487 5541
f 5519 5593 5673
f 5818 5580 5610
f 5582 5583 5751
f 5628 5674 5405
f 5675 5570 5629
f 5611 5634 5584
f 5513 5656 5769
f 5770 5656 5514
f 5532 5689 5503
f 5587 5566 5599
f 5566 9612 5600
f 5622 9614 5588
f 5641 5589 5590
f 5591 5601 5623
f 5601 5552 5624
f 5617 5632 5604
f 5605 5561 5686
f 5633 5704 5478
f 5658 5687 5577
f 5669 5668 5537
f 5606 5592 5696
f 5670 5682 5539
f 5593 5594 5737
f 5488 5737 5594
f 5646 5583 5569
f 5699 5647 5556
f 5629 5562 5651
f 5520 5651 5562
f 5546 5531 5612
f 5689 5679 5503
f 5532 5547 5619
f 5636 5619 5547
f 5636 5547 5598
f 5587 5598 5565
f 5600 5599 5566
f 5621 9613 9614
f 5622 5621 9614
f 5589 5641 5664
f 5623 5666 5641
f 5641 5591 5623
f 5653 5613 5602
f 5654 5603 5655
f 5630 5657 5573
f 5616 5604 5660
f 5632 5660 5604
f 5668 5667 9647
f 5669 5537 5578
f 5578 5606 5696
f 5758 5733 5553
f 5758 5554 5734
f 5554 5711 5734
f 5670 5539 5671
f 5579 5625 5697
f 5713 5625 5540
f 5773 5713 5607
f 5607 5626 5773
f 5608 5672 5683
f 5555 5672 5498
f 5644 5487 5609
f 5609 5541 5698
f 5542 5645 5793
f 5583 5646 5760
f 5649 5648 5595
f 5595 5739 5649
f 5650 5739 5557
f 5597 5675 5761
f 5705 5651 5520
f 5781 5521 5753
f 5634 5753 5521
f 9739 5634 5611
f 5564 5586 5782
f 5677 5546 5706
f 5689 5532 5635
f 5532 5619 5635
f 5620 5598 5587
f 5587 5599 5620
f 5621 5637 9613
f 5621 5622 5640
f 5622 5589 5664
f 5624 5623 5601
f 5574 5630 5573
f 5527 5631 5575
f 5659 5742 5615
f 5615 5616 5659
f 5616 5660 5659
f 5797 5632 5617
f 5686 5618 5703
f 5676 5812 5633
f 5612 5706 5546
f 5678 5612 5531
f 5531 5679 5678
f 5620 5636 5598
f 5620 5599 5662
f 5599 5600 9593
f 5600 5680 9593
f 5680 9613 5637
f 5637 5621 5638
f 5639 5638 5621
f 5621 5640 5639
f 5664 5640 5622
f 5624 5642 5623
f 5624 9647 5667
f 5694 5668 5669
f 5669 5578 5695
f 5643 5696 5592
f 5643 5553 5733
f 5626 5608 5773
f 5555 5627 5807
f 5644 5749 5568
f 5541 5714 5698
f 5580 5737 5488
f 5740 5674 5628
f 5761 5716 5597
f 5675 5629 5700
f 5651 5700 5629
f 5652 5585 5722
f 5585 5613 5723
f 5654 5767 5688
f 5657 5770 5516
f 5765 5658 5543
f 5543 5575 5765
f 5685 5575 5631
f 5576 5797 5617
f 5812 5720 5633
f 5676 5661 5812
f 5705 5701 5651
f 5782 9739 5564
f 5782 5586 5725
f 5677 5725 5586
f 5662 5636 5620
f 9593 5662 5599
f 5637 5726 5680
f 5637 5638 5690
f 5663 5638 5639
f 5664 5641 5665
f 5666 5665 5641
f 5692 5665 5666
f 5666 5623 5692
f 5642 5692 5623
f 5693 5642 5624
f 5710 5694 5669
f 5734 5711 5805
f 5711 5525 5759
f 5525 5682 5759
f 5682 5670 5806
f 5671 5712 5791
f 5697 5625 5735
f 5608 5683 5773
f 5749 5644 5736
f 5673 5714 5519
f 5715 5760 5646
f 5826 5699 5648
f 5648 5649 5826
f 5716 5740 5628
f 5723 5613 5743
f 5653 5743 5613
f 5811 5631 5615
f 5615 5742 5811
f 5720 5704 5633
f 5687 5812 5661
f 5630 5574 5800
f 5721 5800 5574
f 5574 5652 5721
f 5723 5763 5585
f 5688 5813 5653
f 5654 5655 5767
f 5717 5767 5655
f 5513 5769 5718
f 5770 5657 5724
f 5679 5689 5744
f 5636 5662 5707
f 5624 5667 5693
f 5681 5693 5667
f 5667 5668 5681
f 5694 5710 5772
f 5695 5710 5669
f 5696 5695 5578
f 5696 5643 5748
f 5733 5748 5643
f 5774 5807 5627
f 5737 5580 5775
f 5818 5610 5542
f 5581 5582 5853
f 5650 5674 5933
f 5701 5700 5651
f 9737 5753 5634
f 5575 5685 5765
f 5631 5811 5685
f 5659 5660 5702
f 5652 5722 5721
f 5614 5513 5764
f 5718 5764 5513
f 5656 5770 5796
f 5657 5630 5799
f 9594 5635 5619
f 5707 5619 5636
f 9593 5680 5708
f 5726 5708 5680
f 5690 5726 5637
f 5690 5638 5709
f 5638 5663 5709
f 5691 5709 5663
f 5692 5642 5730
f 5731 5730 5642
f 5693 5731 5642
f 5681 5694 5747
f 5671 5791 5670
f 5712 5697 5735
f 5807 5842 5555
f 5609 5736 5644
f 5750 5673 5593
f 5737 5750 5593
f 5775 5580 5948
f 5853 5582 5751
f 5776 5738 5684
f 5753 9737 5741
f 5585 5763 5762
f 5813 5688 5767
f 5799 5724 5657
f 9737 9739 9740
f 5725 5677 5756
f 5706 5756 5677
f 5679 5744 5823
f 5726 5690 5727
f 5690 5709 5745
f 5691 5665 5728
f 5665 5692 5729
f 5730 5729 5692
f 5681 5732 5693
f 5694 5772 5747
f 5625 5713 5841
f 5842 5672 5555
f 5627 5568 5774
f 5645 5581 5809
f 5933 5739 5650
f 5740 5933 5674
f 5754 5765 5685
f 5778 5742 5659
f 5702 5778 5659
f 5660 5632 5830
f 5797 5830 5632
f 5704 5720 5861
f 5701 5705 5819
f 5705 5752 5822
f 5782 9740 9739
f 5679 5823 5678
f 5708 9594 9593
f 5757 5745 5709
f 5728 5757 5709
f 5709 5691 5728
f 5729 5728 5665
f 5732 5731 5693
f 5747 5732 5681
f 5772 5710 5849
f 5695 5849 5710
f 5695 5696 5748
f 5805 5711 5882
f 5759 5882 5711
f 5851 5791 5712
f 5712 5735 5851
f 5749 5774 5568
f 5818 5542 5886
f 5751 5583 5845
f 5738 5760 5715
f 5716 5761 5856
f 5777 5761 5675
f 5762 5722 5585
f 5743 5653 5801
f 5813 5801 5653
f 5767 5717 5877
f 5768 5877 5717
f 5796 5769 5656
f 5858 5685 5811
f 5723 5743 5763
f 5764 5768 5717
f 5847 5783 5706
f 5612 5847 5706
f 5814 5744 5689
f 5689 5635 5814
f 5745 5727 5690
f 5804 5729 5730
f 5746 5804 5730
f 5731 5746 5730
f 5747 5772 5787
f 5695 5748 5946
f 5733 5758 5840
f 5734 5789 5758
f 5749 5736 5843
f 5844 5792 5609
f 5609 5698 5844
f 5714 5844 5698
f 5775 5750 5737
f 5776 5647 5810
f 5647 5699 5854
f 5649 5739 5903
f 5740 5716 5794
f 5777 5675 5700
f 5700 5701 5795
f 5811 5742 5829
f 5797 5576 5766
f 5576 5605 5766
f 5686 5703 5936
f 5779 5936 5703
f 5703 5719 5779
f 5704 5779 5719
f 5658 5765 5780
f 5764 5718 5802
f 5831 5799 5630
f 5756 5706 5783
f 5708 5771 9594
f 5727 5745 5816
f 5745 5757 5784
f 5785 5757 5728
f 5728 5729 5785
f 5787 5732 5747
f 5849 5695 5788
f 5946 5788 5695
f 5670 5791 5953
f 5713 5773 5884
f 5867 5683 5672
f 5672 5842 5867
f 5933 5740 5855
f 5781 5822 5752
f 5829 5742 5778
f 5778 5702 5821
f 5658 5780 5687
f 5819 5795 5701
f 5847 5612 5912
f 5612 5678 5835
f 5771 5814 5635
f 5635 9594 5771
f 5815 5771 5708
f 5708 5726 5815
f 5825 5815 5726
f 5726 5727 5825
f 5816 5745 5784
f 5746 5731 5786
f 5732 5786 5731
f 5789 5840 5758
f 5789 5734 5805
f 5735 5625 5851
f 5749 5843 5774
f 5736 5609 5792
f 5673 5750 5974
f 5809 5793 5645
f 5845 5583 5760
f 5738 5776 5920
f 5854 5810 5647
f 5855 5740 5794
f 5761 5777 5846
f 5762 5763 5832
f 5763 5743 5833
f 5768 5764 5802
f 5828 5780 5765
f 5858 5754 5685
f 5873 5821 5702
f 5797 5859 5830
f 5766 5605 5686
f 5720 5812 5798
f 5969 5798 5812
f 5743 5875 5833
f 5876 5767 5877
f 5958 5718 5769
f 5834 5958 5769
f 5724 5796 5770
f 5724 5799 5827
f 5678 5823 5835
f 5757 5785 5817
f 5785 5729 5803
f 5786 5804 5746
f 5839 5732 5787
f 5682 5790 5759
f 5682 5806 5866
f 5953 5806 5670
f 5683 5884 5773
f 5843 5736 5870
f 5844 5714 5808
f 5580 5818 5948
f 5853 5809 5581
f 5776 5810 5955
f 5903 5739 5888
f 5819 5705 5905
f 5822 5905 5705
f 5781 5755 5822
f 5781 5753 5741
f 5977 5828 5765
f 5765 5754 5977
f 5829 5778 5820
f 5821 5820 5778
f 5890 5873 5702
f 5702 5660 5890
f 5830 5890 5660
f 5766 5860 5797
f 5741 5755 5781
f 9740 5782 5894
f 5725 5894 5782
f 5835 5912 5612
f 5823 5744 5970
f 5836 5970 5744
f 5814 5836 5744
f 5815 5814 5771
f 5784 5757 5896
f 5804 5803 5729
f 5772 5839 5787
f 5849 5848 5772
f 5748 5733 5880
f 5931 5840 5789
f 5789 5805 5931
f 5882 5898 5805
f 5759 5790 5883
f 5843 5869 5774
f 5736 5792 5870
f 5974 5808 5714
f 5714 5673 5974
f 5760 5738 5902
f 5738 5920 5902
f 5826 5854 5699
f 5933 5888 5739
f 5856 5794 5716
f 5700 5795 5777
f 5967 5800 5721
f 5833 5857 5763
f 5801 5875 5743
f 5813 5767 5876
f 5766 5686 5874
f 5798 5861 5720
f 5832 5722 5762
f 5802 5718 5958
f 5831 5827 5799
f 5725 5756 5894
f 5756 5783 5895
f 5847 5862 5783
f 5878 5825 5727
f 5727 5816 5878
f 5817 5896 5757
f 5785 5803 5864
f 5804 5786 5838
f 5840 5880 5733
f 5931 5805 5898
f 5866 5790 5682
f 5850 5953 5791
f 5791 5851 5850
f 5776 5955 5920
f 5887 5955 5810
f 5810 5854 5887
f 5856 5761 5889
f 5761 5846 5889
f 5926 5811 5829
f 5812 5687 5969
f 5801 5813 5909
f 5802 5939 5877
f 5769 5796 5834
f 5796 5724 5893
f 5862 5895 5783
f 5824 5836 5814
f 5814 5815 5824
f 5944 5824 5815
f 5913 5944 5815
f 5815 5825 5913
f 5817 5785 5864
f 5837 5865 5804
f 5839 5772 5848
f 5848 5849 5879
f 5986 5946 5748
f 5882 5759 5883
f 5841 5851 5625
f 5844 5870 5792
f 5750 5775 5900
f 5885 5900 5775
f 5794 5956 5855
f 5905 5991 5819
f 5926 5858 5811
f 5860 5859 5797
f 5686 5936 5874
f 5979 5779 5704
f 5687 5780 5969
f 5963 5822 5755
f 5755 5741 5925
f 5865 5864 5803
f 5803 5804 5865
f 5804 5838 5837
f 5915 5986 5748
f 5748 5880 5915
f 5790 5866 5899
f 5853 5919 5809
f 5871 5845 5760
f 5760 5902 5871
f 5826 5649 5922
f 5903 5922 5649
f 5856 5956 5794
f 5967 5831 5800
f 5909 5813 5876
f 5724 5827 5893
f 5858 5926 5906
f 5890 5830 5891
f 5859 5891 5830
f 5861 5979 5704
f 5967 5892 5831
f 5975 5722 5832
f 5857 5833 5976
f 5833 5875 5976
f 5802 5958 5957
f 5893 5834 5796
f 5910 9741 9740
f 5894 5910 9740
f 5894 5756 5895
f 5847 6025 5862
f 5878 6009 5825
f 5878 5816 5863
f 5816 5784 5863
f 5784 5896 5863
f 5838 5839 5837
f 5848 5837 5839
f 5840 5931 5881
f 5953 5866 5806
f 5851 5841 5916
f 5884 5852 5841
f 5683 5867 5966
f 5774 5868 5807
f 5775 5948 5885
f 5854 5826 5921
f 5922 5921 5826
f 5872 5795 5819
f 5819 5991 5872
f 5820 5821 5907
f 5873 5907 5821
f 5969 5780 5992
f 5949 5863 5896
f 5897 5896 5817
f 5837 5848 5914
f 5879 5849 6011
f 6012 6011 5849
f 5849 5788 6012
f 5840 5881 5880
f 5916 5850 5851
f 5683 5932 5884
f 5868 5842 5807
f 5870 5869 5843
f 5900 5974 5750
f 5886 5542 5901
f 5542 5793 5901
f 5919 5853 5751
f 6016 5990 5751
f 5751 5845 6016
f 5892 5940 5831
f 5927 5721 5722
f 5857 5832 5763
f 5909 5876 6036
f 5827 5831 5940
f 5967 5721 5927
f 5976 5875 5937
f 5875 5801 5938
f 5939 5802 6087
f 5895 5862 6025
f 6025 5847 5911
f 5912 5911 5847
f 5912 5835 5929
f 6066 5970 5836
f 5836 5824 5943
f 5930 5865 5837
f 5881 5915 5880
f 5852 5916 5841
f 5947 5867 5842
f 6016 5845 5871
f 5777 5795 5904
f 5872 5904 5795
f 5963 5905 5822
f 5829 5820 5934
f 5820 5907 5934
f 6062 5992 5780
f 5780 5828 6062
f 5908 5937 5875
f 5938 5908 5875
f 5909 5938 5801
f 5876 5877 5978
f 5939 5978 5877
f 5957 6087 5802
f 5944 5943 5824
f 5825 6009 5913
f 5817 5864 5897
f 5930 5864 5865
f 5914 5930 5837
f 5945 5914 5848
f 5848 5879 5945
f 5882 5883 5965
f 5852 5884 5917
f 5884 5932 5917
f 5947 5842 5868
f 5869 5868 5774
f 5818 5886 6002
f 5793 5809 5918
f 5919 5918 5809
f 5887 5854 5921
f 5889 5923 5856
f 5846 5777 6003
f 5777 5904 6003
f 5963 5755 5924
f 5925 9736 5755
f 6006 5754 5858
f 5858 5906 6006
f 5934 5926 5829
f 5907 5873 5960
f 5873 5890 5961
f 5891 5961 5890
f 5859 5860 6022
f 5766 6022 5860
f 5892 5967 5981
f 5975 5927 5722
f 5941 5895 5928
f 5895 6025 5928
f 5950 5949 5896
f 5896 5897 5950
f 6011 6128 5879
f 5952 5931 5898
f 5899 5883 5790
f 5899 5866 6000
f 5973 5916 5852
f 6013 5870 5844
f 6002 5948 5818
f 6145 6002 5886
f 5855 6103 5933
f 5923 5956 5856
f 5926 5934 6117
f 5874 5935 5766
f 5980 5979 5861
f 5861 5798 5980
f 5938 5909 5982
f 6036 5982 5909
f 5978 5939 6087
f 5834 5893 6065
f 5894 5895 5941
f 5835 5823 5942
f 5897 5864 5951
f 5930 5914 5951
f 6111 5945 5879
f 5987 5952 5898
f 5898 5882 5987
f 5965 5987 5882
f 5953 6000 5866
f 5808 6043 5844
f 5948 6069 5885
f 5901 6145 5886
f 5751 5990 5919
f 5922 5903 6116
f 5963 5991 5905
f 5754 6006 5977
f 6085 5934 5907
f 5961 5960 5873
f 5936 5968 5874
f 6072 5993 5832
f 5832 5857 6072
f 6009 5878 6049
f 5985 5949 5950
f 5897 5951 5950
f 5864 5930 5951
f 6128 6111 5879
f 6040 6012 5788
f 5952 5881 5931
f 5954 5953 5850
f 5916 5954 5850
f 5966 5932 5683
f 6013 5844 6043
f 5974 5900 6014
f 5955 5887 6173
f 5888 5933 6054
f 6103 6054 5933
f 5991 5904 5872
f 9736 5924 5755
f 5977 5959 5828
f 5926 6117 5906
f 5891 5859 6021
f 6022 6021 5859
f 5935 5962 5766
f 5975 5832 5993
f 5908 5994 5937
f 6036 5876 5978
f 6065 5958 5834
f 5940 5892 5995
f 9741 5910 5997
f 5928 6047 5941
f 5911 5912 5983
f 5912 5929 5983
f 5943 6066 5836
f 5863 5949 5971
f 5788 5946 6129
f 5868 5869 6001
f 5808 5974 6051
f 5901 5793 6044
f 9734 5924 9736
f 5960 6085 5907
f 5962 6022 5766
f 6024 5980 5798
f 5969 6024 5798
f 5959 6062 5828
f 5997 5910 5998
f 5970 5942 5823
f 5944 6126 5943
f 5878 5863 6049
f 5984 5971 5949
f 5949 5985 5984
f 6089 5972 5951
f 5951 5914 6089
f 5914 5945 6089
f 6129 6040 5788
f 5915 5881 6027
f 5852 5917 5989
f 6051 6043 5808
f 6069 5948 6015
f 5918 6044 5793
f 5920 6102 5902
f 5920 5955 6052
f 5955 6173 6052
f 5956 6032 5855
f 6019 5923 5889
f 5994 5976 5937
f 5908 5938 6055
f 5982 6055 5938
f 5957 5958 6123
f 6065 6037 5958
f 6083 5977 6006
f 5934 6070 6117
f 5960 5961 6060
f 5968 5936 6071
f 5936 5779 6071
f 5991 6004 5904
f 5963 5924 6005
f 6005 5924 9734
f 9741 5997 5996
f 5964 5998 5910
f 6047 5964 5941
f 6047 5928 6048
f 5944 5913 5999
f 5971 6049 5863
f 6026 5985 5950
f 5950 5951 5972
f 5946 5986 6129
f 5987 5965 6028
f 5965 5883 6028
f 5883 5899 6068
f 5899 6000 6029
f 5973 5852 5989
f 5966 5867 6080
f 6002 6015 5948
f 5919 6081 5918
f 5871 5902 6186
f 6102 6186 5902
f 6052 6102 5920
f 6017 6173 5887
f 6017 5887 5921
f 5921 5922 6133
f 6046 6019 5889
f 5889 5846 6046
f 6003 6046 5846
f 5967 5927 5981
f 6036 5978 6056
f 5893 5827 6008
f 5827 5940 6008
f 5940 5995 6008
f 6060 5961 6020
f 6137 6071 5779
f 5779 5979 6137
f 5984 5985 6067
f 5950 5972 6026
f 5881 6041 6027
f 5899 6029 6068
f 5988 6000 5953
f 5954 5988 5953
f 5916 5973 6030
f 5932 5966 6132
f 6001 6042 5868
f 6013 6113 5870
f 6051 5974 6014
f 6069 5900 5885
f 6044 6145 5901
f 6053 5903 5888
f 6054 6053 5888
f 6003 5904 6033
f 6087 5957 6123
f 6037 6123 5958
f 6075 6065 5893
f 6058 6070 5934
f 5934 6085 6058
f 6060 6059 5960
f 6020 5961 6136
f 5891 6136 5961
f 5983 6038 5911
f 6140 5999 5913
f 5881 5952 6041
f 5987 6028 6050
f 6068 6028 5883
f 5988 5954 6030
f 5916 6030 5954
f 6080 6132 5966
f 5867 5947 6031
f 6113 5869 5870
f 5990 6081 5919
f 6053 6116 5903
f 5855 6032 6103
f 6004 6033 5904
f 5975 5993 6035
f 5978 6087 6064
f 6008 6075 5893
f 5959 5977 6231
f 6085 5960 6059
f 5968 5935 5874
f 5892 5981 6063
f 6072 5857 6007
f 5857 5976 6007
f 5976 5994 6007
f 5994 5908 6055
f 6064 6056 5978
f 6065 6075 6074
f 6047 5998 5964
f 6039 6078 5929
f 5929 5835 6039
f 6208 6140 5913
f 5913 6009 6208
f 5984 6067 6088
f 6090 6129 5986
f 5986 5915 6090
f 6050 5952 5987
f 6013 6043 6114
f 6016 5871 6199
f 6018 6017 5921
f 5921 6133 6018
f 5923 6032 5956
f 6059 6060 6104
f 5891 6021 6061
f 5962 5935 6023
f 5980 6137 5979
f 5969 5992 6024
f 5992 6062 6167
f 6035 5927 5975
f 6007 5994 6122
f 5983 5929 6078
f 5942 5970 6066
f 5943 6193 6066
f 6009 6049 6168
f 6067 5985 6010
f 6079 6029 6000
f 6092 6079 6000
f 6000 5988 6092
f 5917 5932 6132
f 6031 6080 5867
f 5947 6042 6031
f 6113 6093 5869
f 6045 6103 6032
f 6033 6046 6003
f 6096 5963 6005
f 6006 5906 6084
f 6084 5906 6117
f 6063 5981 6034
f 5981 5927 6034
f 5993 6072 6213
f 6138 6008 5995
f 5996 5997 9742
f 6038 5983 6139
f 5944 5999 6126
f 5971 5984 6088
f 6112 6128 6011
f 6011 6012 6112
f 6040 6112 6012
f 6050 6041 5952
f 5917 6132 6131
f 6001 5869 6093
f 5922 6116 6133
f 6095 5923 6019
f 5991 5963 6163
f 5977 6083 6231
f 6084 6083 6006
f 6022 6061 6021
f 5980 6024 6206
f 6121 6062 5959
f 6231 6121 5959
f 5892 6063 6109
f 6055 5982 6107
f 6109 5995 5892
f 6077 9742 5997
f 6124 6077 5997
f 5998 6124 5997
f 6025 5911 6099
f 6038 6099 5911
f 5835 5942 6039
f 5942 6066 6125
f 6009 6168 6208
f 6067 6010 6169
f 5985 6026 6010
f 6050 6028 6171
f 6221 6171 6028
f 5988 6030 6092
f 6158 6092 6030
f 6016 6210 5990
f 6032 5923 6045
f 6163 6004 5991
f 6005 9738 6096
f 6231 6083 6097
f 6071 6120 5968
f 6200 6034 5927
f 6072 6007 6202
f 6036 6056 6073
f 6138 6075 6008
f 6154 6153 5998
f 6047 6154 5998
f 6049 5971 6253
f 5972 6142 6026
f 6089 5945 6143
f 5945 6111 6143
f 5915 6027 6090
f 6281 6090 6027
f 6027 6041 6100
f 6326 6100 6041
f 6028 6068 6221
f 6158 6030 6130
f 5973 6130 6030
f 6159 6113 6013
f 6114 6043 6256
f 6043 6051 6256
f 5900 6069 6160
f 6307 6145 6044
f 5918 6307 6044
f 6211 6173 6017
f 6018 6211 6017
f 6212 6054 6103
f 5923 6095 6187
f 6070 6058 6057
f 6136 5891 6178
f 6061 6178 5891
f 6061 6022 6086
f 5935 5968 6120
f 5992 6167 6024
f 9742 6077 6076
f 6124 5998 6153
f 6219 6154 6047
f 6047 6048 6219
f 6099 6038 6207
f 6126 6193 5943
f 6168 6049 6194
f 6141 6010 6026
f 6142 6141 6026
f 6100 6281 6027
f 6041 6050 6183
f 6001 6031 6042
f 6051 6014 6101
f 6210 6016 6199
f 6199 5871 6186
f 6053 6054 6146
f 6033 6004 6082
f 5927 6035 6200
f 6271 6035 5993
f 5993 6213 6271
f 6122 5994 6105
f 6055 6106 5994
f 5982 6036 6227
f 6073 6227 6036
f 6251 6073 6056
f 6056 6064 6251
f 6057 6117 6070
f 6085 6059 6205
f 6059 6104 6205
f 6104 6060 6098
f 6020 6098 6060
f 6023 6022 5962
f 6121 6167 6062
f 6122 6189 6007
f 6106 6055 6107
f 6107 5982 6227
f 6087 6123 6150
f 6204 6037 6065
f 6074 6204 6065
f 5928 6025 6099
f 6078 6139 5983
f 6126 5999 6180
f 6169 6088 6067
f 6170 6169 6010
f 6040 6129 6182
f 6221 6068 6091
f 6068 6029 6091
f 6114 6159 6013
f 5918 6081 6267
f 5990 6210 6081
f 6102 6052 6115
f 6116 6053 6094
f 6053 6146 6094
f 6019 6046 6095
f 6033 6095 6046
f 9738 6218 6096
f 6023 6086 6022
f 5935 6229 6023
f 6166 6120 6071
f 6137 6166 6071
f 6202 6007 6189
f 6106 6105 5994
f 6227 6073 6108
f 6123 6037 6204
f 6151 6138 5995
f 5995 6109 6151
f 6155 6219 6048
f 6048 5928 6155
f 5999 6140 6180
f 6194 6049 6253
f 6088 6169 6235
f 6182 6112 6040
f 6029 6079 6184
f 5989 6130 5973
f 5989 6131 6209
f 6114 6256 6159
f 6282 6256 6051
f 6212 6146 6054
f 6096 6163 5963
f 6176 6084 6117
f 6058 6085 6228
f 6205 6228 6085
f 6061 6086 6178
f 6206 6137 5980
f 6109 6063 6152
f 6174 6152 6063
f 6063 6034 6174
f 6213 6072 6201
f 6251 6108 6073
f 6099 6155 5928
f 6141 6170 6010
f 6089 6143 6127
f 6158 6157 6092
f 6093 6113 6237
f 6014 5900 6283
f 5900 6160 6283
f 6188 6187 6095
f 6033 6082 6162
f 6082 6004 6134
f 6163 6134 6004
f 6164 6083 6084
f 6176 6164 6084
f 6098 6118 6104
f 6206 6024 6230
f 6139 6207 6038
f 6110 6125 6066
f 6066 6193 6110
f 6156 6253 5971
f 5971 6088 6156
f 5972 6089 6127
f 6029 6184 6091
f 6157 6079 6092
f 6185 6130 5989
f 6001 6144 6031
f 6238 6282 6051
f 6101 6014 6283
f 6437 6307 5918
f 5918 6267 6437
f 6186 6102 6115
f 6133 6116 6357
f 6103 6045 6161
f 6045 5923 6187
f 6216 6074 6075
f 6075 6138 6216
f 6119 6086 6023
f 6119 6023 6229
f 6270 6229 5935
f 6120 6270 5935
f 6202 6201 6072
f 6108 6251 6149
f 6064 6087 6150
f 6245 6151 6109
f 6152 6245 6109
f 6235 6156 6088
f 6127 6142 5972
f 6209 6185 5989
f 6001 6093 6144
f 6222 6144 6093
f 6018 6133 6211
f 6094 6357 6116
f 6095 6033 6162
f 6135 6163 6096
f 6096 6218 6135
f 6020 6136 6165
f 6229 6269 6119
f 6166 6270 6120
f 6244 6189 6122
f 6122 6105 6244
f 6106 6175 6105
f 6106 6107 6361
f 6203 6150 6123
f 6123 6204 6203
f 6216 6204 6074
f 6124 6153 6263
f 6139 6078 6191
f 6274 6078 6039
f 6192 6274 6039
f 6039 5942 6192
f 5942 6125 6192
f 6129 6090 6220
f 6131 6132 6197
f 6051 6101 6238
f 6015 6002 6172
f 6357 6211 6133
f 6103 6308 6212
f 6148 6117 6057
f 6057 6058 6228
f 6217 6205 6104
f 6104 6118 6217
f 6178 6165 6136
f 6178 6086 6190
f 6167 6230 6024
f 6150 6251 6064
f 6151 6216 6138
f 6125 6110 6313
f 6169 6170 6278
f 6170 6141 6195
f 6141 6142 6279
f 6143 6111 6325
f 6128 6325 6111
f 6182 6129 6220
f 6281 6100 6378
f 6183 6326 6041
f 6289 6183 6050
f 6171 6289 6050
f 6132 6080 6197
f 6222 6093 6237
f 6159 6237 6113
f 6015 6160 6069
f 6002 6145 6172
f 6095 6162 6188
f 6284 6176 6117
f 6117 6148 6284
f 6098 6020 6177
f 6166 6137 6206
f 6200 6241 6034
f 6202 6189 6243
f 6215 6227 6108
f 6149 6215 6108
f 6077 6232 6076
f 6154 6263 6153
f 6099 6219 6155
f 6207 6139 6252
f 6252 6139 6179
f 6191 6179 6139
f 6143 6254 6127
f 6325 6128 6364
f 6128 6112 6364
f 6112 6182 6181
f 6290 6221 6091
f 6157 6158 6292
f 6158 6130 6185
f 6147 6308 6103
f 6187 6161 6045
f 6163 6135 6268
f 6098 6248 6118
f 6177 6020 6165
f 6086 6119 6249
f 6269 6249 6119
f 6134 6163 6268
f 6218 6268 6135
f 6193 6126 6447
f 6528 6208 6168
f 6156 6235 6266
f 6169 6278 6235
f 6195 6141 6279
f 6196 6171 6221
f 6304 6079 6157
f 6185 6292 6158
f 6185 6209 6293
f 6080 6031 6198
f 6306 6198 6031
f 6380 6238 6101
f 6240 6295 6052
f 6052 6173 6240
f 6211 6240 6173
f 6187 6188 6224
f 6174 6034 6260
f 6242 6200 6035
f 6035 6271 6242
f 6175 6106 6361
f 6361 6107 6226
f 6399 6251 6150
f 6203 6399 6150
f 6228 6205 6247
f 6177 6248 6098
f 6165 6178 6190
f 6249 6190 6086
f 6274 6191 6078
f 6180 6447 6126
f 6314 6326 6183
f 6198 6197 6080
f 6031 6144 6306
f 6256 6282 6257
f 6145 6307 6368
f 6239 6186 6223
f 6186 6115 6223
f 6244 6105 6214
f 6226 6107 6227
f 6310 6203 6204
f 6261 6310 6204
f 6097 6083 6246
f 6164 6246 6083
f 6190 6249 6340
f 6343 6230 6167
f 6167 6121 6343
f 6259 6121 6231
f 6231 6097 6312
f 6219 6099 6234
f 6192 6125 6376
f 6313 6376 6125
f 6168 6194 6275
f 6195 6278 6170
f 6142 6127 6254
f 6181 6364 6112
f 6220 6181 6182
f 6335 6289 6171
f 6290 6091 6236
f 6292 6304 6157
f 6327 6237 6159
f 6368 6172 6145
f 6186 6337 6199
f 6295 6115 6052
f 6161 6147 6103
f 6224 6161 6187
f 6268 6322 6134
f 6241 6260 6034
f 6200 6242 6241
f 6271 6213 6225
f 6213 6201 6250
f 6201 6202 6250
f 6243 6250 6202
f 6189 6244 6243
f 6175 6214 6105
f 6297 6215 6149
f 6149 6251 6298
f 6204 6216 6261
f 6248 6217 6118
f 6269 6229 6342
f 6121 6299 6343
f 6121 6259 6299
f 6134 6258 6082
f 6077 6124 6233
f 6124 6263 6233
f 6263 6154 6363
f 6264 6363 6154
f 6154 6219 6264
f 6099 6207 6265
f 6110 6193 6313
f 6194 6253 6275
f 6303 6254 6143
f 6220 6090 6288
f 6090 6281 6288
f 6183 6289 6314
f 6091 6184 6236
f 6255 6184 6079
f 6079 6304 6255
f 6305 6294 6209
f 6209 6197 6305
f 6199 6356 6210
f 6295 6223 6115
f 6345 6261 6216
f 6216 6151 6262
f 6151 6245 6262
f 6245 6152 6311
f 6057 6228 6429
f 6360 6270 6166
f 9574 6268 6218
f 6218 6232 9574
f 6265 6234 6099
f 6207 6324 6265
f 6447 6313 6193
f 6180 6140 6391
f 6143 6325 6303
f 6220 6288 6424
f 6290 6196 6221
f 6144 6222 6306
f 6210 6267 6081
f 6224 6188 6369
f 6262 6345 6216
f 6097 6246 6312
f 6331 6246 6164
f 6176 6331 6164
f 6057 6429 6148
f 6247 6429 6228
f 6217 6247 6205
f 6248 6177 6319
f 6342 6229 6359
f 6270 6359 6229
f 6166 6206 6402
f 6231 6312 6259
f 6232 6077 6333
f 6191 6274 6348
f 6302 6140 6208
f 6253 6156 6276
f 6235 6278 6277
f 6236 6184 6291
f 6336 6304 6292
f 6294 6293 6209
f 6198 6353 6197
f 6380 6282 6238
f 6239 6337 6186
f 6211 6357 6468
f 6188 6162 6309
f 6258 6309 6162
f 6339 6241 6242
f 6242 6271 6339
f 6227 6215 6272
f 6297 6149 6298
f 6245 6311 6419
f 6165 6319 6177
f 6190 6320 6165
f 6342 6341 6269
f 6402 6360 6166
f 6214 6318 6244
f 6175 6329 6214
f 6226 6227 6272
f 6399 6203 6344
f 6419 6262 6245
f 6264 6219 6300
f 6234 6265 6273
f 6265 6324 6301
f 6389 6324 6207
f 6346 6389 6207
f 6207 6252 6346
f 6302 6391 6140
f 6275 6253 6276
f 6156 6266 6349
f 6277 6266 6235
f 6279 6142 6280
f 6142 6254 6280
f 6100 6326 6378
f 6171 6196 6315
f 6353 6305 6197
f 6237 6379 6222
f 6159 6256 6327
f 6257 6327 6256
f 6101 6283 6380
f 6368 6307 6381
f 6267 6210 6356
f 6356 6199 6337
f 6146 6357 6094
f 6308 6147 6317
f 6188 6309 6369
f 6258 6134 6322
f 6217 6248 6401
f 6319 6165 6472
f 6320 6472 6165
f 6249 6269 6321
f 6206 6230 6402
f 6339 6271 6225
f 6250 6225 6213
f 6318 6433 6243
f 6243 6244 6318
f 6404 6345 6262
f 6419 6404 6262
f 6174 6311 6152
f 9574 6232 6285
f 6232 6333 6285
f 6233 6286 6077
f 6233 6263 6287
f 6363 6287 6263
f 6234 6300 6219
f 6348 6179 6191
f 6352 6181 6220
f 6315 6335 6171
f 6292 6185 6463
f 6367 6463 6185
f 6306 6222 6379
f 6327 6466 6237
f 6015 6172 6160
f 6211 6296 6240
f 6212 6438 6146
f 6358 6247 6217
f 6217 6401 6358
f 6319 6371 6248
f 6340 6320 6190
f 6321 6340 6249
f 6269 6341 6321
f 6360 6359 6270
f 6174 6260 6328
f 6243 6398 6250
f 6399 6298 6251
f 6310 6344 6203
f 6286 6333 6077
f 6301 6375 6265
f 6447 6180 6391
f 6208 6528 6302
f 6413 6528 6168
f 6168 6377 6413
f 6275 6377 6168
f 6156 6349 6276
f 6424 6352 6220
f 6378 6288 6281
f 6185 6293 6367
f 6355 6257 6282
f 6380 6355 6282
f 6296 6211 6468
f 6357 6146 6382
f 6308 6438 6212
f 6470 6312 6246
f 6246 6331 6470
f 6370 6247 6358
f 6362 6323 9574
f 6285 6362 9574
f 6287 6286 6233
f 6363 6264 6334
f 6300 6334 6264
f 6273 6300 6234
f 6273 6265 6375
f 6346 6252 6347
f 6179 6347 6252
f 6348 6274 6446
f 6274 6192 6446
f 6376 6446 6192
f 6254 6303 6414
f 6289 6335 6314
f 6236 6316 6290
f 6255 6291 6184
f 6354 6379 6237
f 6466 6354 6237
f 6356 6437 6267
f 6239 6406 6337
f 6174 6328 6420
f 6418 6250 6398
f 6297 6272 6215
f 6298 6435 6297
f 6456 6284 6148
f 6332 6429 6247
f 6370 6332 6247
f 6360 6402 6492
f 6322 6268 6323
f 6285 6333 6474
f 6277 6278 6422
f 6477 6422 6278
f 6195 6279 6449
f 6280 6351 6279
f 6394 6255 6304
f 6353 6294 6305
f 6580 6381 6307
f 6307 6437 6580
f 6454 6382 6146
f 6438 6454 6146
f 6438 6308 6519
f 6317 6519 6308
f 6369 6309 6396
f 6258 6396 6309
f 6260 6241 6338
f 6241 6339 6338
f 6433 6398 6243
f 6329 6175 6361
f 6311 6174 6420
f 6400 6176 6284
f 6230 6343 6372
f 6412 6376 6313
f 6447 6412 6313
f 6276 6377 6275
f 6350 6278 6195
f 6195 6449 6350
f 6537 6424 6288
f 6288 6378 6537
f 6378 6326 6496
f 6393 6326 6314
f 6335 6479 6314
f 6335 6315 6366
f 6316 6196 6290
f 6463 6336 6292
f 6223 6406 6239
f 6468 6357 6382
f 6147 6161 6317
f 6418 6225 6250
f 6399 6532 6298
f 6310 6261 6385
f 6443 6419 6311
f 6400 6331 6176
f 6284 6456 6400
f 6371 6401 6248
f 6472 6320 6430
f 6473 6430 6320
f 6320 6340 6473
f 6431 6340 6321
f 6230 6372 6417
f 6373 6258 6322
f 6273 6334 6300
f 6375 6301 6410
f 6301 6324 6411
f 6278 6350 6477
f 6280 6254 6414
f 6303 6478 6414
f 6393 6496 6326
f 6452 6293 6294
f 6488 6198 6306
f 6466 6327 6467
f 6327 6257 6516
f 6407 6317 6161
f 6161 6224 6407
f 6397 6339 6225
f 6318 6214 6403
f 6361 6483 6329
f 6226 6272 6434
f 6330 6434 6272
f 6341 6431 6321
f 6373 6322 6387
f 6322 6323 6428
f 6323 6362 6428
f 6374 6474 6333
f 6286 6374 6333
f 6390 6347 6179
f 6348 6390 6179
f 6392 6377 6276
f 6279 6351 6449
f 6325 6364 6436
f 6352 6364 6181
f 6426 6479 6335
f 6335 6366 6426
f 6236 6415 6316
f 6236 6291 6427
f 6294 6353 6395
f 6464 6488 6306
f 6379 6464 6306
f 6160 6380 6283
f 6172 6368 6453
f 6356 6337 6406
f 6406 6223 6489
f 6418 6397 6225
f 6403 6481 6318
f 6329 6403 6214
f 6383 6330 6272
f 6297 6383 6272
f 6385 6344 6310
f 6441 6148 6429
f 6431 6473 6340
f 6343 6299 6372
f 6481 6433 6318
f 6329 6586 6403
f 6226 6483 6361
f 6384 6383 6297
f 6435 6384 6297
f 6435 6298 6532
f 6388 6362 6285
f 6392 6276 6349
f 6424 6537 6365
f 6425 6393 6314
f 6314 6479 6425
f 6451 6394 6304
f 6304 6336 6451
f 6497 6367 6293
f 6353 6198 6416
f 6408 6407 6224
f 6373 6396 6258
f 6485 6470 6331
f 6400 6485 6331
f 6441 6456 6148
f 6544 6542 6358
f 6358 6401 6544
f 6342 6386 6341
f 6402 6230 6417
f 6299 6259 6459
f 6338 6328 6260
f 6338 6339 6531
f 6339 6397 6531
f 6404 6494 6345
f 6420 6443 6311
f 6285 6474 6388
f 6287 6421 6286
f 6287 6363 6460
f 6334 6460 6363
f 6301 6411 6410
f 6390 6348 6462
f 6446 6462 6348
f 6303 6325 6436
f 6316 6315 6196
f 6463 6451 6336
f 6452 6497 6293
f 6395 6452 6294
f 6160 6172 6453
f 6381 6453 6368
f 6437 6356 6405
f 6295 6489 6223
f 6439 6224 6369
f 6396 6439 6369
f 6387 6322 6428
f 6370 6358 6559
f 6542 6559 6358
f 6319 6490 6371
f 6386 6342 6432
f 6359 6432 6342
f 6545 6372 6299
f 6259 6312 6459
f 6460 6421 6287
f 6273 6375 6409
f 6324 6389 6411
f 6389 6535 6526
f 6461 6389 6346
f 6508 6346 6347
f 6643 6392 6349
f 6349 6266 6448
f 6266 6277 6448
f 6364 6352 6423
f 6496 6537 6378
f 6415 6236 6427
f 6427 6291 6450
f 6394 6450 6255
f 6394 6451 6514
f 6497 6463 6367
f 6488 6416 6198
f 6257 6355 6516
f 6296 6295 6240
f 6493 6330 6383
f 6385 6261 6602
f 6429 6332 6572
f 6559 6332 6370
f 6490 6503 6371
f 6471 6490 6319
f 6319 6472 6471
f 6299 6459 6545
f 6423 6436 6364
f 6415 6512 6316
f 6296 6468 6498
f 6522 6531 6397
f 6397 6418 6522
f 6433 6486 6398
f 6385 6602 6505
f 6400 6456 6440
f 6503 6544 6401
f 6401 6371 6503
f 6359 6360 6492
f 6312 6470 6459
f 6483 6482 6329
f 6344 6385 6505
f 6602 6261 6345
f 6345 6494 6602
f 6516 6467 6327
f 6380 6160 6529
f 6160 6453 6529
f 6453 6381 6517
f 6580 6517 6381
f 6406 6405 6356
f 6500 6396 6373
f 6375 6410 6445
f 6461 6535 6389
f 6446 6376 6510
f 6376 6412 6510
f 6447 6391 6609
f 6302 6528 6527
f 6277 6422 6448
f 6414 6351 6280
f 6366 6315 6553
f 6427 6480 6415
f 6386 6431 6341
f 6492 6432 6359
f 6328 6548 6420
f 6614 6522 6418
f 6442 6493 6383
f 6383 6384 6442
f 6435 6442 6384
f 6399 6344 6484
f 6505 6484 6344
f 6404 6419 6506
f 6443 6506 6419
f 6409 6375 6475
f 6445 6475 6375
f 6526 6411 6389
f 6366 6553 6426
f 6315 6316 6553
f 6514 6450 6394
f 6295 6296 6518
f 6317 6407 6455
f 6439 6408 6224
f 6387 6428 9761
f 6456 6441 6457
f 6648 6441 6429
f 6429 6572 6648
f 6492 6402 6458
f 6402 6417 6458
f 6531 6584 6328
f 6328 6338 6531
f 6418 6398 6585
f 6486 6585 6398
f 6532 6399 6484
f 6506 6494 6404
f 6507 9761 6362
f 6362 6388 6507
f 6334 6273 6444
f 6409 6444 6273
f 6508 6461 6346
f 6412 6447 6476
f 6495 6609 6391
f 6391 6302 6495
f 6511 6413 6377
f 6392 6511 6377
f 6551 6422 6477
f 6512 6553 6316
f 6512 6415 6577
f 6480 6577 6415
f 6623 6452 6395
f 6465 6464 6354
f 6354 6466 6465
f 6580 6437 6540
f 6405 6593 6437
f 6489 6295 6518
f 6382 6454 6469
f 6407 6408 6499
f 6440 6485 6400
f 6472 6430 6530
f 6586 6481 6403
f 6586 6329 6482
f 6443 6420 6547
f 6444 6460 6334
f 6510 6462 6446
f 6609 6476 6447
f 6449 6351 6596
f 6352 6424 6552
f 6591 6496 6393
f 6425 6479 6611
f 6480 6427 6513
f 6427 6450 6513
f 6623 6395 6487
f 6416 6487 6395
f 6557 6516 6355
f 6592 6529 6453
f 6438 6660 6454
f 6558 6499 6408
f 6408 6439 6558
f 6457 6440 6456
f 6502 6572 6332
f 6332 6559 6502
f 6459 6470 6504
f 6500 6387 9757
f 6387 9761 9757
f 6444 6421 6460
f 6525 6410 6411
f 6411 6526 6525
f 6347 6390 6509
f 6462 6509 6390
f 6393 6425 6591
f 6451 6463 6539
f 6463 6497 6579
f 6515 6488 6464
f 6464 6465 6515
f 6466 6467 6556
f 6516 6556 6467
f 6674 6557 6355
f 6355 6380 6674
f 6517 6592 6453
f 6593 6540 6437
f 6518 6296 6688
f 6469 6498 6468
f 6468 6382 6469
f 6660 6469 6454
f 6455 6519 6317
f 6499 6455 6407
f 6567 6439 6396
f 6520 6567 6396
f 6548 6328 6584
f 6600 6486 6433
f 6433 6481 6600
f 6548 6547 6420
f 6470 6485 6501
f 6441 6648 6457
f 6503 6490 6560
f 6471 6472 6530
f 6473 6521 6430
f 6562 6473 6431
f 6431 6386 6582
f 6535 6461 6719
f 6756 6349 6448
f 6477 6350 6551
f 6303 6436 6727
f 6552 6424 6365
f 6553 6512 6565
f 6613 6674 6380
f 6380 6529 6613
f 6569 6531 6522
f 6614 6418 6585
f 6571 6483 6226
f 6226 6434 6571
f 6330 6493 6574
f 6442 6435 6532
f 6432 6491 6386
f 6569 6667 6531
f 6434 6330 6575
f 6374 6523 6474
f 6409 6475 6524
f 6525 6564 6410
f 6462 6510 6550
f 6590 6350 6449
f 6449 6596 6590
f 6536 6596 6351
f 6351 6414 6536
f 6673 6591 6425
f 6425 6611 6673
f 6513 6577 6480
f 6623 6497 6452
f 6406 6541 6405
f 6406 6489 6676
f 6489 6518 6626
f 6438 6566 6660
f 6566 6438 6519
f 9757 6520 6500
f 6470 6501 6583
f 6544 6503 6632
f 6490 6471 6573
f 6530 6573 6471
f 6562 6561 6473
f 6695 6562 6431
f 6582 6695 6431
f 6491 6582 6386
f 6432 6492 6629
f 6504 6545 6459
f 6583 6504 6470
f 6482 6483 6601
f 6574 6575 6330
f 6546 6574 6493
f 6493 6442 6546
f 6533 6506 6443
f 6443 6547 6533
f 6444 6409 6524
f 6564 6445 6410
f 6719 6461 6549
f 6461 6508 6549
f 6508 6347 6509
f 6509 6462 6550
f 6302 6527 6495
f 6589 6643 6349
f 6349 6756 6589
f 6414 6478 6536
f 6727 6478 6303
f 6552 6423 6352
f 6513 6450 6554
f 6514 6554 6450
f 6579 6539 6463
f 6556 6599 6465
f 6465 6466 6556
f 6516 6557 6659
f 6498 6688 6296
f 6503 6560 6632
f 6573 6560 6490
f 6473 6561 6521
f 6417 6372 6651
f 6372 6545 6651
f 6522 6614 6570
f 6571 6434 6575
f 6494 6506 6533
f 6563 6388 6474
f 6523 6563 6474
f 6421 6444 6576
f 6524 6475 6608
f 6475 6445 6608
f 6594 6564 6525
f 6719 6772 6535
f 6588 6550 6510
f 6510 6412 6588
f 6476 6588 6412
f 6620 6422 6551
f 6350 6590 6621
f 6478 6727 6622
f 6553 6565 6656
f 6577 6685 6512
f 6514 6451 6538
f 6487 6416 6612
f 6416 6488 6612
f 6659 6556 6516
f 6676 6489 6626
f 6518 6581 6626
f 6688 6581 6518
f 6567 6558 6439
f 6485 6440 6669
f 6544 6543 6542
f 6570 6569 6522
f 6532 6546 6442
f 6724 6620 6551
f 6551 6350 6621
f 6622 6536 6478
f 6553 6656 6426
f 6515 6612 6488
f 6592 6613 6529
f 6676 6541 6406
f 6499 6558 6647
f 6733 6558 6567
f 6669 6501 6485
f 6440 6457 6669
f 6714 6683 6572
f 6572 6502 6714
f 6573 6530 6605
f 6432 6629 6491
f 6492 6458 6629
f 6668 6545 6504
f 6667 6584 6531
f 6585 6708 6614
f 6571 6601 6483
f 6799 6533 6547
f 6534 6799 6547
f 6606 6640 6507
f 6507 6388 6606
f 6643 6589 6863
f 6727 6436 6728
f 6611 6479 6655
f 6426 6655 6479
f 6565 6512 6597
f 6538 6451 6539
f 6497 6623 6555
f 6543 6559 6542
f 6530 6521 6605
f 6548 6584 6747
f 6634 6575 6574
f 6574 6546 6634
f 6532 6616 6546
f 6484 6616 6532
f 6617 6505 6602
f 6547 6548 6534
f 6525 6526 6594
f 6642 6594 6526
f 6526 6535 6642
f 6595 6549 6508
f 6508 6509 6595
f 6528 6413 6741
f 6620 6448 6422
f 6725 6724 6551
f 6621 6725 6551
f 6597 6512 6685
f 6554 6514 6578
f 6515 6465 6646
f 6599 6646 6465
f 6659 6599 6556
f 6816 6674 6613
f 6593 6405 6541
f 6455 6499 6786
f 6631 6633 6560
f 6560 6573 6631
f 6629 6458 6650
f 6417 6650 6458
f 6563 6606 6388
f 6564 6594 6703
f 6392 6643 6831
f 6610 6365 6537
f 6537 6496 6610
f 6758 6610 6496
f 6496 6591 6758
f 6597 6656 6565
f 6539 6579 6687
f 6598 6579 6497
f 6497 6555 6598
f 6469 6660 6744
f 6566 6519 6627
f 6567 6568 6733
f 6585 6486 6615
f 6583 6501 6750
f 6648 6572 6670
f 6559 6543 6630
f 6632 6560 6633
f 6521 6561 6605
f 6491 6825 6582
f 6747 6534 6548
f 6569 6570 6662
f 6600 6663 6486
f 6634 6546 6628
f 6616 6628 6546
f 6484 6505 6635
f 6617 6635 6505
f 6494 6533 6636
f 6618 6587 9974
f 6523 9652 6912
f 6619 6444 6524
f 6607 6619 6524
f 6524 6608 6684
f 6509 6550 6654
f 6550 6588 6654
f 6511 6741 6413
f 6511 6392 6831
f 6365 6881 6552
f 6655 6645 6611
f 6685 6577 6705
f 6554 6657 6513
f 6578 6514 6658
f 6487 6624 6623
f 6599 6659 6782
f 6803 6517 6580
f 6558 6733 6647
f 6669 6604 6501
f 6714 6502 6630
f 6502 6559 6630
f 6632 6543 6544
f 6573 6605 6631
f 6605 6561 6682
f 6825 6695 6582
f 6652 6668 6504
f 6504 6583 6652
f 6662 6667 6569
f 6840 6570 6614
f 6708 6585 6615
f 6615 6486 6663
f 6523 6738 6563
f 6576 6444 6641
f 6445 6564 6702
f 6423 6728 6436
f 6423 6552 6742
f 6656 6655 6426
f 6646 6612 6515
f 6519 6455 6627
f 6786 6627 6455
f 9759 6568 9757
f 6572 6683 6670
f 6633 6631 6672
f 6561 6562 6682
f 6677 6639 9974
f 6639 9767 6618
f 6563 6738 6818
f 6738 6523 6912
f 6608 6445 6700
f 6642 6703 6594
f 6753 6535 6772
f 6719 6549 6773
f 6721 6773 6549
f 6549 6595 6721
f 6704 6527 6528
f 6528 6741 6704
f 6590 6596 6726
f 6577 6513 6705
f 6657 6705 6513
f 6625 6624 6487
f 6541 6760 6593
f 6732 6498 6469
f 6469 6744 6732
f 6566 6837 6660
f 6481 6586 6710
f 6586 6482 6664
f 6601 6664 6482
f 6617 6602 6679
f 6636 6679 6602
f 6602 6494 6636
f 6534 6763 6799
f 6631 6605 9964
f 6695 6682 6562
f 6651 6650 6417
f 6698 6651 6545
f 6750 6652 6583
f 9981 6677 9974
f 6700 6445 6702
f 6535 6753 6642
f 6595 6509 6653
f 6654 6588 6849
f 6704 6495 6527
f 6832 6756 6448
f 6644 6448 6620
f 6821 6621 6590
f 6726 6821 6590
f 6727 6728 6757
f 6742 6552 6881
f 6591 6673 6758
f 6656 6597 6729
f 6554 6578 6657
f 6538 6658 6514
f 6759 6598 6555
f 6647 6733 6661
f 9758 6733 6568
f 6840 6662 6570
f 6708 6840 6614
f 6710 6600 6481
f 6484 6635 6693
f 6617 6679 6843
f 6618 6765 6587
f 6563 6818 6606
f 6912 9652 6717
f 6619 6641 6444
f 6654 6653 6509
f 6448 6644 6832
f 6611 6645 6673
f 6775 6729 6597
f 6685 6775 6597
f 6578 6658 6686
f 6623 6624 6555
f 6923 6555 6624
f 6624 6625 6781
f 6852 6613 6592
f 6803 6580 6675
f 6580 6540 6675
f 6688 6498 6732
f 6744 6660 6761
f 6710 6709 6600
f 6664 6710 6586
f 6799 6712 6533
f 6534 6747 6763
f 6638 6765 6618
f 6545 6668 6698
f 6501 6604 6750
f 6714 6630 6649
f 6630 6543 6715
f 6633 6770 6632
f 9767 6639 6665
f 6457 6648 6699
f 6671 6543 6632
f 6632 6770 6671
f 9964 6605 6713
f 6605 6682 6713
f 6491 6749 6825
f 6691 6778 6747
f 6747 6584 6691
f 6667 6691 6584
f 6666 6707 6667
f 6663 6796 6615
f 6780 6678 6575
f 6575 6634 6780
f 6746 6780 6634
f 6628 6746 6634
f 6693 6616 6484
f 6843 6635 6617
f 6636 6533 6712
f 6681 6637 6603
f 6735 6681 6603
f 6603 6587 6735
f 6689 6665 6639
f 6640 6606 6737
f 6755 6723 6476
f 6476 6609 6755
f 6863 6831 6643
f 6742 6728 6423
f 6687 6538 6539
f 6598 6687 6579
f 6625 6612 6706
f 6612 6646 6706
f 6835 6557 6674
f 6803 6592 6517
f 6760 6540 6593
f 6676 6626 6743
f 6626 6581 6743
f 6761 6785 6744
f 6911 6786 6499
f 6499 6647 6911
f 6457 6699 6669
f 6648 6670 6699
f 6671 6715 6543
f 6770 6633 6672
f 6650 6651 6697
f 6737 6771 6640
f 6716 6737 6606
f 6654 6754 6653
f 6723 6588 6476
f 6495 6755 6609
f 6794 6644 6620
f 6724 6794 6620
f 6766 6705 6657
f 6730 6686 6658
f 6802 6646 6599
f 6599 6782 6802
f 6782 6659 6731
f 6659 6557 6731
f 6966 6743 6581
f 6691 6667 6707
f 6796 6692 6615
f 6600 6709 6663
f 6601 6571 6779
f 6765 6694 6587
f 6690 6665 6689
f 6662 6666 6667
f 6692 6708 6615
f 6575 6779 6571
f 6682 6695 6895
f 6805 6604 6669
f 6699 6805 6669
f 6751 6683 6714
f 6606 6818 6716
f 6607 6641 6619
f 6739 6684 6752
f 6700 6752 6684
f 6702 6564 6703
f 6703 6642 6819
f 6862 6819 6642
f 6723 6849 6588
f 6755 6495 7072
f 6536 6726 6596
f 6536 6622 6864
f 6880 6864 6622
f 6727 6880 6622
f 6610 6881 6365
f 6658 6538 6730
f 6687 6730 6538
f 6783 6731 6557
f 6557 6835 6783
f 6836 6676 6743
f 6689 6639 6734
f 6690 6762 6665
f 6664 6601 6779
f 6678 6780 6869
f 6843 6693 6635
f 6712 6711 6636
f 6680 6637 6764
f 6808 6764 6637
f 6637 6681 6808
f 6694 6735 6587
f 6713 6682 6844
f 6491 6629 6696
f 6650 6696 6629
f 6715 6649 6630
f 6739 6792 6607
f 6700 6702 6701
f 6722 6754 6654
f 6849 6722 6654
f 6741 6511 6831
f 6831 6863 7073
f 6657 6578 6800
f 6965 6852 6592
f 6966 6581 6885
f 6817 6885 6581
f 6581 6688 6817
f 6688 6732 6817
f 6744 6785 6784
f 6837 6761 6660
f 6838 6911 6647
f 6734 6777 6689
f 6662 6840 6891
f 6796 6663 6811
f 6664 6745 6710
f 6678 6779 6575
f 6843 6814 6693
f 6825 6895 6695
f 6696 6749 6491
f 6697 6651 6896
f 6651 6698 6896
f 7002 6698 6668
f 6792 6641 6607
f 6752 6793 6739
f 6701 6752 6700
f 6703 6718 6702
f 6642 6753 6977
f 6741 6831 6830
f 6673 6645 6822
f 6800 6766 6657
f 6686 6730 6801
f 6598 6815 6687
f 6816 6835 6674
f 6613 6852 6816
f 6592 6803 6965
f 6760 6675 6540
f 6541 6676 6836
f 6627 6837 6566
f 6786 6949 6627
f 6661 6838 6647
f 6762 6776 9769
f 6798 6663 6709
f 6745 6798 6709
f 6709 6710 6745
f 6616 6693 6947
f 6814 6947 6693
f 6711 6679 6636
f 6898 6765 6638
f 6736 6898 6638
f 9964 6713 6748
f 6826 6750 6604
f 6751 6670 6683
f 6769 6751 6649
f 6649 6715 6769
f 9976 6770 6672
f 6701 6702 6718
f 6773 6720 6719
f 6849 6723 6740
f 6724 6725 6820
f 6902 6758 6673
f 6822 6902 6673
f 6645 6833 6822
f 6578 6686 6800
f 6815 6730 6687
f 6884 6923 6624
f 6624 6781 6884
f 6802 6706 6646
f 6783 7044 6731
f 6837 6627 6949
f 6776 9774 9769
f 6807 6777 6734
f 6762 6690 6824
f 6690 6777 6861
f 6691 6707 6906
f 6708 6692 6840
f 6745 6664 6841
f 6779 6841 6664
f 6767 6748 6713
f 6713 6844 6767
f 6805 6826 6604
f 6714 6649 6751
f 6788 6912 6717
f 6717 6641 6788
f 6718 6703 6790
f 6642 6977 6862
f 6720 6773 6991
f 6829 6704 6741
f 6741 6830 6829
f 6645 6655 6833
f 6598 6759 6866
f 6555 6923 6759
f 6836 6760 6541
f 6796 6919 6692
f 6779 6678 6812
f 6780 6746 6842
f 6746 6628 6842
f 6905 6711 6712
f 6712 6799 6905
f 6778 6763 6747
f 6809 6681 6735
f 6735 6694 6809
f 6810 6809 6694
f 6765 6810 6694
f 6844 6682 6768
f 6652 7002 6668
f 6845 6652 6750
f 6750 6826 6845
f 6805 6699 6915
f 6846 6715 6671
f 6827 6846 6671
f 6671 6770 6827
f 6716 6818 7065
f 6793 6752 6789
f 6719 6720 6978
f 6722 6917 6754
f 7072 6723 6755
f 6832 6589 6756
f 6794 6724 6820
f 6791 6621 6821
f 6757 6728 6774
f 6728 6742 6774
f 7028 6881 6610
f 6729 6775 6850
f 6851 9727 6685
f 6685 6705 6851
f 6759 6923 6834
f 6733 9758 6968
f 6861 6824 6690
f 6778 6691 6906
f 6906 6707 6854
f 6870 6854 6707
f 6707 6666 6870
f 6853 6870 6666
f 6666 6662 6853
f 6662 6891 6853
f 6919 6840 6692
f 6843 6679 7013
f 6679 6711 7013
f 6680 6764 9966
f 6810 6765 6898
f 6848 6898 6736
f 9582 6766 6800
f 6815 6883 6730
f 6866 6815 6598
f 6803 6675 6924
f 6743 6983 6836
f 6784 6732 6744
f 6925 6661 6733
f 6733 6968 6925
f 6895 6768 6682
f 6896 6857 6697
f 6897 6699 6670
f 6670 6751 6897
f 6846 6769 6715
f 6827 6770 9976
f 6787 6839 6771
f 6771 6737 6787
f 6788 6926 6912
f 6739 6793 6792
f 6701 6789 6752
f 6773 6721 6991
f 6653 6721 6595
f 6828 6495 6704
f 6878 6863 6589
f 6589 6832 6878
f 6725 6621 6879
f 6621 6791 6879
f 6864 6726 6536
f 6727 6757 7026
f 6959 7028 6610
f 6775 6685 6850
f 9727 6850 6685
f 9582 6851 6705
f 9774 6776 6875
f 6776 6888 6823
f 6776 6762 6888
f 6762 6824 6804
f 6861 6777 6806
f 6807 6806 6777
f 6811 6663 6797
f 6798 6797 6663
f 6841 6798 6745
f 6812 6841 6779
f 6812 6678 6962
f 6869 6962 6678
f 6628 6616 6813
f 6947 6813 6616
f 6963 6799 6763
f 6847 6808 6681
f 6924 6965 6803
f 7035 6818 6738
f 6912 7035 6738
f 6641 6792 6788
f 6819 6790 6703
f 6772 6719 6978
f 6653 6754 6917
f 7072 6495 6828
f 6880 6727 7026
f 6742 6881 6774
f 6610 6758 6959
f 6902 6959 6758
f 6850 6795 6729
f 6823 6875 6776
f 6804 6888 6762
f 6748 6767 6856
f 6650 6697 6929
f 9610 6788 6792
f 6753 6772 6978
f 6829 6828 6704
f 7027 6774 6881
f 6902 6822 6960
f 6833 6940 6822
f 6841 6868 6798
f 6799 6963 6905
f 6964 6963 6763
f 6763 6778 6964
f 6681 6809 6847
f 6908 6800 6686
f 6801 6908 6686
f 6834 6922 6759
f 6706 6802 7017
f 7104 7017 6802
f 6948 7104 6802
f 6802 6782 6948
f 6969 6787 6737
f 6737 6716 6969
f 6767 6844 6856
f 6873 6844 6768
f 6895 6825 6928
f 6696 6650 6929
f 6857 6929 6697
f 6848 6899 6898
f 6842 6869 6780
f 9582 6800 6865
f 6908 6865 6800
f 6884 6781 7016
f 6782 6731 6948
f 6981 7044 6783
f 6783 6835 6981
f 7018 6885 6817
f 6817 6732 7018
f 6784 7018 6732
f 7034 6949 6786
f 6701 6718 6877
f 6862 6901 6819
f 6644 6794 6832
f 6794 6820 6957
f 6940 6960 6822
f 6861 9984 6890
f 6768 6895 6927
f 6928 6825 6749
f 6929 6749 6696
f 6897 6915 6699
f 6769 6931 6751
f 6809 6810 6933
f 6871 6894 6848
f 9610 6792 6867
f 6876 6789 6701
f 6701 6877 6876
f 6790 6877 6718
f 6916 6862 6977
f 6978 6977 6753
f 6829 6830 6938
f 6820 6725 7222
f 6879 7222 6725
f 6908 6801 6909
f 6801 6883 6909
f 6999 6982 6852
f 6852 6965 6999
f 6887 6911 6838
f 6838 6661 6887
f 6787 9760 6839
f 6891 6840 6903
f 6840 6919 6903
f 6919 6796 6942
f 6811 6942 6796
f 6868 6841 6944
f 6842 6628 6813
f 6814 6843 6994
f 7013 6994 6843
f 6856 6844 6873
f 6845 6826 6951
f 6915 6826 6805
f 6952 6931 6769
f 6846 6952 6769
f 6846 6827 6874
f 9966 7047 6893
f 6764 6808 7047
f 6847 6809 7025
f 6898 6933 6810
f 6894 6899 6848
f 6872 9771 6934
f 6901 6790 6819
f 6991 6721 7070
f 6722 6849 6937
f 7222 6957 6820
f 6958 6791 6821
f 6821 6726 6958
f 6864 6958 6726
f 6655 6795 6882
f 6866 6883 6815
f 6922 6866 6759
f 7017 7016 6706
f 6835 6816 7171
f 6982 6816 6852
f 6761 6837 6886
f 6818 7035 7065
f 6792 6793 6867
f 6797 6798 6943
f 6868 6943 6798
f 6945 6944 6841
f 6841 6812 6945
f 6962 6869 6946
f 6778 6906 6892
f 6855 9794 9792
f 9794 6855 9784
f 6856 6873 9967
f 6927 6873 6768
f 6749 6929 6971
f 6915 7004 6826
f 6931 6986 6751
f 6858 9778 6935
f 9943 6935 9778
f 6859 6860 9763
f 6890 6824 6861
f 6916 6901 6862
f 7048 7070 6721
f 6721 6653 7048
f 6917 7048 6653
f 6849 6740 6937
f 6830 6831 7049
f 6831 7073 7049
f 6940 6833 7075
f 6833 6655 7075
f 6882 7075 6655
f 9582 6865 6921
f 7016 7084 6884
f 6948 6731 7032
f 7171 6981 6835
f 6743 6966 7173
f 6967 7018 6784
f 6785 6761 7061
f 7062 7061 6761
f 6661 6925 7112
f 6789 7021 6793
f 6876 9765 6789
f 6941 7011 6855
f 6855 9792 6941
f 6942 7012 6919
f 7077 6946 6869
f 6869 6842 7077
f 6906 6854 6907
f 9791 6907 6854
f 6854 6870 9791
f 7039 6808 6847
f 7025 7039 6847
f 6871 6872 6934
f 9771 9766 6934
f 6824 7024 6804
f 6913 6890 9984
f 7002 6652 7003
f 6897 6985 6915
f 6897 6751 6986
f 6935 7001 6858
f 7066 6860 6875
f 6900 6876 6877
f 6877 6790 6936
f 6829 6938 7258
f 6939 6863 6878
f 6757 6774 7074
f 7027 6881 6992
f 7028 6992 6881
f 6909 6980 6908
f 6883 6866 6998
f 7084 6923 6884
f 6966 6885 7033
f 6886 7062 6761
f 6786 6911 7063
f 7000 6887 6661
f 6661 7112 7000
f 6787 6969 7086
f 6912 6926 6970
f 6867 7020 9610
f 6789 9765 6950
f 6823 7066 6875
f 6853 6891 6918
f 6996 6918 6891
f 6891 6903 6996
f 6904 6811 6943
f 6811 6797 6943
f 6943 6868 6920
f 6962 6945 6812
f 6892 6964 6778
f 6894 6871 6954
f 6873 6914 9967
f 6927 6895 6928
f 6896 6698 6930
f 6698 7002 6930
f 6951 7003 6652
f 6652 6845 6951
f 7004 6951 6826
f 6972 6985 6897
f 6986 6972 6897
f 6953 6952 6846
f 6846 6874 6953
f 6874 9963 6953
f 7039 6987 6808
f 6933 6975 6809
f 6933 6898 6989
f 6898 6899 6989
f 6955 6954 6871
f 6900 6877 7007
f 6937 7071 6722
f 6828 6829 7008
f 7258 7008 6829
f 7073 6863 7221
f 7161 6958 6864
f 7040 6941 9792
f 6903 6919 6961
f 6942 6811 6904
f 6892 6906 7099
f 6907 7099 6906
f 6932 6893 7047
f 6921 6865 7030
f 6865 6908 6980
f 7044 7032 6731
f 6983 6910 6836
f 6743 7173 7045
f 7035 6912 6970
f 7009 9949 9958
f 7001 7015 6976
f 6976 6858 7001
f 6935 9943 9944
f 6823 6888 6984
f 6857 6896 6930
f 6931 6952 6973
f 6936 7007 6877
f 6790 6901 6990
f 7008 7072 6828
f 6939 7221 6863
f 7095 6832 6794
f 6864 6880 7202
f 7026 7202 6880
f 7040 6993 6941
f 6996 6903 6961
f 6919 7012 6961
f 6907 9791 9780
f 6921 9724 9582
f 7030 6865 6980
f 6883 7014 6909
f 6923 7084 6834
f 7104 7152 7017
f 7297 6675 6760
f 6836 7297 6760
f 6983 6743 7045
f 6785 6967 6784
f 6886 6837 6949
f 7063 7034 6786
f 7019 7063 6911
f 6911 6887 7019
f 9626 7112 6925
f 6925 6968 9626
f 9625 9760 7086
f 9760 6787 7086
f 6716 7065 6969
f 7020 6867 7021
f 6867 6793 7021
f 7037 6890 6913
f 9968 7037 6913
f 7046 6914 6873
f 6873 6927 7046
f 6928 7046 6927
f 6929 6857 7118
f 6857 6930 7118
f 6985 7004 6915
f 6931 6973 6986
f 7005 6973 6952
f 6974 7047 6808
f 6989 6975 6933
f 6899 6894 6989
f 7122 6989 6894
f 6901 6916 6990
f 7071 7048 6917
f 6878 6832 6939
f 7052 6939 6832
f 6957 7222 7050
f 7053 6960 6940
f 9945 7011 7010
f 6993 7011 6941
f 7040 9779 9789
f 7029 7012 6942
f 6904 7029 6942
f 6868 6944 6920
f 6813 6947 7165
f 6963 6995 6905
f 6979 6963 6964
f 7014 6883 6997
f 6816 6982 7171
f 6836 6910 7297
f 6949 7034 6886
f 6789 6950 7022
f 6950 9777 7022
f 6888 6889 6984
f 7024 6889 6804
f 6971 6928 6749
f 7118 6971 6929
f 7025 6809 6975
f 6954 7122 6894
f 6955 7091 6954
f 7001 6935 7057
f 6900 9770 6876
f 7093 6936 6790
f 6790 6990 7093
f 6916 6977 7069
f 7324 6991 7070
f 6938 6830 7049
f 7339 6794 6957
f 6959 6902 7108
f 6945 6962 7041
f 6946 7041 6962
f 6842 6813 7042
f 6711 6905 7078
f 6995 7078 6905
f 6979 6995 6963
f 6964 6892 6979
f 7099 6979 6892
f 7146 7099 6907
f 7033 7173 6966
f 6968 9625 9626
f 7086 7064 9625
f 7066 6823 7036
f 6984 7036 6823
f 6889 7024 7023
f 6890 7024 6824
f 6952 6953 7005
f 7006 7005 6953
f 6974 6808 6987
f 7122 6954 7091
f 6976 7015 6956
f 9944 7057 6935
f 7069 6990 6916
f 6977 6978 7069
f 6978 6720 7200
f 6991 7200 6720
f 7218 7070 7048
f 6740 7178 6937
f 7095 7052 6832
f 7139 7161 6864
f 7026 6757 7096
f 7074 7096 6757
f 7009 9945 7010
f 9788 6996 6961
f 6904 6943 7144
f 7129 7110 6943
f 6943 6920 7129
f 7042 6813 7165
f 6921 7079 9724
f 6980 6909 7126
f 7014 7126 6909
f 7060 6998 6866
f 6866 6922 7060
f 6922 6834 7060
f 7044 6981 7085
f 7033 6885 7018
f 7019 6887 7195
f 6887 7000 7195
f 7021 6789 7115
f 7022 7115 6789
f 7015 7001 7080
f 6914 7037 9968
f 6951 7004 7088
f 7004 6985 7089
f 6986 6973 7120
f 7177 6973 7005
f 7025 6975 7106
f 6989 7122 9578
f 7091 6955 7107
f 7047 7038 6932
f 6975 6989 7106
f 7200 7128 6978
f 7071 6937 7138
f 7028 6959 7051
f 6940 7075 7053
f 7097 9953 7009
f 7009 7010 7098
f 7144 6943 7110
f 7041 6944 6945
f 7077 6842 7042
f 7165 6947 7111
f 6814 7111 6947
f 6814 6994 7111
f 7078 7013 6711
f 7126 7124 6980
f 7102 6997 6998
f 6834 7084 7103
f 7087 7022 9777
f 9777 9768 7087
f 6956 7015 7192
f 9954 9948 7058
f 9770 6900 7127
f 7007 7127 6900
f 6936 7092 7007
f 7217 7069 6978
f 7128 7217 6978
f 6991 7324 7200
f 7027 7074 6774
f 7097 7009 7098
f 7011 6993 7109
f 7029 6904 7144
f 6920 6944 7129
f 7076 7129 6944
f 6946 7077 7183
f 7078 6994 7013
f 7030 6980 7123
f 7152 7130 7016
f 7016 7017 7152
f 7194 7085 6981
f 7269 7171 6982
f 7210 6982 6999
f 6999 6965 7210
f 7020 7021 7176
f 7023 7024 7117
f 7157 7117 7024
f 7024 6890 7157
f 7120 7189 6972
f 6972 6986 7120
f 7005 7006 7121
f 7038 7159 7006
f 7039 7025 7090
f 7305 7090 7025
f 7050 7222 7477
f 7053 7203 6960
f 7223 7140 7075
f 6882 7223 7075
f 7041 7076 6944
f 6994 7078 7145
f 7055 6995 6979
f 6979 7099 7055
f 7079 6921 7123
f 6921 7030 7123
f 9950 7126 7031
f 7192 7043 6956
f 7100 7015 7080
f 7056 7080 7001
f 7057 7056 7001
f 7193 7104 6948
f 7131 7230 6924
f 6924 6675 7131
f 6886 7034 7249
f 7063 7249 7034
f 7035 6970 7133
f 6984 7067 7036
f 6890 7037 7157
f 7068 7037 6914
f 6914 7046 7068
f 7046 6928 7068
f 6971 7118 7136
f 7119 7089 6985
f 6985 6972 7119
f 7189 7119 6972
f 7158 7120 6973
f 6973 7177 7158
f 6987 7039 7090
f 7025 6988 7305
f 7097 7142 9953
f 6993 7040 7162
f 7054 7162 7012
f 7012 7029 7054
f 7183 7041 6946
f 7100 7192 7015
f 7101 7056 7057
f 7149 7058 9948
f 7081 7149 9948
f 7060 7102 6998
f 7170 7060 6834
f 7130 7084 7016
f 7085 7032 7044
f 7154 7020 7114
f 7176 7114 7020
f 7066 7036 7134
f 6889 7023 7156
f 7135 7068 6928
f 6928 6971 7135
f 7234 7003 6951
f 7089 7088 7004
f 7159 7121 7006
f 7025 7106 6988
f 7106 6989 9578
f 7127 7007 7092
f 7069 7094 6990
f 7138 6937 7257
f 7178 7257 6937
f 7072 7008 7179
f 7050 7339 6957
f 6864 7202 7139
f 7027 6992 7309
f 7108 7051 6959
f 7203 6902 6960
f 9729 7223 6882
f 7216 7255 6936
f 7093 7216 6936
f 7094 7093 6990
f 7201 6740 6723
f 6723 7072 7201
f 6794 7339 7095
f 6879 6791 7259
f 6791 6958 7259
f 7202 7026 7096
f 7010 7011 7109
f 7144 7054 7029
f 7057 7058 7101
f 6997 7102 7169
f 6834 7103 7170
f 6675 7297 7131
f 7231 7033 7018
f 7153 7113 7086
f 7086 6969 7153
f 6969 7065 7212
f 7065 7035 7212
f 7133 7212 7035
f 7133 6970 7175
f 7067 6984 7155
f 7117 7156 7023
f 7136 7135 6971
f 7105 6930 7002
f 7002 7003 7105
f 7160 7159 7038
f 7038 7047 7160
f 7047 6974 7160
f 6987 7215 6974
f 7091 7107 7254
f 7092 6936 7255
f 7200 7238 7128
f 7218 7324 7070
f 7218 7048 7239
f 7071 7239 7048
f 7178 6740 7394
f 7201 7394 6740
f 7072 7179 7201
f 7073 7221 7476
f 7221 6939 7241
f 7339 7050 7477
f 7074 7275 7096
f 7261 6992 7028
f 7028 7051 7261
f 7203 7108 6902
f 7180 7203 7053
f 7140 7053 7075
f 7142 7141 9953
f 7109 7098 7010
f 6993 7162 7143
f 7184 7099 7146
f 7079 7123 7181
f 7124 7123 6980
f 7124 7126 7125
f 9782 7043 7265
f 7101 7058 7149
f 7082 7167 7081
f 6997 7169 7059
f 7151 7103 7084
f 7193 6948 7032
f 7173 7172 7045
f 7173 7033 7248
f 7018 6967 7231
f 7064 7086 7113
f 7115 7022 7087
f 7087 9768 7116
f 7067 7134 7036
f 7156 7155 6984
f 6984 6889 7156
f 7068 7197 7037
f 6951 7088 7234
f 7122 7091 7191
f 7069 7217 7290
f 7476 7049 7073
f 6939 7052 7241
f 7309 7074 7027
f 7141 7142 7182
f 7143 7109 6993
f 7054 7163 7162
f 7129 7076 7207
f 7041 7183 7263
f 7184 7055 7099
f 7185 9785 7166
f 7149 7148 7101
f 7167 7149 7081
f 7102 7060 7247
f 7151 7187 7103
f 7152 7104 7268
f 7193 7268 7104
f 7193 7032 7370
f 7085 7370 7032
f 7211 7210 6965
f 6965 6924 7211
f 7230 7211 6924
f 6910 6983 7132
f 6983 7045 7132
f 7045 7172 7132
f 6785 7188 6967
f 6785 7061 7188
f 7000 7112 7279
f 9747 7116 9764
f 9764 7134 9747
f 7136 7251 7135
f 7121 7177 7005
f 7236 7121 7159
f 7199 6987 7090
f 7090 7305 7199
f 7254 7191 7091
f 7340 7259 6958
f 7097 7098 7205
f 7144 7110 7164
f 7246 7183 7077
f 7042 7246 7077
f 7145 7165 7111
f 7111 6994 7145
f 6995 7055 7225
f 7186 7166 9782
f 7265 7186 9782
f 7265 7043 7226
f 7056 7101 7147
f 7083 7059 7168
f 7059 7169 7168
f 6981 7171 7194
f 7061 7062 7188
f 7232 7112 9626
f 6970 7154 7175
f 7176 7299 7114
f 7176 7021 7213
f 7021 7115 7213
f 7087 7213 7115
f 7117 7157 7196
f 7157 7037 7272
f 7197 7272 7037
f 7135 7197 7068
f 7136 7118 7214
f 7119 7088 7089
f 7160 6974 7215
f 7191 7137 7122
f 9723 7079 7181
f 7123 7124 7224
f 7125 7126 9950
f 7092 7323 7127
f 7093 7094 7216
f 7217 7128 7238
f 7222 6879 7422
f 7259 7422 6879
f 7621 7340 6958
f 6958 7161 7621
f 7096 7503 7202
f 7074 7309 7260
f 7261 7309 6992
f 7051 7108 7242
f 7053 7140 7180
f 7245 7054 7144
f 7164 7110 7206
f 7129 7206 7110
f 7225 7078 6995
f 7055 7184 7225
f 7147 7101 7148
f 7150 7167 7082
f 7168 7150 7082
f 7102 7247 7278
f 7229 7247 7060
f 7187 7170 7103
f 7297 7495 7131
f 7248 7033 7231
f 7188 7231 6967
f 7174 7064 7113
f 6969 7212 7153
f 7067 9747 7134
f 7214 7251 7136
f 7118 6930 7214
f 7236 7177 7121
f 6987 7199 7237
f 7254 9772 7289
f 7123 7327 7181
f 7224 7124 7125
f 7472 7216 7094
f 7094 7069 7290
f 7220 7258 6938
f 6938 7049 7220
f 7275 7503 7096
f 7223 7341 7140
f 9960 7125 9950
f 7205 7182 7142
f 7142 7097 7205
f 7098 7109 7243
f 7109 7143 7244
f 7144 7164 7245
f 7076 7041 7347
f 7263 7347 7041
f 7042 7165 7246
f 7208 7100 7080
f 7056 7208 7080
f 7148 7149 7294
f 7102 7278 7169
f 7060 7170 7229
f 7084 7130 7151
f 7173 7352 7172
f 7112 7232 7279
f 7175 7154 7281
f 7155 7156 7328
f 7196 7233 7117
f 6930 7105 7214
f 7252 7234 7088
f 7088 7119 7285
f 7119 7189 7335
f 7160 7236 7159
f 7160 7215 7321
f 7237 7215 6987
f 7092 7255 7362
f 7408 7291 7095
f 7095 7339 7408
f 7108 7203 7325
f 7181 7271 9723
f 7271 7181 7327
f 7224 7327 7123
f 7182 7204 7141
f 7143 7162 7311
f 7163 7311 7162
f 7347 7207 7076
f 7184 7146 7276
f 7192 7226 7043
f 7209 7149 7167
f 7150 7295 7167
f 7495 7230 7131
f 7248 7352 7173
f 7249 7062 6886
f 7249 7063 7354
f 7250 7063 7019
f 7019 7195 7250
f 7195 7000 7371
f 7279 7371 7000
f 7213 7087 9744
f 7155 7328 7067
f 7233 7156 7117
f 7272 7196 7157
f 7329 7105 7003
f 7003 7234 7329
f 7285 7252 7088
f 7189 7120 7287
f 7158 7287 7120
f 7158 7177 7287
f 6988 7106 7190
f 7106 9578 7190
f 9602 7190 9578
f 9578 7137 9602
f 7094 7290 7307
f 7238 7200 7380
f 7179 7008 7240
f 7052 7095 7291
f 7242 7108 7325
f 7180 7292 7203
f 7365 7292 7180
f 7205 7098 7243
f 7245 7163 7054
f 7206 7129 7207
f 7183 7246 7348
f 7264 7145 7078
f 7078 7225 7264
f 7276 7225 7184
f 7208 7192 7100
f 7294 7147 7148
f 7295 7209 7167
f 7295 7150 7227
f 7150 7168 7228
f 7169 7228 7168
f 7266 7169 7278
f 7267 7151 7130
f 7194 7171 7411
f 7171 7269 7411
f 7188 7062 7413
f 7174 7113 7270
f 7356 7212 7133
f 7287 7286 7189
f 7287 7177 7235
f 7236 7235 7177
f 7274 7236 7160
f 7306 7199 7305
f 9602 7137 7322
f 7345 7245 7164
f 7206 7345 7164
f 7263 7183 7348
f 7276 7146 7185
f 7277 7166 7186
f 7150 7228 7227
f 7266 7228 7169
f 7388 7231 7188
f 7250 7354 7063
f 7371 7250 7195
f 7283 7328 7156
f 7156 7233 7283
f 7198 7272 7197
f 7197 7135 7198
f 7135 7251 7198
f 7214 7273 7251
f 7252 7285 7303
f 7335 7285 7119
f 7335 7189 7286
f 7218 7239 7219
f 7008 7258 7240
f 7490 7220 7049
f 7242 7261 7051
f 9959 7224 7125
f 7204 7182 7310
f 7243 7109 7366
f 7109 7244 7366
f 7185 7166 7277
f 7208 7056 7147
f 7149 7209 7333
f 7130 7152 7268
f 7387 7132 7172
f 7352 7387 7172
f 7133 7175 7280
f 7196 7300 7233
f 7302 7273 7214
f 7214 7105 7302
f 7237 7288 7215
f 7378 7237 7199
f 7199 7306 7378
f 7253 7322 7137
f 7137 7191 7253
f 7254 7253 7191
f 7362 7323 7092
f 7255 7216 7256
f 7308 7290 7217
f 7238 7308 7217
f 7364 7238 7380
f 7239 7071 7474
f 7138 7474 7071
f 7337 7476 7221
f 7221 7241 7337
f 7291 7241 7052
f 7140 7365 7180
f 7223 9722 7341
f 7182 7205 7395
f 7243 7262 7205
f 7311 7244 7143
f 7344 7311 7163
f 7246 7165 7368
f 7145 7264 7331
f 7192 7208 7385
f 7315 7247 7229
f 7229 7170 7315
f 7267 7187 7151
f 7268 7267 7130
f 7463 7085 7194
f 7355 7279 7232
f 7280 7356 7133
f 7281 7280 7175
f 7400 7317 7213
f 9744 7400 7213
f 7067 7328 7416
f 7300 7484 7233
f 7196 7272 7320
f 7198 7251 7301
f 7252 7329 7234
f 7274 7235 7236
f 6988 7190 7360
f 7253 7254 7336
f 7307 7472 7094
f 7308 7238 7435
f 7364 7435 7238
f 7219 7239 7474
f 7477 7222 7422
f 7341 7365 7140
f 7395 7310 7182
f 7395 7205 7262
f 7293 7344 7163
f 7163 7245 7293
f 7206 7207 7424
f 7276 7264 7225
f 7277 7276 7185
f 7186 7265 7332
f 7208 7147 7313
f 7333 7294 7149
f 7278 7247 7314
f 7396 7314 7247
f 7396 7247 7315
f 7170 7316 7315
f 7268 7193 7462
f 7386 7269 6982
f 6982 7210 7386
f 7334 7386 7210
f 7210 7211 7334
f 7353 7413 7062
f 7270 7113 7483
f 7299 7176 7317
f 7176 7213 7317
f 7282 7318 9747
f 9747 7067 7282
f 7416 7282 7067
f 7272 7198 7357
f 7251 7273 7301
f 7284 7329 7252
f 7303 7284 7252
f 7287 7235 7376
f 7274 7160 7321
f 7304 7321 7215
f 7487 7305 6988
f 7289 7336 7254
f 7256 7362 7255
f 7472 7256 7216
f 7453 7200 7420
f 7324 7420 7200
f 7324 7218 7330
f 7260 7275 7074
f 7424 7345 7206
f 7346 7424 7207
f 7207 7347 7346
f 7348 7347 7263
f 7349 7368 7165
f 7165 7145 7349
f 7331 7349 7145
f 7265 7226 7332
f 7385 7312 7226
f 7226 7192 7385
f 7227 7460 7295
f 7428 7187 7267
f 7462 7410 7268
f 7411 7463 7194
f 7211 7230 7334
f 7298 7397 6910
f 7132 7298 6910
f 7532 7387 7352
f 7062 7249 7353
f 7373 7153 7212
f 7212 7356 7373
f 7224 9959 7342
f 7283 7233 7484
f 7320 7300 7196
f 7302 7301 7273
f 7329 7302 7105
f 7288 7304 7215
f 7237 7378 7377
f 7487 7306 7305
f 7360 7487 6988
f 7380 7200 7453
f 7219 7330 7218
f 7474 7138 7525
f 7257 7525 7138
f 7475 7201 7179
f 7179 7240 7475
f 7476 7490 7049
f 7622 7139 7202
f 7202 7503 7622
f 7366 7262 7243
f 7383 7293 7245
f 7345 7383 7245
f 7384 7348 7246
f 7368 7384 7246
f 7542 7333 7209
f 7227 7228 7296
f 7228 7266 7296
f 7314 7266 7278
f 7398 7248 7231
f 7388 7398 7231
f 7465 7353 7249
f 7113 7153 7414
f 7373 7446 7153
f 7317 7399 7299
f 7320 7272 7468
f 7303 7285 7335
f 7286 7287 7376
f 7235 7274 7359
f 7304 7288 7402
f 7190 9603 7360
f 7289 7323 7336
f 7290 7308 7363
f 7257 7178 7551
f 7394 7551 7178
f 7240 7258 7501
f 7220 7501 7258
f 7635 7621 7161
f 7161 7139 7635
f 7327 7224 7342
f 7310 7395 7440
f 7366 7244 7367
f 7369 7331 7264
f 7264 7276 7369
f 7332 7277 7186
f 7208 7313 7385
f 7313 7147 7426
f 7294 7333 9609
f 7460 7209 7295
f 7444 7296 7266
f 7266 7314 7444
f 7481 7316 7170
f 7187 7481 7170
f 7267 7268 7410
f 7370 7085 7482
f 6910 7495 7297
f 7328 7283 7319
f 7301 7302 7392
f 7237 7377 7288
f 7336 7323 7379
f 7434 7472 7307
f 7338 7337 7241
f 7241 7291 7338
f 7552 7309 7261
f 7242 7552 7261
f 7203 7292 7608
f 7343 9951 7204
f 7204 7310 7343
f 7382 7343 7310
f 7311 7367 7244
f 7460 7227 7351
f 7412 7352 7248
f 7413 7388 7188
f 7413 7353 7496
f 7249 7354 7465
f 7371 7279 7389
f 7355 7389 7279
f 7483 7372 7270
f 7153 7446 7414
f 7429 7356 7280
f 7282 7431 7318
f 7416 7328 7515
f 7357 7468 7272
f 7393 7392 7302
f 7376 7335 7286
f 7362 7379 7323
f 7472 7407 7256
f 7363 7307 7290
f 7330 7420 7324
f 7475 7394 7201
f 7325 7203 7437
f 7439 7438 7365
f 7365 7341 7439
f 7478 7326 7271
f 7271 7327 7409
f 7327 7342 7409
f 7328 7319 7515
f 7302 7329 7393
f 7329 7284 7375
f 7376 7432 7335
f 7359 7376 7235
f 7377 7402 7288
f 7404 9603 7322
f 7322 7253 7404
f 7253 7336 7361
f 7407 7362 7256
f 7307 7363 7434
f 7476 7337 7454
f 7291 7408 7421
f 7552 7260 7309
f 7478 9728 7326
f 7409 7478 7271
f 9951 7343 7381
f 7311 7344 7455
f 7350 7369 7276
f 7276 7277 7350
f 7277 7332 7350
f 7332 7226 7312
f 7147 7294 7426
f 7542 9609 7333
f 7398 7412 7248
f 7250 7535 7354
f 7399 7430 7281
f 7431 7282 9748
f 7320 7468 7374
f 7468 7357 7390
f 7357 7198 7391
f 7301 7391 7198
f 7301 7392 7358
f 7375 7393 7329
f 7284 7303 7449
f 7303 7335 7401
f 7335 7432 7401
f 7274 7321 7486
f 7419 7486 7321
f 7321 7304 7419
f 7402 7377 7606
f 7361 7404 7253
f 7361 7336 7379
f 7525 7257 7500
f 7551 7500 7257
f 7526 7475 7240
f 7608 7437 7203
f 7455 7367 7311
f 7425 7346 7347
f 7347 7348 7425
f 7384 7479 7348
f 7458 7350 7332
f 7209 7460 7459
f 7427 7444 7314
f 7314 7396 7427
f 7428 7481 7187
f 7577 7462 7193
f 7193 7370 7577
f 7352 7412 7532
f 7414 7483 7113
f 7430 7467 7281
f 7484 7319 7283
f 7300 7320 7374
f 7391 7390 7357
f 7449 7375 7284
f 7401 7449 7303
f 7274 7486 7359
f 7487 7360 7433
f 7360 9603 7433
f 7379 7406 7361
f 7362 7406 7379
f 7491 7552 7242
f 7538 7242 7325
f 7438 7292 7365
f 7409 7342 7554
f 7395 7262 7440
f 7262 7366 7440
f 7293 7571 7344
f 7441 7571 7293
f 7293 7383 7441
f 7479 7425 7348
f 7349 7331 7457
f 7331 7369 7457
f 7542 7209 7459
f 7315 7316 7494
f 7410 7461 7267
f 7482 7577 7370
f 7463 7482 7085
f 7495 6910 7397
f 7467 7429 7280
f 7280 7281 7467
f 9748 7282 7447
f 7416 7447 7282
f 7391 7301 7358
f 7448 7393 7375
f 9603 7404 7403
f 7551 7394 7436
f 7421 7338 7291
f 7341 9726 7439
f 9725 7439 9726
f 7381 7343 9570
f 7343 7382 9570
f 7440 7382 7310
f 7383 7345 7456
f 7424 7456 7345
f 7368 7349 7493
f 7350 7457 7369
f 7413 7398 7388
f 7465 7496 7353
f 7250 7371 7535
f 7372 7466 7355
f 7429 7373 7356
f 7417 7515 7319
f 7319 7484 7417
f 7468 7390 7485
f 7393 7358 7392
f 7450 7432 7376
f 7376 7359 7450
f 7359 7418 7546
f 7359 7486 7418
f 7402 7419 7304
f 7565 7378 7306
f 9603 7403 7433
f 7406 7405 7361
f 7406 7362 7452
f 7407 7452 7362
f 7435 7364 7550
f 7330 7219 7489
f 7474 7489 7219
f 7342 7492 7554
f 7455 7440 7366
f 7367 7455 7366
f 7571 7423 7344
f 7456 7424 7541
f 7457 7493 7349
f 7385 7313 7442
f 7427 7396 7445
f 7396 7315 7445
f 7386 7334 7464
f 7230 7543 7334
f 7132 7387 7531
f 7535 7465 7354
f 7355 7579 7389
f 7497 7414 7446
f 7467 7430 7537
f 7430 7399 7563
f 7317 7400 7415
f 7400 9752 7415
f 7515 7545 7416
f 7516 7484 7300
f 7300 7374 7516
f 7469 7485 7390
f 7390 7391 7469
f 7449 7448 7375
f 7432 7450 7471
f 7377 7378 7498
f 7565 7498 7378
f 7405 7404 7361
f 7405 7406 7451
f 7473 7363 7308
f 7435 7473 7308
f 7502 7421 7408
f 7408 7339 7502
f 7339 7477 7648
f 7538 7491 7242
f 7382 7440 7505
f 7441 7383 7456
f 7384 7368 7493
f 7507 7458 7332
f 7332 7312 7507
f 7312 7385 7480
f 7313 7426 7443
f 7509 7351 7296
f 7296 7444 7509
f 7462 7461 7410
f 7512 7411 7269
f 7269 7386 7512
f 7543 7464 7334
f 7298 7132 7641
f 7531 7641 7132
f 7532 7531 7387
f 7372 7483 7466
f 7536 7466 7483
f 7483 7414 7497
f 7317 7563 7399
f 7545 7447 7416
f 7519 7358 7393
f 7647 7306 7487
f 7433 7403 7566
f 7473 7434 7363
f 7420 7330 7489
f 7648 7502 7339
f 7259 7583 7422
f 7503 7275 7504
f 7275 7260 7567
f 7608 7292 7636
f 7346 7541 7424
f 7457 7350 7573
f 7350 7458 7558
f 7442 7480 7385
f 7443 7442 7313
f 7528 9609 7529
f 9609 7542 7529
f 7315 7494 7445
f 7316 7481 7494
f 7428 7267 7510
f 7511 7510 7267
f 7267 7461 7511
f 7495 7543 7230
f 7398 7533 7412
f 7371 7389 7514
f 7355 7466 7579
f 7563 7537 7430
f 7358 7469 7391
f 7393 7448 7519
f 7470 7449 7401
f 7547 7402 7606
f 7647 7565 7306
f 7404 7405 7488
f 7451 7488 7405
f 7451 7406 7452
f 7473 9592 7434
f 7727 7394 7475
f 7337 7338 7774
f 7597 7635 7139
f 7139 7622 7597
f 7325 7437 7538
f 7438 7439 7568
f 9728 7478 7539
f 9570 7555 7381
f 7609 9570 7382
f 7540 7440 7455
f 7455 7344 7423
f 7493 7479 7384
f 7480 7507 7312
f 7351 7508 7460
f 7444 7427 7509
f 7481 7428 7494
f 7482 7463 7613
f 7535 7371 7513
f 7514 7513 7371
f 7389 7579 7514
f 7616 7497 7446
f 7446 7373 7616
f 7415 7563 7317
f 7520 7516 7374
f 7374 7468 7520
f 7485 7469 7518
f 7448 7449 7470
f 7401 7432 7470
f 7471 7470 7432
f 7546 7450 7359
f 7486 7546 7418
f 7407 7524 7452
f 7499 7434 9592
f 7380 7453 7620
f 7501 7526 7240
f 7490 7476 7634
f 7552 7567 7260
f 7505 7609 7382
f 7541 7586 7456
f 7541 7346 7527
f 7346 7425 7527
f 7425 7479 7527
f 7507 7558 7458
f 7459 7460 7508
f 7600 7445 7494
f 7461 7462 7576
f 7462 7577 7576
f 7639 7386 7464
f 7397 7626 7495
f 7533 7532 7412
f 7534 7398 7413
f 7413 7560 7534
f 7615 7496 7465
f 7561 7579 7466
f 7536 7580 7466
f 7429 7467 7660
f 9743 7563 7415
f 7517 7520 7468
f 7485 7517 7468
f 7519 7448 7521
f 7448 7470 7521
f 7471 7593 7470
f 7471 7450 7522
f 7498 7606 7377
f 7566 7487 7433
f 7581 7403 7404
f 7488 7581 7404
f 7407 7472 7524
f 7472 7434 7524
f 7499 7524 7434
f 7620 7364 7380
f 7740 7436 7394
f 7394 7727 7740
f 7706 7501 7220
f 7490 7706 7220
f 7774 7454 7337
f 7568 7636 7292
f 7292 7438 7568
f 7570 7539 7478
f 7478 7409 7570
f 7556 7505 7440
f 7440 7540 7556
f 7423 7540 7455
f 7506 7527 7479
f 7479 7493 7506
f 7442 7443 7681
f 7589 7508 7351
f 7509 7427 7599
f 7427 7445 7638
f 7669 7600 7494
f 7510 7494 7428
f 7613 7577 7482
f 7639 7512 7386
f 7640 7639 7464
f 7495 7625 7543
f 7397 7298 7626
f 7513 7602 7535
f 7616 7373 7698
f 7373 7429 7698
f 7545 7515 7594
f 7515 7417 7591
f 7417 7484 7617
f 7484 7516 7617
f 7592 7517 7485
f 7592 7485 7518
f 7469 7358 7564
f 7546 7522 7450
f 7546 7486 7523
f 7673 7473 7435
f 7550 7673 7435
f 7453 7420 7633
f 7489 7633 7420
f 7489 7474 7819
f 7774 7687 7454
f 7477 7422 7583
f 7583 7259 7666
f 7259 7340 7666
f 7568 7439 7569
f 7555 9570 7585
f 7441 7456 7586
f 7598 7506 7493
f 7572 7598 7493
f 7493 7457 7572
f 7573 7572 7457
f 7759 7480 7442
f 7530 7542 7459
f 7509 7589 7351
f 7599 7624 7509
f 7638 7599 7427
f 7511 7461 7576
f 7626 7625 7495
f 7580 7561 7466
f 7497 7536 7483
f 7522 7618 7471
f 7566 7403 7549
f 7403 7581 7549
f 7550 7364 7632
f 7525 7819 7474
f 7475 7526 7727
f 7741 7634 7476
f 7476 7454 7741
f 7338 7421 7607
f 7340 7621 7666
f 9725 7569 7439
f 7539 7553 9728
f 7554 7584 7409
f 7652 7540 7423
f 7557 7573 7350
f 7350 7558 7557
f 7528 7681 7443
f 7508 7530 7459
f 7624 7589 7509
f 7613 7463 7614
f 7559 7614 7463
f 7463 7411 7559
f 7411 7512 7559
f 7641 7531 7578
f 7534 7533 7398
f 7537 7660 7467
f 7604 7537 7563
f 9748 7447 7735
f 7515 7591 7594
f 7358 7519 7564
f 7735 7447 7544
f 7545 7544 7447
f 7595 7564 7519
f 7519 7521 7595
f 7546 7523 7646
f 7486 7419 7703
f 7547 7419 7402
f 7547 7606 7671
f 7452 7524 7631
f 7473 7673 7619
f 7454 7687 7741
f 7583 7648 7477
f 7504 7275 7567
f 7552 7491 7675
f 7528 7529 7575
f 7542 7575 7529
f 7532 7578 7531
f 7413 7496 7560
f 7536 7497 7603
f 7617 7591 7417
f 7564 7518 7469
f 7593 7702 7521
f 7593 7471 7618
f 7487 7566 7548
f 7620 7664 7364
f 7633 7620 7453
f 7665 7727 7526
f 7706 7526 7501
f 7421 7502 7607
f 7491 7538 7709
f 7691 7538 7437
f 7437 7608 7691
f 7650 7555 7585
f 7651 7585 9570
f 7441 7586 7653
f 7654 7586 7541
f 7541 7527 7654
f 7587 7612 7527
f 7527 7506 7587
f 7574 7558 7507
f 7507 7480 7574
f 7480 7759 7680
f 7530 7575 7542
f 7638 7445 7600
f 7576 7577 7590
f 7464 7543 7640
f 7626 7298 7753
f 7641 7753 7298
f 7615 7560 7496
f 7603 7580 7536
f 7702 7595 7521
f 7522 7546 7646
f 7486 7703 7523
f 7628 7703 7419
f 7419 7547 7628
f 7548 7647 7487
f 7499 7631 7524
f 7632 7364 7664
f 7633 7489 7818
f 7489 7819 7818
f 7500 7551 7674
f 7436 7674 7551
f 7538 7691 7676
f 7649 7569 9725
f 7554 7677 7584
f 7650 7677 7555
f 7556 7540 7610
f 7571 7611 7423
f 7441 7678 7571
f 7527 7612 7654
f 7598 7587 7506
f 7530 7508 7731
f 7508 7589 7658
f 7600 7669 7761
f 7715 7578 7532
f 7465 7535 7601
f 7602 7601 7535
f 7660 7537 7562
f 7544 7545 7627
f 7594 7627 7545
f 7564 7595 7644
f 7723 7498 7565
f 7566 7549 7548
f 7663 7488 7451
f 7451 7452 7663
f 7631 7663 7452
f 7704 7819 7525
f 7525 7500 7704
f 7674 7704 7500
f 7490 7582 7706
f 7338 7793 7774
f 7338 7607 7793
f 7688 7502 7648
f 7504 7622 7503
f 7552 7675 7567
f 7609 7651 9570
f 7540 7652 7610
f 7572 7573 7679
f 7573 7557 7679
f 7695 7557 7558
f 7748 7558 7574
f 7680 7574 7480
f 7759 7442 7656
f 7696 7658 7589
f 7494 7510 7750
f 7577 7613 7733
f 7465 7601 7615
f 7579 7561 7717
f 7547 7671 7628
f 7671 7606 7763
f 7606 7498 7763
f 7549 7581 7629
f 7666 7689 7583
f 7743 7691 7608
f 7569 7649 7710
f 7623 7553 7539
f 7539 7570 7623
f 7678 7611 7571
f 7678 7441 7653
f 7587 7598 7612
f 7748 7695 7558
f 7637 7588 7575
f 7575 7530 7637
f 7799 7511 7576
f 7590 7577 7733
f 7514 7579 7814
f 7579 7717 7845
f 7580 7717 7561
f 7683 7594 7591
f 7592 7518 7643
f 7596 7702 7593
f 7683 7627 7594
f 7516 7520 7701
f 7564 7644 7643
f 7702 7644 7595
f 7548 7549 7629
f 7581 7488 7630
f 7663 7630 7488
f 7582 7490 7707
f 7634 7707 7490
f 7607 7502 7688
f 7767 7570 7409
f 7584 7767 7409
f 7505 7556 7758
f 7610 7758 7556
f 7744 7610 7652
f 7611 7652 7423
f 7746 7612 7598
f 7598 7572 7746
f 7624 7599 7697
f 7750 7669 7494
f 7590 7799 7576
f 7640 7543 7682
f 7785 7682 7543
f 7532 7533 7715
f 7659 7560 7615
f 7845 7814 7579
f 7698 7718 7616
f 7618 7522 7645
f 7646 7645 7522
f 7763 7498 7723
f 7565 7647 7723
f 7647 7548 7755
f 7739 7499 9592
f 9592 7619 7739
f 7636 7743 7608
f 7668 7636 7568
f 9569 7651 7609
f 7609 7505 9569
f 7586 7654 7653
f 7442 7681 7656
f 7624 7696 7589
f 7559 7512 7857
f 7625 7785 7543
f 7578 7715 7822
f 7560 7659 7716
f 7513 7514 7814
f 7717 7580 7786
f 7603 7786 7580
f 7762 7698 7429
f 7591 7617 7683
f 7661 7701 7520
f 7662 7661 7520
f 7520 7517 7662
f 7517 7592 7662
f 7643 7662 7592
f 7518 7564 7643
f 7605 7618 7645
f 7581 7630 9618
f 7673 7550 7726
f 7632 7726 7550
f 7688 7648 7742
f 7709 7675 7491
f 7709 7538 7676
f 9606 7649 9725
f 7767 7623 7570
f 7692 7650 7585
f 7585 7651 7692
f 7655 7746 7572
f 7679 7655 7572
f 7681 7588 7657
f 7530 7731 7713
f 7731 7508 7784
f 7658 7784 7508
f 7697 7696 7624
f 7761 7638 7600
f 7714 7510 7511
f 7642 7602 7513
f 7660 7762 7429
f 7537 7604 7562
f 7699 7562 7604
f 7604 9750 7699
f 7702 7596 7605
f 7646 7523 7738
f 7703 7738 7523
f 7724 7755 7548
f 7548 7629 7724
f 7705 7665 7526
f 7526 7706 7705
f 7634 7741 7792
f 7689 7648 7583
f 7667 7621 7635
f 7635 7597 7667
f 7569 7668 7568
f 7553 7623 7711
f 7612 7746 7693
f 7679 7557 7694
f 7588 7637 7730
f 7713 7730 7637
f 7637 7530 7713
f 7714 7511 7799
f 7752 7639 7640
f 7682 7752 7640
f 7682 7785 7871
f 7626 7913 7625
f 7641 7578 7753
f 7534 7560 7716
f 7615 7601 7659
f 7642 7513 7814
f 7720 7735 7544
f 7544 7627 7720
f 7837 7684 7617
f 7617 7516 7837
f 7701 7837 7516
f 7645 7646 7827
f 7738 7827 7646
f 7670 7738 7703
f 7628 7671 7722
f 7755 7723 7647
f 7663 7631 7672
f 7725 7739 7619
f 7619 7673 7725
f 7620 7633 7904
f 7792 7707 7634
f 7906 7622 7504
f 7649 9606 7778
f 7830 7711 7623
f 7767 7830 7623
f 7745 7653 7654
f 7654 7612 7745
f 7693 7745 7612
f 7557 7695 7694
f 7574 7680 7749
f 7730 7657 7588
f 7658 7696 7844
f 7761 7760 7638
f 7714 7750 7510
f 7733 7613 7614
f 7559 7857 7614
f 7533 7534 7715
f 7601 7602 7659
f 7627 7683 7700
f 7721 7661 7662
f 7643 7644 7736
f 7644 7702 7737
f 7722 7703 7628
f 7685 9618 7630
f 7663 7686 7630
f 7818 7904 7633
f 7741 7687 7708
f 7766 7504 7567
f 7690 7766 7567
f 7776 7743 7636
f 7636 7668 7776
f 7584 7728 7767
f 7779 7712 7650
f 7759 7656 7821
f 7760 7697 7599
f 7599 7638 7760
f 7822 7753 7578
f 7642 7659 7602
f 7786 7603 7787
f 7603 7497 7754
f 7718 7754 7497
f 7497 7616 7718
f 7660 7562 7834
f 7562 7699 7719
f 9745 7699 9750
f 7684 7700 7683
f 7643 7721 7662
f 7671 7763 7862
f 9618 7685 7764
f 7686 7685 7630
f 7672 7686 7663
f 7739 7672 7631
f 7631 7499 7739
f 7688 7742 7943
f 7765 7666 7621
f 7621 7667 7765
f 7675 7690 7567
f 7584 7677 7728
f 7712 7728 7677
f 7779 7650 7692
f 7692 7651 9569
f 7678 7820 7611
f 7678 7653 7768
f 7655 7679 7747
f 7679 7694 7747
f 7574 7749 7748
f 7783 7656 7681
f 7657 7783 7681
f 7752 7857 7512
f 7512 7639 7752
f 7626 7753 7913
f 7858 7913 7753
f 7716 7813 7534
f 7700 7720 7627
f 7683 7617 7684
f 7788 7701 7661
f 7605 7645 7790
f 7771 7670 7703
f 7671 7862 7722
f 7708 7687 7829
f 7689 7742 7648
f 7757 7676 7691
f 7691 7743 7757
f 7710 7668 7569
f 7778 7710 7649
f 7711 7778 9606
f 7744 7797 7610
f 7611 7744 7652
f 7820 7678 7768
f 7866 7809 7653
f 7745 7866 7653
f 7769 7746 7655
f 7781 7747 7694
f 7729 7781 7694
f 7694 7695 7729
f 7695 7748 7729
f 7732 7761 7669
f 7736 7721 7643
f 7737 7736 7644
f 7702 7605 7737
f 7827 7790 7645
f 7703 7722 7771
f 7801 7722 7862
f 7763 7723 7918
f 7793 7607 7756
f 7607 7688 7756
f 7689 7666 7765
f 7794 7675 7709
f 7832 7748 7749
f 7782 7749 7680
f 7680 7759 7782
f 7844 7784 7658
f 7669 7750 7732
f 7751 7750 7714
f 7799 7751 7714
f 7799 7590 7812
f 7857 7733 7614
f 7682 7871 7752
f 7625 7913 7928
f 7800 7915 7715
f 7715 7534 7800
f 7734 7813 7716
f 7716 7659 7734
f 7754 7787 7603
f 7872 7719 7699
f 7699 9745 7872
f 7825 7735 7720
f 7700 7684 7770
f 7661 7721 7898
f 7905 7740 7727
f 7774 7829 7687
f 7906 7597 7622
f 7766 7906 7504
f 7775 7794 7709
f 7709 7676 7775
f 7797 7796 7610
f 7809 7768 7653
f 7693 7746 7769
f 7747 7769 7655
f 7735 7825 7816
f 7720 7700 7825
f 7898 7789 7661
f 7790 7737 7605
f 7790 7827 7817
f 7738 7670 7828
f 7723 7802 7918
f 7723 7755 7802
f 7839 7802 7755
f 7674 7436 7942
f 7436 7740 7942
f 7792 7741 7708
f 7676 7757 7795
f 7711 7830 7842
f 7729 7748 7832
f 7749 7782 7832
f 7730 7783 7657
f 7811 7844 7696
f 7590 7733 7812
f 7823 7734 7659
f 7659 7642 7823
f 7786 7787 7988
f 7736 7898 7721
f 7883 7764 7685
f 7726 7632 7873
f 7664 7873 7632
f 7664 7620 7805
f 7904 7805 7620
f 7665 7905 7727
f 7705 7706 7791
f 7806 7791 7706
f 7706 7582 7806
f 7707 7806 7582
f 7766 7690 7969
f 7795 7775 7676
f 7777 7668 7710
f 7710 7778 7777
f 7728 7712 7808
f 7779 7808 7712
f 7745 7693 7850
f 7769 7780 7693
f 7869 7782 7759
f 7821 7869 7759
f 7783 7730 7810
f 7730 7713 7810
f 7876 7713 7731
f 7784 7876 7731
f 7856 7761 7732
f 7733 7857 7926
f 7915 7822 7715
f 7813 7800 7534
f 7845 7717 7824
f 7834 7762 7660
f 7834 7562 7719
f 7825 7700 7916
f 7700 7770 7916
f 7789 7788 7661
f 7738 7828 7827
f 7900 7862 7763
f 7918 7900 7763
f 7685 7686 9585
f 7772 9585 7686
f 7804 7772 7672
f 7672 7739 7804
f 7739 7725 7804
f 7704 7674 7848
f 7942 7848 7674
f 7665 7705 7773
f 7791 7773 7705
f 7943 7968 7688
f 7690 7675 7969
f 7864 7830 7767
f 7956 7779 7692
f 7831 7956 7692
f 7692 9569 7831
f 7758 7610 7874
f 7798 7797 7744
f 7744 7611 7798
f 7611 7820 7798
f 7780 7850 7693
f 7888 7769 7747
f 7832 7781 7729
f 7876 7810 7713
f 7760 7854 7697
f 7878 7812 7733
f 7733 7926 7878
f 7785 7625 7928
f 7786 7824 7717
f 7787 7754 7815
f 7754 7718 7815
f 7718 7698 7815
f 7837 7846 7684
f 7839 7755 7724
f 7903 7725 7673
f 7726 7903 7673
f 7840 7819 7704
f 7793 7829 7774
f 7793 7756 7884
f 7841 7743 7776
f 7711 7842 7863
f 7767 7728 7808
f 7874 9569 7758
f 7850 7866 7745
f 7843 7780 7769
f 7891 7821 7656
f 7656 7783 7851
f 7854 7811 7696
f 7696 7697 7854
f 7854 7760 7855
f 7760 7761 7856
f 7642 7814 7823
f 7824 7786 7988
f 7815 7833 7787
f 7846 7770 7684
f 7898 7736 7826
f 7736 7737 7826
f 7801 7771 7722
f 7804 7803 7772
f 7829 7793 7807
f 7884 7807 7793
f 7756 7688 7968
f 7969 7906 7766
f 7775 7795 7954
f 7795 7757 7954
f 7743 7841 7757
f 7874 7831 9569
f 7796 7874 7610
f 7798 7820 7887
f 7889 7888 7747
f 7889 7747 7781
f 7750 7751 7732
f 7734 7879 7813
f 7988 7787 7833
f 7815 7698 7979
f 7698 7762 7979
f 7762 7834 7979
f 7898 7880 7789
f 7817 7838 7737
f 7724 7764 7963
f 7883 7963 7764
f 7903 7726 7873
f 7689 7991 7742
f 7797 7798 7965
f 7888 7843 7769
f 7891 7656 7851
f 7876 7784 7853
f 7760 7856 7855
f 7799 7893 7751
f 7799 7812 7893
f 7857 7752 7927
f 7871 7894 7752
f 7753 7822 7858
f 7996 7800 7813
f 7734 7823 7859
f 7929 7835 7834
f 7834 7719 7929
f 7933 7788 7789
f 7827 7939 7817
f 7847 7939 7827
f 7827 7828 7847
f 7801 7862 7899
f 7935 7904 7818
f 7818 7819 7935
f 7819 7840 7935
f 7848 7840 7704
f 7708 7921 7792
f 7991 7943 7742
f 7922 7906 7969
f 7675 7794 7969
f 7907 7777 7778
f 7863 7907 7778
f 7863 7842 7886
f 7808 7864 7767
f 7796 7797 7924
f 7965 7798 7887
f 7843 7867 7780
f 7781 7832 7868
f 7875 7890 7821
f 7821 7891 7875
f 7876 7870 7810
f 7928 7871 7785
f 7996 7915 7800
f 7813 7879 7996
f 7896 7895 7823
f 7814 7896 7823
f 7701 7788 7897
f 7789 7880 7933
f 7737 7838 7881
f 7940 7771 7801
f 7803 9585 7772
f 7805 7904 7985
f 7936 7942 7740
f 7740 7905 7936
f 7707 7792 7921
f 7849 7841 7776
f 7776 7668 7849
f 7668 7777 7849
f 7908 7830 7864
f 7971 7956 7831
f 7820 7768 7947
f 7809 7866 7865
f 7867 7850 7780
f 7832 7782 7925
f 7783 7810 7852
f 7870 7852 7810
f 7853 7784 7877
f 7784 7844 7877
f 7859 7879 7734
f 7845 7896 7814
f 7988 7860 7824
f 7835 7979 7834
f 7719 7872 7929
f 7836 7816 7861
f 7816 7825 7930
f 7770 7931 7916
f 7837 7701 8015
f 7897 8015 7701
f 7881 7826 7737
f 7838 7817 7939
f 7801 7899 7940
f 7963 7839 7724
f 7803 7804 7902
f 7804 7725 7902
f 7903 7902 7725
f 7873 7664 7920
f 7805 7920 7664
f 7791 7806 8043
f 7806 7707 7921
f 7765 7991 7689
f 7965 7924 7797
f 7768 7809 7947
f 7972 7865 7866
f 7869 7821 7890
f 7877 7844 7912
f 7844 7811 7912
f 7894 7927 7752
f 7915 7858 7822
f 7895 7859 7823
f 7846 7931 7770
f 7847 7828 7934
f 7828 7670 7917
f 9585 7901 7685
f 7849 7777 7993
f 7907 7993 7777
f 7874 7971 7831
f 7865 7947 7809
f 7925 7868 7832
f 7869 7925 7782
f 7851 7783 7949
f 7870 7876 7975
f 7877 7911 7853
f 7912 7811 7959
f 7854 7959 7811
f 7960 7855 7856
f 7892 7856 7732
f 7732 7751 7892
f 7927 7926 7857
f 7928 8013 7871
f 7913 7858 7978
f 7914 7978 7858
f 7915 7914 7858
f 7845 7824 7896
f 7966 7930 7825
f 7825 7916 7966
f 7846 7837 8015
f 7933 7897 7788
f 7917 7934 7828
f 7917 7670 7999
f 7670 7771 7999
f 7901 9585 8042
f 7902 8019 7803
f 7773 7905 7665
f 7921 8043 7806
f 7885 7969 7794
f 7794 7775 7885
f 7886 7907 7863
f 7908 7842 7830
f 7946 7808 7779
f 7867 7843 7948
f 7889 7781 7958
f 7781 7868 7958
f 7852 7949 7783
f 7824 7860 7896
f 7979 7835 7952
f 7989 7929 7872
f 7872 7836 7989
f 7836 7861 7989
f 7932 7931 7846
f 7881 7982 7826
f 7862 7900 7899
f 7882 7918 7802
f 7802 7839 7882
f 7963 7882 7839
f 7685 7901 7883
f 7923 7954 7757
f 7757 7841 7923
f 7907 7886 7945
f 7864 7808 7909
f 7947 7887 7820
f 7910 7925 7869
f 7890 7875 8011
f 8083 7891 7851
f 7949 8083 7851
f 7975 7876 7950
f 7853 7950 7876
f 7912 7911 7877
f 7959 7854 7951
f 7854 7855 7951
f 7833 7815 7937
f 7982 7898 7826
f 7939 7881 7838
f 7985 8061 7805
f 7991 8003 7943
f 7796 7964 7874
f 7866 7850 7972
f 7867 7948 7957
f 7843 7888 7948
f 7888 7889 7958
f 7869 7890 7910
f 7893 7812 8023
f 7878 8006 7812
f 7894 7871 8051
f 7961 7937 7815
f 7815 7979 7961
f 7835 7929 7938
f 7816 7930 7990
f 7982 7880 7898
f 7934 7939 7847
f 7934 7917 7983
f 7771 7940 7999
f 7899 7900 8008
f 7901 7963 7883
f 8019 7919 7803
f 7920 7805 8061
f 7985 7904 8091
f 7935 8091 7904
f 7773 7791 8078
f 8043 8078 7791
f 8045 7667 7597
f 7597 7906 8045
f 7944 8045 7906
f 7906 7922 7944
f 7841 7849 7923
f 7993 7907 7945
f 7886 7842 7955
f 7842 7908 7955
f 7909 7908 7864
f 7956 7946 7779
f 7867 7972 7850
f 7949 7852 8049
f 7870 8049 7852
f 7911 7950 7853
f 7960 7951 7855
f 7892 7960 7856
f 7893 7892 7751
f 8006 8023 7812
f 7977 7927 7894
f 8051 7977 7894
f 7978 7928 7913
f 7861 7816 7990
f 7953 7933 7880
f 7941 7900 7918
f 7903 7873 7984
f 8046 7944 7922
f 7885 7775 7992
f 8033 7923 7849
f 7946 7909 7808
f 7964 7971 7874
f 7965 8005 7924
f 8048 7958 7868
f 7910 7890 8082
f 7959 7951 7995
f 8013 8051 7871
f 8007 7914 7915
f 7896 7860 8056
f 7938 7952 7835
f 7929 7989 7938
f 7980 7989 7861
f 7990 7980 7861
f 7880 7982 7953
f 7934 7998 7939
f 7882 7941 7918
f 8019 7902 7967
f 7967 7902 7903
f 7903 7984 7967
f 7807 8059 7829
f 7807 7884 8030
f 7756 8030 7884
f 8003 8031 7943
f 7922 7969 8046
f 7993 8033 7849
f 7971 8010 7956
f 7796 7924 8004
f 8005 8004 7924
f 7958 7948 7888
f 8048 7868 7925
f 7925 7910 8048
f 7891 8083 7875
f 7911 7912 8084
f 7959 8012 7912
f 7995 7951 7960
f 7892 7893 8036
f 7977 7926 7927
f 8071 8007 7915
f 7915 7996 8071
f 7996 7879 7987
f 7879 7859 8052
f 8027 7988 7833
f 7916 7931 8028
f 7932 7846 7997
f 8015 7997 7846
f 8015 7897 8016
f 7998 7934 7962
f 7899 8008 7940
f 8044 7921 7708
f 7954 7992 7775
f 7954 7923 7986
f 8033 7986 7923
f 7955 7970 7886
f 7909 7946 8065
f 7957 7948 7973
f 7974 7973 7948
f 7948 7958 7974
f 8036 7960 7892
f 8036 7893 8023
f 8013 7928 8024
f 7859 7895 8052
f 7966 7916 8028
f 7932 8028 7931
f 7881 7939 7998
f 7934 8018 7962
f 7983 7917 7999
f 8000 7963 7901
f 8041 8000 7901
f 7935 7840 7848
f 8104 7765 7667
f 7667 8045 8104
f 7986 7992 7954
f 7945 7886 7970
f 7957 7972 7867
f 7994 7974 7958
f 7994 7958 8048
f 8012 8084 7912
f 7995 8012 7959
f 7878 7926 7976
f 7926 7977 7976
f 7914 8007 7978
f 7987 7879 8129
f 7895 7896 8026
f 8056 8026 7896
f 7937 8027 7833
f 8115 7990 7930
f 7966 8115 7930
f 7933 7953 7981
f 7998 7982 7881
f 8018 7934 7983
f 7941 8008 7900
f 7920 7984 7873
f 7848 7942 8058
f 7942 7936 8058
f 8059 8002 7829
f 7968 7943 8155
f 7909 8064 7908
f 8122 7946 7956
f 7956 8010 8122
f 8035 8005 7965
f 7887 8035 7965
f 7950 7911 8096
f 8084 8096 7911
f 7978 8024 7928
f 8052 8129 7879
f 7860 7988 8056
f 7961 7979 8110
f 7901 8042 8118
f 8063 8058 7936
f 7936 7905 8063
f 7905 7773 8063
f 7756 7968 8155
f 8155 7943 8031
f 8079 7991 7765
f 7765 8104 8079
f 8064 7955 7908
f 7964 8010 7971
f 7964 7796 8004
f 7947 8035 7887
f 8047 7947 7865
f 8111 7875 8083
f 8021 7995 7960
f 7960 8036 8021
f 7979 7952 8110
f 8073 7952 7938
f 7938 7989 8073
f 8017 8016 7897
f 7897 7933 8017
f 7933 7981 8017
f 7940 8008 7999
f 8000 7882 7963
f 7984 7920 8061
f 8001 8061 7985
f 8043 7921 8120
f 8030 8059 7807
f 7992 7986 8060
f 7986 8033 8060
f 7993 7945 8034
f 8093 7972 7957
f 7973 8093 7957
f 8111 8011 7875
f 8049 7870 8095
f 7975 8095 7870
f 8138 8006 7878
f 7878 7976 8138
f 8053 8056 7988
f 8027 8053 7988
f 8088 8073 7989
f 7989 7980 8088
f 8115 7966 8014
f 8028 8014 7966
f 7997 8089 7932
f 7998 7953 7982
f 8008 7941 8075
f 7935 7848 8101
f 8044 7708 8002
f 7708 7829 8002
f 8080 8033 7993
f 8034 8080 7993
f 8068 7865 7972
f 8095 7975 8107
f 8055 7975 7950
f 8096 8055 7950
f 8021 8036 8022
f 8013 8024 8108
f 8024 7978 8086
f 7996 7987 8114
f 8129 8165 7987
f 7990 8037 7980
f 7953 7998 8038
f 7999 8040 7983
f 8009 7941 7882
f 7882 8000 8009
f 8057 8009 8000
f 7967 7984 8029
f 8061 8077 7984
f 8091 7935 8062
f 8101 8062 7935
f 8058 8101 7848
f 8168 8063 7773
f 7773 8078 8168
f 8030 7756 8155
f 7991 8031 8003
f 8233 8045 7944
f 8060 8033 8032
f 8004 8020 7964
f 8035 8067 8005
f 7865 8068 8047
f 7910 8082 8048
f 8049 8083 7949
f 8138 8023 8006
f 7978 8007 8071
f 8071 7996 8114
f 8165 8114 7987
f 8052 7895 8025
f 8027 7937 8140
f 7961 8140 7937
f 8115 8037 7990
f 7953 8038 8098
f 8057 8000 8041
f 8019 7967 8029
f 8077 8029 7984
f 8120 7921 8044
f 8059 8030 8143
f 8103 8031 7991
f 8079 8103 7991
f 7969 7885 8046
f 7945 7970 8034
f 7909 8065 8092
f 8010 7964 8020
f 8020 8004 8145
f 8005 8067 8004
f 7974 7994 8094
f 7994 8048 8069
f 8055 8107 7975
f 8050 8084 8012
f 7995 8050 8012
f 8113 8036 8023
f 8071 8086 7978
f 8053 8027 8140
f 8072 8110 7952
f 7980 8037 8088
f 8028 8116 8014
f 8089 7997 8142
f 7981 7953 8098
f 8039 8018 7983
f 7999 8008 8186
f 8041 7901 8118
f 8118 8042 8076
f 7919 8019 8132
f 8029 8132 8019
f 8001 7985 8090
f 8091 8090 7985
f 8155 8102 8030
f 8066 8065 7946
f 8011 8111 8070
f 7995 8021 8182
f 7977 8051 8085
f 8073 8072 7952
f 7932 8116 8028
f 8054 8038 7998
f 8040 8039 7983
f 8167 7941 8009
f 8143 8030 8102
f 8080 8032 8033
f 8122 8010 8169
f 8106 8169 8010
f 8161 8047 8068
f 8093 8068 7972
f 7973 7974 8081
f 8094 8081 7974
f 8069 8094 7994
f 8082 7890 8188
f 8011 8188 7890
f 8050 7995 8182
f 8138 8113 8023
f 8138 7976 8164
f 7977 8085 8171
f 8051 8013 8108
f 8026 8025 7895
f 8026 8056 8109
f 8116 7932 8089
f 7997 8015 8142
f 8016 8142 8015
f 8040 7999 8186
f 8074 8186 8008
f 8074 8008 8075
f 8167 8075 7941
f 8009 8057 8167
f 8119 8076 8042
f 7919 8119 8042
f 8046 8133 7944
f 7970 7955 8105
f 8122 8066 7946
f 8020 8106 8010
f 8035 7947 8178
f 7947 8047 8178
f 8093 7973 8081
f 8171 7976 7977
f 8086 8108 8024
f 8056 8053 8087
f 8098 8017 7981
f 8098 8038 8148
f 8188 8011 8070
f 8184 8140 7961
f 8110 8184 7961
f 8016 8017 8142
f 8097 8142 8017
f 8017 8098 8097
f 8054 8148 8038
f 7962 8018 8099
f 8018 8131 8099
f 8039 8131 8018
f 8119 7919 8132
f 8063 8168 8268
f 8133 8233 7944
f 8046 7885 7992
f 8080 8034 8105
f 8034 7970 8105
f 8067 8145 8004
f 8118 8100 8041
f 8077 8061 8153
f 8001 8153 8061
f 8268 8058 8063
f 8120 8078 8043
f 8060 8032 8134
f 8064 8092 8121
f 8159 8135 8020
f 8020 8145 8159
f 8145 8067 8160
f 8067 8035 8205
f 8093 8161 8068
f 8069 8136 8094
f 8082 8069 8048
f 8083 8049 8126
f 8095 8126 8049
f 8022 8036 8137
f 8108 8085 8051
f 8109 8056 8087
f 8185 8110 8072
f 8073 8088 8130
f 8132 8029 8219
f 8029 8077 8174
f 8078 8124 8168
f 8002 8120 8044
f 8156 8105 7955
f 7955 8064 8157
f 8064 8121 8157
f 8093 8081 8125
f 8136 8125 8081
f 8094 8136 8081
f 8111 8083 8196
f 8083 8126 8196
f 8055 8096 8127
f 8189 8127 8096
f 8112 8096 8084
f 8050 8112 8084
f 8022 8182 8021
f 8036 8113 8137
f 8183 8129 8052
f 8052 8025 8183
f 8072 8073 8130
f 8077 8153 8174
f 8154 8090 8091
f 8062 8154 8091
f 8079 8104 8190
f 7992 8060 8176
f 8157 8156 7955
f 8135 8106 8020
f 8067 8205 8160
f 8125 8161 8093
f 8188 8070 8224
f 8249 8224 8070
f 8070 8111 8249
f 8096 8112 8189
f 8171 8164 7976
f 8128 8171 8085
f 8109 8172 8026
f 8166 8130 8088
f 8088 8037 8166
f 8089 8142 8227
f 8099 8148 8054
f 8099 8131 8117
f 8074 8075 8151
f 8075 8167 8123
f 8120 8124 8078
f 8262 8104 8045
f 8045 8233 8262
f 8134 8176 8060
f 8134 8032 8223
f 8092 8065 8248
f 8065 8066 8248
f 8146 8136 8069
f 8069 8082 8181
f 8188 8181 8082
f 8107 8055 8127
f 8108 8128 8085
f 8114 8165 8251
f 8165 8129 8192
f 8025 8026 8172
f 8184 8110 8194
f 8130 8185 8072
f 8115 8141 8037
f 8196 8249 8111
f 8137 8182 8022
f 8210 8137 8113
f 8211 8210 8113
f 8113 8138 8211
f 8183 8280 8129
f 8172 8139 8025
f 8193 8087 8053
f 8053 8140 8193
f 8194 8110 8185
f 8131 8039 8040
f 8075 8123 8151
f 8200 8100 8118
f 8076 8200 8118
f 8174 8219 8029
f 8001 8090 8153
f 8154 8062 8202
f 8120 8002 8175
f 8059 8175 8002
f 8059 8143 8187
f 8176 8144 7992
f 8223 8032 8080
f 8100 8057 8041
f 8232 8103 8079
f 8104 8262 8190
f 8159 8145 8204
f 8170 8161 8125
f 8125 8136 8170
f 8162 8196 8126
f 8095 8162 8126
f 8164 8171 8289
f 8192 8266 8165
f 8141 8166 8037
f 8116 8089 8215
f 8173 8097 8098
f 8098 8148 8173
f 8099 8149 8148
f 8150 8117 8131
f 8229 8150 8131
f 8131 8040 8229
f 8186 8229 8040
f 8151 8186 8074
f 8167 8057 8152
f 8062 8101 8202
f 8101 8058 8202
f 8222 8155 8031
f 8031 8103 8222
f 8079 8190 8232
f 8234 8233 8133
f 8046 7992 8191
f 8144 8191 7992
f 8177 8176 8134
f 8156 8080 8105
f 8237 8157 8121
f 8273 8066 8122
f 8178 8205 8035
f 8179 8178 8047
f 8047 8161 8179
f 8107 8162 8095
f 8127 8238 8107
f 8189 8112 8163
f 8182 8209 8050
f 8172 8109 8147
f 8184 8242 8140
f 8185 8130 8166
f 8099 8117 8149
f 8174 8153 8220
f 8168 8124 8203
f 8133 8046 8234
f 8177 8134 8223
f 8121 8092 8158
f 8248 8158 8092
f 8122 8169 8273
f 8146 8069 8276
f 8180 8276 8069
f 8181 8180 8069
f 8107 8238 8162
f 8171 8128 8279
f 8212 8086 8071
f 8071 8114 8212
f 8114 8251 8225
f 8192 8129 8280
f 8183 8025 8139
f 8147 8109 8226
f 8109 8087 8226
f 8193 8226 8087
f 8141 8115 8272
f 8014 8272 8115
f 8227 8142 8216
f 8097 8216 8142
f 8148 8149 8173
f 8153 8090 8220
f 8234 8046 8191
f 8158 8237 8121
f 8135 8169 8106
f 8239 8238 8127
f 8050 8163 8112
f 8182 8137 8197
f 8240 8128 8108
f 8108 8086 8240
f 8225 8212 8114
f 8242 8193 8140
f 8184 8194 8214
f 8272 8014 8199
f 8014 8116 8199
f 8116 8215 8199
f 8097 8173 8195
f 8149 8117 8228
f 8244 8123 8167
f 8167 8152 8244
f 8057 8100 8152
f 8203 8268 8168
f 8175 8284 8120
f 8143 8102 8245
f 8160 8204 8145
f 8178 8287 8205
f 8170 8179 8161
f 8276 8136 8146
f 8209 8250 8050
f 8197 8137 8210
f 8198 8211 8138
f 8138 8164 8198
f 8171 8279 8289
f 8266 8251 8165
f 8139 8256 8183
f 8147 8213 8172
f 8194 8185 8252
f 8228 8117 8150
f 8150 8229 8217
f 8281 8186 8151
f 8151 8123 8244
f 8119 8200 8076
f 8187 8175 8059
f 8285 8102 8155
f 8176 8177 8246
f 8223 8080 8236
f 8156 8236 8080
f 8206 8179 8170
f 8250 8163 8050
f 8289 8198 8164
f 8215 8089 8227
f 8173 8149 8292
f 8149 8228 8292
f 8186 8217 8229
f 8281 8217 8186
f 8100 8200 8260
f 8218 8200 8119
f 8132 8218 8119
f 8231 8090 8154
f 8058 8268 8253
f 8285 8245 8102
f 8177 8223 8246
f 8156 8157 8304
f 8273 8169 8269
f 8135 8269 8169
f 8178 8179 8287
f 8170 8136 8206
f 8264 8206 8136
f 8276 8264 8136
f 8181 8188 8207
f 8224 8207 8188
f 8127 8189 8239
f 8209 8182 8197
f 8240 8086 8212
f 8139 8172 8213
f 8243 8252 8185
f 8185 8166 8243
f 8258 8243 8166
f 8141 8258 8166
f 8195 8216 8097
f 8152 8100 8260
f 8219 8218 8132
f 8230 8219 8174
f 8202 8231 8154
f 8245 8187 8143
f 8155 8222 8285
f 8191 8286 8394
f 8235 8286 8191
f 8191 8144 8235
f 8144 8176 8235
f 8156 8304 8247
f 8237 8304 8157
f 8269 8135 8159
f 8204 8160 8263
f 8207 8180 8181
f 8209 8208 8250
f 8280 8266 8192
f 8280 8183 8256
f 8242 8226 8193
f 8252 8214 8194
f 8201 8220 8090
f 8231 8201 8090
f 8253 8202 8058
f 8203 8124 8221
f 8124 8120 8221
f 8284 8221 8120
f 8234 8191 8394
f 8287 8179 8270
f 8249 8196 8265
f 8196 8162 8265
f 8314 8239 8189
f 8198 8289 8315
f 8128 8240 8279
f 8226 8242 8241
f 8272 8258 8141
f 8244 8152 8283
f 8261 8260 8200
f 8218 8261 8200
f 8174 8220 8230
f 8245 8349 8187
f 8263 8343 8204
f 8206 8270 8179
f 8238 8265 8162
f 8189 8163 8314
f 8209 8197 8208
f 8277 8197 8210
f 8198 8255 8211
f 8251 8297 8225
f 8242 8184 8257
f 8214 8257 8184
f 8215 8309 8199
f 8151 8244 8259
f 8152 8260 8283
f 8236 8156 8247
f 8066 8273 8248
f 8159 8204 8343
f 8239 8306 8238
f 8267 8213 8147
f 8147 8226 8267
f 8272 8199 8323
f 8215 8227 8309
f 8195 8173 8291
f 8173 8292 8291
f 8292 8228 8367
f 8150 8367 8228
f 8230 8220 8355
f 8201 8355 8220
f 8348 8268 8203
f 8103 8232 8222
f 8374 8232 8190
f 8384 8262 8233
f 8233 8234 8384
f 8176 8246 8235
f 8223 8319 8246
f 8247 8319 8236
f 8205 8263 8160
f 8264 8275 8206
f 8224 8295 8207
f 8306 8265 8238
f 8277 8208 8197
f 8212 8225 8297
f 8256 8139 8271
f 8257 8241 8242
f 8272 8300 8258
f 8216 8309 8227
f 8259 8281 8151
f 8317 8202 8253
f 8221 8348 8203
f 8284 8175 8318
f 8302 8285 8222
f 8236 8319 8223
f 8269 8159 8274
f 8287 8263 8205
f 8275 8270 8206
f 8210 8211 8278
f 8280 8336 8266
f 8139 8213 8308
f 8213 8267 8322
f 8226 8241 8267
f 8252 8243 8299
f 8291 8216 8195
f 8281 8259 8324
f 8317 8231 8202
f 8175 8187 8318
f 8303 8222 8232
f 8232 8374 8303
f 8304 8254 8247
f 8276 8364 8264
f 8265 8288 8249
f 8306 8239 8344
f 8296 8250 8208
f 8255 8278 8211
f 8351 8345 8279
f 8256 8321 8280
f 8271 8321 8256
f 8308 8271 8139
f 8298 8267 8241
f 8241 8257 8298
f 8214 8252 8299
f 8300 8299 8243
f 8243 8258 8300
f 8309 8323 8199
f 8217 8310 8150
f 8244 8282 8259
f 8316 8260 8261
f 8318 8187 8349
f 8349 8245 8311
f 8301 8311 8245
f 8245 8285 8301
f 8190 8262 8374
f 8235 8246 8370
f 8246 8319 8370
f 8273 8269 8274
f 8274 8159 8343
f 8270 8275 8320
f 8364 8275 8264
f 8224 8249 8288
f 8239 8314 8344
f 8163 8250 8314
f 8278 8277 8210
f 8289 8279 8345
f 8279 8240 8351
f 8240 8212 8334
f 8266 8297 8251
f 8283 8282 8244
f 8327 8253 8268
f 8221 8284 8368
f 8158 8248 8293
f 8248 8273 8293
f 8263 8287 8305
f 8180 8294 8276
f 8180 8207 8295
f 8288 8265 8313
f 8306 8313 8265
f 8208 8277 8296
f 8315 8255 8198
f 8212 8297 8334
f 8299 8290 8214
f 8300 8272 8323
f 8291 8292 8354
f 8361 8367 8150
f 8218 8316 8261
f 8341 8218 8219
f 8219 8230 8341
f 8230 8355 8341
f 8393 8355 8201
f 8231 8393 8201
f 8384 8374 8262
f 8363 8293 8273
f 8295 8294 8180
f 8224 8288 8295
f 8278 8255 8307
f 8289 8345 8315
f 8240 8334 8351
f 8266 8336 8335
f 8321 8336 8280
f 8322 8308 8213
f 8310 8361 8150
f 8324 8217 8281
f 8326 8317 8253
f 8253 8327 8326
f 8318 8368 8284
f 8394 8384 8234
f 8254 8319 8247
f 8274 8363 8273
f 8287 8270 8312
f 8320 8312 8270
f 8313 8295 8288
f 8331 8296 8277
f 8271 8308 8337
f 8353 8216 8291
f 8354 8360 8291
f 8367 8354 8292
f 8268 8348 8327
f 8302 8301 8285
f 8303 8302 8222
f 8304 8237 8328
f 8158 8328 8237
f 8343 8376 8274
f 8294 8364 8276
f 8350 8314 8250
f 8277 8278 8332
f 8297 8266 8346
f 8335 8346 8266
f 8214 8298 8257
f 8340 8283 8260
f 8394 8286 8420
f 8286 8235 8362
f 8254 8304 8328
f 8312 8305 8287
f 8313 8306 8365
f 8250 8296 8350
f 8333 8255 8315
f 8404 8333 8315
f 8345 8351 8357
f 8321 8271 8358
f 8407 8337 8308
f 8352 8299 8300
f 8323 8338 8300
f 8323 8309 8366
f 8309 8216 8353
f 8360 8353 8291
f 8340 8282 8283
f 8260 8316 8340
f 8349 8342 8318
f 8362 8420 8286
f 8362 8235 8370
f 8328 8158 8329
f 8158 8293 8329
f 8376 8363 8274
f 8364 8320 8275
f 8350 8344 8314
f 8277 8332 8331
f 8307 8332 8278
f 8345 8404 8315
f 8334 8297 8372
f 8358 8271 8337
f 8308 8322 8407
f 8359 8322 8267
f 8298 8359 8267
f 8290 8299 8408
f 8352 8300 8338
f 8217 8324 8339
f 8282 8373 8259
f 8325 8340 8316
f 8316 8218 8325
f 8348 8221 8368
f 8303 8374 8382
f 8343 8263 8377
f 8305 8377 8263
f 8313 8378 8295
f 8346 8372 8297
f 8346 8335 8437
f 8336 8321 8347
f 8298 8214 8391
f 8290 8391 8214
f 8408 8299 8352
f 8338 8323 8366
f 8353 8366 8309
f 8217 8339 8310
f 8341 8325 8218
f 8430 8393 8231
f 8430 8231 8317
f 8326 8430 8317
f 8410 8326 8327
f 8370 8319 8386
f 8330 8377 8305
f 8305 8312 8330
f 8294 8371 8364
f 8294 8295 8356
f 8378 8356 8295
f 8383 8306 8344
f 8388 8344 8350
f 8396 8296 8331
f 8334 8372 8351
f 8359 8407 8322
f 8259 8373 8324
f 8311 8369 8349
f 8293 8363 8329
f 8377 8376 8343
f 8344 8388 8383
f 8396 8350 8296
f 8307 8255 8389
f 8255 8333 8379
f 8345 8357 8404
f 8358 8347 8321
f 8381 8358 8337
f 8338 8446 8352
f 8413 8282 8340
f 8327 8348 8410
f 8401 8410 8348
f 8371 8403 8364
f 8395 8313 8365
f 8306 8383 8365
f 8332 8396 8331
f 8307 8389 8332
f 8379 8389 8255
f 8335 8336 8390
f 8347 8390 8336
f 8359 8298 8391
f 8408 8391 8290
f 8354 8367 8400
f 8392 8413 8340
f 8392 8340 8325
f 8393 8341 8355
f 8342 8349 8369
f 8394 8385 8384
f 8319 8254 8460
f 8328 8460 8254
f 8329 8411 8328
f 8329 8363 8402
f 8403 8312 8320
f 8320 8364 8403
f 8404 8357 8380
f 8337 8407 8381
f 8366 8353 8406
f 8400 8367 8418
f 8368 8401 8348
f 8368 8318 8342
f 8382 8374 8431
f 8375 8420 8362
f 8370 8375 8362
f 8294 8356 8387
f 8412 8383 8388
f 8437 8335 8398
f 8390 8398 8335
f 8390 8347 8416
f 8338 8366 8399
f 8366 8406 8399
f 8361 8418 8367
f 8373 8450 8324
f 8460 8386 8319
f 8371 8294 8387
f 8395 8378 8313
f 8396 8388 8350
f 8379 8333 8443
f 8414 8380 8357
f 8472 8357 8351
f 8351 8372 8472
f 8424 8472 8372
f 8372 8346 8424
f 8347 8358 8405
f 8391 8408 8483
f 8446 8338 8399
f 8448 8353 8360
f 8360 8354 8448
f 8310 8339 8428
f 8324 8450 8339
f 8411 8460 8328
f 8456 8432 8329
f 8402 8456 8329
f 8376 8402 8363
f 8376 8377 8402
f 8330 8312 8457
f 8471 8365 8383
f 8333 8463 8443
f 8346 8397 8424
f 8437 8397 8346
f 8405 8416 8347
f 8358 8381 8417
f 8445 8417 8381
f 8448 8406 8353
f 8361 8310 8428
f 8325 8341 8392
f 8386 8375 8370
f 8411 8329 8432
f 8377 8330 8433
f 8378 8387 8356
f 8400 8448 8354
f 8392 8341 8419
f 8341 8393 8419
f 8368 8342 8459
f 8477 8302 8303
f 8374 8384 8431
f 8384 8385 8431
f 8402 8377 8433
f 8457 8421 8330
f 8387 8403 8371
f 8434 8387 8378
f 8396 8332 8423
f 8333 8404 8463
f 8357 8472 8414
f 8416 8405 8426
f 8381 8407 8445
f 8359 8391 8440
f 8483 8440 8391
f 8408 8352 8446
f 8476 8446 8399
f 8428 8418 8361
f 8452 8419 8393
f 8393 8430 8452
f 8401 8368 8485
f 8342 8369 8459
f 8453 8459 8369
f 8369 8311 8454
f 8311 8301 8454
f 8303 8382 8477
f 8382 8431 8477
f 8375 8386 8469
f 8421 8433 8330
f 8458 8312 8403
f 8442 8403 8387
f 8378 8395 8434
f 8383 8412 8471
f 8388 8396 8412
f 8423 8412 8396
f 8487 8332 8389
f 8463 8404 8380
f 8435 8424 8397
f 8397 8437 8435
f 8415 8435 8437
f 8398 8390 8438
f 8416 8438 8390
f 8405 8358 8427
f 8483 8408 8441
f 8409 8476 8399
f 8399 8406 8409
f 8400 8418 8449
f 8413 8373 8282
f 8453 8369 8454
f 8510 8301 8302
f 8457 8312 8458
f 8422 8395 8365
f 8426 8405 8427
f 8484 8409 8406
f 8449 8448 8400
f 8435 8415 8444
f 8466 8445 8407
f 8407 8359 8466
f 8446 8441 8408
f 8428 8339 8467
f 8451 8413 8392
f 8420 8385 8394
f 8460 8411 8455
f 8432 8455 8411
f 8433 8421 8524
f 8442 8458 8403
f 8365 8471 8422
f 8487 8423 8332
f 8424 8464 8472
f 8429 8430 8326
f 8326 8410 8429
f 8491 8410 8401
f 8459 8485 8368
f 8460 8469 8386
f 8434 8495 8387
f 8389 8379 8487
f 8488 8463 8380
f 8380 8414 8488
f 8358 8417 8427
f 8475 8427 8417
f 8439 8475 8417
f 8417 8445 8439
f 8447 8484 8406
f 8406 8448 8447
f 8450 8467 8339
f 8392 8419 8451
f 8419 8452 8451
f 8429 8452 8430
f 8516 8429 8410
f 8491 8516 8410
f 8302 8477 8510
f 8420 8375 8468
f 8468 8375 8469
f 8433 8523 8402
f 8494 8524 8421
f 8421 8457 8494
f 8495 8442 8387
f 8434 8395 8422
f 8379 8443 8461
f 8436 8444 8415
f 8440 8466 8359
f 8521 8450 8373
f 8413 8521 8373
f 8485 8491 8401
f 8510 8454 8301
f 8385 8420 8468
f 8456 8402 8523
f 8524 8523 8433
f 8487 8379 8461
f 8463 8462 8443
f 8414 8472 8488
f 8424 8425 8464
f 8425 8435 8481
f 8435 8444 8481
f 8473 8415 8437
f 8398 8473 8437
f 8398 8438 8474
f 8438 8416 8465
f 8445 8466 8482
f 8442 8495 8470
f 8412 8423 8528
f 8529 8528 8423
f 8423 8487 8529
f 8464 9649 8472
f 8473 8436 8415
f 8496 8474 8438
f 8438 8465 8496
f 8416 8426 8465
f 8426 8427 8465
f 8497 8465 8427
f 8498 8497 8427
f 8475 8498 8427
f 8482 8439 8445
f 8447 8448 8508
f 8449 8418 8499
f 8418 8428 8499
f 8521 8413 8451
f 8501 8451 8452
f 8452 8429 8516
f 8485 8459 8492
f 8503 8494 8457
f 8457 8458 8503
f 8467 8499 8428
f 8450 8509 8467
f 8431 8385 8511
f 8469 8460 8478
f 8512 8478 8460
f 8455 8512 8460
f 8470 8458 8442
f 8517 8471 8412
f 8480 8461 8443
f 8443 8462 8480
f 8463 8488 8513
f 8534 8514 8472
f 9649 8534 8472
f 8481 8530 8425
f 8444 8436 8506
f 8436 8473 8489
f 8474 8473 8398
f 8439 8549 8475
f 8476 8531 8446
f 8448 8449 8508
f 8499 8467 8500
f 8509 8500 8467
f 8450 8521 8509
f 8452 8516 8501
f 8385 8468 8542
f 8468 8469 8478
f 8434 8422 8479
f 8517 8422 8471
f 8528 8517 8412
f 8513 8462 8463
f 8514 8488 8472
f 8444 8506 8505
f 8483 8563 8440
f 8441 8446 8531
f 8451 8501 8490
f 8492 8459 8551
f 8459 8453 8551
f 8486 8551 8453
f 8453 8454 8486
f 8511 8477 8431
f 8478 8542 8468
f 8512 8455 8493
f 8432 8493 8455
f 8432 8456 8493
f 8523 8493 8456
f 8524 8494 8525
f 8503 8458 8526
f 8470 8526 8458
f 8495 8434 8479
f 8461 8480 8519
f 8462 8519 8480
f 8505 8530 8481
f 8481 8444 8505
f 8562 8506 8436
f 8436 8489 8562
f 8489 8473 8474
f 8497 8496 8465
f 8520 8498 8475
f 8439 8482 8536
f 8466 8536 8482
f 8466 8440 8563
f 8484 8447 8507
f 8499 8508 8449
f 8565 8541 8451
f 8451 8490 8565
f 8511 8385 8542
f 8479 8422 8527
f 8518 8529 8487
f 8487 8461 8518
f 8504 8518 8461
f 8533 8462 8513
f 8489 8474 8515
f 8496 8515 8474
f 8549 8520 8475
f 8536 8549 8439
f 8441 8563 8483
f 8476 8409 8531
f 8409 8484 8507
f 8447 8508 8507
f 8521 8451 8541
f 8491 8485 8543
f 8486 8454 8510
f 8510 8477 8522
f 8511 8522 8477
f 8502 8525 8494
f 8494 8503 8502
f 8470 8495 8544
f 8479 8544 8495
f 8527 8422 8517
f 8504 8461 8519
f 8545 8513 8488
f 8515 8562 8489
f 8496 8497 8535
f 8498 8535 8497
f 8550 8507 8508
f 8508 8499 9562
f 8499 8500 9562
f 8540 8509 8521
f 8492 8543 8485
f 8526 8502 8503
f 8526 8470 8544
f 8535 8515 8496
f 8441 8574 8563
f 8531 8574 8441
f 8409 8507 8538
f 8508 9562 8550
f 8500 8509 8539
f 8569 8516 8491
f 8588 8551 8486
f 8522 8486 8510
f 8522 8511 8552
f 8527 8517 8583
f 8519 8462 8571
f 8545 8533 8513
f 8488 8546 8545
f 8488 8514 8546
f 8530 8505 8556
f 8557 8505 8506
f 8506 8562 8557
f 8547 8535 8498
f 8498 8548 8547
f 8520 8548 8498
f 8563 8536 8466
f 8531 8409 8537
f 8409 8538 8537
f 8501 8516 8490
f 8516 8569 8580
f 8511 8542 8581
f 8542 8478 8581
f 8493 8523 8570
f 8502 8582 8525
f 8479 8527 8532
f 8518 8504 8577
f 8504 8519 8577
f 8571 8577 8519
f 8514 8534 8546
f 8555 8534 9649
f 9562 8500 8539
f 8580 8490 8516
f 8543 8569 8491
f 8610 8543 8492
f 8551 8610 8492
f 8486 8522 8552
f 8493 8599 8512
f 8523 8524 8570
f 8524 8525 8582
f 8582 8502 8566
f 8502 8526 8566
f 8532 8544 8479
f 8528 8529 8584
f 8529 8518 8584
f 9651 8530 9648
f 8515 8535 8558
f 8550 8559 8507
f 8532 8567 8544
f 8517 8528 8583
f 8577 8571 8590
f 8591 8571 8462
f 8568 8462 8533
f 8533 8545 8593
f 8561 8556 8505
f 8558 8562 8515
f 8538 8507 8559
f 8539 8509 8564
f 8509 8540 8564
f 8521 8541 8540
f 8569 8543 8632
f 8478 8512 8599
f 8582 8570 8524
f 8580 8565 8490
f 8486 8552 8588
f 8599 8581 8478
f 8493 8570 8618
f 8532 8527 8553
f 8527 8583 8553
f 8568 8591 8462
f 8592 8568 8533
f 8546 8593 8545
f 8546 8534 8554
f 8555 8554 8534
f 9648 8530 8604
f 8505 8557 8561
f 8557 8562 8573
f 8535 8547 8558
f 8548 8520 8595
f 8520 8549 8607
f 8549 8536 8607
f 8596 8607 8536
f 8563 8596 8536
f 8574 8531 8586
f 8531 8537 8586
f 8559 8608 8538
f 8559 8550 8560
f 8560 9562 8579
f 8541 8565 8598
f 8588 8575 8551
f 8584 8583 8528
f 8518 8577 8585
f 8592 8533 8593
f 8593 8546 8572
f 8554 8572 8546
f 8556 8604 8530
f 8578 8561 8557
f 8557 8573 8578
f 8607 8595 8520
f 8608 8586 8537
f 8537 8538 8608
f 9650 9648 8604
f 8578 8620 8561
f 9560 8573 8562
f 8562 8558 9560
f 9562 8539 8579
f 8597 8579 8539
f 8539 8564 8597
f 8598 8540 8541
f 8552 8511 8576
f 8599 8493 8618
f 8570 8582 8613
f 8601 8600 8567
f 8567 8532 8601
f 8553 8601 8532
f 8585 8584 8518
f 8632 8580 8569
f 8611 8575 8588
f 8588 8552 8611
f 8581 8576 8511
f 8613 8618 8570
f 8623 8613 8582
f 8571 8591 8590
f 8556 8561 8605
f 8606 8605 8561
f 8620 8606 8561
f 8563 8574 8596
f 8586 8596 8574
f 8559 8560 8609
f 8609 8587 8559
f 8560 8579 8609
f 8630 8564 8540
f 8565 8580 8631
f 8575 8610 8551
f 8599 8612 8581
f 8590 8614 8577
f 8593 8572 8625
f 9650 8604 8619
f 8604 8556 8605
f 8595 8659 8548
f 8630 8597 8564
f 8540 8598 8630
f 8552 8576 8654
f 8576 8581 8643
f 8589 8623 8582
f 8582 8566 8589
f 8566 9584 8589
f 8601 8553 8635
f 8602 8635 8553
f 8553 8583 8602
f 8585 8577 8614
f 8590 8591 8657
f 8568 8657 8591
f 8603 8572 8554
f 8573 8594 8578
f 8548 8659 8547
f 8587 8608 8559
f 8565 8631 8598
f 8622 8610 8575
f 8575 8611 8617
f 8583 8584 8602
f 8614 8590 8665
f 8593 8636 8592
f 8625 8572 8603
f 8603 9650 8671
f 8619 8671 9650
f 9560 8558 8615
f 8558 8547 8659
f 8609 8579 8621
f 8579 8597 8621
f 8580 8632 8640
f 8632 8543 8616
f 8543 8610 8616
f 8617 8622 8575
f 8611 8552 8654
f 8643 8654 8576
f 8643 8581 8633
f 8581 8612 8633
f 8612 8599 8644
f 8618 8644 8599
f 8645 8589 9584
f 9584 8600 8645
f 8600 8601 8634
f 8585 8602 8584
f 8590 8657 8665
f 8626 8619 8604
f 8604 8605 8626
f 8605 8606 8658
f 8659 8615 8558
f 8595 8607 8660
f 8662 8639 8596
f 8596 8586 8662
f 8628 8662 8586
f 8586 8608 8628
f 8651 8587 8609
f 8609 8621 8651
f 8622 8616 8610
f 8644 8633 8612
f 8644 8618 8667
f 8618 8613 8667
f 8645 8623 8589
f 8634 8645 8600
f 8635 8634 8601
f 8665 8656 8614
f 8624 8657 8568
f 8636 8624 8568
f 8568 8592 8636
f 8593 8625 8636
f 8658 8626 8605
f 8620 8578 8627
f 8578 8594 8627
f 8595 8660 8659
f 8607 8596 8639
f 8629 8621 8597
f 8630 8629 8597
f 8602 8585 8655
f 8656 8655 8585
f 8585 8614 8656
f 8637 8636 8625
f 8638 8625 8603
f 8647 8606 8620
f 8620 8627 8647
f 8639 8660 8607
f 8608 8587 8628
f 8640 8631 8580
f 8616 8677 8632
f 8622 8641 8616
f 8642 8622 8617
f 8617 8611 8642
f 8653 8642 8611
f 8654 8653 8611
f 8646 8635 8602
f 8638 8637 8625
f 8603 8671 8638
f 8626 8704 8619
f 8647 8658 8606
f 8725 8647 8627
f 8683 8627 8594
f 8648 8683 8594
f 8659 8649 8615
f 8661 8639 8662
f 8651 8621 8674
f 8630 8598 8700
f 8631 8700 8598
f 8677 8640 8632
f 8652 8641 8622
f 8642 8652 8622
f 8644 8667 8718
f 8645 8634 8669
f 8634 8635 8646
f 8602 8655 8646
f 8671 8619 8710
f 8649 8648 8615
f 8659 8660 8650
f 8661 8660 8639
f 8684 8628 8587
f 8587 8651 8684
f 8616 8641 8677
f 8652 8663 8641
f 8653 8652 8642
f 8654 8643 8686
f 8643 8633 8687
f 8613 8623 8668
f 8623 8645 8668
f 8669 8668 8645
f 8665 8657 8692
f 8624 8636 8681
f 8666 8637 8638
f 8704 8710 8619
f 8721 8704 8626
f 8649 8659 8693
f 8673 8661 8662
f 8662 8628 8673
f 8651 8674 8684
f 8629 8674 8621
f 8630 8700 8699
f 8676 8700 8631
f 8701 8631 8640
f 8640 8677 8701
f 8663 8677 8641
f 8663 8652 8664
f 8652 8653 8664
f 8653 8654 8680
f 8686 8680 8654
f 8687 8686 8643
f 8687 8633 8688
f 8633 8644 8688
f 8718 8688 8644
f 8668 8689 8613
f 8634 8646 8669
f 8646 8655 8690
f 8670 8692 8657
f 8624 8670 8657
f 8626 8658 8721
f 8659 8650 8693
f 8661 8672 8660
f 8628 8684 8673
f 8675 8629 8630
f 8630 8699 8675
f 8631 8701 8676
f 8678 8663 8664
f 8664 8653 8678
f 8653 8680 8679
f 8667 8613 8689
f 8669 8646 8690
f 8691 8690 8655
f 8655 8656 8691
f 8656 8665 8692
f 8681 8636 8637
f 8658 8647 8698
f 8627 8683 8682
f 8660 8672 8650
f 8674 8629 8695
f 8675 8695 8629
f 8685 8677 8663
f 8663 8678 8685
f 8679 8678 8653
f 8680 8686 8702
f 8668 8669 8694
f 8691 8656 8707
f 8624 8719 8670
f 8720 8681 8637
f 8666 8720 8637
f 8638 8671 8751
f 8698 8647 8725
f 8693 8683 8649
f 8679 8680 8697
f 8702 8697 8680
f 8689 8718 8667
f 8692 8707 8656
f 8681 8719 8624
f 8735 8720 8666
f 8638 8709 8666
f 8658 8698 8769
f 8725 8627 8711
f 8627 8682 8711
f 8675 8714 8695
f 8715 8700 8676
f 8676 8701 8715
f 8726 8701 8677
f 8677 8685 8726
f 8696 8726 8685
f 8685 8678 8696
f 8678 8679 8696
f 8732 8696 8679
f 8679 8697 8732
f 8717 8702 8686
f 8687 8717 8686
f 8689 8668 8723
f 8708 8707 8692
f 8670 8708 8692
f 8710 8704 8703
f 8698 8725 8770
f 8682 8683 8705
f 8650 8672 8713
f 8661 8673 8752
f 8716 8727 8696
f 8696 8732 8716
f 8702 8732 8697
f 8718 8728 8688
f 8706 8694 8690
f 8690 8691 8706
f 8729 8735 8666
f 8709 8729 8666
f 8758 8769 8698
f 8682 8705 8711
f 8712 8683 8693
f 8672 8661 8752
f 8714 9597 8695
f 8675 8699 8722
f 8699 8700 8722
f 8715 8722 8700
f 8726 8696 8731
f 8727 8731 8696
f 8687 8688 8717
f 8707 8706 8691
f 8719 8708 8670
f 8721 8703 8704
f 8721 8658 8730
f 8769 8730 8658
f 8737 8711 8705
f 8713 8712 8693
f 8693 8650 8713
f 9597 8752 8673
f 8701 8726 8715
f 8747 8716 8732
f 8732 8702 8762
f 8718 8689 8728
f 8728 8689 8723
f 8733 8723 8706
f 8706 8707 8733
f 8671 8710 8751
f 8736 8751 8710
f 8710 8703 8736
f 8759 8737 8705
f 8722 8714 8675
f 8731 8727 8746
f 8748 8754 8702
f 8702 8717 8748
f 8717 8688 8728
f 8707 8708 8755
f 8708 8719 8734
f 8724 8734 8719
f 8719 8681 8724
f 8681 8720 8724
f 8735 8724 8720
f 8729 8709 8757
f 8709 8638 8750
f 8751 8750 8638
f 8703 8721 8768
f 8730 8768 8721
f 8770 8758 8698
f 8777 8725 8711
f 8705 8712 8745
f 8738 8713 8672
f 8672 8752 8738
f 9597 8714 8753
f 8739 8753 8714
f 8714 8722 8739
f 8726 8731 8760
f 8747 8727 8716
f 8754 8762 8702
f 8728 8723 8743
f 8733 8743 8723
f 8755 8708 8734
f 8735 8729 8744
f 8750 8757 8709
f 8777 8770 8725
f 8745 8759 8705
f 8712 8713 8771
f 8752 9597 8753
f 8715 8726 8741
f 8760 8741 8726
f 8762 8742 8732
f 8728 8748 8717
f 8743 8749 8728
f 8755 8733 8707
f 8744 8729 8756
f 8757 8756 8729
f 8765 8768 8730
f 8784 8737 8759
f 8771 8745 8712
f 8740 8739 8722
f 8722 8715 8740
f 8741 8740 8715
f 8772 8741 8760
f 8746 8760 8731
f 8761 8746 8727
f 8747 8761 8727
f 8742 8747 8732
f 8754 8748 8781
f 8743 8733 8755
f 8755 8734 8767
f 8724 8735 8763
f 8744 8763 8735
f 8757 8750 8764
f 8751 8736 8792
f 8730 8769 8765
f 8737 8777 8711
f 8738 8771 8713
f 8796 8738 8752
f 8785 8753 8739
f 8740 8785 8739
f 8740 8741 8779
f 8763 8767 8734
f 8734 8724 8763
f 8768 8736 8703
f 8770 8819 8758
f 8759 8745 9557
f 8752 8753 8796
f 8779 8785 8740
f 8741 8772 8779
f 8780 8760 8746
f 8766 8748 8728
f 8728 8749 8766
f 8774 8749 8743
f 8743 8755 8774
f 8818 8750 8751
f 8765 8769 8811
f 8783 8777 8737
f 8738 8796 8771
f 8761 8780 8746
f 8742 8773 8747
f 8789 8742 8762
f 8766 8781 8748
f 8767 8774 8755
f 8763 8744 8775
f 8744 8756 8775
f 8756 8757 8782
f 8764 8782 8757
f 8768 8765 8794
f 8837 8769 8758
f 8737 8784 8783
f 9853 8759 9557
f 8778 8796 8753
f 8785 8778 8753
f 8786 8772 8760
f 8787 8780 8761
f 8773 8761 8747
f 8789 8762 8798
f 8762 8754 8798
f 8767 8763 8800
f 8775 8756 8776
f 8782 8776 8756
f 8792 8818 8751
f 9557 8771 8795
f 8780 8786 8760
f 8781 8798 8754
f 8790 8766 8749
f 8749 8774 8790
f 8794 8793 8768
f 9853 8784 8759
f 8791 8790 8774
f 8803 8779 8772
f 8786 8803 8772
f 8761 8773 8787
f 8773 8742 8789
f 8781 8766 8799
f 8790 8799 8766
f 8800 8791 8774
f 8774 8767 8800
f 8801 8800 8763
f 8763 8775 8801
f 8776 8801 8775
f 8818 8764 8750
f 8736 8768 8793
f 8811 8794 8765
f 8819 8770 8869
f 8770 8777 8820
f 8777 8783 8820
f 8784 9853 9848
f 8796 8795 8771
f 8812 8796 8778
f 8785 8779 8812
f 8787 8786 8780
f 8787 8773 8788
f 8773 8789 8788
f 8799 8798 8781
f 8810 8809 8776
f 8782 8810 8776
f 8811 8769 8837
f 8805 8783 8784
f 9848 8805 8784
f 8778 8785 8812
f 8786 8787 8797
f 8788 8797 8787
f 8788 8789 9859
f 8798 9859 8789
f 8801 8776 8809
f 8817 8782 8764
f 8764 8832 8817
f 8842 8792 8736
f 8736 8793 8842
f 8812 9849 8795
f 8795 8796 8812
f 8803 8812 8779
f 8803 8786 9850
f 8786 8797 9850
f 9847 9859 8798
f 9851 9847 8798
f 8798 8799 9851
f 8799 8790 9851
f 8764 8818 8832
f 8804 8822 8793
f 8793 8794 8804
f 8819 8837 8758
f 8813 8812 8803
f 9850 8813 8803
f 8782 8817 8810
f 8826 8818 8792
f 8833 8826 8792
f 8792 8842 8833
f 8842 8793 8822
f 8794 8811 8836
f 8820 8869 8770
f 8820 8783 8851
f 8815 9844 8816
f 8836 8811 8827
f 8837 8819 8823
f 8783 8805 8851
f 8805 9848 8824
f 9849 8812 8813
f 9846 8806 8825
f 8838 8814 8807
f 8807 8815 8838
f 8815 8816 8830
f 8821 8816 9855
f 9855 8808 8821
f 8808 8809 8821
f 8817 8832 8882
f 8818 8826 8832
f 9854 8825 8829
f 8806 8814 8852
f 8831 8830 8816
f 8816 8821 8831
f 8810 8817 8841
f 8804 8794 8836
f 8837 8827 8811
f 8869 8823 8819
f 8851 8862 8820
f 8805 8824 8828
f 8834 8825 8806
f 8852 8834 8806
f 8838 8852 8814
f 8830 8838 8815
f 8809 8810 8841
f 8828 8851 8805
f 8828 8824 8850
f 8829 8850 8824
f 8825 8863 8829
f 8871 8854 8831
f 8831 8821 8871
f 8864 8809 8841
f 8822 8804 8835
f 8836 8835 8804
f 8869 8820 8862
f 8834 8863 8825
f 8854 8830 8831
f 8881 8871 8821
f 8821 8809 8881
f 8842 8822 8839
f 9631 8835 8836
f 8849 9631 8836
f 8823 8827 8837
f 8850 8829 8843
f 8863 8843 8829
f 8838 8830 8853
f 8844 8853 8830
f 8809 8864 8881
f 8832 8826 8845
f 8855 8826 8833
f 8833 8842 8855
f 8842 8839 8855
f 8850 8878 8828
f 8853 8852 8838
f 8854 8844 8830
f 8855 8839 8846
f 8839 9632 8846
f 8847 8846 9632
f 9630 8840 8860
f 8856 8860 8840
f 8856 8840 8848
f 8840 9628 8848
f 9628 8835 9631
f 8836 8827 8849
f 8878 8883 8828
f 8817 8882 8887
f 8847 9630 8859
f 8823 8858 8827
f 8848 9631 8857
f 8861 8857 9631
f 9631 8849 8861
f 8858 8849 8827
f 8916 8862 8851
f 8843 8878 8850
f 8863 8870 8843
f 8841 8817 8887
f 8845 8895 8832
f 8855 8845 8826
f 8855 8846 8875
f 8859 9630 8873
f 8876 8860 8856
f 8856 8848 8865
f 8857 8866 8848
f 8851 8828 8916
f 8895 8882 8832
f 8860 8873 9630
f 8856 8865 8876
f 8866 8865 8848
f 8858 8823 8880
f 8869 8880 8823
f 8878 8843 8870
f 8875 8868 8855
f 8872 8879 8847
f 8847 8859 8872
f 8873 8898 8859
f 8877 8861 8849
f 8849 8858 8877
f 8853 8844 8867
f 8894 8867 8844
f 8841 8887 8890
f 8845 8855 8868
f 8873 8860 8888
f 8860 8876 8888
f 8904 8876 8865
f 8866 8904 8865
f 8861 8900 8857
f 8834 8852 8874
f 8885 8874 8852
f 8852 8853 8885
f 8854 8871 8902
f 8859 8898 8872
f 8910 8877 8858
f 8883 8916 8828
f 8870 8863 8884
f 8863 8834 8884
f 8890 8864 8841
f 8845 8868 8896
f 8893 8900 8861
f 8861 8877 8893
f 8880 8910 8858
f 8869 8862 8880
f 8916 8880 8862
f 8884 8912 8870
f 8834 8874 8884
f 8854 8894 8844
f 8871 8881 8886
f 8896 8895 8845
f 8897 8896 8868
f 8868 8875 8897
f 8875 8879 8908
f 8929 8898 8873
f 8904 8899 8876
f 8904 8866 8938
f 8853 8867 8901
f 8902 8894 8854
f 8889 8886 8881
f 8908 8897 8875
f 8872 8908 8879
f 8892 8929 8873
f 8888 8876 8903
f 8915 8866 8857
f 8900 8915 8857
f 8953 8916 8883
f 8878 8911 8883
f 8886 8902 8871
f 8881 8864 8889
f 8917 8887 8882
f 8882 8895 8917
f 8873 8888 8892
f 8876 8899 8903
f 8905 8893 8877
f 8877 8910 8905
f 8911 8953 8883
f 8912 8878 8870
f 8901 8885 8853
f 8867 8894 8901
f 8907 8889 8864
f 8890 8907 8864
f 8917 8890 8887
f 8891 8908 8872
f 8866 8915 8938
f 8917 8935 8890
f 8900 8893 8905
f 8910 8880 8923
f 8916 8923 8880
f 8911 8878 8906
f 8912 8906 8878
f 8895 8896 8917
f 8897 8917 8896
f 8891 8927 8908
f 8891 8872 8909
f 8898 8909 8872
f 8933 8898 8934
f 8929 8934 8898
f 8892 8888 8920
f 8903 8920 8888
f 8899 8904 8918
f 8905 8921 8900
f 8905 8910 8922
f 8912 8884 8932
f 8913 8932 8884
f 8884 9561 8913
f 9561 8885 8919
f 8889 8907 8926
f 8920 8941 8892
f 8904 8938 8918
f 8938 8915 8930
f 8921 8915 8900
f 8885 8901 8925
f 8914 8917 8897
f 8897 8908 8914
f 8927 8914 8908
f 8937 8927 8891
f 8933 8909 8898
f 8929 8892 8941
f 8921 8905 8964
f 8923 8922 8910
f 8906 8912 8931
f 9561 8919 8924
f 8901 8894 8940
f 8894 8902 8944
f 8926 8907 8961
f 8890 8961 8907
f 8909 8937 8891
f 8903 8899 8942
f 8915 8921 8930
f 8953 8923 8916
f 8932 8931 8912
f 8947 8913 9561
f 8924 8947 9561
f 8919 8885 8925
f 8940 8925 8901
f 8886 8944 8902
f 8886 8889 8926
f 8935 8961 8890
f 8914 8935 8917
f 8914 8927 8936
f 8905 8922 8964
f 8922 8923 8943
f 8926 8948 8886
f 8929 8928 8934
f 8941 8920 8946
f 8920 8903 8946
f 8899 8918 8942
f 8930 8921 8952
f 8967 8911 8906
f 8924 8919 8968
f 8955 8940 8894
f 8936 8945 8914
f 8972 8936 8927
f 8927 8937 8972
f 8941 8928 8929
f 8918 8938 8980
f 8938 8930 8951
f 8921 8964 8952
f 8967 8953 8911
f 8931 8967 8906
f 8954 8931 8932
f 8947 8924 8963
f 8968 8963 8924
f 8940 8919 8925
f 8886 8948 8960
f 8935 8914 8945
f 8909 8933 8958
f 8959 8933 8934
f 8942 8946 8903
f 8953 8967 8966
f 8931 8975 8967
f 8940 8939 8919
f 8955 8970 8940
f 8894 8944 8955
f 8960 8944 8886
f 8972 8949 8936
f 8937 8909 8958
f 8957 8942 8918
f 8922 8943 8964
f 8923 8953 8943
f 8939 8940 8970
f 8926 8961 8971
f 8936 8949 8945
f 8962 8959 8934
f 8928 8962 8934
f 8928 8941 8950
f 8941 8946 8950
f 8946 8942 8957
f 8918 8980 8957
f 8951 8980 8938
f 8954 8975 8931
f 8939 8968 8919
f 8948 8926 8971
f 8958 8972 8937
f 8956 8950 8946
f 8946 8957 8956
f 8951 9032 8980
f 8951 8930 9012
f 9006 8943 8953
f 8970 8955 8982
f 9002 8955 8944
f 9012 8930 8974
f 8952 8974 8930
f 9017 8974 8952
f 8964 9017 8952
f 8953 8966 9006
f 8963 8996 8947
f 8944 8960 9002
f 8961 8935 9583
f 8935 8945 9583
f 8972 8958 8978
f 9010 8958 8933
f 9010 8933 8959
f 8962 8928 8950
f 8950 8956 8979
f 8956 8957 8984
f 8973 8984 8957
f 8957 8980 8973
f 8943 8965 8964
f 8943 9006 8989
f 8996 8986 8947
f 8981 8968 8939
f 8969 8981 8939
f 8960 8948 8971
f 8985 8973 8980
f 8945 8949 8977
f 8999 8977 8949
f 8949 8972 8999
f 8962 8950 8979
f 8984 8979 8956
f 8965 9017 8964
f 8989 8965 8943
f 8963 8968 8991
f 8981 8991 8968
f 8970 8982 8976
f 8955 9002 8982
f 9583 8945 8977
f 8978 8999 8972
f 9022 8959 8962
f 8962 8979 9022
f 8988 8984 8973
f 8985 8988 8973
f 9007 8966 8967
f 8967 8975 9007
f 8975 8954 9008
f 8996 8963 8990
f 8976 8982 8997
f 9062 9013 9002
f 8977 8999 9014
f 9015 8978 8958
f 9022 9010 8959
f 8985 8980 9032
f 8994 8993 8979
f 8979 8984 8994
f 8951 9012 9084
f 9008 9007 8975
f 9615 9008 8954
f 8991 8990 8963
f 9002 8960 9003
f 8961 9583 8992
f 8983 8992 9583
f 8993 9022 8979
f 8988 8994 8984
f 8985 9032 9065
f 8995 8986 9001
f 8986 8996 9001
f 8991 8981 9020
f 9003 9062 9002
f 8971 9003 8960
f 8971 8961 9039
f 8992 9039 8961
f 8999 8978 9009
f 9000 8965 8989
f 8989 9006 9018
f 8990 8991 9024
f 9020 9024 8991
f 9020 8981 9038
f 9004 8992 8983
f 8983 8998 9004
f 9014 8998 8987
f 9010 9022 9050
f 8993 8994 9016
f 8988 8985 9036
f 8965 9005 9017
f 8965 9000 9005
f 9038 8981 8969
f 9045 9007 9008
f 9636 9008 9615
f 8995 9636 9615
f 8990 9001 8996
f 9025 8997 8982
f 8978 9015 9080
f 8994 8988 9052
f 9036 9052 8988
f 9065 9036 8985
f 9005 9000 9034
f 9018 9000 8989
f 9040 9006 8966
f 9045 9040 8966
f 8966 9007 9045
f 9637 8995 9001
f 9635 9637 9001
f 9001 8990 9635
f 8990 9024 9019
f 9054 9025 8982
f 8982 9002 9054
f 9002 9013 9054
f 9003 8971 9026
f 9039 9026 8971
f 9009 9014 8999
f 9021 9015 8958
f 8958 9010 9021
f 9022 8993 9011
f 8993 9016 9011
f 9032 8951 9084
f 9005 9034 9061
f 9034 9000 9023
f 9000 9018 9023
f 9020 9038 9069
f 9004 8998 9027
f 9022 9011 9029
f 9030 9011 9016
f 9031 9016 8994
f 9052 9031 8994
f 9635 8990 9019
f 8992 9004 9079
f 9021 9080 9015
f 9033 9114 8974
f 8974 9017 9033
f 9018 9006 9067
f 9063 9079 9004
f 9004 9027 9063
f 9028 9027 8998
f 9014 9028 8998
f 9014 9009 9028
f 9022 9029 9050
f 9016 9031 9030
f 9084 9012 9066
f 9005 9061 9060
f 9008 9636 9048
f 9046 9048 9636
f 9041 9635 9019
f 9037 9041 9019
f 9035 9042 9024
f 9024 9020 9035
f 9038 8969 9053
f 8969 8997 9053
f 8997 9025 9053
f 9003 9026 9078
f 9039 9078 9026
f 8992 9055 9039
f 9029 9011 9043
f 9051 9043 9011
f 9011 9030 9051
f 9059 9030 9031
f 9065 9032 9083
f 9005 9033 9017
f 9067 9023 9018
f 9048 9045 9008
f 9069 9035 9020
f 9062 9049 9013
f 9078 9062 9003
f 8992 9079 9055
f 9010 9057 9021
f 9050 9029 9058
f 9030 9072 9071
f 9059 9072 9030
f 9059 9031 9044
f 9031 9052 9044
f 9074 9052 9036
f 8974 9066 9012
f 9033 9005 9060
f 9075 9061 9034
f 9006 9040 9067
f 9042 9041 9037
f 9053 9069 9038
f 9049 9054 9013
f 9078 9039 9055
f 9029 9043 9058
f 9051 9030 9071
f 9084 9083 9032
f 9089 9075 9034
f 9023 9089 9034
f 9635 9041 9634
f 9025 9094 9053
f 9063 9027 9064
f 9028 9070 9027
f 9058 9057 9050
f 9114 9033 9141
f 9089 9023 9047
f 9067 9047 9023
f 9045 9048 9085
f 9086 9048 9046
f 9046 9638 9086
f 9097 9060 9061
f 9099 9085 9048
f 9086 9099 9048
f 9042 9035 9068
f 9035 9069 9076
f 9070 9064 9027
f 9009 8978 9056
f 9080 9056 8978
f 9043 9051 9081
f 9071 9081 9051
f 9082 9044 9052
f 9074 9082 9052
f 9065 9074 9036
f 9114 9066 8974
f 9068 9041 9042
f 9094 9069 9053
f 9025 9054 9101
f 9077 9101 9054
f 9054 9049 9077
f 9078 9055 9092
f 9009 9123 9028
f 9081 9096 9043
f 9059 9044 9073
f 9075 9097 9061
f 9068 9035 9087
f 9076 9088 9035
f 9094 9025 9101
f 9049 9062 9116
f 9078 9116 9062
f 9010 9050 9057
f 9096 9058 9043
f 9071 9072 9106
f 9073 9072 9059
f 9074 9065 9107
f 9083 9107 9065
f 9102 9141 9033
f 9033 9060 9102
f 9085 9040 9045
f 9634 9041 9110
f 9100 9068 9090
f 9091 9076 9069
f 9092 9055 9678
f 9055 9079 9678
f 9070 9028 9105
f 9123 9105 9028
f 9124 9009 9056
f 9057 9058 9125
f 9112 9073 9044
f 9044 9082 9112
f 9111 9041 9100
f 9068 9087 9090
f 9035 9088 9087
f 9104 9116 9078
f 9104 9078 9092
f 9095 9678 9079
f 9079 9063 9095
f 9064 9095 9063
f 9127 9125 9058
f 9096 9081 9093
f 9071 9093 9081
f 9066 9083 9084
f 9075 9103 9097
f 9115 9040 9085
f 9099 9115 9085
f 9110 9041 9111
f 9087 9088 9134
f 9088 9076 9091
f 9094 9091 9069
f 9117 9095 9064
f 9064 9070 9117
f 9124 9123 9009
f 9106 9093 9071
f 9072 9073 9106
f 9082 9074 9113
f 9138 9066 9114
f 9097 9102 9060
f 9075 9089 9098
f 9047 9098 9089
f 9067 9040 9588
f 9121 9086 9638
f 9105 9117 9070
f 9056 9080 9118
f 9080 9021 9118
f 9021 9057 9125
f 9108 9103 9075
f 9040 9115 9588
f 9134 9133 9087
f 9678 9095 9679
f 9129 9113 9074
f 9107 9129 9074
f 9138 9083 9066
f 9098 9047 9109
f 9121 9099 9086
f 9132 9111 9100
f 9100 9090 9132
f 9092 9185 9104
f 9073 9112 9137
f 9102 9097 9131
f 9103 9131 9097
f 9098 9108 9075
f 9091 9094 9140
f 9094 9101 9140
f 9105 9123 9136
f 9118 9021 9119
f 9125 9119 9021
f 9093 9106 9137
f 9106 9073 9137
f 9128 9112 9082
f 9113 9128 9082
f 9114 9141 9174
f 9115 9099 9120
f 9122 9143 9110
f 9110 9111 9122
f 9132 9122 9111
f 9133 9132 9090
f 9090 9087 9133
f 9091 9134 9088
f 9127 9126 9125
f 9127 9058 9096
f 9112 9128 9157
f 9083 9129 9107
f 9138 9114 9174
f 9099 9121 9148
f 9077 9049 9154
f 9116 9104 9135
f 9185 9135 9104
f 9680 9185 9092
f 9117 9155 9095
f 9679 9095 9155
f 9117 9105 9150
f 9136 9150 9105
f 9093 9156 9096
f 9165 9128 9113
f 9145 9129 9083
f 9141 9102 9131
f 9131 9103 9130
f 9103 9108 9130
f 9109 9588 9147
f 9121 9110 9148
f 9143 9148 9110
f 9133 9134 9139
f 9101 9077 9140
f 9049 9116 9154
f 9135 9154 9116
f 9124 9136 9123
f 9119 9125 9126
f 9157 9137 9112
f 9113 9129 9165
f 9138 9145 9083
f 9108 9098 9142
f 9160 9588 9115
f 9161 9122 9132
f 9134 9091 9144
f 9091 9140 9144
f 9142 9167 9108
f 9147 9142 9098
f 9098 9109 9147
f 9147 9588 9160
f 9143 9122 9176
f 9161 9176 9122
f 9161 9132 9149
f 9132 9133 9149
f 9139 9149 9133
f 9177 9139 9134
f 9134 9144 9177
f 9056 9118 9196
f 9119 9151 9118
f 9093 9137 9156
f 9158 9157 9128
f 9196 9124 9056
f 9151 9196 9118
f 9180 9127 9096
f 9156 9180 9096
f 9186 9156 9137
f 9131 9130 9146
f 9130 9108 9167
f 9200 9160 9115
f 9115 9120 9200
f 9148 9120 9099
f 9153 9177 9144
f 9195 9140 9077
f 9077 9154 9195
f 9174 9141 9159
f 9166 9159 9141
f 9141 9131 9166
f 9146 9166 9131
f 9146 9130 9167
f 9155 9162 9680
f 9150 9155 9117
f 9136 9173 9150
f 9119 9126 9152
f 9164 9152 9126
f 9126 9127 9164
f 9180 9164 9127
f 9147 9169 9142
f 9120 9148 9170
f 9143 9176 9171
f 9161 9149 9184
f 9178 9153 9144
f 9144 9140 9178
f 9140 9195 9178
f 9680 9205 9185
f 9163 9151 9119
f 9119 9152 9163
f 9137 9157 9186
f 9165 9158 9128
f 9165 9129 9187
f 9138 9174 9189
f 9167 9142 9168
f 9142 9169 9168
f 9190 9147 9160
f 9171 9170 9148
f 9148 9143 9171
f 9184 9172 9161
f 9155 9150 9173
f 9180 9156 9181
f 9129 9145 9187
f 9145 9138 9189
f 9190 9169 9147
f 9183 9190 9160
f 9160 9200 9183
f 9176 9161 9172
f 9177 9153 9203
f 9185 9234 9135
f 9680 9162 9211
f 9155 9173 9162
f 9242 9162 9173
f 9182 9186 9157
f 9157 9158 9182
f 9188 9187 9145
f 9189 9188 9145
f 9215 9189 9174
f 9207 9166 9146
f 9146 9167 9175
f 9168 9175 9167
f 9170 9208 9120
f 9170 9171 9208
f 9171 9176 9217
f 9176 9172 9217
f 9149 9139 9201
f 9177 9201 9139
f 9177 9203 9202
f 9234 9195 9154
f 9206 9173 9136
f 9179 9136 9124
f 9124 9196 9226
f 9231 9163 9152
f 9164 9192 9152
f 9186 9181 9156
f 9158 9165 9187
f 9166 9207 9199
f 9146 9175 9207
f 9169 9190 9168
f 9120 9208 9200
f 9184 9149 9210
f 9202 9201 9177
f 9191 9203 9153
f 9153 9178 9191
f 9154 9135 9234
f 9173 9206 9242
f 9136 9179 9206
f 9151 9163 9196
f 9192 9231 9152
f 9164 9180 9212
f 9180 9181 9193
f 9159 9215 9174
f 9216 9208 9171
f 9217 9216 9171
f 9217 9172 9209
f 9220 9209 9172
f 9172 9184 9220
f 9210 9220 9184
f 9242 9211 9162
f 9124 9226 9179
f 9212 9192 9164
f 9180 9193 9212
f 9158 9187 9194
f 9214 9194 9187
f 9187 9188 9214
f 9188 9189 9197
f 9215 9197 9189
f 9166 9221 9159
f 9168 9190 9198
f 9190 9183 9246
f 9149 9201 9210
f 9178 9195 9204
f 9230 9234 9185
f 9211 9205 9680
f 9196 9163 9227
f 9182 9158 9213
f 9194 9213 9158
f 9246 9198 9190
f 9228 9219 9200
f 9200 9208 9228
f 9202 9203 9223
f 9204 9191 9178
f 9196 9227 9226
f 9193 9181 9218
f 9181 9186 9218
f 9186 9182 9213
f 9168 9198 9207
f 9198 9199 9207
f 9219 9183 9200
f 9201 9202 9223
f 9195 9224 9204
f 9225 9242 9206
f 9261 9227 9163
f 9231 9261 9163
f 9218 9186 9235
f 9186 9213 9235
f 9214 9188 9197
f 9166 9199 9221
f 9228 9208 9222
f 9217 9209 9236
f 9201 9233 9210
f 9223 9203 9191
f 9195 9234 9224
f 9205 9230 9185
f 9205 9211 9259
f 9206 9179 9225
f 9214 9197 9232
f 9209 9220 9229
f 9234 9230 9271
f 9226 9225 9179
f 9254 9192 9212
f 9193 9254 9212
f 9214 9213 9194
f 9197 9215 9239
f 9222 9208 9236
f 9216 9236 9208
f 9216 9217 9236
f 9236 9209 9229
f 9237 9229 9220
f 9220 9210 9237
f 9210 9233 9237
f 9223 9241 9201
f 9223 9191 9241
f 9204 9224 9253
f 9259 9230 9205
f 9242 9225 9279
f 9218 9254 9193
f 9232 9197 9239
f 9221 9215 9159
f 9221 9199 9245
f 9199 9198 9245
f 9225 9226 9279
f 9226 9227 9260
f 9231 9273 9261
f 9192 9247 9231
f 9238 9254 9218
f 9213 9214 9255
f 9232 9256 9214
f 9262 9239 9215
f 9198 9246 9291
f 9219 9266 9183
f 9240 9250 9229
f 9233 9201 9251
f 9234 9258 9224
f 9242 9265 9211
f 9261 9272 9227
f 9218 9235 9243
f 9235 9213 9243
f 9255 9243 9213
f 9232 9239 9244
f 9221 9262 9215
f 9228 9275 9219
f 9228 9222 9248
f 9236 9248 9222
f 9236 9229 9250
f 9229 9237 9240
f 9201 9241 9251
f 9253 9224 9258
f 9234 9271 9258
f 9265 9259 9211
f 9260 9279 9226
f 9272 9260 9227
f 9247 9273 9231
f 9254 9247 9192
f 9218 9243 9238
f 9244 9256 9232
f 9221 9245 9290
f 9291 9245 9198
f 9275 9266 9219
f 9250 9249 9236
f 9237 9233 9269
f 9233 9251 9269
f 9253 9191 9204
f 9256 9255 9214
f 9290 9262 9221
f 9248 9267 9228
f 9251 9241 9270
f 9241 9191 9252
f 9191 9253 9252
f 9262 9289 9239
f 9291 9290 9245
f 9267 9275 9228
f 9248 9236 9249
f 9250 9257 9249
f 9250 9240 9276
f 9240 9237 9264
f 9269 9264 9237
f 9253 9258 9278
f 9242 9279 9265
f 9243 9288 9238
f 9282 9256 9244
f 9246 9183 9266
f 9248 9249 9611
f 9276 9257 9250
f 9264 9276 9240
f 9251 9270 9269
f 9252 9270 9241
f 9272 9261 9280
f 9273 9309 9261
f 9254 9238 9287
f 9288 9287 9238
f 9274 9288 9243
f 9243 9255 9281
f 9256 9281 9255
f 9267 9248 9611
f 9611 9249 9263
f 9249 9257 9263
f 9270 9252 9277
f 9309 9280 9261
f 9287 9247 9254
f 9295 9282 9244
f 9289 9244 9239
f 9246 9292 9291
f 9252 9253 9278
f 9271 9230 9307
f 9265 9279 9332
f 9322 9332 9279
f 9281 9274 9243
f 9282 9281 9256
f 9298 9290 9291
f 9266 9292 9246
f 9268 9263 9257
f 9276 9268 9257
f 9283 9269 9270
f 9277 9283 9270
f 9278 9277 9252
f 9258 9312 9278
f 9230 9259 9313
f 9279 9260 9322
f 9272 9322 9260
f 9264 9269 9301
f 9258 9271 9328
f 9265 9313 9259
f 9247 9309 9273
f 9247 9287 9303
f 9244 9289 9295
f 9306 9268 9276
f 9269 9283 9294
f 9328 9312 9258
f 9230 9313 9307
f 9272 9280 9284
f 9282 9295 9310
f 9262 9290 9326
f 9267 9611 9305
f 9263 9268 9293
f 9285 9306 9276
f 9276 9264 9285
f 9264 9301 9285
f 9269 9294 9301
f 9286 9283 9277
f 9277 9278 9286
f 9312 9319 9278
f 9322 9272 9284
f 9267 9336 9275
f 9336 9267 9305
f 9294 9283 9311
f 9284 9280 9308
f 9302 9308 9280
f 9309 9302 9280
f 9309 9247 9333
f 9247 9303 9333
f 9297 9303 9287
f 9287 9288 9297
f 9324 9314 9274
f 9274 9281 9324
f 9281 9282 9310
f 9298 9291 9335
f 9291 9292 9315
f 9316 9293 9268
f 9316 9268 9306
f 9306 9285 9299
f 9286 9311 9283
f 9278 9319 9286
f 9296 9328 9271
f 9271 9307 9296
f 9265 9332 9321
f 9323 9297 9288
f 9288 9274 9323
f 9314 9323 9274
f 9281 9310 9325
f 9326 9289 9262
f 9290 9298 9351
f 9315 9335 9291
f 9292 9266 9304
f 9266 9275 9304
f 9336 9304 9275
f 9305 9611 9330
f 9299 9285 9300
f 9285 9301 9300
f 9339 9313 9265
f 9265 9321 9339
f 9325 9324 9281
f 9351 9326 9290
f 9298 9335 9351
f 9318 9300 9301
f 9301 9294 9318
f 9311 9327 9294
f 9340 9302 9309
f 9333 9340 9309
f 9306 9299 9317
f 9299 9300 9317
f 9311 9286 9338
f 9319 9338 9286
f 9312 9320 9319
f 9328 9320 9312
f 9325 9310 9356
f 9310 9295 9356
f 9326 9329 9289
f 9315 9292 9304
f 9347 9316 9306
f 9306 9317 9347
f 9327 9337 9294
f 9338 9327 9311
f 9322 9284 9308
f 9295 9289 9329
f 9330 9350 9305
f 9331 9338 9319
f 9349 9296 9307
f 9307 9313 9349
f 9332 9322 9344
f 9308 9344 9322
f 9308 9302 9345
f 9302 9340 9345
f 9342 9333 9303
f 9303 9297 9342
f 9314 9324 9325
f 9363 9356 9295
f 9351 9334 9326
f 9295 9329 9363
f 9330 9316 9358
f 9300 9318 9348
f 9304 9336 9346
f 9305 9357 9336
f 9348 9317 9300
f 9318 9337 9353
f 9327 9338 9337
f 9320 9331 9319
f 9321 9332 9371
f 9344 9371 9332
f 9345 9340 9382
f 9341 9340 9333
f 9333 9342 9341
f 9325 9343 9314
f 9334 9329 9326
f 9350 9357 9305
f 9360 9347 9317
f 9366 9328 9296
f 9349 9366 9296
f 9339 9321 9371
f 9341 9382 9340
f 9351 9335 9379
f 9315 9379 9335
f 9346 9364 9304
f 9346 9336 9357
f 9358 9316 9369
f 9316 9347 9369
f 9348 9360 9317
f 9348 9318 9353
f 9313 9339 9349
f 9355 9297 9323
f 9323 9314 9355
f 9314 9343 9355
f 9343 9325 9368
f 9375 9363 9329
f 9338 9331 9380
f 9370 9349 9339
f 9339 9371 9370
f 9344 9308 9406
f 9342 9297 9362
f 9334 9375 9329
f 9334 9351 9391
f 9347 9360 9369
f 9360 9348 9361
f 9348 9353 9361
f 9354 9338 9380
f 9331 9320 9365
f 9320 9328 9366
f 9367 9371 9344
f 9362 9341 9342
f 9355 9362 9297
f 9368 9325 9356
f 9304 9376 9315
f 9352 9357 9350
f 9358 9352 9350
f 9353 9337 9378
f 9346 9357 9364
f 9369 9359 9358
f 9378 9361 9353
f 9365 9381 9331
f 9387 9366 9349
f 9345 9406 9308
f 9362 9355 9643
f 9644 9643 9355
f 9343 9644 9355
f 9363 9375 9384
f 9379 9391 9351
f 9376 9379 9315
f 9364 9376 9304
f 9364 9357 9377
f 9359 9352 9358
f 9386 9369 9360
f 9360 9361 9386
f 9337 9354 9378
f 9380 9331 9381
f 9320 9366 9365
f 9406 9367 9344
f 9372 9406 9345
f 9382 9372 9345
f 9356 9363 9400
f 9395 9375 9334
f 9334 9391 9395
f 9400 9399 9368
f 9368 9356 9400
f 9357 9352 9377
f 9361 9378 9386
f 9378 9354 9393
f 9380 9393 9354
f 9373 9394 9362
f 9374 9343 9390
f 9343 9368 9390
f 9384 9400 9363
f 9352 9359 9385
f 9365 9366 9412
f 9387 9412 9366
f 9349 9370 9387
f 9371 9367 9388
f 9415 9388 9367
f 9406 9415 9367
f 9341 9362 9394
f 9409 9642 9374
f 9374 9390 9383
f 9384 9375 9401
f 9395 9401 9375
f 9391 9379 9419
f 9377 9396 9364
f 9377 9352 9420
f 9369 9386 9405
f 9428 9386 9378
f 9392 9428 9378
f 9378 9393 9392
f 9388 9370 9371
f 9409 9374 9383
f 9402 9395 9391
f 9379 9376 9403
f 9420 9352 9385
f 9381 9411 9380
f 9381 9365 9440
f 9412 9440 9365
f 9412 9387 9413
f 9398 9431 9372
f 9372 9382 9398
f 9341 9398 9382
f 9390 9860 9383
f 9401 9400 9384
f 9403 9419 9379
f 9376 9364 9404
f 9396 9404 9364
f 9405 9359 9369
f 9397 9392 9393
f 9411 9393 9380
f 9440 9411 9381
f 9387 9370 9413
f 9370 9388 9414
f 9431 9406 9372
f 9341 9394 9398
f 9394 9645 9416
f 9410 9645 9389
f 9408 9410 9389
f 9642 9408 9389
f 9417 9390 9368
f 9368 9399 9417
f 9419 9402 9391
f 9404 9403 9376
f 9385 9427 9420
f 9385 9359 9427
f 9433 9428 9392
f 9397 9433 9392
f 9411 9397 9393
f 9414 9441 9370
f 9415 9414 9388
f 9407 9398 9394
f 9416 9645 9410
f 9409 9408 9642
f 9409 9383 9437
f 9418 9417 9399
f 9395 9402 9426
f 9405 9427 9359
f 9405 9386 9450
f 9413 9370 9441
f 9415 9406 9423
f 9398 9407 9693
f 9442 9418 9399
f 9399 9400 9442
f 9400 9401 9442
f 9401 9395 9444
f 9396 9377 9420
f 9386 9428 9450
f 9397 9411 9421
f 9412 9413 9429
f 9431 9423 9406
f 9416 9410 9447
f 9436 9447 9410
f 9408 9409 9459
f 9437 9459 9409
f 9434 9425 9417
f 9418 9434 9417
f 9402 9419 9453
f 9404 9396 9438
f 9420 9438 9396
f 9422 9421 9411
f 9411 9440 9422
f 9440 9412 9429
f 9414 9415 9430
f 9410 9408 9436
f 9395 9426 9444
f 9453 9426 9402
f 9419 9403 9449
f 9455 9427 9405
f 9450 9455 9405
f 9445 9429 9413
f 9441 9445 9413
f 9423 9430 9415
f 9423 9431 9435
f 9431 9398 9432
f 9693 9432 9398
f 9459 9436 9408
f 9444 9442 9401
f 9428 9433 9451
f 9439 9433 9421
f 9422 9439 9421
f 9430 9441 9414
f 9432 9435 9431
f 9447 9446 9416
f 9447 9436 9481
f 9444 9426 9443
f 9453 9443 9426
f 9449 9453 9419
f 9404 9438 9464
f 9438 9420 9454
f 9427 9454 9420
f 9427 9455 9467
f 9422 9440 9457
f 9423 9435 9694
f 9436 9459 9481
f 9437 9860 9460
f 9425 9460 9860
f 9442 9444 9443
f 9403 9404 9464
f 9456 9455 9450
f 9451 9450 9428
f 9439 9451 9433
f 9439 9422 9457
f 9440 9429 9457
f 9445 9468 9429
f 9441 9430 9473
f 9452 9442 9469
f 9442 9443 9469
f 9449 9463 9453
f 9467 9454 9427
f 9468 9457 9429
f 9445 9441 9458
f 9473 9458 9441
f 9446 9447 9448
f 9481 9448 9447
f 9459 9437 9460
f 9425 9434 9461
f 9452 9461 9434
f 9452 9469 9462
f 9443 9453 9470
f 9438 9454 9465
f 9451 9456 9450
f 9461 9452 9462
f 9469 9443 9478
f 9463 9470 9453
f 9449 9403 9466
f 9403 9464 9466
f 9467 9465 9454
f 9467 9455 9499
f 9456 9499 9455
f 9490 9456 9451
f 9462 9469 9475
f 9449 9466 9463
f 9464 9438 9465
f 9451 9439 9490
f 9692 9695 9474
f 9448 9481 9485
f 9481 9459 9496
f 9459 9460 9496
f 9485 9477 9448
f 9460 9425 9486
f 9443 9470 9478
f 9465 9484 9464
f 9499 9489 9467
f 9490 9439 9479
f 9457 9479 9439
f 9468 9471 9457
f 9468 9445 9472
f 9492 9472 9445
f 9445 9458 9492
f 9476 9458 9473
f 9461 9486 9425
f 9475 9461 9462
f 9463 9466 9504
f 9466 9464 9484
f 9465 9467 9489
f 9457 9471 9479
f 9491 9471 9468
f 9472 9491 9468
f 9476 9492 9458
f 9482 9475 9469
f 9469 9478 9482
f 9478 9470 9483
f 9463 9504 9483
f 9484 9504 9466
f 9499 9456 9490
f 9694 9480 9493
f 9494 9480 9692
f 9692 9474 9494
f 9477 9494 9474
f 9486 9496 9460
f 9470 9463 9483
f 9465 9624 9484
f 9465 9489 9624
f 9471 9491 9508
f 9461 9475 9501
f 9475 9482 9501
f 9502 9482 9478
f 9478 9483 9502
f 9504 9503 9483
f 9504 9484 9497
f 9471 9508 9479
f 9491 9472 9523
f 9472 9492 9523
f 9476 9473 9493
f 9473 9694 9493
f 9494 9477 9495
f 9486 9461 9487
f 9503 9502 9483
f 9488 9497 9484
f 9623 9488 9484
f 9484 9624 9623
f 9499 9498 9489
f 9524 9523 9492
f 9509 9492 9476
f 9493 9480 9500
f 9494 9500 9480
f 9495 9510 9494
f 9481 9496 9485
f 9501 9487 9461
f 9504 9497 9505
f 9624 9489 9498
f 9490 9479 9522
f 9508 9522 9479
f 9515 9508 9491
f 9523 9515 9491
f 9524 9492 9509
f 9476 9493 9509
f 9506 9509 9493
f 9500 9506 9493
f 9500 9494 9510
f 9477 9485 9511
f 9496 9511 9485
f 9496 9486 9530
f 9511 9510 9495
f 9495 9477 9511
f 9522 9498 9499
f 9499 9490 9522
f 9487 9530 9486
f 9503 9504 9521
f 9504 9505 9521
f 9497 9488 9513
f 9525 9524 9509
f 9501 9507 9512
f 9498 9534 9623
f 9509 9506 9526
f 9500 9510 9516
f 9510 9511 9529
f 9517 9529 9511
f 9511 9496 9517
f 9530 9517 9496
f 9487 9501 9530
f 9512 9530 9501
f 9498 9522 9534
f 9509 9526 9525
f 9529 9533 9510
f 9518 9512 9507
f 9505 9514 9521
f 9505 9497 9513
f 9534 9532 9623
f 9508 9515 9528
f 9515 9523 9528
f 9533 9516 9510
f 9533 9529 9547
f 9519 9527 9518
f 9512 9518 9531
f 9527 9531 9518
f 9519 9520 9527
f 9545 9527 9520
f 9520 9521 9545
f 9521 9514 9545
f 9522 9528 9540
f 9537 9528 9523
f 9535 9537 9523
f 9523 9524 9535
f 9524 9525 9535
f 9526 9535 9525
f 9543 9517 9530
f 9514 9505 9539
f 9505 9513 9539
f 9540 9534 9522
f 9526 9516 9533
f 9529 9517 9543
f 9530 9512 9543
f 9531 9527 9538
f 9534 9536 9532
f 9526 9731 9535
f 9531 9543 9512
f 9539 9532 9536
f 9543 9547 9529
f 9546 9545 9514
f 9539 9546 9514
f 9536 9534 9552
f 9731 9526 9549
f 9542 9541 9533
f 9533 9547 9542
f 9550 9531 9538
f 9551 9546 9539
f 9552 9861 9536
f 9534 9540 9552
f 9541 9549 9526
f 9537 9535 9556
f 9732 9556 9535
f 9731 9732 9535
f 9550 9541 9542
f 9547 9550 9542
f 9544 9547 9543
f 9538 9545 9733
f 9552 9540 9555
f 9540 9548 9555
f 9541 9553 9549
f 9544 9550 9547
f 9733 9541 9550
f 9733 9545 9554
f 9546 9554 9545
f 9546 9551 9554
f 9554 9861 9732
f 9556 9732 9861
f 9861 9555 9556
f 8712 8705 8683
f 633 9622 634
f 1006 1016 990
f 4678 4743 4702
f 871 834 835
f 9433 9397 9421
f 6684 6607 6524
f 5694 5681 5668
f 1756 1820 1796
f 7909 8092 8064
f 743 760 853
f 853 760 782
f 9041 9068 9100
f 3655 3713 3688
f 4916 5127 5044
f 6998 6997 6883
f 5123 4982 5069
f 8424 8435 8425
f 6871 6934 6955
f 1170 1044 1098
f 4953 4911 4968
f 7299 7399 7281
f 3794 9617 9616
f 8771 9557 8745
f 9558 5457 5423
f 3688 3654 3655
f 9563 4377 9599
f 1558 9566 1488
f 6730 6883 6801
f 5607 5713 5540
f 3375 3410 3311
f 7711 7863 7778
f 3483 3501 3413
f 9526 9533 9541
f 9552 9555 9861
f 3734 3751 3790
f 1337 1428 1360
f 7270 7372 7355
f 6722 7071 6917
f 6291 6255 6450
f 634 680 647
f 252 280 319
f 7227 7296 7351
f 8648 8649 8683
f 1702 1754 1701
f 755 658 761
f 5877 5768 5802
f 5611 5563 9739
f 5563 5564 9739
f 9506 9500 9516
f 9508 9528 9522
f 6416 6395 6353
f 5657 5460 5573
f 6739 6607 6684
f 6197 6209 6131
f 9539 9513 9532
f 4756 4645 4733
f 4218 4207 4158
f 7168 7082 7083
f 596 567 597
f 369 368 353
f 7681 7528 7588
f 7588 7528 7575
f 8594 9560 8615
f 8594 8573 9560
f 8874 9561 8884
f 8874 8885 9561
f 7521 7470 7593
f 9562 8560 8550
f 6500 6373 6387
f 9563 4459 4405
f 463 9564 421
f 2532 2617 2593
f 7593 7618 7596
f 7605 7596 7618
f 6706 7016 6781
f 3876 3923 3906
f 8976 8997 8969
f 6530 6430 6521
f 6354 6464 6379
f 1124 1159 1053
f 499 567 473
f 596 473 567
f 9337 9318 9294
f 5917 6131 5989
f 721 736 676
f 5941 5964 5894
f 5894 5964 5910
f 9565 1112 1140
f 1128 1129 1193
f 1115 1193 1129
f 9566 1558 1584
f 789 809 771
f 771 809 9567
f 4738 4884 9568
f 4898 9568 4884
f 6082 6258 6162
f 7505 7758 9569
f 4544 4543 4504
f 4067 4068 4147
f 9024 9042 9019
f 9042 9037 9019
f 3906 3875 3876
f 3717 9571 3582
f 1378 1420 1301
f 1439 1558 1428
f 4953 5070 4982
f 1706 1697 9572
f 4807 4733 4789
f 4847 4733 4807
f 6706 6781 6625
f 6788 9610 6926
f 9573 544 519
f 3790 3858 3784
f 5439 5340 5391
f 9574 6323 6268
f 9501 9482 9507
f 9482 9502 9507
f 9337 9338 9354
f 7174 7270 7355
f 7232 7174 7355
f 9551 9536 9861
f 9539 9536 9551
f 986 891 1066
f 1066 891 906
f 4727 4714 4764
f 4909 4889 4851
f 5182 5044 5127
f 924 881 775
f 881 9575 775
f 775 9575 860
f 5171 5049 5204
f 5171 5064 5049
f 5049 5031 5204
f 6804 6889 6888
f 5037 4889 4923
f 2469 2472 2484
f 5786 5732 5838
f 5838 5732 5839
f 1075 9576 1086
f 8594 8615 8648
f 807 830 9577
f 7137 9578 7122
f 4072 4002 3990
f 1079 986 1066
f 5614 5764 5603
f 5764 5717 5603
f 5603 5717 5655
f 5210 5123 5191
f 5152 5192 5191
f 3581 9571 3466
f 3581 3582 9571
f 6684 6608 6700
f 1847 1750 1859
f 7554 7492 7677
f 7492 7555 7677
f 4161 4311 4347
f 4161 4219 4311
f 251 311 205
f 268 205 311
f 4378 9579 4316
f 2734 2754 2789
f 2779 2693 9580
f 2693 2735 9580
f 3157 3153 3232
f 5841 5713 5884
f 776 924 737
f 9350 9330 9358
f 7038 7006 6932
f 6932 7006 6953
f 9452 9418 9442
f 9418 9452 9434
f 8847 8875 8846
f 8879 8875 8847
f 7677 7650 7712
f 6766 9582 6705
f 2463 2377 2473
f 2463 2424 2377
f 5436 5271 5372
f 5271 5436 5306
f 9014 8987 8977
f 8987 9583 8977
f 8987 8998 8983
f 8987 8983 9583
f 9584 8526 8567
f 9584 8566 8526
f 8567 8526 8544
f 8042 9585 7919
f 7919 9585 7803
f 596 597 735
f 735 597 662
f 673 596 735
f 4067 3906 4003
f 3906 3923 4003
f 433 9586 432
f 432 9586 463
f 8970 8969 8939
f 8969 8970 8976
f 5382 5504 5363
f 5363 5504 5455
f 1236 1159 1278
f 9587 4642 4661
f 9587 4613 4583
f 4612 4613 9587
f 6655 6656 6795
f 6656 6729 6795
f 9109 9047 9588
f 9067 9588 9047
f 4321 4386 4344
f 4344 4386 4385
f 7686 7672 7772
f 4344 4293 4321
f 4321 4293 4284
f 2656 2676 9590
f 9590 2693 2656
f 2473 9591 2463
f 2473 2609 9591
f 2609 2608 9591
f 4427 4385 4386
f 4385 4427 4494
f 5092 5053 5054
f 4968 5054 5053
f 6487 6612 6625
f 9592 7473 7619
f 9168 9207 9175
f 5707 9594 5619
f 5707 5662 9593
f 9594 5707 9593
f 905 9595 875
f 816 9595 850
f 875 9595 816
f 1850 1794 1754
f 1794 1850 1818
f 5691 5664 5665
f 5640 5664 5691
f 5640 5691 5663
f 4440 9677 9596
f 9596 9677 4406
f 9596 4461 4498
f 4461 9596 4406
f 9425 9860 9417
f 9417 9860 9390
f 8674 8695 8684
f 8695 9597 8684
f 8684 9597 8673
f 5107 5152 5105
f 3131 3119 3024
f 3177 3119 3131
f 4560 4580 4551
f 4572 4592 9598
f 4572 9598 4580
f 4280 9599 4229
f 4229 9599 4377
f 957 9600 970
f 9600 971 9601
f 957 971 9600
f 9603 7190 9602
f 7322 9603 9602
f 627 655 592
f 3828 3794 3795
f 762 9605 761
f 879 878 9604
f 761 9605 879
f 879 9604 761
f 7711 9606 7553
f 7553 9606 9725
f 9607 5341 5245
f 5391 5340 5341
f 6689 6777 6690
f 8669 8690 8694
f 8668 8694 8723
f 8723 8694 8706
f 869 870 929
f 929 942 941
f 929 872 942
f 943 942 9608
f 7443 7426 7528
f 7426 7294 7528
f 9609 7528 7294
f 6926 7154 6970
f 6926 9610 7154
f 7154 9610 7020
f 9316 9330 9293
f 9330 9611 9293
f 9611 9263 9293
f 5600 9613 5680
f 9614 9613 9612
f 5600 9612 9613
f 8913 8954 8932
f 8913 8947 8986
f 8995 9615 8986
f 8913 8986 8954
f 9615 8954 8986
f 3483 3624 3502
f 9616 9617 3502
f 9616 3502 3624
f 5161 5307 5270
f 5307 5271 5270
f 7764 7724 9618
f 7724 7629 9618
f 7629 7581 9618
f 7281 7154 7299
f 7299 7154 7114
f 9620 9621 575
f 9621 9620 9619
f 606 9619 9620
f 9622 606 9620
f 9532 9513 9488
f 9623 9624 9498
f 9488 9623 9532
f 7174 9625 7064
f 9625 7174 9626
f 7232 9626 7174
f 9521 9520 9503
f 9502 9519 9518
f 9502 9518 9507
f 9519 9503 9520
f 9502 9503 9519
f 5061 4915 9627
f 4915 4898 9627
f 8822 8835 8839
f 8847 9632 9630
f 9630 9629 8840
f 8835 9628 9629
f 9628 8840 9629
f 9630 9632 9629
f 8835 9632 8839
f 8835 9629 9632
f 9631 8848 9628
f 633 9633 606
f 670 9633 633
f 669 668 670
f 606 9633 621
f 670 646 9633
f 621 9633 646
f 646 670 668
f 9046 9636 9638
f 9635 9634 9637
f 9634 9638 9637
f 9110 9638 9634
f 9638 9110 9121
f 9636 8995 9637
f 9636 9637 9638
f 1015 1014 9641
f 1005 9639 987
f 1005 1030 9639
f 9639 9640 975
f 1005 1014 1030
f 9641 1014 1005
f 1030 9640 9639
f 1876 1915 1888
f 1926 1790 1915
f 1813 1915 1790
f 9343 9374 9644
f 9394 9373 9645
f 9644 9374 9643
f 9643 9389 9645
f 9645 9373 9643
f 9389 9643 9642
f 9642 9643 9374
f 5552 9647 5624
f 5552 5536 9647
f 5536 9646 9647
f 9646 5558 5572
f 9646 5572 5571
f 5571 9647 9646
f 8530 9651 8425
f 9651 9648 8555
f 9651 8555 9649
f 8425 9649 8464
f 9650 8555 9648
f 8554 8555 9650
f 8603 8554 9650
f 8425 9651 9649
f 4094 3916 4045
f 6421 6374 6286
f 6576 6641 6717
f 9652 6374 6421
f 9652 6523 6374
f 6421 6576 9652
f 9652 6576 6717
f 1049 9653 1040
f 1017 1087 1049
f 1012 985 9654
f 1037 1038 9655
f 9653 9655 1038
f 985 968 9654
f 1041 1049 1040
f 1041 1012 9654
f 1041 9654 1049
f 1040 9653 1038
f 968 1049 9654
f 800 780 9658
f 9657 692 614
f 780 9656 9658
f 707 781 9659
f 9656 9660 9658
f 9659 687 707
f 9657 9661 9662
f 9657 9662 692
f 800 9658 9659
f 9662 642 9660
f 9658 9660 642
f 9658 642 687
f 687 9659 9658
f 781 800 9659
f 9656 692 9660
f 9660 692 9662
f 9661 641 9662
f 1142 1113 1128
f 1114 1128 1065
f 916 9664 9666
f 969 9663 9664
f 1119 9665 1142
f 874 9667 949
f 9665 1128 1113
f 1142 9665 1113
f 1065 1128 9663
f 9665 9664 9663
f 1128 9665 9663
f 9667 9665 949
f 9667 9666 9664
f 949 1119 963
f 949 9665 1119
f 9665 9667 9664
f 9667 825 9666
f 9670 968 9671
f 930 9668 9671
f 847 859 911
f 847 922 9668
f 9668 889 9669
f 9608 889 930
f 9668 978 9671
f 911 922 847
f 9671 978 9673
f 9673 9670 9671
f 9668 922 978
f 9668 930 889
f 847 9668 9669
f 978 9672 9673
f 9676 4406 9677
f 4147 4243 4250
f 9674 9675 9676
f 9676 4250 4243
f 9675 4250 9676
f 9674 9676 9677
f 9678 9679 9680
f 9155 9680 9679
f 9680 9092 9678
f 9681 9682 396
f 317 352 9688
f 352 396 9682
f 9685 9684 339
f 9681 9683 9684
f 339 9683 325
f 9682 9681 9684
f 352 9682 9688
f 9681 384 9683
f 9686 9683 384
f 9682 9684 9685
f 9687 352 317
f 339 9684 9683
f 9682 9685 9688
f 339 303 9685
f 4782 9690 4921
f 4919 4932 9691
f 9691 4748 4764
f 5085 5103 9689
f 4932 9690 9691
f 4782 4748 9690
f 4921 9690 4932
f 4764 4919 9691
f 5145 4921 5103
f 4921 4932 9689
f 9690 4748 9691
f 5103 4921 9689
f 9430 9694 9473
f 9416 9424 9394
f 9430 9423 9694
f 9435 9432 9480
f 9432 9693 9692
f 9407 9695 9693
f 9692 9693 9695
f 9416 9446 9424
f 9435 9480 9694
f 9692 9480 9432
f 9446 9695 9424
f 9407 9394 9424
f 9407 9424 9695
f 4663 4638 4640
f 4680 4640 4638
f 4727 9697 4690
f 4701 9697 4727
f 4690 9697 4715
f 4716 4704 4730
f 4704 4680 4639
f 9696 4639 9697
f 4704 4639 4730
f 9697 4701 9696
f 4663 4640 4679
f 4730 4639 9696
f 393 9703 427
f 9701 346 347
f 9703 9702 427
f 9701 351 9703
f 351 9701 318
f 296 9698 295
f 347 318 9701
f 9699 9700 346
f 9698 318 347
f 347 320 9698
f 9703 393 9701
f 335 9700 9699
f 9699 346 9701
f 393 9699 9701
f 5238 9705 5324
f 5144 9705 5238
f 9706 9705 5108
f 5008 4847 9704
f 9704 4807 9706
f 4848 5056 9706
f 4807 9704 4847
f 9704 9706 5108
f 4848 9706 4807
f 9707 2484 2472
f 2443 9711 9710
f 9710 9711 2422
f 9711 2359 2422
f 9708 2679 9709
f 2484 9710 2422
f 2484 9707 9710
f 2508 9710 9707
f 9709 2519 9708
f 2359 9711 2321
f 2607 2508 9709
f 2519 9709 9707
f 9707 9709 2508
f 9715 9719 4653
f 4574 4636 4594
f 4635 4594 4636
f 4659 9721 4641
f 4623 9713 9719
f 4653 9719 4673
f 4624 4635 9713
f 4636 9720 4635
f 9718 4673 9719
f 9721 9716 9712
f 9721 4658 9716
f 9717 9718 9713
f 4674 9717 9720
f 9713 9718 9719
f 9716 9720 4596
f 9715 4609 9719
f 4658 4674 9720
f 9720 9717 4635
f 9712 9716 9714
f 9721 9712 4641
f 4658 9720 9716
f 4635 9717 9713
f 4596 9714 9716
f 4609 4623 9719
f 9717 4674 9718
f 6850 9727 9730
f 7553 9725 9728
f 9726 7341 9722
f 9724 7079 9723
f 7271 7326 9723
f 9724 9729 9727
f 7326 9726 9722
f 9722 7223 9729
f 6795 6850 6882
f 9729 9723 9722
f 9727 6851 9724
f 9728 9725 9726
f 7326 9728 9726
f 6851 9582 9724
f 9723 9729 9724
f 6882 6850 9730
f 9730 9729 6882
f 9730 9727 9729
f 7326 9722 9723
f 9537 9548 9528
f 9541 9733 9553
f 9732 9553 9554
f 9554 9553 9733
f 9550 9544 9531
f 9531 9544 9543
f 9731 9553 9732
f 9550 9538 9733
f 9549 9553 9731
f 9735 6076 6232
f 6218 9735 6232
f 6218 6076 9735
f 9734 9736 5996
f 5634 9739 9737
f 9737 9740 5741
f 5996 9742 9734
f 9734 9742 6005
f 9741 9736 5925
f 9738 6005 9742
f 6076 9738 9742
f 5741 9741 5925
f 9740 9741 5741
f 6218 9738 6076
f 9741 5996 9736
f 7087 7116 9744
f 9743 9750 7563
f 7816 7836 7735
f 7563 9750 7604
f 7116 9749 9744
f 7400 9744 9749
f 7836 9745 7735
f 9752 9746 7415
f 7836 7872 9745
f 7415 9746 9743
f 9748 9743 7431
f 9751 9746 9752
f 9751 9749 7116
f 9750 9743 9748
f 9746 7431 9743
f 7431 9751 7318
f 7318 9751 9747
f 9745 9748 7735
f 7116 9747 9751
f 9749 9751 9752
f 9745 9750 9748
f 9752 7400 9749
f 7431 9746 9751
f 3404 3292 3387
f 3246 3387 3292
f 3246 3053 3126
f 2924 9755 2829
f 2988 3081 3102
f 3126 3053 2998
f 9754 3045 9755
f 3053 3246 9753
f 3053 9753 3081
f 9755 2924 9754
f 3292 9753 3246
f 6568 9759 9758
f 9760 9625 6968
f 6520 6568 6567
f 6568 6520 9757
f 9759 9757 6640
f 6507 6640 9757
f 6839 9756 6771
f 9758 6839 6968
f 6507 9757 9761
f 6771 9759 6640
f 6362 9761 6428
f 9759 6771 9756
f 9760 6968 6839
f 6839 9758 9756
f 9758 9759 9756
f 7107 9772 7254
f 9764 9763 7134
f 7134 9763 7066
f 7323 9772 7127
f 7289 9772 7323
f 6665 9769 9767
f 6618 9767 6638
f 6638 9769 9773
f 6871 6848 6872
f 9768 9764 7116
f 6875 9776 9774
f 6875 6860 9776
f 9775 9777 9766
f 7066 9763 6860
f 6934 9766 6955
f 6955 9766 9762
f 6638 9773 6736
f 6859 9776 6860
f 9769 9774 9773
f 6859 9775 9776
f 6859 9763 9764
f 9772 6955 9770
f 9777 9775 9768
f 9772 9770 7127
f 6955 9762 9770
f 9770 9762 9765
f 9767 9769 6638
f 9775 9771 9776
f 6736 9771 6872
f 6859 9764 9768
f 9766 9771 9775
f 9772 7107 6955
f 9771 9773 9774
f 9771 9774 9776
f 9777 6950 9765
f 9762 9777 9765
f 6736 6872 6848
f 9765 6876 9770
f 9777 9762 9766
f 6736 9773 9771
f 9768 9775 6859
f 6961 7012 9788
f 7162 9788 7012
f 6907 9780 7146
f 7040 9788 7162
f 7166 9785 9797
f 6956 9783 6976
f 6918 9790 6853
f 9786 6976 9796
f 6996 9781 6918
f 6858 6976 9786
f 6853 9790 6870
f 9787 9795 9786
f 9780 9791 9793
f 6996 9789 9781
f 9797 9785 9799
f 9787 9798 9799
f 9794 9779 9792
f 9787 9793 9795
f 9793 9781 9795
f 6870 9790 9791
f 9798 9796 9783
f 9798 9786 9796
f 9797 9782 7166
f 9798 9783 9797
f 9786 9778 6858
f 9790 6918 9781
f 7185 7146 9780
f 9787 9799 9780
f 9784 9947 9795
f 9789 9779 9781
f 9799 9798 9797
f 9780 9785 7185
f 9796 6976 9783
f 9789 9788 7040
f 9793 9791 9790
f 6996 9788 9789
f 9792 9779 7040
f 9947 9786 9795
f 9794 9781 9779
f 9786 9947 9778
f 9785 9780 9799
f 9781 9794 9795
f 9787 9786 9798
f 9783 9782 9797
f 9787 9780 9793
f 9790 9781 9793
f 9946 9947 9784
f 9795 9794 9784
f 65 9810 33
f 9802 33 9810
f 68 55 9812
f 9805 9841 6
f 9814 35 9825
f 7 6 9841
f 9819 9827 3
f 3 18 9819
f 26 25 9804
f 83 9803 9828
f 30 83 9828
f 9807 9839 9834
f 9831 9822 9800
f 9830 9800 26
f 9829 9832 9843
f 9834 9839 9802
f 9817 3 9827
f 18 2 9819
f 9809 9825 9829
f 9826 9807 9836
f 9824 94 9802
f 9828 9813 30
f 9811 9820 9815
f 9809 9829 9805
f 9808 9837 9816
f 9813 9822 31
f 9804 9830 26
f 9809 9812 9814
f 9816 9807 9826
f 9812 9809 9805
f 9843 9808 9816
f 9806 9832 9825
f 9826 9820 9842
f 9800 9803 26
f 9808 9843 61
f 9833 9811 9821
f 94 33 9802
f 9800 9822 9828
f 9831 9818 9823
f 9823 9818 9840
f 9832 9806 61
f 9843 9832 61
f 9814 9825 9809
f 9826 9842 9841
f 9842 7 9841
f 9811 9833 9820
f 9838 9811 9815
f 9815 9826 9836
f 9826 9815 9820
f 9818 9831 9835
f 9802 9839 9824
f 9819 9840 9827
f 23 9801 9835
f 9816 9839 9807
f 9819 9823 9840
f 9824 9839 9837
f 9816 9826 9843
f 24 9830 9804
f 9811 9838 22
f 9801 9838 9835
f 9826 9841 9829
f 9831 9830 24
f 9801 22 9838
f 9838 9840 9818
f 9835 9838 9818
f 9810 9817 9836
f 9811 22 9821
f 9823 9819 2
f 9803 9800 9828
f 9828 9822 9813
f 9829 9825 9832
f 9823 2 9831
f 2 9822 9831
f 9840 9836 9817
f 9827 9840 9817
f 68 9812 9805
f 9836 9834 9802
f 9831 24 9835
f 9841 9805 9829
f 9807 9834 9836
f 9815 9836 9840
f 9826 9829 9843
f 9810 9836 9802
f 31 9822 2
f 9800 9830 9831
f 9815 9840 9838
f 9837 9839 9816
f 9842 9820 8
f 8797 9846 9850
f 9557 9857 9853
f 8809 8808 8801
f 8806 9846 8802
f 9845 9858 9854
f 8801 9852 8800
f 8801 8808 9852
f 8800 9852 8791
f 8807 9844 8815
f 8790 9856 9851
f 8802 8797 8814
f 8814 8806 8802
f 9848 9853 9845
f 9845 9850 9858
f 8795 9857 9557
f 8813 9850 9845
f 8790 8791 9856
f 9851 9856 9855
f 9845 9853 9857
f 9844 9847 9855
f 9849 9845 9857
f 9857 8795 9849
f 9854 9858 8825
f 8814 8797 8788
f 9845 9854 9848
f 9848 9854 8829
f 9859 9847 9844
f 8797 8802 9846
f 8824 9848 8829
f 8813 9845 9849
f 9855 9856 8808
f 9852 8808 9856
f 8814 8788 8807
f 9855 9847 9851
f 9859 9844 8807
f 9859 8807 8788
f 9858 9846 8825
f 9846 9858 9850
f 8791 9852 9856
f 9855 8816 9844
f 9373 9362 9643
f 2954 3013 3024
f 6396 6500 6520
f 929 870 872
f 6042 5947 5868
f 1750 1847 1743
f 8600 9584 8567
f 7737 7790 7817
f 9698 320 295
f 4679 4640 4703
f 5482 5465 5466
f 9622 633 606
f 5630 5800 5831
f 6956 7043 9783
f 9783 7043 9782
f 9526 9506 9516
f 541 532 490
f 5663 5639 5640
f 3911 3941 3934
f 651 527 471
f 527 440 471
f 1014 1015 1046
f 9477 9474 9446
f 9448 9477 9446
f 9695 9446 9474
f 5447 5537 5558
f 780 751 9656
f 8099 8054 7962
f 8054 7998 7962
f 9556 9555 9537
f 9555 9548 9537
f 4636 4596 9720
f 3268 3098 3219
f 9528 9548 9540
f 9437 9383 9860
f 4935 4842 4936
f 4842 4835 4936
f 9527 9545 9538
f 9861 9554 9551
f 50 44 1
f 50 9874 44
f 11 53 9904
f 9884 9904 9908
f 9867 9911 10
f 9864 9900 89
f 36 9892 9882
f 13 9866 14
f 9862 51 9897
f 9881 9897 51
f 9875 9874 50
f 43 9872 9893
f 49 9899 9872
f 49 9906 9899
f 48 9906 49
f 46 41 9905
f 46 9905 9891
f 9886 9873 4
f 9870 9880 9879
f 9879 9880 9876
f 9885 9878 9905
f 9875 9877 9879
f 1 9901 9885
f 9884 9908 9910
f 9898 9895 9896
f 13 9873 9866
f 9910 9907 9884
f 44 9901 1
f 9887 9863 9895
f 9885 9905 9883
f 9870 9899 9880
f 9900 9864 9865
f 9883 9898 9896
f 41 40 9905
f 9875 9878 9874
f 9879 9878 9875
f 9885 9901 9878
f 9879 9877 9870
f 9908 9911 9867
f 9863 9869 9909
f 9896 9902 9897
f 9868 9890 9871
f 5 9888 16
f 9886 9884 9907
f 9896 9885 9883
f 9863 9887 9866
f 9873 9869 9866
f 9868 17 9888
f 9871 9890 9905
f 9906 9871 9880
f 9872 9870 9893
f 5 9868 9888
f 9882 9892 9909
f 9864 9882 9909
f 9863 9909 9902
f 9869 9907 9865
f 9903 9868 5
f 49 9872 43
f 9903 9890 9868
f 9872 9899 9870
f 9893 9870 9877
f 9867 9865 9910
f 9865 9867 9900
f 9902 9896 9895
f 9897 9902 9862
f 9907 9869 9873
f 9905 9890 9891
f 9894 9897 1
f 44 9874 9901
f 9866 9887 14
f 9876 9878 9879
f 9880 9905 9876
f 40 9883 9905
f 1 9897 9881
f 9880 9871 9905
f 17 9871 9906
f 9904 9884 9886
f 9910 9908 9867
f 9886 9907 9873
f 40 9898 9883
f 9891 9890 9889
f 9894 9896 9897
f 9896 9894 9885
f 9865 9907 9910
f 9863 9866 9869
f 9902 9909 9862
f 9874 9878 9901
f 9903 9889 9890
f 9904 53 9908
f 9892 9862 9909
f 1 9885 9894
f 9867 89 9900
f 9906 9880 9899
f 9863 9902 9895
f 53 9911 9908
f 9904 9886 12
f 9864 9909 9865
f 9905 9878 9876
f 9868 9871 17
f 9865 9909 9869
f 3576 9933 9913
f 9933 9912 9914
f 9933 9914 9913
f 9912 9915 9914
f 9912 3569 9915
f 3569 9923 9915
f 3569 9916 9923
f 3598 9923 9916
f 3598 9921 9923
f 3544 9922 9921
f 3430 9922 3544
f 9914 9924 9913
f 3430 9919 9922
f 9914 9915 9927
f 9927 9920 9917
f 9928 9922 9920
f 9924 9914 9927
f 3344 9918 9925
f 3232 3253 9929
f 3253 3322 9918
f 9915 9923 9928
f 9918 9929 3253
f 9922 9928 9921
f 9924 9917 3484
f 3562 9913 9924
f 3484 3562 9924
f 9926 3423 9917
f 9922 9919 9920
f 9925 9918 9926
f 9918 3322 9926
f 9926 3322 3423
f 9927 9928 9920
f 9928 9927 9915
f 9927 9917 9924
f 3484 9917 3423
f 9928 9923 9921
f 9917 9920 9926
f 9920 9925 9926
f 9925 9920 9919
f 3227 3209 3189
f 9933 9941 9912
f 3569 9912 9930
f 3227 3296 9936
f 3351 9937 9935
f 9941 3555 9937
f 3339 9931 9937
f 9932 9936 9934
f 9934 9936 3296
f 3296 9942 9931
f 9937 9931 9941
f 9934 9940 9932
f 9912 9941 9930
f 9940 9934 3339
f 9939 9942 9938
f 9935 9937 3555
f 9942 9930 9941
f 9933 3555 9941
f 9930 9942 9939
f 3489 9930 9939
f 9937 3351 3339
f 3296 9938 9942
f 3227 9936 3209
f 3569 9930 3489
f 3209 9936 9932
f 9934 3296 9931
f 3339 9934 9931
f 9941 9931 9942
f 6997 7059 7014
f 7342 9959 7492
f 9961 9953 7141
f 7014 7031 7126
f 7057 9944 7058
f 7082 7081 7083
f 6855 7011 9784
f 9945 9784 7011
f 9957 9953 9961
f 9950 7031 9956
f 9948 7083 7081
f 9958 9945 7009
f 9943 9958 9962
f 9954 7058 9944
f 9953 9957 9952
f 9948 9954 9955
f 9952 9955 9962
f 9961 9960 9950
f 9953 9952 9949
f 7125 9960 9959
f 9961 9956 9957
f 9950 9956 9961
f 9943 9778 9947
f 9784 9945 9946
f 9956 9952 9957
f 9955 7083 9948
f 7204 9951 7141
f 7381 7555 7492
f 9946 9958 9947
f 9949 9952 9962
f 9955 9956 7031
f 9954 9962 9955
f 9961 9959 9960
f 7059 7031 7014
f 9956 9955 9952
f 9958 9943 9947
f 7059 9955 7031
f 7009 9953 9949
f 7492 9959 9951
f 9951 7381 7492
f 9943 9962 9954
f 9943 9954 9944
f 9959 7141 9951
f 7059 7083 9955
f 9949 9962 9958
f 9946 9945 9958
f 9961 7141 9959
f 6764 7047 9966
f 9984 9967 6913
f 9981 9973 6677
f 6913 9967 9968
f 9967 9969 6856
f 9965 9983 9975
f 6861 6806 9975
f 6827 9963 6874
f 6618 9974 6639
f 6856 9972 6748
f 6893 6932 9963
f 9982 9980 9972
f 9978 9970 9981
f 9977 9983 9965
f 9969 9975 9983
f 6807 6734 6806
f 6953 9963 6932
f 6748 9980 9964
f 9968 9967 6914
f 9982 9972 9977
f 9977 9970 9982
f 9979 9966 6893
f 6603 6637 9978
f 9970 9978 6637
f 9979 6893 9963
f 9970 9973 9981
f 9969 9967 9984
f 9980 6672 9964
f 9980 6748 9972
f 6827 9976 9963
f 9972 9969 9983
f 9975 9984 6861
f 9971 9966 9979
f 9975 9969 9984
f 6637 9971 9970
f 9963 9976 9979
f 6856 9969 9972
f 9973 9970 9977
f 9977 9972 9983
f 9981 9974 6603
f 9979 9982 9970
f 9979 9970 9971
f 9980 9976 6672
f 6680 9971 6637
f 9980 9982 9976
f 6806 6734 9965
f 9981 6603 9978
f 9977 9965 9973
f 6806 9965 9975
f 9982 9979 9976
f 6672 6631 9964
f 6734 9973 9965
f 4777 9989 4732
f 4717 9987 9999
f 5266 9988 9997
f 4771 9990 4745
f 4746 10001 9989
f 9998 10000 5194
f 4912 9992 9986
f 4879 9987 4820
f 9999 9987 9992
f 4665 9993 9996
f 4732 10001 4689
f 4731 9994 9989
f 5104 9995 9998
f 4689 9990 4665
f 10000 9998 9995
f 9996 4732 4665
f 9997 9988 9985
f 9985 5477 5544
f 4665 9990 4771
f 4665 4771 4717
f 9995 5425 9988
f 4665 4681 9993
f 4778 9996 9993
f 9987 4879 9992
f 9988 5477 9985
f 9988 5425 5477
f 5194 10000 5266
f 9989 9991 4746
f 9989 9994 9991
f 4666 9999 9992
f 5561 5544 5477
f 9986 9992 5014
f 10000 9995 9988
f 9994 4762 9991
f 4879 5014 9992
f 9999 4666 4681
f 10001 4732 9989
f 9998 9986 5014
f 9988 5266 10000
f 9986 9998 5194
f 4732 4689 4665
f 4792 9991 4762
f 9887 9895 14
f 9889 46 9891
f 3562 3576 9913
f 9966 9971 6680
f 10002 4793 4731
f 9994 4731 4793
f 6587 6603 9974
f 6677 9973 6639
f 9973 6734 6639
f 9769 6665 6762
