# Created by Open3D 
# object name: mesh_0135
# number of vertices: 7325
# number of triangles: 14646
v -0.259225 -0.656198 -0.185895
vn -0.798877 0.32001 -0.509303
v -0.240023 -0.648256 -0.198598
vn -0.256201 -0.648097 -0.717169
v -0.250635 -0.658248 -0.180927
vn -0.0801094 -0.9962 -0.0341828
v -0.333271 -0.693879 -0.0929052
vn -0.357356 -0.807146 -0.469906
v -0.337231 -0.701028 -0.0654204
vn -0.953989 0.291808 -0.0689463
v -0.334653 -0.697381 -0.0750025
vn -0.942784 -0.17389 -0.284466
v -0.342661 -0.711259 -0.0485601
vn -0.0240728 -0.940653 -0.338515
v -0.345888 -0.712964 -0.0402413
vn -0.976144 0.0123939 -0.21677
v 0.187726 -0.639574 0.114215
vn 0.548833 -0.810586 -0.204283
v 0.184356 -0.650562 0.126701
vn 0.647849 -0.733294 -0.20633
v 0.178317 -0.648433 0.119623
vn -0.524855 -0.383419 -0.759945
v 0.168749 -0.657159 0.142735
vn -0.0015162 -0.828749 -0.559618
v 0.156512 -0.676918 0.160325
vn 0.332266 -0.747207 -0.57557
v 0.152825 -0.681266 0.159461
vn -0.467799 -0.123108 -0.875219
v 0.145836 -0.692926 0.169853
vn 0.487164 -0.849107 -0.204177
v 0.136939 -0.695484 0.169619
vn -0.393416 -0.260536 -0.881671
v 0.0997415 -0.716804 0.196641
vn 0.333875 -0.910361 -0.24448
v 0.103147 -0.716215 0.186801
vn -0.559788 0.0310354 -0.828054
v 0.0949609 -0.721687 0.195894
vn -0.969318 -0.150813 -0.194107
v 0.0980993 -0.724 0.212632
vn -0.852714 -0.0641397 -0.518425
v 0.0918684 -0.732712 0.21895
vn 0.220926 -0.888492 -0.402211
v 0.0845465 -0.733634 0.21584
vn -0.882015 0.303816 -0.360201
v 0.0880035 -0.738632 0.239374
vn 0.450943 -0.885978 -0.108138
v 0.0875415 -0.735633 0.228673
vn -0.982185 -0.161501 0.0960725
v 0.0886878 -0.735165 0.23889
vn -0.961809 -0.243738 -0.124561
v 0.0871273 -0.741683 0.25072
vn -0.907712 0.235225 0.34746
v 0.0956053 -0.732368 0.256259
vn 0.269653 -0.955987 -0.115653
v -0.301529 -0.723367 -0.0118019
vn 0.444697 -0.643416 0.623105
v -0.31504 -0.725356 -0.00840703
vn 0.0472368 -0.946332 0.319724
v -0.307468 -0.723267 -0.0128307
vn 0.0157934 -0.891154 -0.453427
v -0.292197 -0.729685 -0.0169407
vn 0.0171544 -0.998016 -0.0605836
v -0.284168 -0.722166 -0.0266732
vn -0.0845027 -0.924078 -0.372746
v -0.271426 -0.721823 -0.0263996
vn 0.697579 -0.355599 0.62204
v -0.261489 -0.713844 -0.045917
vn 0.608721 -0.772353 0.181465
v -0.248991 -0.705456 -0.0632983
vn 0.896437 -0.279993 0.343518
v -0.253976 -0.711974 -0.0595346
vn 0.018935 -0.926129 -0.376732
v -0.24475 -0.697986 -0.0768132
vn 0.848712 -0.504759 0.157816
v -0.229518 -0.682737 -0.114657
vn 0.777607 -0.558758 0.288299
v -0.237578 -0.699916 -0.0969043
vn 0.681598 -0.727542 0.0781475
v -0.232121 -0.691024 -0.116378
vn -0.132848 -0.867252 -0.479817
v -0.219627 -0.684096 -0.126761
vn 0.0609027 -0.880361 -0.470379
v -0.212736 -0.678403 -0.129957
vn 0.401442 -0.822245 0.403432
v -0.187237 -0.67475 -0.158601
vn -0.0468955 -0.813992 -0.578981
v -0.174883 -0.668351 -0.167187
vn 0.764115 -0.625767 0.156663
v -0.174834 -0.659073 -0.181992
vn -0.0755611 -0.83718 -0.541683
v -0.168663 -0.660541 -0.183153
vn 0.979538 -0.116389 -0.16419
v 0.126515 -0.72854 0.262134
vn 0.233009 0.0653578 0.970276
v 0.108951 -0.736029 0.261973
vn 0.0445043 -0.906779 0.419251
v 0.117168 -0.735032 0.258824
vn 0.164023 -0.954872 -0.24762
v 0.134776 -0.717905 0.254014
vn 0.887261 -0.222574 0.404015
v 0.140094 -0.707128 0.251602
vn 0.52369 -0.842932 -0.123345
v 0.145025 -0.712055 0.250141
vn 0.455473 -0.135751 0.879839
v 0.154605 -0.704313 0.239406
vn 0.859119 -0.160294 0.486025
v 0.168117 -0.688231 0.215384
vn 0.912066 -0.33997 0.229251
v 0.161467 -0.705377 0.229142
vn 0.426977 -0.885276 -0.184329
v 0.196308 -0.650293 0.176845
vn 0.545351 0.0704475 0.835242
v 0.175041 -0.673162 0.195616
vn 0.792473 -0.609809 0.0109518
v 0.186013 -0.664435 0.180713
vn 0.412027 -0.782801 -0.466322
v 0.206885 -0.641533 0.163578
vn 0.275423 -0.864379 -0.420704
v 0.219221 -0.633703 0.160813
vn 0.777627 -0.543434 0.316188
v -0.246642 -0.645324 -0.17907
vn -0.766276 0.200724 -0.610353
v -0.26678 -0.652175 -0.159091
vn -0.758317 -0.0245693 -0.651423
v -0.310166 -0.679994 -0.117242
vn -0.0302107 -0.807848 -0.588617
v -0.307667 -0.672378 -0.123339
vn -0.611083 -0.162301 -0.774749
v -0.317787 -0.675697 -0.113772
vn -0.751134 -0.0447498 -0.658632
v -0.326505 -0.688181 -0.100373
vn -0.770188 -0.23618 -0.592477
v -0.339773 -0.708642 -0.0396418
vn -0.974825 -0.00819426 -0.222822
v -0.345098 -0.723524 -0.0217394
vn -0.713097 -0.684251 -0.152621
v -0.338495 -0.719236 -0.0256223
vn 0.0424748 -0.840416 -0.540274
v -0.331694 -0.731994 -0.014701
vn 0.0259025 -0.965801 -0.257987
v -0.26232 -0.709511 -0.0511279
vn 0.685937 0.106062 0.71989
v -0.233699 -0.688178 -0.102541
vn 0.830332 -0.524133 0.189299
v -0.185667 -0.669251 -0.148525
vn 0.739996 -0.257459 0.621386
v -0.189243 -0.681056 -0.147675
vn 0.481634 -0.813897 0.324962
v -0.176063 -0.648812 -0.197221
vn -0.252885 -0.817818 -0.516937
v -0.175909 -0.653362 -0.189604
vn 0.984069 -0.147946 -0.0985944
v -0.194823 -0.640053 -0.2071
vn 0.0252856 -0.686042 -0.727123
v -0.183745 -0.645984 -0.203035
vn 0.441072 0.308574 -0.842756
v 0.155749 -0.671769 0.161773
vn -0.450325 -0.298959 -0.841327
v 0.119764 -0.705613 0.181312
vn -0.269719 -0.416639 -0.868138
v 0.101481 -0.733833 0.260104
vn 0.0250698 0.126194 0.991689
v 0.160032 -0.69275 0.229825
vn 0.864766 0.0187028 0.501826
v 0.173777 -0.680385 0.209638
vn 0.90456 0.0607958 0.42199
v 0.172759 -0.684294 0.205674
vn 0.48707 -0.756585 -0.436282
v 0.176687 -0.666984 0.190238
vn 0.834594 0.102098 0.541322
v 0.217327 -0.636023 0.153199
vn 0.460651 -0.873305 -0.158551
v 0.220719 -0.631276 0.149093
vn 0.994287 -0.104973 -0.0193404
v 0.22112 -0.629513 0.140997
vn 0.999894 0.01271 -0.00716154
v 0.2202 -0.629373 0.135494
vn 0.161993 -0.930714 -0.327916
v 0.222603 -0.628321 0.128476
vn 0.999003 -0.0159051 -0.041725
v 0.215768 -0.627398 0.12472
vn 0.306583 -0.943077 0.128893
v 0.216857 -0.631369 0.117241
vn 0.467792 -0.193797 -0.86233
v 0.206705 -0.632296 0.115304
vn 0.302307 0.0261106 -0.952853
v 0.196234 -0.640233 0.116249
vn 0.247375 -0.956505 -0.154607
v 0.199184 -0.635982 0.114101
vn 0.0346618 0.0525136 -0.998018
v 0.192634 -0.638559 0.112954
vn -0.195189 0.167388 -0.966376
v 0.169697 -0.658262 0.143064
vn -0.673727 -0.386314 -0.629964
v 0.0941897 -0.736205 0.259609
vn -0.880853 -0.121753 0.457465
v -0.33989 -0.673396 -0.0821772
vn -0.910968 0.17391 -0.374023
v -0.345207 -0.71353 -0.0258849
vn -0.989122 0.0742896 0.126961
v -0.325905 -0.721554 -0.0066485
vn -0.133989 -0.641068 0.755697
v -0.274307 -0.709547 -0.0405882
vn 0.882683 -0.0198191 0.46955
v -0.216041 -0.675189 -0.120002
vn 0.703506 -0.585042 0.403491
v -0.171719 -0.653835 -0.167951
vn 0.903685 0.0975666 0.416935
v -0.205636 -0.64116 -0.209745
vn -0.0738674 -0.920772 -0.383043
v -0.207927 -0.638591 -0.208353
vn 0.194166 0.364118 -0.910888
v -0.233735 -0.640539 -0.204308
vn -0.455879 -0.127288 -0.880893
v -0.277378 -0.663781 -0.150291
vn -0.227475 -0.905721 -0.357665
v -0.288667 -0.662644 -0.14257
vn -0.625153 -0.175147 -0.760596
v -0.255184 -0.704552 -0.0458446
vn 0.739999 -0.483558 0.467519
v -0.243204 -0.688593 -0.0758383
vn 0.802806 -0.582137 0.128913
v -0.179438 -0.660795 -0.157149
vn 0.809254 -0.135502 0.571619
v -0.168342 -0.645474 -0.20132
vn 0.673861 0.202321 -0.710617
v -0.236044 -0.630406 -0.203237
vn -0.805816 0.174342 -0.56592
v -0.220083 -0.637346 -0.210494
vn -0.0426755 -0.75966 -0.648919
v -0.266223 -0.63936 -0.158915
vn -0.682361 -0.249346 -0.687176
v -0.341546 -0.720951 -0.00891125
vn -0.720801 -0.288452 0.63027
v -0.312617 -0.725507 -0.00248864
vn -0.00958831 -0.699117 0.714943
v 0.090997 -0.722687 0.229539
vn -0.865132 -0.085309 -0.494236
v 0.0934016 -0.732656 0.24849
vn -0.796725 -0.373113 0.475411
v 0.127471 -0.713295 0.254767
vn 0.164252 0.158488 0.973603
v 0.150712 -0.697945 0.246313
vn 0.678181 0.0612514 0.732338
v 0.18508 -0.643954 0.178104
vn 0.448915 0.324303 0.832648
v 0.132274 -0.68697 0.173783
vn -0.346618 -0.234605 -0.908194
v 0.108157 -0.702301 0.190375
vn -0.78845 0.315386 -0.52809
v 0.0981913 -0.709674 0.197931
vn -0.776045 0.46603 -0.424936
v 0.0968444 -0.714327 0.212476
vn -0.786659 -0.531899 -0.31345
v 0.221303 -0.625378 0.158135
vn 0.706735 0.18455 0.682984
v 0.218776 -0.61571 0.146655
vn 0.982923 0.167344 0.0765382
v 0.221266 -0.616295 0.138571
vn 0.985638 0.119815 -0.119002
v 0.218973 -0.620186 0.120936
vn 0.817662 -0.135113 -0.559619
v 0.201332 -0.624097 0.11639
vn 0.506185 -0.367734 -0.780095
v 0.17032 -0.650576 0.132522
vn -0.515808 -0.521231 -0.679898
v 0.0761471 -0.72638 0.239708
vn -0.779362 -0.532307 -0.330521
v -0.226951 -0.683675 -0.102585
vn 0.707295 -0.66829 0.230483
v -0.193277 -0.630913 -0.202473
vn 0.533888 0.269853 -0.801338
v 0.183484 -0.643408 0.184608
vn 0.911442 -0.298858 0.282769
v 0.216335 -0.612736 0.129427
vn 0.9895 -0.117 0.0848523
v -0.281043 -0.711809 -0.00831124
vn 0.801194 -0.093081 0.591121
v -0.214759 -0.626624 -0.206263
vn 0.03834 0.429666 -0.902174
v -0.228029 -0.626109 -0.209581
vn -0.479105 0.50496 -0.717965
v -0.301834 -0.650953 -0.129503
vn -0.625219 -0.200481 -0.75426
v -0.301054 -0.717445 0.000422067
vn 0.379322 -0.41155 0.828698
v 0.136711 -0.705561 0.253107
vn 0.293388 0.0428072 0.955035
v 0.163998 -0.680421 0.220515
vn 0.892491 -0.0810874 0.443717
v 0.170852 -0.657762 0.206991
vn 0.928128 -0.038334 0.370283
v 0.206985 -0.618648 0.122195
vn 0.265307 -0.116686 -0.957077
v 0.119606 -0.69369 0.179887
vn -0.383763 -0.425115 -0.819758
v -0.171954 -0.639787 -0.175685
vn 0.995303 0.0229976 0.0940356
v -0.183293 -0.639749 -0.195936
vn 0.501403 0.551196 -0.666917
v -0.20442 -0.625949 -0.202742
vn 0.185854 0.212779 -0.959262
v -0.238695 -0.632193 -0.186724
vn -0.78863 0.0406633 -0.613522
v -0.31638 -0.66208 -0.112602
vn -0.838922 0.384658 -0.38503
v -0.341356 -0.69738 -0.0465616
vn -0.889906 -0.352112 -0.289972
v -0.347825 -0.703677 -0.0237043
vn -0.989399 -0.13219 0.0601356
v 0.155743 -0.679338 0.237451
vn 0.474496 0.485052 0.73456
v 0.197626 -0.628819 0.11733
vn 0.199883 -0.126342 -0.97164
v 0.161251 -0.649066 0.138995
vn -0.262242 -0.756204 -0.599487
v 0.0801626 -0.72456 0.251253
vn -0.623257 -0.318115 0.714391
v 0.110125 -0.721049 0.260697
vn 0.278166 -0.0622817 0.958512
v -0.239119 -0.690487 -0.0608816
vn 0.851465 -0.305506 0.426231
v -0.169773 -0.641631 -0.191615
vn 0.896932 0.391437 -0.205647
v -0.27701 -0.636198 -0.152715
vn -0.557623 -0.312712 -0.768939
v -0.295856 -0.713166 -0.00640475
vn 0.453307 -0.455854 0.76597
v 0.167362 -0.670472 0.227719
vn 0.870116 0.0777531 0.486676
v 0.0968961 -0.722886 0.263017
vn -0.30365 0.233939 0.923617
v -0.232713 -0.680576 -0.0834827
vn 0.720659 -0.635029 0.278188
v -0.217066 -0.673248 -0.111211
vn 0.481519 -0.876019 -0.027022
v -0.340624 -0.706553 -0.0125307
vn -0.792085 0.26257 0.551052
v -0.328368 -0.715517 0.00112016
vn -0.280077 -0.466418 0.839054
v -0.314624 -0.714003 -0.000854294
vn -0.0502501 -0.13283 0.989864
v 0.203206 -0.630616 0.167272
vn 0.193902 0.404452 0.893768
v 0.148656 -0.65961 0.157285
vn -0.0477109 -0.668069 -0.742568
v 0.0923884 -0.724479 0.253629
vn -0.697066 -0.0329217 0.716251
v -0.27458 -0.703726 -0.0297741
vn 0.855389 -0.253441 0.451749
v -0.25884 -0.69517 -0.0480906
vn 0.571026 0.302549 0.763147
v -0.196535 -0.659824 -0.137904
vn 0.646448 -0.705538 0.29038
v -0.341221 -0.685448 -0.0656639
vn -0.903043 -0.325203 -0.280635
v -0.348932 -0.697161 -0.0337486
vn -0.997076 -0.0164635 -0.0746174
v -0.33475 -0.709457 -0.00625631
vn -0.651025 0.336277 0.680503
v 0.217133 -0.617252 0.16095
vn 0.28206 0.548731 0.786979
v 0.190284 -0.630921 0.115438
vn -0.41353 -0.0194832 -0.910282
v -0.255096 -0.630361 -0.186667
vn -0.565744 -0.353678 -0.744879
v 0.140146 -0.692145 0.250704
vn 0.307499 0.303443 0.901869
v 0.12961 -0.67772 0.166808
vn 0.0538178 -0.604675 -0.794652
v 0.108359 -0.701002 0.20927
vn -0.705931 -0.102967 -0.700756
v 0.0835385 -0.707602 0.210265
vn -0.705802 -0.0208917 -0.708101
v 0.0854123 -0.716745 0.226265
vn -0.622955 -0.714607 -0.31822
v 0.117158 -0.706602 0.257324
vn -0.131264 0.38662 0.91285
v -0.18112 -0.654748 -0.151431
vn 0.879624 -0.411033 0.239403
v -0.342998 -0.678176 -0.0638357
vn -0.912791 0.399655 -0.0841944
v 0.195666 -0.626276 0.161984
vn 0.5287 0.236609 0.815164
v 0.109549 -0.69064 0.18641
vn -0.73019 -0.319064 -0.60417
v -0.275683 -0.695581 -0.0158398
vn 0.864227 -0.0639292 0.499023
v -0.264657 -0.690862 -0.0424625
vn 0.788226 -0.34075 0.512434
v -0.183311 -0.626385 -0.189283
vn 0.685428 0.511968 -0.517761
v -0.323923 -0.708306 0.00527636
vn -0.0475802 0.413085 0.909449
v -0.302716 -0.703138 0.00214102
vn 0.147101 0.251862 0.956518
v 0.119078 -0.67874 0.166937
vn -0.654479 -0.208677 -0.726713
v 0.0851166 -0.709648 0.224927
vn -0.959805 0.22464 -0.168261
v -0.193109 -0.665449 -0.12095
vn 0.660824 -0.714861 0.228658
v -0.268522 -0.628772 -0.170405
vn -0.670837 -0.296165 -0.6799
v -0.319312 -0.661339 -0.100078
vn -0.729272 0.682251 -0.0519196
v -0.330424 -0.672821 -0.0757051
vn -0.671052 0.718991 -0.180942
v -0.341197 -0.701431 -0.0187471
vn -0.562637 0.604274 0.564174
v 0.161695 -0.666638 0.222431
vn 0.180106 0.599372 0.779945
v 0.180903 -0.643802 0.196521
vn 0.864481 -0.142676 0.481992
v 0.183071 -0.641676 0.186328
vn 0.901098 -0.307369 0.305854
v 0.0979391 -0.718595 0.256863
vn -0.461465 0.786532 0.410386
v -0.233521 -0.675438 -0.073493
vn 0.76622 -0.370483 0.525024
v -0.179806 -0.64219 -0.166828
vn 0.96544 -0.0217804 0.259715
v -0.299353 -0.64004 -0.140494
vn -0.840682 0.284241 -0.460934
v -0.304218 -0.645743 -0.114793
vn -0.740104 0.672221 0.0190989
v -0.34274 -0.690975 -0.0293661
vn -0.576596 0.643815 0.50303
v -0.28738 -0.696729 -0.00884595
vn 0.253461 0.536582 0.804883
v 0.16838 -0.64492 0.123973
vn -0.199715 -0.476973 -0.855927
v 0.0769979 -0.714533 0.242206
vn -0.762863 0.639441 0.0956784
v 0.0841633 -0.715987 0.250151
vn -0.246 0.532985 0.809574
v -0.212937 -0.664078 -0.100085
vn 0.786135 -0.455253 0.418015
v -0.206006 -0.61871 -0.204992
vn 0.0906745 0.28353 -0.954667
v -0.224485 -0.62012 -0.19732
vn -0.323744 0.482916 -0.813622
v -0.243993 -0.621364 -0.186024
vn -0.553933 0.117764 -0.82419
v -0.279444 -0.632105 -0.153038
vn -0.633653 -0.391577 -0.667197
v -0.342786 -0.680003 -0.0479934
vn -0.632333 0.701305 0.329131
v -0.325203 -0.699008 -0.00588347
vn -0.376194 0.667549 0.642538
v -0.311639 -0.701082 -0.00716935
vn -0.0948867 0.550432 0.829471
v 0.142815 -0.678565 0.238645
vn -0.0304725 0.844395 0.534853
v 0.132078 -0.688107 0.251858
vn -0.122074 0.790857 0.599702
v 0.142831 -0.675342 0.223609
vn 0.444116 0.229293 0.866133
v 0.19149 -0.629776 0.179427
vn 0.897672 -0.30829 0.314869
v 0.212875 -0.613855 0.112147
vn 0.451845 -0.548209 -0.703778
v 0.221863 -0.605995 0.118699
vn 0.788627 -0.356027 -0.501311
v 0.201435 -0.618327 0.109804
vn 0.0836371 -0.372858 -0.924111
v 0.141854 -0.658478 0.150709
vn -0.0543463 -0.706401 -0.705723
v 0.0966869 -0.689626 0.191577
vn -0.828162 -0.07668 -0.555219
v -0.177769 -0.646452 -0.142451
vn 0.961328 -0.190862 0.198544
v 0.185917 -0.633268 0.18763
vn 0.905965 -0.416063 0.0782208
v 0.121464 -0.693311 0.252559
vn -0.3328 0.395362 0.856115
v -0.267878 -0.681372 -0.0300711
vn 0.60813 0.250922 0.753137
v -0.200089 -0.657838 -0.117446
vn 0.808755 -0.150815 0.568481
v -0.187027 -0.653107 -0.134035
vn 0.814695 -0.351984 0.460846
v -0.178503 -0.631038 -0.18274
vn 0.768816 0.390986 -0.506017
v -0.266926 -0.62626 -0.169698
vn -0.466132 -0.404202 -0.786982
v -0.283469 -0.623929 -0.15246
vn -0.742755 -0.267719 -0.613712
v -0.292436 -0.638267 -0.124734
vn -0.933099 -0.0633345 -0.354
v -0.336386 -0.66637 -0.069101
vn -0.684406 0.722971 -0.0943494
v -0.334821 -0.671188 -0.056655
vn -0.632601 0.694125 0.343521
v -0.330753 -0.688385 -0.0241419
vn -0.608903 0.635387 0.47489
v 0.157033 -0.662796 0.223953
vn 0.64028 -0.019507 0.767894
v 0.1879 -0.634427 0.198684
vn 0.694138 0.288485 0.659506
v 0.0863105 -0.695906 0.212668
vn -0.857041 0.320549 -0.403398
v 0.0936496 -0.717696 0.245746
vn -0.340109 0.48484 0.805764
v -0.205917 -0.656452 -0.0917928
vn 0.766408 -0.479894 0.42699
v -0.189486 -0.620743 -0.194123
vn 0.777472 0.366024 -0.511433
v -0.195542 -0.615168 -0.200669
vn 0.536538 0.4066 -0.739462
v -0.212626 -0.611696 -0.199421
vn -0.170745 0.457935 -0.872434
v -0.277605 -0.620852 -0.167732
vn -0.594773 -0.587102 -0.549141
v -0.291008 -0.630666 -0.141134
vn -0.802437 -0.273079 -0.530588
v -0.315712 -0.65632 -0.0917046
vn -0.634485 0.74718 -0.197865
v 0.174142 -0.643127 0.197099
vn 0.53167 0.176302 0.828399
v 0.216979 -0.604649 0.131728
vn 0.91626 -0.282375 0.284135
v 0.192814 -0.621953 0.116973
vn 0.0356277 -0.490943 -0.870463
v 0.12485 -0.665843 0.169864
vn -0.809275 0.333054 -0.48389
v 0.0879521 -0.708124 0.245486
vn -0.67656 0.5464 0.493674
v 0.112078 -0.687583 0.240158
vn -0.213712 0.925048 0.314027
v -0.301386 -0.696331 -0.00585124
vn 0.199212 0.636747 0.744894
v -0.232095 -0.664863 -0.0659708
vn 0.753695 -0.261054 0.603155
v -0.246105 -0.61398 -0.188639
vn -0.357061 -0.304877 -0.882926
v -0.271129 -0.615232 -0.17283
vn -0.350304 -0.587206 -0.729709
v 0.138257 -0.67774 0.238976
vn 0.418239 -0.0598525 0.906363
v 0.164816 -0.651578 0.219565
vn 0.557143 0.360731 0.747974
v 0.180227 -0.627815 0.196997
vn 0.415364 0.145743 0.897904
v 0.0920077 -0.687329 0.203758
vn -0.856934 -0.0219151 -0.51496
v 0.0913403 -0.710891 0.226168
vn -0.774804 0.610183 0.165399
v 0.128751 -0.684359 0.231829
vn -0.312017 0.844593 0.435096
v -0.252825 -0.670276 -0.040255
vn 0.664802 -0.0113866 0.746933
v -0.179191 -0.63616 -0.149021
vn 0.998076 -0.0173184 0.0595282
v -0.297857 -0.645358 -0.0974432
vn -0.942106 0.332489 0.0434399
v -0.315147 -0.654992 -0.0768417
vn -0.4682 0.867397 0.168555
v -0.325591 -0.665601 -0.0557704
vn -0.403523 0.878955 0.254179
v 0.19204 -0.620206 0.177474
vn 0.794397 0.0460088 0.605654
v 0.208227 -0.606101 0.15303
vn 0.831801 -0.415474 0.368089
v -0.197954 -0.646943 -0.109148
vn 0.741422 -0.587882 0.323557
v -0.176727 -0.629563 -0.155018
vn 0.905393 -0.35444 0.233744
v -0.170477 -0.624983 -0.174143
vn 0.997892 -0.0152547 -0.063085
v -0.202765 -0.608297 -0.196921
vn 0.19319 0.457312 -0.868069
v -0.231536 -0.608903 -0.196129
vn -0.346701 -0.0698699 -0.93537
v -0.257758 -0.609702 -0.187665
vn -0.486746 -0.281026 -0.827105
v -0.309638 -0.631279 -0.122439
vn -0.925691 -0.242594 -0.290248
v -0.303236 -0.639675 -0.112006
vn -0.950102 0.0953767 0.297
v -0.323534 -0.669331 -0.0356081
vn -0.258968 0.840465 0.475976
v -0.324251 -0.685593 -0.0147146
vn -0.429196 0.631298 0.645952
v -0.317993 -0.696587 -0.0129655
vn -0.230257 0.28508 0.930436
v 0.21814 -0.604138 0.147976
vn 0.661386 0.34452 0.666239
v 0.138918 -0.648068 0.146456
vn -0.872084 0.31555 -0.374029
v 0.0937134 -0.689116 0.213171
vn -0.673187 0.666332 0.320657
v -0.267401 -0.667222 -0.0421747
vn 0.082673 0.641593 0.762577
v -0.291467 -0.685397 -0.0230789
vn 0.222901 0.751268 0.621218
v -0.291785 -0.607338 -0.175255
vn -0.764923 -0.304038 -0.56785
v -0.286565 -0.614516 -0.159634
vn -0.835928 -0.424014 -0.348476
v -0.306937 -0.647658 -0.0752582
vn -0.486373 0.858685 0.161559
v -0.305624 -0.687592 -0.00621529
vn 0.0909303 0.463525 0.881406
v 0.109323 -0.67824 0.196413
vn -0.823191 0.495296 -0.277558
v 0.10544 -0.689861 0.244111
vn -0.482564 0.702467 0.523136
v 0.129452 -0.676409 0.232386
vn -0.797789 -0.150152 0.583942
v -0.300119 -0.609954 -0.138738
vn -0.858963 -0.225481 -0.459719
v -0.298123 -0.647283 -0.0856866
vn -0.714163 0.699948 -0.00668528
v -0.308152 -0.65605 -0.0658786
vn -0.237467 0.856592 0.458104
v 0.1723 -0.637097 0.202926
vn 0.664176 0.221641 0.713965
v 0.210152 -0.60379 0.15812
vn 0.759418 -0.458928 0.46116
v 0.235291 -0.598015 0.120351
vn 0.95662 -0.26895 -0.112
v 0.178581 -0.624583 0.115978
vn 0.012316 -0.655737 -0.754889
v 0.116864 -0.660629 0.180432
vn -0.808759 0.437482 -0.393088
v 0.14003 -0.661535 0.235382
vn 0.760823 -0.203711 0.616158
v -0.273504 -0.610452 -0.17807
vn -0.1969 -0.173248 -0.964995
v -0.317191 -0.680978 -0.0247448
vn 0.0432939 0.908299 0.416075
v -0.316037 -0.677904 -0.0127939
vn -0.0365784 0.817082 0.57536
v 0.15199 -0.637717 0.12571
vn -0.53331 -0.468509 -0.704329
v 0.101813 -0.675979 0.202253
vn -0.570441 0.740117 0.356124
v 0.103476 -0.689655 0.231056
vn -0.521073 0.821052 0.233145
v -0.221999 -0.653213 -0.0791625
vn 0.663222 -0.163196 0.730413
v -0.187844 -0.64308 -0.120385
vn 0.821342 -0.455776 0.343025
v -0.175454 -0.613871 -0.176503
vn 0.774275 0.0758421 -0.628288
v -0.298308 -0.613865 -0.121229
vn -0.976809 -0.0405125 0.210244
v -0.238352 -0.657372 -0.0623437
vn 0.724934 0.194189 0.66088
v -0.186761 -0.617177 -0.183368
vn 0.580648 0.247264 -0.775698
v -0.23372 -0.603985 -0.193689
vn -0.0544071 0.34761 -0.936059
v -0.251212 -0.604124 -0.189255
vn -0.493616 0.346559 -0.797647
v -0.266871 -0.607182 -0.174624
vn -0.32682 0.321453 -0.888739
v -0.291564 -0.596189 -0.162042
vn -0.908889 -0.191576 -0.37043
v -0.284247 -0.666507 -0.0350614
vn 0.037143 0.735296 0.676727
v 0.126662 -0.679412 0.225806
vn -0.6292 0.604658 0.48836
v 0.184546 -0.616311 0.178898
vn 0.364075 0.571428 0.735472
v 0.220385 -0.599039 0.108198
vn 0.631918 -0.065515 -0.772261
v 0.209005 -0.600503 0.107712
vn 0.209664 -0.0825886 -0.974279
v 0.188515 -0.62064 0.103851
vn 0.302883 -0.724162 -0.619557
v 0.147964 -0.634323 0.145993
vn -0.572461 -0.667712 -0.475867
v 0.133202 -0.651436 0.174818
vn -0.834414 0.334009 -0.438396
v 0.132829 -0.662713 0.242196
vn -0.296591 -0.129549 0.946177
v 0.152937 -0.644688 0.216522
vn 0.666383 0.227189 0.710154
v -0.208188 -0.654074 -0.0885057
vn 0.783001 -0.219746 0.581912
v -0.181685 -0.632126 -0.132402
vn 0.938559 -0.317121 0.136167
v -0.294292 -0.650969 -0.0658171
vn -0.194174 0.754256 0.627212
v -0.302397 -0.667533 -0.0491007
vn -0.046498 0.845971 0.531197
v -0.290781 -0.659667 -0.0491004
vn -0.235975 0.847141 0.476097
v 0.179629 -0.614064 0.181972
vn 0.912402 0.360769 0.19331
v -0.249382 -0.653613 -0.0502036
vn 0.261813 0.603084 0.753487
v -0.18924 -0.64127 -0.103202
vn 0.663002 -0.725796 0.183433
v -0.281412 -0.599276 -0.178145
vn -0.317031 0.002021 -0.948413
v -0.301186 -0.635176 -0.0881085
vn -0.971834 -0.136341 0.192222
v -0.296681 -0.644649 -0.0679287
vn -0.398741 0.705802 0.585533
v 0.171331 -0.614251 0.19144
vn 0.696281 -0.367654 0.61646
v 0.214191 -0.593398 0.15585
vn 0.402708 0.463013 0.789585
v 0.1103 -0.662714 0.19659
vn -0.96933 0.22309 -0.103102
v 0.116853 -0.669462 0.20321
vn -0.775288 0.223082 0.5909
v 0.11628 -0.680117 0.215685
vn -0.391304 0.83105 0.395268
v 0.124727 -0.669935 0.22589
vn -0.872394 -0.242658 0.424318
v 0.145962 -0.650377 0.237897
vn 0.693648 0.038321 0.719295
v -0.239385 -0.65116 -0.0615274
vn 0.522096 -0.279465 0.805801
v -0.203663 -0.643068 -0.0897717
vn 0.665229 -0.560171 0.493639
v -0.21934 -0.593599 -0.184725
vn -0.119215 -0.265554 -0.956697
v -0.239761 -0.597777 -0.193622
vn -0.393166 0.0167596 -0.919315
v -0.26325 -0.59758 -0.177648
vn 0.0262912 0.0588247 -0.997922
v -0.27961 -0.653573 -0.0641238
vn -0.246927 0.647545 0.720911
v -0.276373 -0.660287 -0.0479932
vn -0.0178148 0.829858 0.557691
v 0.165973 -0.631107 0.211778
vn 0.882203 -0.202715 0.425
v 0.162187 -0.630211 0.123212
vn -0.130112 -0.534703 -0.834963
v -0.197606 -0.600385 -0.194621
vn 0.6509 -0.0313852 -0.758515
v -0.242554 -0.597288 -0.186965
vn -0.533104 0.7914 -0.299144
v -0.255902 -0.599172 -0.181859
vn -0.39669 0.675769 -0.621268
v -0.294759 -0.639361 -0.0775252
vn -0.730541 0.334835 0.595143
v -0.268279 -0.651464 -0.0556303
vn -0.312501 0.359342 0.879327
v -0.259562 -0.652264 -0.0556656
vn -0.0263698 0.691708 0.721695
v -0.216817 -0.645924 -0.0753611
vn 0.481941 -0.676191 0.557224
v 0.217082 -0.596828 0.140408
vn 0.814356 -0.531667 0.232712
v 0.228132 -0.593553 0.128602
vn 0.972888 -0.14064 0.183601
v 0.19911 -0.606134 0.105826
vn 0.565178 -0.394682 -0.72443
v 0.171497 -0.626024 0.115256
vn 0.025584 -0.754062 -0.656305
v 0.116108 -0.664612 0.213707
vn -0.914841 -0.00851218 0.403725
v -0.17598 -0.623217 -0.140504
vn 0.947011 -0.298826 0.117781
v -0.173447 -0.614754 -0.163709
vn 0.999564 0.0283136 -0.00840561
v -0.211152 -0.596713 -0.192735
vn -0.177365 -0.126821 -0.97594
v -0.298986 -0.617563 -0.106117
vn -0.919377 -0.3052 -0.248193
v -0.192763 -0.639133 -0.0983097
vn 0.496843 -0.821205 0.28066
v 0.124463 -0.646212 0.179313
vn 0.133448 -0.952929 -0.272245
v 0.115358 -0.656112 0.187846
vn -0.639208 -0.145646 -0.755116
v 0.129092 -0.658754 0.234992
vn -0.849974 0.249552 0.46397
v -0.177941 -0.631459 -0.12109
vn 0.974406 0.030882 0.222665
v -0.173348 -0.602758 -0.179128
vn 0.650524 0.336992 -0.680628
v -0.232422 -0.600084 -0.194881
vn 0.424243 -0.186758 -0.886081
v -0.290594 -0.581236 -0.163572
vn -0.8388 -0.0989779 -0.535367
v -0.303574 -0.620146 -0.0939978
vn -0.987398 -0.13632 0.080384
v 0.152919 -0.640327 0.22107
vn 0.64341 -0.0263562 0.765068
v 0.185542 -0.612381 0.189667
vn 0.885442 -0.167493 -0.433519
v 0.225567 -0.595704 0.146646
vn 0.881492 -0.211094 0.422388
v 0.125724 -0.649819 0.154513
vn 0.213048 -0.92953 -0.300972
v 0.113656 -0.660082 0.20363
vn -0.968569 0.144727 0.202307
v 0.137647 -0.651177 0.242195
vn -0.102196 0.0446078 0.993764
v -0.284791 -0.641889 -0.0686557
vn -0.367351 0.518334 0.772259
v -0.252983 -0.647688 -0.0568503
vn 0.113189 -0.231763 0.966165
v 0.187502 -0.606243 0.19503
vn 0.920586 -0.371947 -0.119066
v 0.193463 -0.6017 0.166495
vn 0.130572 0.637133 0.759613
v 0.19353 -0.613503 0.107651
vn 0.241765 -0.81389 -0.52833
v 0.148997 -0.631752 0.124253
vn -0.662598 -0.399788 -0.63335
v 0.119217 -0.645508 0.167758
vn -0.858526 -0.22796 -0.459311
v 0.113267 -0.652985 0.191687
vn -0.983018 0.182517 -0.0190746
v -0.183829 -0.629942 -0.0896759
vn 0.96651 -0.151984 0.206785
v -0.278771 -0.589494 -0.179992
vn -0.326614 -0.0793133 -0.941824
v -0.265762 -0.589914 -0.180018
vn 0.181939 -0.101816 -0.978024
v -0.309417 -0.600683 -0.133167
vn -0.852068 -0.454361 -0.259877
v -0.277124 -0.64136 -0.0606941
vn -0.597991 0.291903 0.746458
v -0.190661 -0.633987 -0.0817602
vn 0.59955 -0.619462 0.50676
v 0.16634 -0.620468 0.215192
vn 0.816507 -0.0654943 0.573609
v 0.180893 -0.603389 0.169954
vn 0.690591 0.286672 0.664006
v 0.142195 -0.627785 0.136819
vn 0.274826 -0.903734 -0.32823
v 0.119553 -0.655177 0.210887
vn -0.911659 0.0838998 0.402292
v -0.177938 -0.622306 -0.131204
vn 0.929773 -0.0829468 0.358667
v -0.173148 -0.600405 -0.165038
vn 0.905302 0.418098 -0.074986
v -0.233303 -0.589144 -0.196618
vn 0.113043 -0.763214 -0.63618
v -0.240721 -0.591591 -0.173457
vn -0.228835 0.419029 -0.878663
v -0.305042 -0.580556 -0.14552
vn -0.822448 -0.183716 -0.538357
v -0.240868 -0.639293 -0.0544901
vn 0.169204 -0.248668 0.953695
v -0.224049 -0.63715 -0.0635054
vn 0.402157 -0.457333 0.793169
v 0.163851 -0.627724 0.223776
vn 0.519249 -0.0996469 0.848794
v 0.178224 -0.604147 0.183763
vn 0.970375 -0.121185 -0.209013
v 0.178622 -0.616415 0.101579
vn -0.337573 -0.529581 -0.778196
v 0.132355 -0.632665 0.128358
vn -0.617197 -0.0557601 -0.784831
v 0.131089 -0.636063 0.147861
vn -0.938786 0.179232 -0.294205
v -0.191382 -0.627292 -0.114286
vn 0.925062 0.371315 0.0799029
v -0.172537 -0.61273 -0.158528
vn 0.991884 -0.114605 -0.0550605
v -0.194328 -0.603042 -0.182727
vn 0.691779 0.313104 -0.650698
v -0.234146 -0.590081 -0.196886
vn -0.95416 0.28859 -0.0793334
v -0.255412 -0.588458 -0.17473
vn 0.243592 -0.125477 -0.961727
v -0.308484 -0.596845 -0.117735
vn -0.851032 -0.515626 -0.0993744
v -0.294373 -0.621968 -0.0850568
vn -0.260723 0.583009 0.769496
v -0.26223 -0.642572 -0.0559209
vn -0.180357 -0.00997598 0.983551
v 0.229219 -0.588432 0.13666
vn 0.793935 0.154331 0.58809
v 0.217732 -0.587484 0.113885
vn 0.559877 0.435642 -0.704808
v 0.115867 -0.64374 0.17927
vn -0.992881 0.108687 -0.04872
v -0.170128 -0.612281 -0.145638
vn 0.97696 -0.165384 0.134899
v -0.209656 -0.595557 -0.200892
vn -0.13858 -0.741448 -0.656544
v -0.284596 -0.58261 -0.173963
vn -0.738046 -0.225778 -0.635855
v -0.289688 -0.618046 -0.092409
vn -0.510178 0.457723 0.728154
v 0.13506 -0.645889 0.235681
vn 0.482775 0.406854 0.775499
v 0.192778 -0.611731 0.0922883
vn 0.279837 -0.225736 -0.933132
v 0.152968 -0.624692 0.130158
vn -0.608725 0.243878 -0.754969
v 0.132067 -0.650416 0.228341
vn -0.853151 -0.179634 0.489761
v -0.220896 -0.589031 -0.203554
vn -0.0967551 -0.865108 -0.492165
v -0.271658 -0.633758 -0.0606153
vn -0.547842 0.434094 0.715144
v 0.145586 -0.628778 0.224523
vn 0.330956 0.306637 0.892436
v 0.173725 -0.612928 0.211958
vn 0.835344 -0.474741 0.277166
v 0.189268 -0.596188 0.199264
vn 0.918936 -0.336044 -0.206471
v 0.189322 -0.60829 0.204374
vn 0.51303 -0.796692 0.319501
v 0.209458 -0.587598 0.149233
vn 0.444175 0.610199 0.656023
v 0.211062 -0.593068 0.10861
vn 0.27696 0.316377 -0.907303
v 0.170601 -0.612021 0.106105
vn -0.706976 0.437691 -0.555528
v 0.126175 -0.627595 0.158234
vn -0.904053 -0.0971883 -0.416223
v 0.119519 -0.633725 0.187887
vn -0.992684 0.120023 0.0131581
v -0.184144 -0.620077 -0.12279
vn 0.857021 -0.020059 0.514891
v -0.198249 -0.586764 -0.201942
vn 0.566977 0.450129 -0.689871
v -0.23075 -0.584472 -0.208232
vn -0.507679 0.153408 -0.847778
v -0.231614 -0.58713 -0.181479
vn -0.946608 0.270172 -0.175901
v -0.232343 -0.631407 -0.0601982
vn 0.29523 -0.457443 0.8388
v 0.116701 -0.630127 0.172696
vn -0.962075 0.0936193 -0.256218
v 0.11624 -0.634218 0.200421
vn -0.999452 0.0114889 -0.0310528
v 0.129968 -0.646066 0.227787
vn -0.904001 -0.342043 0.256495
v 0.128839 -0.648783 0.248165
vn -0.768888 -0.416401 0.485202
v -0.183619 -0.623572 -0.0955129
vn 0.96015 -0.194591 -0.200616
v -0.187045 -0.598152 -0.175174
vn 0.526259 0.394442 -0.753304
v -0.315033 -0.590268 -0.127109
vn -0.973894 -0.121421 -0.191801
v -0.216212 -0.623405 -0.0547901
vn 0.327675 -0.581675 0.744502
v 0.185059 -0.591231 0.173519
vn 0.950609 -0.280595 0.132698
v 0.203363 -0.585908 0.150163
vn 0.445301 0.317669 0.837134
v 0.23019 -0.584036 0.129025
vn 0.772657 0.511819 -0.375556
v 0.134611 -0.623459 0.141612
vn -0.853321 0.103285 -0.511053
v 0.113182 -0.640517 0.213559
vn -0.851564 -0.409107 0.327826
v -0.174852 -0.603673 -0.135182
vn 0.839544 0.130368 0.527418
v -0.174942 -0.606847 -0.151922
vn 0.933161 0.265438 -0.242392
v -0.191008 -0.593519 -0.182375
vn 0.943058 0.120444 -0.310056
v -0.217349 -0.586012 -0.200227
vn 0.482575 0.574785 -0.660866
v -0.22049 -0.579052 -0.207777
vn 0.448691 0.388679 -0.804739
v -0.234176 -0.575973 -0.197611
vn -0.948557 0.253989 -0.189024
v -0.273265 -0.573739 -0.181696
vn 0.0254693 -0.0803591 -0.996441
v -0.202015 -0.627669 -0.0685692
vn 0.545724 -0.546651 0.635105
v 0.154847 -0.617007 0.220772
vn 0.377064 -0.529472 0.759923
v 0.180855 -0.606697 0.101976
vn -0.512247 0.545276 -0.663534
v 0.149884 -0.617451 0.127709
vn -0.508341 0.152977 -0.847459
v 0.12691 -0.637616 0.228773
vn -0.760503 -0.598869 0.250981
v -0.264057 -0.581369 -0.177097
vn 0.178523 -0.125555 -0.975892
v -0.312208 -0.595011 -0.113491
vn -0.689855 0.30247 0.657733
v -0.246641 -0.615379 -0.0516287
vn -0.287302 0.655963 0.697976
v 0.184937 -0.58891 0.164471
vn 0.792581 -0.203822 0.574693
v 0.200436 -0.594885 0.104253
vn 0.506103 0.198932 -0.839218
v 0.165659 -0.608379 0.120018
vn -0.589625 0.299429 -0.750123
v -0.187113 -0.614612 -0.110155
vn 0.981 -0.19393 -0.00554102
v -0.182538 -0.607223 -0.119536
vn 0.883135 0.184285 0.431407
v -0.281594 -0.570846 -0.179273
vn -0.41255 -0.199439 -0.888835
v -0.265788 -0.622142 -0.0669283
vn -0.452994 0.68253 0.573541
v -0.184347 -0.616465 -0.0839849
vn 0.782064 -0.441152 0.440183
v 0.175279 -0.598073 0.215955
vn 0.483849 -0.718826 0.499179
v 0.190332 -0.593541 0.190886
vn 0.81243 -0.458012 -0.360809
v 0.181757 -0.590242 0.180105
vn 0.765792 -0.495778 -0.409593
v 0.190902 -0.600188 0.102091
vn -0.40837 0.584875 -0.700825
v 0.113998 -0.643447 0.212162
vn -0.861501 -0.436745 0.258979
v 0.121117 -0.633773 0.233238
vn -0.85808 -0.452479 0.24282
v -0.168159 -0.598726 -0.145399
vn 0.918365 0.394356 0.0330065
v -0.181799 -0.592924 -0.157939
vn 0.844255 0.465263 -0.266015
v -0.301491 -0.596581 -0.106177
vn -0.394999 0.440736 0.806057
v -0.311558 -0.587029 -0.11317
vn -0.33189 0.540266 0.77328
v -0.291813 -0.603039 -0.0947116
vn -0.223778 0.684168 0.694145
v -0.236759 -0.620559 -0.0494064
vn 0.0927659 0.264646 0.959873
v 0.218818 -0.581972 0.124861
vn 0.566795 0.642363 -0.515862
v -0.182554 -0.58661 -0.175674
vn 0.61889 0.724004 -0.30462
v -0.196693 -0.584864 -0.1793
vn 0.52099 0.765894 -0.376795
v -0.224825 -0.567145 -0.193129
vn -0.45455 0.706708 -0.54217
v -0.236118 -0.577752 -0.175437
vn -0.645982 -0.174663 -0.743102
v -0.293748 -0.565355 -0.176389
vn -0.800451 -0.344878 -0.490243
v 0.221311 -0.577585 0.135789
vn 0.618905 0.624393 0.47654
v 0.158224 -0.610925 0.120393
vn -0.368763 -0.555293 -0.745428
v 0.120496 -0.614284 0.15146
vn -0.91812 -0.035189 -0.394738
v 0.11451 -0.636779 0.217064
vn -0.812551 -0.508266 0.285352
v 0.132269 -0.628311 0.238014
vn 0.500957 0.116201 0.857636
v 0.135409 -0.623993 0.225038
vn 0.678147 -0.563887 0.471326
v -0.184126 -0.607375 -0.105152
vn 0.921218 -0.266931 -0.283028
v -0.21131 -0.575513 -0.190184
vn 0.71972 0.0670854 -0.691015
v -0.313135 -0.581427 -0.126478
vn -0.998426 -0.0540662 0.0149343
v -0.286266 -0.592368 -0.109832
vn -0.156422 0.590346 0.791848
v -0.271994 -0.600635 -0.0979294
vn -0.0708092 0.740578 0.668229
v -0.258943 -0.613966 -0.0830003
vn -0.165814 0.869918 0.464487
v -0.18129 -0.61549 -0.0768798
vn 0.690946 -0.0717221 0.71934
v 0.171435 -0.605218 0.226159
vn 0.584457 -0.656525 0.47685
v 0.20389 -0.583306 0.148703
vn 0.602561 0.286406 0.744911
v 0.152406 -0.603713 0.131353
vn -0.68283 -0.39147 -0.616842
v 0.13987 -0.613257 0.13504
vn -0.526231 -0.06465 -0.847881
v 0.133526 -0.616897 0.14263
vn -0.629247 -0.218041 -0.745993
v 0.121879 -0.61111 0.170802
vn -0.96127 -0.127229 -0.244486
v 0.117573 -0.630224 0.19787
vn -0.749044 -0.48128 -0.455306
v 0.119762 -0.625583 0.23524
vn -0.273583 0.266891 0.924079
v -0.179071 -0.61298 -0.0820312
vn 0.768286 -0.589761 -0.248833
v -0.183276 -0.61528 -0.0922588
vn 0.96487 -0.111424 -0.237928
v -0.186535 -0.600782 -0.116477
vn 0.994926 -0.0910704 -0.0427665
v -0.249339 -0.573902 -0.177214
vn 0.07147 -0.169999 -0.982849
v -0.296141 -0.565979 -0.164985
vn -0.880667 -0.151375 -0.4489
v -0.308206 -0.572169 -0.143518
vn -0.908304 -0.0314071 -0.41713
v -0.255061 -0.602812 -0.0910688
vn -0.54787 -0.522998 0.652925
v -0.210402 -0.614134 -0.0521622
vn 0.559647 -0.130658 0.818367
v 0.193704 -0.593612 0.217372
vn 0.762489 -0.465949 0.44889
v 0.188453 -0.577878 0.168575
vn 0.753434 -0.101536 0.649637
v 0.212582 -0.584954 0.117731
vn 0.578892 0.41921 -0.699391
v 0.117543 -0.618966 0.181534
vn -0.893152 -0.322263 -0.313728
v 0.115338 -0.634036 0.224798
vn -0.757712 -0.476479 0.445914
v -0.2766 -0.556581 -0.185166
vn 0.119677 -0.475963 -0.871284
v -0.307671 -0.582196 -0.117118
vn -0.649698 0.088742 0.754995
v -0.290544 -0.591736 -0.105997
vn -0.57054 -0.77609 0.268643
v -0.252559 -0.608115 -0.0862096
vn -0.56602 0.343818 0.749273
v -0.240494 -0.609595 -0.0769515
vn -0.249752 0.829454 0.49963
v -0.219817 -0.618375 -0.0518909
vn 0.0503883 -0.0916126 0.994519
v 0.170505 -0.599606 0.116848
vn 0.21701 -0.650833 -0.727546
v 0.10972 -0.628329 0.201072
vn -0.72659 -0.56059 -0.397249
v 0.107097 -0.626459 0.211755
vn -0.913642 -0.401399 0.0643165
v 0.1598 -0.600255 0.236072
vn 0.437674 -0.686396 0.580778
v 0.188925 -0.58087 0.170082
vn 0.681315 -0.61643 -0.394745
v -0.229086 -0.614383 -0.068616
vn -0.235026 0.875989 0.421195
v -0.186503 -0.589162 -0.132605
vn 0.839663 -0.390479 0.37748
v -0.198175 -0.585111 -0.173485
vn 0.758315 0.0551795 -0.649548
v -0.316078 -0.573995 -0.123216
vn -0.915205 0.384843 0.119561
v 0.209091 -0.573506 0.141647
vn 0.664406 0.404127 0.628685
v 0.202522 -0.588226 0.104854
vn 0.179668 0.391672 -0.902393
v 0.152461 -0.608405 0.116158
vn -0.408451 -0.62267 -0.66742
v 0.141075 -0.606254 0.131192
vn -0.540952 -0.309982 -0.781845
v 0.106341 -0.622316 0.215458
vn -0.910933 -0.0594088 0.408254
v -0.231949 -0.571068 -0.181907
vn -0.742884 0.434384 -0.509347
v -0.269498 -0.560175 -0.184285
vn 0.0801889 -0.410141 -0.90849
v -0.250134 -0.6007 -0.0824335
vn -0.287424 -0.62021 0.729882
v -0.231001 -0.600878 -0.0801215
vn -0.387168 -0.247699 0.888114
v -0.175646 -0.603983 -0.0856372
vn 0.679565 0.0763907 0.729627
v 0.143482 -0.617574 0.238476
vn 0.364569 -0.384133 0.848252
v 0.132894 -0.627009 0.240239
vn 0.253636 -0.233551 0.938681
v 0.195196 -0.575931 0.186256
vn 0.668928 -0.708314 -0.225447
v 0.202181 -0.581423 0.15183
vn 0.788071 -0.0119835 0.615468
v 0.131863 -0.603347 0.138377
vn -0.689454 0.498184 -0.525801
v -0.18021 -0.584263 -0.147174
vn 0.897319 0.330473 -0.292585
v -0.217935 -0.565521 -0.193032
vn 0.393125 0.47551 -0.786984
v -0.240398 -0.56603 -0.180404
vn -0.273269 0.383778 -0.882065
v -0.249741 -0.565018 -0.17839
vn 0.246751 -0.0627636 -0.967044
v -0.292136 -0.582483 -0.103219
vn -0.697481 -0.597413 0.395751
v -0.269241 -0.595318 -0.0827513
vn -0.412642 -0.607071 0.67911
v -0.229828 -0.602967 -0.0736535
vn -0.692031 0.471459 0.546643
v -0.223704 -0.610405 -0.0567403
vn -0.497679 0.649537 0.574819
v 0.195543 -0.585383 0.200671
vn 0.964969 -0.256924 -0.0531503
v 0.198504 -0.578502 0.194022
vn 0.802849 -0.59483 -0.0401367
v 0.191493 -0.592384 0.11361
vn -0.520516 0.404639 -0.751885
v 0.119689 -0.60476 0.163225
vn -0.863461 0.289433 -0.413115
v 0.111108 -0.620264 0.222083
vn -0.703197 0.395701 0.590707
v -0.293238 -0.553534 -0.196498
vn -0.384228 -0.231143 -0.893836
v -0.301148 -0.575091 -0.112735
vn -0.811161 -0.341333 0.474878
v -0.212749 -0.606274 -0.0576096
vn 0.470726 0.325413 0.820075
v 0.192793 -0.58806 0.110115
vn -0.226154 0.374544 -0.899206
v 0.132415 -0.5976 0.152066
vn -0.627522 0.497545 -0.598886
v 0.110606 -0.612129 0.187522
vn -0.584614 -0.650781 -0.48447
v 0.102678 -0.615349 0.193913
vn -0.797567 -0.521766 -0.302734
v 0.181066 -0.591176 0.223199
vn 0.608207 -0.662452 0.437311
v -0.183779 -0.577398 -0.164743
vn 0.882112 0.087003 -0.462935
v -0.22919 -0.558283 -0.177916
vn -0.347748 0.851993 -0.391382
v -0.30433 -0.564331 -0.137197
vn -0.68912 0.699672 0.188607
v -0.286569 -0.587508 -0.0834519
vn -0.704827 -0.62249 0.340184
v -0.280463 -0.581073 -0.0777309
vn -0.288961 -0.194088 0.93746
v -0.23338 -0.596474 -0.0709452
vn -0.398893 -0.493465 0.772902
v -0.172623 -0.605485 -0.0917575
vn 0.580597 -0.70134 -0.413556
v 0.214076 -0.568132 0.128184
vn 0.99027 0.0895831 0.106495
v 0.211729 -0.570666 0.123166
vn 0.790899 0.162174 -0.590067
v 0.205751 -0.579788 0.111146
vn 0.48907 0.38617 -0.782102
v 0.166047 -0.59285 0.106391
vn -0.0250513 -0.416565 -0.908761
v 0.126282 -0.61799 0.233919
vn -0.369288 0.557597 0.743446
v -0.182366 -0.594562 -0.116019
vn 0.57953 -0.707015 -0.405309
v -0.193921 -0.566089 -0.181599
vn 0.732526 0.174547 -0.657981
v -0.288974 -0.54015 -0.181679
vn -0.840692 -0.011309 -0.541396
v -0.269029 -0.583927 -0.0761474
vn -0.227875 0.0567049 0.972038
v -0.258354 -0.58813 -0.075075
vn -0.13385 -0.447012 0.884457
v -0.222535 -0.59956 -0.0691094
vn -0.61779 -0.203648 0.759515
v -0.164165 -0.593567 -0.102453
vn 0.858209 -0.512507 -0.0285359
v -0.169461 -0.59289 -0.100858
vn 0.496193 -0.73251 -0.466071
v 0.196681 -0.573006 0.21365
vn 0.862845 -0.444662 0.240362
v 0.207051 -0.569228 0.145766
vn 0.631141 0.447571 0.633515
v 0.207972 -0.569216 0.144506
vn 0.828449 -0.443973 0.341409
v 0.116836 -0.610342 0.171141
vn -0.499909 -0.617574 -0.607201
v 0.0982615 -0.598962 0.189496
vn -0.988422 -0.0896595 0.122404
v 0.14191 -0.610908 0.236229
vn -0.567661 0.617193 0.544824
v -0.177253 -0.591802 -0.142859
vn 0.192603 -0.843016 -0.502223
v -0.30589 -0.573163 -0.115099
vn -0.75409 0.220716 0.618573
v -0.307283 -0.566837 -0.116708
vn -0.571099 0.800421 0.182133
v -0.257723 -0.581358 -0.073953
vn -0.0571532 0.366551 0.928641
v -0.21429 -0.600318 -0.0626405
vn -0.297702 0.00243419 0.954656
v 0.191943 -0.579923 0.226556
vn 0.652731 -0.427586 0.62539
v 0.205819 -0.57391 0.113756
vn 0.461956 -0.476438 -0.748066
v 0.185816 -0.586324 0.106408
vn 0.26764 -0.497719 -0.825012
v 0.150038 -0.592695 0.113732
vn -0.765282 -0.10895 -0.634408
v 0.171139 -0.596158 0.23735
vn 0.519492 -0.403497 0.753206
v -0.191786 -0.571452 -0.163788
vn 0.804705 0.586128 -0.0943597
v -0.218877 -0.561627 -0.186875
vn -0.191388 0.882501 -0.429608
v -0.270386 -0.53974 -0.189478
vn -0.0769285 -0.375523 -0.923615
v -0.301623 -0.564256 -0.131751
vn -0.666802 0.728188 0.158487
v -0.28749 -0.575871 -0.0813505
vn -0.765939 0.268763 0.584041
v 0.198285 -0.564749 0.157831
vn 0.609503 0.609688 0.506741
v 0.143386 -0.596415 0.133712
vn -0.813239 0.564193 -0.142579
v 0.118556 -0.598673 0.172308
vn 0.356336 -0.648907 -0.672268
v 0.110643 -0.599032 0.160381
vn -0.521782 -0.561522 -0.642212
v 0.110941 -0.609081 0.209232
vn -0.544824 0.384783 0.745056
v -0.172445 -0.578765 -0.140443
vn 0.742421 0.132461 -0.656708
v -0.185858 -0.572456 -0.152388
vn 0.828685 0.259159 -0.496102
v -0.302965 -0.550027 -0.159907
vn -0.970429 0.151257 -0.188121
v -0.272891 -0.577725 -0.0795223
vn 0.185229 -0.108967 0.976635
v -0.25161 -0.567473 -0.08064
vn 0.247039 0.346504 0.904935
v -0.18978 -0.598479 -0.0781216
vn 0.488668 0.399683 0.775537
v -0.202796 -0.591546 -0.0606687
vn 0.800392 0.320138 0.506837
v -0.161345 -0.58402 -0.0945001
vn 0.519932 0.52285 0.675499
v 0.209899 -0.571291 0.189564
vn 0.728834 -0.657461 0.191169
v 0.213962 -0.564655 0.176272
vn 0.529024 -0.765148 -0.366991
v 0.192895 -0.563577 0.163518
vn 0.508986 -0.525766 -0.681545
v 0.114818 -0.589923 0.154889
vn -0.326211 -0.81183 -0.484271
v 0.132233 -0.604897 0.226969
vn -0.560642 0.354543 0.748318
v -0.167467 -0.584309 -0.139558
vn 0.721876 0.0983446 -0.684998
v -0.232731 -0.58712 -0.0722681
vn -0.391292 -0.20109 0.898027
v 0.19063 -0.561948 0.156759
vn 0.533336 -0.80755 -0.251825
v 0.193914 -0.577078 0.112014
vn 0.413948 -0.344682 -0.842521
v 0.182581 -0.577979 0.104272
vn 0.428373 -0.697211 -0.574799
v 0.0980914 -0.599609 0.179423
vn -0.876704 -0.217922 -0.428837
v 0.1025 -0.608895 0.209426
vn -0.806865 0.149798 0.571427
v 0.142903 -0.609482 0.228706
vn -0.434444 0.344024 0.83241
v -0.230234 -0.558821 -0.165669
vn 0.00115184 0.206887 -0.978364
v -0.249335 -0.552265 -0.178442
vn 0.337079 -0.646136 -0.684752
v -0.236039 -0.55472 -0.174213
vn 0.168811 -0.693495 -0.700405
v -0.26265 -0.548813 -0.19808
vn -0.0621146 -0.561446 -0.825179
v -0.295039 -0.551169 -0.155442
vn -0.690919 0.63392 0.34753
v -0.296161 -0.564512 -0.102519
vn -0.632965 0.483837 0.604365
v -0.270867 -0.571289 -0.0782139
vn -0.552626 0.614845 0.562646
v 0.210418 -0.566574 0.121199
vn 0.931359 -0.297936 -0.209296
v 0.160593 -0.586726 0.110844
vn -0.547673 0.326155 -0.770504
v 0.147018 -0.597263 0.148578
vn -0.71124 0.646342 -0.276367
v 0.122038 -0.587003 0.146509
vn 0.615548 -0.526111 -0.586778
v 0.151121 -0.596716 0.235699
vn -0.572887 0.167313 0.802376
v -0.194616 -0.562455 -0.164335
vn 0.789893 0.400544 -0.464363
v -0.209663 -0.55821 -0.184303
vn 0.49162 0.716342 -0.49514
v -0.299964 -0.533682 -0.17872
vn -0.953529 0.298214 -0.0430191
v -0.277472 -0.57103 -0.0821286
vn -0.479871 0.663896 0.573556
v -0.26846 -0.571586 -0.073651
vn 0.0232965 -0.588227 0.80836
v -0.251315 -0.569198 -0.0815919
vn 0.122434 0.372768 0.919812
v -0.218725 -0.587729 -0.05342
vn -0.366493 -0.0196512 0.930213
v -0.164124 -0.584415 -0.108129
vn 0.943993 -0.329558 -0.0163878
v 0.221477 -0.559073 0.133727
vn 0.708144 0.644847 0.287586
v 0.178705 -0.579439 0.101791
vn -0.265424 -0.294915 -0.917919
v 0.129864 -0.588093 0.159006
vn -0.775911 0.358887 -0.518808
v -0.172442 -0.574617 -0.131458
vn 0.682508 0.437409 -0.585539
v -0.162309 -0.579083 -0.129847
vn 0.930926 -0.122492 -0.344054
v -0.277004 -0.53689 -0.192895
vn -0.555583 0.226784 -0.799935
v -0.283198 -0.556404 -0.10475
vn -0.57535 0.722337 0.383668
v -0.262607 -0.569049 -0.0780215
vn 0.514139 -0.573699 0.637598
v -0.230411 -0.581946 -0.0678816
vn -0.345794 0.634404 0.691345
v -0.205082 -0.58341 -0.0851732
vn 0.682505 0.545181 0.48679
v -0.191825 -0.578093 -0.0911181
vn 0.355597 0.545394 0.75901
v -0.181699 -0.581286 -0.10755
vn 0.189876 0.82615 0.530494
v -0.161161 -0.579562 -0.0998062
vn 0.421542 0.626005 0.656064
v 0.200449 -0.557417 0.129529
vn 0.685404 0.482367 0.545475
v 0.203645 -0.568859 0.106666
vn 0.396376 -0.819654 -0.413587
v 0.191689 -0.573728 0.0951409
vn 0.318452 -0.606156 -0.728809
v 0.150267 -0.584937 0.118419
vn -0.638834 0.768811 -0.0286512
v 0.140746 -0.5831 0.149618
vn -0.413211 0.0914361 -0.906033
v 0.125848 -0.590132 0.168088
vn 0.334678 -0.432666 -0.837132
v 0.137427 -0.599874 0.231718
vn -0.480589 -0.242737 0.842682
v 0.159551 -0.589478 0.240845
vn -0.0957933 -0.0222317 0.995153
v -0.180342 -0.568235 -0.146522
vn 0.592235 -0.312799 -0.742573
v -0.178908 -0.562837 -0.146593
vn 0.963922 0.241534 -0.111871
v -0.212678 -0.556331 -0.172999
vn -0.367311 0.84821 -0.381605
v -0.291398 -0.546803 -0.138946
vn -0.840734 0.486472 0.237721
v -0.234241 -0.580216 -0.0777879
vn -0.14626 0.583923 0.798525
v 0.197386 -0.567972 0.226198
vn 0.730591 -0.664674 0.15635
v 0.216503 -0.564305 0.107166
vn 0.856897 -0.0710924 -0.510562
v 0.110753 -0.58565 0.163884
vn -0.983653 -0.106382 -0.14529
v -0.268755 -0.555522 -0.0969234
vn -0.682088 0.424101 0.59573
v -0.212151 -0.573116 -0.0620989
vn 0.123314 0.77597 0.618599
v -0.157136 -0.568309 -0.123104
vn 0.976056 0.149943 -0.157581
v -0.203518 -0.553239 -0.168556
vn 0.767685 0.00605088 -0.640798
v -0.211068 -0.555316 -0.182239
vn -0.0121314 0.639128 -0.769005
v -0.223761 -0.552657 -0.179189
vn 0.331666 -0.452284 -0.827911
v 0.11256 -0.5951 0.208909
vn -0.623899 0.159567 0.765041
v 0.199936 -0.567712 0.102206
vn 0.494988 0.367602 -0.787309
v 0.181621 -0.569934 0.0982188
vn -0.40743 0.181501 -0.895018
v 0.173075 -0.573959 0.102369
vn -0.686813 0.124692 -0.716058
v -0.2528 -0.563804 -0.0822972
vn 0.562731 -0.81852 -0.115582
v -0.211147 -0.567477 -0.0828849
vn 0.594945 0.586805 0.549272
v -0.192904 -0.57255 -0.0940106
vn 0.392934 -0.526943 0.753614
v -0.180882 -0.574873 -0.101752
vn 0.494907 -0.0481251 0.867612
v -0.167487 -0.569581 -0.11657
vn 0.638278 -0.0719525 0.766436
v -0.214575 -0.550332 -0.174389
vn -0.0611143 -0.183571 -0.981105
v -0.180315 -0.550266 -0.164653
vn 0.648855 -0.230144 -0.725273
v -0.193612 -0.552744 -0.162791
vn 0.357866 -0.378883 -0.853451
v -0.260268 -0.532599 -0.196449
vn -0.12871 -0.16981 -0.977035
v -0.237873 -0.538559 -0.20074
vn 0.499864 0.0287175 -0.865628
v -0.253922 -0.543322 -0.197052
vn 0.17545 -0.660951 -0.729631
v -0.291121 -0.536552 -0.163993
vn -0.883862 0.352664 0.307273
v -0.261147 -0.56135 -0.0750279
vn -0.849552 0.190434 0.491931
v -0.252455 -0.558587 -0.0751988
vn 0.546672 -0.836297 -0.0419142
v -0.242537 -0.563603 -0.0831699
vn -0.0960057 0.662709 0.742698
v -0.223428 -0.580364 -0.0689555
vn -0.437022 0.598187 0.671702
v 0.108272 -0.582796 0.173759
vn -0.90056 0.228414 -0.369891
v 0.208701 -0.557172 0.213821
vn 0.717524 -0.681146 0.145599
v 0.212241 -0.558357 0.118009
vn 0.86694 0.496996 0.0375366
v 0.222511 -0.555544 0.182454
vn 0.9013 -0.432949 0.0145978
v 0.216139 -0.554593 0.158957
vn 0.387015 -0.843354 -0.372791
v 0.199179 -0.554868 0.142799
vn 0.512123 -0.857888 0.0419264
v 0.194324 -0.56322 0.0974202
vn 0.158241 0.65093 -0.742462
v 0.167587 -0.575331 0.114855
vn -0.803763 0.532936 -0.264469
v 0.159419 -0.574025 0.1251
vn -0.916455 -0.0180555 -0.39973
v 0.156108 -0.579989 0.143135
vn -0.387814 -0.675543 -0.62709
v 0.1377 -0.589039 0.152348
vn -0.474596 -0.75536 -0.451873
v 0.130028 -0.58657 0.15869
vn -0.258252 -0.602221 -0.755405
v 0.120663 -0.57412 0.145864
vn 0.605035 -0.379191 -0.700105
v 0.105246 -0.590907 0.204543
vn -0.63329 0.289614 0.717681
v 0.149429 -0.590547 0.234296
vn -0.157117 0.0415172 0.986707
v -0.203461 -0.560623 -0.0861237
vn 0.286639 0.502954 0.815399
v -0.179762 -0.566793 -0.0944235
vn 0.476827 -0.677267 0.560308
v -0.164072 -0.569548 -0.108053
vn 0.740889 0.22779 0.631819
v -0.238721 -0.545048 -0.188221
vn 0.262282 -0.763803 -0.589757
v -0.281848 -0.548872 -0.108105
vn -0.834981 0.336571 0.435346
v 0.219766 -0.550472 0.161044
vn 0.814751 -0.537569 -0.217257
v 0.209036 -0.557796 0.116839
vn -0.0803324 0.916669 -0.391489
v 0.167962 -0.569338 0.109244
vn -0.787263 -0.0391603 -0.615372
v 0.0974997 -0.581965 0.184985
vn -0.784407 0.146698 -0.602648
v 0.100782 -0.578639 0.189805
vn -0.913983 -0.0381476 0.403955
v -0.230293 -0.565416 -0.0856755
vn -0.0959998 0.836134 0.540059
v -0.202582 -0.564203 -0.0875522
vn -0.79971 -0.598563 0.0467543
v -0.165187 -0.562852 -0.125049
vn 0.572233 0.111352 -0.812496
v -0.179314 -0.561044 -0.132037
vn 0.830623 -0.0171284 -0.556572
v -0.200071 -0.546837 -0.172332
vn 0.467495 0.24199 -0.850229
v -0.261259 -0.526818 -0.197203
vn 0.046458 -0.0292057 -0.998493
v -0.268608 -0.522911 -0.204825
vn -0.200965 -0.141796 -0.969282
v -0.289229 -0.527188 -0.183959
vn -0.648488 0.0823668 -0.756755
v -0.254543 -0.557748 -0.0709903
vn -0.246158 0.0087831 0.96919
v -0.247974 -0.564876 -0.0615489
vn 0.356063 -0.73513 0.57689
v 0.171079 -0.575845 0.239797
vn 0.330688 -0.278886 0.901592
v 0.180191 -0.569593 0.242932
vn 0.257137 -0.789171 0.557753
v 0.193768 -0.565603 0.234791
vn 0.560549 -0.715294 0.4173
v 0.213771 -0.548929 0.140495
vn 0.430537 -0.890667 -0.146113
v 0.177186 -0.560929 0.104072
vn -0.148689 0.826293 -0.543259
v -0.257415 -0.554944 -0.0711794
vn -0.70483 -0.048027 0.707749
v -0.233894 -0.558585 -0.100139
vn 0.118402 0.198365 0.97295
v -0.199181 -0.563576 -0.0782948
vn 0.128394 -0.622083 0.772352
v -0.191409 -0.564922 -0.0880203
vn 0.292402 -0.717183 0.632574
v -0.193982 -0.542614 -0.166736
vn 0.352257 -0.385119 -0.852994
v -0.204336 -0.542876 -0.170411
vn 0.31095 -0.130058 -0.941486
v -0.228334 -0.540478 -0.178541
vn 0.561271 -0.19041 -0.805431
v -0.271012 -0.521322 -0.195114
vn -0.578893 0.114004 -0.807395
v -0.295039 -0.530599 -0.173238
vn -0.973585 0.160839 0.162059
v 0.104842 -0.572823 0.146494
vn -0.906539 -0.332092 -0.260581
v 0.108826 -0.58257 0.140201
vn -0.543559 -0.594261 -0.592788
v 0.112489 -0.583791 0.154125
vn -0.864827 -0.502044 0.00507893
v 0.136623 -0.585087 0.2366
vn -0.649151 0.132664 0.749001
v 0.208773 -0.559936 0.234745
vn 0.621159 -0.737844 0.264098
v 0.220978 -0.548282 0.197776
vn 0.816268 -0.555403 0.15885
v 0.190117 -0.560369 0.105943
vn -0.00450652 0.998947 -0.0456619
v 0.150135 -0.580694 0.130857
vn -0.115157 -0.790018 -0.602172
v -0.218336 -0.559466 -0.0904865
vn -0.016491 0.580953 0.81377
v -0.18783 -0.562581 -0.0805972
vn 0.546305 -0.0501293 0.836085
v -0.168335 -0.564263 -0.100619
vn 0.829253 0.202157 0.52103
v -0.287657 -0.535933 -0.148965
vn -0.950867 0.190475 0.244073
v -0.283136 -0.540018 -0.126811
vn -0.981586 0.113527 0.153622
v 0.111283 -0.567552 0.13732
vn -0.0672956 -0.264189 -0.96212
v 0.110725 -0.572549 0.179655
vn -0.714263 -0.23 -0.661006
v 0.130799 -0.586108 0.220566
vn -0.762012 0.342713 0.549441
v 0.161101 -0.583113 0.237759
vn -0.332389 -0.273363 0.902657
v 0.212281 -0.550913 0.124838
vn 0.715843 -0.688868 0.114143
v 0.157213 -0.572531 0.126958
vn -0.540958 -0.00877371 -0.841004
v -0.196444 -0.557023 -0.0808829
vn 0.743193 -0.251036 0.620197
v -0.165579 -0.559371 -0.119647
vn 0.744881 0.650765 0.147161
v -0.185116 -0.544911 -0.157905
vn 0.966923 0.134024 -0.217021
v -0.285838 -0.53553 -0.118701
vn -0.872111 0.203923 0.444789
v -0.270629 -0.547331 -0.094519
vn -0.858788 0.117912 0.498577
v -0.262317 -0.551496 -0.0780275
vn -0.90582 0.244869 0.345731
v 0.116408 -0.581552 0.206359
vn -0.60907 0.321895 0.724857
v 0.222277 -0.546865 0.170352
vn 0.921864 0.385167 -0.0425914
v 0.189943 -0.562986 0.124968
vn -0.0637808 0.980522 -0.185765
v -0.244735 -0.549508 -0.0890233
vn 0.687543 -0.722576 0.0718897
v -0.20614 -0.553308 -0.0959382
vn -0.932313 -0.0510385 0.358033
v -0.183321 -0.561329 -0.0899289
vn 0.614151 0.363544 0.700467
v -0.17969 -0.551328 -0.143825
vn 0.981595 0.132511 -0.13752
v -0.24224 -0.530622 -0.191159
vn 0.496514 0.326939 -0.804105
v -0.227872 -0.5429 -0.0644899
vn 0.476219 -0.603533 0.639502
v 0.100655 -0.564415 0.155538
vn -0.989786 -0.0243946 0.14046
v 0.108265 -0.562067 0.166428
vn -0.968752 -0.214392 -0.124723
v 0.105184 -0.579751 0.199672
vn -0.575605 0.469064 0.66982
v 0.1399 -0.573937 0.232272
vn -0.446761 -0.054487 0.892992
v 0.212272 -0.547275 0.124881
vn -0.182536 0.584486 -0.790605
v 0.216636 -0.545925 0.131679
vn 0.923821 -0.327422 -0.19837
v 0.199434 -0.555924 0.129511
vn -0.301982 0.509008 -0.806051
v 0.161592 -0.561813 0.110477
vn -0.75823 0.0954225 -0.644967
v 0.16475 -0.564701 0.123779
vn -0.827385 -0.344278 -0.443742
v 0.13892 -0.574078 0.138668
vn -0.54125 -0.309926 -0.781661
v -0.225384 -0.546005 -0.0874919
vn 0.261996 -0.361469 0.894817
v -0.194713 -0.554114 -0.0871524
vn 0.581167 0.761054 0.288169
v -0.200956 -0.539279 -0.170608
vn 0.195213 -0.506489 -0.839858
v -0.229633 -0.531759 -0.179684
vn 0.497112 -0.477678 -0.724364
v -0.260228 -0.520496 -0.198383
vn 0.0496787 0.018844 -0.998587
v -0.291448 -0.521131 -0.173957
vn -0.96743 0.0845168 -0.238612
v -0.28741 -0.527568 -0.146583
vn -0.913971 -0.397501 0.0815467
v -0.25758 -0.526686 -0.0719064
vn -0.944442 0.0198844 0.328075
v -0.23223 -0.551863 -0.0699228
vn 0.240197 -0.779386 0.578673
v 0.117943 -0.56743 0.140573
vn -0.167295 -0.906836 -0.386861
v 0.0958224 -0.571076 0.183134
vn -0.633624 -0.437472 -0.638075
v 0.10349 -0.573092 0.190581
vn -0.422895 -0.375201 0.824854
v 0.159757 -0.575869 0.245408
vn -0.252864 -0.343971 0.904292
v 0.225611 -0.544798 0.215872
vn 0.829108 -0.540201 0.144091
v 0.22691 -0.543303 0.188915
vn 0.870938 0.365889 -0.328011
v 0.179795 -0.559011 0.122657
vn 0.226012 0.958837 -0.1719
v 0.153439 -0.562365 0.130913
vn -0.614638 -0.0756112 -0.785177
v 0.140131 -0.558594 0.136239
vn 0.352361 -0.252422 -0.90118
v 0.131218 -0.572364 0.13244
vn -0.0638474 -0.817583 -0.57226
v -0.215572 -0.545934 -0.104971
vn 0.370001 -0.0792038 0.925649
v -0.175919 -0.554368 -0.098762
vn 0.412917 0.851662 0.322756
v -0.174295 -0.552714 -0.118633
vn 0.536234 0.815234 0.218736
v -0.174221 -0.551831 -0.133046
vn 0.774172 0.58538 0.240809
v -0.177647 -0.544414 -0.14117
vn 0.814234 -0.110506 -0.569923
v -0.180775 -0.547944 -0.145572
vn 0.888344 -0.33189 -0.317324
v -0.219149 -0.537649 -0.181496
vn 0.417789 -0.226806 -0.879779
v -0.269868 -0.535949 -0.104103
vn -0.877396 0.190566 0.440296
v -0.236302 -0.543644 -0.0641451
vn -0.293144 0.156761 0.943129
v 0.108077 -0.555477 0.135383
vn -0.585642 -0.634264 -0.50471
v 0.10554 -0.560677 0.142983
vn -0.976679 -0.19138 0.0973221
v 0.131714 -0.570181 0.219929
vn -0.822686 -0.021399 0.568092
v 0.13072 -0.560156 0.129458
vn 0.514963 -0.581361 -0.629947
v -0.193957 -0.547588 -0.0770695
vn 0.338914 -0.086207 0.936859
v -0.236734 -0.530753 -0.196863
vn 0.0869389 -0.666694 -0.740244
v -0.293042 -0.517312 -0.176629
vn -0.818016 0.186077 -0.544266
v 0.112204 -0.560924 0.131893
vn -0.406185 -0.688213 -0.601145
v 0.167243 -0.566314 0.242963
vn -0.364433 -0.384366 0.848204
v 0.213295 -0.5474 0.170986
vn 0.450048 0.892947 0.0101318
v 0.207383 -0.547742 0.126033
vn 0.196844 -0.482152 -0.853687
v 0.18279 -0.556819 0.126825
vn 0.159422 0.538321 -0.827524
v 0.133789 -0.551725 0.120572
vn 0.230691 -0.811425 -0.537002
v 0.12794 -0.561605 0.12699
vn -0.0686073 -0.691955 -0.718673
v -0.193504 -0.549976 -0.0813831
vn 0.969222 -0.0870507 -0.230284
v -0.198377 -0.543652 -0.101941
vn 0.932886 0.34892 0.0893212
v -0.187462 -0.539688 -0.174007
vn 0.825068 -0.0111778 -0.564923
v -0.292511 -0.517899 -0.167364
vn -0.895288 -0.445452 -0.00557533
v -0.282063 -0.526428 -0.123461
vn -0.763168 0.0288147 0.645557
v -0.226399 -0.514923 -0.0639497
vn -0.168687 -0.257855 0.951344
v 0.0872659 -0.561185 0.189804
vn -0.786522 -0.36835 0.495683
v 0.121021 -0.570196 0.201751
vn -0.690636 -0.0130647 0.723085
v 0.190342 -0.559617 0.258981
vn 0.590633 -0.54402 0.595982
v 0.214353 -0.539987 0.179803
vn 0.757444 0.476296 -0.446565
v 0.216265 -0.540874 0.133164
vn 0.662855 0.74047 -0.111028
v 0.189581 -0.550425 0.131085
vn 0.0814441 -0.5683 -0.818781
v 0.163356 -0.554279 0.121942
vn 0.030558 0.937714 -0.346063
v 0.153887 -0.556001 0.127539
vn -0.79246 -0.286757 -0.538309
v 0.14684 -0.553581 0.14247
vn -0.263443 -0.727549 -0.633459
v -0.212613 -0.540391 -0.0912192
vn -0.872828 -0.448639 0.192078
v -0.209325 -0.551319 -0.0728097
vn -0.734024 -0.280038 0.618698
v -0.191868 -0.545089 -0.124913
vn 0.406716 0.867308 0.286982
v -0.204827 -0.532635 -0.174096
vn 0.0909087 -0.531807 -0.841972
v -0.250078 -0.517615 -0.199249
vn 0.32842 -0.214397 -0.919877
v 0.141926 -0.552318 0.124162
vn 0.246587 -0.846973 -0.470991
v 0.121861 -0.553805 0.117979
vn -0.170881 -0.426401 -0.888247
v 0.108557 -0.552792 0.124247
vn -0.387852 -0.692056 -0.608794
v 0.201923 -0.549521 0.249717
vn 0.62568 -0.618179 0.475792
v 0.228301 -0.537103 0.210025
vn 0.934778 -0.355214 0.00365793
v 0.205435 -0.538399 0.12057
vn 0.205656 0.856835 -0.4728
v 0.169454 -0.553061 0.127466
vn 0.0651018 -0.401662 -0.913471
v 0.158669 -0.55196 0.130361
vn -0.107818 -0.0663993 -0.991951
v -0.194576 -0.543831 -0.0889311
vn 0.936205 0.331684 -0.11622
v -0.187 -0.535643 -0.142631
vn 0.541226 0.621706 0.566176
v -0.197792 -0.531432 -0.18054
vn 0.154443 -0.528381 -0.834842
v -0.220555 -0.522283 -0.183221
vn 0.206198 -0.562875 -0.800409
v -0.272049 -0.499924 -0.194208
vn -0.578358 0.149664 -0.801937
v -0.259916 -0.530078 -0.0871822
vn -0.830667 -0.0166652 0.55652
v -0.253606 -0.529003 -0.0653229
vn -0.524308 -0.0345917 0.850826
v 0.0964036 -0.558978 0.182079
vn -0.585172 -0.338387 -0.736932
v 0.192045 -0.546469 0.11992
vn 0.107421 -0.792738 -0.600023
v -0.198214 -0.540781 -0.0835591
vn 0.864683 -0.238269 -0.442211
v -0.20193 -0.535735 -0.100314
vn 0.990124 -0.139023 0.0181018
v -0.196835 -0.538745 -0.126818
vn 0.918114 0.281548 0.278923
v -0.198867 -0.525227 -0.173346
vn 0.79829 0.125074 -0.589143
v -0.226907 -0.518681 -0.19373
vn 0.341037 -0.103887 -0.934292
v -0.24767 -0.50625 -0.204467
vn -0.0828022 0.224902 -0.970857
v -0.261836 -0.511576 -0.194332
vn -0.354341 0.148491 -0.923251
v -0.294739 -0.520776 -0.131862
vn -0.71313 -0.570509 0.407388
v 0.0969999 -0.553585 0.131581
vn -0.820123 -0.485194 -0.303289
v 0.107247 -0.548719 0.166539
vn -0.862375 -0.241328 -0.445051
v 0.0947559 -0.562265 0.197063
vn -0.519318 -0.194627 0.832123
v 0.140488 -0.566966 0.232731
vn -0.66926 -0.152382 0.727235
v 0.180108 -0.568647 0.255802
vn 0.0310848 -0.84868 0.527992
v 0.218283 -0.547152 0.231926
vn 0.775825 -0.401137 0.487016
v 0.223777 -0.535823 0.200334
vn 0.860203 -0.101824 -0.499683
v -0.217257 -0.538692 -0.0894852
vn 0.211975 -0.786404 0.580203
v -0.228492 -0.539446 -0.0888205
vn 0.602535 -0.789855 -0.114367
v -0.1865 -0.539885 -0.0769436
vn 0.877614 -0.236641 0.416886
v -0.208484 -0.521642 -0.187961
vn 0.53102 -0.00173913 -0.847357
v -0.242901 -0.514516 -0.200496
vn 0.441832 0.134996 -0.886882
v -0.304848 -0.508591 -0.149919
vn -0.848344 -0.500872 -0.171579
v -0.255682 -0.523651 -0.0825605
vn -0.888299 0.0157852 0.458995
v 0.210732 -0.535105 0.140685
vn 0.357414 0.917417 0.174932
v 0.209491 -0.537447 0.134726
vn -0.0987881 0.976225 -0.19294
v 0.0883036 -0.557335 0.183033
vn -0.743377 -0.46289 -0.482829
v 0.116015 -0.560295 0.209595
vn -0.563946 -0.325183 0.759092
v 0.159786 -0.567245 0.245515
vn -0.284917 -0.284156 0.915466
v -0.201491 -0.534811 -0.0776013
vn 0.219087 -0.277225 0.935493
v -0.186019 -0.514756 -0.169689
vn 0.889721 0.395439 -0.22809
v 0.199638 -0.537306 0.151216
vn 0.501471 0.861072 -0.0841491
v 0.161623 -0.543988 0.120039
vn 0.0561235 -0.873928 -0.482803
v 0.10603 -0.546643 0.125166
vn -0.383484 0.322789 -0.865302
v 0.0964199 -0.538899 0.140934
vn -0.949237 -0.191551 0.249514
v 0.107948 -0.540977 0.161542
vn -0.98973 -0.0843754 0.115394
v -0.210556 -0.534097 -0.0806509
vn -0.729666 -0.375891 0.571221
v -0.191174 -0.528743 -0.079628
vn 0.830018 -0.390926 -0.397804
v -0.197368 -0.530324 -0.0952437
vn 0.910864 -0.334686 -0.24148
v -0.196523 -0.530815 -0.11895
vn 0.97993 -0.167652 0.107839
v -0.26684 -0.500165 -0.1088
vn -0.926397 0.0880859 0.366101
v 0.184897 -0.544343 0.127538
vn 0.242031 0.955935 -0.166161
v 0.18395 -0.538305 0.111943
vn 0.2196 0.742608 -0.6327
v 0.138065 -0.54541 0.114083
vn -0.248111 0.0982201 -0.963739
v -0.195725 -0.52699 -0.133605
vn 0.967768 -0.0339358 0.249545
v -0.189168 -0.518344 -0.148333
vn 0.729741 0.511372 0.453847
v -0.28911 -0.504214 -0.127633
vn -0.576279 0.0629443 0.814826
v -0.272798 -0.516593 -0.0926275
vn -0.914922 0.0273155 0.402706
v 0.198512 -0.532881 0.153659
vn 0.692683 -0.581814 -0.426243
v 0.197772 -0.53711 0.140757
vn -0.052405 0.956919 -0.285587
v 0.158741 -0.542563 0.110422
vn 0.0715177 -0.550281 -0.831911
v 0.0888656 -0.552151 0.175624
vn -0.423377 -0.397685 -0.814002
v -0.203765 -0.493089 -0.176729
vn 0.364956 0.119789 -0.923286
v -0.291117 -0.501916 -0.164877
vn -0.786981 -0.0108082 -0.616883
v -0.307431 -0.50802 -0.137413
vn -0.789175 -0.168977 0.590466
v 0.229402 -0.529423 0.196655
vn 0.724827 -0.59144 -0.353306
v 0.115507 -0.542116 0.126273
vn -0.305392 0.411754 -0.8586
v 0.134908 -0.539863 0.117657
vn -0.257625 0.668978 -0.697207
v 0.097371 -0.539649 0.133351
vn -0.755966 0.176127 -0.630472
v 0.12535 -0.557138 0.215922
vn -0.638859 0.0202146 0.769058
v 0.137076 -0.559862 0.233569
vn -0.731568 -0.0135642 0.681633
v 0.200703 -0.540307 0.258664
vn 0.468446 -0.465462 0.750935
v -0.202237 -0.526522 -0.0737274
vn -0.135842 -0.357619 0.923935
v -0.190091 -0.516445 -0.121844
vn 0.963338 -0.236437 0.126796
v -0.284867 -0.500577 -0.179257
vn -0.600114 -0.431746 -0.673393
v -0.220022 -0.528897 -0.0636467
vn -0.081033 -0.328543 0.941006
v -0.201575 -0.505466 -0.176973
vn 0.776087 -0.0279776 -0.630005
v -0.186086 -0.520661 -0.0950511
vn 0.741694 -0.476431 -0.472127
v 0.102642 -0.54947 0.199932
vn -0.530242 0.111705 0.840456
v 0.170828 -0.550135 0.249503
vn -0.187346 -0.58068 0.792283
v 0.181709 -0.55452 0.261101
vn -0.502357 -0.231389 0.833125
v 0.186879 -0.536508 0.137633
vn 0.800731 0.202858 -0.56363
v 0.177726 -0.534833 0.122254
vn 0.519659 0.573358 -0.633416
v 0.165061 -0.537342 0.118294
vn 0.060208 0.685133 -0.725926
v 0.149191 -0.535056 0.113528
vn -0.079153 0.67797 -0.730816
v 0.100331 -0.53423 0.152535
vn -0.782074 -0.243348 0.573708
v 0.218439 -0.537982 0.237428
vn 0.806002 -0.508857 0.302367
v 0.117399 -0.530568 0.130539
vn -0.080179 0.600976 -0.795235
v 0.1518 -0.55814 0.246174
vn -0.57668 -0.32227 0.750721
v -0.212155 -0.530383 -0.0747044
vn 0.532458 -0.842003 0.0867209
v -0.193515 -0.518342 -0.143388
vn 0.898743 0.438138 0.0172286
v -0.238425 -0.48773 -0.190678
vn 0.305762 0.307819 -0.900976
v -0.306486 -0.492584 -0.152462
vn -0.910565 0.00402804 -0.413347
v 0.234303 -0.522818 0.204385
vn 0.99597 0.0506961 -0.0739799
v 0.103255 -0.540975 0.168466
vn -0.568225 -0.119233 -0.814189
v 0.0851168 -0.537999 0.187138
vn -0.478606 -0.152411 0.864701
v -0.215787 -0.529198 -0.0648577
vn 0.378699 -0.558426 0.73807
v -0.200539 -0.527326 -0.0651932
vn 0.473269 -0.804765 0.358288
v -0.191847 -0.527646 -0.0662076
vn -0.08247 -0.771342 0.631054
v -0.182338 -0.520235 -0.0742903
vn 0.842693 -0.519546 0.14121
v -0.198774 -0.509417 -0.10593
vn 0.944652 -0.203025 -0.257709
v -0.196761 -0.509016 -0.170971
vn 0.93042 -0.137714 -0.339637
v -0.239768 -0.51252 -0.0592297
vn -0.235547 -0.168313 0.957177
v -0.198336 -0.516446 -0.0574639
vn 0.358718 -0.625319 0.693035
v 0.215918 -0.538942 0.255546
vn 0.653347 -0.64884 0.390056
v 0.230006 -0.521651 0.221373
vn 0.985425 -0.0196517 0.168969
v 0.222393 -0.526274 0.174125
vn 0.754166 -0.549244 -0.359951
v 0.191823 -0.527637 0.136028
vn 0.718174 0.148455 -0.679843
v 0.185466 -0.524263 0.130131
vn 0.449368 0.762042 -0.46622
v 0.177241 -0.525091 0.125216
vn 0.13842 0.781202 -0.60874
v 0.147358 -0.529786 0.124655
vn -0.371443 0.58088 -0.724299
v 0.102276 -0.531525 0.134467
vn -0.565064 0.0931448 -0.819772
v -0.203317 -0.510656 -0.149523
vn 0.975796 0.195637 -0.097713
v -0.307633 -0.492879 -0.141111
vn -0.863738 0.107097 0.492429
v 0.212256 -0.524489 0.1532
vn 0.750765 0.172899 -0.637541
v 0.160314 -0.524938 0.123116
vn -0.0472602 0.781032 -0.6227
v 0.0875791 -0.5405 0.175442
vn -0.376384 -0.0773943 -0.923225
v 0.0810932 -0.539712 0.177437
vn -0.71128 -0.296466 -0.637329
v 0.0752624 -0.53752 0.189129
vn -0.705101 -0.189099 0.683428
v 0.114797 -0.545656 0.207499
vn -0.577477 -0.461092 0.673731
v 0.188297 -0.544907 0.261334
vn 0.210568 -0.381019 0.90027
v -0.220756 -0.497271 -0.186014
vn 0.370911 0.193472 -0.908292
v 0.226337 -0.525586 0.232213
vn 0.899672 -0.379893 0.21511
v 0.223074 -0.520313 0.185942
vn 0.890906 0.106968 -0.441412
v 0.126048 -0.529138 0.212005
vn -0.686532 -0.265397 0.676933
v -0.180456 -0.523565 -0.0589951
vn 0.635791 -0.378637 0.67261
v -0.182677 -0.515122 -0.0812991
vn 0.840394 -0.515448 -0.167483
v -0.267635 -0.483833 -0.192259
vn -0.140756 0.193469 -0.970957
v -0.27941 -0.492295 -0.188533
vn -0.637675 -0.0737469 -0.766767
v 0.173051 -0.523168 0.141529
vn 0.249702 0.867568 -0.430087
v 0.104488 -0.528873 0.131006
vn 0.348597 0.258855 -0.900819
v 0.0967041 -0.513265 0.169112
vn -0.542725 -0.162116 -0.824117
v 0.146544 -0.548261 0.231813
vn -0.748348 -0.115818 0.653117
v -0.192646 -0.513302 -0.0650787
vn 0.00545515 -0.518739 0.854915
v -0.187502 -0.512829 -0.131229
vn 0.99075 0.114822 -0.0723219
v -0.272348 -0.486276 -0.191044
vn -0.457392 0.0287538 -0.8888
v -0.295795 -0.491906 -0.177908
vn -0.852555 -0.18691 -0.488072
v -0.270171 -0.490969 -0.115377
vn -0.62885 -0.00960734 0.777468
v -0.191611 -0.502867 -0.169249
vn 0.860185 -0.363137 -0.358069
v -0.261984 -0.494046 -0.0874697
vn -0.948009 0.0362681 0.316169
v -0.18976 -0.502648 -0.0490089
vn -0.0681365 -0.297985 0.952136
v 0.132986 -0.532854 0.229101
vn -0.798159 -0.293504 0.526115
v 0.202841 -0.519718 0.163884
vn 0.393145 0.566967 -0.723868
v 0.151887 -0.526826 0.121874
vn 0.410482 0.325968 -0.851616
v 0.101014 -0.527155 0.164214
vn -0.661959 -0.0646048 -0.74675
v 0.186872 -0.519102 0.154743
vn 0.452486 0.493392 -0.742846
v 0.111887 -0.526017 0.141368
vn 0.0306181 0.366045 -0.930093
v 0.107093 -0.520489 0.163292
vn -0.95252 -0.2555 0.165608
v 0.109837 -0.535943 0.212392
vn -0.454344 0.242369 0.857222
v 0.208281 -0.530828 0.257961
vn 0.416468 -0.762741 0.494753
v -0.191895 -0.501861 -0.151288
vn 0.843694 -0.535898 -0.0315297
v -0.291682 -0.477154 -0.180071
vn -0.612464 0.112219 -0.782493
v -0.299815 -0.485545 -0.161186
vn -0.844735 0.283512 -0.45392
v -0.252488 -0.511063 -0.0673965
vn -0.561054 0.199625 0.803348
v 0.16016 -0.548135 0.260195
vn -0.216009 -0.714565 0.665385
v 0.178169 -0.539658 0.264898
vn 0.0581433 -0.785135 0.616589
v 0.215464 -0.513977 0.167866
vn 0.705615 0.348306 -0.617082
v 0.130922 -0.51856 0.144375
vn -0.154998 0.504359 -0.849469
v 0.0968081 -0.519534 0.138899
vn -0.967855 -0.191074 -0.163548
v -0.191431 -0.508502 -0.055827
vn 0.504556 -0.684926 0.525642
v -0.184252 -0.510955 -0.0705356
vn 0.97117 0.0618768 0.230216
v -0.175826 -0.500771 -0.079867
vn 0.878159 -0.279532 0.388199
v -0.195961 -0.501357 -0.123123
vn 0.836215 -0.545554 -0.055821
v -0.196911 -0.493773 -0.166314
vn 0.81657 -0.0791286 -0.571797
v 0.148914 -0.54134 0.250417
vn -0.784712 -0.387388 0.483897
v 0.196785 -0.539085 0.266916
vn 0.296079 -0.798016 0.524888
v 0.219913 -0.527346 0.265916
vn 0.904895 -0.193499 0.379109
v 0.0965728 -0.515893 0.156675
vn -0.918844 -0.189888 0.34593
v 0.225222 -0.519152 0.218498
vn 0.942859 0.307819 0.127531
v 0.22983 -0.508387 0.190661
vn 0.569615 0.82009 -0.0546921
v 0.214526 -0.510941 0.172386
vn 0.779873 0.497719 -0.379572
v 0.144129 -0.513039 0.133563
vn -0.611377 0.419193 -0.671189
v -0.183411 -0.511037 -0.0592114
vn 0.764546 -0.225036 0.60401
v -0.181414 -0.501835 -0.099507
vn 0.528967 -0.738881 -0.41743
v -0.210678 -0.491493 -0.182514
vn 0.367475 -0.0892431 -0.925742
v -0.289308 -0.47658 -0.174435
vn -0.906679 -0.153757 -0.392799
v -0.304648 -0.478054 -0.14141
vn -0.702015 -0.0292341 0.711562
v 0.22641 -0.520968 0.240033
vn 0.948634 0.00170278 0.316372
v 0.150602 -0.511255 0.12922
vn -0.182746 0.458376 -0.869768
v 0.15837 -0.514359 0.13054
vn 0.487979 0.133912 -0.862522
v -0.186423 -0.49538 -0.138303
vn 0.619031 -0.785292 0.0108319
v -0.183402 -0.493405 -0.157486
vn 0.725481 -0.647196 -0.234124
v -0.230194 -0.479991 -0.185432
vn 0.178581 0.257661 -0.949589
v -0.240473 -0.477812 -0.188617
vn 0.279668 0.508844 -0.814164
v 0.178391 -0.513253 0.144632
vn 0.599478 -0.164141 -0.78338
v 0.0848924 -0.520498 0.1744
vn -0.120615 -0.151197 -0.981117
v 0.159532 -0.535938 0.262019
vn -0.685154 -0.216316 0.695536
v -0.193038 -0.478076 -0.179952
vn 0.741108 0.116171 -0.661259
v -0.2591 -0.478579 -0.19365
vn 0.114068 0.410395 -0.904746
v -0.30465 -0.474205 -0.150373
vn -0.961786 -0.0770197 -0.262745
v -0.181151 -0.493633 -0.127298
vn 0.514876 -0.822097 -0.243021
v -0.274802 -0.474349 -0.19168
vn -0.265203 0.480714 -0.835812
v -0.259949 -0.477322 -0.0800285
vn -0.804685 -0.024093 0.593212
v -0.226458 -0.49582 -0.0520653
vn -0.167919 -0.423018 0.890426
v -0.216786 -0.494466 -0.0445379
vn -0.171847 -0.453528 0.874517
v 0.0984923 -0.526588 0.193242
vn -0.564172 -0.00232484 0.825654
v 0.207509 -0.502715 0.159269
vn 0.718278 0.422394 -0.552865
v 0.124912 -0.509793 0.138041
vn -0.0158773 0.319461 -0.947466
v 0.105952 -0.506994 0.138132
vn 0.582698 0.00561925 -0.812669
v 0.0951879 -0.513175 0.130642
vn -0.621817 -0.111447 -0.775193
v -0.171592 -0.501434 -0.0917427
vn 0.713311 -0.676426 -0.183397
v -0.207958 -0.481007 -0.183818
vn 0.1483 -0.0236694 -0.988659
v -0.239337 -0.495383 -0.0666767
vn -0.728767 0.0374897 0.683735
v 0.072969 -0.520527 0.183073
vn -0.897886 -0.404705 0.173247
v 0.173451 -0.535067 0.279595
vn -0.216035 -0.532962 0.818096
v 0.20307 -0.528377 0.282218
vn 0.21212 -0.681346 0.700552
v 0.212604 -0.522838 0.276399
vn 0.574039 -0.556508 0.600648
v 0.226258 -0.512193 0.238217
vn 0.782407 0.622722 -0.00753388
v 0.203095 -0.505504 0.169168
vn 0.581935 0.803978 -0.122356
v 0.216398 -0.512957 0.209029
vn 0.538079 0.838304 -0.0878558
v 0.197111 -0.505179 0.153458
vn 0.530285 0.0245242 -0.847465
v 0.166442 -0.503965 0.133658
vn 0.525264 0.161443 -0.835484
v 0.096416 -0.508347 0.145877
vn -0.94393 -0.249858 0.215795
v 0.0736439 -0.514841 0.175577
vn -0.720407 -0.395213 -0.56993
v 0.0852377 -0.514827 0.191781
vn -0.361623 -0.427705 0.82843
v 0.189494 -0.531662 0.274777
vn -0.0373476 -0.450305 0.892093
v -0.174751 -0.487746 -0.132118
vn 0.74756 -0.651568 -0.128892
v -0.303576 -0.469417 -0.144139
vn -0.959264 0.0710917 0.273422
v 0.214439 -0.510714 0.261577
vn 0.924866 0.157847 0.345988
v 0.223126 -0.508584 0.254571
vn 0.86128 0.471352 0.1898
v 0.138447 -0.5254 0.248548
vn -0.761049 -0.331776 0.557431
v -0.185435 -0.502117 -0.0654597
vn 0.928955 -0.285074 0.236167
v -0.204456 -0.472528 -0.180701
vn 0.679848 0.330553 -0.65463
v -0.302481 -0.468481 -0.172644
vn -0.910845 -0.0221986 -0.41215
v -0.276887 -0.464265 -0.115748
vn -0.566883 -0.209001 0.796845
v -0.202066 -0.495 -0.0518301
vn 0.103541 -0.448805 0.887611
v 0.0911248 -0.49537 0.13647
vn -0.742565 -0.212823 -0.635062
v 0.104058 -0.523031 0.210059
vn -0.460269 -0.597735 0.656404
v -0.188162 -0.498229 -0.0522064
vn 0.651089 -0.299768 0.697297
v -0.169806 -0.485003 -0.14778
vn 0.878148 -0.298197 -0.37408
v -0.22681 -0.476586 -0.179488
vn -0.0788638 -0.26068 -0.962199
v -0.259658 -0.467238 -0.18178
vn 0.0273691 0.418131 -0.907974
v -0.274947 -0.468008 -0.182074
vn -0.261201 0.411431 -0.873212
v -0.292758 -0.471303 -0.17659
vn -0.40628 0.0700991 -0.911056
v 0.168395 -0.493488 0.140406
vn 0.0601943 0.560992 -0.82563
v 0.169367 -0.524737 0.275385
vn -0.286441 -0.0995145 0.952916
v -0.181588 -0.473427 -0.158011
vn 0.87447 0.0131042 -0.484902
v -0.23174 -0.485186 -0.0468976
vn -0.662321 -0.0428036 0.747996
v 0.215735 -0.50302 0.198315
vn 0.932992 0.31143 -0.180382
v 0.207532 -0.496706 0.17814
vn 0.86272 0.268694 -0.42839
v 0.180466 -0.502029 0.153605
vn 0.525882 0.0774785 -0.847021
v 0.147832 -0.501589 0.139899
vn -0.374826 0.487548 -0.788545
v 0.135605 -0.497281 0.144729
vn -0.117467 0.461098 -0.87954
v 0.0875978 -0.498335 0.144229
vn -0.894221 -0.447574 0.0067858
v -0.169612 -0.490365 -0.105323
vn 0.699834 -0.658052 -0.27785
v -0.210614 -0.473084 -0.18782
vn 0.111244 -0.1468 -0.982891
v 0.213407 -0.511749 0.278046
vn 0.854711 0.252884 0.453342
v 0.21812 -0.504344 0.224815
vn 0.869997 0.490119 -0.0537404
v 0.158919 -0.496081 0.138207
vn -0.28493 0.634652 -0.718354
v 0.116307 -0.499329 0.143275
vn 0.428564 0.00555874 -0.903495
v 0.0992183 -0.497605 0.134133
vn 0.0965673 0.0264623 -0.994975
v 0.0978957 -0.503591 0.161965
vn -0.819357 -0.527094 -0.225446
v 0.0879563 -0.500064 0.172926
vn -0.265846 -0.238388 -0.934076
v 0.136807 -0.518845 0.241325
vn -0.813862 -0.376285 0.442763
v 0.163535 -0.52077 0.271235
vn -0.570776 -0.475565 0.669367
v -0.181476 -0.493163 -0.0562955
vn 0.899568 -0.319736 0.297568
v -0.171843 -0.487671 -0.0807212
vn 0.908081 -0.215523 0.359081
v -0.160467 -0.482234 -0.102194
vn 0.946587 -0.322154 0.0137543
v -0.177377 -0.476676 -0.145432
vn 0.699748 0.325041 -0.636161
v -0.290163 -0.456552 -0.176232
vn -0.374841 0.294006 -0.879235
v -0.302049 -0.45653 -0.149369
vn -0.98424 0.0820879 -0.156628
v 0.205769 -0.492659 0.188558
vn 0.757008 0.555905 -0.343379
v 0.191648 -0.51684 0.277559
vn -0.202216 -0.543339 0.814795
v -0.266423 -0.46499 -0.0989474
vn -0.969337 -0.0704002 0.235437
v -0.249145 -0.468892 -0.0636087
vn -0.54954 -0.135299 0.824439
v 0.184148 -0.488003 0.146981
vn 0.621792 0.207245 -0.755264
v 0.134907 -0.493704 0.148796
vn 0.136496 0.332101 -0.933315
v 0.1222 -0.493611 0.145922
vn 0.0938722 0.17578 -0.979944
v 0.0930388 -0.513782 0.205861
vn -0.718479 -0.429758 0.546897
v -0.225583 -0.464952 -0.186802
vn 0.150193 -0.265079 -0.952457
v -0.233598 -0.459127 -0.191699
vn -0.449957 -0.190314 -0.872536
v -0.24244 -0.462599 -0.185295
vn -0.156814 -0.0756294 -0.984728
v -0.205393 -0.477198 -0.0336339
vn 0.161845 -0.393847 0.904815
v 0.0748113 -0.489336 0.167459
vn 0.16385 -0.0601958 -0.984647
v 0.201031 -0.513316 0.28755
vn 0.496664 -0.0791743 0.864324
v -0.296825 -0.453967 -0.166555
vn -0.905012 0.143205 -0.400557
v -0.292681 -0.457593 -0.124586
vn -0.739331 -0.103466 0.665346
v -0.268004 -0.465252 -0.112085
vn -0.809626 -0.142307 0.569434
v -0.235562 -0.455773 -0.0636896
vn -0.448172 -0.212405 0.868347
v -0.183847 -0.480626 -0.0505709
vn 0.655945 -0.404167 0.637484
v -0.190253 -0.482786 -0.0458942
vn 0.300191 -0.394703 0.868386
v 0.0678571 -0.515617 0.19559
vn -0.726515 -0.450383 0.518972
v 0.108189 -0.502345 0.223745
vn -0.518631 -0.620426 0.588297
v 0.127564 -0.511041 0.237534
vn -0.596118 -0.637485 0.488115
v 0.212241 -0.49075 0.21738
vn 0.924416 0.340073 0.172644
v 0.210956 -0.494129 0.209117
vn 0.931622 0.333556 -0.144291
v 0.0905044 -0.499332 0.164237
vn -0.789862 -0.515051 -0.332927
v 0.18877 -0.484452 0.168929
vn 0.764138 0.412388 -0.496013
v 0.18185 -0.482691 0.161664
vn 0.635173 0.689523 -0.348013
v 0.0996672 -0.504193 0.212384
vn -0.627409 -0.44528 0.638814
v -0.263588 -0.456543 -0.183565
vn -0.127357 0.35982 -0.924289
v -0.211938 -0.47721 -0.0408252
vn -0.358685 -0.152471 0.920922
v 0.166733 -0.481499 0.150417
vn -0.173534 0.699929 -0.69281
v 0.158967 -0.515263 0.276226
vn -0.471169 -0.440253 0.764315
v 0.190462 -0.514414 0.289404
vn -0.108119 -0.83169 0.544612
v -0.190979 -0.461265 -0.153152
vn 0.652349 0.363631 -0.664991
v -0.275211 -0.454998 -0.176345
vn -0.173045 0.451147 -0.875513
v -0.301531 -0.452871 -0.13916
vn -0.834803 0.254181 0.48836
v 0.206442 -0.488974 0.244917
vn 0.883078 0.467283 0.042652
v 0.0916683 -0.487784 0.158839
vn -0.922801 -0.36655 0.118661
v 0.0852776 -0.490398 0.157978
vn -0.640495 -0.314264 -0.700717
v 0.0690934 -0.50515 0.183332
vn -0.860183 -0.357369 0.36383
v 0.0774611 -0.497899 0.203165
vn -0.394948 -0.439617 0.806693
v -0.164031 -0.473653 -0.0954552
vn 0.911807 -0.137282 0.386992
v -0.22049 -0.448334 -0.186959
vn 0.646282 0.114522 -0.754457
v -0.248001 -0.454414 -0.18125
vn -0.339726 0.0669493 -0.938139
v 0.208079 -0.499797 0.274438
vn 0.751677 0.499708 0.430435
v 0.205123 -0.47773 0.203551
vn 0.860242 0.381846 -0.3379
v 0.0690633 -0.496573 0.1673
vn -0.266405 -0.30025 -0.915903
v 0.140367 -0.497904 0.266023
vn -0.728634 -0.34578 0.591209
v -0.17615 -0.466142 -0.137884
vn 0.832789 -0.0918103 -0.545925
v -0.259415 -0.438147 -0.070938
vn -0.88138 -0.0915527 0.463451
v 0.178704 -0.479636 0.151207
vn 0.304855 0.766101 -0.56582
v 0.118477 -0.480652 0.144773
vn 0.468078 -0.0108481 -0.88362
v 0.0841828 -0.486558 0.15144
vn -0.84296 -0.3558 0.403515
v 0.190507 -0.506567 0.293022
vn -0.0324592 -0.267068 0.963131
v -0.175934 -0.478208 -0.0625999
vn 0.95869 -0.158784 0.236009
v -0.303146 -0.444022 -0.147978
vn -0.935852 0.225694 0.270634
v -0.234942 -0.456814 -0.0533242
vn -0.784722 -0.082536 0.614328
v 0.211969 -0.49735 0.257306
vn 0.717508 0.665902 0.204346
v 0.0993533 -0.480652 0.130765
vn 0.351238 -0.0234816 -0.935992
v 0.10173 -0.496814 0.230382
vn -0.654509 -0.434775 0.618537
v 0.130443 -0.494796 0.25785
vn -0.703694 -0.337366 0.625299
v -0.175379 -0.469689 -0.052228
vn 0.900719 -0.429411 -0.0656629
v -0.158985 -0.46563 -0.103081
vn 0.860342 -0.501871 0.0890891
v -0.26445 -0.447772 -0.173672
vn -0.276719 0.345097 -0.896847
v 0.210113 -0.471598 0.224871
vn 0.872565 0.484721 -0.0606232
v 0.0792496 -0.479511 0.139371
vn -0.829563 -0.248548 -0.500049
v 0.0605106 -0.497608 0.174637
vn -0.902776 -0.398145 -0.162716
v -0.230569 -0.438387 -0.19637
vn 0.201865 -0.0328067 -0.978864
v -0.286155 -0.444188 -0.17107
vn -0.171081 0.502031 -0.84776
v -0.303263 -0.440337 -0.160816
vn -0.802605 0.319622 -0.503654
v -0.246888 -0.442457 -0.0668413
vn -0.762105 -0.129104 0.634451
v 0.154377 -0.480736 0.155742
vn 0.00553914 0.668091 -0.744059
v 0.0902842 -0.484952 0.135002
vn -0.497402 -0.314875 -0.808359
v 0.0688232 -0.486567 0.200376
vn -0.878206 -0.298157 0.373973
v 0.17022 -0.502485 0.290135
vn -0.451587 -0.131111 0.882541
v -0.178754 -0.458185 -0.145539
vn 0.625066 -0.113085 -0.772337
v 0.194934 -0.491348 0.288327
vn 0.74353 0.276183 0.609004
v 0.202265 -0.480253 0.232461
vn 0.995057 -0.0591846 0.0797376
v -0.171784 -0.456208 -0.0686771
vn 0.908655 -0.227991 0.34981
v -0.165244 -0.468579 -0.0872198
vn 0.909009 -0.17596 0.377811
v -0.15424 -0.4643 -0.111574
vn 0.894447 0.200465 -0.399723
v -0.239781 -0.438506 -0.185286
vn -0.461558 -0.0696551 -0.884371
v 0.20386 -0.489578 0.260283
vn 0.922334 0.161983 0.350801
v 0.190567 -0.469257 0.176968
vn 0.743241 0.424624 -0.516998
v -0.178053 -0.463627 -0.0436194
vn 0.475839 -0.380907 0.792772
v -0.160384 -0.4571 -0.094055
vn 0.852053 -0.222936 0.473608
v -0.211107 -0.445407 -0.172386
vn 0.782204 0.192912 -0.592404
v -0.258278 -0.436496 -0.178912
vn -0.524153 -0.0936046 -0.846464
v -0.28087 -0.446668 -0.111789
vn -0.7351 0.000354993 0.677958
v -0.265977 -0.451635 -0.0909137
vn -0.920882 0.0301949 0.388671
v -0.216126 -0.470814 -0.0430266
vn -0.784825 -0.159841 0.598749
v 0.193272 -0.490809 0.279999
vn 0.906375 -0.0297665 0.421425
v 0.144042 -0.476768 0.152508
vn 0.368577 0.167114 -0.914453
v 0.0819206 -0.484403 0.168634
vn -0.534622 -0.237168 -0.811129
v 0.0609586 -0.479575 0.167539
vn -0.614717 -0.23758 -0.752116
v 0.0724502 -0.481799 0.206077
vn -0.553294 -0.568028 0.609269
v 0.170398 -0.471032 0.164839
vn 0.227226 0.60016 -0.766927
v 0.0912043 -0.481815 0.219768
vn -0.641651 -0.515518 0.567913
v -0.279128 -0.432983 -0.164345
vn -0.400606 0.054981 -0.914599
v -0.190011 -0.462571 -0.0322769
vn 0.395972 -0.218678 0.891844
v 0.0857152 -0.474808 0.159922
vn -0.882651 -0.463579 -0.0776075
v 0.189366 -0.489784 0.291941
vn 0.097514 -0.214374 0.971872
v -0.258825 -0.418211 -0.180424
vn -0.440737 0.0417837 -0.896664
v -0.293166 -0.43707 -0.140116
vn -0.872644 0.229323 0.431165
v 0.165229 -0.487148 0.280784
vn -0.406955 -0.243073 0.880513
v -0.164047 -0.455216 -0.0417526
vn 0.621646 -0.536058 0.571138
v -0.168884 -0.453434 -0.13912
vn 0.891576 0.015274 -0.452614
v -0.29558 -0.432216 -0.162175
vn -0.705192 0.323425 -0.630952
v 0.208837 -0.477064 0.271201
vn 0.967643 -0.20995 0.139954
v 0.189041 -0.459769 0.18905
vn 0.789049 0.413909 -0.453961
v 0.116683 -0.469989 0.143872
vn 0.308527 -0.0866584 -0.94726
v 0.107615 -0.456321 0.139009
vn 0.44015 -0.180914 -0.87951
v 0.0877252 -0.475918 0.130985
vn -0.547712 -0.196591 -0.813243
v 0.147652 -0.483854 0.280033
vn -0.533471 -0.275179 0.799803
v -0.186824 -0.445242 -0.153432
vn 0.441481 -0.402726 -0.801814
v -0.201847 -0.441823 -0.163648
vn 0.533691 -0.382543 -0.754211
v -0.23635 -0.428947 -0.188335
vn -0.389178 0.132035 -0.911651
v -0.271653 -0.420577 -0.101299
vn -0.850338 -0.157989 0.501961
v 0.194172 -0.481449 0.288863
vn 0.811965 -0.100357 0.575015
v 0.208345 -0.468683 0.259149
vn 0.873569 0.486442 0.0158535
v 0.178286 -0.456804 0.1806
vn 0.607859 0.480404 -0.632234
v 0.146064 -0.471119 0.15853
vn 0.719127 0.188274 -0.668886
v 0.0552533 -0.472451 0.183949
vn -0.878607 -0.454887 -0.145356
v 0.173139 -0.484779 0.291473
vn -0.568522 -0.164671 0.806019
v -0.152411 -0.453001 -0.0989787
vn 0.868406 -0.19909 0.45413
v -0.160742 -0.457888 -0.105158
vn 0.774489 -0.0386811 -0.631403
v -0.219143 -0.431611 -0.185829
vn 0.660243 -0.25368 -0.706913
v -0.292509 -0.423002 -0.143118
vn -0.888898 0.30142 0.344973
v -0.29063 -0.427938 -0.122633
vn -0.943001 0.0315133 0.331295
v -0.223743 -0.442245 -0.0396084
vn -0.618151 -0.230673 0.751451
v 0.152821 -0.467012 0.169492
vn 0.208441 0.350553 -0.913053
v 0.133012 -0.468412 0.148387
vn 0.36697 -0.103146 -0.924496
v 0.0627314 -0.464256 0.167523
vn 0.24154 -0.112123 -0.963891
v 0.123382 -0.476021 0.247404
vn -0.622752 -0.271225 0.733905
v -0.174338 -0.459811 -0.0605395
vn 0.898791 -0.310096 -0.309865
v -0.259398 -0.419648 -0.0858249
vn -0.888862 -0.0586032 0.454411
v 0.0694733 -0.448035 0.143591
vn -0.907178 -0.375042 -0.190715
v 0.0796906 -0.470736 0.16135
vn -0.840643 -0.407452 -0.356796
v 0.0568652 -0.47809 0.179045
vn -0.942961 -0.250733 -0.21899
v 0.202383 -0.474027 0.281913
vn 0.891638 0.140076 0.430535
v 0.191812 -0.445994 0.199286
vn 0.809987 0.585958 -0.0239491
v 0.184182 -0.481135 0.303277
vn -0.130324 -0.158594 0.978705
v -0.172015 -0.442604 -0.126962
vn 0.869435 0.443254 -0.218194
v -0.176102 -0.436813 -0.153589
vn 0.868404 0.241875 -0.432863
v 0.194126 -0.466373 0.250693
vn 0.772242 0.635198 -0.0128779
v 0.194642 -0.464916 0.233445
vn 0.6474 0.718044 0.255511
v 0.132125 -0.456811 0.14716
vn 0.714115 0.279466 -0.641824
v 0.0945283 -0.458818 0.131282
vn -0.0704866 -0.251577 -0.965267
v 0.100122 -0.480036 0.239539
vn -0.49462 -0.430823 0.754813
v -0.154163 -0.452967 -0.108091
vn 0.62854 -0.315797 -0.710781
v -0.189794 -0.429924 -0.168646
vn 0.655007 -0.217196 -0.723735
v -0.202678 -0.436331 -0.0252177
vn 0.38088 -0.322229 0.866659
v 0.14809 -0.454906 0.165708
vn 0.508305 0.48685 -0.710354
v 0.125973 -0.472005 0.262334
vn -0.67925 -0.460872 0.571154
v -0.245748 -0.420285 -0.18717
vn -0.444843 0.176993 -0.877946
v -0.272698 -0.408331 -0.171941
vn -0.455762 0.190473 -0.869483
v -0.285261 -0.421025 -0.141582
vn -0.994359 0.101595 -0.0304827
v -0.178654 -0.452646 -0.0400128
vn 0.132664 -0.067326 0.988872
v 0.172525 -0.472022 0.289493
vn -0.331369 -0.24612 0.910834
v -0.201101 -0.423769 -0.176775
vn 0.483209 -0.381816 -0.787862
v -0.2905 -0.410324 -0.149942
vn -0.798569 0.455877 -0.393019
v -0.280639 -0.407878 -0.11795
vn -0.81172 0.0189071 0.58374
v 0.197992 -0.462064 0.266682
vn 0.799753 0.5933 -0.0916019
v 0.178341 -0.444978 0.18986
vn 0.661635 0.575828 -0.480272
v 0.168097 -0.444555 0.171281
vn 0.280442 0.467788 -0.838169
v 0.0679488 -0.429898 0.12921
vn -0.742714 -0.42257 -0.519433
v 0.152012 -0.47228 0.286658
vn -0.503428 -0.402291 0.764672
v -0.143652 -0.437127 -0.109443
vn 0.861814 -0.349285 -0.367798
v -0.164273 -0.437935 -0.123808
vn 0.551326 -0.532798 -0.642001
v -0.244221 -0.427707 -0.0526437
vn -0.679399 -0.17257 0.713188
v -0.214635 -0.431161 -0.0287581
vn -0.612071 -0.370366 0.698711
v -0.205752 -0.412 -0.0145202
vn -0.592185 -0.393425 0.703231
v 0.188851 -0.467751 0.296949
vn 0.697073 0.23181 0.678493
v 0.0717632 -0.460534 0.170272
vn 0.0229619 -0.228805 -0.973201
v -0.210951 -0.398487 -0.190233
vn 0.395638 -0.0714369 -0.915624
v -0.2749 -0.407236 -0.164775
vn -0.717608 0.505307 -0.479273
v -0.212114 -0.446414 -0.0220447
vn -0.338447 -0.324231 0.883362
v 0.198854 -0.458864 0.283741
vn 0.824242 0.314415 0.470923
v 0.0806051 -0.453304 0.243114
vn -0.502605 -0.524017 0.687601
v -0.158023 -0.438938 -0.10671
vn 0.543805 -0.35444 -0.760689
v -0.232758 -0.397009 -0.186251
vn -0.276705 0.012921 -0.960868
v -0.188415 -0.450712 -0.0382657
vn 0.551597 0.013126 0.834008
v 0.0993667 -0.44224 0.124579
vn 0.424432 -0.0985838 -0.900077
v 0.0843443 -0.444946 0.134306
vn -0.0803626 -0.19241 -0.978019
v 0.0499202 -0.450187 0.165944
vn -0.818494 -0.498601 -0.285419
v 0.179499 -0.45509 0.297166
vn -0.0927484 -0.0641561 0.993621
v -0.152864 -0.424822 -0.0930184
vn 0.890644 -0.25209 0.378424
v -0.192343 -0.418076 -0.149807
vn 0.658441 -0.348015 -0.667339
v -0.198718 -0.411427 -0.169963
vn 0.823313 0.556167 -0.113285
v 0.0525151 -0.447259 0.200533
vn -0.791439 -0.443921 0.420188
v 0.114317 -0.46635 0.251049
vn -0.530065 -0.57411 0.624042
v 0.185673 -0.459734 0.28998
vn 0.679186 0.159515 0.716423
v 0.117726 -0.450415 0.13781
vn 0.493396 0.02476 -0.869452
v 0.0770714 -0.439152 0.131303
vn -0.153643 -0.234199 -0.959971
v 0.154909 -0.445588 0.183186
vn 0.14135 0.53868 -0.830568
v 0.0672245 -0.453188 0.155759
vn -0.9082 -0.416154 -0.0446018
v 0.0495981 -0.452239 0.160309
vn -0.55858 -0.529776 -0.638221
v 0.155255 -0.462372 0.29649
vn -0.125512 -0.357403 0.925478
v -0.154543 -0.434712 -0.0499279
vn 0.82557 -0.339537 -0.45072
v -0.142601 -0.410334 -0.110075
vn 0.932246 -0.0792006 0.35305
v -0.200103 -0.438376 -0.0291117
vn 0.20861 -0.317482 0.925034
v 0.182877 -0.4423 0.246597
vn 0.83985 0.541274 -0.0409151
v 0.137004 -0.44285 0.167095
vn 0.727669 0.0125743 -0.685813
v 0.0649086 -0.459941 0.226934
vn -0.767547 -0.39043 0.508365
v -0.150332 -0.425387 -0.118203
vn 0.655904 -0.52531 -0.54207
v 0.185702 -0.442799 0.290827
vn 0.851642 0.517506 0.0830208
v 0.0395361 -0.447996 0.192883
vn -0.781579 -0.427166 0.454603
v 0.0529493 -0.451035 0.20984
vn -0.696915 -0.50949 0.504708
v 0.0940864 -0.452335 0.243863
vn -0.479126 -0.426581 0.767116
v -0.16595 -0.431216 -0.0646721
vn 0.923187 -0.375413 -0.0824018
v -0.218645 -0.399961 -0.188428
vn -0.185016 -0.0943289 -0.978198
v -0.251381 -0.400142 -0.173015
vn -0.417024 0.251389 -0.873439
v 0.180589 -0.440028 0.200207
vn 0.555548 0.649299 -0.519401
v 0.0722258 -0.434879 0.143257
vn -0.822073 -0.324439 -0.467906
v 0.127497 -0.455639 0.279493
vn -0.589231 -0.416925 0.692084
v -0.146278 -0.411559 -0.101098
vn 0.930824 -0.104951 0.350073
v -0.177482 -0.422316 -0.143535
vn 0.327681 -0.555179 -0.764462
v -0.259494 -0.38838 -0.0605545
vn -0.84419 -0.0783395 0.530289
v -0.185863 -0.434268 -0.0394953
vn 0.430922 -0.253728 0.865984
v 0.179911 -0.438073 0.272607
vn 0.888501 0.458813 0.00748476
v 0.0618821 -0.457065 0.214572
vn -0.844026 -0.344595 0.410944
v 0.109536 -0.459118 0.261722
vn -0.668589 -0.428668 0.607645
v -0.202592 -0.401808 -0.181027
vn 0.869288 0.0188851 -0.493944
v -0.285855 -0.392372 -0.136235
vn -0.84664 0.453416 -0.278594
v -0.29055 -0.393066 -0.122274
vn -0.951305 0.129545 0.279708
v -0.283267 -0.406753 -0.102537
vn -0.912057 -0.0256421 0.409261
v -0.252631 -0.412152 -0.0562151
vn -0.657338 -0.11329 0.745032
v -0.192047 -0.435489 -0.0280339
vn 0.773516 -0.307718 0.554061
v -0.176562 -0.440115 -0.040927
vn -0.0845039 -0.269116 0.959393
v -0.158583 -0.429833 -0.0358485
vn 0.0868359 -0.293882 0.951889
v 0.16134 -0.414712 0.209512
vn 0.818927 0.561917 -0.116647
v 0.157101 -0.416246 0.199346
vn 0.730091 0.576579 -0.366775
v 0.163908 -0.434129 0.181875
vn 0.682674 0.316648 -0.658552
v 0.173675 -0.446077 0.298728
vn 0.0398198 -0.34061 0.939361
v -0.154672 -0.420595 -0.0763895
vn 0.904624 -0.330646 0.268941
v -0.193345 -0.403346 -0.167261
vn 0.610534 -0.413879 -0.675243
v -0.233675 -0.381569 -0.182672
vn -0.580078 0.209995 -0.787027
v -0.27293 -0.391625 -0.151567
vn -0.718579 0.517214 -0.464903
v -0.147728 -0.429206 -0.0398545
vn 0.902761 -0.36301 0.230752
v -0.263277 -0.402884 -0.0806932
vn -0.98217 -0.0419695 0.183248
v 0.0698872 -0.439711 0.163574
vn -0.865284 -0.415294 -0.280738
v 0.0383203 -0.444809 0.177175
vn -0.865437 -0.462687 -0.192195
v 0.15523 -0.446527 0.295988
vn -0.329444 -0.391127 0.859352
v -0.158423 -0.414448 -0.141186
vn 0.515859 -0.44153 -0.734126
v -0.267859 -0.397758 -0.0923077
vn -0.778847 -0.0750104 0.622713
v 0.1196 -0.425688 0.146461
vn 0.549332 0.0923837 -0.830481
v 0.109134 -0.433254 0.139669
vn 0.652093 0.230761 -0.722167
v 0.101062 -0.429655 0.127604
vn 0.686042 0.235179 -0.688504
v -0.227242 -0.416702 -0.035117
vn -0.706828 -0.146324 0.692087
v 0.18225 -0.439888 0.301191
vn 0.743652 0.247776 0.620958
v 0.173265 -0.423741 0.291702
vn 0.875307 0.472662 0.102116
v 0.0576854 -0.423048 0.225017
vn -0.642967 -0.454478 0.616476
v -0.261225 -0.382817 -0.164537
vn -0.713162 0.463092 -0.526256
v 0.143114 -0.433339 0.161082
vn 0.632814 -0.104626 -0.767203
v 0.0845372 -0.420731 0.121955
vn -0.00922575 -0.174863 -0.98455
v 0.106802 -0.437979 0.266233
vn -0.6183 -0.430015 0.657869
v 0.140091 -0.441339 0.293674
vn -0.399469 -0.418228 0.815788
v -0.169698 -0.391523 -0.156361
vn 0.650552 -0.358057 -0.66976
v -0.187792 -0.403507 -0.160874
vn 0.476321 -0.462053 -0.748081
v -0.235385 -0.407421 -0.0475317
vn -0.627404 0.0947808 0.772904
v 0.060094 -0.431724 0.146834
vn -0.953831 -0.245166 -0.173493
v 0.166943 -0.429108 0.305016
vn 0.294665 0.0729688 0.952811
v -0.177752 -0.426416 -0.0325756
vn 0.127414 -0.410972 0.9027
v -0.226891 -0.383371 -0.194519
vn -0.329052 0.102267 -0.938758
v 0.0639305 -0.432489 0.23389
vn -0.772289 -0.392541 0.499481
v 0.125233 -0.442191 0.278145
vn -0.646017 -0.364977 0.670413
v -0.18667 -0.417624 -0.0296082
vn 0.14546 -0.46635 0.872559
v -0.143178 -0.392167 -0.0788043
vn 0.961336 -0.252896 0.108978
v -0.14422 -0.387907 -0.0695089
vn 0.955146 -0.292436 0.0466692
v -0.14574 -0.397185 -0.141697
vn 0.50369 -0.392891 -0.769372
v 0.142166 -0.423655 0.17213
vn 0.589917 0.536353 -0.603592
v 0.075965 -0.426147 0.120259
vn -0.147823 -0.256862 -0.955076
v 0.160304 -0.437448 0.307711
vn -0.145196 -0.364064 0.919987
v -0.202405 -0.388439 -0.177689
vn 0.843633 0.0245797 -0.536357
v -0.243817 -0.373375 -0.174284
vn -0.572257 0.276082 -0.772205
v 0.130554 -0.424625 0.151721
vn 0.774057 0.141431 -0.617116
v 0.0915319 -0.417223 0.126941
vn 0.727884 0.0818685 -0.680796
v -0.149452 -0.420917 -0.0360871
vn 0.846314 -0.424576 0.321694
v -0.272533 -0.378197 -0.11088
vn -0.920608 0.137936 0.365314
v 0.155522 -0.417087 0.183471
vn 0.61748 0.604419 -0.503384
v 0.0419755 -0.428488 0.147989
vn 0.213142 -0.16728 -0.962594
v 0.0486108 -0.41963 0.155257
vn 0.290149 -0.13785 -0.947001
v 0.0934 -0.433056 0.259104
vn -0.513036 -0.429005 0.743471
v -0.189395 -0.413861 -0.0136532
vn 0.439299 -0.254949 0.861404
v -0.146344 -0.39915 -0.0920373
vn 0.971162 -0.22884 0.0669078
v -0.275 -0.379121 -0.0999562
vn -0.954274 0.0841661 0.286839
v -0.16716 -0.417845 -0.0336684
vn -0.0530657 -0.346939 0.936385
v -0.217434 -0.379838 -0.19049
vn 0.129636 0.0733862 -0.988842
v -0.205859 -0.382075 -0.190519
vn 0.69457 0.175196 -0.697767
v -0.228076 -0.409153 -0.0315331
vn -0.882789 -0.0527464 0.466799
v 0.147032 -0.433125 0.301878
vn -0.273165 -0.362596 0.891013
v -0.189215 -0.410749 -0.026487
vn 0.792848 -0.100565 0.601065
v -0.149353 -0.413177 -0.0440194
vn 0.882381 -0.341383 -0.323823
v -0.149129 -0.400353 -0.0598011
vn 0.854943 -0.309066 -0.416594
v -0.137702 -0.377569 -0.137759
vn 0.897944 -0.329047 -0.292273
v -0.194491 -0.386937 -0.168559
vn 0.0275712 -0.477454 -0.878224
v -0.218644 -0.412146 -0.0133359
vn -0.702082 -0.318636 0.63683
v 0.173721 -0.412472 0.278059
vn 0.897247 0.441426 0.00956044
v 0.130164 -0.421911 0.29943
vn -0.528199 -0.523626 0.668447
v -0.164666 -0.385837 -0.148787
vn 0.521386 -0.268557 -0.809959
v 0.145274 -0.4098 0.188231
vn 0.767213 0.447638 -0.459351
v -0.274214 -0.37839 -0.13353
vn -0.718261 0.551038 -0.424804
v -0.20246 -0.400291 -0.0123059
vn 0.81355 -0.226584 0.535534
v 0.0637853 -0.400264 0.121164
vn -0.402248 -0.184413 -0.896766
v 0.032396 -0.421382 0.154885
vn -0.792707 -0.406892 -0.453933
v 0.113334 -0.428413 0.283014
vn -0.609499 -0.500202 0.615068
v -0.184007 -0.415247 -0.0231044
vn 0.221992 -0.0967661 0.970235
v -0.148999 -0.411321 -0.026581
vn 0.257928 -0.244826 0.93463
v -0.221657 -0.369088 -0.183256
vn -0.497947 0.22723 -0.836908
v -0.240145 -0.387875 -0.0508948
vn -0.436308 -0.139476 0.888922
v -0.203182 -0.399892 0.00299424
vn 0.209601 -0.397509 0.893339
v 0.0998528 -0.407036 0.138496
vn 0.586447 0.28227 -0.759213
v 0.0710888 -0.422695 0.254499
vn -0.552507 -0.369727 0.747019
v 0.15588 -0.4207 0.303543
vn 0.0356119 -0.0089996 0.999325
v -0.172695 -0.403025 -0.0276562
vn -0.184372 -0.26792 0.945635
v -0.176011 -0.385636 -0.175129
vn 0.392901 -0.446807 -0.803736
v -0.204308 -0.37422 -0.177527
vn 0.609875 -0.37325 -0.699097
v -0.27237 -0.358981 -0.111126
vn -0.915165 0.398547 -0.0602769
v -0.266697 -0.353809 -0.076526
vn -0.842121 -0.0562076 0.536352
v -0.261234 -0.371785 -0.0784446
vn -0.922173 -0.061357 0.38188
v 0.153669 -0.391897 0.256266
vn 0.881676 0.459288 -0.10817
v 0.148543 -0.39224 0.231317
vn 0.934328 0.355972 -0.0177646
v 0.108685 -0.4058 0.145923
vn 0.473966 0.176747 -0.862622
v -0.16326 -0.406688 -0.029811
vn 0.378366 -0.379407 0.844328
v -0.258758 -0.370743 -0.155518
vn -0.818848 0.39253 -0.418817
v -0.259261 -0.383336 -0.0713901
vn -0.995982 -0.00833237 0.0891686
v -0.226303 -0.398673 -0.0430403
vn -0.743087 0.1617 0.649365
v 0.0578662 -0.415835 0.136679
vn -0.798195 -0.602198 -0.0155376
v 0.0370842 -0.428177 0.174794
vn -0.929481 -0.35476 0.10105
v 0.163582 -0.405084 0.281894
vn 0.843025 0.532553 -0.0754782
v -0.133854 -0.37319 -0.131882
vn 0.984523 -0.17512 -0.00692075
v -0.207111 -0.369119 -0.192413
vn 0.50465 -0.338502 -0.794194
v 0.143922 -0.395086 0.194382
vn 0.807888 0.195366 -0.556012
v 0.0560616 -0.414475 0.142126
vn -0.855649 -0.497447 -0.142867
v 0.02268 -0.414787 0.163332
vn -0.873266 -0.460089 -0.16039
v 0.029665 -0.409408 0.199511
vn -0.840531 -0.446191 0.30728
v 0.0280718 -0.411112 0.210234
vn -0.879005 -0.436954 0.190847
v 0.154887 -0.40123 0.305177
vn 0.303845 0.056013 0.951074
v -0.14059 -0.403556 -0.0380315
vn 0.865083 -0.437933 0.244634
v -0.192585 -0.362661 -0.187091
vn 0.275333 -0.308938 -0.910356
v -0.251971 -0.385586 -0.0552041
vn -0.629826 -0.0787572 0.772733
v -0.222297 -0.39934 -0.0276118
vn -0.834715 0.397898 0.380693
v -0.218438 -0.400901 -0.0119587
vn -0.783384 0.530971 0.323077
v 0.158346 -0.397971 0.298787
vn 0.825175 0.417416 0.380592
v 0.132892 -0.405536 0.1569
vn 0.886214 0.280888 -0.368411
v 0.120559 -0.396593 0.1476
vn 0.393663 0.152738 -0.906477
v 0.0909756 -0.404365 0.132537
vn 0.881641 -0.0468547 -0.469589
v 0.0878374 -0.397059 0.119366
vn 0.466413 -0.0496843 -0.883171
v 0.0279014 -0.421286 0.188544
vn -0.958431 -0.284841 -0.0165832
v 0.0613413 -0.419328 0.242708
vn -0.688751 -0.387187 0.612951
v -0.187841 -0.396374 -0.0228861
vn 0.345521 -0.320433 0.882008
v -0.162767 -0.407098 -0.0191503
vn 0.266872 -0.509021 0.818338
v -0.174696 -0.369538 -0.170008
vn 0.656435 -0.311473 -0.687079
v -0.214809 -0.363556 -0.194083
vn 0.0720833 0.25494 -0.964266
v -0.229059 -0.354917 -0.183029
vn -0.595758 0.279439 -0.752985
v 0.128381 -0.410369 0.311119
vn -0.153241 -0.152035 0.976423
v 0.149875 -0.405284 0.302997
vn 0.121835 -0.0708123 0.990021
v -0.131779 -0.389287 -0.0422714
vn 0.902721 -0.322644 -0.284599
v -0.148695 -0.358751 -0.152054
vn 0.308775 -0.414555 -0.856039
v 0.151082 -0.386986 0.208407
vn 0.945309 0.266341 -0.18829
v 0.0324147 -0.408463 0.22667
vn -0.684242 -0.400801 0.609238
v 0.0915171 -0.418314 0.262757
vn -0.505463 -0.373946 0.777606
v -0.14501 -0.378248 -0.0953371
vn 0.956254 -0.252021 0.148538
v -0.268859 -0.363218 -0.122296
vn -0.89153 0.345748 -0.292629
v -0.261873 -0.360118 -0.0610179
vn -0.949762 -0.0147959 0.312625
v -0.180319 -0.39395 -0.0311899
vn 0.0743924 -0.328108 0.941707
v 0.103345 -0.402243 0.285302
vn -0.672326 -0.390103 0.629125
v -0.143087 -0.394683 -0.0314007
vn 0.578731 -0.370713 0.72639
v -0.20962 -0.391078 -0.0260795
vn -0.580133 0.676175 0.454129
v 0.131721 -0.402427 0.17845
vn 0.878645 0.325512 -0.349319
v 0.109866 -0.409717 0.295743
vn -0.670643 -0.235936 0.703258
v -0.24737 -0.352969 -0.156884
vn -0.649028 0.389854 -0.653282
v -0.211183 -0.396081 -0.00601749
vn -0.796763 0.456578 0.39586
v 0.0723816 -0.38743 0.120518
vn -0.101733 -0.0127695 -0.99473
v 0.0516847 -0.410288 0.150379
vn -0.558897 -0.62985 -0.539373
v -0.203124 -0.358619 -0.183947
vn -0.0685814 0.476775 -0.876346
v -0.234156 -0.376012 -0.0438005
vn -0.469903 -0.294433 0.832166
v -0.220198 -0.384409 -0.0376581
vn -0.533408 -0.0341786 0.845167
v -0.164034 -0.388215 -0.0191105
vn -0.200661 -0.406272 0.891447
v 0.043197 -0.406738 0.235864
vn -0.741232 -0.463389 0.485639
v -0.133823 -0.36756 -0.123874
vn 0.956664 -0.220233 0.190502
v -0.252086 -0.37079 -0.0602837
vn -0.7791 -0.0812916 0.621606
v -0.203784 -0.389787 -0.0168492
vn -0.943149 0.32642 0.0626178
v 0.0453053 -0.399047 0.137445
vn -0.739016 -0.488011 -0.464436
v 0.0280708 -0.40242 0.149501
vn -0.44676 -0.353137 -0.822009
v 0.0212531 -0.385585 0.156035
vn -0.789901 -0.383197 -0.478766
v -0.255504 -0.346192 -0.148665
vn -0.856003 0.226649 -0.464639
v -0.251934 -0.361245 -0.0453077
vn -0.758981 -0.0925061 0.644508
v 0.0456422 -0.385138 0.128915
vn -0.628463 -0.301541 -0.717013
v -0.143639 -0.387288 -0.0209267
vn 0.425839 -0.486285 0.763012
v -0.131873 -0.361118 -0.15688
vn 0.476756 -0.378664 -0.793295
v -0.212373 -0.34504 -0.187164
vn 0.0620053 0.224041 -0.972605
v -0.203258 -0.380589 -0.00286174
vn -0.887598 0.0728038 0.45483
v -0.167932 -0.384028 -0.0144116
vn -0.500978 -0.371227 0.781801
v 0.153831 -0.382137 0.286428
vn 0.885391 0.463735 -0.032116
v 0.127267 -0.378364 0.172228
vn 0.904677 0.200061 -0.376211
v 0.105171 -0.379695 0.148804
vn 0.610354 -0.0323161 -0.791469
v 0.0518805 -0.406922 0.239662
vn -0.513653 -0.40406 0.756899
v 0.0786063 -0.399186 0.265776
vn -0.514349 -0.370974 0.773191
v -0.151769 -0.380985 -0.0215033
vn 0.274331 -0.409539 0.870069
v -0.268084 -0.349425 -0.087743
vn -0.938325 0.323354 0.122424
v 0.095848 -0.385424 0.12882
vn 0.863596 -0.0651343 -0.499959
v 0.0238663 -0.402901 0.191353
vn -0.793774 -0.563779 0.228199
v -0.23748 -0.356054 -0.0362056
vn -0.318697 -0.0445609 0.946809
v -0.202647 -0.375941 -0.0314087
vn -0.768708 0.0354779 0.638615
v -0.196285 -0.382027 -0.000220273
vn 0.903357 -0.193879 0.382567
v -0.182164 -0.362893 -0.00685459
vn 0.386987 -0.44018 0.810236
v 0.0367567 -0.397047 0.146477
vn -0.360961 -0.451386 -0.816062
v -0.200362 -0.376128 -0.00956969
vn -0.973308 -0.125695 0.192022
v -0.156531 -0.381053 -0.014635
vn 0.723469 -0.277233 0.632245
v 0.0257191 -0.390349 0.154456
vn -0.871983 -0.483474 -0.0767951
v 0.150107 -0.383683 0.267731
vn 0.914247 0.404438 -0.0241187
v 0.116829 -0.391417 0.299346
vn -0.486413 -0.468488 0.73751
v 0.142898 -0.389306 0.312234
vn 0.298704 0.0162399 0.954208
v -0.133617 -0.385635 -0.0325513
vn 0.867417 -0.330954 0.37156
v -0.180534 -0.346598 -0.183147
vn 0.310485 -0.17656 -0.934037
v -0.195173 -0.337768 -0.171105
vn 0.151973 0.00139813 -0.988384
v -0.228746 -0.324059 -0.161749
vn -0.780192 0.436644 -0.447931
v -0.265007 -0.344304 -0.110089
vn -0.882854 0.442206 -0.158189
v -0.213167 -0.369071 -0.0297547
vn -0.477486 -0.0542334 0.876964
v 0.151879 -0.383015 0.29871
vn 0.809337 0.409899 0.420662
v 0.141936 -0.362444 0.229866
vn 0.962438 0.271481 0.00332586
v -0.141404 -0.367018 -0.0809754
vn 0.96991 -0.24083 -0.0357129
v -0.251002 -0.322685 -0.146365
vn -0.761851 0.425755 -0.488176
v -0.257709 -0.337133 -0.125326
vn -0.873524 0.479665 -0.0829359
v 0.133939 -0.362152 0.187357
vn 0.761297 0.303416 -0.573032
v 0.0788932 -0.375634 0.117927
vn -0.0520549 0.0744341 -0.995866
v 0.129785 -0.390157 0.306658
vn -0.23309 -0.120609 0.964947
v -0.178241 -0.331318 -0.17828
vn -0.387168 0.138926 -0.911483
v -0.20571 -0.368171 -0.0206139
vn -0.996497 -0.0637176 -0.0541682
v -0.175514 -0.355913 -0.00940189
vn -0.293307 -0.485036 0.823839
v -0.156106 -0.364902 -0.000507511
vn 0.567756 -0.413337 0.711903
v 0.0905543 -0.357646 0.121583
vn 0.589193 0.104042 -0.801266
v 0.0616606 -0.395341 0.256662
vn -0.591841 -0.398032 0.700924
v -0.138044 -0.358513 -0.0636428
vn 0.91559 -0.307088 -0.259598
v -0.149143 -0.327149 -0.174823
vn 0.503026 -0.411863 -0.759825
v -0.18845 -0.360555 -0.00960926
vn 0.464817 -0.36026 0.8088
v 0.142664 -0.365813 0.219563
vn 0.955055 0.279515 0.0986934
v 0.0580768 -0.376142 0.124374
vn -0.122274 -0.0392335 -0.991721
v -0.254732 -0.349947 -0.0529952
vn -0.681139 0.0540983 0.730153
v 0.117591 -0.367575 0.155108
vn 0.759815 0.163714 -0.629189
v -0.130819 -0.368863 -0.0347676
vn 0.974776 -0.166296 0.148854
v -0.259545 -0.339238 -0.071838
vn -0.945695 0.243888 0.214892
v 0.0116603 -0.381882 0.203217
vn -0.838373 -0.468175 0.279181
v -0.134738 -0.357245 -0.0951994
vn 0.936008 -0.228243 0.267943
v -0.212192 -0.354357 -0.0223116
vn -0.132576 0.0154475 0.991052
v -0.20823 -0.354922 -0.00721732
vn -0.980033 -0.11421 0.162763
v -0.198973 -0.365874 0.00257781
vn 0.11272 -0.218484 0.969308
v -0.163274 -0.362702 -0.00438552
vn -0.489381 -0.420675 0.763897
v 0.14285 -0.377096 0.306743
vn 0.710494 0.323658 0.624855
v 0.142651 -0.358265 0.201886
vn 0.926691 0.307478 -0.216106
v 0.0114291 -0.392658 0.189894
vn -0.895926 -0.437274 0.0781575
v 0.0411603 -0.388778 0.247647
vn -0.204039 -0.38141 0.901607
v 0.0985636 -0.38518 0.296989
vn -0.470815 -0.533777 0.702435
v -0.122318 -0.34246 -0.126727
vn 0.981657 -0.0852569 0.170533
v 0.143765 -0.360125 0.242931
vn 0.911007 0.411933 -0.0194219
v 0.0226558 -0.374446 0.222042
vn -0.712488 -0.362738 0.600651
v 0.11542 -0.379294 0.314086
vn -0.151776 -0.173284 0.973107
v 0.134212 -0.376545 0.308526
vn 0.0118465 0.0996022 0.994957
v -0.15481 -0.35216 -0.00802626
vn 0.604639 -0.39899 0.689361
v -0.126986 -0.356236 -0.0461918
vn 0.894835 -0.246658 -0.372062
v -0.204252 -0.320484 -0.178419
vn -0.147882 0.159072 -0.976129
v 0.142555 -0.367144 0.275959
vn 0.92411 0.379834 -0.0417843
v -0.131119 -0.321716 -0.167567
vn 0.46758 -0.368514 -0.803471
v -0.167992 -0.32796 -0.185433
vn 0.214328 -0.317208 -0.92382
v -0.217356 -0.314071 -0.17707
vn -0.55934 0.479123 -0.676447
v 0.0928628 -0.352732 0.132656
vn 0.818278 0.0911776 -0.567545
v 0.0330944 -0.37378 0.136038
vn -0.557662 -0.410445 -0.721491
v -0.128127 -0.344497 -0.140529
vn 0.929171 -0.28112 -0.240025
v -0.260273 -0.330943 -0.0920975
vn -0.936541 0.34839 0.0389343
v -0.255384 -0.327922 -0.106368
vn -0.95293 0.248588 -0.173578
v -0.256909 -0.336426 -0.0572797
vn -0.808682 0.3062 0.502269
v -0.245411 -0.331914 -0.0415492
vn -0.630201 0.158837 0.760012
v -0.204461 -0.335325 0.00500689
vn -0.983655 -0.0519109 0.172421
v 0.0156133 -0.375973 0.211852
vn -0.723563 -0.475221 0.500622
v 0.0775878 -0.379221 0.274816
vn -0.475045 -0.497932 0.725532
v 0.0613197 -0.375931 0.272945
vn -0.635181 -0.371413 0.677199
v 0.0885749 -0.384876 0.285379
vn -0.742337 -0.423761 0.519001
v -0.127822 -0.3592 -0.0215754
vn 0.833168 -0.353358 0.425405
v -0.127945 -0.356427 -0.0370595
vn 0.883117 -0.391954 -0.257831
v -0.180084 -0.322232 -0.188028
vn -0.192295 -0.355459 -0.914697
v 0.0509912 -0.383072 0.252452
vn -0.6503 -0.326898 0.685746
v -0.129397 -0.337526 -0.155687
vn 0.970213 -0.190001 -0.15029
v -0.190395 -0.318109 -0.183885
vn -0.34161 -0.219916 -0.91375
v -0.19271 -0.344772 0.00398476
vn 0.80125 -0.301936 0.516558
v 0.142203 -0.364863 0.294694
vn 0.850959 0.476475 0.221
v 0.125255 -0.360875 0.165577
vn 0.866351 0.336816 -0.368768
v 0.0495417 -0.372556 0.122333
vn -0.32613 -0.113006 -0.938546
v 0.00809374 -0.375121 0.172582
vn -0.893968 -0.408318 -0.184655
v 0.0307136 -0.366999 0.237513
vn -0.814446 -0.410219 0.410364
v -0.136002 -0.354001 -0.00723494
vn 0.354617 -0.302004 0.884896
v -0.24109 -0.312452 -0.140655
vn -0.903704 0.259124 -0.340842
v -0.221411 -0.340769 -0.0393377
vn -0.233455 0.0544923 0.970839
v -0.204214 -0.343712 -0.0176357
vn -0.9383 0.0674333 -0.339183
v 0.00336249 -0.364458 0.18301
vn -0.868774 -0.494073 0.033513
v -0.243897 -0.298757 -0.0699817
vn -0.887675 0.379144 0.26131
v -0.243128 -0.328434 -0.0560386
vn -0.824309 0.281402 0.49125
v -0.161325 -0.349334 0.00655192
vn 0.183752 -0.482319 0.856506
v 0.0699987 -0.362921 0.119488
vn -0.0309634 0.0934265 -0.995145
v 0.000713144 -0.357548 0.142474
vn -0.59726 -0.407096 -0.691052
v 0.138267 -0.365349 0.310709
vn 0.585167 0.424783 0.690753
v 0.139339 -0.354483 0.262768
vn 0.9034 0.427647 0.0314029
v 0.0182415 -0.368802 0.14039
vn -0.307631 -0.353212 -0.883518
v -0.128382 -0.357268 -0.0287431
vn 0.947972 -0.305195 0.0905784
v -0.216087 -0.309711 -0.160268
vn -0.644611 0.68288 -0.343732
v -0.232502 -0.315008 -0.145182
vn -0.498994 0.410644 -0.763136
v -0.213481 -0.326925 -0.0336219
vn -0.571607 -0.0549052 0.818688
v -0.19754 -0.339938 0.00941253
vn 0.103027 -0.284119 0.953238
v -0.170287 -0.354077 5.77351e-05
vn -0.579242 -0.587342 0.56525
v -0.180198 -0.347029 -0.000672767
vn -0.0187625 -0.364139 0.931156
v 0.110137 -0.361922 0.304971
vn 0.0489182 0.273864 0.960524
v 0.0226094 -0.346211 0.124904
vn -0.278339 -0.148556 -0.948925
v 0.0928314 -0.364032 0.307292
vn -0.564264 -0.220285 0.795664
v -0.249997 -0.294549 -0.0899579
vn -0.913544 0.391559 0.11009
v -0.198051 -0.325724 -0.0284083
vn -0.668316 0.00847394 0.74383
v -0.172888 -0.343643 0.0149479
vn -0.681049 -0.430149 0.592574
v 0.119341 -0.344636 0.185513
vn 0.911287 0.207089 -0.355909
v 0.0454785 -0.339207 0.121262
vn -0.428529 -0.216537 -0.877197
v 0.0313068 -0.364168 0.256403
vn -0.700344 -0.498275 0.511117
v 0.121766 -0.357217 0.306554
vn -0.201942 0.112972 0.97286
v -0.133374 -0.339654 -0.0760368
vn 0.933106 -0.30195 -0.195291
v -0.206079 -0.338492 -0.00315276
vn -0.997527 -0.0585049 -0.0389497
v -0.18594 -0.336347 0.00593425
vn 0.377025 -0.35953 0.853575
v 0.114531 -0.352039 0.16144
vn 0.779824 0.395216 -0.485468
v 0.101218 -0.356695 0.142411
vn 0.750513 0.239685 -0.615858
v 0.0842223 -0.365551 0.28874
vn -0.680323 -0.364166 0.636038
v -0.130602 -0.326235 -0.101361
vn 0.989721 -0.0756451 0.121365
v -0.163974 -0.307449 -0.190314
vn 0.332339 -0.0938953 -0.938475
v -0.157723 -0.337186 0.00996319
vn 0.400251 -0.487137 0.776206
v 0.138076 -0.345606 0.290466
vn 0.873364 0.320781 0.366517
v 0.0461878 -0.360064 0.254857
vn -0.16671 -0.49504 0.852727
v 0.0663022 -0.35912 0.278832
vn -0.777366 -0.210439 0.592805
v 0.135124 -0.337963 0.209728
vn 0.897862 0.335667 -0.284907
v 0.0522516 -0.361378 0.26201
vn -0.542514 -0.450219 0.709212
v -0.195586 -0.29857 -0.172489
vn -0.650833 0.432154 -0.624227
v -0.1214 -0.312991 -0.148266
vn 0.990059 -0.0774404 0.117417
v -0.203775 -0.326331 0.0119768
vn -0.419183 -0.266224 0.867992
v -0.185527 -0.331649 0.00343204
vn 0.54165 -0.128893 0.830664
v 0.132517 -0.356323 0.293698
vn 0.802269 0.431132 0.412903
v 0.126544 -0.345263 0.304656
vn 0.538942 0.426055 0.726649
v -0.13189 -0.31794 -0.115643
vn 0.993509 0.0828483 0.0779491
v -0.174365 -0.302841 -0.189319
vn -0.0611932 0.0943378 -0.993658
v -0.187146 -0.298215 -0.186639
vn -0.528022 0.277864 -0.802486
v -0.256708 -0.306005 -0.109907
vn -0.967359 0.0903178 -0.23677
v -0.207315 -0.317675 -0.0155692
vn -0.869149 0.130636 -0.476985
v 0.135857 -0.344506 0.281164
vn 0.973165 0.222323 -0.0593467
v 0.128927 -0.339989 0.243172
vn 0.94319 0.328307 -0.0510548
v 0.00228011 -0.364286 0.19352
vn -0.887476 -0.455085 0.0726909
v 0.00125825 -0.361313 0.20437
vn -0.788432 -0.555018 0.265198
v -0.118893 -0.340148 -0.0266501
vn 0.810488 -0.383741 0.442552
v -0.238946 -0.302945 -0.0569613
vn -0.741741 0.308206 0.595675
v -0.178537 -0.32965 0.00180585
vn -0.709019 -0.342202 0.616595
v 0.13685 -0.329053 0.221078
vn 0.955883 0.242114 -0.16634
v 0.0726178 -0.356435 0.291779
vn -0.416265 -0.339344 0.843546
v -0.134517 -0.334214 -0.00799663
vn 0.411572 -0.433253 0.801811
v -0.211309 -0.304661 -0.0250172
vn -0.477492 0.131797 0.868695
v 0.0862653 -0.332233 0.131831
vn 0.0316045 0.19453 -0.980387
v 0.0400189 -0.338413 0.130875
vn -0.196869 -0.076189 -0.977465
v -0.00406767 -0.364053 0.160473
vn -0.803769 -0.499175 -0.323697
v -0.11829 -0.316056 -0.0464935
vn 0.793232 -0.355973 -0.494031
v -0.145599 -0.3133 -0.17879
vn 0.45912 -0.144365 -0.876566
v -0.205344 -0.294322 -0.152459
vn -0.516874 0.208502 -0.830282
v -0.239072 -0.299683 -0.143215
vn -0.614193 0.432893 -0.659826
v -0.237961 -0.307435 -0.0504266
vn -0.889052 0.385246 0.24733
v 0.104031 -0.344761 0.144932
vn 0.841046 0.38056 -0.384468
v -0.119226 -0.323439 -0.0158082
vn 0.78178 -0.364847 0.505674
v -0.123742 -0.307931 -0.158192
vn 0.898513 -0.315159 -0.305532
v -0.20259 -0.315132 -0.0166522
vn -0.944859 0.123551 -0.303278
v -0.209412 -0.311946 0.00403981
vn -0.883597 -0.147166 0.444521
v 0.0927282 -0.339385 0.127776
vn 0.782473 0.132777 -0.608364
v 0.0638273 -0.350684 0.126735
vn 0.422832 0.349471 -0.836112
v -0.00987861 -0.345021 0.143731
vn -0.819992 -0.436705 -0.370003
v -0.0101977 -0.350133 0.191656
vn -0.786705 -0.617215 -0.0118407
v 0.0276247 -0.34268 0.273347
vn -0.531055 -0.389934 0.752285
v 0.0563299 -0.346478 0.275739
vn -0.547558 -0.459292 0.699451
v 0.0850168 -0.35117 0.295659
vn -0.564876 0.102671 0.818764
v 0.101524 -0.345809 0.304443
vn -0.228607 0.134551 0.964176
v 0.117411 -0.341196 0.301193
vn 0.127238 0.124056 0.984084
v -0.133993 -0.31108 -0.170734
vn 0.464796 -0.342826 -0.816355
v -0.146617 -0.324737 0.0165093
vn 0.644784 -0.496625 0.581049
v 0.0191602 -0.355851 0.134844
vn -0.492492 -0.317093 -0.810496
v -0.120434 -0.318955 -0.0546587
vn 0.888186 -0.396258 -0.232604
v -0.124876 -0.309634 -0.168531
vn 0.775437 -0.411607 -0.478829
v -0.201291 -0.295879 -0.163668
vn -0.821354 0.314103 -0.476147
v -0.230376 -0.299556 -0.0364637
vn -0.519033 0.204617 0.829902
v -0.194984 -0.323819 0.0130624
vn 0.339709 -0.173986 0.924298
v -0.175981 -0.318004 0.0161524
vn -0.765198 -0.48882 0.41896
v -0.147243 -0.278896 -0.180364
vn 0.358269 0.1074 -0.92742
v -0.251077 -0.295165 -0.111796
vn -0.563968 0.800403 -0.20321
v -0.187706 -0.314113 0.00835516
vn -0.120504 -0.655152 0.745825
v -0.159516 -0.305218 0.0285911
vn 0.293908 -0.621669 0.726048
v 0.072748 -0.338983 0.127073
vn 0.164653 -0.079882 -0.983112
v 0.122657 -0.328734 0.293902
vn 0.689144 0.326174 0.647063
v -0.173398 -0.31196 0.0273102
vn -0.129063 -0.54503 0.828423
v 0.0537476 -0.34285 0.115848
vn 0.442328 0.14645 -0.884815
v -0.0178246 -0.32055 0.228979
vn -0.765218 -0.468748 0.441268
v 0.0201596 -0.341475 0.255133
vn -0.808169 -0.385568 0.445197
v -0.100692 -0.318485 -0.0385871
vn 0.835241 -0.490729 -0.24811
v -0.141062 -0.310231 0.0145126
vn 0.572669 -0.506644 0.644486
v 0.098669 -0.336089 0.160444
vn 0.651187 0.339794 -0.678599
v 0.0917998 -0.330657 0.152132
vn 0.782852 0.405427 -0.471988
v 0.0945735 -0.334723 0.141603
vn 0.938555 0.337807 -0.0707138
v -0.0094478 -0.341112 0.215902
vn -0.765916 -0.517555 0.381458
v 5.68049e-05 -0.330798 0.229062
vn -0.612881 -0.502235 0.61003
v 0.0576744 -0.336905 0.282325
vn -0.475844 -0.226561 0.849849
v -0.206558 -0.302024 0.0204418
vn -0.964762 0.039615 0.260124
v -0.197612 -0.312344 0.0166954
vn 0.317144 -0.318614 0.893255
v 0.136415 -0.328575 0.269816
vn 0.950397 0.292632 -0.105412
v 0.113563 -0.328207 0.168605
vn 0.725949 0.0791438 -0.683179
v -0.0160144 -0.338015 0.20468
vn -0.849911 -0.50183 0.160679
v 0.0906982 -0.332033 0.295159
vn -0.501316 -0.00384715 0.865256
v -0.123058 -0.311891 -0.0835077
vn 0.94242 -0.284929 -0.175098
v -0.199949 -0.271458 -0.156134
vn -0.737006 0.375477 -0.561995
v -0.223834 -0.293331 -0.135951
vn -0.63544 0.677443 -0.370523
v -0.19072 -0.30497 0.0252614
vn -0.433553 -0.621768 0.652254
v 0.129992 -0.327411 0.287691
vn 0.855891 0.341463 0.3884
v 0.12971 -0.325366 0.227629
vn 0.880761 0.163555 0.444421
v 0.0689236 -0.342598 0.292013
vn -0.48831 -0.121058 0.864233
v 0.0795542 -0.339746 0.289466
vn -0.179667 0.0010921 0.983727
v -0.115147 -0.319849 -0.0197837
vn 0.851388 -0.424276 0.308429
v -0.10996 -0.310411 -0.0294613
vn 0.832508 -0.397535 0.38587
v -0.129421 -0.299491 -0.144838
vn 0.945016 -0.114552 0.306304
v 0.120493 -0.311574 0.176055
vn 0.889399 0.247198 -0.384528
v 0.0642026 -0.33615 0.127746
vn 0.00620989 0.11176 -0.993716
v 0.00530696 -0.338582 0.138403
vn -0.436059 -0.249629 -0.864603
v -0.0147934 -0.338442 0.166819
vn -0.818954 -0.547095 -0.173206
v -0.124914 -0.318233 0.00154554
vn 0.644664 -0.441171 0.624321
v -0.199182 -0.305424 0.0105997
vn -0.896278 -0.0340654 0.442182
v 0.123648 -0.317609 0.208234
vn 0.882281 0.256761 -0.394529
v -0.00141486 -0.344269 0.155238
vn -0.821879 -0.498605 -0.275514
v -0.175873 -0.290266 -0.184283
vn -0.310762 0.292638 -0.904318
v 0.0470375 -0.329488 0.283208
vn -0.334558 -0.230894 0.913652
v 0.104009 -0.332761 0.306397
vn -0.19004 -0.00605908 0.981758
v -0.132422 -0.301194 -0.176927
vn 0.124103 -0.222396 -0.967026
v -0.238358 -0.289762 -0.0993432
vn -0.619741 0.695189 -0.364187
v -0.209577 -0.29777 -0.00357591
vn -0.838983 0.173466 -0.515768
v 0.00536817 -0.329625 0.244523
vn -0.733629 -0.508685 0.450587
v 0.117529 -0.329683 0.302349
vn 0.461568 0.112461 0.879947
v -0.140585 -0.288908 -0.176573
vn 0.197192 0.0231163 -0.980092
v -0.149917 -0.294477 0.0358456
vn 0.442403 -0.442925 0.779806
v 0.0942769 -0.327307 0.128919
vn 0.851619 -0.0375513 -0.522815
v 0.0556471 -0.326492 0.124089
vn 0.626449 -0.00826615 -0.779418
v -0.227737 -0.289184 -0.107949
vn -0.715486 0.681869 -0.152098
v -0.197281 -0.299773 0.024113
vn -0.275948 -0.137007 0.951358
v 0.0476371 -0.317827 0.118493
vn 0.0592141 -0.0754114 -0.995393
v 0.0799751 -0.321834 0.294094
vn -0.320143 -0.0218046 0.947118
v -0.182391 -0.275849 -0.176542
vn -0.49496 0.405762 -0.768357
v -0.235572 -0.286528 -0.060551
vn -0.788678 0.528093 0.314809
v -0.193738 -0.297255 -0.00776406
vn -0.741416 0.330906 -0.583784
v -0.169386 -0.306883 0.0410118
vn -0.310797 -0.360793 0.879337
v 0.126947 -0.317023 0.237886
vn 0.997036 -0.00221379 0.0769079
v 0.00849177 -0.33399 0.135059
vn -0.436566 -0.255238 -0.862707
v -0.218185 -0.277202 -0.137934
vn -0.74052 0.572128 -0.352563
v -0.229241 -0.284821 -0.0547055
vn -0.723202 0.476464 0.499961
v -0.210474 -0.287702 -0.0395446
vn -0.506886 0.492909 0.707183
v -0.19816 -0.293029 -0.0224136
vn -0.902 0.127781 0.412394
v -0.186319 -0.296297 0.0247943
vn -0.428518 -0.0443408 0.902445
v 0.0247987 -0.323539 0.262028
vn -0.711318 -0.211396 0.670327
v -0.123883 -0.297996 -0.100416
vn 0.9174 -0.38138 -0.113692
v -0.121489 -0.285976 -0.18177
vn 0.33175 -0.294709 -0.896152
v -0.162616 -0.281235 -0.187432
vn 0.130793 0.277646 -0.951738
v -0.21928 -0.276607 -0.0502849
vn -0.634641 0.475137 0.609488
v -0.0245459 -0.330656 0.191053
vn -0.828686 -0.551154 0.0975075
v -0.0267319 -0.322341 0.212811
vn -0.898144 -0.317055 0.304652
v -0.16966 -0.269645 -0.182886
vn -0.139309 0.510909 -0.848272
v -0.237645 -0.278391 -0.090217
vn -0.797689 0.594716 0.100022
v -0.199295 -0.289016 -0.0143748
vn -0.939901 0.154318 0.304584
v -0.213055 -0.283743 0.00804038
vn -0.817371 0.0450154 0.57435
v 0.125954 -0.312003 0.282113
vn 0.991209 0.0880244 0.0987704
v 0.102174 -0.307942 0.163472
vn 0.553218 0.294815 -0.779124
v 0.0925918 -0.323292 0.14377
vn 0.950137 0.00885041 0.311706
v -0.0190369 -0.32475 0.152036
vn -0.770263 -0.558792 -0.30732
v -0.0215195 -0.30967 0.217949
vn -0.830987 -0.329755 0.44802
v -0.193345 -0.264499 -0.165758
vn -0.722335 0.325208 -0.610304
v -0.202949 -0.271734 0.0101752
vn -0.922698 0.0802594 0.377076
v 0.0275299 -0.312201 0.123033
vn -0.194151 -0.295465 -0.935417
v 0.00771024 -0.316981 0.256701
vn -0.586512 -0.238749 0.773952
v 0.100292 -0.307314 0.303694
vn -0.18268 0.124984 0.975196
v -0.117656 -0.299008 -0.0661192
vn 0.789527 -0.446457 -0.421098
v -0.127184 -0.294187 -0.11602
vn 0.855686 -0.508811 -0.0944112
v -0.205528 -0.279706 0.00332879
vn -0.717844 0.103844 -0.688416
v -0.16544 -0.297606 0.0320508
vn -0.625805 0.458386 0.63107
v -0.175053 -0.296843 0.0296161
vn -0.131537 0.559602 0.818256
v -0.157076 -0.295944 0.0445114
vn 0.227106 -0.227328 0.946966
v 0.0602607 -0.316231 0.28915
vn -0.138184 -0.11254 0.983992
v 0.0885556 -0.300575 0.296666
vn -0.287505 0.0744041 0.954885
v 0.115066 -0.310712 0.299326
vn 0.596144 0.328099 0.732778
v -0.107489 -0.303095 -0.0546166
vn 0.581056 -0.508599 -0.635375
v -0.112283 -0.290084 -0.158298
vn 0.938767 -0.343419 -0.0279284
v -0.235887 -0.277022 -0.101917
vn -0.761353 0.550279 -0.342831
v 0.0876483 -0.320756 0.128884
vn 0.492651 -0.207887 -0.845032
v -0.197872 -0.276473 0.0162599
vn -0.505119 0.188732 0.842161
v 0.0959149 -0.314571 0.13355
vn 0.997455 -0.0712654 -0.00238234
v 0.0741115 -0.311362 0.117281
vn -0.176816 -0.00495438 -0.984231
v -0.129694 -0.278302 0.0303183
vn 0.600708 -0.466363 0.649349
v -0.110813 -0.300641 -0.00673177
vn 0.666702 -0.492628 0.559308
v -0.191758 -0.286104 0.023258
vn -0.114047 0.390112 0.913677
v 0.0921748 -0.304967 0.127423
vn 0.379936 -0.174926 -0.908322
v 0.0680795 -0.311795 0.133024
vn 0.00324384 -0.0789732 -0.996871
v -0.0202755 -0.301209 0.237782
vn -0.394634 -0.33763 0.854558
v -0.126816 -0.28712 0.0144247
vn 0.579591 -0.491075 0.650323
v -0.119259 -0.287872 -0.169379
vn 0.868531 -0.376982 -0.321774
v -0.169911 -0.287223 0.0235628
vn -0.570197 0.312733 0.759653
v 0.122933 -0.30926 0.288599
vn 0.674789 0.16064 0.720316
v 0.00118901 -0.320213 0.127577
vn -0.356894 -0.404804 -0.841879
v -0.111093 -0.28297 -0.150916
vn 0.8268 -0.549395 0.120695
v -0.221823 -0.271961 -0.0623034
vn -0.841731 0.435126 0.319615
v 0.131918 -0.299618 0.22838
vn 0.96965 0.139027 0.201124
v 0.11566 -0.29529 0.188926
vn 0.741038 0.535619 -0.404938
v 0.084124 -0.303808 0.162766
vn 0.812983 0.127176 -0.568229
v 0.0348012 -0.319736 0.118961
vn -0.383757 -0.309369 -0.87007
v 0.0294818 -0.312297 0.273604
vn -0.609276 -0.158749 0.776905
v 0.0830177 -0.292115 0.29578
vn -0.401375 0.0671172 0.913451
v -0.103 -0.296125 -0.0107863
vn 0.795349 -0.511875 0.32466
v -0.128352 -0.282105 -0.177068
vn -0.358322 0.0453691 -0.932495
v -0.213143 -0.269812 -0.118423
vn -0.735843 0.624187 -0.262538
v -0.223018 -0.272438 -0.0985874
vn -0.740581 0.603257 -0.296007
v -0.197461 -0.26827 -0.022611
vn -0.928322 0.215904 0.30266
v -0.178742 -0.282071 0.0185788
vn -0.285924 0.139858 0.947991
v -0.161331 -0.288143 0.0378024
vn -0.864198 -0.0352554 0.501915
v -0.151932 -0.280721 0.0354154
vn 0.330063 -0.197487 0.923069
v 0.126296 -0.292619 0.221871
vn 0.812916 0.22498 -0.53717
v 0.119427 -0.298295 0.20552
vn 0.947633 0.242415 -0.207909
v 0.0948164 -0.31072 0.145791
vn 0.938151 0.0334326 0.344608
v -0.0187794 -0.314025 0.146855
vn -0.677424 -0.320771 -0.661969
v -0.0229947 -0.325981 0.162498
vn -0.785283 -0.583135 -0.208048
v -0.0324485 -0.314969 0.173898
vn -0.90336 -0.428423 0.0198718
v 0.0711156 -0.306957 0.286555
vn -0.205031 -0.0263036 0.978402
v -0.193214 -0.27018 0.0143021
vn -0.242248 0.00953641 0.970167
v 0.130424 -0.301545 0.256381
vn 0.995494 -0.0494128 -0.0809312
v -0.00561213 -0.305005 0.246183
vn -0.657744 -0.150182 0.738118
v 0.101736 -0.296195 0.298554
vn 0.269179 0.348674 0.897758
v -0.16595 -0.280176 0.0266724
vn -0.694964 -0.186213 0.694514
v 0.12458 -0.288659 0.24037
vn 0.994006 0.109098 -0.00708408
v -0.0253834 -0.308692 0.202662
vn -0.917043 -0.350213 0.190743
v -0.141108 -0.268466 -0.178132
vn 0.194758 0.231946 -0.953032
v -0.203816 -0.261546 -0.143514
vn -0.771148 0.523566 -0.362228
v -0.0354705 -0.31697 0.193058
vn -0.945567 -0.179523 0.271432
v 0.00468223 -0.290529 0.257611
vn -0.698485 -0.17593 0.693662
v 0.0486834 -0.297267 0.285843
vn -0.264242 0.0231295 0.964179
v -0.0919705 -0.280653 -0.0188241
vn 0.910332 -0.400812 0.103178
v -0.108413 -0.267671 -0.125936
vn 0.886847 -0.462049 -0.00353125
v -0.133859 -0.265561 -0.174383
vn -0.276686 0.241711 -0.930065
v -0.224049 -0.268518 -0.0940912
vn -0.90215 0.276162 -0.331451
v -0.198977 -0.265218 -0.037891
vn -0.791142 0.298589 0.533797
v 0.0976804 -0.29143 0.182489
vn 0.700151 0.459534 -0.546459
v -0.155555 -0.277645 0.039722
vn 0.395836 -0.183968 0.899705
v -0.0878739 -0.283322 -0.0429654
vn 0.930327 -0.355336 0.0907114
v -0.117477 -0.279049 -0.09095
vn 0.772903 -0.610633 -0.172474
v -0.184374 -0.257218 -0.166107
vn -0.332237 0.637563 -0.695077
v -0.189943 -0.26843 -0.0129734
vn -0.918827 0.0115102 -0.394492
v -0.194838 -0.276441 -0.00816
vn -0.931746 0.0578679 -0.35847
v 0.12523 -0.28965 0.288888
vn 0.6643 0.101666 0.74052
v 0.117045 -0.286483 0.217602
vn 0.963933 0.0408188 -0.262995
v 0.085763 -0.305194 0.127581
vn 0.537928 -0.235984 -0.809286
v 0.110751 -0.293049 0.289427
vn 0.420666 0.126698 0.898325
v -0.178674 -0.271109 0.0265918
vn -0.46479 -0.0940048 0.880417
v -0.16337 -0.262938 0.0365134
vn -0.966323 -0.123124 0.225967
v -0.0965268 -0.288774 -0.0518645
vn 0.716246 -0.426354 -0.552462
v -0.219156 -0.252467 -0.0852222
vn -0.935746 0.345832 0.0691364
v -0.208665 -0.256227 -0.0550427
vn -0.682841 0.340011 0.646623
v 0.0880962 -0.296054 0.153039
vn 0.960037 -0.168551 0.223428
v 0.0573645 -0.301449 0.11743
vn 0.429163 -0.355121 -0.830487
v -0.0119425 -0.301374 0.13541
vn -0.588119 -0.353616 -0.727373
v -0.163893 -0.252379 -0.167915
vn -0.124836 0.554854 -0.822528
v 0.0936794 -0.294353 0.138001
vn 0.916035 -0.284869 0.282365
v 0.070945 -0.280905 0.294016
vn -0.245163 -0.0123192 0.969404
v 0.083876 -0.27753 0.294065
vn -0.0827218 -0.0725163 0.993931
v -0.184044 -0.263707 0.0212319
vn -0.418616 -0.137393 0.89771
v -0.117536 -0.282217 -0.178964
vn 0.777071 -0.462203 -0.427234
v -0.149016 -0.265672 -0.172641
vn 0.126941 0.526025 -0.840942
v 0.0192736 -0.28952 0.27788
vn -0.619069 -0.149337 0.771007
v -0.106919 -0.260267 -0.171054
vn 0.880796 -0.462273 -0.102481
v -0.20422 -0.256394 -0.130231
vn -0.838482 0.343603 -0.422949
v -0.163822 -0.266255 0.0488277
vn -0.638751 -0.272357 0.719596
v -0.136859 -0.274616 0.0366572
vn 0.327678 -0.0796423 0.941427
v -0.0319129 -0.28938 0.24038
vn -0.950466 -0.186668 0.248534
v 0.033125 -0.285527 0.283762
vn -0.398736 0.0869089 0.912938
v 0.102087 -0.280846 0.296193
vn 0.0319593 0.221727 0.974585
v -0.189318 -0.25291 -0.0172295
vn -0.927329 -0.0116836 -0.374065
v -0.170304 -0.268377 0.0280997
vn -0.623261 -0.159875 0.765497
v 0.0406041 -0.303898 0.118317
vn 0.0381363 -0.121644 -0.991841
v 0.0277342 -0.300533 0.115352
vn -0.148011 -0.316061 -0.937122
v -0.203904 -0.25856 0.00950983
vn -0.936813 -0.0401436 0.347519
v -0.206222 -0.255686 -0.00224136
vn -0.868133 -0.127357 -0.479714
v -0.115264 -0.266022 0.0273734
vn 0.570626 -0.429119 0.700174
v -0.106938 -0.281888 0.0144236
vn 0.595969 -0.494221 0.632903
v -0.107169 -0.260976 -0.161716
vn 0.846667 -0.478277 -0.233251
v -0.116367 -0.259309 -0.18375
vn -0.345833 0.152866 -0.92576
v -0.190828 -0.251887 -0.14998
vn -0.639169 0.533338 -0.554088
v -0.215917 -0.255831 -0.112651
vn -0.837832 0.168943 -0.519129
v 0.0987223 -0.292846 0.129884
vn 0.807309 -0.237125 -0.540392
v -0.0296109 -0.275914 0.224944
vn -0.925587 -0.288839 0.244663
v -0.0926144 -0.277044 -0.00895501
vn 0.8352 -0.34594 0.427512
v 0.120464 -0.259032 0.230619
vn 0.993092 0.0121621 -0.116706
v -0.0447182 -0.283504 0.213754
vn -0.837112 -0.300308 0.457229
v 0.114736 -0.274861 0.292402
vn 0.229901 0.184438 0.955577
v 0.131263 -0.280756 0.275507
vn 0.986995 0.0934902 0.130765
v -0.156331 -0.25737 0.0476606
vn 0.467952 -0.0417156 0.882769
v -0.219407 -0.245069 -0.0608464
vn -0.884935 0.306415 0.350714
v 0.092875 -0.282105 0.292939
vn 0.192167 0.145547 0.970509
v -0.201943 -0.245164 0.0159347
vn -0.701429 0.138262 0.6992
v -0.177765 -0.249958 0.0198753
vn -0.896773 0.055879 0.438948
v -0.101051 -0.274569 0.00396117
vn 0.764255 -0.380097 0.521
v 0.0978033 -0.287711 0.164309
vn 0.928864 0.0334463 -0.368909
v -0.132498 -0.263308 0.0333394
vn -0.0831869 -0.414836 0.906085
v -0.0925164 -0.275298 -0.0626016
vn 0.712551 -0.58653 -0.385038
v -0.1969 -0.245793 -0.0403096
vn -0.89009 0.232301 0.392144
v 0.126728 -0.274359 0.249954
vn 0.985259 -0.0201902 -0.169876
v 0.091031 -0.284187 0.120469
vn 0.276447 0.0582948 -0.95926
v 0.0790944 -0.291206 0.12604
vn 0.0135844 -0.0690895 -0.997518
v -0.0388461 -0.302003 0.155823
vn -0.608342 -0.562677 -0.559746
v 0.0585865 -0.258161 0.284662
vn -0.395866 0.259433 0.8809
v -0.0903684 -0.274704 -0.0257518
vn 0.969131 -0.161349 0.18642
v -0.195169 -0.243203 0.0196109
vn -0.445451 0.0739419 0.892248
v -0.147097 -0.257065 0.0346989
vn 0.0946221 -0.069777 0.993065
v -0.121848 -0.263866 0.0337592
vn 0.506476 -0.375749 0.776077
v -0.0263488 -0.302956 0.143964
vn -0.533325 -0.49068 -0.689056
v -0.0415677 -0.300336 0.164707
vn -0.743225 -0.642648 0.186066
v -0.0389338 -0.285087 0.203287
vn -0.767839 -0.634014 0.0919272
v -0.011662 -0.285704 0.241192
vn -0.360466 -0.0718858 0.929998
v 0.0135539 -0.26983 0.271813
vn -0.673888 0.217787 0.706006
v -0.219424 -0.245679 -0.104724
vn -0.882871 0.261924 -0.389788
v -0.205136 -0.245702 0.00288345
vn -0.949346 0.237535 0.205717
v -0.168076 -0.234273 0.0368434
vn -0.588037 -0.122926 0.799438
v -0.100697 -0.271262 -0.111083
vn 0.834179 -0.512813 -0.202898
v -0.189108 -0.240555 -0.030087
vn -0.86599 0.271801 0.419745
v 0.0922323 -0.281111 0.153305
vn 0.915233 -0.0851183 0.393833
v -0.101398 -0.26566 -0.147932
vn 0.921439 -0.377648 0.0912761
v -0.186038 -0.243214 0.0226856
vn 0.00393283 0.482959 0.875634
v -0.168094 -0.237735 0.0482042
vn -0.874677 -0.0146176 0.484486
v 0.114669 -0.268408 0.288469
vn 0.507178 0.419374 0.752925
v 0.0471726 -0.287771 0.115182
vn -0.129289 -0.30716 -0.942834
v -0.00686608 -0.301756 0.127451
vn -0.425966 -0.447391 -0.786381
v -0.0393776 -0.294404 0.183183
vn -0.809561 -0.515964 0.279985
v -0.0336386 -0.279834 0.218167
vn -0.710522 -0.232962 0.663994
v -0.00397613 -0.282698 0.249184
vn -0.679799 0.0697072 0.730078
v -0.0912239 -0.274115 -0.0543002
vn 0.905389 -0.241339 -0.349323
v -0.204457 -0.242815 -0.00675721
vn -0.778009 -0.00463685 -0.628236
v -0.179001 -0.242173 0.0294465
vn -0.788347 -0.108627 0.605566
v 0.105257 -0.281962 0.199982
vn 0.816204 0.0971062 -0.569545
v 0.123304 -0.273859 0.207172
vn 0.864082 -0.105982 -0.492067
v 0.0573201 -0.289739 0.110987
vn 0.373598 -0.391444 -0.840949
v -0.125253 -0.259498 -0.175678
vn -0.503077 -0.0489391 -0.862855
v 0.0945629 -0.25395 0.284395
vn 0.317207 0.26974 0.909187
v 0.122216 -0.26856 0.27866
vn 0.798339 0.341183 0.496234
v 0.0267744 -0.270004 0.268895
vn -0.31445 0.297501 0.901451
v -0.165309 -0.232317 0.0394772
vn -0.981638 -0.173655 0.0789417
v -0.179194 -0.249459 -0.156158
vn -0.476918 0.53547 -0.697008
v -0.221531 -0.239524 -0.0969234
vn -0.91995 0.391313 0.0238134
v 0.122411 -0.255895 0.220953
vn 0.983724 0.0907373 -0.155095
v 0.0787149 -0.280707 0.123168
vn 0.556944 -0.285925 -0.779782
v -0.109971 -0.25523 0.023094
vn 0.635093 -0.443105 0.632704
v -0.0931316 -0.265741 -0.0859544
vn 0.833142 -0.519408 -0.189973
v -0.191664 -0.236683 -0.136918
vn -0.773359 0.349895 -0.528668
v -0.212767 -0.240327 -0.0844331
vn -0.934606 0.33566 0.117664
v 0.0764479 -0.262717 0.294411
vn -0.268953 0.0992953 0.958021
v 0.0942851 -0.280284 0.176874
vn 0.964748 -0.10795 -0.240016
v 0.035751 -0.288978 0.115014
vn 0.0937452 -0.406051 -0.90903
v -0.183583 -0.227023 -0.0270086
vn -0.921047 0.0603238 -0.384751
v -0.196765 -0.233928 0.00700106
vn -0.495074 0.363002 0.789387
v -0.160185 -0.235921 0.0478846
vn 0.550307 0.14488 0.822296
v -0.196614 -0.230997 -0.124737
vn -0.78215 0.298252 -0.547071
v 0.0946998 -0.272741 0.162102
vn 0.920048 -0.0648461 -0.386403
v -0.0614559 -0.286153 0.159608
vn -0.883926 -0.449883 -0.127592
v -0.202976 -0.233429 -0.00408333
vn -0.940873 0.0576395 -0.333819
v -0.0956201 -0.25826 0.0100083
vn 0.766849 -0.400042 0.501906
v -0.18877 -0.241621 -0.0209854
vn -0.834139 -0.0233935 -0.551058
v 0.104135 -0.27702 0.184954
vn 0.903437 0.0388077 -0.426961
v -0.0534952 -0.276953 0.186757
vn -0.790874 -0.510164 0.338009
v -0.0271528 -0.262778 0.243112
vn -0.250399 0.0355672 0.967489
v -0.15285 -0.235252 0.0410894
vn 0.574039 0.092844 0.813547
v 0.0917406 -0.255386 0.295866
vn 0.322872 0.133209 0.937021
v 0.109536 -0.274101 0.14228
vn 0.790607 -0.0862785 0.606215
v -0.0190991 -0.284262 0.126271
vn -0.592291 -0.48466 -0.643658
v -0.0520627 -0.270487 0.140671
vn -0.68695 -0.301998 -0.660982
v -0.0170839 -0.256015 0.242129
vn -0.159362 0.142831 0.976833
v -0.142557 -0.246262 -0.162552
vn -0.188058 0.412808 -0.891192
v 0.110319 -0.262632 0.132347
vn 0.979512 -0.197756 -0.0380679
v 0.0940172 -0.2673 0.128969
vn 0.12743 -0.1339 -0.982768
v 0.0426081 -0.249421 0.272115
vn -0.325785 0.339126 0.882529
v 0.0656599 -0.255508 0.286502
vn -0.501559 0.372841 0.780659
v -0.0909337 -0.258199 -0.0697085
vn 0.963928 -0.258077 -0.0651131
v -0.163517 -0.239964 -0.163041
vn -0.129182 0.582852 -0.802244
v -0.199641 -0.230443 -0.0597913
vn -0.706672 0.25411 0.660335
v -0.206726 -0.221458 -0.0653779
vn -0.791685 0.455552 0.407071
v -0.122847 -0.247468 0.0482736
vn 0.446951 -0.261893 0.855364
v -0.117698 -0.245264 0.0358593
vn 0.589875 -0.391355 0.706321
v 0.000946327 -0.266474 0.245547
vn -0.662891 0.216897 0.716611
v -0.177044 -0.230804 0.00977206
vn -0.557422 0.177401 0.811055
v -0.094201 -0.246926 -0.102432
vn 0.899092 -0.334934 -0.281874
v -0.133542 -0.242551 -0.16981
vn -0.717309 0.261957 -0.645637
v 0.105333 -0.258941 0.121563
vn 0.328023 -0.160587 -0.93092
v 0.0246402 -0.273538 0.107126
vn -0.200189 -0.427216 -0.881709
v 0.0135591 -0.283891 0.117325
vn -0.047313 -0.341931 -0.938533
v -0.0388179 -0.280997 0.140332
vn -0.550724 -0.421468 -0.720463
v -0.131342 -0.245313 0.0481467
vn -0.134593 -0.183883 0.97369
v -0.083463 -0.239973 -0.0188688
vn 0.939604 -0.318243 -0.125962
v -0.177617 -0.229488 -0.146576
vn -0.549152 0.308564 -0.776672
v 0.11347 -0.253997 0.28212
vn 0.501901 0.281036 0.817994
v -0.0795936 -0.248645 -0.044812
vn 0.980246 -0.197658 -0.00705761
v -0.207331 -0.227737 -0.104973
vn -0.810647 0.387383 -0.439074
v -0.208952 -0.220719 -0.0812376
vn -0.920659 0.390257 0.00927697
v 0.125598 -0.234985 0.246125
vn 0.971898 0.168694 0.164186
v -0.16899 -0.216376 0.0367231
vn -0.948533 -0.0442387 0.313574
v -0.170267 -0.225657 -0.148609
vn -0.356194 0.307683 -0.882302
v 0.120696 -0.251833 0.208007
vn 0.898641 0.0882784 -0.42971
v 0.108035 -0.253497 0.191383
vn 0.771243 -0.121641 -0.62481
v -0.033596 -0.236868 0.231117
vn -0.656936 0.148353 0.739207
v 0.0740992 -0.243076 0.289319
vn -0.29913 0.341491 0.891013
v -0.197716 -0.213058 -0.00758319
vn -0.992803 0.101017 0.0643289
v -0.197027 -0.219184 -0.00266311
vn -0.960623 0.253339 -0.114117
v -0.194468 -0.217625 0.00885991
vn -0.322472 0.00462695 0.946568
v -0.205682 -0.21998 0.00740172
vn -0.914829 0.20989 0.345013
v -0.178761 -0.206593 0.0205309
vn -0.994627 -0.020436 -0.101491
v -0.179668 -0.222642 0.0253246
vn -0.916929 0.0637846 0.39392
v -0.166129 -0.217715 0.0436374
vn 0.0517861 0.0436054 0.997706
v -0.148621 -0.230815 0.0391421
vn 0.00291566 -0.103834 0.99459
v -0.0874544 -0.245541 -0.00313091
vn 0.874115 -0.313039 0.371389
v 0.120404 -0.23624 0.259424
vn 0.877155 0.283826 0.387353
v 0.0964351 -0.252032 0.185083
vn 0.933539 -0.0600416 -0.353412
v -0.137435 -0.220132 0.0473963
vn -0.449952 -0.0958727 0.887891
v -0.0961082 -0.237059 0.0358451
vn 0.424208 -0.535544 0.730233
v -0.0851273 -0.242729 -0.0577733
vn 0.929028 -0.329882 -0.167583
v -0.12601 -0.2369 -0.188067
vn -0.342927 0.207262 -0.916211
v 0.098995 -0.257354 0.168158
vn 0.942053 0.0261592 -0.334443
v -0.0042426 -0.278438 0.110367
vn -0.12537 -0.417603 -0.899939
v -0.0819589 -0.242618 -0.00641971
vn 0.896536 -0.407608 0.17343
v -0.101302 -0.253465 -0.185179
vn 0.644563 -0.323122 -0.692915
v -0.117416 -0.250472 -0.175225
vn 0.0411354 -0.150025 -0.987826
v -0.204921 -0.209017 -0.0919355
vn -0.916856 0.389232 -0.0887358
v -0.18973 -0.214428 -0.0391259
vn -0.794273 0.285518 0.536293
v 0.065731 -0.267782 0.107612
vn 0.286436 -0.192346 -0.938593
v -0.00744496 -0.25187 0.240719
vn -0.419564 -0.0269233 0.907326
v 0.00559373 -0.242605 0.252569
vn -0.556252 0.240083 0.795577
v 0.0257574 -0.248797 0.271239
vn -0.495676 0.29624 0.816423
v -0.192602 -0.21507 -0.0186933
vn -0.739899 -0.213937 -0.637794
v -0.0918934 -0.242828 0.0201713
vn 0.832338 -0.391762 0.392092
v 0.0990156 -0.239933 0.283754
vn 0.310757 0.376825 0.872601
v 0.117984 -0.239739 0.269901
vn 0.874962 0.266009 0.404575
v -0.043447 -0.252861 0.209521
vn -0.917032 -0.0808821 0.390526
v -0.202237 -0.20443 -0.000228043
vn -0.986798 0.101146 0.126486
v -0.114135 -0.223923 0.0429392
vn 0.336151 -0.19345 0.921726
v -0.054257 -0.25665 0.19478
vn -0.814372 -0.131359 0.565281
v -0.194172 -0.213074 -0.0515166
vn -0.893096 0.187622 0.408873
v -0.179362 -0.193975 0.0111247
vn -0.495428 0.129578 0.85893
v -0.177417 -0.204935 0.050309
vn -0.401394 -0.0221305 0.915638
v 0.0886382 -0.238848 0.288316
vn 0.173471 0.542013 0.822271
v 0.0915266 -0.25904 0.162198
vn 0.985777 -0.118382 -0.119285
v 0.0465018 -0.263302 0.102604
vn 0.144617 -0.371877 -0.916948
v -0.0234369 -0.269718 0.12064
vn -0.667208 -0.415569 -0.618171
v -0.0636247 -0.263219 0.175318
vn -0.981585 -0.139399 0.130609
v -0.0459835 -0.249268 0.223923
vn -0.898068 -0.312615 0.30943
v -0.0431477 -0.237105 0.232246
vn -0.533384 0.106653 0.839123
v -0.084302 -0.237467 -0.0309734
vn 0.941672 -0.287699 0.174594
v -0.0836728 -0.241526 -0.0741804
vn 0.905837 -0.402832 -0.131092
v -0.101755 -0.240657 -0.126096
vn 0.897427 -0.435394 0.0711084
v -0.199402 -0.215407 -0.119325
vn -0.836992 0.315268 -0.447269
v -0.198706 -0.19992 -0.0185555
vn -0.853639 -0.020036 -0.520479
v -0.151798 -0.191205 0.040783
vn -0.179461 -0.080978 0.980427
v 0.100775 -0.248888 0.135218
vn 0.833281 -0.0585376 0.549742
v 0.0488503 -0.239416 0.270584
vn -0.329816 0.469706 0.8189
v -0.198594 -0.204815 -0.0790512
vn -0.784928 0.537902 0.307489
v 0.127335 -0.243215 0.220248
vn 0.621781 -0.363709 -0.693617
v -0.0924014 -0.246876 -0.160533
vn 0.837003 -0.546751 0.0221411
v -0.102349 -0.238265 -0.179805
vn 0.00340342 0.155401 -0.987846
v -0.149979 -0.229811 -0.157228
vn -0.27168 0.278193 -0.921303
v 0.0905369 -0.252211 0.119914
vn 0.48959 -0.224301 -0.842609
v -0.0176109 -0.273407 0.113949
vn -0.507816 -0.450393 -0.734349
v -0.0590412 -0.259415 0.159193
vn -0.957718 0.0994054 -0.269991
v -0.0491171 -0.232551 0.198807
vn -0.655925 -0.0983821 0.748387
v -0.0239847 -0.24046 0.236345
vn -0.406818 0.211853 0.888604
v -0.189457 -0.216128 -0.127928
vn -0.76405 0.377123 -0.523456
v -0.197026 -0.204536 -0.104323
vn -0.805756 0.385506 -0.449603
v 0.0310148 -0.241469 0.0883155
vn -0.000821142 -0.400973 -0.91609
v -0.00725359 -0.238167 0.245376
vn -0.216287 0.390914 0.894654
v 0.0771704 -0.227197 0.281285
vn -0.417191 0.594461 0.687436
v 0.0642765 -0.228758 0.267885
vn -0.400596 0.525586 0.750522
v -0.090952 -0.240216 -0.175204
vn 0.823813 -0.453054 -0.340697
v -0.162769 -0.226244 -0.146609
vn -0.174915 0.356915 -0.917615
v -0.184344 -0.214938 -0.0319008
vn -0.896303 0.0209792 -0.442945
v -0.117544 -0.192693 0.0460192
vn 0.219666 -0.107478 0.969637
v 0.0942376 -0.257727 0.156086
vn 0.846302 -0.262809 0.463362
v 0.0796275 -0.261632 0.110241
vn 0.525914 -0.181258 -0.830999
v -0.0639442 -0.250478 0.194472
vn -0.848453 -0.153346 0.506569
v 0.0220406 -0.237643 0.256758
vn -0.356719 0.598227 0.717548
v -0.106663 -0.233914 -0.180682
vn 0.187646 -0.152631 -0.970306
v -0.195825 -0.196881 0.00721625
vn -0.564318 0.312244 0.764231
v -0.0491602 -0.232891 0.214546
vn -0.988803 -0.0693246 0.132145
v -0.174193 -0.189716 0.0372503
vn -0.988953 -0.0214412 -0.146674
v -0.163584 -0.17225 0.0369666
vn -0.0511083 0.15657 0.986344
v -0.128232 -0.192858 0.0502467
vn 0.00417428 -0.065394 0.997851
v 0.128063 -0.238145 0.226967
vn 0.997458 0.0380184 0.0602633
v 0.111693 -0.229542 0.217689
vn 0.782722 -0.380899 -0.492202
v -0.0602577 -0.242861 0.177214
vn -0.974632 0.0397172 -0.220261
v -0.0949111 -0.228128 0.0303848
vn 0.831726 -0.470441 0.294816
v -0.138537 -0.219515 -0.156443
vn -0.605509 0.338157 -0.720422
v -0.173337 -0.203243 -0.0334207
vn -0.896367 0.414718 0.156635
v -0.185418 -0.205595 -0.0298204
vn -0.471121 0.222056 -0.85366
v -0.196385 -0.192141 -0.0116701
vn -0.955972 0.233955 0.177149
v -0.137195 -0.185392 0.0508671
vn -0.304711 0.053257 0.950955
v 0.0866424 -0.21881 0.270953
vn 0.0986449 0.641431 0.760812
v 0.112026 -0.217275 0.269933
vn 0.541096 0.466964 0.6994
v 0.115876 -0.231087 0.200424
vn 0.972597 -0.0988121 -0.210455
v -0.181637 -0.208431 -0.141561
vn -0.698991 0.380251 -0.605657
v -0.162993 -0.192168 0.048867
vn 0.00866203 0.0291148 0.999539
v -0.0444289 -0.255728 0.133298
vn -0.637262 -0.379769 -0.670576
v -0.0811625 -0.225924 0.00296366
vn 0.802647 -0.497424 0.329131
v 0.0660929 -0.255367 0.109041
vn 0.529341 -0.235731 -0.815003
v -0.0551062 -0.250079 0.141212
vn -0.876872 -0.278952 -0.391511
v 0.0165733 -0.226677 0.242655
vn -0.349479 0.590052 0.727807
v -0.187791 -0.201769 -0.0496623
vn -0.854335 0.496597 0.153307
v -0.186833 -0.191859 -0.0245237
vn -0.570924 -0.0713867 -0.817893
v -0.191804 -0.185901 -0.00322532
vn -0.908517 0.363458 0.206145
v 0.105259 -0.240642 0.18174
vn 0.830533 -0.249154 -0.498133
v 0.0140793 -0.249057 0.0972862
vn -0.1532 -0.356525 -0.92164
v -0.0188099 -0.222234 0.238656
vn -0.170427 0.350116 0.921072
v -0.0935059 -0.224334 0.042496
vn 0.176679 -0.288553 0.941021
v -0.0798307 -0.230735 -0.0495645
vn 0.877446 -0.453821 -0.155352
v -0.0877223 -0.234053 -0.112395
vn 0.841831 -0.442353 -0.309263
v -0.0733663 -0.2245 -0.15384
vn 0.803956 -0.565665 0.183514
v 0.117143 -0.226129 0.254439
vn 0.856318 0.315986 0.4085
v -0.163862 -0.208471 -0.150637
vn -0.140344 0.274327 -0.95134
v -0.0549995 -0.242901 0.158658
vn -0.998582 -0.0446453 -0.0290049
v 0.0507404 -0.220575 0.260112
vn -0.287513 0.6697 0.684718
v 0.100272 -0.213606 0.266868
vn -0.045369 0.738467 0.672762
v -0.187428 -0.180805 0.000314331
vn -0.549986 0.377314 0.745083
v -0.174673 -0.154967 0.0230326
vn -0.928281 0.098906 0.358485
v -0.0791693 -0.228401 -0.0874186
vn 0.891572 -0.413665 -0.184336
v 0.0979456 -0.232235 0.172062
vn 0.96215 -0.12912 -0.239992
v 0.109107 -0.24771 0.128198
vn 0.917813 -0.215475 -0.333452
v -0.0667593 -0.215191 0.195469
vn -0.990821 0.0893978 0.101403
v 0.0820103 -0.208988 0.261212
vn -0.276683 0.772354 0.571765
v -0.0755912 -0.224794 -0.0350791
vn 0.877088 -0.479642 0.0256721
v -0.188392 -0.201148 -0.122005
vn -0.598386 0.626431 -0.499518
v 0.122367 -0.219056 0.246099
vn 0.959411 0.0561945 0.276357
v 0.126534 -0.221607 0.218101
vn 0.987009 -0.103262 0.123087
v 0.113591 -0.220646 0.189901
vn 0.757379 -0.432395 -0.489298
v 0.0645678 -0.238129 0.0998329
vn 0.370366 -0.435499 -0.820469
v -0.0109902 -0.24796 0.100225
vn -0.196764 -0.467575 -0.861776
v -0.0243594 -0.249983 0.105436
vn -0.601617 -0.363678 -0.711192
v -0.0231328 -0.196188 0.224105
vn -0.462407 0.469612 0.752093
v -0.0865651 -0.226111 0.034175
vn 0.799214 -0.472577 0.371387
v -0.0870464 -0.21685 -0.125286
vn 0.797029 -0.587706 0.139088
v -0.196306 -0.172763 -0.0232595
vn -0.883461 0.0692088 -0.463365
v -0.0734851 -0.224795 -0.0636154
vn 0.896565 -0.442867 -0.00623443
v -0.107478 -0.198387 -0.168656
vn -0.342201 0.448553 -0.825651
v -0.128737 -0.208844 -0.163984
vn -0.508462 0.401078 -0.761973
v -0.182896 -0.184738 -0.0474871
vn -0.86546 0.375258 0.331905
v -0.153535 -0.177163 0.043107
vn -0.219891 0.115596 0.968651
v -0.105696 -0.205986 0.042001
vn -0.0413839 -0.157503 0.986651
v 0.110563 -0.238322 0.138339
vn 0.808156 -0.588152 -0.0309957
v 0.103123 -0.237967 0.125336
vn 0.373718 -0.209597 -0.903551
v 0.0108369 -0.210796 0.229858
vn -0.161261 0.520239 0.838657
v -0.0707236 -0.216218 -0.00151568
vn 0.712338 -0.452767 0.536262
v -0.178568 -0.16909 0.0117006
vn -0.977491 -0.0259625 0.209374
v 0.0396481 -0.216971 0.249143
vn -0.378576 0.609708 0.696374
v 0.0710515 -0.208442 0.258904
vn -0.305486 0.771449 0.558162
v -0.0796334 -0.213359 -0.113424
vn 0.860639 -0.485014 -0.155119
v -0.146808 -0.208983 -0.142956
vn -0.19752 0.387103 -0.900631
v -0.182468 -0.186894 -0.0707385
vn -0.826244 0.489744 0.278339
v -0.182635 -0.174323 -0.0373571
vn -0.831101 -0.0675999 -0.551997
v -0.171707 -0.18692 -0.0351123
vn -0.94215 -0.178727 -0.283566
v -0.189135 -0.160297 -0.00817882
vn -0.855962 0.115687 0.50393
v -0.173494 -0.1683 0.0403826
vn -0.819673 0.206654 0.534257
v 0.0908195 -0.206462 0.256634
vn -0.0519268 0.779425 0.62434
v 0.084767 -0.242979 0.116611
vn 0.534848 -0.353914 -0.767256
v -0.0474394 -0.235564 0.121069
vn -0.637232 -0.376586 -0.672398
v -0.175179 -0.195584 -0.123482
vn -0.772191 0.398205 -0.49513
v -0.169985 -0.16754 -0.0668364
vn -0.920405 0.354463 0.164955
v -0.187403 -0.162636 -0.0132716
vn -0.915821 0.215842 0.33865
v 0.12729 -0.218864 0.209997
vn 0.831977 -0.422638 -0.359432
v 0.102551 -0.22111 0.175954
vn 0.671998 -0.380791 -0.635151
v 0.0483046 -0.243765 0.0949143
vn 0.190571 -0.471136 -0.861228
v -0.00665243 -0.195305 0.222272
vn -0.00783614 0.448722 0.893637
v -0.193448 -0.177852 -0.0960873
vn -0.8373 0.488804 0.244949
v -0.177469 -0.174901 0.00493841
vn -0.889484 0.0374749 0.455427
v -0.0855832 -0.197764 0.0479229
vn 0.403435 -0.281539 0.870618
v 0.103313 -0.224962 0.163085
vn 0.946444 -0.262201 0.188399
v 0.12502 -0.219196 0.141339
vn 0.770924 -0.16486 0.615222
v -0.0623705 -0.233352 0.130438
vn -0.974316 -0.164365 -0.153925
v -0.0473273 -0.212768 0.215102
vn -0.702449 0.420934 0.573917
v -0.0310595 -0.205913 0.220152
vn -0.488946 0.494118 0.718874
v -0.0719088 -0.222431 -0.0273362
vn 0.807424 -0.578872 -0.113905
v -0.104805 -0.224561 -0.175513
vn 0.0194408 0.396644 -0.917766
v -0.189446 -0.180353 -0.104052
vn -0.876477 0.323643 -0.356432
v 0.124255 -0.210855 0.243452
vn 0.715188 0.407341 0.567962
v 0.112617 -0.194647 0.14665
vn 0.784318 -0.0430462 0.618863
v 0.0734774 -0.246478 0.103152
vn 0.131971 -0.521315 -0.843098
v -0.0502715 -0.214526 0.200893
vn -0.748909 0.34715 0.564467
v 0.108643 -0.200114 0.251915
vn 0.354104 0.73085 0.583496
v -0.0556994 -0.214409 0.163072
vn -0.989298 0.0547371 -0.135251
v -0.0846559 -0.224785 -0.16578
vn 0.849583 -0.406828 -0.335707
v -0.18361 -0.178342 -0.088286
vn -0.835025 0.425721 0.348561
v 0.117209 -0.230512 0.129446
vn 0.875225 -0.461697 0.144284
v 0.049871 -0.194829 0.232873
vn -0.158103 0.652917 0.740745
v -0.178005 -0.15236 -0.0380747
vn -0.805748 -0.13237 -0.577276
v -0.0831486 -0.217725 -0.176987
vn 0.618443 -0.486369 -0.617231
v 0.128283 -0.209 0.231423
vn 0.950685 0.00311889 0.310143
v 0.12036 -0.219328 0.121123
vn 0.633808 -0.401688 -0.66101
v 0.0858921 -0.235778 0.105274
vn 0.759118 -0.595114 -0.26378
v -0.0573926 -0.226276 0.14874
vn -0.995025 -0.0126483 0.0988172
v -0.0690001 -0.219718 -0.0079526
vn 0.834071 -0.545476 0.0823493
v -0.0965034 -0.199747 0.0474366
vn -0.122395 -0.208869 0.970254
v 0.113164 -0.213503 0.178942
vn 0.68561 -0.463255 -0.561546
v -0.0359983 -0.222564 0.103739
vn -0.647439 -0.374171 -0.663941
v -0.129324 -0.200151 -0.155187
vn -0.564039 0.315392 -0.763144
v -0.192419 -0.157492 -0.0189355
vn -0.992539 0.115393 -0.0393852
v 0.129332 -0.211086 0.194074
vn 0.779873 -0.548595 -0.301399
v 0.0159945 -0.232378 0.0939098
vn 0.0292263 -0.610011 -0.791854
v -0.0774743 -0.200341 0.035741
vn 0.829386 -0.420462 0.367873
v -0.0688099 -0.201962 -0.0830053
vn 0.779413 -0.496242 -0.382438
v -0.141045 -0.193853 -0.142505
vn -0.276039 0.126095 -0.952839
v -0.170569 -0.132919 0.0219981
vn -0.950164 0.13564 0.280695
v -0.151505 -0.162351 0.0399304
vn -0.268495 -0.0577179 0.96155
v 0.111253 -0.223906 0.118541
vn 0.236706 -0.352977 -0.905195
v 0.0719886 -0.223851 0.0962757
vn 0.0644173 -0.521914 -0.850562
v -0.0741645 -0.203938 -0.121401
vn 0.758822 -0.603515 0.244864
v -0.0927723 -0.216041 -0.182928
vn -0.383941 0.282361 -0.879125
v -0.164876 -0.182665 -0.134837
vn -0.542647 0.37269 -0.752752
v -0.186097 -0.156259 -0.0274955
vn -0.845118 -0.0249315 -0.533998
v -0.187408 -0.147219 -0.0032065
vn -0.96766 0.130022 0.216167
v -0.158253 -0.151964 0.0402311
vn -0.50088 -0.0181717 0.865326
v 0.069337 -0.216071 0.0830789
vn 0.578445 -0.667949 -0.468236
v -0.0243395 -0.23143 0.103448
vn -0.543692 -0.436163 -0.71705
v -0.0615369 -0.188394 0.125123
vn -0.97256 -0.0863607 -0.216028
v -0.057034 -0.218557 0.126271
vn -0.776253 -0.184834 -0.602717
v 0.0756955 -0.198443 0.232237
vn -0.204049 0.744971 0.635123
v -0.130435 -0.158789 0.0460456
vn -0.361619 -0.0781921 0.929041
v 0.0874187 -0.218347 0.0872881
vn 0.260354 -0.566318 -0.781984
v 0.0628889 -0.211033 0.0765251
vn 0.065424 -0.57114 -0.818242
v 0.0342923 -0.227052 0.0869467
vn -0.0222849 -0.463511 -0.885811
v -0.0582832 -0.19329 0.186154
vn -0.788143 0.480569 0.384556
v -0.0561411 -0.201684 -0.0307511
vn 0.837744 -0.542125 -0.0654669
v -0.180817 -0.174756 -0.113857
vn -0.695603 0.207632 -0.687768
v -0.177576 -0.163793 -0.0775487
vn -0.878834 0.338259 0.3365
v -0.175874 -0.169145 -0.0507277
vn -0.956258 0.227816 -0.183493
v -0.113321 -0.164869 0.0523847
vn 0.0685059 -0.255142 0.964474
v -0.109458 -0.174944 0.0480705
vn -0.0902793 -0.182429 0.979066
v 0.11691 -0.199868 0.237849
vn 0.599432 0.5037 0.622067
v 0.00248869 -0.227993 0.0835208
vn 0.142345 -0.735629 -0.66226
v -0.0230069 -0.182021 0.202677
vn -0.411382 0.424744 0.806447
v -0.0695003 -0.198678 -0.0963151
vn 0.886828 -0.438574 -0.145562
v -0.147549 -0.178153 -0.14006
vn -0.293453 0.118898 -0.948551
v -0.166386 -0.123375 0.033126
vn -0.428723 0.332384 0.84007
v 0.138389 -0.190603 0.202694
vn 0.96775 -0.244096 0.0622651
v -0.0207211 -0.231411 0.0913804
vn -0.519336 -0.515072 -0.681903
v -0.0496328 -0.189776 -0.00474497
vn 0.837776 -0.532827 0.119278
v -0.0597697 -0.204998 -0.0648183
vn 0.757462 -0.646532 -0.0908158
v -0.0942311 -0.208108 -0.171103
vn -0.44798 0.364672 -0.816289
v -0.180356 -0.146767 0.0100326
vn -0.846917 0.230558 0.47914
v 0.00166839 -0.216085 0.0727329
vn -0.211784 -0.447967 -0.868604
v -0.0695766 -0.203857 -0.0593942
vn 0.73964 -0.530292 0.414395
v -0.169199 -0.16474 -0.0606639
vn -0.959693 0.261004 -0.104243
v -0.0938828 -0.17562 0.0513821
vn -0.0578822 -0.190416 0.979996
v 0.129159 -0.190404 0.172224
vn 0.704994 -0.553506 -0.443413
v 0.0969641 -0.215 0.116045
vn 0.653687 -0.542981 -0.527129
v -0.0596969 -0.206488 0.14675
vn -0.96473 0.00550773 0.263184
v -0.0594402 -0.19657 0.00612621
vn 0.738934 -0.540039 0.402907
v -0.0732987 -0.208037 -0.167342
vn 0.674611 -0.737969 0.0173874
v -0.104039 -0.190008 -0.163049
vn -0.450745 0.252651 -0.856152
v -0.169671 -0.178575 -0.130427
vn -0.712199 0.18802 -0.676329
v -0.166986 -0.152248 -0.0514609
vn -0.910774 -0.0159639 -0.412596
v 0.127719 -0.193741 0.219525
vn 0.943149 -0.214476 0.253911
v 0.107945 -0.201252 0.16366
vn 0.93087 -0.348422 -0.109921
v 0.128746 -0.204506 0.125419
vn 0.915498 -0.399187 -0.0501363
v 0.0417626 -0.205656 0.0727975
vn 0.157892 -0.58203 -0.797691
v 0.025019 -0.216654 0.0731911
vn 0.0683866 -0.608466 -0.790628
v -0.076406 -0.212783 -0.161113
vn 0.77891 -0.540466 -0.318114
v -0.0761959 -0.185094 0.0384327
vn 0.758528 -0.381792 0.528082
v 0.135448 -0.182953 0.182218
vn 0.899022 -0.420757 -0.121335
v -0.0515722 -0.183164 0.152663
vn -0.990166 0.118005 0.0751375
v 0.0470655 -0.171757 0.215594
vn -0.0867956 0.473454 0.876531
v 0.0877861 -0.188739 0.23328
vn -0.107864 0.763327 0.636943
v -0.0106655 -0.176823 0.209859
vn -0.334079 0.452631 0.826751
v -4.60332e-05 -0.187211 0.219758
vn -0.100307 0.434392 0.895121
v -0.0661037 -0.202858 0.0146206
vn 0.780265 -0.450391 0.433976
v -0.0578411 -0.1969 -0.0537477
vn 0.799068 -0.521434 -0.299327
v -0.177113 -0.153432 -0.101263
vn -0.912818 0.408124 0.0140573
v 0.108923 -0.187056 0.228266
vn 0.129542 0.811929 0.569201
v -0.0255078 -0.154827 0.195393
vn -0.538115 0.387301 0.748619
v -0.121897 -0.152548 0.0552366
vn -0.275869 -0.113804 0.954434
v 0.126488 -0.18783 0.233732
vn 0.312116 0.566121 0.762949
v 0.123497 -0.203842 0.114249
vn 0.743506 -0.359573 -0.563832
v -0.0833604 -0.209578 -0.179648
vn -0.105798 0.0165554 -0.99425
v -0.171478 -0.135782 -0.0978381
vn -0.966996 0.254104 0.0186792
v 0.116931 -0.199645 0.169546
vn 0.522694 -0.555599 -0.646607
v -0.0463202 -0.20471 0.105525
vn -0.741265 -0.288958 -0.605829
v -0.126836 -0.174281 -0.150958
vn -0.423017 -0.0112744 -0.906051
v -0.186679 -0.125435 -0.0196092
vn -0.827223 0.293232 0.479288
v -0.175626 -0.134264 0.000142146
vn -0.936853 0.224081 0.268505
v -0.0264247 -0.215302 0.0903263
vn -0.693462 -0.341655 -0.634337
v -0.0201691 -0.209984 0.0800035
vn -0.531041 -0.4884 -0.692431
v -0.116146 -0.184469 -0.151245
vn -0.361328 0.207806 -0.908988
v -0.143768 -0.157552 -0.143738
vn -0.437993 0.151371 -0.886143
v -0.166938 -0.134968 -0.0693467
vn -0.990254 0.00814866 -0.139037
v 0.0572355 -0.183951 0.223089
vn 0.0993139 0.601082 0.792992
v -0.167667 -0.164835 -0.115712
vn -0.789578 0.136228 -0.598339
v -0.18954 -0.118001 -0.0333406
vn -0.972015 0.0666826 -0.225254
v -0.0796294 -0.160614 0.0536013
vn 0.153615 -0.200276 0.967622
v -0.0515648 -0.18845 -0.039464
vn 0.849307 -0.521371 -0.0827666
v -0.0365453 -0.172742 -0.0745336
vn 0.680109 -0.559584 -0.473621
v -0.135365 -0.13674 0.0553751
vn -0.402623 0.0988906 0.910008
v 0.127572 -0.186614 0.208964
vn 0.764839 0.21218 0.608277
v -0.0321878 -0.202692 0.0884466
vn -0.736674 -0.348203 -0.579713
v -0.0317105 -0.161255 0.185777
vn -0.839515 0.356025 0.41044
v 0.0789884 -0.176523 0.224266
vn -0.03981 0.660357 0.749896
v -0.0628277 -0.194557 -0.125012
vn 0.742679 -0.61963 0.253942
v -0.063835 -0.201049 -0.148598
vn 0.833701 -0.542701 0.102074
v -0.164886 -0.137641 -0.126429
vn -0.801657 0.222592 -0.554796
v -0.178866 -0.156629 -0.113296
vn -0.784053 0.190826 -0.590632
v -0.0645746 -0.184681 0.0222091
vn 0.721047 -0.505521 0.473856
v 0.106267 -0.17608 0.21808
vn 0.223054 0.788562 0.573076
v 0.132096 -0.196256 0.119436
vn 0.79373 -0.269601 -0.54526
v -0.0896115 -0.152347 0.0551999
vn 0.152333 -0.168611 0.97384
v -0.0455705 -0.183067 0.00208036
vn 0.653211 -0.697946 0.293574
v -0.0826327 -0.189679 -0.17513
vn -0.417054 0.16636 -0.893527
v -0.097739 -0.154224 0.0556384
vn 0.00072744 -0.252862 0.967502
v -0.0648987 -0.172011 0.134473
vn -0.928049 0.273239 0.25311
v -0.0437988 -0.174327 0.179428
vn -0.649701 0.509471 0.564205
v 0.110141 -0.188346 0.149923
vn 0.759052 -0.619898 0.198913
v 0.115893 -0.188878 0.161042
vn 0.644854 -0.720217 -0.255833
v 0.0101551 -0.191927 0.061325
vn -0.292887 -0.502088 -0.813711
v -0.177789 -0.11076 -0.042689
vn -0.932788 -0.0232471 -0.359675
v -0.180724 -0.110266 -0.0528462
vn -0.961173 -0.0316806 -0.274121
v -0.174226 -0.0954167 0.00337255
vn -0.981937 0.0585101 0.179937
v -0.109115 -0.139163 0.0602321
vn -0.0987326 -0.103554 0.989711
v -0.0513108 -0.173598 0.0994611
vn -0.861053 -0.184693 -0.47379
v -0.0511682 -0.168942 0.157687
vn -0.875668 0.369489 0.310939
v 0.02279 -0.158015 0.20539
vn -0.0659786 0.40716 0.910971
v 0.0697511 -0.173942 0.214551
vn -0.12302 0.487971 0.864147
v 0.128843 -0.195308 0.129307
vn 0.807345 -0.225589 0.545256
v 0.116236 -0.197777 0.109584
vn 0.369519 -0.565977 -0.736971
v 0.112054 -0.198837 0.0980865
vn 0.773864 -0.629924 -0.0658091
v -0.17448 -0.135033 -0.0589459
vn -0.834871 -0.227058 -0.501434
v -0.0627718 -0.178696 0.0357806
vn 0.74089 -0.397761 0.541174
v 0.134818 -0.183408 0.188806
vn 0.857353 -0.464858 -0.221028
v -0.0520075 -0.190643 -0.159433
vn 0.808114 -0.578084 0.113003
v -0.174289 -0.109183 -0.0195606
vn -0.941065 0.220037 0.256867
v -0.0570574 -0.174388 0.0253751
vn 0.553565 -0.614864 0.561701
v 0.128226 -0.183688 0.118052
vn 0.420195 -0.629519 -0.653561
v 0.10306 -0.206719 0.0948416
vn 0.606033 -0.616209 -0.503002
v -0.0521581 -0.169198 -0.10503
vn 0.800309 -0.592494 0.0919616
v -0.165884 -0.128522 -0.111046
vn -0.894765 0.396318 -0.205737
v -0.142347 -0.119238 0.0416104
vn -0.391066 0.320321 0.862822
v -0.0716224 -0.167676 0.0489419
vn 0.641421 -0.350499 0.682444
v 0.0852054 -0.191102 0.072107
vn 0.43917 -0.671914 -0.596374
v 0.0238828 -0.189877 0.0626617
vn -0.143625 -0.616882 -0.77384
v -0.0455911 -0.181874 -0.0175557
vn 0.825091 -0.564505 -0.0236586
v -0.0383841 -0.158159 0.172441
vn -0.859957 0.313881 0.402434
v 0.120383 -0.171695 0.198153
vn -0.106578 0.735308 0.669301
v -0.0263291 -0.197679 0.0723288
vn -0.392453 -0.266366 -0.880358
v -0.050318 -0.176505 0.0127774
vn 0.554003 -0.706288 0.440724
v -0.0516089 -0.193272 -0.176336
vn 0.800479 -0.526454 -0.286494
v -0.116126 -0.159517 -0.158713
vn -0.262128 0.0175242 -0.964874
v -0.167497 -0.138413 -0.0814226
vn -0.918701 0.200661 0.340181
v -0.0589844 -0.159766 0.11275
vn -0.970731 0.10802 -0.214506
v 0.101205 -0.165128 0.198315
vn 0.112156 0.713142 0.69199
v -0.133669 -0.158714 -0.148495
vn -0.499768 0.0526617 -0.864557
v -0.142465 -0.107152 0.0259438
vn -0.643005 0.288299 0.709527
v -0.00631828 -0.14397 0.202704
vn -0.0965853 0.320517 0.942306
v 0.00092306 -0.146855 0.202044
vn -0.0118623 0.391787 0.919979
v 0.123353 -0.184098 0.102191
vn 0.85883 -0.374606 -0.349402
v 0.0931855 -0.180929 0.051488
vn 0.314734 -0.657741 -0.684338
v -0.0423597 -0.177585 -0.0040449
vn 0.722387 -0.659979 -0.206361
v -0.164031 -0.0986784 0.0186767
vn -0.666766 0.347199 0.659451
v -0.125489 -0.123462 0.0419638
vn -0.494056 0.289584 0.819787
v -0.114606 -0.115733 0.0570911
vn -0.456949 0.17038 0.873022
v -0.0781522 -0.15105 0.0556531
vn 0.203436 -0.284592 0.936814
v 0.144094 -0.171221 0.195762
vn 0.91182 -0.184392 0.366856
v 0.144488 -0.176903 0.199299
vn 0.798056 -0.0194982 0.602267
v 0.146953 -0.164554 0.183997
vn 0.922333 -0.35171 -0.160005
v 0.14161 -0.168244 0.160972
vn 0.678948 -0.63663 -0.365695
v 0.0372868 -0.181166 0.04795
vn 0.118583 -0.615401 -0.779243
v -0.00212461 -0.189553 0.0697284
vn -0.297036 -0.307931 -0.903852
v -0.0366277 -0.164162 -0.0545785
vn 0.714529 -0.672865 0.191577
v -0.0675763 -0.189826 -0.184941
vn 0.0458134 0.073198 -0.996265
v -0.107045 -0.165084 -0.156863
vn -0.47799 0.109368 -0.87153
v -0.0389251 -0.182495 0.0855717
vn -0.69451 -0.280223 -0.66267
v -0.0428947 -0.153235 0.154661
vn -0.876137 0.436625 0.20431
v 0.0855165 -0.164032 0.214694
vn 0.660455 0.276785 0.697989
v -0.0990831 -0.140732 0.060188
vn 0.0233158 -0.0548671 0.998221
v 0.080072 -0.161716 0.211052
vn -0.19747 0.591988 0.781381
v 0.12945 -0.158346 0.202141
vn -0.356607 0.724101 0.590347
v 0.0968756 -0.19404 0.0752574
vn 0.392516 -0.571181 -0.72089
v -0.0412277 -0.170254 0.0160906
vn 0.524994 -0.786895 0.32431
v -0.10233 -0.165379 -0.163619
vn -0.395931 0.110028 -0.911665
v -0.161243 -0.113382 -0.0806108
vn -0.998007 0.0223752 -0.0590038
v -0.179818 -0.102607 -0.0343986
vn -0.840353 0.375897 0.390524
v -0.168347 -0.0959982 0.0107009
vn -0.758739 0.200678 0.619713
v -0.0628233 -0.158743 0.0356723
vn 0.448965 -0.503321 0.738308
v -0.0523161 -0.156062 0.124547
vn -0.847313 0.494643 0.193361
v 0.0700815 -0.157254 0.209458
vn 0.0274816 0.334646 0.941943
v -0.0182931 -0.184675 0.0705286
vn -0.472342 -0.368954 -0.800479
v -0.0525601 -0.179174 -0.177778
vn 0.473938 -0.113801 -0.873174
v -0.0761431 -0.156186 -0.16921
vn -0.567428 0.101881 -0.817096
v -0.173572 -0.0946873 -0.0120897
vn -0.999731 0.0120095 0.0198663
v -0.0476425 -0.171968 0.0323645
vn 0.41269 -0.702547 0.579754
v 0.127028 -0.176944 0.137969
vn 0.548879 -0.65306 0.521771
v 0.11724 -0.19167 0.0859374
vn 0.715019 -0.477195 -0.510914
v -0.0496209 -0.165883 -0.0927969
vn 0.724087 -0.595757 -0.347523
v -0.0505985 -0.178883 -0.148211
vn 0.816168 -0.563935 -0.125884
v -0.15104 -0.129359 -0.133275
vn -0.515133 0.238138 -0.823364
v -0.0141212 -0.143774 0.197533
vn -0.534462 0.267671 0.801687
v 0.0093569 -0.145447 0.200638
vn 0.152388 0.474381 0.867029
v 0.150342 -0.162257 0.17603
vn 0.866116 -0.49779 0.0452615
v -0.0355343 -0.167759 -0.0359256
vn 0.751477 -0.654978 -0.079285
v -0.030528 -0.172071 -0.0613799
vn 0.685933 -0.669712 0.284572
v -0.106943 -0.121423 0.0563119
vn -0.105744 0.0505304 0.993109
v 0.139465 -0.160954 0.199432
vn 0.475309 0.571268 0.66913
v -0.0100876 -0.170608 0.0590128
vn -0.0499291 -0.636505 -0.769655
v -0.0500274 -0.175958 -0.123719
vn 0.801805 -0.57304 0.169511
v -0.0469104 -0.164179 0.0837135
vn -0.743355 -0.289353 -0.603074
v -0.0438608 -0.143576 0.137441
vn -0.82014 0.505542 0.267951
v 0.132478 -0.179746 0.149308
vn 0.685348 -0.723339 -0.0841327
v 0.134921 -0.181432 0.119584
vn 0.570797 -0.666785 -0.479154
v 0.12993 -0.172324 0.109689
vn 0.767937 -0.498453 -0.402266
v -0.0343005 -0.16487 -0.01048
vn 0.689081 -0.722968 -0.0498521
v -0.131057 -0.131359 -0.139878
vn -0.645239 0.221007 -0.731315
v -0.0832637 -0.14123 0.0546292
vn -0.286599 -0.24449 0.926329
v 0.0259631 -0.142852 0.195453
vn -0.193613 0.327858 0.924675
v 0.14161 -0.182474 0.132445
vn 0.548975 -0.53909 0.638755
v 0.144848 -0.177225 0.121729
vn 0.568462 -0.775228 -0.27545
v 0.0826652 -0.17678 0.054519
vn 0.0241364 -0.568299 -0.822468
v 0.00106151 -0.172756 0.0553383
vn -0.335323 -0.634831 -0.696095
v -0.172114 -0.118512 -0.0853755
vn -0.928756 0.171694 0.328531
v 0.0932887 -0.150593 0.205988
vn 0.530994 0.238524 0.813112
v 0.112357 -0.153963 0.199996
vn 0.31685 0.480437 0.817794
v -0.0259601 -0.158355 0.0173861
vn 0.625825 -0.681653 0.379069
v -0.161776 -0.125816 -0.115769
vn -0.769051 0.381776 -0.512647
v -0.163752 -0.115124 -0.109429
vn -0.862917 0.373701 -0.340179
v -0.178259 -0.0736934 -0.0544054
vn -0.961714 0.272184 -0.0319587
v -0.0878398 -0.121219 0.0605294
vn -0.194258 -0.0491957 0.979716
v 0.0509989 -0.145152 0.210012
vn -0.128614 0.382627 0.914907
v 0.0488392 -0.167802 0.0448739
vn 0.153851 -0.669608 -0.726605
v -0.11044 -0.145119 -0.153148
vn -0.208264 0.0259111 -0.977729
v -0.0577087 -0.140797 0.0527868
vn 0.304344 -0.524224 0.795339
v -0.0478094 -0.15667 0.0414397
vn 0.283088 -0.523265 0.803775
v -0.0287852 -0.114017 0.165449
vn -0.921572 0.376282 0.0954785
v 0.0846555 -0.148181 0.199832
vn 0.021012 0.423831 0.905497
v 0.020425 -0.149727 0.0215289
vn -0.214521 -0.620512 -0.754285
v -0.165191 -0.105788 -0.0919555
vn -0.915773 0.357916 -0.182362
v -0.173473 -0.0880306 -0.0727468
vn -0.850038 0.0111166 -0.526604
v -0.156833 -0.0847666 0.0152339
vn -0.734695 0.0612153 0.67563
v -0.139717 -0.0910581 0.0453207
vn -0.668853 0.0809293 0.738976
v -0.0665669 -0.139741 0.0560274
vn 0.246473 -0.214718 0.945065
v -0.0506498 -0.154969 0.0937487
vn -0.869027 -0.0905658 -0.486406
v 0.0705623 -0.147101 0.201835
vn 0.237386 0.303883 0.922661
v 0.105852 -0.173816 0.0656515
vn 0.602024 -0.447391 -0.661369
v -0.0189791 -0.127446 0.185994
vn -0.716218 0.286015 0.636575
v -0.0124697 -0.151661 0.00308078
vn 0.698609 -0.712756 0.0626378
v -0.16493 -0.0993315 -0.0836568
vn -0.824212 -0.0145409 -0.566095
v -0.169593 -0.0716831 -0.0423317
vn -0.995846 0.0647552 0.0640055
v -0.174197 -0.082924 0.00306205
vn -0.913189 0.280393 0.295744
v 0.150819 -0.155191 0.191743
vn 0.978927 -0.0284126 0.202225
v 0.0330837 -0.16499 0.0333033
vn -0.0758987 -0.694534 -0.715445
v -0.17792 -0.075732 -0.0206385
vn -0.992039 0.104412 0.0703979
v -0.117399 -0.0911932 0.0501134
vn -0.640446 0.148533 0.753503
v -0.0207749 -0.106847 0.177505
vn -0.786064 0.361394 0.501495
v -0.00493341 -0.112076 0.192612
vn 0.0378874 0.347328 0.936978
v 0.0102656 -0.121988 0.18788
vn -0.211687 0.258492 0.942534
v 0.0389285 -0.13515 0.195248
vn -0.151071 0.332682 0.93086
v 0.0762212 -0.136197 0.202403
vn 0.159787 0.215878 0.963257
v -0.0448674 -0.164764 -0.15663
vn 0.899295 -0.417379 0.130623
v -0.0429558 -0.149967 0.0860569
vn -0.912092 0.0846713 -0.401147
v -0.0128361 -0.107187 0.186004
vn -0.73111 0.348287 0.586664
v 0.145863 -0.165162 0.136166
vn 0.715317 -0.192631 0.671725
v 0.16053 -0.159683 0.104433
vn 0.587098 -0.688616 -0.425586
v 0.011794 -0.142887 0.0263514
vn -0.147445 -0.690492 -0.708153
v -0.0141999 -0.144702 -0.0702656
vn 0.72758 -0.600104 -0.332419
v -0.0307342 -0.160268 -0.0789967
vn 0.638017 -0.61407 -0.464599
v -0.0555088 -0.144026 -0.175331
vn 0.10133 0.0140587 -0.994753
v -0.158774 -0.118166 -0.119078
vn -0.808692 0.222677 -0.544455
v -0.164962 -0.067717 0.00535716
vn -0.724689 0.2997 0.620488
v -0.052603 -0.133364 0.0921667
vn -0.974203 0.22279 0.035976
v 0.0528617 -0.13046 0.202268
vn -0.0959388 0.292733 0.951369
v 0.12574 -0.141658 0.175022
vn 0.13155 0.5569 0.820095
v -0.0381447 -0.160874 -0.101727
vn 0.707915 -0.625556 -0.327926
v -0.0370207 -0.163283 -0.12862
vn 0.734459 -0.542671 0.407527
v -0.0841831 -0.138129 -0.165411
vn -0.544635 0.13212 -0.828201
v -0.123696 -0.0970026 0.0454666
vn -0.152343 0.115703 0.981532
v -0.0471792 -0.139595 0.122669
vn -0.883204 0.370703 0.28728
v 0.0268491 -0.114655 0.199662
vn 0.13313 0.273781 0.952534
v 0.10333 -0.15013 0.184654
vn 0.731767 0.0970412 0.674611
v 0.144044 -0.155544 0.173908
vn 0.884536 0.0534822 0.463395
v 0.157512 -0.167211 0.125364
vn 0.750437 -0.151318 0.643388
v 0.140956 -0.16142 0.0989104
vn 0.365495 -0.689496 -0.625307
v 0.121692 -0.167601 0.0853374
vn 0.735184 -0.522348 -0.432039
v -0.00529551 -0.159711 0.0501295
vn -0.545929 -0.43017 -0.718968
v -0.0316944 -0.15105 -0.0899812
vn 0.753848 -0.572143 -0.323055
v -0.0453532 -0.162418 -0.114635
vn 0.855623 -0.502862 0.122631
v -0.0140643 -0.150881 -0.0092768
vn 0.716577 -0.69559 -0.0516957
v -0.041864 -0.137966 0.0777722
vn -0.662625 -0.643312 -0.383507
v 0.099317 -0.141868 0.199394
vn 0.666146 0.185625 0.722353
v 0.118794 -0.133267 0.176194
vn 0.201186 0.392707 0.897388
v 0.100952 -0.171132 0.0564835
vn 0.747287 -0.622942 -0.23131
v -0.0190952 -0.154958 -0.030671
vn 0.65233 -0.757013 -0.0373736
v -0.022446 -0.152169 -0.041038
vn 0.625151 -0.762271 -0.167717
v -0.0340509 -0.150398 -0.16407
vn 0.895418 -0.359949 -0.262038
v -0.142608 -0.11338 -0.132951
vn -0.478266 -0.0227445 -0.87792
v -0.0428606 -0.12094 0.0989898
vn -0.998789 0.0485802 0.007829
v -0.0220287 -0.110671 0.142898
vn -0.888587 0.329558 0.319068
v 0.0921797 -0.138674 0.19825
vn 0.247112 0.330004 0.911062
v 0.141848 -0.158467 0.136733
vn 0.791539 -0.595484 0.137349
v 0.0616592 -0.166347 0.0406572
vn 0.0467651 -0.718971 -0.693465
v 0.0026547 -0.160301 0.0303413
vn -0.443616 -0.717886 -0.536511
v -0.0947175 -0.132544 -0.159655
vn -0.360159 0.0447817 -0.931816
v -0.065693 -0.123421 0.0573164
vn 0.0558858 -0.306185 0.95033
v 0.00494207 -0.113275 0.183904
vn 0.172126 0.266788 0.94826
v -0.0519892 -0.158473 -0.17445
vn 0.29485 -0.00431652 -0.955534
v -0.125775 -0.126344 -0.156268
vn -0.382207 0.0639413 -0.921862
v -0.0747149 -0.104757 0.0723693
vn -0.211934 -0.0445409 0.976268
v -0.0432731 -0.118727 0.112132
vn -0.920533 0.14661 0.362112
v 0.0851364 -0.122797 0.193931
vn 0.34792 0.308486 0.885318
v -0.0113702 -0.146592 0.0164707
vn 0.681313 -0.719187 0.136318
v -0.0716546 -0.148869 -0.181534
vn -0.380348 -0.120262 -0.916991
v -0.152975 -0.103243 -0.111504
vn -0.95919 0.23287 -0.160392
v -0.155706 -0.0937512 -0.0944648
vn -0.893516 0.346904 -0.285109
v -0.177001 -0.061229 -0.0292826
vn -0.949809 0.205827 0.235581
v -0.15816 -0.0624201 0.00961772
vn -0.670862 0.326329 0.665923
v -0.0948439 -0.0991401 0.0591556
vn -0.101301 0.0614079 0.992959
v 0.161792 -0.15463 0.0920754
vn 0.352851 -0.653753 -0.669405
v -0.00603007 -0.140637 -0.0481104
vn 0.564058 -0.748638 0.348397
v -0.154763 -0.103983 -0.125893
vn -0.899089 0.104907 -0.425009
v -0.143335 -0.0757088 0.0339909
vn -0.731989 0.294527 0.614366
v -0.107417 -0.0878038 0.0569615
vn -0.27934 0.13782 0.95025
v 0.156091 -0.148641 0.14775
vn 0.792804 -0.609287 -0.0152157
v 0.108006 -0.161605 0.0593955
vn 0.664937 -0.627059 -0.405777
v 0.00755543 -0.127266 -0.0222344
vn 0.726343 -0.682099 0.0846564
v 0.0204896 -0.12027 -0.0433409
vn 0.762728 -0.643122 -0.068122
v -0.00587805 -0.144998 -0.0602148
vn 0.744649 -0.607794 -0.275835
v -0.174072 -0.0643021 -0.073981
vn -0.921695 0.0565585 -0.383769
v -0.164449 -0.0607246 -0.00448936
vn -0.971555 0.236278 0.0159102
v -0.05854 -0.132261 0.073131
vn -0.883598 -0.440445 -0.158942
v 0.076026 -0.121644 0.194951
vn 0.208831 0.264062 0.941627
v 0.111704 -0.151527 0.0414428
vn 0.665881 -0.621766 -0.412323
v -0.00352619 -0.147013 0.0486987
vn -0.405698 -0.632311 -0.659994
v -0.0318513 -0.146705 -0.0992419
vn 0.795111 -0.602703 0.067437
v -0.0432811 -0.119995 0.0812043
vn -0.853146 0.383373 0.353789
v 0.0437019 -0.116411 0.19452
vn -0.228982 0.457482 0.859231
v 0.0989275 -0.118173 0.185316
vn 0.478456 0.328323 0.814422
v 0.111765 -0.121441 0.178128
vn 0.656024 0.162671 0.737001
v 0.152439 -0.137588 0.167748
vn 0.597872 0.25204 0.760937
v 0.0153458 -0.0997347 0.189009
vn -0.2941 0.362972 0.88417
v 0.0603284 -0.116419 0.197644
vn -0.0224029 0.407966 0.912722
v 0.16232 -0.140874 0.161093
vn 0.867719 -0.0855476 0.489639
v 0.0446642 -0.145093 0.00901285
vn 0.0391919 -0.5929 -0.804322
v -0.010295 -0.147782 0.0313237
vn -0.0779018 -0.981098 -0.177137
v -0.00348072 -0.144782 0.029447
vn -0.534972 -0.775276 -0.335786
v -0.0227318 -0.151703 -0.13724
vn 0.861393 -0.488168 -0.140336
v -0.122804 -0.0627578 0.0425241
vn -0.274872 0.127992 0.952923
v -0.0576308 -0.122168 0.0632002
vn -0.505677 -0.404139 0.762209
v -0.052129 -0.134858 0.0585917
vn 0.183862 -0.5726 0.798952
v -0.0232109 -0.117489 -0.118861
vn 0.801528 -0.508367 -0.314826
v -0.144156 -0.0997918 -0.138373
vn -0.458671 -0.0339603 -0.887957
v -0.153901 -0.0840298 -0.088655
vn -0.871849 0.140128 -0.4693
v -0.0833828 -0.100696 0.0592532
vn -0.527173 0.0970546 0.844197
v -0.0629059 -0.106222 0.0645978
vn 0.297035 -0.430321 0.852405
v 0.030882 -0.113523 0.186751
vn 0.305103 0.406816 0.861054
v 0.128297 -0.159556 0.0733092
vn 0.603473 -0.607303 -0.516723
v 0.142161 -0.139161 0.174947
vn 0.174225 0.618206 0.766464
v -0.00481032 -0.139037 0.0167226
vn 0.0385639 -0.869822 -0.491857
v 0.167492 -0.13244 0.140146
vn 0.873809 -0.485622 0.02509
v 0.0834418 -0.143218 0.0217188
vn 0.353061 -0.629439 -0.69221
v 0.0309383 -0.138534 0.0156291
vn -0.175426 -0.53046 -0.82936
v 0.00716842 -0.144477 0.0141838
vn 0.0409312 -0.741965 -0.669188
v -0.00939069 -0.138767 -0.0831469
vn 0.68537 -0.518152 -0.511651
v -0.155974 -0.0651948 -0.083523
vn -0.78243 -0.0146494 -0.622567
v -0.162885 -0.0577787 -0.0154274
vn -0.886426 0.332476 0.322038
v -0.134457 -0.0583776 0.0292434
vn -0.719619 0.293422 0.629326
v -0.108292 -0.044027 0.0377008
vn -0.390083 0.0884647 0.91652
v -0.15375 -0.0782485 -0.109285
vn -0.969729 0.187322 -0.156639
v -0.0521053 -0.114188 0.0729756
vn -0.714492 -0.0156239 0.699469
v -0.0507326 -0.124625 0.0679036
vn -0.946733 -0.178456 -0.268049
v 0.00420901 -0.0793346 0.176243
vn 0.0059112 0.382797 0.923814
v 0.177917 -0.149773 0.106367
vn 0.860741 -0.504617 0.0669826
v -0.0246126 -0.131345 -0.152909
vn 0.829946 -0.48627 -0.273368
v -0.0596966 -0.135564 -0.185772
vn 0.40985 -0.0861953 -0.908071
v -0.174346 -0.0596807 -0.0504553
vn -0.939677 0.128436 -0.317036
v 0.167427 -0.136015 0.11608
vn 0.886777 -0.442998 0.131831
v 0.127278 -0.14489 0.0647144
vn 0.635799 -0.615616 -0.465592
v 0.018489 -0.135002 0.01497
vn 0.0308301 -0.700601 -0.712887
v -0.0748361 -0.131445 -0.176626
vn -0.792528 0.0816972 -0.604339
v -0.0180152 -0.0987846 0.15736
vn -0.984155 0.162787 0.0702865
v 0.0940719 -0.105551 0.185677
vn 0.411711 0.298306 0.861108
v 0.0606475 -0.15027 0.0255491
vn 0.153329 -0.626555 -0.764146
v 0.00617139 -0.131407 0.00655104
vn 0.295675 -0.804056 -0.51582
v -0.0149409 -0.131039 -0.108672
vn 0.745951 -0.533812 -0.398248
v -0.14119 -0.0874224 -0.134677
vn -0.571909 0.204928 -0.794307
v -0.164314 -0.0414155 -0.0098678
vn -0.970778 0.176333 0.162777
v -0.0940396 -0.0687212 0.0546449
vn -0.105666 0.163183 0.980921
v 0.127068 -0.13661 0.0422876
vn 0.615301 -0.701101 -0.360364
v 0.00472695 -0.128099 -0.00410991
vn 0.684259 -0.728125 -0.0402968
v -0.0255677 -0.137178 -0.124032
vn 0.884806 -0.186951 0.426811
v -0.0393568 -0.144206 -0.171214
vn 0.606468 -0.245409 -0.756288
v -0.122701 -0.0937058 -0.142847
vn -0.524828 0.0603166 -0.849069
v -0.148595 -0.0787689 -0.122906
vn -0.85007 0.252033 -0.462451
v 0.0759203 -0.0988043 0.191983
vn 0.0848804 0.419635 0.903716
v 0.163007 -0.122381 0.152598
vn 0.658472 0.0244643 0.752207
v 0.167556 -0.139697 0.124222
vn 0.773241 -0.622325 0.121699
v 0.172889 -0.12802 0.102517
vn 0.666634 0.00756322 0.745346
v -0.0786946 -0.110736 -0.163051
vn -0.718376 0.0877985 -0.690093
v -0.158912 -0.0502167 -0.0632184
vn -0.939033 0.31252 -0.143347
v -0.147638 -0.0362655 0.00472515
vn -0.59101 0.354374 0.724656
v -0.0586124 -0.0991459 0.0717946
vn -0.327981 0.00946632 0.944637
v -0.0456439 -0.101171 0.0788702
vn -0.959211 -0.107117 0.261611
v -0.0327097 -0.0964644 0.137229
vn -0.887543 0.169818 0.428287
v 0.0562156 -0.101336 0.185311
vn -0.333903 0.428721 0.839468
v -0.0661607 -0.118595 -0.182553
vn -0.239228 0.00330141 -0.970958
v -0.00614472 -0.0709414 0.172161
vn -0.614729 0.437365 0.656369
v 0.119779 -0.118512 0.0146187
vn -0.0735657 -0.46333 -0.883127
v -0.0183631 -0.127723 -0.145473
vn 0.94632 -0.302875 0.112899
v -0.0781575 -0.0658917 0.0635542
vn -0.353724 0.197875 0.91418
v 0.0340967 -0.0823567 0.172018
vn 0.0996483 0.330245 0.93862
v 0.113032 -0.0902162 0.16746
vn 0.418337 0.250969 0.872931
v 0.16287 -0.133621 0.149244
vn 0.967052 -0.253162 -0.0268056
v 0.149593 -0.126235 0.068489
vn 0.569799 -0.61168 -0.548796
v -0.113696 -0.099774 -0.153784
vn -0.662588 0.206865 -0.71985
v -0.148175 -0.0669118 -0.104106
vn -0.900769 0.21107 -0.379558
v -0.162761 -0.0267279 -0.0307138
vn -0.888935 0.333334 0.314137
v 0.0481849 -0.0913775 0.17544
vn -0.257617 0.260936 0.930347
v 0.136466 -0.111505 0.165789
vn 0.265818 0.251597 0.930613
v 0.0125565 -0.128562 0.00608314
vn 0.244977 -0.784814 -0.569256
v 0.00118799 -0.12393 -0.0744281
vn 0.788971 -0.461862 -0.405227
v -0.103421 -0.0523307 0.0490392
vn -0.565176 0.16537 0.808226
v -0.0522574 -0.0930116 0.0733392
vn -0.653636 0.0353241 0.755984
v -0.092485 -0.109443 -0.161943
vn -0.384384 0.0406576 -0.922278
v -0.137218 -0.0780725 -0.135961
vn -0.49231 0.101743 -0.864453
v -0.048843 -0.0835091 0.0871208
vn -0.973237 -0.00379703 0.229772
v 0.175238 -0.130634 0.0989742
vn 0.625415 -0.514917 -0.586273
v 0.173263 -0.132346 0.0906224
vn 0.753525 -0.466422 -0.463304
v 0.108795 -0.112316 0.0175546
vn 0.295169 -0.593607 -0.748669
v 0.031684 -0.121681 -0.00163491
vn 0.1337 -0.79115 -0.596831
v -0.0038369 -0.112656 -0.0890475
vn 0.687131 -0.55183 -0.472584
v -0.0081657 -0.108962 -0.112241
vn 0.833497 -0.502993 -0.228649
v -0.100469 -0.0947829 -0.154256
vn -0.244484 -0.00691319 -0.969629
v 0.163735 -0.121877 0.162414
vn 0.818909 0.0556811 0.571216
v 0.0140876 -0.122803 -0.00596811
vn 0.589351 -0.751855 -0.295601
v 0.162848 -0.12552 0.0737767
vn 0.467455 -0.532902 -0.705338
v 0.0631444 -0.131538 0.0126115
vn 0.390543 -0.594805 -0.702626
v 0.0163522 -0.108376 -0.0620467
vn 0.689737 -0.603256 -0.40043
v -0.051554 -0.104802 -0.176644
vn 0.394766 -0.115993 -0.911431
v -0.170501 -0.0468268 -0.0785152
vn -0.90013 0.433336 -0.0445537
v -0.124146 -0.0232886 0.0375019
vn -0.808603 0.194426 0.555301
v -0.0617169 -0.0703624 0.0612648
vn -0.343625 0.168612 0.923846
v -0.0394855 -0.0874716 0.0965847
vn -0.913984 0.173381 0.36684
v -0.0282584 -0.0775314 0.124831
vn -0.644611 0.43638 0.627734
v 0.0106069 -0.0777333 0.175879
vn 0.14324 0.503878 0.851815
v 0.0253277 -0.0796789 0.174013
vn 0.024447 0.507253 0.861451
v 0.169844 -0.121057 0.148656
vn 0.876263 -0.197733 -0.439391
v -0.104206 -0.0781148 -0.156602
vn -0.418587 0.0510717 -0.90674
v -0.00514877 -0.0680184 0.157242
vn -0.852107 0.352403 0.386944
v 0.0969026 -0.0876018 0.176113
vn 0.455441 0.431046 0.778956
v 0.169343 -0.125466 0.124585
vn 0.916195 -0.245711 0.316564
v 0.172651 -0.128707 0.118704
vn 0.96499 -0.261737 -0.0169584
v 0.0784045 -0.116917 0.00559844
vn 0.221361 -0.555189 -0.801726
v 0.0415313 -0.118318 0.00577689
vn 0.0386364 -0.671538 -0.739962
v -0.0207214 -0.121051 -0.161582
vn 0.78242 -0.450754 -0.429698
v -0.143501 -0.0723692 -0.133788
vn -0.683305 0.366823 -0.631296
v -0.140859 -0.0604532 -0.121782
vn -0.812424 0.430705 -0.393014
v -0.153854 -0.0427964 -0.0932483
vn -0.772795 -0.0719894 -0.63056
v -0.154012 -0.010894 -0.013423
vn -0.741932 0.294446 0.602361
v -0.0880867 -0.053114 0.0535596
vn -0.289891 0.0880381 0.953002
v 0.162285 -0.110851 0.139947
vn 0.996405 -0.0595901 -0.0602185
v 0.0194241 -0.112385 -0.0300334
vn 0.571508 -0.80737 -0.146738
v -0.0226571 -0.116372 -0.130755
vn 0.886407 -0.26056 0.382611
v -0.0329638 -0.118902 -0.176795
vn 0.0419208 0.0025752 -0.999118
v -0.136971 -0.0299983 0.017723
vn -0.8658 0.20911 0.454602
v -0.0187118 -0.0604937 0.141192
vn -0.904903 0.2504 0.344165
v 0.0825983 -0.0915636 0.183905
vn 0.265348 0.532791 0.80357
v 0.166274 -0.115978 0.13572
vn 0.824533 -0.114789 0.554047
v 0.0209417 -0.112455 -0.00736765
vn 0.232263 -0.921229 -0.312077
v -0.117128 -0.0797195 -0.145522
vn -0.614303 0.148315 -0.775006
v -0.166581 -0.0213066 -0.041583
vn -0.935622 0.34846 0.0564525
v -0.0351522 -0.0775456 0.109565
vn -0.90897 0.157512 0.385957
v -0.00742442 -0.0481659 0.141462
vn -0.596008 0.450263 0.664859
v 0.0578643 -0.0833258 0.183888
vn -0.182805 0.341895 0.921787
v 0.162905 -0.101871 0.149262
vn 0.482979 0.14219 0.86401
v 0.145684 -0.123883 0.0566626
vn 0.673155 -0.668985 -0.315154
v -0.15842 -0.0166012 -0.0198116
vn -0.968072 0.250302 -0.0136071
v -0.140843 -0.00364298 -0.00500269
vn -0.758598 0.307212 0.574587
v -0.0502438 -0.0696695 0.0741468
vn -0.901961 -0.0231155 0.431199
v 0.157741 -0.109752 0.158917
vn 0.339145 0.275578 0.899465
v 0.183459 -0.124703 0.0996621
vn 0.816108 -0.534178 0.220503
v -0.0258525 -0.121535 -0.173003
vn 0.681036 -0.354345 -0.640804
v -0.159879 -0.0138155 -0.0650444
vn -0.927693 0.112058 -0.35613
v -0.118052 -0.017745 0.0438679
vn -0.211122 0.110123 0.971237
v -0.0445045 -0.0730361 0.0963561
vn -0.846747 0.135695 0.514399
v -0.0224591 -0.0703513 0.12897
vn -0.95422 0.148706 0.259522
v 0.099051 -0.109661 0.00263268
vn 0.26829 -0.542908 -0.795784
v -0.129094 -0.0646114 -0.135787
vn -0.434404 0.329191 -0.838407
v 0.0440657 -0.0761469 0.181149
vn -0.16288 0.112764 0.980181
v 0.172344 -0.115323 0.108116
vn 0.868296 -0.385684 0.311945
v 0.174269 -0.112642 0.0806484
vn 0.600269 -0.404249 -0.690116
v 0.144338 -0.119981 0.0286979
vn 0.787172 -0.516251 -0.337411
v 0.131057 -0.114179 0.01363
vn 0.612117 -0.635177 -0.471024
v 0.0685133 -0.101367 -0.01066
vn 0.3004 -0.688886 -0.659694
v 0.00500663 -0.108848 -0.0791912
vn 0.692557 -0.662435 -0.28556
v -0.082126 -0.0916869 -0.163364
vn -0.37653 -0.0320658 -0.925849
v 0.00593851 -0.0408153 0.156069
vn -0.264767 0.394882 0.879754
v 0.142024 -0.0943062 0.15985
vn 0.238379 0.186946 0.953009
v 0.144588 -0.119154 0.0454208
vn 0.726801 -0.55302 -0.407345
v 0.043958 -0.112519 -0.0202501
vn 0.207767 -0.845904 -0.491201
v -0.142045 -0.0523907 -0.110986
vn -0.879852 -0.00185789 -0.475244
v 0.0655063 -0.0801287 0.174492
vn 0.241195 0.580833 0.777469
v 0.133311 -0.111953 0.022471
vn 0.518168 -0.642459 -0.564578
v 0.0309057 -0.117663 -0.0314908
vn 0.485048 -0.874336 -0.0162943
v -0.0350629 -0.0615109 0.105321
vn -0.747395 0.365115 0.55506
v 0.0313102 -0.0647806 0.172877
vn -0.33086 0.443113 0.833176
v 0.0920743 -0.082753 0.171068
vn 0.0829065 -0.013653 0.996464
v -0.0702761 -0.0814338 -0.166319
vn -0.835918 0.0271557 -0.548183
v -0.0545373 -0.0376854 0.0709674
vn -0.729566 -0.0568904 0.68154
v -0.0403443 -0.103694 -0.171353
vn 0.0730126 -0.0892763 -0.993327
v -0.0525489 -0.0389523 -0.184841
vn -0.042547 -0.028395 -0.998691
v -0.0674332 -0.074837 -0.184935
vn -0.773245 0.0687686 -0.630367
v -0.143943 -0.0337298 -0.110378
vn -0.82772 0.163743 -0.53672
v -0.156499 -0.0293867 -0.0894171
vn -0.929497 0.330534 -0.163656
v -0.070698 -0.05685 0.0564205
vn -0.352587 7.22622e-05 0.935779
v 0.0731531 -0.0739871 0.170503
vn -0.037072 0.0646678 0.997218
v 0.179298 -0.0985091 0.136496
vn 0.765313 -0.0988892 0.636017
v 0.175729 -0.10888 0.123134
vn 0.956224 -0.290327 0.0366854
v -3.14202e-06 -0.0896063 -0.147699
vn 0.809506 -0.399378 0.430345
v -0.115984 -0.0553361 -0.13778
vn -0.6036 0.00310416 -0.797281
v 0.056893 -0.0667321 0.174877
vn 0.24047 0.138219 0.960765
v 0.121111 -0.0766837 0.157094
vn 0.128789 0.159564 0.97875
v 0.156522 -0.0898493 0.153324
vn 0.474738 0.0771492 0.876739
v 0.190359 -0.10942 0.086042
vn 0.642094 -0.243853 -0.726809
v -0.0109912 -0.0874821 -0.133535
vn 0.805866 -0.592008 0.0103075
v -0.0843022 -0.045097 0.0560433
vn -0.499193 0.0830613 0.8625
v -0.0466146 -0.0537657 0.0820486
vn -0.855428 0.0816253 0.51145
v -0.0233142 -0.0593718 0.11145
vn -0.850749 0.285639 0.441176
v 0.0470337 -0.0619029 0.174918
vn -0.119218 0.405849 0.906131
v 0.173881 -0.0990661 0.150984
vn 0.569889 0.0873162 0.817069
v 0.186602 -0.112194 0.101681
vn 0.591791 -0.265652 0.76106
v 0.157565 -0.109386 0.0532681
vn 0.755618 -0.52946 -0.385634
v 0.0792821 -0.102992 -0.00736424
vn 0.290808 -0.596859 -0.74779
v 0.0199719 -0.0947125 -0.0977563
vn 0.545522 -0.761546 -0.349932
v -0.129695 -0.0516098 -0.131791
vn -0.726805 -0.094552 -0.680304
v -0.148973 -0.00199603 -0.0391955
vn -0.966312 0.257338 -0.00430805
v -0.099534 -0.0120443 0.0507579
vn -0.362143 0.095543 0.927213
v 0.0398111 -0.101291 -0.0446924
vn 0.571313 -0.7772 -0.263745
v 0.00111819 -0.0930415 -0.108076
vn 0.523157 -0.700088 -0.485987
v 0.0189312 -0.0495382 0.156946
vn 0.0297538 0.439811 0.897598
v 0.0295466 -0.104913 -0.056052
vn 0.40425 -0.82096 -0.403245
v -0.00108588 -0.0889943 -0.154181
vn 0.853553 -0.519988 0.0325528
v -0.0161186 -0.105894 -0.167551
vn 0.663031 -0.250007 -0.705611
v -0.135357 -0.0320941 -0.133081
vn -0.835065 0.218166 -0.505044
v 0.10991 -0.0705783 0.161671
vn 0.641445 0.182665 0.745105
v 0.136569 -0.0586409 0.159135
vn 0.111734 0.10219 0.98847
v 0.19839 -0.103908 0.0922215
vn 0.988673 -0.128496 0.0775467
v 0.0470131 -0.0970353 -0.0323982
vn 0.484852 -0.813777 -0.320446
v 0.0329731 -0.0786261 -0.0932181
vn 0.589965 -0.759885 -0.272977
v -0.0144805 -0.0893491 -0.173813
vn 0.437894 -0.280309 -0.854211
v -0.0787659 -0.0504031 -0.166313
vn -0.522868 0.0456991 -0.851188
v -0.156818 0.00879641 -0.0214663
vn -0.992707 0.113433 -0.0408241
v -0.135368 -0.00581981 0.0106038
vn -0.761194 0.372559 0.530833
v -0.0770813 -0.0415147 0.0564781
vn -0.438252 -0.087536 0.894579
v -0.0377118 -0.0535222 0.0903915
vn -0.638975 0.320361 0.699342
v 0.0826396 -0.0662109 0.180321
vn -0.146785 -0.166479 0.975058
v 0.100441 -0.0686519 0.177993
vn 0.345804 0.185544 0.919779
v 0.179807 -0.098883 0.122838
vn 0.941185 0.0659057 0.331403
v -0.00587291 -0.0985733 -0.125002
vn 0.661328 -0.550077 -0.509961
v -0.0988421 -0.0354731 -0.157868
vn -0.532665 -0.00588471 -0.846306
v -0.151184 -0.0227633 -0.0976256
vn -0.862129 0.171842 -0.476659
v -0.0169996 -0.0306668 0.123635
vn -0.888751 0.208911 0.408016
v 0.0102735 -0.078455 -0.160556
vn 0.777864 -0.462909 -0.42502
v -0.0255652 -0.0739311 -0.181255
vn 0.101917 -0.183381 -0.977745
v 0.17186 -0.0649485 0.139293
vn 0.954897 -0.0435921 -0.293721
v 0.19064 -0.0993671 0.0979659
vn 0.84538 0.0857474 0.527237
v 0.166362 -0.102865 0.0640788
vn 0.694092 -0.467576 -0.547365
v 0.151576 -0.0896754 0.0396058
vn 0.753836 -0.335734 -0.564813
v 0.0633146 -0.0941401 -0.0304059
vn 0.445351 -0.754657 -0.481826
v -0.152349 -0.0135657 -0.0884442
vn -0.965962 0.110115 -0.234076
v -0.11952 -0.0149219 0.030473
vn -0.780997 0.295347 0.550285
v -0.0294426 -0.0386592 0.0971124
vn -0.747784 0.378078 0.54578
v 0.0306167 -0.0533494 0.164938
vn -0.330664 0.540248 0.773817
v 0.186186 -0.0959403 0.109636
vn 0.863962 -0.104823 0.492525
v 0.176485 -0.0999405 0.0744046
vn 0.792195 -0.168829 -0.58645
v 0.151822 -0.0838179 0.00696887
vn 0.803064 -0.465323 -0.372241
v -0.011585 -0.087097 -0.164165
vn 0.563067 -0.299495 -0.770233
v -0.0679112 -0.0402529 -0.176002
vn -0.69026 0.0726344 -0.719906
v -0.14433 0.015136 -0.0147586
vn -0.569876 0.315394 0.758794
v -0.0820519 -0.0140469 0.046482
vn -0.323007 0.152557 0.93402
v 0.0467865 -0.0554939 0.169658
vn -0.35606 0.559587 0.748387
v 0.0578294 -0.0539579 0.175147
vn -0.275061 0.17721 0.944954
v 0.0995208 -0.0928635 -0.00348781
vn 0.293855 -0.658687 -0.692662
v -0.0495467 -0.0779527 -0.17967
vn -0.0124571 -0.110044 -0.993849
v -0.155535 -0.00255765 -0.050628
vn -0.944651 0.207174 0.254387
v -0.0738697 -0.0193814 0.0585331
vn -0.310677 0.0309922 0.95001
v 0.0357212 -0.0446782 0.154019
vn 0.0357415 0.434405 0.900008
v 0.0699932 -0.051394 0.175063
vn 0.108488 0.129808 0.985586
v 0.0795684 -0.0612251 0.171679
vn 0.117355 0.363905 0.924013
v 0.170751 -0.089628 0.129966
vn 0.743855 0.264631 0.613718
v 0.152866 -0.0826217 0.0284023
vn 0.931523 -0.361784 0.0371239
v 0.152421 -0.0911162 0.0202753
vn 0.939909 -0.328735 -0.0922231
v -0.000756738 -0.0305272 0.145201
vn -0.815197 0.300238 0.495289
v 0.166848 -0.0776667 0.146951
vn 0.389953 0.150703 0.908419
v -0.125679 -0.0344188 -0.143989
vn -0.506632 -0.151819 -0.84869
v 0.166294 -0.0651915 0.129193
vn 0.985368 0.016816 0.16961
v 0.115358 -0.0947505 0.00225781
vn 0.20429 -0.500376 -0.841362
v 0.0563814 -0.0866856 -0.044209
vn 0.441936 -0.793618 -0.418165
v -0.114023 -0.034389 -0.146022
vn -0.29592 -0.198087 -0.934448
v -0.148403 0.0138389 -0.0862395
vn -0.92277 0.211538 -0.322097
v -0.0551811 -0.019668 0.0727979
vn -0.559429 0.0749777 0.82548
v -0.00570655 -0.0258562 0.134395
vn -0.783413 0.211605 0.584369
v 0.100822 -0.0401962 0.162908
vn 0.52719 0.333233 0.781681
v 0.16741 -0.0870435 0.0381796
vn 0.664171 -0.332842 -0.669398
v -0.153458 0.0125852 -0.0698436
vn -0.942629 0.300202 -0.146045
v -0.12368 -0.00458797 0.0225977
vn -0.836676 0.413121 0.35959
v -0.0847283 -0.018659 0.0613079
vn -0.72424 0.281003 0.629693
v -0.0218342 -0.0365362 0.109546
vn -0.949232 0.306327 0.07157
v 0.158279 -0.0608074 0.152943
vn 0.334888 0.130831 0.933131
v 0.0903352 -0.0839903 -0.0147647
vn 0.291142 -0.759615 -0.581568
v 0.0164749 -0.0351267 0.156488
vn 0.269661 0.334478 0.902999
v 0.180356 -0.0757035 0.104067
vn 0.813417 0.135647 0.565643
v 0.177694 -0.0873645 0.084128
vn 0.81356 -0.191916 -0.548897
v 0.169728 -0.078872 0.0495821
vn 0.759988 -0.392242 -0.518232
v 0.148691 -0.0806366 -0.00423975
vn 0.226561 -0.494683 -0.839023
v 0.00755635 -0.0736048 -0.131131
vn 0.510239 -0.743398 -0.432452
v -0.0148507 -0.0283488 0.0940062
vn -0.756118 0.469038 0.456387
v 0.139696 -0.0504864 0.152809
vn 0.222671 0.285453 0.932166
v 0.16472 -0.066336 0.149487
vn 0.63748 0.0728462 0.767016
v 0.179714 -0.0832208 0.0705938
vn 0.857191 -0.50236 -0.113396
v 0.0707075 -0.0808826 -0.0442807
vn 0.514425 -0.638092 -0.572893
v 0.0479236 -0.0664624 -0.112897
vn 0.555148 -0.739928 -0.379891
v 0.032509 -0.0712822 -0.121685
vn 0.461912 -0.770588 -0.439125
v -0.110351 -0.0133426 -0.148466
vn -0.624489 0.156777 -0.765137
v -0.123586 -0.006822 -0.125581
vn -0.78963 0.330759 -0.516801
v -0.141491 0.0195265 -0.0982587
vn -0.784712 0.205972 -0.584639
v -0.148609 0.0314389 -0.0355474
vn -0.997705 0.0466811 -0.0490384
v -0.0472072 -0.05062 -0.183667
vn 0.0536616 -0.127195 -0.990425
v -0.077747 -0.0316673 -0.160135
vn -0.451039 -0.0426813 -0.891483
v -0.0301173 -0.033335 0.0831987
vn -0.667655 0.112478 0.735925
v 0.120993 -0.0540231 0.157531
vn 0.176144 0.0339382 0.983779
v 0.188566 -0.0843809 0.0910469
vn 0.801098 -0.116586 -0.587069
v -0.091832 -0.00455999 -0.161037
vn -0.607319 0.120209 -0.785311
v 0.058664 -0.0354412 0.163204
vn -0.695254 0.230635 0.680756
v 0.0601257 -0.0800198 -0.0522411
vn 0.66335 -0.703011 -0.256401
v -0.0339932 -0.0385175 -0.183892
vn 0.0138531 -0.166772 -0.985898
v -0.131831 -0.000624778 -0.113844
vn -0.740324 0.175539 -0.648928
v -0.128859 0.0137595 -0.00527676
vn -0.696379 0.355858 0.623234
v -0.12382 0.00494304 0.0280039
vn -0.796679 0.346534 0.495193
v -0.108587 0.00509527 0.0373037
vn -0.773468 0.343267 0.532837
v -0.101439 0.0101398 0.0427847
vn -0.381143 0.194629 0.903797
v 0.0444676 -0.0330681 0.151644
vn -0.530937 0.340344 0.776062
v 0.0758978 -0.0307657 0.167218
vn 0.0702352 0.190624 0.979147
v 0.190688 -0.0709129 0.0537749
vn 0.91837 -0.359583 -0.165214
v 0.0864672 -0.0748082 -0.0361926
vn 0.375319 -0.727913 -0.573829
v 0.0569338 -0.0765109 -0.0827567
vn 0.564181 -0.750243 -0.344726
v 0.135025 -0.0707244 -0.00503903
vn 0.233902 -0.578663 -0.781306
v -0.00800165 -0.0583886 -0.179071
vn 0.229681 -0.208291 -0.950716
v -0.147449 0.0234154 -0.0183322
vn -0.541037 0.225031 0.810333
v -0.118245 0.0223153 0.00803478
vn -0.753303 0.35051 0.556486
v 0.00261779 -0.00644449 0.138205
vn -0.652146 0.331066 0.681983
v 0.193763 -0.072532 0.0920274
vn 0.932959 0.0701112 -0.353088
v 0.0118924 -0.0706519 -0.143384
vn 0.713021 -0.659919 0.23687
v 0.0354734 -0.0215401 0.146057
vn 0.0132228 0.343786 0.938955
v 0.173411 -0.059443 0.12157
vn 0.903061 0.0834206 0.421334
v 0.191315 -0.0677331 0.0964694
vn 0.679414 0.0499506 0.732053
v 0.191026 -0.0761759 0.0757767
vn 0.888723 -0.320784 -0.32752
v 0.121412 -0.0747129 -0.0230301
vn 0.457964 -0.818509 -0.346861
v -0.0433188 -0.0187078 0.07805
vn -0.542265 0.145746 0.82747
v 0.143806 -0.0384518 0.153496
vn 0.0615709 0.239329 0.968984
v 0.158541 -0.0138313 0.140878
vn 0.39427 0.127507 0.910106
v 0.118795 -0.0692968 -0.037229
vn 0.192991 -0.728101 -0.657741
v 0.111378 -0.0558472 -0.04724
vn 0.208057 -0.743232 -0.635861
v 0.0504089 -0.0669332 -0.0955688
vn 0.383109 -0.801129 -0.459805
v -0.109981 0.0152046 0.029737
vn -0.634622 0.43614 0.637994
v 0.0816946 -0.022005 0.165165
vn 0.394978 0.317069 0.862241
v 0.166738 -0.0550132 0.143256
vn 0.754605 0.183081 0.630121
v 0.18548 -0.0577749 0.044393
vn 0.41858 -0.309596 -0.853781
v 0.161831 -0.0701673 0.0344965
vn 0.773296 -0.481544 -0.412467
v 0.168181 -0.0552152 0.0188269
vn 0.890997 -0.453265 -0.0259975
v 0.0805721 -0.0641445 -0.0449595
vn 0.392642 -0.674109 -0.625628
v 0.00749496 -0.0530402 -0.171552
vn 0.634102 -0.533874 -0.559368
v -0.151527 0.0391941 -0.0474884
vn -0.967012 0.228593 -0.112392
v -0.0663695 -0.00186047 0.0578327
vn -0.653978 0.164435 0.738426
v -0.014262 -0.00751253 0.121815
vn -0.954328 0.158701 0.253126
v 0.117394 -0.0389759 0.156752
vn 0.357979 0.461256 0.811846
v 0.162085 -0.0367552 0.142807
vn 0.66699 0.181195 0.722698
v 0.168641 -0.0566912 0.0403988
vn 0.786502 -0.365288 -0.497976
v 0.158068 -0.0665944 0.0123715
vn 0.824214 -0.467629 -0.319364
v 0.0689703 -0.0646861 -0.074978
vn 0.632115 -0.759863 -0.151785
v -0.115549 -0.00434275 -0.133614
vn -0.774529 0.329283 -0.540072
v -0.143616 0.0305368 -0.0629062
vn -0.939413 0.230452 -0.25376
v 0.168571 -0.0440804 0.138409
vn 0.938023 0.0665146 0.340131
v 0.183647 -0.0659296 0.0818179
vn 0.976275 0.104484 -0.189657
v -0.12624 0.0171421 -0.116327
vn -0.724205 0.260183 -0.638617
v -0.0309447 -0.00686797 0.0915263
vn -0.438905 0.350561 0.827327
v -0.025725 -0.0100637 0.0903271
vn -0.268668 0.311919 0.911331
v -0.00478663 -0.00494912 0.128963
vn -0.783703 0.121789 0.609078
v 0.0108124 -0.00620315 0.151341
vn -0.199371 0.404424 0.892576
v 0.0267362 -0.0157511 0.146359
vn -0.134623 0.480768 0.866452
v 0.0620607 -0.0193749 0.168231
vn -0.231367 0.328625 0.915683
v 0.187196 -0.0678803 0.0689009
vn 0.981481 -0.108966 0.157548
v 0.0154651 -0.033418 -0.180218
vn 0.306657 -0.330686 -0.892529
v -0.106113 0.0349732 0.0143725
vn -0.79325 0.454993 0.404643
v 0.124425 -0.0389049 0.145217
vn 0.0376192 0.168807 0.984931
v 0.026504 -0.0675986 -0.130197
vn 0.277925 -0.658666 -0.699225
v 0.00941398 -0.0633699 -0.165555
vn 0.646417 -0.308186 -0.697973
v -0.0555997 -0.00433049 -0.181997
vn -0.513835 -0.0130279 -0.85779
v -0.00858348 -0.00153881 0.106742
vn -0.990391 0.0826379 -0.11089
v 0.0192569 -0.00931013 0.131962
vn 0.393826 0.404834 0.825234
v 0.0715666 -0.011943 0.165311
vn -0.22806 0.283357 0.931503
v 0.102157 -0.0293274 0.154359
vn 0.297611 0.408883 0.862695
v 0.0753426 -0.0633046 -0.0569138
vn 0.64629 -0.683332 -0.339657
v 0.0193508 -0.0634377 -0.146266
vn 0.79547 -0.495753 -0.348507
v -0.118255 0.011988 -0.127801
vn -0.849412 0.0857987 -0.520709
v 0.0895384 -0.0153507 0.153868
vn 0.572977 0.261079 0.776875
v 0.119927 -0.0294675 0.149387
vn 0.0323338 -0.105808 0.993861
v 0.189398 -0.0456005 0.0942667
vn 0.995082 0.0753964 0.0642402
v -0.0727058 0.00361078 0.0486654
vn -0.532075 0.231283 0.814497
v -0.0481079 0.00682107 0.06546
vn -0.450249 0.210836 0.867654
v -0.0428299 0.00835801 0.074379
vn -0.362621 0.294879 0.884055
v 0.0402769 -0.00701564 0.141887
vn -0.648226 0.208313 0.732399
v 0.0526925 -0.00133616 0.156867
vn -0.624632 0.163125 0.763691
v -0.152398 0.0435027 -0.0284086
vn -0.738846 0.496547 0.455574
v -0.0867597 0.0184431 0.0476043
vn -0.220347 0.238346 0.945853
v 0.131359 -0.0270791 0.15263
vn 0.265576 -0.155444 0.951476
v 0.176668 -0.0389127 0.105439
vn 0.815678 0.0780337 0.57322
v 0.187289 -0.0322942 0.0968346
vn 0.636922 0.0593528 0.76864
v 0.192698 -0.0269298 0.0304256
vn 0.909596 -0.403183 -0.100395
v 0.177955 -0.0403282 0.0065318
vn 0.873004 -0.39951 -0.279742
v -0.112752 0.0103734 -0.137168
vn -0.818655 0.103376 -0.564904
v -0.101817 0.0259826 0.0407197
vn -0.593589 0.49176 0.637044
v -0.0584677 0.00210882 0.0676329
vn -0.329266 0.134892 0.934552
v -0.00868406 -0.00484638 0.0894283
vn -0.93684 0.0140073 0.349477
v 0.187363 -0.0548549 0.0727907
vn 0.960587 -0.0524781 0.27298
v 0.170391 -0.0284474 -0.0146109
vn 0.78237 -0.459856 -0.420035
v 0.161046 -0.0356169 -0.0223347
vn 0.724482 -0.513673 -0.459637
v -0.133736 0.0355519 -0.0132183
vn -0.634794 0.335328 0.696127
v -0.096993 0.0345272 0.0273512
vn -0.614976 0.364104 0.699451
v 0.14393 -0.0207757 0.139844
vn 0.295461 0.0155056 0.955229
v 0.193264 -0.0269885 0.0554636
vn 0.967876 -0.0353942 0.248926
v 0.136053 -0.0564616 -0.0151851
vn 0.440441 -0.724242 -0.530551
v 0.139187 -0.0595949 -0.0294909
vn 0.692141 -0.68719 -0.220704
v -0.137038 0.0407961 -0.0934211
vn -0.906873 0.2264 -0.35542
v 0.0974201 -0.010746 0.151295
vn 0.108054 -0.0603268 0.992313
v 0.164771 -0.0206641 0.123768
vn 0.997498 0.0458769 -0.0537929
v 0.170568 -0.017025 0.117923
vn 0.865239 0.156084 0.476444
v 0.0786168 -0.0594071 -0.0640625
vn 0.617804 -0.761153 -0.197392
v 0.0527332 -0.0464897 -0.144915
vn 0.416143 -0.584023 -0.696952
v 0.0241109 -0.0516845 -0.145918
vn 0.704661 -0.605301 -0.370221
v -0.136163 0.026529 -0.0998323
vn -0.831855 0.00188704 -0.55499
v 0.11669 -0.00469873 0.158491
vn -0.178298 -0.0605295 0.982113
v 0.164774 -0.0221551 0.138217
vn 0.580608 0.196447 0.790128
v 0.171853 -0.0199458 0.133316
vn 0.998646 0.0518381 -0.0042907
v 0.0879448 -0.0532576 -0.0596594
vn 0.426014 -0.844478 -0.324605
v 0.0702636 -0.0535158 -0.102269
vn 0.508462 -0.747472 -0.427495
v 0.0173491 -0.0463222 -0.164551
vn 0.694896 -0.600136 -0.396178
v 0.195682 -0.0277669 0.0485764
vn 0.854563 -0.0490291 -0.517028
v 0.107252 -0.0437049 -0.061984
vn 0.213674 -0.750662 -0.62518
v 0.000421775 -0.0233311 -0.184676
vn 0.132478 -0.184584 -0.973847
v -0.064351 0.027882 0.0609835
vn -0.608563 0.278008 0.743211
v 0.187235 -0.035877 0.0749171
vn 0.943675 -0.0980574 0.316009
v -0.0692388 0.00414264 -0.176956
vn -0.516278 -0.0276061 -0.855976
v -0.0683326 0.0213204 0.0539966
vn -0.671626 0.267778 0.690806
v -0.0277202 0.00514743 0.0678453
vn -0.130146 0.588044 0.79829
v -0.0199752 0.00709476 0.0790356
vn -0.589129 0.51187 0.625233
v -0.00962138 0.0245333 0.0762612
vn -0.610125 0.34062 0.71535
v 0.0397575 0.00456227 0.143777
vn -0.864533 0.0970881 0.493109
v 0.150939 -0.0460422 -0.0210209
vn 0.492895 -0.680387 -0.542336
v 0.0651415 -0.0377028 -0.131651
vn 0.649703 -0.603308 -0.4625
v 0.0393478 -0.030091 -0.151829
vn 0.34847 -0.588113 -0.729858
v -0.117939 0.0228731 -0.121179
vn -0.838408 -0.194975 -0.508976
v -0.132637 0.0663065 -0.0927984
vn -0.917602 0.32049 -0.235145
v 0.00971006 0.00488201 0.128809
vn -0.623736 0.29175 0.725145
v 0.0335979 0.00861343 0.134267
vn -0.221993 0.496857 0.838959
v 0.0805696 9.68068e-05 0.163562
vn 0.532933 0.00885066 0.846111
v 0.183206 -0.0315347 0.0403038
vn 0.794993 -0.247919 -0.553645
v 0.0738139 -0.0361514 -0.118937
vn 0.601686 -0.610068 -0.515549
v -0.0473203 -0.011631 -0.187877
vn -0.271583 -0.0411081 -0.961537
v -0.12056 0.036488 -0.130339
vn -0.747715 0.00623912 -0.663991
v -0.145587 0.0544576 -0.0473766
vn -0.953623 0.253479 -0.162335
v -0.0211991 0.00554441 0.101598
vn -0.98968 -0.0337181 0.139271
v 0.132922 -0.0543097 -0.0369931
vn 0.483421 -0.713662 -0.506942
v 0.0962405 -0.0415577 -0.0753639
vn 0.571586 -0.817505 -0.0705357
v -0.0750886 0.0358819 0.0447677
vn -0.522398 0.309631 0.794499
v -0.0459321 0.0373412 0.0618002
vn -0.327017 0.230093 0.916579
v -0.0150431 0.0361521 0.110242
vn -0.998613 -0.052627 0.00174441
v 0.173484 -0.0154069 0.106517
vn 0.874028 0.166337 0.456516
v 0.185234 -0.00532654 0.0883157
vn 0.971235 0.0420369 -0.234381
v 0.0944741 -0.0489376 -0.0890718
vn 0.599002 -0.694129 -0.399227
v -0.131599 0.0375662 -0.116501
vn -0.881864 -0.0937859 -0.462083
v 0.0287231 0.0175014 0.126126
vn 0.189441 0.35995 0.913536
v 0.0650807 0.00401358 0.150523
vn -0.219389 0.200508 0.954812
v 0.134674 -0.00704262 0.150666
vn 0.677295 -0.142836 0.721713
v 0.134098 0.0148564 0.162071
vn 0.443268 0.0715227 0.893531
v -0.135699 0.0473488 -0.0321154
vn -0.551759 0.604041 0.575062
v -0.100258 0.0513236 0.024013
vn -0.753163 0.363503 0.54828
v -0.00278283 0.0157045 0.130833
vn 0.00882117 0.34107 0.939997
v 0.0557474 0.0235984 0.144798
vn -0.575449 0.265334 0.7736
v 0.0270189 -0.0423217 -0.173464
vn 0.677727 -0.589062 -0.440104
v 0.0261609 -0.028374 -0.178896
vn 0.479929 -0.362033 -0.799124
v -0.135608 0.0677452 -0.0614486
vn -0.826355 0.532443 -0.183417
v -0.0498558 0.0748962 0.0413929
vn -0.754915 0.318043 0.573543
v 0.0961752 0.0241594 0.151717
vn 0.253722 0.0124398 0.967197
v 0.193795 -0.024143 0.0619051
vn 0.997575 -0.0433394 0.0544588
v 0.102849 -0.0451494 -0.0725137
vn 0.582984 -0.69839 -0.415187
v -0.0277885 0.00262809 -0.193242
vn -0.0643592 -0.0126768 -0.997846
v -0.104052 0.0302836 -0.146924
vn -0.863251 0.140901 -0.484712
v -0.131499 0.0548119 -0.0206429
vn -0.665976 0.443955 0.599483
v -0.125652 0.045914 -0.010205
vn -0.364274 0.528264 0.766969
v -0.0834349 0.0431805 0.0314417
vn -0.483439 0.430946 0.761953
v -0.0127327 0.0253572 0.0837682
vn -0.952659 0.065423 -0.296918
v 0.193018 -0.0104553 0.0731178
vn 0.93516 0.109187 0.336977
v 0.133825 -0.0427112 -0.0572018
vn 0.220117 -0.806349 -0.548953
v -0.0721465 0.0170371 -0.167488
vn -0.653002 0.176449 -0.736515
v -0.107745 0.0369343 -0.13483
vn -0.696589 0.081936 -0.712776
v -0.138438 0.0642046 -0.0785706
vn -0.901934 0.360524 -0.237778
v 0.14663 -0.00337548 0.152704
vn 0.362599 -0.0655805 0.929635
v -0.0224045 0.0243392 0.0699305
vn -0.203384 0.253205 0.945792
v 0.0793619 0.0120851 0.163462
vn -0.180803 0.154271 0.971345
v 0.154664 -0.0379104 -0.0431627
vn 0.726109 -0.598771 -0.337993
v 0.00103339 0.00900052 -0.194662
vn 0.10376 -0.12035 -0.987294
v -0.00826297 0.0306857 0.101023
vn -0.994095 0.0038015 0.108447
v 0.161879 -0.00403104 0.132836
vn 0.82334 -0.0115296 0.567431
v -0.0794291 0.0283606 -0.15894
vn -0.460081 0.0622323 -0.885693
v -0.126693 0.0519108 -0.116116
vn -0.848662 0.307602 -0.430296
v -0.140111 0.0670667 -0.0487773
vn -0.658178 0.61665 0.431907
v -0.0986413 0.0532801 0.0101108
vn -0.984051 0.177785 0.00598985
v 0.0157469 0.02136 0.132993
vn 0.480228 0.363554 0.798254
v 0.188903 -0.000329641 0.0922605
vn 0.990098 0.0555739 0.128909
v 0.187039 -0.0106919 0.0419634
vn 0.984452 -0.075076 -0.1588
v 0.14396 -0.0371731 -0.0596328
vn 0.554465 -0.552173 -0.622634
v -0.0966597 0.0391313 -0.15529
vn -0.4968 0.0505336 -0.866393
v -0.0777378 0.0568594 0.0268333
vn -0.316694 0.155909 0.935626
v -0.0411487 0.0419243 0.0638262
vn -0.11591 0.329502 0.937013
v 0.168815 -0.0022963 0.10268
vn 0.81229 0.120345 0.570704
v 0.187788 -0.0122005 0.0789135
vn 0.960651 0.119685 0.250649
v 0.184082 -0.0195073 0.0169689
vn 0.916581 -0.331936 -0.22293
v 0.122495 -0.0342859 -0.0730189
vn 0.162789 -0.590166 -0.790698
v 0.0368951 -0.0318627 -0.159247
vn 0.744496 -0.558086 -0.366424
v -0.0370251 0.0365064 -0.188897
vn -0.192279 -0.063577 -0.979279
v -0.111717 0.0494317 0.00855343
vn -0.707639 0.520901 0.477398
v 0.0739496 0.0318 0.156104
vn -0.283243 0.0545993 0.957493
v 0.1674 0.0105156 0.142296
vn 0.821094 0.0197729 0.570451
v 0.0365669 -0.0137869 -0.171708
vn 0.639854 -0.388172 -0.663256
v 0.0266501 -0.0128217 -0.186227
vn 0.305195 -0.149284 -0.940516
v -0.0497435 0.0390587 -0.186573
vn -0.450919 0.0603345 -0.890523
v -0.0582151 0.0430227 -0.175893
vn -0.675826 0.0989686 -0.730386
v 0.14355 0.0120917 0.142311
vn 0.549514 0.215646 0.807175
v 0.184497 -0.0150644 0.0966698
vn 0.544491 0.0688623 0.835935
v 0.0547634 -0.0278415 -0.14576
vn 0.508965 -0.561847 -0.652137
v -0.104332 0.0484955 -0.142769
vn -0.741084 0.12448 -0.659772
v -0.124892 0.0681818 -0.0315591
vn -0.798262 0.490044 0.350192
v -0.111535 0.0563728 -0.0170147
vn -0.540072 0.48491 0.687884
v 0.0392449 0.0363204 0.114131
vn -0.831483 0.178229 0.526185
v 0.0593202 0.0396829 0.155253
vn -0.260007 0.166143 0.951206
v 0.166444 0.0105789 0.129499
vn 0.996611 0.0811112 0.0137009
v 0.190026 0.00442309 0.055871
vn 0.998443 0.0556301 -0.00418726
v 0.190665 0.00125284 0.00628598
vn 0.880485 -0.263587 -0.394041
v 0.103715 -0.0364259 -0.0793393
vn 0.787966 -0.615113 0.027326
v 0.11616 0.0152121 0.150263
vn -0.242917 -0.0652292 0.967852
v 0.178869 -0.00067823 -0.00440796
vn 0.945299 -0.247574 -0.212409
v 0.165536 0.0178185 0.112355
vn 0.965539 0.0623949 0.252668
v 0.191314 -0.00551974 0.0319056
vn 0.995753 -0.0227596 -0.0892068
v 0.108868 -0.0235374 -0.0768908
vn 0.553387 -0.501751 -0.664837
v -0.118014 0.050089 -0.129021
vn -0.741028 0.0411719 -0.670211
v 0.108907 -0.0318392 -0.0886403
vn 0.821212 -0.539209 -0.186721
v 0.101432 -0.0226508 -0.0992333
vn 0.567409 -0.585645 -0.578849
v 0.0886197 -0.026496 -0.118165
vn 0.578585 -0.689026 -0.436444
v -0.123092 0.0598646 -0.116322
vn -0.872722 0.256211 -0.415587
v -0.0124452 0.0365072 0.0863978
vn -0.975476 0.0305285 -0.217979
v 0.156137 0.0225289 0.141721
vn 0.0515886 0.109408 0.992657
v 0.191545 0.0143355 0.0280948
vn 0.988315 -0.151978 0.0116436
v 0.183246 -0.00934868 -0.0143734
vn 0.944723 -0.311726 -0.101612
v 0.152745 -0.0202653 -0.0567755
vn 0.719061 -0.406889 -0.563377
v 0.018044 0.0228238 -0.187851
vn 0.252706 -0.199639 -0.946723
v -0.0763304 0.0507537 -0.163307
vn -0.551352 -0.0115282 -0.834193
v -0.0970154 0.0619616 -0.00375588
vn -0.781437 0.521245 0.343017
v -0.0158227 0.0435014 0.0684587
vn -0.4924 0.278891 0.824477
v 0.191065 0.0136458 0.0414144
vn 0.998397 -0.0388589 0.0411496
v 0.131902 -0.0196444 -0.0746626
vn 0.43369 -0.248424 -0.86614
v 0.0542036 -0.010827 -0.16885
vn 0.46045 -0.560385 -0.688443
v 0.110884 0.0312403 0.156782
vn -0.0234917 0.116632 0.992897
v 0.173339 0.0179675 0.102315
vn 0.553671 -0.0289167 0.832233
v 0.18052 0.0303244 0.0692983
vn 0.928038 0.231342 0.291936
v 0.192465 0.011669 0.0493478
vn 0.994883 0.0608196 -0.0806778
v 0.189522 0.00183691 0.0134296
vn 0.957028 -0.264099 0.119789
v 0.0834003 -0.0164881 -0.133125
vn 0.59653 -0.562651 -0.572343
v -0.0965262 0.0716009 0.0129771
vn -0.884153 0.347285 0.312516
v -0.016012 0.0180891 -0.186371
vn -0.0400972 0.151523 -0.98764
v 0.00649995 0.0631704 0.107147
vn -0.106068 0.413511 0.9043
v 0.126194 0.0399206 0.155096
vn 0.394711 0.482589 0.781864
v 0.186333 0.0180262 0.0947917
vn 0.843749 0.0837495 0.530163
v 0.191211 0.02439 0.0568553
vn 0.933282 0.259454 0.24833
v -0.11444 0.0615856 -0.134431
vn -0.622114 0.509719 -0.594273
v -0.132373 0.0767375 -0.0580419
vn -0.875688 0.469709 0.112
v 0.185121 0.0111172 -0.0390639
vn 0.770294 -0.448261 -0.453551
v 0.10341 -0.0159352 -0.11141
vn 0.611584 -0.593329 -0.523378
v 0.0930859 -0.014595 -0.124985
vn 0.65908 -0.459176 -0.595626
v 0.0706618 -0.0115691 -0.153646
vn 0.600753 -0.521071 -0.606284
v -0.0620678 0.0770017 0.0349806
vn -0.535803 0.206088 0.818806
v 0.090782 0.0406055 0.15746
vn 0.0712512 -0.0165073 0.997322
v 0.136525 0.0364761 0.136899
vn 0.558251 0.236693 0.795193
v 0.164748 -0.00872182 -0.0584747
vn 0.820739 -0.329654 -0.466599
v -0.0922664 0.0614742 -0.15193
vn -0.648073 0.268342 -0.712738
v -0.122723 0.071051 -0.111152
vn -0.808084 0.503245 -0.306179
v -0.0217146 0.0527419 0.05957
vn -0.226753 0.237249 0.944614
v -0.00330511 0.0504762 0.072378
vn -0.975661 0.102177 0.194023
v 0.160337 0.0335419 0.13454
vn 0.845424 0.260102 0.466483
v 0.181329 0.0328848 0.0861992
vn 0.987958 0.145616 -0.0523024
v 0.167635 0.0114812 -0.0495097
vn 0.777771 -0.444025 -0.444875
v 0.140707 -0.0128179 -0.0684929
vn 0.513221 -0.470897 -0.717538
v 0.119428 -0.0119642 -0.10175
vn 0.758097 -0.604939 -0.243594
v 0.0397193 -0.00243894 -0.176556
vn 0.458784 -0.142385 -0.877065
v -0.0162794 0.0537872 0.0915579
vn -0.933903 -0.218034 -0.283349
v 0.162738 0.0427025 0.121434
vn 0.978008 -0.0269028 0.206826
v 0.118385 -0.00601618 -0.0879194
vn 0.881832 -0.465519 -0.0752664
v -0.119051 0.0756345 -0.0955466
vn -0.788239 0.595705 -0.154323
v -0.115897 0.083928 -0.0246989
vn -0.530689 0.303637 0.791311
v -0.0886231 0.0801976 0.0129313
vn -0.622072 0.430023 0.654298
v -0.0863569 0.0681254 0.0302107
vn -0.572184 0.281092 0.77045
v 0.0571011 0.0483262 0.143959
vn -0.901151 0.0717653 0.427523
v 0.130168 -0.00234801 -0.0797038
vn 0.311548 -0.54911 -0.77551
v -0.117467 0.0685097 -0.116154
vn -0.574744 0.529252 -0.624148
v -0.0101039 0.0563112 0.0659588
vn -0.632886 -0.346866 0.692199
v 0.0169621 0.0489736 0.115073
vn 0.087453 0.261791 0.961154
v 0.123725 0.00300034 -0.109726
vn 0.540905 -0.540278 -0.64461
v -0.0981546 0.0665926 -0.13947
vn -0.737475 0.302196 -0.603994
v -0.0178914 0.061582 0.0949115
vn -0.958499 -0.281498 -0.045144
v 0.196463 0.0204163 0.00607436
vn 0.938938 -0.334134 -0.082164
v 0.00618662 0.0237552 -0.19138
vn -0.0691041 -0.117794 -0.990631
v -0.122598 0.0791349 -0.0369536
vn -0.891599 0.251656 0.376457
v -0.0939319 0.0796291 -0.0145055
vn -0.775104 -0.0453972 0.630201
v -0.0420077 0.0642109 0.0542164
vn -0.198402 0.151997 0.968263
v -0.00549417 0.0510359 0.0827473
vn -0.832058 -0.101227 -0.545374
v -0.0181203 0.0683627 0.0994813
vn -0.894503 0.04143 0.445137
v 0.0866788 0.0497607 0.156316
vn -0.151927 0.261106 0.95328
v 0.165231 0.0385745 0.109525
vn 0.810961 -0.24112 0.533107
v 0.170791 0.0345652 0.104083
vn 0.626219 0.000366893 0.779648
v 0.189894 0.0270431 0.0502658
vn 0.930975 -0.301987 0.20516
v -0.117615 0.0807074 -0.114839
vn -0.806193 0.312185 -0.502587
v -0.129593 0.089678 -0.0581661
vn -0.975431 0.200971 0.0902545
v 0.0243278 0.062121 0.105811
vn 0.380778 0.221408 0.897767
v 0.0510661 0.0499517 0.135524
vn -0.607963 0.0479905 0.792513
v 0.189836 0.0183937 -0.0173959
vn 0.970384 -0.240624 0.0213367
v 0.165972 0.00792425 -0.0582735
vn 0.722166 -0.40795 -0.558617
v 0.0999502 0.0084368 -0.132557
vn 0.577663 -0.616964 -0.534472
v 0.0603759 0.00253504 -0.166472
vn 0.536342 -0.192408 -0.821777
v -0.0870567 0.0627968 -0.155338
vn -0.766633 0.00852287 -0.642029
v -0.101235 0.0701525 -0.125292
vn -0.791722 0.2332 -0.564619
v 0.0297124 0.0625994 0.109815
vn -0.171023 -0.164728 0.971399
v 0.0345118 0.0443765 0.130298
vn -0.831498 0.158371 0.532475
v 0.110566 0.0525634 0.14508
vn 0.159437 0.0444235 0.986208
v 0.0968025 0.0570977 0.15325
vn 0.209073 0.0037351 0.977893
v 0.149414 0.0469514 0.138912
vn 0.326906 0.163645 0.930781
v 0.180561 0.0351548 0.0984498
vn 0.83134 0.154058 0.533985
v -0.0383993 0.0437458 -0.190044
vn -0.240934 0.11214 -0.964041
v -0.053365 0.048947 -0.179187
vn -0.531423 -0.158574 -0.832132
v -0.121513 0.0868593 -0.0710455
vn -0.946988 0.147009 -0.28566
v -0.0986001 0.0811501 -0.000634091
vn -0.982333 0.187118 0.00300817
v 0.13545 0.0495222 0.142991
vn 0.271735 -0.369983 0.88841
v 0.159445 0.045836 0.13266
vn 0.695855 0.397714 0.598004
v 0.182603 0.0350774 0.0562828
vn 0.853638 -0.25906 0.451874
v 0.155917 0.00321068 -0.0710678
vn 0.643419 -0.637406 -0.42394
v -0.0675357 0.0547139 -0.172677
vn -0.626387 -0.262607 -0.733946
v -0.0928083 0.0704154 -0.145413
vn -0.703646 0.0268988 -0.710041
v -0.118188 0.0827918 -0.0984158
vn -0.984431 -0.10868 -0.138148
v -0.0436159 0.0750973 0.0549127
vn -0.718983 0.0234255 0.694632
v -0.0356617 0.0626443 0.0563469
vn -0.298898 -0.0721675 0.951552
v 8.5518e-05 0.0669001 0.106517
vn -0.210404 0.31388 0.925856
v 0.124409 0.0504796 0.145597
vn 0.389965 0.0245877 0.920501
v 0.180944 0.0405147 0.080115
vn 0.965137 -0.156122 0.210089
v 0.191384 0.0204648 -0.00394734
vn 0.860582 -0.451824 -0.235062
v 0.140122 0.00131866 -0.086631
vn 0.326448 -0.733276 -0.596437
v 0.123775 0.00732897 -0.0924657
vn 0.561388 -0.826021 -0.0503283
v 0.13014 -0.000932947 -0.106593
vn 0.748939 -0.63667 -0.18369
v -0.0120213 0.0365149 -0.194245
vn -0.023598 0.037775 -0.999008
v -0.120463 0.0853479 -0.0338951
vn -0.898925 0.0248458 0.437397
v -0.0240127 0.0617929 0.0626127
vn -0.343267 -0.840546 0.419107
v -0.0107054 0.0598799 0.0794051
vn -0.487603 -0.871313 -0.0552877
v -0.0117703 0.0683808 0.110487
vn -0.590364 0.215451 0.777851
v 0.178718 0.041749 0.098244
vn 0.898843 0.223636 0.37692
v 0.191206 0.0363024 0.0573262
vn 0.879643 -0.138408 0.45505
v 0.199939 0.0327486 0.0351629
vn 0.942473 -0.219411 0.252198
v 0.0759626 0.0106383 -0.158242
vn 0.367126 -0.542112 -0.755866
v 0.0477008 0.0166615 -0.177198
vn 0.303057 -0.503353 -0.809192
v 0.173227 0.0468136 0.112274
vn 0.838745 0.171233 0.516901
v 0.199697 0.0264228 0.00526986
vn 0.909604 -0.382179 -0.16297
v 0.0093316 0.0320525 -0.190092
vn -0.0147324 0.0628205 -0.997916
v -0.10225 0.0828445 -0.141128
vn -0.777671 0.185887 -0.600561
v -0.080421 0.079249 0.0163036
vn -0.770854 0.337967 0.539966
v 0.0605756 0.0627478 0.142798
vn -0.382102 0.105903 0.918032
v 0.114001 0.00428292 -0.121883
vn 0.555726 -0.590219 -0.5855
v 0.087826 0.00753063 -0.152265
vn 0.506434 -0.679854 -0.530399
v -0.112981 0.0862961 -0.115158
vn -0.890858 -0.098532 -0.443467
v 0.0371747 0.0599197 0.11242
vn -0.941618 0.0318572 0.335174
v 0.0485354 0.0633646 0.143127
vn -0.636139 -0.132433 0.760124
v 0.077769 0.0611536 0.15192
vn -0.288056 -0.355416 0.889215
v 0.142261 0.0559864 0.140699
vn 0.634763 0.354331 0.686677
v 0.189666 0.0269985 -0.018317
vn 0.919408 -0.385766 -0.0766396
v 0.0254644 0.02782 -0.197189
vn 0.204808 -0.155859 -0.966313
v -0.0385648 0.0637055 -0.184231
vn -0.181038 0.180314 -0.966805
v -0.0554544 0.0672555 -0.183744
vn -0.150398 0.0144753 -0.98852
v -0.0664203 0.0803181 -0.183936
vn -0.637712 0.186932 -0.747248
v -0.115794 0.0879594 -0.103318
vn -0.924001 0.212635 -0.317817
v -0.125498 0.0931476 -0.0631814
vn -0.888385 0.458891 -0.0138482
v -0.0251051 0.0615623 0.0704665
vn -0.336154 -0.941107 0.0362992
v 0.0469512 0.0620943 0.133288
vn -0.848293 0.116379 0.516579
v 0.127467 0.0596688 0.152574
vn 0.329122 0.160381 0.930568
v 0.147235 0.0597976 0.129748
vn 0.636268 0.407255 0.655214
v 0.157763 0.0104728 -0.077524
vn 0.659975 -0.567691 -0.492099
v 0.14449 0.012337 -0.0969212
vn 0.476868 -0.788888 -0.387623
v -0.0795731 0.0777049 -0.158364
vn -0.745739 0.308307 -0.59061
v -0.125924 0.093554 -0.081096
vn -0.983069 0.0602702 -0.173043
v -0.125301 0.0920457 -0.0422765
vn -0.814021 0.4882 0.314691
v -0.113331 0.0886776 -0.0250695
vn -0.720071 -0.510203 0.470309
v -0.0898434 0.0819377 0.006375
vn -0.745927 0.462143 0.479601
v -0.0337964 0.0696602 0.0632625
vn -0.801233 -0.479844 0.357456
v -0.029467 0.0631292 0.0814341
vn -0.531066 -0.721125 0.444913
v 0.192369 0.0485154 0.0480309
vn 0.922209 0.196569 0.333003
v 0.184113 0.021258 -0.0503031
vn 0.804233 -0.573891 -0.154462
v 0.172698 0.0154624 -0.0592583
vn 0.524932 -0.813194 -0.251321
v -0.0236493 0.0590622 -0.19189
vn 0.0611712 0.238047 -0.969325
v -0.09605 0.0804971 -0.00450245
vn -0.378436 -0.918291 0.116308
v -0.0745315 0.0802346 0.0330253
vn -0.53448 -0.0510487 0.843638
v -0.0362045 0.0652955 0.0734399
vn -0.755838 -0.641882 -0.129215
v 0.108978 0.061531 0.155744
vn 0.201365 -0.150631 0.967865
v 0.188409 0.0553126 0.0537747
vn 0.953928 0.0537713 0.295178
v 0.206806 0.0455761 0.00864877
vn 0.988729 0.0385265 0.144673
v 0.128027 0.0169442 -0.109971
vn 0.612772 -0.533419 -0.583073
v 0.0166894 0.0444531 -0.186985
vn 0.00125509 0.287433 -0.9578
v -0.112398 0.0911859 -0.0223698
vn -0.952653 0.00280538 0.304046
v -0.113695 0.0890384 -0.013316
vn -0.597418 -0.800802 0.042516
v 0.0133897 0.0615599 0.122258
vn -0.188762 -0.386895 0.902597
v 0.0924266 0.0658535 0.159159
vn -0.0229944 0.360215 0.932586
v 0.156363 0.0672661 0.115241
vn 0.773704 0.429393 0.465836
v 0.171425 0.05781 0.10288
vn 0.824269 0.507462 0.251123
v 0.197996 0.0500962 -0.00162823
vn 0.917947 -0.373444 -0.133837
v 0.117897 0.011825 -0.130125
vn 0.466918 -0.809457 -0.356045
v 0.104503 0.0131699 -0.146725
vn 0.548179 -0.656459 -0.518229
v 0.0850915 0.0135659 -0.162632
vn 0.409264 -0.545847 -0.731132
v 0.0581378 0.0203647 -0.17977
vn 0.34614 -0.439468 -0.828888
v -0.112268 0.0941676 -0.116504
vn -0.741792 0.463937 -0.48426
v -0.0935681 0.0859194 0.0087787
vn -0.429829 -0.776453 0.460834
v -0.0343471 0.0675216 0.0758179
vn -0.418449 -0.786553 0.454131
v 0.186357 0.0618176 0.0738529
vn 0.919509 -0.0737779 0.386083
v 0.170675 0.0628726 0.0834738
vn 0.778771 0.124144 0.614901
v 0.188029 0.0217541 -0.0621348
vn 0.785902 -0.247971 -0.566452
v -0.119037 0.0993161 -0.0462241
vn -0.935153 0.329846 0.129195
v -0.0197991 0.070503 0.0791468
vn -0.634866 -0.274978 0.722033
v 0.206406 0.0464889 -0.0227686
vn 0.920342 -0.380568 -0.0902088
v 0.125462 0.0150221 -0.121937
vn 0.657343 -0.404354 -0.635923
v 0.054464 0.0313491 -0.17869
vn 0.356642 0.0951677 -0.929381
v -0.120802 0.100224 -0.0832993
vn -0.960786 0.183978 -0.207465
v -0.120955 0.0992285 -0.0622593
vn -0.850947 0.521689 0.0610748
v -0.109102 0.0904171 -0.00189683
vn -0.799022 0.4157 0.434462
v -0.106044 0.0853517 0.00896065
vn -0.45654 -0.837244 0.300988
v -0.0883121 0.0891391 0.0261719
vn -0.0616428 -0.998068 -0.0077973
v -0.0352428 0.0768683 0.0678123
vn -0.820874 -0.553244 -0.14173
v 0.0430409 0.0676552 0.129813
vn -0.405796 -0.843991 0.350726
v 0.0581228 0.0697778 0.15082
vn -0.328916 0.235186 0.914605
v 0.131015 0.068301 0.140794
vn 0.409665 0.693922 0.592154
v 0.0454796 0.0694571 0.13892
vn -0.602758 -0.118804 0.78903
v 0.101288 0.0716345 0.148684
vn 0.233157 0.673639 0.701319
v 0.154684 0.0184192 -0.0973797
vn 0.630848 -0.521683 -0.57435
v 0.0959789 0.0187326 -0.154559
vn 0.65365 -0.287273 -0.700154
v 0.0798536 0.0230496 -0.166729
vn 0.451112 -0.363 -0.815309
v 0.0470373 0.0433748 -0.181674
vn 0.331664 0.0427301 -0.942429
v 0.0273173 0.0479825 -0.192394
vn 0.187013 0.327557 -0.926139
v -0.000300915 0.0570624 -0.184
vn 0.198953 0.313008 -0.928678
v -0.118581 0.102256 -0.0255562
vn -0.945317 0.0544794 0.321572
v -0.0622553 0.0860239 0.0409382
vn -0.278928 -0.944941 0.171129
v -0.053218 0.0781309 0.0455565
vn -0.640165 -0.576489 0.507789
v -0.147408 0.132945 -0.220551
vn -0.00474424 -0.998798 0.0487778
v -0.146274 0.138916 -0.204737
vn 0.0884515 -0.954189 0.28583
v -0.152509 0.136525 -0.202789
vn -0.620714 -0.746725 0.238987
v -0.0195093 0.0750301 0.0870876
vn -0.207662 -0.978082 0.0152325
v -0.0178926 0.0644876 0.0994218
vn -0.48412 -0.873173 0.0565358
v 0.0074851 0.0733679 0.11005
vn -0.560748 -0.485665 0.67059
v 0.0223708 0.0694232 0.11818
vn 0.0959415 -0.947928 0.30369
v -0.0907041 0.0907469 -0.135238
vn -0.761175 0.179453 -0.623225
v -0.10272 0.0906081 0.00608552
vn -0.712627 0.616492 0.334812
v -0.0986415 0.0908656 0.0232946
vn -0.759321 0.445226 0.474559
v -0.0405386 0.0827286 0.06619
vn -0.256562 -0.949331 -0.181513
v 0.16448 0.0670718 0.0991015
vn 0.856751 0.279229 0.433599
v 0.155073 0.0301634 -0.0964545
vn 0.743625 -0.191467 -0.640595
v 0.0730162 0.0379229 -0.177907
vn 0.276798 -0.0662753 -0.95864
v -0.0798832 0.0881355 -0.154939
vn -0.781221 0.241551 -0.575628
v -0.101874 0.0993041 -0.114705
vn -0.828824 0.265007 -0.49277
v -0.118222 0.105206 -0.100129
vn -0.745171 0.505999 -0.43438
v -0.0147948 0.072776 0.10641
vn -0.417237 -0.390887 0.820439
v 0.0253994 0.0694973 0.128784
vn -0.450688 -0.361078 0.816396
v 0.0781482 0.0800235 0.144274
vn -0.108233 0.485331 0.867606
v -0.14087 0.134898 -0.234973
vn -0.339843 -0.919846 -0.195933
v -0.064861 -0.0267193 0.220902
vn 0.560538 -0.486954 -0.669831
v -0.0697128 -0.0268317 0.233648
vn 0.669771 -0.739965 0.0621184
v -0.0762662 -0.0363169 0.229123
vn -0.642663 -0.737799 -0.206486
v -0.13333 0.136442 -0.219518
vn 0.48105 -0.848763 0.219529
v -0.153665 0.138231 -0.219487
vn -0.966692 -0.104183 -0.23378
v -0.153733 0.143484 -0.203085
vn -0.98769 0.0973286 -0.122456
v 0.14148 0.0715559 0.131109
vn 0.443889 0.344869 0.82706
v 0.155659 0.0698715 0.121778
vn 0.751493 0.159312 0.640217
v 0.192782 0.0394283 -0.0464658
vn 0.939257 -0.298313 -0.169722
v -0.043002 0.079454 -0.181644
vn -0.248775 -0.0103826 -0.968506
v -0.119368 0.105677 -0.0814713
vn -0.814925 0.578597 0.0335056
v 0.118074 0.0736396 0.136515
vn 0.354594 0.422169 0.834288
v 0.194058 0.067605 0.034355
vn 0.949435 -0.123136 0.28881
v 0.20554 0.0610571 -0.00198201
vn 0.896179 -0.321 0.306304
v -0.0195282 0.0765676 -0.187049
vn -0.101477 -0.0383799 -0.994097
v -0.0492947 0.0857357 -0.182193
vn -0.203453 0.244112 -0.948165
v -0.0669809 0.0941902 -0.160023
vn -0.395907 0.682088 -0.614829
v -0.115967 0.104836 -0.0476884
vn -0.815444 0.578048 -0.0301883
v -0.106935 0.10344 -0.0163339
vn -0.812211 0.433402 0.390482
v -0.0991126 0.100934 0.000148904
vn -0.837179 0.240245 0.491338
v -0.084796 0.085686 0.0376603
vn -0.885457 0.0626911 0.460473
v -0.0389291 0.0774436 0.0908329
vn -0.414866 -0.86306 0.288121
v -0.031861 0.0752683 0.104276
vn -0.315172 0.656736 0.685102
v 0.0174815 0.0736133 0.125665
vn -0.414608 0.610395 0.674921
v -0.136486 0.135007 -0.20434
vn -0.116578 -0.832302 0.541926
v -0.130738 0.131024 -0.239511
vn 0.0710965 -0.99745 0.00622584
v -0.140765 0.13988 -0.240078
vn -0.657222 -0.58887 -0.470417
v -0.131825 0.136176 -0.248434
vn 0.256971 -0.528161 -0.809328
v -0.151998 0.141378 -0.227696
vn -0.920802 -0.107603 -0.374893
v -0.0556638 -0.0225283 0.227198
vn 0.922722 -0.378194 0.07452
v 0.185391 0.0746432 0.0797687
vn 0.975029 -0.0522049 0.215852
v 0.131101 0.0299041 -0.121358
vn 0.682019 -0.378567 -0.62573
v 0.0225451 0.060341 -0.18464
vn -0.0858971 0.292808 -0.952305
v -0.0676004 0.0809997 0.0655323
vn -0.0641351 -0.97329 -0.220437
v -0.0766378 0.0842942 0.0619742
vn -0.766014 0.333635 0.549463
v -0.0645693 0.0809812 0.0777294
vn -0.738851 0.24122 0.629215
v -0.054647 0.0780507 0.0798555
vn -0.444754 -0.822811 0.353802
v -0.0496628 0.0812286 0.0885255
vn -0.506745 -0.0525136 0.860495
v -0.0355593 0.0789189 0.0909689
vn -0.218479 0.68116 0.698776
v 0.0531634 0.0836949 0.138504
vn -0.361012 0.397299 0.843697
v 0.0948625 0.0811622 0.148477
vn 0.235182 0.431118 0.871107
v -0.140991 0.14991 -0.253422
vn -0.750808 -0.0602619 -0.657766
v -0.147165 0.146691 -0.238079
vn -0.938609 0.165161 -0.302879
v -0.157649 0.154307 -0.192699
vn -0.983771 -0.166555 0.0667444
v -0.152029 0.144768 -0.190635
vn -0.433385 -0.70161 0.565615
v -0.0733071 -0.0331174 0.24353
vn -0.148395 -0.985884 -0.0775359
v -0.0751664 -0.0204551 0.235944
vn -0.970172 -0.237232 -0.0498743
v -0.0656214 -0.0188774 0.239659
vn 0.901491 -0.418477 -0.110412
v 0.168704 0.0737671 0.094737
vn 0.56268 -0.249606 0.788092
v 0.182349 0.0808495 0.0904483
vn 0.700815 -0.260604 0.664035
v 0.180641 0.0479909 -0.0643804
vn 0.72662 -0.115665 -0.677234
v 0.0876679 0.0337419 -0.172174
vn 0.573946 -0.272063 -0.772378
v -0.0867205 0.0993366 -0.150785
vn -0.463981 0.372338 -0.803795
v -0.108572 0.108688 -0.126208
vn -0.931663 -0.260587 -0.253177
v -0.112749 0.112162 -0.0947698
vn -0.814534 0.432246 -0.386907
v -0.119163 0.108064 -0.0353554
vn -0.720007 0.670443 0.179151
v -0.0921541 0.100418 0.0105155
vn -0.806693 0.290878 0.514428
v -0.151501 0.146519 -0.180703
vn 0.00827836 -0.614047 0.789226
v -0.148887 0.155163 -0.183552
vn -0.924597 -0.276519 0.262026
v -0.0742097 -0.0233341 0.222078
vn -0.639796 -0.381046 -0.667432
v -0.0740573 -0.0283868 0.263226
vn -0.438646 -0.890918 -0.117708
v -0.0837095 -0.0321778 0.254146
vn -0.446692 -0.893676 0.0425372
v -0.0723316 -0.027609 0.262944
vn -0.101212 -0.993556 -0.0510138
v -0.0615702 -0.0402252 0.270759
vn -0.18534 -0.976767 0.107585
v -0.123422 0.133972 -0.203911
vn 0.0544949 -0.620532 0.782285
v -0.127042 0.125423 -0.206552
vn -0.215953 -0.663003 -0.716793
v -0.117311 0.13246 -0.207762
vn 0.411062 -0.137877 -0.90112
v -0.135671 0.138862 -0.204744
vn 0.298234 -0.470025 -0.830742
v 0.106645 0.0317651 -0.150031
vn 0.684022 -0.27827 -0.6743
v -0.0149299 0.0762204 -0.187357
vn 0.477532 -0.077639 -0.875177
v -0.0658019 0.0868156 0.0606283
vn -0.643731 0.520674 0.560811
v -0.127321 0.144436 -0.215735
vn 0.557042 -0.827854 0.0660421
v -0.15122 0.159344 -0.200954
vn -0.926518 -0.033582 -0.37475
v -0.153504 0.1542 -0.18051
vn -0.972371 -0.155809 0.173836
v -0.0660917 -0.0160862 0.227013
vn 0.844632 -0.0371267 -0.534058
v 0.203145 0.0695518 -0.0227241
vn 0.896645 -0.291039 -0.333654
v 0.200032 0.0563364 -0.0369947
vn 0.838506 -0.511084 0.188945
v 0.0370647 0.0617018 -0.180818
vn -0.00928807 0.259696 -0.965646
v 0.010444 0.0702749 -0.178314
vn -0.165224 0.20745 -0.964192
v -7.30439e-05 0.0733346 -0.178273
vn 0.397451 0.0985312 -0.912318
v -0.104306 0.121204 -0.128298
vn -0.83334 0.190581 -0.518868
v -0.112802 0.111925 -0.0820402
vn -0.771097 0.628601 0.101342
v -0.056701 0.0875783 0.078295
vn -0.722877 0.393196 0.568195
v 0.0125384 0.083564 0.10371
vn -0.379166 0.529898 0.758578
v 0.0331348 0.0841574 0.12478
vn -0.580278 0.4539 0.676204
v 0.143368 0.0823621 0.127927
vn 0.357029 0.385272 0.850938
v -0.120885 0.142502 -0.205508
vn 0.665791 -0.0317488 -0.745462
v -0.124092 0.139592 -0.235402
vn 0.860408 -0.509604 0.00149398
v -0.0774133 -0.0298431 0.276045
vn -0.585672 -0.422786 0.691549
v -0.0591728 -0.0348404 0.278112
vn -0.375116 -0.200238 0.905093
v -0.0536328 -0.0394779 0.278957
vn 0.260251 -0.672595 0.692737
v -0.124252 0.141876 -0.191862
vn 0.0334409 -0.96138 0.273184
v -0.0540327 0.093175 -0.172939
vn -0.885954 -0.0516597 -0.460886
v -0.103399 0.111891 -0.110287
vn -0.983568 0.0816431 -0.161022
v 0.117035 0.0836827 0.136393
vn 0.327582 0.4548 0.828159
v -0.129455 0.141526 -0.240599
vn 0.885233 -0.0666297 -0.460352
v -0.136999 0.173177 -0.239779
vn -0.839765 0.290118 -0.45894
v -0.134665 0.145083 -0.184618
vn -0.25032 -0.841989 0.477907
v -0.14432 0.146799 -0.193346
vn -0.0581966 -0.95665 0.285366
v -0.137341 0.139819 -0.202083
vn -0.221683 -0.835357 0.503026
v -0.120887 0.140134 -0.200539
vn 0.492794 -0.755395 0.431895
v -0.0446094 -0.0261263 0.261223
vn 0.301312 -0.71891 -0.626402
v -0.0529653 -0.028544 0.267844
vn 0.283079 -0.793601 -0.538576
v -0.0503122 -0.0215965 0.255824
vn 0.216816 -0.867709 -0.447294
v -0.0814385 -0.0252571 0.265183
vn -0.699558 -0.417033 0.58026
v -0.0906472 -0.0224286 0.252963
vn -0.850677 -0.328964 -0.410037
v -0.0603856 -0.0295367 0.25335
vn 0.362929 -0.885459 -0.290249
v -0.0639973 -0.0301644 0.242016
vn 0.708311 -0.517887 -0.479675
v -0.0575696 -0.0195165 0.247848
vn 0.520062 -0.579064 -0.627869
v 0.187969 0.0880558 0.0729183
vn 0.921583 -0.235315 0.308727
v 0.210453 0.066492 -0.00815574
vn 0.922333 -0.3862 0.0123058
v 0.165897 0.0404254 -0.096142
vn 0.800974 -0.248043 -0.544899
v 0.142112 0.0442351 -0.120748
vn 0.705277 -0.402597 -0.583524
v -0.0723619 0.104 -0.147139
vn -0.181261 0.688489 -0.70223
v -0.109528 0.111736 -0.0681423
vn -0.932373 0.358551 0.0460732
v -0.102787 0.105642 -0.00725152
vn -0.957965 -0.137865 0.251587
v -0.0861342 0.100802 0.0224851
vn -0.755922 0.542599 0.36629
v -0.0777828 0.0980661 0.0383023
vn -0.759317 0.359557 0.542362
v -0.148905 0.165561 -0.221074
vn -0.980524 0.0587255 -0.187414
v -0.155745 0.165953 -0.182208
vn -0.929706 -0.164593 0.329477
v -0.149534 0.159116 -0.178011
vn 0.201991 -0.131685 0.970494
v -0.0932608 -0.0213386 0.259807
vn -0.885394 -0.151375 0.439503
v -0.0453475 -0.0381577 0.277742
vn 0.0966005 -0.988672 0.114874
v -0.0405033 -0.0204567 0.278315
vn -0.237394 -0.258444 0.936403
v -0.0375305 -0.026355 0.279767
vn 0.440874 -0.711868 0.546694
v -0.0387857 -0.0321878 0.273235
vn 0.737247 -0.67144 -0.0750638
v -0.0432493 -0.0304996 0.260672
vn 0.146583 -0.795649 -0.587755
v -0.0330949 -0.0233483 0.265614
vn 0.827949 -0.442014 -0.345144
v -0.0704176 -0.0084506 0.216843
vn 0.136473 -0.236738 -0.961941
v -0.130294 0.15195 -0.249117
vn 0.553847 -0.172674 -0.814516
v -0.144684 0.15672 -0.2282
vn -0.909714 0.104995 -0.401741
v -0.135064 0.154556 -0.186228
vn 0.048088 -0.144619 0.988318
v -0.123499 0.142 -0.176472
vn -0.268137 -0.119702 0.955915
v -0.111019 0.116642 -0.0477257
vn -0.890377 0.455065 0.0120643
v -0.0687414 0.0967401 0.0559266
vn -0.69249 0.536315 0.482518
v -0.04588 0.092217 0.0886976
vn -0.392835 0.125169 0.911051
v 0.0760433 0.0953199 0.142337
vn -0.118427 0.478675 0.869969
v 0.158944 0.0866254 0.101391
vn 0.596327 -0.07657 0.799081
v 0.203498 0.0917269 0.036311
vn 0.858863 -0.317954 0.401572
v 0.206628 0.0745202 -0.0493365
vn 0.804005 -0.28058 -0.524261
v 0.129605 0.0402256 -0.138694
vn 0.611094 -0.1591 -0.775404
v 0.087261 0.0472757 -0.170595
vn 0.528097 0.0308702 -0.848622
v 0.0228391 0.0786519 -0.18243
vn 0.0204189 0.215186 -0.97636
v -0.0339803 0.102009 -0.182599
vn -0.381783 0.288815 -0.877968
v -0.0822077 -0.00929764 0.226427
vn -0.975224 -0.0473409 0.216096
v -0.0815915 -0.0127763 0.217326
vn -0.733442 -0.427307 -0.52865
v -0.0894906 -0.0137302 0.251966
vn -0.801931 0.341531 -0.490167
v -0.0570807 -0.0217455 0.281451
vn -0.0370533 -0.513649 0.8572
v -0.0482544 -0.0211657 0.280494
vn 0.121493 -0.23706 0.963868
v -0.121944 0.1473 -0.212334
vn 0.778796 -0.625517 0.0469607
v -0.139778 0.158308 -0.2511
vn -0.081415 0.328209 -0.94109
v -0.151645 0.164198 -0.180302
vn -0.536871 -0.0201878 0.843423
v -0.0636394 0.103361 -0.154388
vn -0.922543 0.10797 -0.370483
v -0.104423 0.115885 5.09865e-05
vn -0.946381 0.148309 0.286997
v -0.0267388 0.0896335 0.0885797
vn -0.277527 -0.215666 0.936198
v 0.0951932 0.0877318 0.137561
vn 0.276699 0.709214 0.648423
v 0.133779 0.0824453 0.126202
vn 0.295571 0.72301 0.624415
v 0.149772 0.0912041 0.118317
vn 0.80461 0.278006 0.524705
v -0.0260668 0.0981198 -0.193192
vn -0.397552 -0.117547 -0.910019
v -0.0759173 -0.0123868 0.240997
vn -0.884888 0.0256501 -0.465098
v -0.0820662 -0.0240409 0.243135
vn -0.705993 -0.264661 -0.656908
v -0.0639146 -0.0207633 0.278864
vn -0.355355 -0.29881 0.885684
v -0.0382113 -0.0209093 0.249252
vn 0.454892 -0.49379 -0.74111
v -0.061464 -0.015135 0.234775
vn 0.995425 0.0219705 -0.0929881
v -0.0609391 -0.00248493 0.215689
vn 0.701664 -0.376854 -0.604689
v -0.113813 0.149208 -0.193559
vn 0.819719 0.0123616 -0.572632
v -0.121803 0.150712 -0.231266
vn 0.857425 -0.346966 -0.380048
v -0.11025 0.124414 -0.0962695
vn -0.973753 0.0932529 -0.207625
v -0.109081 0.125753 -0.0242062
vn -0.96536 0.235706 0.111903
v -0.0566626 0.093715 0.0778052
vn -0.734216 0.44672 0.511242
v 0.213321 0.0817142 0.00948544
vn 0.826776 -0.423857 0.369846
v 0.108342 0.0438698 -0.149014
vn 0.677206 -0.0582748 -0.733483
v 0.0712302 0.0529092 -0.174612
vn 0.436669 -0.0972499 -0.89435
v 0.0516312 0.0615943 -0.186189
vn 0.125056 -0.199968 -0.971789
v -0.0852378 -0.0158999 0.264859
vn -0.625635 -0.318786 0.712009
v -0.0320269 -0.0188469 0.29043
vn -0.2626 -0.311864 0.913117
v -0.0365809 -0.0136539 0.257101
vn 0.980191 0.19758 -0.0137263
v -0.0591601 -0.0141342 0.24423
vn 0.51995 -0.305174 -0.797823
v 0.186109 0.0589808 -0.0639053
vn 0.777915 -0.350981 -0.521212
v 0.167273 0.0574561 -0.0913294
vn 0.784535 -0.232903 -0.574683
v -0.052114 0.106463 -0.186695
vn -0.492484 0.212975 -0.843861
v -0.0908513 0.107075 0.0161846
vn -0.333055 0.49582 0.80202
v 0.0470974 0.0931436 0.132317
vn -0.357265 0.218878 0.907995
v -0.12613 0.15083 -0.185087
vn -0.00485106 -0.0677873 0.997688
v -0.0883254 -0.0142654 0.259116
vn -0.948723 0.218836 0.228114
v -0.0709793 -0.0130196 0.275268
vn -0.531556 -0.339528 0.775996
v -0.0306872 -0.0212216 0.284048
vn 0.92498 -0.371608 -0.0794995
v -0.0477977 -0.0109845 0.248074
vn 0.482554 -0.0989898 -0.870255
v 0.172197 0.0888955 0.0955384
vn 0.52605 -0.134306 0.839781
v 0.178554 0.0988138 0.0937024
vn 0.58565 -0.110173 0.803041
v 0.186057 0.0960509 0.0818748
vn 0.88337 -0.166035 0.43828
v 0.201444 0.106965 0.044885
vn 0.823298 -0.360182 0.43869
v 0.215974 0.0873361 0.00481065
vn 0.897572 -0.312424 0.311056
v 0.222015 0.0812057 -0.0108128
vn 0.934597 -0.34353 -0.0922793
v 0.00522506 0.0899721 -0.176491
vn 0.00369496 0.0123229 -0.999917
v -0.104304 0.124736 -0.0461354
vn -0.937801 0.347173 0.00016083
v 0.0288703 0.0898454 0.115942
vn -0.743975 -0.217144 0.631942
v 0.112271 0.0922616 0.134736
vn 0.263521 0.745178 0.61259
v -0.156939 0.170714 -0.193188
vn -0.976838 -0.148552 -0.154011
v -0.139201 0.159055 -0.182669
vn 0.250897 0.0561873 0.966382
v -0.0345034 -0.0199033 0.271006
vn 0.849709 0.471217 -0.236535
v 0.1405 0.092497 0.119178
vn 0.00425466 0.233386 0.972375
v 0.152161 0.0532886 -0.107419
vn 0.820617 -0.244036 -0.516754
v -0.000889847 0.0922981 -0.18141
vn 0.639726 -0.18611 -0.74573
v -0.0137574 0.0950404 -0.192745
vn 0.36779 -0.269945 -0.889865
v -0.0608715 0.10944 -0.169675
vn -0.87044 0.0561724 -0.48906
v 0.00190676 0.0964355 0.105461
vn -0.286197 -0.239332 0.927799
v -0.111612 0.149235 -0.189956
vn 0.848705 -0.335866 -0.408527
v -0.121392 0.156249 -0.196739
vn 0.990476 0.0957439 -0.0989503
v -0.112575 0.151921 -0.218772
vn 0.995582 0.0823109 0.0451735
v -0.149275 0.180178 -0.213421
vn -0.977592 0.0517142 -0.204058
v -0.0765957 -0.00966245 0.241499
vn -0.864584 0.502487 0.000652328
v -0.0605415 -0.00266768 0.225782
vn 0.953453 -0.300128 -0.0291669
v -0.121228 0.15501 -0.245946
vn 0.872075 -0.452545 -0.186246
v -0.123633 0.155595 -0.2383
vn 0.850167 -0.513355 -0.116973
v -0.133557 0.165993 -0.174891
vn -0.0180095 0.0156052 0.999716
v -0.0681874 0.116301 -0.137571
vn -0.501504 0.330157 -0.799681
v -0.0845825 0.122558 -0.128885
vn -0.161155 0.555768 -0.815568
v -0.101421 0.128694 -0.11483
vn -0.912879 0.227747 -0.338798
v -0.0778602 0.109929 0.0308165
vn -0.953656 0.223108 0.201899
v -0.0758464 0.120591 0.0386281
vn -0.848411 0.112796 0.51718
v -0.0513065 0.098178 0.0773564
vn -0.83867 0.0350129 0.543513
v 0.0346496 0.101325 0.126969
vn -0.411542 0.0522776 0.90989
v 0.116023 0.0980197 0.118571
vn 0.236945 0.535325 0.810731
v 0.213234 0.0791729 -0.0414719
vn 0.892194 -0.417192 -0.173036
v 0.06859 0.0800341 -0.186444
vn 0.12426 0.0957627 -0.987618
v -0.0779019 0.00157098 0.231629
vn -0.786251 0.331848 0.521235
v -0.0814611 0.00345113 0.215613
vn -0.893888 0.157825 -0.41959
v -0.08611 -0.00296833 0.27078
vn -0.932903 -0.0499836 0.356643
v -0.0391072 -0.00781815 0.254564
vn 0.903181 0.309737 -0.297198
v -0.06313 -0.0047177 0.23626
vn 0.899039 -0.165288 -0.405475
v -0.0470173 -0.00842507 0.266424
vn 0.865437 0.418011 -0.276197
v 0.150835 0.102331 0.105055
vn 0.70647 -0.024917 0.707304
v 0.117044 0.0795997 -0.141503
vn 0.61822 -0.0294397 -0.785453
v -0.108757 0.124673 -0.0790316
vn -0.99378 -0.0754087 0.0819458
v -0.10812 0.128202 -0.0669631
vn -0.942497 0.201316 0.266778
v -0.0637755 0.107083 0.0510606
vn -0.76562 0.0976194 0.635843
v -0.0329259 0.101606 0.0956916
vn -0.365215 -0.147819 0.919112
v 0.050427 0.098833 0.128046
vn -0.237926 0.443378 0.86418
v -0.120905 0.166473 -0.251648
vn -0.170079 -0.386717 -0.906379
v -0.148865 0.172181 -0.234029
vn -0.84742 0.0219104 -0.530471
v -0.155782 0.176496 -0.181314
vn -0.778958 -0.110191 0.617319
v -0.085315 -0.00120163 0.264766
vn -0.979904 0.109802 0.166527
v 0.219228 0.0911352 -0.0239656
vn 0.899288 -0.436456 0.0280727
v 0.139468 0.0571415 -0.128811
vn 0.433171 -0.119124 -0.893405
v 0.0839712 0.0804967 -0.167841
vn 0.59801 0.10435 -0.794666
v -0.0694611 0.116805 -0.157029
vn -0.947172 0.182478 -0.263754
v 0.0205819 0.0959975 0.104651
vn -0.408677 -0.302558 0.86107
v 0.0907124 0.100646 0.124818
vn 0.218144 0.692639 0.687506
v -0.118027 0.157054 -0.198759
vn 0.409023 -0.579551 -0.704855
v -0.155445 0.179856 -0.203567
vn -0.885651 -0.0710848 -0.458878
v -0.118135 0.16136 -0.185683
vn -0.335689 -0.202963 0.919847
v -0.0786554 -0.00308119 0.248836
vn -0.612757 0.45754 -0.644349
v -0.0864052 -0.00440993 0.259799
vn -0.92195 0.242264 -0.302186
v -0.0314207 -0.0112625 0.276561
vn 0.611474 -0.460622 -0.643372
v 0.130542 0.099629 0.119141
vn -0.137235 -0.00497695 0.990526
v 0.218457 0.099301 0.0174769
vn 0.953584 -0.188859 0.234541
v -0.0506875 0.105177 0.064886
vn -0.827311 0.298976 0.475574
v -0.125895 0.16205 -0.206971
vn 0.960007 0.17844 0.215743
v -0.122258 0.167185 -0.250652
vn 0.430401 -0.898024 0.091148
v -0.109181 0.160282 -0.178782
vn 0.0733748 -0.442219 0.893901
v -0.0627714 0.00408035 0.24155
vn -0.931786 0.29854 0.206514
v -0.0768549 -0.00706515 0.279993
vn -0.565526 -0.550574 0.614042
v -0.0447328 -0.0119105 0.284094
vn 0.120773 -0.55453 0.823353
v -0.035752 -0.00694794 0.288691
vn -0.200435 -0.59042 0.781812
v 0.217322 0.106538 0.0167342
vn 0.891083 -0.0823976 0.446298
v 0.158023 0.0672405 -0.113204
vn 0.792704 0.0318437 -0.608774
v 0.151956 0.0619239 -0.128404
vn 0.700588 -0.117125 -0.703888
v -0.0518214 0.120099 -0.165326
vn -0.814891 0.214147 -0.538604
v 0.0733222 0.105522 0.133597
vn 0.126014 0.76887 0.626864
v -0.112694 0.160904 -0.193474
vn 0.483561 -0.783436 -0.39038
v -0.12074 0.164431 -0.234449
vn 0.996858 -0.0112199 -0.0784048
v -0.128865 0.166959 -0.246055
vn -0.214643 0.0119847 -0.976619
v -0.13317 0.171455 -0.246369
vn -0.468672 0.294976 -0.832668
v -0.149603 0.179878 -0.177815
vn 0.24324 -0.120582 0.962442
v -0.0503795 0.0016937 0.298779
vn -0.312978 -0.275438 0.908944
v -0.0270528 -0.00741009 0.286588
vn 0.616888 -0.603544 0.505158
v -0.0577788 0.00547735 0.222156
vn 0.958188 -0.0699793 -0.277449
v -0.0457219 0.0026221 0.244869
vn 0.607268 0.22334 -0.76246
v -0.0605343 0.00196892 0.23885
vn 0.548202 -0.0917243 -0.831301
v -0.0647787 0.00966856 0.213338
vn 0.388815 -0.0207279 -0.921083
v 0.183388 0.0780445 -0.083807
vn 0.736239 -0.0947609 -0.670055
v 0.169394 0.080163 -0.10068
vn 0.805141 -0.158641 -0.571473
v -0.00250904 0.115584 -0.190929
vn 0.566986 -0.0459942 -0.822442
v -0.0410494 0.113058 -0.174525
vn 0.095276 0.494879 -0.863723
v -0.0618513 0.12341 -0.141881
vn -0.961443 0.12208 -0.246421
v -0.0949332 0.127738 -0.126248
vn -0.331127 0.576044 -0.747348
v 0.0174252 0.111296 0.122625
vn -0.59841 -0.266088 0.755713
v -0.148219 0.18128 -0.221537
vn -0.801064 0.47061 -0.369896
v -0.162162 0.187771 -0.190374
vn -0.945473 0.272591 -0.178253
v -0.137467 0.173961 -0.188902
vn 0.0539379 -0.00907049 0.998503
v 0.188175 0.114407 0.0897381
vn 0.762542 -0.132356 0.633255
v 0.218043 0.0999365 -0.00484307
vn 0.970619 -0.1361 0.19843
v 0.0402269 0.0964957 -0.17398
vn 0.143761 0.0185968 -0.989438
v -0.0163847 0.113565 -0.198395
vn -0.314991 0.325844 -0.891407
v -0.0244178 0.117507 -0.181972
vn -0.56347 0.569009 -0.598941
v -0.0545223 0.122866 -0.175991
vn -0.691201 0.201221 -0.694083
v -0.0782002 0.119492 0.00451818
vn -0.514891 0.366986 0.774731
v -0.0746983 0.128849 0.0130336
vn -0.962366 0.178239 0.205138
v 0.00569722 0.109976 0.109744
vn -0.363524 0.125765 0.923057
v -0.110394 0.16263 -0.190315
vn 0.392622 -0.789324 -0.472034
v -0.108267 0.148723 -0.183565
vn 0.801294 -0.591205 0.0916725
v -0.121027 0.16952 -0.209338
vn 0.819135 -0.570771 -0.056907
v -0.119207 0.165557 -0.240276
vn 0.634845 -0.765864 0.102098
v -0.066956 0.00356932 0.247815
vn -0.635792 -0.126217 -0.761471
v -0.0694046 -0.00536537 0.286512
vn -0.343794 -0.335301 0.877143
v -0.0337288 -0.000275301 0.270197
vn 0.137448 -0.468672 -0.872613
v -0.0223778 -0.00219524 0.271725
vn 0.118297 -0.723713 -0.679886
v -0.0428504 0.00176962 0.251383
vn 0.603982 0.765045 0.223409
v -0.059001 0.00352718 0.235809
vn 0.789413 -0.613353 -0.024996
v 0.192072 0.108836 0.0760384
vn 0.833793 -0.359574 0.418921
v -0.0579859 0.144309 -0.159838
vn -0.970297 0.0754077 -0.229862
v -0.0773715 0.131489 -0.13502
vn -0.638055 0.209202 -0.741026
v -0.0992505 0.128707 -0.00021284
vn -0.32254 0.392506 0.86134
v -0.0774704 0.12748 0.0305805
vn -0.996605 0.0616437 0.054578
v -0.0240501 0.114735 0.0942821
vn -0.224731 0.244806 0.943168
v -0.103838 0.157096 -0.182701
vn 0.842628 -0.534417 -0.0661511
v -0.124396 0.169984 -0.218307
vn 0.984289 0.116141 -0.132992
v -0.129803 0.171533 -0.184065
vn -0.362101 0.0470063 0.930953
v -0.0770519 0.0126277 0.227249
vn -0.992253 0.110701 0.0563926
v -0.0133624 -0.00545715 0.279256
vn 0.785067 -0.618081 -0.0405624
v 0.202881 0.11037 0.0568373
vn 0.843103 -0.472535 0.256686
v 0.203034 0.0875015 -0.0662398
vn 0.71448 -0.123311 -0.688704
v 0.122811 0.106014 -0.142447
vn 0.657919 0.0439359 -0.751806
v 0.0470197 0.0996434 -0.170827
vn -0.329776 0.138813 -0.933798
v -0.0584143 0.119975 0.0647602
vn -0.861095 -0.178188 0.476197
v 0.136718 0.113985 0.124554
vn 0.260475 0.135914 0.955866
v -0.151436 0.183953 -0.202921
vn -0.779841 0.486991 -0.393303
v -0.0532624 0.00594272 0.261224
vn 0.730726 0.678691 0.0736062
v -0.0510166 0.00539281 0.264519
vn 0.270406 -0.322055 -0.907282
v -0.0553944 0.00522927 0.244088
vn 0.236552 0.938104 -0.25299
v -0.0570118 0.00978025 0.227603
vn 0.436112 -0.789561 -0.431741
v -0.0603171 0.015761 0.220826
vn 0.339814 -0.336737 -0.878143
v 0.215939 0.111024 0.0237457
vn 0.66678 -0.745207 0.00841974
v -0.0581049 0.144008 -0.145809
vn -0.95811 0.286334 -0.00615412
v -0.100123 0.142545 -0.042363
vn -0.917612 0.397462 0.00350837
v 0.0280015 0.11113 0.121005
vn 0.0311313 0.453384 0.890771
v -0.103281 0.163512 -0.189474
vn 0.815886 -0.576393 0.0458292
v -0.116904 0.166967 -0.208846
vn 0.149835 -0.94849 -0.279135
v -0.118427 0.172736 -0.22678
vn 0.187218 -0.980469 -0.0602562
v -0.0999988 0.173771 -0.232449
vn 0.432743 -0.888398 0.153244
v -0.137247 0.179015 -0.239109
vn -0.844227 0.0545112 -0.533206
v -0.14891 0.191547 -0.178524
vn -0.165602 0.620585 0.766453
v -0.120794 0.179029 -0.171279
vn -0.727409 -0.197987 0.657022
v -0.113759 0.178299 -0.164487
vn -0.0986215 -0.171578 0.980222
v -0.0747402 0.0125983 0.213261
vn -0.473094 0.064809 -0.878625
v -0.0708955 0.0126736 0.232111
vn -0.807357 -0.335809 0.485188
v -0.0853237 0.0115276 0.25892
vn -0.821033 -0.00575417 -0.570852
v -0.0427015 -0.00163509 0.291882
vn 0.101588 -0.744932 0.659361
v 0.200038 0.114723 0.0723746
vn 0.864386 0.327133 0.381866
v 0.230922 0.117015 -0.0162579
vn 0.897573 -0.358546 0.256529
v -0.100983 0.143976 -0.10722
vn -0.857832 0.297969 -0.418734
v -0.113419 0.14506 -0.0846601
vn -0.96341 0.250547 0.0952193
v -0.106894 0.13927 -0.097605
vn -0.843156 0.300176 -0.446075
v -0.0374784 0.112861 0.0950811
vn -0.547429 0.226154 0.805714
v 0.0760346 0.111239 0.118043
vn 0.0886749 0.721145 0.687086
v 0.0987757 0.112758 0.120202
vn 0.0479288 0.338145 0.939873
v 0.105339 0.115074 0.118375
vn 0.0479449 0.279885 0.958836
v -0.0958241 0.171396 -0.21395
vn 0.406619 -0.769331 -0.492739
v -0.114315 0.177471 -0.258023
vn -0.413812 0.204058 -0.887198
v -0.150066 0.194801 -0.205165
vn -0.765678 0.563676 -0.30985
v -0.14994 0.198141 -0.185924
vn -0.534297 0.844772 0.0297868
v -0.156545 0.192496 -0.180954
vn -0.680282 0.323682 0.657607
v -0.130363 0.182987 -0.181115
vn -0.0231643 -0.367334 0.929801
v -0.0797149 0.00584454 0.287266
vn -0.665066 -0.098762 0.740225
v -0.0253484 -0.0019029 0.293571
vn 0.414318 -0.108923 0.903591
v -0.0590254 0.0042078 0.248562
vn 0.723436 0.682212 -0.105957
v -0.0538544 0.00905276 0.242742
vn 0.734317 -0.605569 0.306699
v -0.0442506 0.0131758 0.231691
vn 0.397683 -0.903209 0.161438
v 0.176805 0.118731 0.0967908
vn 0.493587 -0.0961388 0.864366
v 0.217378 0.11232 0.00218492
vn 0.904238 -0.363532 0.224049
v -0.0501225 0.133127 -0.173978
vn 0.2098 0.26731 -0.940494
v 0.151992 0.11665 0.116996
vn 0.413114 0.274077 0.868458
v -0.0931104 0.166247 -0.204682
vn 0.436557 -0.89807 -0.0537448
v -0.105466 0.168792 -0.214603
vn 0.265755 -0.884434 -0.383603
v -0.107441 0.166495 -0.250743
vn 0.344725 -0.9387 -0.00270817
v -0.123285 0.18098 -0.244619
vn -0.463308 0.322388 -0.825477
v -0.142501 0.187345 -0.178823
vn 0.11667 -0.0475 0.992034
v -0.099209 0.173073 -0.172264
vn 0.735688 -0.247766 0.630377
v -0.0727129 0.0211341 0.212482
vn -0.268614 0.28134 -0.921246
v -0.0316646 0.00151679 0.302821
vn 0.230918 0.0341764 0.972373
v -0.0360351 0.0151731 0.223019
vn 0.536856 -0.643133 -0.546046
v -0.0595166 0.0245278 0.218671
vn 0.341696 -0.306585 -0.888397
v 0.204958 0.115697 0.0597514
vn 0.827615 0.103794 0.551615
v 0.227252 0.114969 -0.0373689
vn 0.803149 -0.0878996 -0.589259
v 0.110926 0.106316 -0.156714
vn 0.609526 -0.019941 -0.792515
v 0.0102835 0.118495 -0.17529
vn 0.484771 -0.117027 -0.866777
v 0.00691299 0.131339 -0.185292
vn 0.616054 -0.211638 -0.75874
v -0.0300504 0.132856 -0.162319
vn 0.111647 0.359363 -0.926495
v -0.0960889 0.15717 -0.0609
vn -0.870548 0.310984 0.38136
v 0.044379 0.114568 0.121765
vn -0.0740672 0.632605 0.770925
v 0.123806 0.115062 0.116004
vn -0.155983 0.123638 0.979991
v -0.114036 0.164336 -0.218901
vn 0.198023 -0.960682 -0.194618
v -0.135203 0.19085 -0.240817
vn -0.631682 0.620096 -0.465251
v -0.0753663 0.0224823 0.219513
vn -0.806735 0.269596 -0.52583
v -0.0734937 0.016167 0.243888
vn -0.929084 -0.354804 -0.104488
v -0.0798769 0.0130374 0.275337
vn -0.833457 0.419502 0.359676
v -0.0565031 0.00597055 0.29257
vn -0.379203 0.0684463 0.922778
v -0.018912 0.00295445 0.263605
vn 0.322541 -0.637565 -0.699627
v 0.212478 0.12032 0.0411998
vn 0.874152 -0.229405 0.428056
v 0.230219 0.113793 -0.0316587
vn 0.913722 -0.394033 -0.0992503
v 0.218704 0.107937 -0.0497782
vn 0.77378 -0.0596309 -0.630642
v 0.0948256 0.103524 -0.160025
vn 0.274009 0.0971607 -0.956806
v -0.0127331 0.125488 -0.186387
vn -0.443339 0.570777 -0.691133
v -0.0764151 0.139181 -0.120292
vn -0.69677 0.312003 -0.645884
v -0.0903289 0.14183 -0.00460199
vn -0.562185 0.0824937 0.822887
v -0.00998848 0.117928 0.0957754
vn -0.200947 0.41887 0.885533
v -0.122552 0.183623 -0.179554
vn -0.682799 0.134005 0.718212
v -0.0851632 0.0147583 0.267784
vn -0.78504 0.527216 0.325202
v -0.0642092 0.00811793 0.286834
vn -0.200563 -0.414878 0.887497
v -0.0287449 0.00822725 0.263667
vn -0.189787 -0.579303 -0.79271
v -0.0557114 0.00873479 0.255703
vn 0.718889 -0.279434 -0.636486
v -0.0538867 0.0100101 0.25398
vn 0.986449 -0.163933 0.00665182
v 0.167933 0.116289 0.0999431
vn 0.509786 -0.00952241 0.860249
v 0.189233 0.120982 0.0672649
vn 0.618252 0.70226 0.352981
v 0.144926 0.0950354 -0.117423
vn 0.601258 0.0195547 -0.798816
v 0.061384 0.113608 -0.181691
vn 0.310195 0.239171 -0.920096
v -0.0549095 0.14001 -0.163919
vn -0.540045 0.21237 -0.814402
v -0.0613614 0.136681 -0.139919
vn -0.591429 0.356339 -0.723349
v -0.0932738 0.148829 -0.113237
vn -0.570259 0.350169 -0.743092
v -0.0839196 0.146872 0.00623438
vn -0.592724 0.105791 0.798428
v -0.0649046 0.120701 0.0511831
vn -0.812367 -0.228482 0.536522
v 0.0106823 0.113836 0.106779
vn -0.742003 -0.477073 0.470991
v -0.100973 0.174426 -0.259384
vn 0.360702 -0.394214 -0.845275
v -0.0827014 0.0256357 0.230114
vn -0.822483 0.517196 0.236706
v -0.0818113 0.0232723 0.247972
vn -0.811194 0.420559 -0.406317
v -0.0444319 0.0162131 0.262427
vn 0.0685671 -0.79527 -0.602365
v -0.057212 0.0162051 0.253548
vn 0.434585 -0.893532 -0.112854
v -0.041868 0.0212336 0.241653
vn 0.301095 -0.925363 0.230313
v 0.240831 0.127075 0.0173799
vn 0.753015 -0.608084 0.251399
v 0.177372 0.102928 -0.0896238
vn 0.88175 -0.0351399 -0.470407
v -0.0990498 0.161351 -0.0899312
vn -0.86632 0.404164 -0.293498
v 0.0899027 0.122198 0.114443
vn 0.0461802 0.551588 0.832837
v -0.100614 0.167069 -0.181607
vn 0.928023 -0.348283 0.132182
v -0.100716 0.175475 -0.187023
vn 0.597647 -0.673769 0.434572
v -0.0950851 0.176704 -0.248279
vn 0.698091 -0.714219 -0.0506042
v -0.131563 0.20757 -0.206532
vn -0.603511 0.739943 -0.297082
v -0.13543 0.192242 -0.17889
vn -0.0226345 -0.0474716 0.998616
v -0.0111937 0.00850364 0.287865
vn 0.816677 -0.324267 0.477378
v 0.179607 0.124963 0.0940074
vn 0.729333 0.242111 0.639887
v 0.200972 0.128617 0.0636388
vn 0.630398 0.373428 0.680551
v 0.194411 0.122456 -0.0648539
vn 0.582195 0.140617 -0.800797
v -0.0756499 0.145673 -0.127355
vn -0.569109 0.368641 -0.734996
v -0.0863674 0.144237 -0.119158
vn -0.234421 0.32342 -0.916758
v -0.0943571 0.156633 -0.0505843
vn -0.987092 0.137022 0.0829124
v 0.0143494 0.125921 0.11733
vn 0.102248 0.517703 0.849428
v 0.0497751 0.117415 0.111604
vn 0.078862 0.789391 0.608804
v 0.11565 0.121187 0.116307
vn -0.0550842 -0.0753531 0.995634
v -0.101406 0.180799 -0.222242
vn 0.604989 -0.773458 -0.189082
v -0.0103788 0.011194 0.268914
vn 0.880975 -0.357254 -0.310246
v -0.0300876 0.0185277 0.240157
vn 0.56468 -0.817113 0.116031
v -0.0397481 0.0260948 0.219584
vn 0.200524 -0.308235 -0.929936
v 0.153647 0.122675 0.10423
vn 0.316003 0.360661 0.877534
v 0.182319 0.12962 0.0884675
vn 0.639545 0.756634 0.13597
v 0.208177 0.126551 0.0461781
vn 0.738177 0.256682 0.623866
v 0.165605 0.0950409 -0.109675
vn 0.637895 -0.0257623 -0.769692
v 0.0735398 0.117523 0.115858
vn -0.180054 0.162017 0.970222
v 0.0924455 0.127996 0.110002
vn -0.362736 -0.123495 0.923673
v -0.0775224 0.0152981 0.270888
vn -0.844348 0.521614 0.122456
v -0.0678385 0.0113676 0.294688
vn -0.38732 0.212854 0.897038
v -0.00947003 0.0199148 0.274794
vn 0.952839 -0.286731 0.0994132
v -0.0149557 0.0159811 0.261461
vn 0.590319 -0.520469 -0.616957
v -0.0227053 0.0174482 0.250025
vn 0.161679 -0.722246 -0.672474
v 0.000416023 0.134104 -0.185208
vn -0.201301 0.404472 -0.892121
v -0.101408 0.146554 -0.0102163
vn -0.923211 0.350193 0.158261
v -0.0697778 0.135792 0.0541983
vn -0.969324 0.00647839 0.245703
v -0.0569809 0.129801 0.0694036
vn -0.835011 -0.0272412 0.549558
v -0.0014311 0.124225 0.0929383
vn -0.679151 -0.0259043 0.733541
v 0.117391 0.121722 0.112746
vn 0.112766 0.639831 0.760198
v -0.112021 0.186556 -0.25304
vn -0.489473 0.248135 -0.83597
v -0.123251 0.193322 -0.244895
vn -0.493458 0.446593 -0.746361
v -0.118589 0.192097 -0.177241
vn -0.134734 0.236807 0.962169
v -0.0336598 0.0170956 0.248335
vn 0.109054 -0.95329 -0.281681
v 0.173305 0.13521 0.0796195
vn 0.633046 0.716499 0.293057
v 0.180229 0.133291 0.0659868
vn 0.658295 0.365553 0.658041
v 0.190202 0.135045 0.0620248
vn 0.620151 0.418167 0.663739
v 0.232849 0.129981 -0.00279433
vn 0.75711 -0.643178 -0.114483
v 0.0794425 0.116213 -0.164448
vn 0.512573 0.152472 -0.844998
v 0.0422583 0.127463 -0.181395
vn 0.158148 0.0657912 -0.985221
v 0.0260289 0.132024 -0.17832
vn -0.148985 0.277884 -0.948991
v -0.0194232 0.142259 -0.160812
vn -0.550258 0.393091 -0.736679
v -0.0332237 0.138533 0.084834
vn -0.461149 0.186282 0.867549
v 0.131104 0.128077 0.106636
vn 0.228812 0.0681094 0.971085
v -0.0947022 0.180028 -0.186668
vn 0.864249 -0.130776 0.48577
v -0.096608 0.177514 -0.176176
vn 0.57415 0.330171 0.749225
v -0.093218 0.183728 -0.225593
vn 0.613531 -0.788995 0.0326602
v -0.0991768 0.188993 -0.255233
vn -0.000841085 0.19994 -0.979808
v -0.066097 0.0274908 0.243324
vn -0.733339 0.676543 -0.0671092
v -0.0315528 0.0266566 0.22572
vn 0.84919 -0.369694 -0.377097
v 0.233755 0.135343 0.0210986
vn 0.711618 -0.069447 0.699126
v 0.236073 0.12835 -0.0280698
vn 0.978645 0.0511318 -0.199095
v 7.36837e-05 0.123182 0.112712
vn -0.857289 -0.314637 0.407504
v 0.0308482 0.119388 0.115919
vn 0.1634 0.755817 0.634067
v -0.0777774 0.172843 -0.194513
vn 0.787923 -0.246881 0.564117
v -0.0813809 0.18141 -0.206942
vn 0.922706 -0.299131 -0.243177
v -0.125347 0.199014 -0.179744
vn -0.135896 0.7474 0.650327
v -0.110167 0.18334 -0.176904
vn 0.305814 0.449884 0.839096
v -0.0654463 0.0347831 0.220802
vn -0.713143 0.641629 -0.282381
v -0.0432378 0.0216657 0.292247
vn 0.133842 0.135327 0.981719
v -0.0273065 0.0305342 0.240352
vn 0.769898 -0.459974 -0.442359
v -0.0457246 0.0351224 0.215318
vn 0.221987 -0.024714 -0.974736
v 0.163281 0.137454 0.108661
vn 0.494967 0.225129 0.839241
v 0.20963 0.135192 0.0438945
vn 0.671589 0.178379 0.719131
v 0.205183 0.126233 -0.0577395
vn 0.582707 0.101125 -0.806366
v 0.181864 0.110736 -0.0731916
vn 0.827375 -0.00961267 -0.561568
v -0.0146631 0.140619 -0.17364
vn -0.550966 0.468207 -0.69081
v -0.0487617 0.148999 -0.169406
vn 0.101664 0.254528 -0.961707
v -0.0675844 0.150289 -0.126821
vn -0.47637 0.550589 -0.68551
v -0.077029 0.141281 0.0166981
vn -0.99718 -0.0626362 -0.041341
v 0.0064457 0.129728 0.110136
vn -0.748247 0.0177894 0.663182
v -0.0909877 0.186867 -0.248245
vn 0.538323 -0.297175 -0.788604
v -0.0930775 0.187575 -0.253717
vn 0.63884 -0.0601986 -0.766981
v -0.0619689 0.0288667 0.235042
vn -0.826464 0.559931 0.0586008
v -0.071993 0.0238147 0.262577
vn -0.74459 0.666627 0.0345525
v -0.0271583 0.0170432 0.28743
vn 0.272347 0.215799 0.937688
v -0.00816406 0.0250855 0.285279
vn 0.487043 0.0574996 0.871483
v -0.00732702 0.0258853 0.255211
vn 0.563856 -0.654444 -0.503756
v -0.0192365 0.0311346 0.242731
vn 0.397982 -0.649779 -0.64761
v 0.171188 0.108738 -0.0983213
vn 0.829458 0.105483 -0.548518
v 0.129853 0.126483 -0.134333
vn 0.739585 0.0459573 -0.671493
v 0.144618 0.115913 -0.122315
vn 0.566563 -0.042874 -0.822903
v 0.0863888 0.131032 -0.162396
vn 0.23402 0.0270271 -0.971856
v 0.022684 0.140477 -0.172939
vn 0.525151 -0.0656811 -0.84847
v -0.0825372 0.152409 -0.118758
vn -0.416265 0.396761 -0.81811
v -0.0984671 0.158751 -0.107201
vn -0.77901 0.260531 -0.570322
v 0.0567378 0.129371 0.114166
vn -0.0531253 0.739551 0.671001
v 0.147154 0.133908 0.109688
vn 0.18861 -0.241381 0.951925
v 0.158504 0.130676 0.104806
vn 0.127791 -0.360334 0.924029
v -0.0838413 0.191615 -0.223428
vn 0.813097 -0.531991 -0.236343
v -0.0713826 0.0243197 0.280099
vn -0.685391 0.483272 0.544691
v -0.00804386 0.0241801 0.264235
vn 0.867712 -0.485801 -0.105231
v -0.0299054 0.0328078 0.220237
vn 0.581993 -0.0191329 -0.812969
v 0.172243 0.146396 0.0828496
vn 0.526019 0.630014 0.571303
v 0.198046 0.140446 0.0512827
vn 0.49836 -0.53427 0.682783
v 0.228876 0.128258 -0.0164262
vn 0.949799 -0.280168 0.139241
v 0.168333 0.112895 -0.107907
vn 0.849087 0.230551 -0.475286
v 0.156656 0.126066 -0.115857
vn 0.566496 0.0983847 -0.81817
v -0.0921484 0.150114 -0.0212699
vn -0.957789 0.269518 -0.100006
v 0.078478 0.130035 0.106806
vn -0.036936 0.730533 0.681878
v 0.110802 0.129773 0.117081
vn 0.317936 -0.237867 0.917789
v -0.108252 0.195264 -0.253571
vn -0.400875 0.323704 -0.857038
v -0.127312 0.206695 -0.19454
vn -0.272892 0.809713 0.519514
v -0.10634 0.197195 -0.177137
vn 0.347456 0.388267 0.853535
v 0.219525 0.141454 0.0333463
vn 0.599337 -0.525138 0.604173
v 0.228218 0.138386 0.0250205
vn 0.645436 -0.051189 0.762097
v 0.189951 0.121752 -0.0748861
vn 0.770444 0.118811 -0.626339
v 0.062439 0.129962 -0.170874
vn 0.215481 0.194302 -0.956982
v -0.0302745 0.151261 -0.16288
vn 0.0964099 -0.205525 -0.973891
v -0.0620423 0.164259 -0.159874
vn -0.964228 -0.169665 -0.20366
v -0.0587752 0.156537 -0.132848
vn -0.803031 0.208293 -0.55835
v -0.072875 0.150322 0.0335427
vn -0.893108 -0.0562921 0.446306
v -0.0629003 0.139527 0.0429396
vn -0.956489 0.151007 0.249652
v 0.0194667 0.125127 0.109991
vn 0.403354 0.595863 0.694444
v -0.0704502 0.0331321 0.274954
vn -0.783419 0.444651 0.434212
v -0.0258642 0.0357032 0.235014
vn 0.581842 -0.70105 -0.412298
v 0.161693 0.139774 0.0997757
vn 0.479218 0.877423 -0.0219053
v 0.240747 0.135124 0.00636931
vn 0.997582 -0.0530093 -0.0449487
v 0.213293 0.142508 -0.0503895
vn 0.634264 0.453489 -0.626144
v -0.0545193 0.158549 -0.141346
vn -0.995298 -0.013309 0.0959409
v -0.100651 0.166836 -0.0814158
vn -0.965765 0.252669 0.058794
v -0.0984517 0.158539 -0.0152641
vn -0.995783 -0.00073508 0.0917353
v 0.0298015 0.13208 0.10148
vn 0.0922355 0.556996 0.825378
v 0.096012 0.133116 0.12058
vn -0.354941 -0.405607 0.842318
v -0.0813521 0.187292 -0.246
vn 0.86577 -0.499463 -0.0312858
v -0.0615126 0.0256009 0.288153
vn -0.551158 0.54986 0.627598
v -0.0463899 0.0372201 0.290746
vn -0.376547 0.451697 0.808816
v -0.0418568 0.0471493 0.222993
vn 0.379575 0.507662 -0.773435
v 0.122666 0.136876 0.117859
vn 0.221309 -0.336646 0.915255
v 0.184321 0.144963 0.0650078
vn 0.335781 -0.464342 0.819535
v 0.2152 0.145855 0.0528155
vn 0.542227 -0.688248 0.48198
v 0.206225 0.151564 0.0616358
vn 0.314696 -0.635453 0.7051
v 0.238318 0.145275 0.023236
vn 0.945269 0.0474432 0.322824
v 0.235991 0.139023 -0.00655204
vn 0.98462 0.0740666 -0.158231
v 0.158844 0.130285 -0.109419
vn 0.61626 0.0881576 -0.782593
v 0.0059979 0.145154 -0.181637
vn -0.330952 0.515448 -0.790433
v -0.0728427 0.149516 0.00617949
vn -0.965718 -0.102927 0.238317
v -0.0148011 0.135111 0.0914894
vn -0.387931 -0.21951 0.895167
v -0.0976402 0.184704 -0.185187
vn 0.526332 0.19603 0.827373
v -0.0919873 0.190984 -0.20083
vn 0.927815 -0.113372 0.355396
v -0.119038 0.205313 -0.191777
vn -0.18559 0.761326 0.62124
v -0.0658227 0.0417421 0.248939
vn -0.927606 0.372493 -0.0282011
v -0.0699656 0.033274 0.264757
vn -0.845301 0.514501 -0.144064
v -0.00367899 0.0326615 0.253842
vn 0.888392 -0.344359 -0.303606
v -0.00721455 0.0348929 0.243495
vn 0.547062 -0.552084 -0.629227
v 0.143913 0.144258 0.0924989
vn 0.488763 0.846304 0.211852
v 0.165915 0.153418 0.0701714
vn 0.394844 0.0619868 0.916655
v 0.226287 0.142928 -0.0364921
vn 0.692952 0.4888 -0.529992
v 0.0402395 0.145525 -0.165059
vn 0.034591 0.340293 -0.939683
v 0.0182579 0.148948 -0.182847
vn 0.549745 -0.233445 -0.80205
v -0.0500305 0.161076 -0.162268
vn -0.583347 -0.0725029 -0.80898
v 0.0595346 0.128038 0.10217
vn -0.0295341 0.812674 0.58197
v 0.102377 0.137761 0.119488
vn 0.109959 -0.0457471 0.992883
v -0.0532157 0.0422367 0.280484
vn -0.443903 0.504941 0.74026
v -0.00055982 0.0292597 0.268093
vn 0.875617 -0.471345 0.105491
v -0.0175124 0.0428471 0.230852
vn 0.570813 0.11006 -0.81367
v 0.172682 0.12299 -0.0893135
vn 0.733409 0.379381 -0.564076
v -0.0130847 0.156087 -0.16359
vn -0.226054 0.44323 -0.867437
v -0.0712256 0.15518 -0.118204
vn -0.422426 0.266529 -0.866325
v -0.0672691 0.160087 0.0544747
vn -0.747912 -0.00668262 0.663764
v -0.0790472 0.194815 -0.214681
vn 0.855622 -0.46125 0.234861
v -0.106832 0.20509 -0.246552
vn -0.720124 0.489091 -0.492149
v -0.103574 0.215872 -0.234408
vn -0.643723 0.697661 -0.314466
v -0.0590143 0.0532128 0.243729
vn -0.695068 0.673135 -0.252527
v 0.226833 0.14912 0.030649
vn 0.743067 -0.3669 0.559675
v 0.233958 0.147625 0.00664439
vn 0.977248 0.0891276 -0.192467
v -0.0888074 0.179335 -0.109655
vn -0.47221 0.331978 -0.816583
v -0.0871863 0.162129 -0.109112
vn -0.55012 0.160466 -0.819524
v -0.0953834 0.154738 -0.00313072
vn -0.586856 0.418074 0.693408
v -0.0819943 0.194651 -0.191291
vn 0.777456 -0.554228 0.297311
v -0.0906301 0.197367 -0.25257
vn 0.327093 -0.0756543 -0.941959
v -0.0988427 0.201909 -0.254757
vn -0.0413031 0.0191792 -0.998963
v -0.0218301 0.0601317 0.291212
vn -0.0587123 0.306069 0.950197
v 0.00026292 0.0367739 0.260447
vn 0.885471 -0.221993 -0.40824
v -0.0242572 0.0484618 0.232404
vn 0.313029 0.399058 -0.861839
v 0.212107 0.152719 0.0573953
vn 0.800663 -0.0784066 0.593962
v 0.232299 0.14219 -0.00982955
vn 0.918921 0.336211 -0.206268
v -0.00328085 0.157672 -0.168966
vn -0.345847 0.688885 -0.637046
v -0.0521541 0.175707 -0.159566
vn -0.564404 0.146329 -0.812426
v 0.0819768 0.134598 0.110862
vn -0.555025 -0.575927 0.600213
v 0.0777414 0.138895 0.0994488
vn -0.74864 -0.454135 0.483011
v 0.134566 0.147666 0.114149
vn 0.266469 0.164697 0.949668
v 0.144639 0.147214 0.108086
vn 0.485893 0.649181 0.58521
v 0.147214 0.146896 0.0831731
vn 0.434725 0.576899 0.691522
v -0.0790428 0.208723 -0.19203
vn 0.378944 0.358203 0.853283
v -0.0543117 0.0521872 0.228895
vn -0.351588 0.831167 -0.430753
v -0.0575718 0.0420063 0.26143
vn -0.765144 0.607581 0.213073
v -0.00906006 0.0449276 0.283301
vn 0.261975 0.0515942 0.963694
v 0.190721 0.137983 -0.067579
vn 0.607559 0.184616 -0.772521
v 0.164098 0.13868 -0.089455
vn 0.876941 0.351445 -0.327812
v -0.0280315 0.156533 -0.167649
vn 0.260187 -0.383512 -0.886127
v -0.0452704 0.164873 -0.171612
vn -0.283471 -0.604852 -0.744176
v 0.0627299 0.139946 0.0968724
vn 0.105928 0.598678 0.793955
v 0.204299 0.158178 0.0653401
vn 0.379417 -0.536074 0.7541
v -0.118769 0.224179 -0.207462
vn -0.606304 0.785823 0.121973
v -0.0979453 0.208436 -0.190018
vn 0.175851 0.606787 0.775168
v -0.0623666 0.0499329 0.2711
vn -0.712638 0.701525 -0.0030363
v -0.0193086 0.0460515 0.285149
vn 0.371453 -0.10299 0.922722
v -0.000456991 0.0437468 0.277053
vn 0.889908 -0.250942 0.38091
v -0.00369497 0.0463922 0.2445
vn 0.740005 -0.145771 -0.656615
v 0.218607 0.160079 0.0516786
vn 0.727349 0.359401 0.584632
v 0.207839 0.157646 0.0579087
vn 0.762133 0.357244 0.539935
v 0.230025 0.153508 0.0323228
vn 0.821762 -0.000680829 0.56983
v 0.235177 0.159529 0.0186296
vn 0.925212 0.265144 0.271442
v 0.113938 0.132448 -0.154025
vn 0.646414 0.0911358 -0.757524
v 0.09547 0.136471 -0.160825
vn 0.417087 0.0215281 -0.908612
v 0.0182937 0.15406 -0.178349
vn -0.31986 0.686791 -0.652693
v -0.0551464 0.168324 -0.134566
vn -0.936121 -0.347366 -0.0548952
v -0.0986331 0.168302 -0.104842
vn -0.893009 0.297612 -0.337584
v -0.0927061 0.167828 -0.0946339
vn -0.97735 0.102372 -0.18522
v -0.0506673 0.158859 0.0609745
vn -0.57101 0.220065 0.790897
v 0.010326 0.143512 0.10707
vn 0.44405 0.623292 0.643682
v 0.0181379 0.146915 0.0937513
vn 0.178226 0.518586 0.836244
v 0.088993 0.149027 0.120734
vn -0.0987217 -0.293294 0.950911
v 0.139712 0.16311 0.0861628
vn 0.51348 0.164943 0.8421
v -0.0749874 0.202049 -0.204692
vn 0.827584 -0.514258 0.225042
v -0.0753676 0.212099 -0.250885
vn 0.620966 -0.378478 -0.686407
v -0.102928 0.211427 -0.256866
vn -0.414944 0.253576 -0.873797
v -0.00141826 0.0487865 0.255613
vn 0.791042 -0.463605 -0.399152
v 0.178588 0.153337 0.0751276
vn 0.167408 -0.470973 0.866117
v 0.169752 0.137703 -0.0824333
vn 0.615815 0.333466 -0.713843
v -0.0229686 0.164031 -0.160767
vn 0.635557 -0.166736 -0.753834
v -0.0494261 0.173176 -0.173417
vn -0.637734 0.294671 -0.711663
v -0.0659013 0.166631 -0.126242
vn -0.805968 0.114063 -0.580866
v -0.0789835 0.157732 -0.00249889
vn -0.781398 0.319862 0.535822
v -0.0808836 0.160829 0.0126335
vn -0.937982 -0.346128 0.0196101
v 0.0464897 0.14029 0.0983986
vn -0.0405016 0.366316 0.929609
v 0.0856477 0.146367 0.113588
vn -0.480237 -0.473522 0.738342
v -0.0717332 0.203985 -0.219543
vn 0.735785 -0.617649 -0.277722
v -0.115542 0.213733 -0.202766
vn -0.298495 0.707615 0.640455
v -0.106229 0.217167 -0.19387
vn -0.104086 0.646196 0.75604
v 0.109522 0.14448 0.118798
vn 0.158817 -0.0238129 0.987021
v 0.236428 0.169114 0.00357773
vn 0.55841 0.779148 -0.28479
v 0.229234 0.157951 -0.0125555
vn 0.675114 0.60527 -0.421746
v 0.160228 0.141415 -0.105004
vn 0.898749 0.303535 -0.316412
v 0.124335 0.142079 -0.13405
vn 0.660155 0.266275 -0.702348
v 0.073603 0.143116 -0.163804
vn 0.26704 0.311423 -0.911979
v 0.0494813 0.155186 -0.172425
vn 0.179952 0.150908 -0.972031
v -0.00819786 0.161053 -0.152813
vn -0.112909 0.323179 -0.939578
v -0.0316484 0.171135 -0.177563
vn 0.151392 -0.157586 -0.975832
v -0.0800809 0.208368 -0.23012
vn 0.84452 -0.511128 -0.159794
v -0.0769225 0.209529 -0.238018
vn 0.804312 -0.593972 0.01675
v -0.0845307 0.212466 -0.250724
vn 0.111685 0.0124678 -0.993665
v -0.0525454 0.0651038 0.25889
vn -0.766014 0.564565 0.307392
v 0.00489573 0.0458654 0.265261
vn 0.943125 -0.250833 0.218172
v -0.0674518 0.161001 0.046348
vn -0.901233 -0.358 0.244162
v -0.0676944 0.158715 0.0494966
vn -0.962434 -0.271369 -0.00888487
v -0.0618922 0.152694 0.0636613
vn -0.50463 0.312891 0.804641
v 0.173707 0.162816 0.0767675
vn 0.0663087 -0.672359 0.737249
v -0.0153849 0.058051 0.242225
vn 0.383548 -0.166213 -0.908441
v -0.0336878 0.0586028 0.238177
vn -0.31967 0.411797 -0.853366
v 0.194089 0.148517 -0.0619655
vn 0.513132 0.540208 -0.666987
v 0.137462 0.144182 -0.120497
vn 0.590503 0.184975 -0.785551
v 0.100969 0.146345 -0.158037
vn 0.624032 0.176633 -0.761173
v 0.0351393 0.160024 -0.166155
vn 0.465732 -0.314254 -0.827247
v 0.0171769 0.171379 -0.161466
vn -0.309632 0.492762 -0.813212
v -0.062901 0.171745 -0.127806
vn -0.990482 0.0186614 -0.13637
v -0.0973497 0.170079 -0.0687255
vn -0.979458 0.0838903 0.183368
v -0.000992767 0.149158 0.107444
vn -0.0277901 0.320166 0.946954
v -0.101631 0.217493 -0.244866
vn -0.89274 0.409266 -0.188461
v -0.0347018 0.0597806 0.275712
vn -0.449763 0.535473 0.71483
v 0.215791 0.178098 0.0287053
vn 0.908595 0.392231 0.143561
v 0.224611 0.172611 0.0281256
vn 0.541 0.831402 0.126843
v 0.0348744 0.165436 -0.181507
vn 0.579169 -0.260067 -0.772612
v -0.0213872 0.176419 -0.170316
vn 0.715642 -0.449541 -0.534574
v 0.208535 0.162704 0.0719506
vn 0.62507 -0.129291 0.769786
v 0.188246 0.166305 0.0790397
vn 0.218023 -0.506306 0.834338
v -0.0688358 0.210803 -0.215138
vn 0.727542 -0.638944 0.249866
v -0.0980867 0.21462 -0.252584
vn -0.0442499 0.69062 -0.721863
v -0.0375885 0.0564036 0.239783
vn -0.35602 0.820239 -0.447725
v -0.0202017 0.0584894 0.228717
vn 0.303583 -0.311919 -0.900302
v 0.216419 0.161614 -0.0164504
vn 0.65778 0.656497 -0.369238
v 0.206789 0.155736 -0.0274968
vn 0.405687 0.740948 -0.535177
v 0.151567 0.152215 -0.11839
vn 0.743443 0.162261 -0.648818
v -0.0664034 0.172199 -0.11689
vn -0.467088 0.364637 -0.805524
v -0.091699 0.177349 -0.102801
vn -0.695772 0.344697 -0.630147
v -0.0992913 0.181315 -0.0914882
vn -0.928798 -0.112811 -0.352998
v -0.0842473 0.16558 0.00707683
vn -0.952326 -0.269955 -0.142123
v -0.0311826 0.151158 0.0871813
vn -0.363688 -0.18056 0.913854
v -0.00791637 0.148116 0.0996476
vn -0.557782 -0.400009 0.727236
v 0.106372 0.154771 0.121313
vn 0.173251 -0.126441 0.976728
v 0.144176 0.169102 0.0839104
vn 0.121693 -0.730408 0.672082
v -0.0992516 0.225557 -0.218843
vn -0.735536 0.512668 -0.442897
v -0.0953296 0.212791 -0.201512
vn 0.144267 0.548863 0.823369
v -0.0420361 0.0624841 0.254265
vn -0.546339 0.566807 -0.616639
v 0.000343168 0.053662 0.236482
vn 0.400585 -0.467068 -0.788276
v -0.00937747 0.0702794 0.235964
vn 0.135522 -0.302275 -0.943538
v -0.0435227 0.0555252 0.263869
vn -0.732182 0.609003 0.305
v -0.0457978 0.0619078 0.273963
vn -0.572702 0.679345 0.458806
v 0.209211 0.165948 0.0610119
vn 0.947251 -0.278089 0.159316
v 0.209871 0.166207 0.00650009
vn 0.597313 0.756558 -0.266154
v 0.157876 0.154212 -0.0910948
vn 0.893346 0.211596 -0.396433
v 0.0908927 0.156946 -0.16069
vn 0.101112 0.430186 -0.89706
v -0.00468298 0.184102 -0.157875
vn 0.457786 -0.159412 -0.874654
v -0.0651531 0.190325 -0.149124
vn -0.75311 0.270892 -0.599536
v -0.0806482 0.183388 -0.111494
vn -0.19118 0.335125 -0.922573
v -0.0928649 0.190841 -0.0988815
vn -0.735087 0.244334 -0.632415
v -0.093358 0.177063 -0.0471401
vn -0.996708 0.0355678 0.0728534
v 0.116872 0.158464 0.118039
vn 0.363562 0.287589 0.886067
v 0.125065 0.161443 0.096959
vn 0.60265 0.780487 0.166294
v 0.183093 0.181482 0.0831906
vn 0.4391 -0.00711618 0.89841
v -0.0629862 0.215942 -0.229252
vn 0.392371 -0.908828 -0.141688
v -0.00334658 0.0498028 0.280544
vn 0.506307 -0.0886063 0.857789
v -0.0735897 0.214279 -0.205394
vn 0.768194 -0.169663 0.617327
v -0.0916842 0.217097 -0.252131
vn -0.190815 0.0441415 -0.980633
v -0.0962632 0.230391 -0.206249
vn -0.377561 0.642953 0.666377
v 0.21337 0.18405 0.0317873
vn 0.916621 -0.274221 -0.290876
v 0.182718 0.158681 -0.0544075
vn 0.5832 0.678302 -0.446973
v 0.172234 0.152584 -0.0735812
vn 0.592028 0.505835 -0.627403
v 0.0679621 0.159139 -0.154412
vn 0.350219 0.406463 -0.84388
v -0.0290123 0.191457 -0.171464
vn -0.384058 0.309473 -0.8699
v -0.0851294 0.171937 -0.0152371
vn -0.534067 0.113279 0.837819
v 0.0560067 0.157413 0.0837284
vn -0.372469 -0.49539 0.784765
v 0.0561572 0.15599 0.103213
vn -0.564944 -0.75784 0.326368
v 0.00419964 0.0594144 0.249325
vn 0.658458 -0.536591 -0.527735
v -0.018661 0.0694415 0.229544
vn -0.257645 0.165282 -0.951998
v 0.0517127 0.165355 -0.169682
vn 0.321079 0.426103 -0.84578
v 0.0413234 0.171171 -0.167414
vn 0.609529 -0.603217 -0.514396
v -0.0574415 0.183258 -0.162545
vn -0.494553 0.402789 -0.770181
v -0.0651359 0.186175 -0.112315
vn -0.726302 0.265512 -0.634026
v -0.0991494 0.175367 -0.0171166
vn -0.988352 0.0846908 0.126443
v -0.035497 0.159406 0.0880534
vn -0.715874 -0.257891 0.648858
v -0.0679032 0.218474 -0.247273
vn 0.331051 -0.894064 -0.301753
v 0.108723 0.172524 0.113697
vn 0.531902 0.802809 0.269404
v 0.204918 0.177798 0.0695919
vn 0.617977 0.175681 0.766316
v 0.21016 0.178309 0.0618044
vn 0.840159 0.315257 0.4413
v 0.222096 0.180543 0.0441544
vn 0.885831 -0.438831 -0.150767
v 0.16675 0.158101 -0.0747384
vn 0.879571 0.0280994 -0.474936
v 0.105247 0.158482 -0.152883
vn 0.517513 0.669555 -0.532801
v 0.00401073 0.184234 -0.158347
vn -0.150687 0.315686 -0.936822
v -0.0676641 0.188691 -0.140132
vn -0.961228 -0.225838 0.158232
v -0.096909 0.182703 -0.0761423
vn -0.975865 -0.161575 0.146902
v -0.0801531 0.161238 0.0273399
vn -0.935127 -0.208768 0.286274
v -0.0246934 0.156882 0.0985153
vn -0.610117 -0.436686 0.661107
v 0.0639867 0.164192 0.117126
vn -0.485013 -0.630696 0.605793
v -0.078966 0.221999 -0.202739
vn 0.100216 0.24094 0.965352
v -0.0401567 0.068345 0.246054
vn -0.895472 0.276979 -0.348444
v -0.00133836 0.0712231 0.280412
vn 0.32345 -0.0182208 0.94607
v 0.0142049 0.0552582 0.256918
vn 0.808372 -0.588047 0.027098
v 0.151487 0.170737 0.0916088
vn 0.168928 -0.635847 0.753101
v 0.130154 0.150147 -0.126335
vn 0.472834 0.48904 -0.732986
v 0.149381 0.165446 -0.114006
vn 0.375313 0.614413 -0.694
v 0.115285 0.154908 -0.137814
vn 0.50111 0.705 -0.501861
v 0.0791968 0.162843 -0.148932
vn 0.289327 0.737958 -0.609678
v 0.0428059 0.17445 -0.169071
vn -0.369857 0.613299 -0.697904
v 0.0863579 0.161718 0.124283
vn -0.0149319 -0.384652 0.922941
v -0.0912733 0.239918 -0.239963
vn -0.808711 0.529055 -0.257074
v -0.0883251 0.226361 -0.202676
vn 0.0926391 0.165574 0.981837
v 0.00552132 0.075984 0.233951
vn 0.417049 -0.425495 -0.803134
v -0.0299777 0.0712617 0.238501
vn -0.676926 0.272267 -0.683843
v -0.0616067 0.220293 -0.206323
vn 0.596013 -0.542353 0.592134
v -0.070661 0.222081 -0.2548
vn -0.0452415 -0.401519 -0.914733
v -0.0985941 0.230392 -0.250344
vn -0.58544 0.253197 -0.770164
v -0.0419011 0.154822 0.0751815
vn -0.82505 -0.315775 0.468592
v 0.00707781 0.160484 0.0866802
vn 0.268655 0.518912 0.811514
v 0.0229947 0.154777 0.0934631
vn -0.06197 0.330561 0.941748
v 0.214638 0.183119 -0.00992092
vn 0.831363 0.411842 -0.373124
v 0.17521 0.165082 -0.0564306
vn 0.864529 0.0625779 -0.498672
v 0.0684694 0.167132 -0.157374
vn 0.582821 0.360242 -0.728386
v -0.0149827 0.187399 -0.164937
vn 0.723879 -0.486036 -0.489662
v -0.0103588 0.197374 -0.176417
vn 0.396955 -0.075449 -0.914732
v -0.0590178 0.197731 -0.118373
vn -0.991881 -0.0967572 0.0825291
v 0.00612168 0.0680993 0.262874
vn 0.869785 -0.301562 0.390557
v -0.05514 0.220172 -0.21927
vn 0.465613 -0.68623 0.558832
v -0.0780091 0.222753 -0.251719
vn -0.150107 -0.144327 -0.978078
v 0.168368 0.177605 0.0873648
vn 0.36339 -0.295395 0.883566
v 0.217659 0.188853 0.054012
vn 0.542573 0.242925 0.804115
v 0.20961 0.185123 0.00491034
vn 0.748931 0.608197 -0.263055
v 0.200861 0.176521 -0.00733319
vn 0.537619 0.572703 -0.618851
v 0.185957 0.171102 -0.0398087
vn 0.897594 -0.00146364 -0.44082
v 0.161642 0.159479 -0.0908504
vn 0.801881 -0.422133 -0.422836
v 0.120476 0.16613 -0.126489
vn 0.518485 0.651064 -0.554336
v 0.0918701 0.165154 -0.139707
vn 0.36156 0.742918 -0.563336
v 0.0498581 0.179787 -0.172664
vn -0.143209 0.493134 -0.858085
v 0.0514919 0.177596 -0.170067
vn 0.678587 -0.708376 -0.194225
v -0.0799114 0.182476 -0.00406844
vn -0.924387 -0.346779 0.158912
v -0.0228591 0.164224 0.102714
vn -0.0972791 0.15269 0.983475
v 0.0727747 0.159454 0.124542
vn -0.366187 -0.593971 0.716314
v -0.0140725 0.0812156 0.231485
vn -0.00392213 -0.382129 -0.9241
v -0.0335247 0.0814606 0.241238
vn -0.654041 0.383232 -0.652199
v 0.101445 0.169849 0.11799
vn 0.43147 0.333964 0.838034
v 0.178442 0.167714 -0.0606876
vn 0.71695 -0.682025 -0.144308
v 0.153716 0.166506 -0.104705
vn 0.731144 0.206076 -0.650354
v 0.127854 0.165496 -0.109126
vn 0.356857 0.712815 -0.603779
v 0.045135 0.171996 -0.165721
vn 0.836773 -0.215475 -0.50337
v -0.0489389 0.221645 -0.250085
vn 0.41157 -0.852595 -0.322013
v -0.098527 0.236949 -0.216246
vn -0.777391 0.628872 0.0135359
v 0.00528304 0.0643407 0.27684
vn 0.498694 -0.174482 0.849035
v 0.0137711 0.0711482 0.245273
vn 0.418284 -0.722505 -0.550477
v 0.0962198 0.177609 0.106489
vn 0.479196 0.837857 0.26147
v 0.110476 0.173975 0.0969551
vn 0.450295 0.148228 0.88049
v 0.174744 0.17047 -0.0753931
vn 0.806546 -0.346848 -0.478728
v 0.0250746 0.184354 -0.161095
vn -0.166242 0.458713 -0.872895
v 0.00429341 0.194304 -0.148799
vn 0.293444 0.113624 -0.9492
v -0.0264211 0.202343 -0.168496
vn -0.43256 0.436713 -0.78878
v 0.0136546 0.167721 0.0877244
vn -0.0333721 0.267649 0.962938
v 0.0509804 0.171208 -0.157137
vn 0.552543 0.40674 -0.727502
v 0.0556587 0.180456 -0.158242
vn 0.485104 -0.687039 -0.540973
v -0.0465043 0.220354 -0.229627
vn 0.444103 -0.895553 -0.0275104
v -0.0535489 0.22511 -0.257046
vn 0.373171 -0.620546 -0.689685
v 0.0204099 0.064616 0.252051
vn 0.818233 -0.573886 -0.0339046
v -0.029147 0.0890963 0.248148
vn -0.808604 0.481909 -0.337525
v -0.0254097 0.0872154 0.265696
vn -0.722983 0.522262 0.452259
v 0.0630706 0.174037 -0.150958
vn 0.472694 0.428766 -0.769884
v 0.0246727 0.190365 -0.154316
vn -0.200517 0.698195 -0.687253
v -0.056816 0.204154 -0.144015
vn -0.460547 0.502088 -0.731986
v -0.0875466 0.184908 -0.0364442
vn -0.978744 -0.0492319 -0.199089
v -0.0813093 0.174413 0.0312844
vn -0.933358 -0.356983 0.0374905
v -0.0629559 0.172538 0.0545055
vn -0.399471 0.131416 0.907278
v 0.218896 0.193443 0.0431455
vn 0.943504 0.136479 0.301949
v 0.185351 0.178272 -0.0394549
vn 0.806728 -0.588149 -0.0571817
v 0.109841 0.170712 -0.12457
vn 0.585892 0.221493 -0.779533
v 0.0830165 0.175252 -0.140034
vn 0.445674 0.214097 -0.869216
v 0.0638958 0.188574 -0.15952
vn 0.256832 -0.479973 -0.838846
v 0.048885 0.196388 -0.155944
vn -0.254306 0.598806 -0.759447
v -0.0438446 0.196168 -0.1548
vn -0.624359 0.393349 -0.674872
v 0.0940066 0.165151 0.124573
vn 0.326619 0.0932283 0.940547
v 0.20736 0.194087 0.0645704
vn 0.881747 0.200748 0.426875
v 0.216641 0.19653 0.0265646
vn 0.753154 -0.551836 -0.358101
v 0.208337 0.19187 0.00516326
vn 0.894205 -0.377817 -0.240108
v 0.173984 0.174253 -0.0757529
vn 0.330429 0.873666 -0.357106
v 0.192635 0.175722 -0.0524133
vn 0.858769 -0.482856 -0.171365
v 0.147296 0.171048 -0.0964921
vn 0.0459276 0.792929 -0.60758
v 0.129063 0.174942 -0.107383
vn 0.745778 -0.0430459 -0.664802
v -0.0863502 0.230472 -0.253664
vn -0.217415 -0.142896 -0.965563
v 0.0104993 0.0920098 0.227937
vn 0.0236545 -0.444873 -0.895281
v 0.0844407 0.183264 -0.136979
vn 0.564732 -0.0783014 -0.821551
v 0.023288 0.194346 -0.148607
vn -0.133828 0.407201 -0.903481
v -0.0778359 0.200493 -0.100375
vn -0.449297 0.419289 -0.788878
v -0.088068 0.205888 -0.0890918
vn -0.198543 0.40285 -0.893472
v -0.0830578 0.183198 0.0448034
vn -0.84629 -0.37733 0.376052
v -0.0525988 0.171761 0.073112
vn -0.802678 -0.32339 0.501126
v 0.128071 0.172472 0.0978804
vn -0.0188993 -0.51703 0.855758
v 0.143062 0.18413 0.0994067
vn 0.0386825 -0.57531 0.81702
v 0.187758 0.191374 0.0791765
vn 0.50042 0.166306 0.84966
v 0.222575 0.200637 0.028419
vn 0.984625 0.174041 -0.0149477
v 0.200446 0.185056 -0.0106315
vn 0.901363 -0.144742 -0.408159
v 0.193095 0.184628 -0.040432
vn 0.301653 0.868189 -0.394022
v 0.154338 0.178888 -0.0946731
vn 0.321989 0.864768 -0.385356
v 0.0150208 0.0852488 0.231177
vn 0.0848003 -0.581918 -0.808814
v -0.00678768 0.104233 0.219486
vn -0.601438 0.284802 -0.746431
v -0.00788909 0.0749365 0.281466
vn -0.265417 0.447366 0.854059
v 0.201548 0.197981 0.0444422
vn 0.604131 0.2874 0.743254
v 0.201256 0.188747 -0.0126493
vn 0.843251 -0.458253 -0.280949
v 0.204404 0.195194 -0.0115547
vn 0.86804 -0.246508 -0.430976
v 0.194181 0.187545 -0.0311118
vn 0.796206 -0.60196 0.0608283
v 0.178247 0.179589 -0.05999
vn 0.453267 0.710369 -0.538447
v 0.157389 0.165261 -0.0808581
vn 0.534872 0.752674 -0.383919
v 0.108959 0.178181 -0.131144
vn 0.59811 0.196377 -0.776982
v 0.0854901 0.184204 -0.160063
vn 0.561293 -0.810869 -0.165654
v 0.0775095 0.201866 -0.16165
vn -0.102571 0.561019 -0.821424
v -0.0996455 0.193608 -0.0626071
vn -0.973921 0.00374362 0.226857
v 0.0137881 0.173015 0.0922229
vn -0.511938 -0.713194 0.478825
v -0.0294442 0.229575 -0.217193
vn 0.378975 -0.294671 0.877238
v -0.0671753 0.232475 -0.257727
vn -0.182435 -0.165268 -0.969228
v 0.0125983 0.0704112 0.272934
vn 0.740328 -0.579973 0.33992
v 0.017838 0.0745088 0.256704
vn 0.630064 -0.776543 0.000954482
v -0.0195299 0.0859134 0.274411
vn -0.460344 0.364524 0.809448
v 0.197162 0.192848 -0.0238151
vn 0.667283 0.539011 -0.514004
v 0.188816 0.182997 -0.0375994
vn 0.368696 0.814554 -0.447845
v 0.158491 0.182833 -0.0805162
vn 0.675759 0.493329 -0.547701
v 0.138673 0.180769 -0.0928781
vn 0.745782 0.0638217 -0.663126
v 0.0853196 0.19443 -0.165844
vn 0.334152 -0.0286259 -0.942084
v 0.00928054 0.212832 -0.162851
vn 0.626922 -0.541703 -0.559934
v -0.0159863 0.207603 -0.171937
vn -0.0835356 0.410329 -0.908103
v -0.040694 0.211864 -0.159976
vn -0.733564 0.158273 -0.660934
v -0.0679019 0.211355 -0.12903
vn -0.993643 2.49943e-05 -0.112581
v -0.0268148 0.176408 0.093297
vn 0.331541 0.660444 0.673716
v -0.0365447 0.238747 -0.251386
vn 0.442573 -0.596873 -0.669232
v 0.0388594 0.093631 0.241875
vn 0.671686 -0.740444 0.0241029
v -0.0321151 0.249262 -0.210315
vn 0.523254 -0.370339 0.767499
v -0.0408893 0.241464 -0.220927
vn 0.516313 -0.409372 0.75222
v -0.0273826 0.234916 -0.241227
vn 0.583364 -0.74268 -0.328804
v -0.0474134 0.237918 -0.262182
vn 0.10195 -0.283802 -0.953448
v -0.0868848 0.235334 -0.251583
vn -0.434067 0.444449 -0.783614
v -0.0802742 0.243224 -0.204253
vn -0.345661 0.493474 0.798124
v 0.219157 0.206556 0.0381503
vn 0.966432 0.212448 -0.14448
v 0.218203 0.201573 0.00816396
vn 0.903014 0.0775182 -0.422559
v 0.0728585 0.183454 -0.151589
vn 0.610823 -0.779578 -0.138395
v 0.0972993 0.207888 -0.14702
vn 0.80547 -0.515824 -0.291795
v 0.0524429 0.205082 -0.151822
vn 0.0199824 0.475214 -0.879643
v -0.105845 0.199474 -0.0778929
vn -0.992202 0.0206425 0.122923
v -0.0856163 0.177942 0.00821539
vn -0.993016 -0.116853 0.0162811
v 0.112771 0.177409 0.0958006
vn 0.0469192 -0.088589 0.994963
v 0.0314744 0.104065 0.219563
vn -0.0235354 -0.502419 -0.864304
v -0.0823464 0.249495 -0.215595
vn -0.540378 0.710706 0.450431
v -0.0709935 0.241023 -0.20533
vn 0.311495 -0.0467726 0.949096
v 0.169314 0.188764 -0.0571247
vn 0.453867 0.804594 -0.382927
v 0.144109 0.183134 -0.0873975
vn 0.162806 0.859432 -0.484635
v 0.112489 0.18485 -0.11545
vn 0.502679 0.39015 -0.771425
v 0.100646 0.188696 -0.125005
vn 0.602203 0.0565541 -0.796337
v 0.0889785 0.202579 -0.144054
vn 0.668352 -0.737382 -0.0978423
v -0.0991562 0.205968 -0.090238
vn -0.791903 0.237491 -0.562572
v -0.0835906 0.188271 0.0158667
vn -0.979351 -0.187113 0.0765583
v 0.100641 0.181528 0.0999802
vn 0.334774 -0.425208 0.840907
v -0.0288668 0.232203 -0.227567
vn 0.566061 -0.813681 -0.13228
v 0.125572 0.189656 0.0976395
vn -0.0257707 -0.594309 0.803824
v 0.152206 0.192807 0.0988747
vn 0.544482 0.136068 0.827662
v 0.218792 0.213169 0.0467578
vn 0.45637 0.409247 0.790091
v 0.195402 0.197205 -0.0187418
vn 0.372723 0.45841 -0.806807
v 0.175585 0.191326 -0.0390653
vn 0.598922 0.581183 -0.550926
v 0.147032 0.187362 -0.077473
vn 0.792159 0.236343 -0.562695
v 0.139064 0.19066 -0.0990742
vn 0.766081 -0.196835 -0.611862
v 0.0952877 0.196945 -0.133576
vn 0.603182 -0.490954 -0.628597
v -0.0655698 0.20993 -0.103779
vn -0.897469 -0.162577 -0.410021
v 0.0334933 0.0811243 0.262573
vn 0.66215 -0.537008 0.522665
v 0.0323934 0.0946055 0.223928
vn 0.270976 -0.649794 -0.710168
v 0.0164671 0.104682 0.219637
vn 0.0173369 -0.403068 -0.915006
v 0.0793321 0.178713 0.128054
vn 0.395934 0.548795 0.736248
v 0.166836 0.193533 -0.0489954
vn 0.865525 -0.108547 -0.488963
v 0.0919547 0.205158 -0.154442
vn 0.436231 0.24042 -0.867122
v 0.00233812 0.216095 -0.162341
vn 0.128771 0.182547 -0.974728
v -0.0602362 0.178205 0.0572957
vn -0.744847 -0.361135 0.561057
v 0.0338427 0.176771 0.103843
vn -0.485896 -0.654513 0.57924
v 0.0601391 0.174809 0.127134
vn -0.408151 -0.679742 0.609396
v -0.0347247 0.249342 -0.256931
vn 0.331626 -0.556536 -0.761769
v -0.0695819 0.245553 -0.260551
vn -0.484945 0.362847 -0.79572
v -0.0803145 0.240018 -0.249183
vn -0.552048 0.743078 -0.378255
v 0.189535 0.209219 0.0782814
vn 0.47362 0.499463 0.725411
v 0.177127 0.196719 0.0799957
vn 0.480117 0.0906264 0.87251
v 0.214329 0.212069 0.0243382
vn 0.780158 0.560982 -0.276861
v 0.122924 0.20011 -0.111949
vn 0.640296 -0.334758 -0.691345
v 0.115113 0.193473 -0.116204
vn 0.605932 -0.388852 -0.694003
v 0.115179 0.212019 -0.13391
vn 0.569148 -0.607878 -0.553674
v 0.065343 0.20923 -0.145793
vn -0.205027 0.54657 -0.811927
v 0.0315427 0.21058 -0.147149
vn -0.0327752 0.137736 -0.989927
v 0.0178614 0.210204 -0.147553
vn 0.557892 -0.511007 -0.653933
v -0.0990869 0.189207 -0.0219792
vn -0.930576 -0.294227 -0.217849
v -0.0092131 0.173939 0.0870131
vn 0.380288 0.630253 0.676877
v 0.0344879 0.169766 0.0979001
vn -0.387024 -0.440151 0.810234
v 0.06043 0.182025 0.136084
vn 0.150275 0.0727205 0.985966
v 0.0494592 0.097663 0.231719
vn 0.488817 -0.78118 -0.388349
v -0.00167752 0.119637 0.237605
vn -0.678015 0.392126 -0.621717
v -0.0184216 0.101917 0.25393
vn -0.811857 0.548484 0.200132
v -0.0219689 0.0974495 0.258817
vn -0.677605 0.485697 0.552223
v 0.00810767 0.0793351 0.28049
vn 0.233598 -0.0400753 0.971507
v -0.0750206 0.248258 -0.243509
vn -0.556472 0.586347 -0.588673
v -0.0562574 0.246172 -0.213831
vn 0.101944 -0.181251 0.978139
v 0.180192 0.203855 -0.0258699
vn 0.687086 0.345487 -0.639181
v 0.17557 0.202445 -0.0359237
vn 0.821572 0.222225 -0.52501
v 0.0873241 0.21713 -0.15252
vn -0.186717 0.54705 -0.81601
v -0.0513121 0.228342 -0.134644
vn -0.697643 0.37014 -0.613426
v 0.197911 0.220839 0.0575406
vn 0.541681 0.491331 0.682038
v 0.204551 0.220971 0.0486503
vn 0.810572 0.31313 0.494896
v 0.202413 0.207362 -0.00460417
vn 0.963271 0.0563102 -0.262562
v 0.203761 0.213577 -0.0141075
vn 0.536905 0.410606 -0.736977
v 0.112636 0.199805 -0.123701
vn 0.582468 -0.420956 -0.695361
v -0.0971719 0.188212 -0.011012
vn -0.736801 -0.296571 0.607593
v -0.0423324 0.174721 0.0814329
vn -0.692987 -0.488781 0.529964
v 0.0318766 0.19335 0.126291
vn -0.424504 -0.692706 0.583057
v -0.00509595 0.249451 -0.231412
vn 0.754767 -0.649562 0.0916318
v -0.0218037 0.246193 -0.250676
vn 0.580609 -0.753371 -0.308747
v 0.0233271 0.0857541 0.275299
vn 0.694173 -0.307096 0.651011
v 0.015249 0.117703 0.216986
vn -0.400633 0.0921812 -0.91159
v -0.00812394 0.0921876 0.274186
vn -0.105383 0.220153 0.969756
v 0.000923708 0.0912009 0.277139
vn -0.222207 0.282498 0.933177
v -0.016963 0.249911 -0.260959
vn 0.285434 -0.530267 -0.798338
v -0.0405592 0.263445 -0.265411
vn -0.0701066 -0.174816 -0.982102
v -0.0789688 0.261192 -0.23149
vn -0.696222 0.69346 -0.185437
v -0.0649205 0.252212 -0.205948
vn -0.122527 0.307884 0.943501
v 0.165295 0.204489 -0.0622731
vn 0.877616 -0.175109 -0.446236
v 0.144281 0.200992 -0.0949178
vn 0.757503 -0.165411 -0.631529
v -0.0127293 0.220313 -0.162481
vn -0.242127 0.481173 -0.842524
v -0.0365518 0.220449 -0.157079
vn -0.375021 0.488613 -0.787792
v -0.0947918 0.20439 -0.045716
vn -0.953327 -0.278624 -0.116347
v -0.00350418 0.177115 0.084781
vn 0.0118776 0.0755288 0.997073
v 0.0913924 0.181231 0.121231
vn 0.469051 0.829825 0.302293
v 0.0288481 0.0938141 0.262591
vn 0.565544 -0.338125 0.752218
v 0.0366851 0.118612 0.214185
vn -0.214761 -0.287702 -0.93333
v 0.131773 0.19489 0.116488
vn 0.137291 -0.521449 0.842165
v 0.212465 0.219259 0.038722
vn 0.697757 0.679227 -0.227565
v 0.209353 0.216004 0.0284081
vn 0.699352 0.693274 -0.174007
v 0.172284 0.205343 -0.0389005
vn 0.918309 0.216938 -0.331129
v 0.108682 0.218624 -0.141356
vn 0.643987 -0.0805892 -0.76078
v 0.0451144 0.217327 -0.148581
vn -0.0425656 0.295971 -0.954248
v 0.0282537 0.217769 -0.147676
vn 0.660428 -0.464458 -0.590011
v 0.02148 0.221927 -0.16209
vn 0.521756 -0.311684 -0.794118
v 0.00675139 0.233814 -0.159439
vn -0.186911 0.421679 -0.887272
v -0.0924102 0.213668 -0.0678762
vn -0.988381 -0.149195 0.0290315
v 0.000161899 0.261891 -0.244579
vn 0.7804 -0.596684 -0.186934
v -0.0151909 0.115198 0.246413
vn -0.880027 0.334694 -0.336944
v 0.141658 0.202596 0.105644
vn 0.515778 0.323339 0.793363
v 0.181574 0.215743 -0.0200846
vn 0.485791 0.513752 -0.707153
v 0.123669 0.211247 -0.120069
vn 0.575097 -0.593736 -0.562798
v -0.0621306 0.21653 -0.13399
vn -0.668362 0.488119 -0.561277
v -0.0434916 0.178997 0.0928668
vn -0.733374 -0.507447 0.452393
v 0.035258 0.1827 0.120795
vn -0.514593 -0.715657 0.472259
v -0.0626358 0.247074 -0.248688
vn -0.789078 0.468457 -0.397371
v -0.0663727 0.259882 -0.213424
vn -0.591889 0.654312 0.470684
v 0.20213 0.218974 1.40118e-05
vn 0.851943 0.514051 -0.0997208
v 0.136174 0.217725 -0.115808
vn 0.718248 -0.368844 -0.589978
v 0.144613 0.21726 -0.0993864
vn 0.775515 -0.304793 -0.552881
v 0.104165 0.223479 -0.144956
vn 0.497025 0.209089 -0.842169
v -0.0884676 0.193413 0.00138019
vn -0.876111 -0.296966 0.37979
v 0.0725534 0.182851 0.120265
vn 0.317598 0.482661 0.816192
v 0.084294 0.18879 0.109212
vn 0.0558581 -0.290392 0.955276
v 0.0513043 0.222624 -0.141967
vn 0.33462 0.192349 -0.922514
v -0.0151533 0.23618 -0.154561
vn -0.24561 0.565944 -0.787009
v -0.0833459 0.191284 0.0453006
vn -0.492773 -0.0962474 0.864818
v -0.0650079 0.191644 0.0659368
vn -0.829802 -0.512274 0.221368
v 0.0363548 0.132216 0.210257
vn -0.240957 -0.24379 -0.939418
v -0.0342946 0.262565 -0.200783
vn 0.0966701 -0.0729139 0.992642
v -0.00964571 0.264254 -0.227612
vn 0.378878 -0.211395 0.900979
v -0.0033748 0.263239 -0.25492
vn 0.702065 -0.644967 -0.301863
v 0.116793 0.202639 0.111191
vn 0.0620146 -0.716357 0.694973
v 0.102005 0.191774 0.111002
vn 0.196307 -0.635586 0.746655
v 0.158692 0.215863 0.0914177
vn 0.472872 0.522366 0.709596
v 0.188484 0.22046 -0.0089762
vn 0.303256 0.50762 -0.806448
v 0.174451 0.221238 -0.026517
vn 0.36269 0.607183 -0.706955
v 0.039516 0.232136 -0.141834
vn 0.323969 -0.0337255 -0.945466
v -0.0671796 0.222196 -0.117382
vn -0.845914 -0.0099882 -0.533225
v -0.0930236 0.240355 -0.0811434
vn -0.177749 0.229 -0.95706
v 0.0484985 0.114449 0.219297
vn 0.356237 -0.696063 -0.62337
v 0.0142537 0.105131 0.277162
vn 0.174506 0.0972756 0.979839
v 0.158938 0.212773 -0.0311957
vn 0.704765 0.705999 -0.0697927
v 0.128153 0.228585 -0.126935
vn 0.668733 -0.0542961 -0.741518
v 0.0966378 0.234571 -0.143945
vn -0.121397 0.429446 -0.894896
v -0.0801284 0.220167 -0.0872312
vn -0.459007 0.241422 -0.855002
v -0.0910162 0.189883 0.037477
vn -0.904814 -0.423548 -0.0438145
v -0.0545763 0.256988 -0.203071
vn -0.176268 0.0305599 0.983868
v -0.0118587 0.272035 -0.223269
vn 0.478654 -0.30917 0.821769
v -0.0196089 0.268243 -0.266591
vn 0.147428 -0.296642 -0.94354
v -0.0623267 0.267061 -0.249602
vn -0.840228 0.312884 -0.442855
v 0.161605 0.216346 0.0751107
vn 0.418889 0.663147 0.620297
v 0.189111 0.23903 0.0387514
vn 0.841665 0.539408 -0.0252655
v 0.196108 0.228644 0.018274
vn 0.80489 0.589472 -0.0683788
v 0.147408 0.2291 -0.10177
vn 0.894378 0.0142346 -0.447086
v 0.0211578 0.0986337 0.273705
vn 0.351809 0.0833205 0.932356
v -0.0154338 0.268811 -0.260246
vn 0.164756 -0.26785 -0.949269
v -0.056093 0.264984 -0.261376
vn -0.747569 0.281574 -0.601546
v 0.120089 0.237345 -0.127829
vn 0.505103 0.180029 -0.844074
v 0.016528 0.238916 -0.163067
vn -0.151608 0.155515 -0.97613
v -0.0741831 0.230339 -0.0907995
vn -0.778872 0.167165 -0.604496
v -0.0899394 0.20403 0.0249698
vn -0.892115 -0.354509 -0.280097
v 0.0286354 0.183462 0.106608
vn -0.664504 -0.598248 0.447809
v 0.0597759 0.19154 0.109779
vn 0.599844 0.693203 0.399571
v 0.0635276 0.111555 0.250685
vn 0.712661 -0.630263 0.308031
v 0.0563186 0.122325 0.204228
vn 0.187915 -0.557619 -0.808547
v 0.0205847 0.132287 0.225613
vn -0.74868 0.371131 -0.549309
v -0.0197524 0.274417 -0.2114
vn 0.544598 -0.234301 0.805305
v 0.124913 0.219597 0.102066
vn 0.39957 0.521056 0.754218
v 0.166909 0.224655 -0.0572915
vn 0.869033 0.494359 -0.0197758
v 0.105534 0.253678 -0.133222
vn 0.174907 0.436504 -0.882537
v 0.0379925 0.244502 -0.154386
vn 0.796738 -0.218976 -0.563257
v -0.039299 0.235804 -0.143044
vn -0.490847 0.461112 -0.739219
v 0.00469014 0.196422 0.0842896
vn -0.528847 -0.480784 0.699405
v 0.0732698 0.117444 0.236135
vn 0.741506 -0.670685 0.0187377
v -0.00491593 0.137589 0.238483
vn -0.682181 0.485259 -0.546949
v 0.008584 0.128854 0.270543
vn -0.400332 0.446481 0.800243
v -0.0290754 0.269055 -0.264204
vn 0.0687695 -0.222314 -0.972547
v -0.0650363 0.265785 -0.224283
vn -0.752164 0.576481 0.319249
v 0.18283 0.246093 0.0452928
vn 0.775831 0.484938 0.403636
v 0.112524 0.252539 -0.131923
vn 0.484892 0.283843 -0.827232
v 0.0286485 0.242501 -0.161456
vn 0.255036 0.0792029 -0.963682
v -0.104793 0.208786 -0.0288289
vn -0.950639 -0.294558 -0.097571
v -0.0307349 0.187909 0.0835463
vn 0.220238 0.336587 0.915535
v 0.0666237 0.124468 0.213941
vn 0.316353 -0.590804 -0.742207
v -0.0054993 0.135564 0.249503
vn -0.764158 0.575931 0.290458
v 0.00561061 0.281965 -0.239583
vn 0.750038 -0.602659 -0.272479
v 0.164356 0.232684 -0.0157008
vn 0.538114 0.444657 -0.71604
v 0.149721 0.235352 -0.0592601
vn 0.8491 0.491549 0.193415
v 0.0871696 0.238255 -0.131476
vn -0.258294 0.468797 -0.844697
v -0.0610641 0.224787 -0.121966
vn -0.721832 0.489459 -0.489275
v -0.0701241 0.210393 0.0838213
vn -0.769094 -0.39953 0.498868
v -0.00671526 0.189269 0.0838124
vn -0.0565364 -0.0217657 0.998163
v 0.0305831 0.10211 0.270808
vn 0.557358 -0.138387 0.818658
v 0.026446 0.138196 0.208646
vn -0.588454 -0.0283392 -0.808034
v 0.00176009 0.277524 -0.265501
vn 0.368683 -0.437977 -0.819908
v -0.0422421 0.271432 -0.212105
vn -0.348027 0.567761 0.746006
v 0.0998364 0.202099 0.120925
vn -0.0350177 -0.875063 0.482741
v 0.119776 0.209017 0.115284
vn 0.490527 0.501776 0.712463
v 0.167938 0.231159 0.0691282
vn 0.388759 0.231895 0.891679
v 0.158214 0.228855 -0.0191068
vn 0.704017 0.518323 -0.485491
v 0.0711058 0.250461 -0.127319
vn -0.0696852 0.398772 -0.914399
v -0.0975517 0.221073 -0.0707206
vn -0.996431 0.0310621 0.0784864
v -0.100721 0.211323 -0.0168431
vn -0.927011 -0.246911 0.282285
v 0.0730912 0.196493 0.10946
vn -0.0413264 -0.299536 0.95319
v 0.0274332 0.140026 0.267878
vn -0.254695 0.376962 0.890522
v 0.10705 0.206004 0.120444
vn 0.414274 -0.112087 0.903224
v 0.184989 0.246035 0.0199749
vn 0.729748 0.610534 -0.30776
v 0.158015 0.229433 -0.0344289
vn 0.950999 0.258706 -0.169327
v 0.133176 0.241706 -0.124711
vn 0.766453 0.29722 -0.569395
v 0.144641 0.238998 -0.0970506
vn 0.856173 0.438576 -0.273163
v 0.0547091 0.239546 -0.144831
vn 0.464642 0.113434 -0.878203
v -0.0795165 0.223611 -0.101891
vn -0.989475 0.0243113 -0.142649
v -0.0679389 0.190816 0.0817494
vn -0.80037 -0.393025 0.452703
v 0.0127353 0.186989 0.0997696
vn -0.687104 -0.373669 0.623105
v -0.0575423 0.273501 -0.238854
vn -0.809618 0.496988 -0.312286
v -0.0667932 0.272738 -0.232334
vn -0.711825 0.702333 0.00579749
v 0.0570006 0.109769 0.261681
vn 0.532046 -0.345298 0.773108
v 0.0703895 0.118653 0.228079
vn 0.801246 -0.597682 0.0279465
v 0.0611753 0.143737 0.198672
vn -0.0913477 -0.287067 -0.953545
v -0.00381154 0.128043 0.255224
vn -0.776922 0.431028 0.45892
v 0.0491318 0.19407 0.129192
vn 0.414764 0.385817 0.824085
v 0.0889146 0.200529 0.113867
vn -0.200587 -0.496745 0.844399
v 0.124045 0.204648 0.115935
vn 0.280013 0.0656515 0.957749
v 0.188502 0.241717 0.00683955
vn 0.847019 0.494852 0.194116
v 0.151744 0.240762 -0.0776258
vn 0.817518 0.515563 -0.256631
v 0.0198393 0.249341 -0.159762
vn -0.201802 0.446709 -0.871623
v 0.0062877 0.248772 -0.150113
vn -0.346255 0.510423 -0.787131
v -0.0281936 0.240278 -0.143127
vn -0.28094 0.585924 -0.760109
v -0.0416261 0.188268 0.0892624
vn 0.490397 0.552461 0.674016
v -0.000370695 0.127305 0.261124
vn -0.715088 0.472296 0.51535
v 0.0421402 0.243986 -0.143254
vn 0.496837 0.241822 -0.833472
v -0.0633334 0.232169 -0.116571
vn -0.695632 0.0562779 -0.71619
v -0.106323 0.222397 -0.0456642
vn -0.877499 -0.407954 -0.25213
v 0.0354053 0.192254 0.132376
vn -0.331025 -0.564801 0.755924
v -0.0568496 0.275932 -0.215042
vn -0.384671 0.344191 0.856482
v 0.0775027 0.122182 0.21611
vn 0.711736 -0.632341 -0.305903
v 0.0643956 0.137864 0.207111
vn 0.224066 -0.375391 -0.899375
v 0.18565 0.256295 0.000748358
vn 0.820634 0.554216 -0.1393
v 0.0329747 0.254652 -0.153414
vn 0.617141 0.266858 -0.740218
v -0.0981207 0.227123 -0.0855699
vn -0.651403 0.194158 -0.733469
v 0.0102904 0.280258 -0.222011
vn 0.0422796 -0.126975 0.991004
v 0.0477908 0.119712 0.265072
vn 0.320015 -0.329959 0.888098
v 0.0120549 0.281787 -0.254636
vn 0.749204 -0.650837 -0.122899
v -0.0614986 0.286593 -0.219932
vn -0.821387 0.540315 0.182709
v 0.176818 0.254456 0.0505248
vn 0.754463 0.443567 0.48377
v 0.173462 0.245369 0.0623932
vn 0.497473 0.335914 0.799802
v 0.171505 0.256205 0.00215976
vn 0.186858 0.358579 -0.914607
v 0.15166 0.244312 -0.0293982
vn 0.873037 0.484704 -0.0535596
v 0.064916 0.255044 -0.129103
vn 0.498239 0.238485 -0.833596
v -0.0802914 0.206974 0.0541585
vn -0.749523 -0.357271 0.557291
v -0.0582921 0.202656 0.0918482
vn -0.0936747 0.144451 0.985068
v 0.0145861 0.144291 0.231518
vn -0.704463 0.325629 -0.630633
v 0.0171013 0.290962 -0.262336
vn 0.65926 -0.56376 -0.497545
v 0.187386 0.24773 0.0293245
vn 0.860818 0.437516 -0.259947
v 0.166761 0.253025 -0.00327905
vn 0.526505 0.429122 -0.733926
v -0.0340018 0.259503 -0.129351
vn -0.150197 0.525458 -0.837458
v -0.0493432 0.243765 -0.134298
vn -0.500255 0.206679 -0.84085
v -0.103115 0.233449 -0.0687985
vn -0.80767 -0.440162 -0.392334
v 0.012513 0.20491 0.108755
vn -0.607815 -0.695115 0.383896
v 0.0577031 0.200478 0.12126
vn 0.564617 0.817972 0.110133
v -0.00604699 0.28798 -0.213727
vn 0.549038 -0.597747 0.58417
v 0.0457417 0.310973 -0.2289
vn 0.709752 -0.559887 -0.427526
v -0.03552 0.285822 -0.217348
vn -0.27871 0.164086 0.946254
v 0.0725063 0.209373 0.11517
vn -0.0331582 -0.799861 0.599269
v 0.150859 0.241783 0.0726077
vn 0.387975 0.185719 0.902765
v 0.0967355 0.262698 -0.130108
vn -0.143796 0.378072 -0.914541
v 0.0223311 0.199158 0.126347
vn -0.584884 -0.790856 0.180161
v 0.0434174 0.203704 0.129061
vn 0.444584 0.505641 0.739373
v 0.0375691 0.12281 0.265426
vn 0.0801444 -0.0195223 0.996592
v -0.02808 0.284106 -0.2117
vn -0.164294 0.108133 0.980467
v -0.0142656 0.288968 -0.269497
vn 0.142217 -0.296863 -0.94427
v 0.0739227 0.208549 0.13311
vn -0.244361 -0.899039 0.36334
v 0.0867595 0.208671 0.132926
vn 0.438521 -0.106576 0.892379
v 0.124282 0.240967 0.0883309
vn 0.625902 0.42926 0.65114
v 0.147402 0.24304 -0.0516317
vn 0.865243 0.469714 -0.17528
v 0.0278944 0.264984 -0.150838
vn 0.230025 0.290646 -0.92877
v 0.019128 0.258382 -0.154162
vn -0.45414 0.324095 -0.829891
v -0.0604006 0.248087 -0.121781
vn -0.719812 -0.111552 -0.685147
v -0.0898071 0.212321 0.0458393
vn -0.648245 -0.197876 0.735271
v 0.0612002 0.201358 0.116787
vn 0.521777 -0.329573 0.786848
v 0.0529625 0.118082 0.26069
vn 0.692199 -0.475253 0.543135
v 0.0152602 0.304311 -0.22588
vn 0.297803 -0.394042 0.869508
v 0.0316763 0.299717 -0.245863
vn 0.696535 -0.697491 0.168362
v -0.0416063 0.282998 -0.269896
vn -0.597974 0.339739 -0.725951
v 0.103809 0.215248 0.122445
vn 0.517273 0.183763 0.835859
v 0.128382 0.266041 -0.0885124
vn 0.819106 0.391079 -0.41967
v 0.119718 0.266298 -0.122185
vn 0.655578 0.389165 -0.647123
v 0.0654757 0.270224 -0.122218
vn 0.533093 0.282184 -0.797611
v 0.0588392 0.269265 -0.131294
vn 0.381523 0.366552 -0.848575
v 0.0501247 0.281902 -0.126697
vn 0.728033 0.0117603 -0.685441
v -0.0673797 0.248881 -0.116182
vn -0.910264 0.0697426 -0.408112
v -0.0932625 0.224082 0.00649013
vn -0.955087 -0.275587 0.108906
v -0.0977391 0.216058 0.0321662
vn -0.851661 -0.433058 -0.295184
v -0.0346202 0.213804 0.0861311
vn -0.341514 -0.450905 0.824653
v 0.0816885 0.140523 0.224318
vn 0.882854 -0.469345 0.0168454
v 0.045305 0.169015 0.199144
vn -0.588843 0.187427 -0.786216
v 0.0227628 0.151069 0.214297
vn -0.833194 0.394843 -0.387152
v 0.109543 0.231284 0.105364
vn 0.6227 0.420019 0.660173
v 0.126391 0.244559 0.0795404
vn 0.478314 0.170543 0.86147
v 0.145257 0.260799 -0.0813814
vn 0.901743 0.33628 -0.271617
v 0.0397434 0.27295 -0.140812
vn 0.838575 -0.125616 -0.530105
v -0.101931 0.216515 -0.00144859
vn -0.85979 -0.279247 0.42753
v -0.0302488 0.203903 0.083738
vn 0.0535571 0.137278 0.989084
v 0.0312572 0.201401 0.134706
vn -0.0647985 -0.203213 0.976988
v 0.0401876 0.309698 -0.22173
vn 0.37345 -0.337521 0.864069
v 0.0131661 0.29365 -0.268172
vn 0.390575 -0.382743 -0.837233
v 0.00863184 0.30475 -0.269674
vn 0.163604 -0.308752 -0.936966
v -0.0218781 0.296796 -0.275367
vn -0.132809 -0.0781952 -0.988052
v -0.0499964 0.283431 -0.252892
vn -0.708244 0.31804 -0.63027
v 0.0817017 0.147607 0.199308
vn 0.444084 -0.47905 -0.757167
v 0.0465237 0.319308 -0.254143
vn 0.753104 -0.628412 -0.194764
v -0.0557731 0.284639 -0.246251
vn -0.903179 0.339784 -0.262326
v -0.0528449 0.287671 -0.231754
vn -0.879005 0.474388 0.0480242
v 0.169417 0.256219 0.0205251
vn 0.876186 0.475766 0.0770972
v -0.00699714 0.255482 -0.141683
vn -0.3558 0.488381 -0.7968
v -0.0984021 0.211064 0.0395324
vn -0.779063 -0.248207 0.57572
v -0.0498627 0.208886 0.0859593
vn 0.217214 0.189039 0.957644
v 0.0441974 0.207541 0.126811
vn 0.19569 -0.120876 0.973188
v 0.0217838 0.156381 0.237217
vn -0.810961 0.575245 -0.106939
v 0.00466829 0.141415 0.258125
vn -0.538335 0.645039 0.542329
v 0.142653 0.257638 -0.0324094
vn 0.799602 0.590643 -0.108522
v -0.0230415 0.26606 -0.127055
vn -0.415187 0.554918 -0.720892
v -0.0675622 0.239492 -0.0907127
vn -0.993208 -0.0183814 -0.114891
v -0.110417 0.231049 -0.0227656
vn -0.942145 -0.142608 0.303357
v 0.0788242 0.136231 0.244696
vn 0.779856 -0.508722 0.364729
v 0.0887569 0.147528 0.214518
vn 0.824113 -0.49851 -0.268933
v -0.0109991 0.297312 -0.208927
vn 0.0985322 -0.145721 0.984407
v 0.0509561 0.324543 -0.238444
vn 0.774555 -0.627056 -0.0828594
v 0.132922 0.262939 -0.100901
vn 0.867094 0.430648 -0.250379
v -0.106408 0.230816 -0.0608056
vn -0.994416 -0.105517 -0.00141597
v 0.0139298 0.205159 0.133816
vn -0.343416 -0.52759 0.77699
v 0.0273921 0.213274 0.139098
vn 0.309942 0.470783 0.826014
v 0.0698311 0.127679 0.250522
vn 0.707109 -0.299855 0.640378
v 0.0737567 0.160568 0.197681
vn 0.591536 -0.592191 -0.54717
v 0.183438 0.268007 0.040067
vn 0.899871 0.413757 0.137974
v 0.144922 0.252464 -0.0221973
vn 0.781357 0.444814 -0.437746
v -0.100864 0.233022 -0.0777975
vn -0.962989 -0.118963 -0.241868
v -0.00911885 0.20891 0.0988331
vn -0.416141 -0.808368 0.416374
v -0.0467856 0.291293 -0.217667
vn -0.496603 0.492144 0.714968
v 0.0154486 0.151855 0.245396
vn -0.644102 0.76189 0.0682299
v -0.0213896 0.304009 -0.202521
vn -0.144987 -0.00885356 0.989394
v 0.0281527 0.212238 0.125178
vn 0.401867 0.541076 0.738742
v 0.0592711 0.17047 0.190065
vn -0.23839 -0.245145 -0.93972
v 0.0247954 0.166895 0.228387
vn -0.862279 0.204998 -0.463089
v 0.0329668 0.313248 -0.262712
vn 0.584595 -0.611289 -0.533456
v 0.00819559 0.315353 -0.276428
vn 0.135424 -0.142508 -0.980486
v -0.0511512 0.296732 -0.242388
vn -0.966548 0.17565 -0.1869
v 0.0762431 0.220046 0.131786
vn 0.467896 0.218401 0.856373
v 0.157259 0.25264 0.0646845
vn 0.39463 0.254532 0.882882
v 0.166178 0.274047 0.0589455
vn 0.424107 0.246224 0.871497
v -0.0833816 0.244701 -0.0823463
vn -0.345991 0.207389 -0.91503
v -0.0143385 0.207974 0.0920341
vn -0.516028 -0.666945 0.537494
v 0.0906932 0.151137 0.229383
vn 0.822772 -0.544652 -0.162481
v 0.0852311 0.171166 0.194992
vn 0.314508 -0.456377 -0.832349
v 0.132402 0.269599 -0.0554955
vn 0.857373 0.446565 0.255912
v 0.140232 0.268685 -0.0669152
vn 0.902565 0.283244 0.324266
v 0.134437 0.286392 -0.076314
vn 0.740232 0.371661 -0.560289
v 0.112438 0.285406 -0.115302
vn 0.289795 0.499837 -0.8162
v 0.0399876 0.278787 -0.144614
vn 0.129446 0.382522 -0.914834
v 0.0696614 0.170747 0.192077
vn -0.229379 -0.241902 -0.942798
v 0.0271971 0.314019 -0.214363
vn 0.579752 -0.66498 0.470838
v -0.0258921 0.304701 -0.261725
vn -0.665886 0.335844 -0.666187
v 0.0557407 0.21572 0.124707
vn -0.233086 -0.855136 0.463048
v 0.138425 0.255951 0.0803503
vn 0.471967 0.0526344 0.880044
v 0.142449 0.263421 0.0734587
vn 0.615713 0.254598 0.745706
v 0.124318 0.279158 -0.105562
vn 0.870018 0.41039 -0.273218
v 0.104734 0.275939 -0.119003
vn 0.209119 0.466232 -0.859591
v 0.00440925 0.269276 -0.136728
vn -0.605469 0.30397 -0.735533
v -0.0605674 0.257625 -0.123621
vn -0.43457 0.348833 -0.83034
v 0.0795898 0.173184 0.185311
vn 0.151568 -0.304478 -0.940383
v 0.0484413 0.173708 0.209328
vn -0.706229 0.388263 -0.592024
v 0.169147 0.279727 0.0357042
vn 0.788988 0.394766 -0.470805
v 0.1539 0.292092 0.00411868
vn 0.428521 0.42147 -0.799208
v 0.139856 0.266203 -0.0281505
vn 0.760053 0.587856 -0.277027
v 0.0133798 0.285653 -0.147053
vn -0.468931 0.273984 -0.839665
v -0.0438832 0.26714 -0.125602
vn -0.068787 0.448536 -0.891114
v -0.0991498 0.242884 -0.0750854
vn -0.729278 0.0398997 -0.683054
v -0.104668 0.231243 -0.00649096
vn -0.946562 -0.154409 0.283157
v -0.06611 0.218229 0.0721067
vn -0.861466 -0.121848 0.49298
v -0.00445123 0.212301 0.110423
vn -0.47916 -0.859194 0.179419
v 0.024241 0.319208 -0.206386
vn 0.318432 -0.335926 0.886428
v -0.000755877 0.317648 -0.275904
vn 0.0995477 -0.187177 -0.977269
v -0.0451183 0.306559 -0.250865
vn -0.882665 0.1414 -0.448228
v 0.0916024 0.159075 0.209044
vn 0.812612 -0.404226 -0.419837
v 0.052121 0.287037 -0.142935
vn 0.836283 -0.180011 -0.517905
v -0.111057 0.244191 -0.0342209
vn -0.979908 -0.186256 -0.0713323
v -0.088775 0.228408 0.0510973
vn -0.819696 -0.327172 0.470167
v -0.0835275 0.225616 0.0645698
vn -0.844767 -0.34132 0.412152
v 0.0337519 0.321436 -0.271433
vn 0.427316 -0.337304 -0.838825
v -0.0536991 0.306962 -0.235818
vn -0.887299 0.320188 0.331934
v -0.0425509 0.307479 -0.230056
vn -0.715647 0.360337 0.598336
v 0.0677648 0.13747 0.255155
vn 0.781155 -0.476591 0.403309
v 0.0438035 0.152029 0.267119
vn -0.114238 0.173443 0.978196
v 0.069049 0.155942 0.274948
vn 0.11885 -0.0351911 0.992288
v 0.0838135 0.154319 0.266491
vn 0.681827 -0.487516 0.545381
v 0.0888144 0.24085 0.123133
vn 0.646976 -0.14702 0.748203
v 0.170745 0.276198 0.052881
vn 0.811834 0.290036 0.506759
v 0.0357595 0.284528 -0.136306
vn 0.195089 0.155917 -0.968313
v -0.00517977 0.276335 -0.130685
vn -0.468739 0.414636 -0.779975
v -0.108649 0.239637 -0.0432216
vn -0.961128 -0.184978 -0.204978
v 0.0489628 0.323628 -0.22654
vn 0.80422 -0.485655 0.342591
v -0.0321753 0.310177 -0.263994
vn -0.423544 -0.159693 -0.891689
v -0.0438167 0.307288 -0.258288
vn -0.718816 0.0572135 -0.692842
v 0.0108553 0.213369 0.129938
vn -0.171787 -0.272436 0.946714
v 0.0696796 0.218866 0.140508
vn 0.273987 -0.0376414 0.960997
v 0.0730762 0.228083 0.135354
vn 0.344945 -0.019468 0.938421
v 0.0900159 0.23351 0.127838
vn 0.559341 0.309339 0.769056
v 0.124128 0.245449 0.100244
vn 0.67061 -0.292004 0.681921
v 0.113462 0.296005 -0.10313
vn 0.73867 0.418868 -0.528125
v -0.0282542 0.272636 -0.119109
vn -0.0280918 0.566019 -0.823913
v -0.06906 0.254871 -0.0817011
vn -0.898736 -0.0912752 -0.428886
v -0.0391955 0.302934 -0.22322
vn -0.708065 0.383644 0.592842
v -0.0336316 0.303233 -0.213711
vn -0.6593 0.291461 0.69309
v 0.0976916 0.168119 0.221196
vn 0.88212 -0.446988 -0.148545
v 0.0239607 0.159279 0.250321
vn -0.660305 0.584354 0.471728
v 0.0388512 0.219394 0.122358
vn -0.0316462 -0.224319 0.974002
v 0.125509 0.251426 0.0891568
vn 0.952365 0.293131 0.0841144
v 0.165627 0.277644 0.0245863
vn 0.945262 0.315693 -0.082573
v 0.0780508 0.294642 -0.109929
vn -0.0706747 0.419151 -0.905162
v -0.00438898 0.214708 0.127975
vn -0.536157 -0.827362 0.167354
v 0.0849962 0.158252 0.253363
vn 0.706296 -0.531277 0.467857
v 0.0743903 0.185686 0.188225
vn 0.102406 -0.166226 -0.980756
v 0.0255851 0.165175 0.241977
vn -0.869168 0.425571 0.251867
v 0.0286539 0.154446 0.256201
vn -0.479081 0.490593 0.727873
v 0.0489951 0.2213 0.139628
vn -0.177399 -0.847455 0.500349
v 0.153352 0.289965 0.0557414
vn 0.444365 0.218624 0.86876
v 0.162587 0.278527 0.00994358
vn 0.766111 0.480753 -0.426557
v 0.135703 0.281294 -0.015488
vn 0.701753 0.443077 -0.557877
v 0.120108 0.277173 -0.0382801
vn 0.856551 0.502749 0.116463
v -0.0696733 0.223563 0.0873229
vn 0.111906 0.380844 0.917842
v 0.0447765 0.32303 -0.218642
vn 0.444725 -0.455766 0.771037
v -0.01816 0.314 -0.273821
vn -0.438163 -0.0761587 -0.895664
v -0.013189 0.326498 -0.20858
vn -0.335378 0.253719 0.907275
v 0.0588395 0.180995 0.194187
vn -0.788448 0.417255 -0.451938
v 0.0523234 0.327638 -0.267771
vn 0.582262 -0.464176 -0.667467
v 0.0316644 0.326983 -0.277431
vn 0.132453 -0.0863249 -0.987423
v -0.0470056 0.315477 -0.247169
vn -0.948971 0.212679 -0.232855
v 0.0845893 0.24454 0.127924
vn 0.51074 -0.152739 0.846058
v 0.121642 0.258596 0.0825678
vn 0.859123 0.151747 0.488754
v 0.1338 0.277615 0.0796272
vn 0.294768 0.153254 0.943199
v 0.12933 0.276479 -0.0231093
vn 0.728737 0.431224 -0.531966
v 0.121907 0.296509 -0.0829078
vn 0.860597 0.350541 -0.369451
v 0.029585 0.296818 -0.145562
vn 0.12433 0.407776 -0.904578
v -0.112439 0.244797 -0.0686403
vn -0.938846 0.0254559 -0.343395
v -0.0298016 0.22629 0.102101
vn -0.723092 -0.639364 0.261442
v 0.0870515 0.180714 0.188699
vn 0.229994 -0.101795 -0.967853
v 0.063425 0.184665 0.187007
vn -0.597922 0.203337 -0.775334
v 0.0328047 0.182803 0.216646
vn -0.668874 0.298487 -0.680818
v 0.057964 0.332521 -0.258253
vn 0.88876 -0.385334 -0.248241
v 0.0423277 0.219537 0.129016
vn -0.354781 -0.902192 0.245316
v 0.0420702 0.231904 0.144522
vn 0.0806693 -0.414106 0.906647
v 0.0442079 0.237762 0.145578
vn 0.411567 0.00785748 0.911345
v 0.0908647 0.305602 -0.110115
vn -0.106779 0.432341 -0.895365
v -0.0733133 0.262477 -0.112355
vn -0.90693 -0.256569 -0.33414
v -0.104431 0.256222 -0.0604173
vn -0.970127 -0.0726591 -0.23146
v -0.071799 0.218369 0.0832835
vn -0.871652 -0.424624 0.24478
v 0.0957794 0.18007 0.190162
vn 0.793437 -0.400071 -0.458695
v 0.086902 0.195613 0.189558
vn 0.172285 -0.0482527 -0.983865
v 0.0191219 0.326193 -0.20652
vn -0.0690425 0.130084 0.989096
v 0.0574593 0.339943 -0.246103
vn 0.828421 -0.560052 0.00776529
v 0.0978628 0.248545 0.111872
vn 0.596007 -0.284154 0.751021
v 0.139079 0.290407 0.00308709
vn 0.554211 0.460782 -0.693202
v -0.0566053 0.221798 0.0838944
vn 0.338727 0.538556 0.771506
v 0.0953377 0.179241 0.205554
vn 0.718967 -0.402183 -0.566864
v 0.0213148 0.22843 0.129121
vn 0.0430333 -0.0324002 0.998548
v 0.064561 0.239571 0.136458
vn 0.419685 0.0337217 0.907043
v 0.136288 0.285314 0.0699064
vn 0.681142 0.22634 0.696287
v 0.00994118 0.293377 -0.134382
vn -0.554582 0.489816 -0.672695
v 0.00233194 0.324898 -0.21158
vn 0.0488764 0.0517557 0.997463
v 0.0620431 0.335799 -0.231994
vn 0.868807 -0.483115 0.108513
v -0.0342335 0.342949 -0.264331
vn -0.606528 0.206733 -0.767714
v 0.0996003 0.159286 0.235441
vn 0.821139 -0.569956 0.0296847
v 0.102842 0.174419 0.210544
vn 0.816719 -0.477898 -0.323394
v 0.0461272 0.196503 0.247777
vn -0.792713 0.406446 0.454321
v 0.0296002 0.227768 0.147494
vn -0.478896 -0.787686 0.387569
v 0.135493 0.297782 -0.0668572
vn 0.873448 0.476182 0.101681
v -0.112609 0.239509 0.0301372
vn -0.950249 -0.244804 0.192607
v -0.0681592 0.23521 0.0756164
vn -0.0628726 0.0664634 0.995806
v -0.0491279 0.249292 0.0962213
vn -0.442907 -0.527782 0.724761
v -0.00939777 0.220762 0.133852
vn -0.335774 -0.585403 0.737942
v 0.0446972 0.340766 -0.213498
vn 0.385366 -0.281507 0.878776
v 0.0954332 0.154104 0.245973
vn 0.694156 -0.478195 0.538031
v 0.165113 0.289208 0.0439042
vn 0.951249 0.268528 0.151716
v 0.127947 0.294518 -0.0597326
vn 0.783798 0.297815 0.544946
v 0.0699695 0.306253 -0.106467
vn 0.561778 0.265025 -0.783689
v 0.0619946 0.308147 -0.10959
vn 0.838388 -0.0374874 -0.543783
v 0.052624 0.310779 -0.138675
vn 0.266075 0.269766 -0.925435
v -0.0384498 0.339508 -0.24457
vn -0.856284 0.398229 0.328924
v 0.0462454 0.17096 0.257445
vn -0.444244 0.289506 0.847841
v -0.00239946 0.225876 0.135826
vn 0.258798 0.0440751 0.964925
v 0.0989665 0.26407 0.124087
vn 0.548474 -0.195185 0.813068
v 0.116828 0.266904 0.109945
vn 0.829994 0.250068 0.498574
v 0.115091 0.310188 -0.0927648
vn 0.955162 0.230579 -0.185737
v -0.106016 0.269966 -0.0730284
vn -0.523859 0.0555749 -0.84999
v -0.0220966 0.221853 0.104921
vn -0.570512 -0.780928 0.254298
v 0.055395 0.338482 -0.220399
vn 0.706096 -0.412098 0.575851
v -0.00382132 0.337593 -0.282509
vn -0.163794 0.00829404 -0.98646
v 0.00814383 0.222324 0.129368
vn 0.38933 0.561175 0.730415
v 0.103419 0.319967 -0.0966727
vn 0.151476 0.422426 -0.893651
v 0.0418994 0.306362 -0.139797
vn -0.291324 0.377862 -0.878835
v 0.0132136 0.306003 -0.128921
vn -0.519472 0.465869 -0.716321
v -0.00901131 0.292609 -0.118308
vn -0.625855 0.506274 -0.59329
v -0.0854782 0.264507 -0.081288
vn -0.27583 0.153027 -0.948947
v -0.103364 0.25788 -0.0684735
vn -0.931732 -0.00784366 -0.363061
v -0.0997712 0.247261 0.00712777
vn -0.91235 -0.403244 -0.070791
v 0.0589153 0.354685 -0.265946
vn 0.694954 -0.194686 -0.692197
v -0.0216633 0.326252 -0.271043
vn -0.495228 -0.0724818 -0.865734
v 0.105331 0.169522 0.228889
vn 0.822719 -0.360774 -0.439291
v 0.0508481 0.36019 -0.272245
vn 0.339046 -0.165236 -0.926145
v -0.0247582 0.333408 -0.271672
vn -0.485662 0.149958 -0.861188
v 0.0289652 0.230172 0.131145
vn -0.660994 -0.708609 0.246902
v 0.0756584 0.321348 -0.0939362
vn 0.355002 0.349918 -0.866909
v -0.0534679 0.279137 -0.11487
vn -0.280904 0.387665 -0.877957
v -0.0838509 0.285381 -0.0995014
vn -0.919788 -0.112771 -0.375862
v -0.0896691 0.261359 -0.0743416
vn -0.295143 0.0865115 -0.951528
v -0.0183779 0.219619 0.114596
vn -0.575651 -0.792592 0.201059
v 0.0359619 0.192124 0.229955
vn -0.88339 0.465635 -0.0529713
v -0.0267398 0.333751 -0.22508
vn -0.692139 0.337085 0.638214
v -0.103469 0.244236 0.0376451
vn -0.749248 -0.137849 0.647785
v -0.027621 0.231938 0.128858
vn -0.619082 -0.743055 0.254178
v 0.0926232 0.215131 0.18629
vn 0.336484 -0.219688 -0.915705
v 0.0602828 0.167828 0.269139
vn -0.24102 0.191308 0.951478
v 0.0782126 0.248515 0.137847
vn 0.515286 -0.160256 0.841902
v 0.121497 0.280084 0.095055
vn 0.890654 -0.121995 0.43801
v 0.113995 0.27618 0.0999471
vn 0.913419 0.0418953 0.404858
v 0.122667 0.29418 0.0749
vn 0.857428 0.0341169 0.513472
v 0.118162 0.319201 -0.0131532
vn 0.824444 0.411083 -0.388977
v 0.114489 0.29398 -0.0291826
vn 0.879056 0.395 -0.2669
v 0.0999783 0.303637 -0.107607
vn 0.239328 0.495846 -0.834781
v -0.011803 0.29022 -0.109006
vn -0.264634 0.372886 -0.88934
v -0.024214 0.301322 -0.107347
vn -0.0768613 0.168265 -0.982741
v -0.0337022 0.337379 -0.231185
vn -0.798185 0.287304 0.529487
v 0.106895 0.187941 0.218565
vn 0.913879 -0.403343 0.0462611
v 0.0844547 0.222748 0.182022
vn -0.406304 0.196237 -0.892417
v 0.0737511 0.356473 -0.250295
vn 0.877689 -0.388276 -0.280897
v 0.101309 0.169453 0.245213
vn 0.780212 -0.43549 0.449019
v 0.0338189 0.362086 -0.271539
vn 0.110223 -0.0389025 -0.993145
v -0.11278 0.237368 0.0210444
vn -0.781455 -0.311159 -0.54084
v 0.0886377 0.266603 0.135803
vn 0.614454 -0.0380224 0.788036
v 0.164392 0.294625 0.0530882
vn 0.523532 0.144657 0.839636
v 0.163938 0.306344 0.0323238
vn 0.879066 0.25891 -0.400261
v 0.147326 0.318486 0.0198698
vn 0.705754 0.411022 -0.577037
v 0.0287723 0.304322 -0.133802
vn -0.339485 0.651 -0.678932
v 0.00574501 0.302786 -0.117038
vn -0.525794 0.395457 -0.753096
v 0.0673004 0.358783 -0.229306
vn 0.899922 -0.285605 0.3295
v -0.0394593 0.347677 -0.258629
vn -0.867367 0.327625 -0.374614
v -0.0187896 0.332062 -0.214921
vn -0.647585 0.340678 0.681596
v 0.0791928 0.25452 0.136517
vn 0.412718 -0.219086 0.884119
v -0.076168 0.228071 0.0764982
vn -0.745638 -0.640626 0.183365
v 0.112064 0.183804 0.237482
vn 0.911627 -0.397209 -0.105647
v 0.107137 0.188964 0.229003
vn 0.868044 -0.370486 -0.330514
v 0.0471614 0.198578 0.25742
vn -0.681253 0.247373 0.688986
v 0.0259932 0.343719 -0.208708
vn -0.156678 0.0972012 0.982855
v 0.0725823 0.360192 -0.237308
vn 0.893369 -0.417518 0.166041
v 0.00685722 0.247587 0.122169
vn 0.014774 -0.242497 0.97004
v 0.0554963 0.250804 0.143471
vn 0.365829 -0.191149 0.910841
v 0.168336 0.305638 0.0399674
vn 0.968634 0.23272 -0.0871152
v 0.15689 0.312049 0.0260392
vn 0.753046 0.333656 -0.567093
v 0.123107 0.298745 -0.0525496
vn 0.849968 0.238478 0.46977
v -0.0745766 0.273903 -0.0777343
vn -0.72459 -0.420167 -0.546287
v -0.0329633 0.232573 0.108705
vn -0.728995 -0.679365 0.0838399
v 0.0773521 0.212872 0.191977
vn -0.823337 0.377177 -0.424092
v -0.000660311 0.343988 -0.207441
vn -0.0645509 0.174592 0.982523
v 0.113358 0.320886 -0.074481
vn 0.905261 0.3708 -0.20739
v 0.0842694 0.315767 -0.101779
vn -0.158033 0.533373 -0.830987
v 0.0645858 0.318348 -0.119333
vn 0.974991 -0.153352 -0.160861
v 0.00101773 0.30943 -0.119704
vn -0.285022 0.267365 -0.920477
v -0.115132 0.266309 -0.0225995
vn -0.976209 -0.202779 0.0767937
v -0.0621112 0.233364 0.0843533
vn -0.439559 -0.548039 0.711647
v 0.122361 0.217004 0.198552
vn 0.809579 -0.372456 -0.453716
v -0.00449884 0.238712 0.12965
vn 0.347015 0.20751 0.914615
v -0.0662249 0.292826 -0.10016
vn -0.34077 0.303747 -0.889727
v -0.115793 0.265904 -0.0545223
vn -0.925502 -0.214661 -0.312036
v -0.103056 0.255246 -0.0153467
vn -0.955667 -0.177139 0.235206
v -0.0867909 0.242056 0.0806042
vn -0.202878 -0.102171 0.973859
v -0.0320087 0.240124 0.135142
vn -0.292181 -0.498927 0.815906
v -0.0103675 0.228305 0.140369
vn 0.0909566 0.102397 0.990577
v 0.0608234 0.362632 -0.258017
vn 0.754353 -0.237828 -0.611874
v 0.0936322 0.170151 0.261012
vn 0.652523 -0.372793 0.659726
v 0.066027 0.209903 0.205251
vn -0.774408 0.330108 -0.539741
v 0.0567985 0.210233 0.216428
vn -0.579935 0.27325 -0.76747
v 0.128461 0.295504 0.0828875
vn 0.99724 -0.0252954 0.0697993
v 0.116441 0.306411 -0.0214798
vn 0.660578 0.373923 -0.651013
v 0.11152 0.326546 -0.0934011
vn 0.55875 0.417582 -0.716536
v 0.0258729 0.313357 -0.12489
vn 0.166607 0.283806 -0.944297
v 0.05658 0.355767 -0.21272
vn 0.479496 -0.16438 0.862011
v 0.0230158 0.362615 -0.278878
vn 0.341155 -0.189327 -0.920743
v -0.00281696 0.348783 -0.276456
vn -0.551616 0.436967 -0.710479
v 0.0388045 0.202723 0.238799
vn -0.834163 0.490394 0.252362
v 0.0469852 0.358708 -0.203824
vn 0.148931 -0.0420878 0.987952
v 0.0203138 0.370799 -0.280825
vn -0.247372 0.139778 -0.958785
v 0.0262526 0.242021 0.151035
vn -0.0279427 -0.544069 0.838575
v 0.0599301 0.255376 0.138039
vn 0.341607 -0.02598 0.939484
v 0.0931918 0.269597 0.119801
vn 0.621019 0.186033 0.761398
v 0.149971 0.311754 0.0552869
vn 0.341019 0.143364 0.92906
v 0.116245 0.314599 -0.0618208
vn 0.885096 0.403866 0.231294
v 0.0659026 0.338708 -0.115038
vn 0.827137 0.0967191 -0.553616
v -0.0893892 0.240143 0.0636239
vn -0.899028 -0.316299 0.302827
v 0.0849297 0.17256 0.261897
vn 0.395618 0.0699086 0.91575
v 0.108118 0.228699 0.189982
vn 0.301157 -0.206852 -0.930869
v 0.050972 0.214793 0.223691
vn -0.815373 0.514585 -0.265273
v -0.0133788 0.346842 -0.269401
vn -0.464802 0.319369 -0.82581
v -0.01307 0.350122 -0.217612
vn -0.660274 0.255315 0.706295
v -0.0070366 0.306913 -0.11611
vn -0.247824 -0.141729 -0.958382
v 0.05673 0.188451 0.262257
vn -0.401803 0.197776 0.894114
v 0.0662997 0.360256 -0.21469
vn 0.623883 -0.27221 0.732579
v 0.038604 0.245283 0.148861
vn 0.45911 -0.00500933 0.888365
v 0.0651062 0.273001 0.141237
vn 0.245573 -0.260134 0.933823
v 0.109408 0.280629 0.11426
vn 0.685438 0.0292964 0.727542
v 0.166469 0.31078 0.0535746
vn 0.69883 0.257117 0.667478
v 0.109737 0.309075 -0.0386162
vn 0.927263 0.224024 0.299993
v 0.114452 0.317916 -0.0557655
vn 0.950499 0.301868 0.0736699
v 0.0365063 0.326352 -0.118695
vn -0.273055 0.310298 -0.91058
v 0.0156244 0.322116 -0.122038
vn -0.818069 0.311931 -0.483178
v -0.041155 0.306085 -0.108284
vn -0.074228 0.193975 -0.978194
v -0.0905911 0.240797 0.0765628
vn -0.886562 -0.459993 -0.0491246
v 0.112844 0.187173 0.248071
vn 0.817418 -0.50044 0.285284
v 0.113936 0.224932 0.192775
vn 0.619587 -0.28299 -0.732139
v 0.104251 0.337955 -0.0368694
vn 0.87575 0.289247 0.38652
v -0.0319346 0.238703 0.12717
vn -0.614867 -0.788558 -0.0107595
v 0.121055 0.221817 0.209639
vn 0.865198 -0.36685 -0.341839
v 0.117946 0.21243 0.220385
vn 0.684275 -0.608095 -0.402477
v 0.0759944 0.225984 0.199689
vn -0.757738 0.36731 -0.539367
v 0.0796176 0.190203 0.26457
vn 0.219438 0.0767206 0.972605
v 0.0720299 0.377377 -0.224797
vn 0.911348 -0.166551 0.376438
v -0.00798477 0.357489 -0.216862
vn -0.354373 0.229073 0.906612
v 0.0123805 0.244858 0.134506
vn -0.648206 -0.758347 0.0688429
v 0.0445659 0.341029 -0.122833
vn -0.120514 0.411152 -0.903565
v 0.0232011 0.325027 -0.128562
vn 0.0768703 0.0890299 -0.993058
v 0.0342065 0.363418 -0.213292
vn -0.146576 0.0924832 0.984867
v -0.0209808 0.351239 -0.25995
vn -0.617346 0.342103 -0.708413
v -0.0251968 0.367011 -0.243741
vn -0.863738 0.47541 0.167162
v 0.113898 0.299092 0.105762
vn 0.71229 0.0605974 0.699264
v 0.132055 0.307819 0.0714386
vn 0.647251 0.209616 0.73289
v 0.140461 0.317583 0.0174719
vn 0.545801 0.282769 -0.788761
v 0.111945 0.332458 -0.047623
vn 0.891368 0.245952 0.380752
v -0.0155861 0.317906 -0.117477
vn -0.100382 0.0708052 -0.992426
v -0.110167 0.273992 -0.0575698
vn -0.908064 -0.213963 -0.360056
v -0.113785 0.266893 -0.00945726
vn -0.890874 -0.452205 0.0430623
v -0.0472406 0.254186 0.104444
vn -0.735493 -0.663069 0.139246
v 0.102029 0.233579 0.186609
vn 0.161558 -0.133864 -0.977742
v 0.0928111 0.28855 0.124946
vn 0.608716 -0.00629475 0.793364
v 0.121487 0.31337 -0.0045153
vn 0.584174 0.389615 -0.711998
v 0.075419 0.332548 -0.102245
vn 0.902987 0.0146932 -0.429417
v 0.065456 0.336816 -0.109566
vn 0.890871 -0.0468263 -0.451837
v -0.052288 0.312118 -0.104682
vn -0.356058 0.250596 -0.900236
v -0.0780089 0.251123 0.080054
vn -0.430165 -0.435703 0.790646
v 0.0764519 0.375719 -0.236691
vn 0.916444 -0.175008 0.359865
v 0.092642 0.189772 0.262285
vn 0.27408 0.0528916 0.960251
v 0.121575 0.20867 0.230387
vn 0.667437 -0.696236 -0.264166
v 0.0526013 0.211725 0.233135
vn -0.864282 0.501023 -0.0446304
v 0.0535833 0.373107 -0.216978
vn 0.378129 -0.193053 0.9054
v 0.0827927 0.382623 -0.248013
vn 0.952685 -0.111248 -0.28287
v -0.0156454 0.379522 -0.266923
vn -0.76188 0.305567 -0.571111
v -0.030886 0.358494 -0.254905
vn -0.791782 0.515266 -0.327998
v -0.0188723 0.35254 -0.226455
vn -0.565989 0.215773 0.795675
v 0.0749121 0.262896 0.16811
vn -0.499813 -0.268334 -0.823519
v 0.0927957 0.273721 0.164532
vn -0.0213234 -0.116566 -0.992954
v 0.0890451 0.2687 0.166261
vn 0.223352 -0.0251748 0.974413
v 0.0241601 0.250514 0.159664
vn 0.372109 -0.146063 0.916625
v 0.0105879 0.255015 0.162935
vn -0.0123405 -0.380794 0.924578
v 0.0479594 0.263203 0.14898
vn 0.317114 0.0322613 0.947839
v 0.0566125 0.340562 -0.123083
vn 0.205311 0.500371 -0.841116
v 0.0117686 0.334967 -0.109374
vn -0.539247 0.433639 -0.721921
v 0.00199776 0.317441 -0.111901
vn 0.00142357 0.399683 -0.916652
v -0.0277001 0.312658 -0.111185
vn -0.315197 -0.0550494 -0.947428
v -0.0880876 0.282666 -0.077841
vn -0.804775 -0.298891 -0.512837
v -0.108307 0.267902 0.0176086
vn -0.904666 -0.328922 -0.270904
v 0.107146 0.18798 0.256072
vn 0.543293 -0.137032 0.828285
v 0.0649284 0.22506 0.2101
vn -0.749818 0.322227 -0.577878
v 0.0678485 0.384859 -0.210176
vn 0.749252 -0.187522 0.635183
v 0.00644293 0.252345 0.155451
vn -0.579626 -0.751461 0.315183
v 0.026045 0.263442 0.15511
vn 0.431193 0.0933395 0.897419
v 0.0641671 0.287492 0.146686
vn 0.644068 0.0700923 0.761751
v 0.0943975 0.340459 -0.0867612
vn -0.0527582 0.436487 -0.898162
v 0.0949828 0.245364 0.186394
vn -0.3317 0.226877 -0.915698
v 0.0768512 0.273559 0.168841
vn 0.670082 -0.206417 0.71301
v 0.0712951 0.269427 0.174909
vn 0.581306 -0.559146 0.591133
v 0.0634105 0.282621 0.147895
vn 0.190904 -0.348868 0.917522
v 0.114523 0.320571 0.104131
vn 0.699115 -0.0378334 0.714007
v 0.124965 0.328043 0.0722592
vn 0.892287 0.173442 0.416825
v 0.112148 0.335545 -0.0624572
vn 0.979322 0.187422 0.0761662
v -0.0928788 0.280757 -0.0676138
vn -0.297 0.312839 -0.902177
v -0.112856 0.260272 0.0324678
vn -0.703028 -0.204187 0.681219
v -0.0646326 0.260564 0.101907
vn -0.413332 -0.42748 0.804001
v 0.0706376 0.395929 -0.270914
vn 0.72698 -0.239671 -0.643473
v 0.0529657 0.384861 -0.277666
vn 0.130151 -0.128293 -0.983159
v -0.0282368 0.362508 -0.231756
vn -0.765024 0.327812 0.554326
v -0.000318091 0.361835 -0.21723
vn -0.162533 0.230836 0.959322
v 0.0914357 0.244603 0.195471
vn -0.825234 0.261633 -0.500537
v 0.0702052 0.198261 0.262725
vn -0.126256 0.074372 0.989206
v 0.0882135 0.286408 0.163925
vn -0.144023 -0.986144 0.082327
v 0.134779 0.31477 0.0608111
vn 0.634917 0.271885 0.723159
v 0.103588 0.327804 -0.0227733
vn 0.914193 0.386862 -0.120788
v 0.106284 0.335763 -0.0315139
vn 0.92709 0.34801 0.139257
v 0.102891 0.365978 -0.0508666
vn 0.960041 0.205117 0.190388
v 0.0919524 0.374236 -0.0755936
vn 0.22579 0.362042 -0.904403
v 0.0317244 0.336059 -0.123003
vn 0.348972 0.0235885 -0.936836
v -0.078933 0.301157 -0.0987604
vn -0.651122 0.267222 -0.710375
v -0.0458801 0.241702 0.136563
vn -0.519 -0.679661 0.518363
v -0.0267035 0.243385 0.136102
vn 0.123934 -0.0761091 0.989367
v 0.078914 0.279878 0.166497
vn -0.251741 0.139994 -0.957616
v -0.0886614 0.294325 -0.0798629
vn -0.857517 0.17613 -0.483367
v -0.11923 0.265927 0.0256152
vn -0.945267 -0.313619 -0.0900712
v -0.0747171 0.251843 0.0881642
vn -0.58995 -0.474219 0.65351
v 0.073429 0.387695 -0.260486
vn 0.767766 -0.28569 -0.573513
v 0.0707917 0.278806 0.171637
vn -0.384146 -0.195376 -0.902364
v 0.11888 0.232402 0.199083
vn 0.921983 -0.146199 -0.358571
v 0.113771 0.248158 0.181812
vn 0.104744 -0.0314351 -0.994002
v 0.066064 0.268383 0.179114
vn -0.745956 -0.506048 -0.432973
v 0.122069 0.208459 0.238743
vn 0.81963 -0.569 -0.0666736
v 0.119448 0.240127 0.191219
vn 0.772311 -0.321265 -0.548019
v 0.0820256 0.237464 0.205122
vn -0.564592 0.221452 -0.795107
v 0.0555297 0.220464 0.240393
vn -0.895207 0.43538 -0.0951235
v 0.00720785 0.372625 -0.214751
vn -0.16596 -0.144657 0.975465
v 0.046815 0.37033 -0.208662
vn 0.215475 -0.275939 0.936712
v 0.0375126 0.370074 -0.208373
vn -0.246017 -0.245996 0.937529
v 0.0765642 0.395879 -0.234274
vn 0.964351 0.0847103 0.250703
v 0.0185322 0.382743 -0.276347
vn -0.388751 0.25677 -0.88484
v 0.0244657 0.381885 -0.28482
vn 0.048878 0.0843003 -0.995241
v -0.00749297 0.36711 -0.267501
vn -0.265325 -0.0053897 -0.964144
v 0.111816 0.286096 0.157772
vn 0.0193555 -0.209926 -0.977526
v 0.113707 0.271264 0.163201
vn 0.435402 -0.704618 -0.560302
v 0.103577 0.27341 0.167712
vn -0.351689 -0.405978 -0.843503
v 0.099317 0.286317 0.163976
vn -0.354366 -0.0813227 -0.931564
v 0.0658198 0.267666 0.192027
vn -0.920792 -0.191601 -0.339751
v -0.0132166 0.264888 0.134367
vn -0.457383 -0.688597 0.562703
v 0.153493 0.336322 0.0431805
vn 0.85644 0.388704 0.339735
v -0.112505 0.281995 -0.0705836
vn -0.474014 0.217542 -0.853221
v -0.0946555 0.256733 0.0618188
vn -0.932971 -0.359562 -0.0167321
v -0.100152 0.281904 0.0886969
vn -0.589059 -0.392785 0.706207
v -0.0615103 0.261131 0.109928
vn -0.656935 -0.719903 -0.224
v 0.0594415 0.209145 0.257992
vn -0.367324 0.172662 0.913926
v -0.0163393 0.255534 0.139784
vn 0.347668 0.127648 0.928888
v -0.0215697 0.273009 0.14726
vn -0.633173 -0.741382 0.222362
v 0.00431749 0.332128 -0.105172
vn -0.0233007 0.407072 -0.913099
v -0.0382416 0.321157 -0.103833
vn -0.398104 0.0472045 -0.916125
v -0.115856 0.272516 -0.0394649
vn -0.982058 -0.187209 0.0226954
v 0.0726945 0.389502 -0.229844
vn 0.944331 -0.0632357 0.322864
v 0.0405793 0.383817 -0.275527
vn 0.248406 -0.147476 -0.957364
v 0.128647 0.218816 0.246251
vn 0.694877 -0.0375946 0.718146
v 0.140219 0.227457 0.215515
vn 0.608917 -0.514794 -0.603496
v 0.050721 0.280757 0.147864
vn -0.0188765 -0.214571 0.976526
v 0.0918367 0.301955 0.122103
vn 0.595369 0.143539 0.790526
v 0.106704 0.307193 0.110898
vn 0.572386 0.106618 0.813023
v 0.15281 0.343281 0.0366816
vn 0.761506 0.423203 -0.490927
v 0.110087 0.350244 -0.0703519
vn 0.974371 0.224256 -0.0175992
v -0.0974119 0.262374 0.0483215
vn -0.835996 -0.227271 0.499458
v 0.0665706 0.270476 0.18603
vn 0.527783 -0.741546 0.414192
v 0.0592772 0.276449 0.184646
vn -0.905786 -0.372249 -0.202442
v -0.0194515 0.369811 -0.230697
vn -0.797582 0.44271 0.40972
v 0.120516 0.284939 0.168448
vn 0.718139 -0.134942 -0.682691
v 0.12366 0.296364 0.160353
vn 0.586886 -0.293891 -0.754448
v 0.0696701 0.241684 0.208076
vn -0.825577 0.242224 -0.509657
v 0.0535708 0.213786 0.24575
vn -0.910101 0.375219 0.175859
v 0.0389466 0.278123 0.143395
vn 0.264476 0.113733 0.957662
v 0.139329 0.334962 0.054198
vn 0.296959 0.00771459 0.954859
v 0.100385 0.366128 0.0201997
vn 0.777104 0.349199 -0.523612
v -0.00614635 0.337198 -0.107922
vn 0.299012 0.268936 -0.915568
v -0.100849 0.260979 0.0776876
vn -0.882824 -0.458543 0.101786
v -0.0594631 0.254786 0.12816
vn -0.673885 -0.738782 -0.00898394
v 0.0572734 0.268886 0.193537
vn 0.725079 -0.0185162 0.688417
v 0.0576516 0.389256 -0.206728
vn 0.432808 -0.356997 0.827787
v 0.0727035 0.403584 -0.240162
vn 0.971292 -0.0155025 0.237384
v -0.0172059 0.38036 -0.247307
vn -0.888888 0.41061 0.20317
v 0.0864646 0.222546 0.266903
vn 0.312564 0.00525496 0.949882
v 0.0780585 0.291356 0.138418
vn 0.770972 -0.18625 0.609027
v -0.0263 0.336951 -0.112265
vn -0.0663006 -0.118843 -0.990697
v 0.0651288 0.28159 0.178755
vn -0.766921 -0.537243 -0.351003
v 0.0743795 0.403609 -0.260281
vn 0.878966 0.0989692 -0.466502
v -0.0150487 0.379753 -0.256639
vn -0.786027 0.385682 -0.483126
v 0.085259 0.297853 0.169093
vn 0.368653 -0.579886 -0.726517
v 0.0777364 0.293217 0.162662
vn -0.115622 -0.481903 -0.868562
v 0.0796659 0.249429 0.205014
vn -0.532951 -0.432697 -0.727143
v 0.113052 0.209098 0.253065
vn 0.337861 0.118181 0.933747
v 0.126329 0.241165 0.209265
vn 0.46006 -0.412306 -0.786351
v 0.102276 0.253484 0.190434
vn -0.135549 -0.0549034 -0.989248
v 0.147338 0.336393 0.0456129
vn 0.842238 0.434673 0.318896
v 0.0698546 0.357516 -0.109098
vn 0.871026 0.139509 -0.471011
v 0.0450426 0.34731 -0.113601
vn 0.52927 0.429196 -0.73189
v -0.120553 0.292685 -0.0450941
vn -0.981744 -0.189812 -0.0122738
v 0.0488789 0.283049 0.178523
vn -0.233192 -0.872812 -0.428743
v 0.0635957 0.273732 0.194533
vn -0.0406456 -0.885444 -0.462965
v 0.0525646 0.286638 0.211263
vn -0.849882 -0.233263 -0.472536
v 0.0529782 0.26424 0.200179
vn -0.692918 -0.303536 -0.654011
v 0.0191507 0.375296 -0.211921
vn -0.271901 -0.259261 0.926744
v 0.0659021 0.401886 -0.274145
vn 0.29841 0.12383 -0.946371
v 0.0221557 0.274877 0.156717
vn 0.504722 -0.028607 0.862808
v 0.0879942 0.3103 0.123498
vn 0.707987 0.0968889 0.699547
v 0.12392 0.331987 0.0786333
vn 0.986573 0.108129 -0.122397
v 0.139485 0.345862 0.019606
vn 0.66868 0.32724 -0.667669
v -0.0662381 0.322208 -0.0978126
vn -0.326885 0.178302 -0.928092
v 0.072209 0.401946 -0.219896
vn 0.918261 -0.0818866 0.387416
v 0.0474314 0.397969 -0.274956
vn 0.204124 0.0517666 -0.977575
v -0.00380655 0.385864 -0.272253
vn -0.430173 0.335477 -0.838097
v -0.0147291 0.374502 -0.223635
vn -0.8879 0.174374 0.425708
v 0.105496 0.300127 0.153922
vn -0.346367 0.00682379 -0.938074
v 0.0940504 0.298591 0.169639
vn -0.455545 0.0247065 -0.88987
v 0.0681295 0.238689 0.223201
vn -0.867962 0.464753 -0.175065
v 0.1245 0.252931 0.197432
vn 0.670908 -0.456155 -0.584641
v 0.122481 0.260576 0.185915
vn 0.387084 -0.011496 -0.921973
v -0.0171782 0.273469 0.159923
vn -0.678271 -0.638749 0.363247
v 0.0585279 0.294845 0.15169
vn 0.181329 -0.302077 0.935879
v 0.121966 0.323581 0.0965617
vn 0.883532 0.105917 0.456238
v 0.127066 0.332569 0.0607081
vn 0.764986 0.0800408 0.639054
v 0.071179 0.355254 -0.0865858
vn 0.956647 0.0613152 -0.284721
v 0.0228995 0.348041 -0.123218
vn -0.51512 0.386813 -0.764871
v 0.0175088 0.348207 -0.103478
vn -0.772628 0.383415 -0.506002
v 0.0220973 0.353496 -0.109947
vn -0.838134 0.29871 -0.456403
v -0.0794111 0.309445 -0.0838963
vn -0.765056 0.10064 -0.636051
v -0.0485913 0.26641 0.144412
vn 0.287382 0.184388 0.9399
v 0.0274159 0.376316 -0.208059
vn -0.261716 -0.573469 0.776298
v 0.0315257 0.384004 -0.204968
vn -0.109146 -0.594507 0.796649
v 0.042895 0.38668 -0.195796
vn 0.259008 -0.541568 0.799762
v 0.128688 0.280909 0.168696
vn 0.566363 -0.325563 -0.757127
v 0.0838252 0.298391 0.156546
vn 0.555309 -0.710309 -0.432542
v 0.0134356 0.346885 -0.0990659
vn -0.0542875 0.392649 -0.918085
v -0.105427 0.282359 0.0511562
vn -0.910735 -0.331361 0.246499
v -0.0509474 0.260251 0.139656
vn -0.355273 -0.338407 0.871356
v 0.143779 0.222833 0.231453
vn 0.911108 -0.289939 0.292946
v 0.00918623 0.266334 0.165706
vn 0.295557 0.013815 0.955225
v 0.142907 0.333453 0.0267544
vn 0.729701 0.369749 -0.575171
v 0.101049 0.346638 -0.0098737
vn 0.72962 0.471407 -0.49541
v 0.0761585 0.366148 -0.0925444
vn 0.943041 0.136796 -0.303249
v 0.0446059 0.290297 0.18385
vn -0.257087 -0.590212 0.765216
v 0.055794 0.285481 0.185861
vn -0.669107 -0.743049 0.0131863
v 0.0445267 0.293396 0.182501
vn -0.496788 -0.816293 0.294733
v 0.0573625 0.288291 0.195159
vn -0.802934 -0.591314 -0.0751333
v 0.0804862 0.407001 -0.248369
vn 0.982955 0.164503 0.0820884
v 0.033209 0.404897 -0.276457
vn -0.257191 0.397311 -0.880907
v -0.00802951 0.384509 -0.220429
vn -0.410468 0.108509 0.905396
v 0.116426 0.31137 0.161386
vn 0.10654 -0.00741952 -0.994281
v -0.0134681 0.275053 0.165983
vn -0.555958 -0.421811 0.716231
v 0.037036 0.349134 -0.122802
vn 0.0820828 0.0309815 -0.996144
v 0.0748428 0.252612 0.207279
vn -0.8017 -0.427118 -0.418147
v 0.0560243 0.22959 0.255373
vn -0.859813 0.283095 0.424946
v 0.0842521 0.353917 -0.0820433
vn 0.227635 0.255728 -0.939567
v 0.0635811 0.360801 -0.108093
vn -0.248754 0.332044 -0.909873
v 0.0522394 0.357365 -0.107703
vn 0.247261 0.456656 -0.854592
v 0.0728979 0.409796 -0.264246
vn 0.840772 0.324804 -0.433135
v 0.00102151 0.378993 -0.216628
vn -0.326092 -0.0186192 0.945154
v -0.0196874 0.342078 -0.109747
vn 0.250864 0.142572 -0.957466
v -0.0783279 0.320731 -0.0902775
vn -0.810399 0.268849 -0.520551
v -0.117072 0.300106 -0.0569547
vn -0.726947 0.0458933 -0.685159
v -0.116659 0.289977 -0.0540329
vn -0.85673 -0.215782 -0.468457
v 0.071581 0.248559 0.227834
vn -0.957469 -0.213442 -0.194152
v 0.0628865 0.243135 0.244156
vn -0.924719 0.356784 -0.132668
v 0.0974369 0.308994 0.159528
vn 0.647455 -0.718642 -0.253684
v -0.00441056 0.345424 -0.105976
vn 0.423025 0.157065 -0.892402
v -0.0992185 0.297799 -0.0623847
vn -0.465143 0.0625406 -0.883024
v -0.107366 0.283 0.0818881
vn -0.453272 -0.252283 0.854925
v -0.077384 0.28511 0.101749
vn -0.726539 -0.618403 0.299532
v 0.0862629 0.302098 0.137378
vn 0.85289 -0.323192 0.410031
v 0.095729 0.316414 0.117027
vn 0.553567 -0.00703527 0.832775
v 0.0602155 0.267462 0.212163
vn -0.36509 -0.821587 -0.437841
v 0.0433377 0.264972 0.21951
vn -0.881512 -0.275564 -0.383407
v 0.0671159 0.239557 0.234885
vn -0.831109 0.433622 -0.348181
v 0.14156 0.240367 0.213168
vn 0.885961 -0.20248 -0.417223
v 0.101176 0.309406 0.160257
vn -0.127551 0.0468097 -0.990727
v 0.0874898 0.304989 0.156399
vn -0.53035 0.054993 -0.845993
v 0.0896062 0.310549 0.156375
vn 0.311248 -0.670004 -0.673958
v 0.0358835 0.289582 0.147858
vn 0.423256 -0.287258 0.859265
v 0.0627309 0.300754 0.146466
vn 0.415956 -0.343237 0.842122
v 0.108551 0.320079 0.106795
vn 0.578616 -0.108109 0.808403
v 0.122135 0.371976 0.0246313
vn 0.440701 0.418261 -0.794254
v -0.120074 0.276222 0.00475767
vn -0.873479 -0.470681 0.124476
v -0.0264847 0.265292 0.13004
vn 0.104009 0.475949 0.873301
v 0.0622245 0.401278 -0.204732
vn 0.577234 -0.328165 0.747736
v 0.073108 0.413184 -0.220366
vn 0.949227 0.0735981 0.305862
v 0.0653886 0.415775 -0.270869
vn 0.366433 0.64365 -0.671895
v 0.0966488 0.221436 0.256503
vn 0.514287 0.104826 0.851188
v 0.1386 0.256381 0.19714
vn 0.782965 -0.257081 -0.566458
v 0.131157 0.268908 0.190451
vn 0.586074 -0.328308 -0.740764
v 0.127777 0.286991 0.174893
vn 0.756786 -0.158973 -0.634036
v 0.131523 0.280992 0.174719
vn 0.649281 -0.744053 -0.157541
v 0.0638741 0.295571 0.168605
vn -0.149336 -0.523282 -0.838973
v 0.0739364 0.3055 0.165209
vn -0.0203227 -0.201642 -0.979248
v 0.037703 0.359467 -0.11938
vn -0.127499 0.307492 -0.94297
v -0.12544 0.286758 -0.00699262
vn -0.924434 -0.324579 -0.200177
v -0.0844816 0.276848 0.0932501
vn -0.501415 -0.332783 0.798648
v 0.0765302 0.417745 -0.243408
vn 0.915762 0.354264 -0.18941
v 0.0530434 0.410358 -0.274242
vn 0.0525209 0.26737 -0.962162
v 0.0413976 0.402449 -0.17316
vn 0.385739 -0.632318 0.671848
v 0.0398175 0.402959 -0.174003
vn 0.425386 -0.883977 -0.193988
v 0.0521253 0.40493 -0.176361
vn 0.596974 -0.756748 -0.266372
v 0.0319174 0.394995 -0.163585
vn 0.708397 -0.705268 -0.0277477
v 0.0648255 0.253405 0.21623
vn -0.463021 -0.744406 -0.481114
v 0.115629 0.225812 0.248476
vn 0.381556 0.356719 0.852741
v 0.136931 0.23977 0.221386
vn 0.900059 0.349111 0.260798
v -0.00106266 0.374345 -0.174419
vn 0.272782 -0.865321 0.420487
v -0.00138658 0.376759 -0.161902
vn -0.0341293 -0.735891 0.676239
v 0.00192903 0.383617 -0.156759
vn 0.249554 -0.869346 0.426568
v 0.0387944 0.292998 0.166641
vn -0.572608 -0.527956 -0.627203
v 0.0391277 0.292756 0.17977
vn -0.657232 -0.727882 0.195533
v 0.109887 0.379234 0.020481
vn 0.508692 0.304771 -0.8052
v 0.0436241 0.368036 -0.116365
vn 0.781475 0.221655 -0.583237
v 0.00448787 0.357108 -0.0949148
vn 0.358812 -0.100476 -0.927986
v -0.100014 0.306193 -0.068898
vn -0.70656 -0.0293255 -0.707045
v -0.105163 0.283202 0.0709426
vn -0.924096 -0.311947 -0.220762
v 0.0390503 0.298525 0.151413
vn 0.14839 -0.393044 0.907467
v 0.0635742 0.304918 0.153302
vn 0.526568 -0.837552 -0.145718
v 0.051055 0.40686 -0.166959
vn 0.389845 0.121891 0.912778
v 0.028456 0.409105 -0.16423
vn 0.60596 -0.0875749 0.79066
v 0.063249 0.422515 -0.199691
vn 0.939427 -0.0151519 0.342415
v 0.00745753 0.41457 -0.259711
vn -0.41214 0.420604 -0.808228
v 0.0142548 0.384161 -0.211981
vn -0.379628 -0.850936 0.36303
v 0.0208496 0.381214 -0.202095
vn 0.00118662 -0.861385 0.507952
v 0.128825 0.315851 0.159507
vn 0.30557 -0.0208659 -0.951941
v 0.0658787 0.300289 0.157815
vn 0.549776 -0.687519 -0.474409
v 0.0517104 0.257387 0.218626
vn -0.485262 -0.768816 -0.416464
v 0.127017 0.233951 0.23538
vn 0.486229 0.33631 0.806521
v -0.014457 0.372862 -0.171549
vn -0.186679 -0.857484 0.479449
v 0.0271617 0.309315 0.194803
vn -0.399912 -0.82065 0.408173
v 0.0897967 0.311661 0.146609
vn 0.697713 -0.312245 0.644747
v 0.0834161 0.320853 0.121771
vn 0.946604 -0.0341086 0.320589
v 0.0803983 0.379368 -0.0795628
vn 0.370228 0.238052 -0.897921
v -0.00747165 0.360095 -0.109112
vn 0.546505 -0.212336 -0.81009
v -0.0439569 0.342077 -0.102518
vn -0.392348 0.0683864 -0.917271
v -0.0622633 0.267834 0.136165
vn -0.668734 -0.364358 0.648104
v -0.0262828 0.276137 0.139397
vn -0.410568 -0.760292 0.503379
v -0.00656346 0.278681 0.165548
vn -0.0401879 -0.347605 0.936779
v 0.0196932 0.293619 0.162816
vn 0.370675 -0.133565 0.919109
v 0.0582143 0.304876 0.15144
vn -0.00494279 -0.796505 0.604612
v 0.0402998 0.394515 -0.194541
vn 0.352605 -0.267331 0.896774
v 0.0468865 0.406122 -0.195265
vn 0.463176 -0.534409 0.707019
v 0.0789441 0.419475 -0.224491
vn 0.986823 0.044896 0.155452
v 0.0692452 0.41485 -0.258973
vn 0.751703 0.561881 -0.345301
v 0.0901156 0.310346 0.154361
vn -0.540712 -0.0358179 -0.840445
v 0.0630912 0.252 0.22918
vn -0.401018 -0.914661 0.0507936
v 0.0749082 0.223244 0.264755
vn -0.324244 0.120346 0.938287
v 0.136274 0.23792 0.229724
vn 0.741529 0.361073 0.565474
v 0.117767 0.270992 0.188065
vn 0.461368 -0.652591 -0.601053
v 0.137142 0.308833 0.166214
vn 0.732624 -0.358128 -0.578797
v 0.0755933 0.313711 0.164627
vn 0.144421 -0.500144 -0.853814
v 0.0884543 0.322449 0.134762
vn 0.961303 -0.233665 -0.145932
v 0.134462 0.36201 0.0333774
vn 0.752503 0.499266 -0.429502
v 0.108332 0.348609 0.00112375
vn 0.815487 0.400028 -0.418281
v 0.102361 0.367869 -0.0573632
vn 0.969353 0.244203 0.0268245
v 0.0582682 0.418804 -0.179501
vn 0.879854 -0.213756 0.424458
v 0.0637658 0.411484 -0.195805
vn 0.7119 -0.297076 0.636352
v -0.00219569 0.385258 -0.217142
vn -0.446078 -0.382933 0.808936
v 0.132596 0.281386 0.181117
vn 0.637282 -0.489904 -0.594866
v -0.10738 0.284622 0.0594762
vn -0.947786 -0.297777 0.114149
v 0.021543 0.401158 -0.149077
vn 0.887633 -0.379954 0.260273
v 0.00640899 0.389903 -0.131919
vn 0.618236 -0.773425 0.139992
v 0.0147776 0.39492 -0.151577
vn 0.592822 -0.663304 0.456717
v -0.0162388 0.37632 -0.179613
vn -0.509672 -0.859361 -0.0416282
v -0.00455002 0.365003 -0.180262
vn -0.0977108 -0.974975 0.19969
v -0.00444014 0.386921 -0.159826
vn -0.23574 -0.939911 0.246971
v 0.0408882 0.298221 0.193606
vn -0.584837 -0.797711 0.147047
v 0.135508 0.255763 0.210958
vn 0.935601 0.219366 0.276641
v 0.0896368 0.359786 -0.0191882
vn 0.91361 0.4064 -0.0125248
v 0.103706 0.36992 -0.0692441
vn 0.835922 0.401287 -0.374437
v 0.0414424 0.419905 -0.175641
vn 0.550851 -0.0183533 0.834402
v 0.00905993 0.385813 -0.196006
vn -0.113517 -0.993237 0.0243699
v 0.0172916 0.357875 -0.0991324
vn -0.701776 0.260258 -0.663156
v -0.026974 0.357873 -0.116023
vn -0.30607 -0.125033 -0.943763
v -0.113436 0.28557 0.0425386
vn -0.752761 -0.226614 0.618059
v -0.0376243 0.272032 0.129144
vn 0.306711 0.0574429 0.950068
v 0.0476764 0.260371 0.23382
vn -0.725421 -0.658088 0.201704
v 0.0636386 0.254947 0.243184
vn -0.71938 -0.693982 0.0297039
v 0.0699593 0.233829 0.258859
vn -0.359964 0.0751396 0.929936
v 0.131813 0.278111 0.198997
vn 0.997581 -0.06575 0.02257
v 0.130282 0.300348 0.175577
vn 0.661226 -0.43664 -0.610022
v 0.107222 0.32225 0.144393
vn 0.4391 -0.56428 -0.699128
v 0.097192 0.352147 -0.0378909
vn 0.720086 0.0534557 0.691822
v 0.0505059 0.377461 -0.0986394
vn 0.132182 0.337898 -0.931855
v 0.0234493 0.40001 -0.160013
vn 0.699249 -0.217754 0.680907
v 0.04191 0.404824 -0.182683
vn 0.552844 -0.828298 -0.0910334
v -7.46168e-05 0.403657 -0.25221
vn -0.620606 0.408383 -0.669381
v -0.0166177 0.389822 -0.228599
vn -0.970075 -0.220429 -0.101808
v -0.0349428 0.356716 -0.109403
vn -0.58827 -0.0340686 -0.807946
v 0.0546014 0.300995 0.16058
vn -0.148609 -0.670782 -0.726614
v 0.0435055 0.296509 0.195322
vn -0.600298 -0.78678 -0.143597
v -0.0146891 0.385352 -0.160399
vn -0.324529 -0.62121 0.713287
v 0.0724898 0.316396 0.14907
vn 0.619248 -0.668243 0.412289
v 0.113676 0.337995 0.110028
vn 0.587479 0.0100845 0.809176
v 0.0848374 0.367704 -0.028909
vn 0.931037 0.27366 0.241412
v 0.0655045 0.388168 -0.094014
vn 0.942757 0.227526 -0.243804
v 0.0425683 0.42028 -0.268805
vn -0.0645809 0.681989 -0.728505
v -0.00367487 0.395018 -0.238881
vn -0.981675 0.190154 0.0124535
v -0.00313576 0.388204 -0.212804
vn -0.393332 -0.919328 0.0112485
v -0.0340193 0.275696 0.135925
vn -0.397921 -0.785602 0.473801
v 0.0232434 0.312317 0.197208
vn -0.489794 -0.829982 0.266893
v 0.0405794 0.291315 0.215597
vn -0.664718 -0.637328 -0.389826
v 0.135702 0.278739 0.188999
vn 0.890312 -0.346541 -0.295387
v -0.016162 0.374619 -0.187275
vn -0.507653 -0.859728 0.0561753
v 0.124004 0.341228 0.0800617
vn 0.970465 0.211092 0.116779
v 0.120007 0.360171 0.0728084
vn 0.878561 0.264374 0.397789
v 0.0785496 0.418639 -0.0567756
vn 0.625808 0.437643 -0.645625
v 0.058722 0.417336 -0.192645
vn 0.745896 -0.580333 0.326885
v 0.0694939 0.42739 -0.226663
vn 0.906164 0.387792 0.16877
v 0.0655221 0.427744 -0.251098
vn 0.497385 0.69134 -0.524078
v 0.0719055 0.429947 -0.239505
vn 0.840194 0.524306 -0.138481
v 0.016745 0.368965 -0.100631
vn 0.0646138 -0.211165 -0.975312
v -0.0133219 0.365487 -0.114169
vn 0.446957 -0.201553 -0.871554
v -0.0738368 0.334228 -0.0896141
vn -0.419792 -0.16009 -0.89339
v -0.11561 0.294519 -0.0284467
vn -0.937771 -0.30556 -0.164983
v -0.0680718 0.270551 0.130372
vn -0.598197 -0.3155 0.736627
v 0.037329 0.306596 0.160958
vn -0.0935667 -0.642393 0.760642
v -0.0270383 0.3782 -0.166102
vn -0.237437 -0.790015 0.565243
v 0.107079 0.243252 0.244381
vn 0.562813 0.0823445 0.822472
v 0.128661 0.258314 0.220358
vn 0.889547 0.189928 0.415491
v 0.132404 0.27921 0.207533
vn 0.996031 -0.0460752 0.0761486
v 0.109316 0.33141 0.164326
vn 0.134748 -0.406601 -0.903614
v 0.113684 0.327019 0.152768
vn 0.908361 -0.418187 -0.000522163
v 0.13451 0.290398 0.183146
vn 0.852281 -0.499188 -0.156296
v 0.113735 0.339098 0.0979753
vn 0.879496 0.0428167 0.473977
v 0.128301 0.364217 0.0629561
vn 0.305684 -0.0430224 0.951161
v 0.0239156 0.41071 -0.145264
vn 0.860405 -0.506505 -0.0561738
v 0.014422 0.400332 -0.135179
vn 0.696991 -0.58033 0.421214
v 0.0257898 0.42627 -0.15956
vn 0.892145 -0.344138 0.292653
v -0.0477178 0.350643 -0.1005
vn -0.180715 -0.248628 -0.951591
v -0.0911784 0.317083 -0.0771987
vn -0.657382 -0.00151487 -0.753556
v 0.0342744 0.312428 0.167442
vn -0.618971 -0.740076 -0.262989
v 0.0421749 0.30371 0.164558
vn -0.570573 -0.123864 -0.811852
v -0.036602 0.3845 -0.182881
vn -0.533689 -0.82214 -0.198145
v -0.00734245 0.383272 -0.147457
vn 0.0715333 -0.986029 -0.150434
v -0.0141207 0.379958 -0.142483
vn 0.101264 -0.874076 -0.475118
v -0.0173934 0.387078 -0.146416
vn -0.553436 -0.72948 -0.401954
v 0.112498 0.333866 0.100292
vn 0.977481 0.209654 0.0239898
v 0.0392478 0.42139 -0.16292
vn 0.547918 -0.350783 0.759432
v 0.0503991 0.425405 -0.26051
vn 0.0628999 0.834933 -0.546745
v 0.0251775 0.418692 -0.262793
vn -0.299336 0.558131 -0.773878
v 0.0087006 0.37741 -0.103947
vn 0.422464 -0.233056 -0.875905
v -0.111505 0.311997 -0.0617116
vn -0.575304 0.0350257 -0.817189
v -0.135771 0.320543 -0.000120681
vn -0.936335 -0.351104 0.00193364
v -0.126006 0.289683 0.010475
vn -0.892201 -0.387159 0.232561
v 0.0163944 0.30922 0.164175
vn 0.313152 -0.210744 0.926025
v 0.0394423 0.276015 0.232291
vn -0.925572 -0.359561 -0.118458
v 0.1252 0.256175 0.230721
vn 0.831681 0.0472059 0.553243
v 0.142965 0.277934 0.191752
vn 0.984539 0.00564777 0.175077
v 0.133288 0.290796 0.190293
vn 0.975228 -0.211419 0.0650628
v 0.123212 0.321574 0.161541
vn -0.0889176 0.0697406 -0.993594
v 0.0682173 0.391157 -0.106089
vn 0.0268455 0.392771 -0.919244
v 0.0416229 0.38156 -0.114371
vn 0.466391 0.228354 -0.854596
v 0.0402988 0.386689 -0.107139
vn 0.878658 0.148765 -0.453684
v -0.011984 0.40619 -0.247569
vn -0.946061 0.0786935 -0.314286
v -0.0128203 0.38053 -0.115358
vn 0.681343 -0.617768 -0.3926
v -0.0165485 0.367295 -0.117768
vn 0.421573 -0.644451 -0.637934
v -0.0237442 0.378533 -0.192788
vn -0.49048 -0.688407 -0.534346
v -0.0290512 0.381377 -0.17688
vn -0.363963 -0.92108 -0.138355
v -0.12638 0.306897 -0.0454719
vn -0.884304 -0.25099 -0.393713
v -0.124576 0.293137 0.0301366
vn -0.878939 -0.231496 0.416985
v 0.0653826 0.245174 0.259396
vn -0.662412 0.0693015 0.745928
v 0.122013 0.24962 0.238341
vn 0.530219 0.126832 0.838321
v 0.0621872 0.429105 -0.183413
vn 0.896571 0.211877 0.388932
v 0.0639644 0.434438 -0.201593
vn 0.892987 0.343712 0.290579
v -0.0165456 0.39657 -0.159374
vn -0.232717 -0.936644 0.261803
v -0.0300349 0.389979 -0.135742
vn -0.265249 -0.424278 -0.865812
v -0.0284847 0.372879 -0.137863
vn -0.104252 -0.671378 -0.733746
v -0.087423 0.330355 -0.0799306
vn -0.682013 -0.00665887 -0.73131
v -0.00108517 0.282624 0.166148
vn 0.415563 -0.0793634 0.906096
v 0.0324096 0.307299 0.204669
vn -0.742744 -0.64858 -0.166362
v 0.066788 0.255816 0.246412
vn -0.945444 -0.322875 0.0434345
v 0.0904117 0.263136 0.258352
vn 0.631619 -0.0196686 0.775029
v 0.0973873 0.338132 0.115986
vn 0.361709 0.0985248 0.92707
v 0.0303504 0.36994 -0.118128
vn -0.72956 0.283841 -0.622235
v 0.0901825 0.337273 0.126621
vn 0.75173 -0.367763 -0.547405
v 0.0976015 0.380069 -0.0417667
vn 0.885414 0.0872525 0.45654
v -0.044247 0.361784 -0.101805
vn -0.438032 -0.0191763 -0.898755
v -0.0390908 0.29112 0.154154
vn -0.410894 -0.470033 0.781176
v -0.0468181 0.289091 0.149708
vn -0.57827 -0.563945 0.589551
v -0.0235641 0.288809 0.16354
vn -0.562795 -0.291061 0.773657
v 0.0855668 0.252772 0.261972
vn -0.129778 0.217024 0.967501
v 0.147502 0.297069 0.183363
vn 0.831973 -0.500447 -0.239529
v 0.142012 0.308564 0.17576
vn 0.84711 -0.160817 -0.5065
v 0.098611 0.334568 0.149459
vn -0.416002 -0.169312 -0.893463
v 0.130378 0.369483 0.0536193
vn 0.907559 0.368583 0.201207
v 0.0754688 0.396187 -0.0765421
vn 0.688297 0.351495 -0.634585
v 0.0225104 0.406461 -0.12379
vn 0.83435 -0.501146 0.229591
v 0.0511632 0.430241 -0.169713
vn 0.82191 -0.0599876 0.56645
v -0.011541 0.392357 -0.219419
vn -0.752931 -0.457761 0.47281
v 0.0192205 0.378372 -0.100791
vn 0.456226 0.0931564 -0.884974
v -0.00129814 0.385328 -0.109591
vn 0.668695 -0.206944 -0.714158
v -0.0219565 0.384365 -0.194224
vn 0.0417993 -0.568349 -0.821725
v -0.024837 0.392439 -0.2041
vn -0.440825 -0.632445 -0.636936
v -0.033532 0.37673 -0.128008
vn 0.247398 -0.968379 0.0321745
v -0.0304619 0.364845 -0.112923
vn -0.474439 -0.369033 -0.799201
v -0.113941 0.286355 0.0763454
vn -0.940658 -0.303083 -0.152653
v 0.0224238 0.31332 0.178774
vn -0.734708 -0.281689 -0.617135
v 0.049285 0.26168 0.246569
vn -0.744092 -0.614067 0.263151
v 0.114119 0.348201 0.137266
vn -0.334365 -0.0940288 -0.937741
v 0.0218711 0.414657 -0.136812
vn 0.659759 0.0586855 0.749183
v 0.0509844 0.440907 -0.199495
vn 0.856523 0.407453 0.31678
v 0.0529314 0.435928 -0.245803
vn 0.162807 0.733718 -0.65966
v 0.0328916 0.426566 -0.261182
vn -0.00767407 0.785028 -0.619413
v -0.0130851 0.390023 -0.206331
vn -0.382642 -0.875731 -0.294415
v -0.0111395 0.390146 -0.202113
vn -0.093283 -0.814731 -0.572287
v -0.0690929 0.347516 -0.102627
vn -0.326059 -0.156604 -0.932288
v -0.105353 0.336145 -0.0613194
vn -0.683894 -0.0391143 -0.728532
v -0.121444 0.311543 -0.0508457
vn -0.708424 0.0789609 -0.701356
v -0.126643 0.308414 -0.0376483
vn -0.870845 -0.484022 0.0857488
v -0.130098 0.307835 0.0189314
vn -0.947049 -0.317425 0.0483762
v -0.0654557 0.29272 0.14571
vn -0.161324 -0.18526 0.969357
v 0.00956269 0.313268 0.194686
vn -0.687253 -0.7242 -0.0567209
v 0.0251325 0.30491 0.179396
vn -0.719873 -0.655766 -0.227493
v 0.0613153 0.252321 0.259891
vn -0.546436 -0.566573 0.616768
v 0.0361413 0.422336 -0.1422
vn 0.957179 -0.288975 0.0173708
v 0.0645382 0.440255 -0.222827
vn 0.801125 0.598439 -0.00834633
v -0.0167511 0.397473 -0.227872
vn -0.9076 -0.254143 -0.334176
v -0.0358317 0.390777 -0.189951
vn -0.631272 -0.539104 -0.557551
v -0.0323451 0.390534 -0.158084
vn -0.115435 -0.860591 0.496043
v -0.030508 0.373275 -0.120013
vn -0.110653 -0.94536 -0.306677
v -0.0466334 0.376398 -0.103299
vn -0.0235584 -0.988213 -0.151264
v 0.00145373 0.312262 0.165798
vn 0.432019 -0.189063 0.881825
v 0.0186438 0.323788 0.167592
vn -0.0988246 -0.665781 0.739574
v 0.034227 0.286747 0.23719
vn -0.712013 -0.693564 -0.109572
v 0.0477294 0.279257 0.247209
vn -0.855535 -0.460283 0.237064
v 0.0751112 0.250406 0.259616
vn -0.192748 0.141975 0.970923
v 0.0279409 0.376188 -0.0978973
vn -0.774076 0.249364 -0.581914
v 0.0901544 0.342255 0.138278
vn 0.908281 -0.370052 0.195161
v 0.0887545 0.401533 -0.0314918
vn 0.841442 0.151099 0.518791
v 0.0955886 0.404 -0.0395953
vn 0.964772 0.229044 0.129434
v 0.0833828 0.417506 -0.0510407
vn 0.710579 0.417881 -0.566085
v 0.082445 0.401291 -0.0683415
vn 0.601109 0.422067 -0.678622
v 0.069301 0.390583 -0.0814835
vn 0.862646 0.272489 -0.426135
v 0.0621992 0.445539 -0.209189
vn 0.878051 0.447182 0.170454
v 0.0605054 0.443947 -0.233948
vn 0.461722 0.788581 -0.406144
v -0.055826 0.358663 -0.101714
vn -0.0922031 0.208551 -0.973655
v -0.0805968 0.33977 -0.0926712
vn -0.744317 -0.0816029 -0.662822
v -0.121241 0.316079 0.0386302
vn -0.793037 -0.271467 0.545342
v -0.0486306 0.285175 0.135614
vn 0.287803 -0.111472 0.95118
v 0.140171 0.329687 0.167529
vn 0.817978 -0.0657897 -0.571474
v 0.0845211 0.324328 0.151239
vn 0.79177 -0.610569 -0.0174901
v 0.0967136 0.344058 0.148159
vn 0.240165 -0.595109 -0.76692
v 0.0148719 0.387481 -0.10079
vn 0.343067 0.0635237 -0.93716
v 0.0909429 0.351291 0.117118
vn 0.923328 -0.264983 0.277937
v 0.0432166 0.413315 -0.102192
vn 0.717615 0.119279 -0.686149
v 0.00854164 0.38632 -0.114263
vn 0.717421 -0.590161 -0.370159
v 0.0457177 0.446213 -0.165809
vn 0.879786 0.0691124 0.470319
v 0.0407809 0.430344 -0.248218
vn 0.086664 0.701108 -0.707769
v -0.0412526 0.384454 -0.167962
vn -0.490338 -0.845517 0.211354
v -0.0342138 0.391724 -0.146893
vn -0.0849683 -0.988966 -0.121351
v -0.0114048 0.300812 0.181665
vn 0.513906 -0.18077 0.838584
v 0.0178699 0.317406 0.211169
vn -0.456456 -0.833438 0.311494
v 0.0265354 0.30261 0.218853
vn -0.786925 -0.494192 -0.369491
v 0.116608 0.277016 0.236758
vn 0.675614 -0.159635 0.719766
v 0.148378 0.313187 0.190223
vn 0.982491 -0.0411412 0.18171
v 0.102524 0.348749 0.129714
vn 0.888628 -0.402018 -0.220731
v 0.0867247 0.382196 -0.0196943
vn 0.892985 0.15933 0.420942
v 0.0108322 0.41558 -0.130127
vn 0.953447 0.232792 0.191694
v 0.0503837 0.447499 -0.185492
vn 0.932971 0.29064 0.21235
v -0.0192265 0.405172 -0.221013
vn -0.690366 -0.658486 -0.29965
v -0.0555658 0.377586 -0.134123
vn -0.213272 -0.261798 -0.941264
v -0.0507714 0.373644 -0.125959
vn -0.0989588 -0.826443 -0.554255
v -0.0888785 0.28819 0.109023
vn -0.825672 -0.525785 -0.20449
v -0.0842126 0.281669 0.124266
vn -0.805653 -0.53112 0.262364
v -0.0782792 0.290985 0.128384
vn -0.706904 -0.477615 0.5217
v 0.0243122 0.321981 0.174872
vn -0.704215 -0.621332 -0.343552
v 0.131648 0.278414 0.221399
vn 0.967056 -0.0672807 0.245511
v 0.0958102 0.357902 0.113007
vn 0.473994 -0.0922052 0.875687
v 0.120716 0.36016 0.0878826
vn 0.957165 0.252682 0.141374
v 0.0527815 0.402733 -0.0894626
vn 0.160938 0.370954 -0.914599
v 0.0480726 0.397901 -0.0971801
vn 0.773644 0.0708059 -0.629652
v 0.0245538 0.432797 -0.252718
vn 0.071243 0.55785 -0.826878
v -0.0158855 0.405475 -0.233557
vn -0.785188 -0.411686 -0.462596
v -0.0564241 0.361942 -0.121393
vn 0.0637246 -0.994142 0.0872963
v -0.060412 0.369194 -0.096064
vn -0.453549 -0.142794 -0.879718
v -0.111472 0.326233 -0.0545681
vn -0.557832 0.0190566 -0.829735
v -0.134441 0.326563 -0.00885477
vn -0.907741 -0.406247 -0.104736
v -0.0972117 0.294013 0.0930985
vn -0.650661 -0.51315 0.559748
v -0.0499875 0.293536 0.137467
vn -0.343278 -0.417077 0.84155
v -0.0198519 0.307778 0.162411
vn -0.699923 -0.449033 0.555407
v 0.131535 0.277788 0.233743
vn 0.702742 0.128213 0.699797
v 0.138232 0.287982 0.211485
vn 0.973679 -0.154134 0.167902
v 0.138475 0.302161 0.197088
vn 0.910934 -0.108881 0.397925
v 0.133451 0.340698 0.161921
vn 0.294578 -0.122526 -0.94774
v 0.11164 0.34229 0.144841
vn 0.874769 -0.339697 -0.345522
v 0.0511836 0.452232 -0.220416
vn 0.650473 0.642656 -0.404819
v -0.0261753 0.401368 -0.21289
vn -0.533088 -0.63454 -0.559622
v -0.108267 0.30026 0.0828895
vn -0.616344 -0.26428 0.741806
v 0.0253273 0.318861 0.214273
vn -0.892053 -0.40546 -0.199609
v 0.0518169 0.265632 0.260441
vn -0.752081 -0.469295 0.462749
v 0.072868 0.260762 0.258407
vn 0.285661 -0.17051 0.94304
v 0.112401 0.273563 0.247447
vn 0.715081 -0.18151 0.675066
v 0.00680216 0.401383 -0.110574
vn 0.78646 -0.452969 0.419881
v 0.0204236 0.42732 -0.132252
vn 0.844065 0.135737 0.518777
v 0.0404555 0.445341 -0.157429
vn 0.731298 -0.166989 0.6613
v -0.0426784 0.3906 -0.135394
vn -0.273625 -0.534302 -0.799781
v -0.116198 0.327772 0.0674307
vn -0.906453 -0.376997 -0.190308
v -0.0204194 0.299644 0.175542
vn -0.779679 -0.538594 0.319401
v 0.0173957 0.29791 0.248488
vn -0.772136 -0.621251 0.13362
v 0.0796607 0.263402 0.256337
vn 0.00216659 -0.625311 0.780372
v 0.14059 0.325489 0.174203
vn 0.936512 -0.0159707 -0.350272
v 0.110791 0.374048 0.110863
vn 0.713779 -0.0842327 0.695287
v 0.113516 0.366047 0.0967866
vn 0.992762 0.108171 -0.0521842
v 0.114491 0.371303 0.0610172
vn 0.724312 0.288767 0.626087
v 0.0356627 0.398653 -0.110174
vn -0.656189 0.260881 -0.708066
v 0.0307334 0.433381 -0.143781
vn 0.868985 -0.00550096 0.494807
v 0.050131 0.458026 -0.187278
vn 0.899444 0.373048 0.227674
v 0.000503534 0.426058 -0.247604
vn -0.348176 0.299942 -0.888149
v -0.0100173 0.413767 -0.238869
vn -0.886756 0.00836916 -0.462162
v -0.0518985 0.393522 -0.173197
vn -0.638046 -0.70802 -0.302663
v -0.0808611 0.350491 -0.0837284
vn -0.739704 -0.145951 -0.656914
v -0.129558 0.3123 -0.0258567
vn -0.887249 -0.435227 -0.152863
v 0.00650746 0.325742 0.173881
vn 0.229998 -0.483826 0.844401
v 0.00371286 0.329803 0.213528
vn -0.364202 -0.869039 0.334856
v 0.0178623 0.307162 0.24048
vn -0.932264 -0.298053 -0.205057
v 0.0363643 0.289148 0.247904
vn -0.570138 -0.731258 0.374439
v 0.0633797 0.263428 0.265524
vn -0.184897 -0.435419 0.881036
v 0.119421 0.349161 0.147225
vn 0.232523 -0.256192 -0.938242
v 0.11626 0.373488 0.106005
vn 0.929455 -0.0460902 0.366045
v 0.0551278 0.455203 -0.205142
vn 0.899886 0.34444 0.267518
v 0.0409602 0.453769 -0.227879
vn 0.447583 0.708313 -0.545859
v -0.0359377 0.404534 -0.201553
vn -0.630313 -0.547967 -0.549943
v -0.0492757 0.3931 -0.164363
vn -0.51758 -0.809522 0.2771
v -0.0660165 0.365906 -0.0960652
vn -0.42128 0.534792 -0.732476
v -0.0774994 0.357119 -0.09462
vn -0.55234 0.365701 -0.749122
v -0.0948201 0.342003 -0.071243
vn -0.578941 -0.410865 -0.704285
v -0.128247 0.320293 -0.0454809
vn -0.553733 -0.260045 -0.791047
v -0.0558191 0.306128 0.148063
vn -0.601123 -0.521 0.605978
v 0.00875052 0.319648 0.204427
vn -0.260357 -0.838789 0.478172
v 0.0473951 0.280539 0.262312
vn -0.606705 -0.647551 0.461071
v 0.101438 0.267958 0.250392
vn 0.490707 -0.169235 0.854732
v 0.126916 0.287797 0.223204
vn 0.914387 -0.0242886 0.404113
v 0.125388 0.343262 0.161738
vn 0.632627 -0.217804 -0.743198
v 0.11102 0.375205 0.0752416
vn 0.925543 0.348868 0.147178
v 0.0352475 0.455776 -0.234373
vn 0.282738 0.538553 -0.793738
v -0.0109814 0.423395 -0.252649
vn -0.614245 0.253612 -0.747251
v -0.0459087 0.397883 -0.18722
vn -0.552683 -0.588821 -0.589772
v -0.0682196 0.372943 -0.121734
vn -0.643119 -0.621555 -0.44729
v -0.114194 0.307837 0.0526847
vn -0.930496 -0.297973 0.213049
v -0.111993 0.310317 0.0732209
vn -0.750455 -0.183513 -0.634933
v 0.00582251 0.40342 -0.103126
vn 0.691543 -0.290476 -0.661356
v 0.132894 0.377632 0.0470447
vn 0.819696 0.5687 -0.0683962
v 0.0895796 0.422656 -0.0412745
vn 0.897974 0.400566 -0.18218
v 0.0549731 0.460053 -0.213845
vn 0.751985 0.614652 -0.238163
v 0.00703165 0.436949 -0.24997
vn -0.356587 0.351529 -0.865605
v -0.0623845 0.390952 -0.128222
vn -0.366829 -0.0349434 -0.929632
v -0.0728834 0.375069 -0.0941495
vn -0.404815 -0.911472 0.0731033
v -0.0912159 0.299917 0.104548
vn -0.749961 -0.569355 0.336739
v -0.0434924 0.312828 0.157913
vn -0.308315 -0.487462 0.816898
v -0.0373905 0.324638 0.171828
vn -0.653075 -0.53244 0.538517
v 0.0350082 0.288301 0.256035
vn -0.782921 -0.619221 0.0600005
v 0.133651 0.300594 0.217112
vn 0.95382 0.017702 0.299856
v 0.144073 0.335245 0.180054
vn 0.967401 -0.0478728 -0.248684
v 0.119009 0.350576 0.15067
vn 0.982929 -0.106546 -0.149993
v 0.127142 0.387686 0.065425
vn 0.775081 0.15844 0.611674
v 0.124599 0.379292 0.0305557
vn 0.800225 0.540326 -0.260169
v 0.0295957 0.446285 -0.148144
vn 0.534937 0.293718 0.792195
v -0.0243324 0.412564 -0.23332
vn -0.717617 -0.20024 -0.66703
v -0.0527145 0.397537 -0.147477
vn -0.384046 -0.922958 -0.0256369
v -0.0566771 0.396587 -0.138039
vn -0.419241 -0.798822 -0.431417
v 0.07197 0.266353 0.267712
vn -0.125262 -0.712972 0.689914
v 0.105404 0.35161 0.135465
vn 0.625048 -0.602215 -0.49664
v 0.0818174 0.380634 -0.00258616
vn 0.74546 0.351242 -0.566497
v 0.0621119 0.407675 -0.088633
vn 0.0489616 0.401281 -0.914645
v 0.0173961 0.42165 -0.124274
vn 0.934876 -0.263275 -0.238105
v 0.0192337 0.413132 -0.114204
vn 0.912279 -0.0349841 0.408072
v -0.0717891 0.376048 -0.109988
vn -0.707029 -0.663102 -0.245778
v -0.104682 0.315587 0.107674
vn -0.485153 -0.566467 0.66614
v -0.0728825 0.293185 0.141241
vn -0.574955 -0.41523 0.704989
v -0.0630246 0.307262 0.143519
vn 0.0054953 -0.282511 0.959248
v -0.0366563 0.326984 0.186285
vn -0.610046 -0.586717 0.532548
v 0.00453363 0.326175 0.200028
vn -0.784484 -0.40404 -0.470464
v 0.0837988 0.268663 0.274642
vn 0.378128 -0.306535 0.873531
v 0.100434 0.362577 0.121332
vn 0.819624 -0.281004 -0.499253
v 0.0595824 0.419684 -0.0837989
vn 0.352027 0.353796 -0.866548
v 0.0503704 0.417451 -0.0935141
vn 0.761979 0.280307 -0.583795
v 0.0175136 0.407643 -0.0959229
vn 0.623001 0.0274403 -0.78174
v 0.0249672 0.395207 -0.0948446
vn -0.354503 0.134504 -0.925331
v 0.0172058 0.419728 -0.0991438
vn 0.919615 -0.148495 -0.363673
v 0.0903772 0.272279 0.25916
vn 0.686515 -0.165164 0.708108
v 0.127415 0.286851 0.244744
vn 0.8103 -0.140184 0.569001
v 0.120335 0.352875 0.142886
vn 0.976411 -0.148623 -0.156629
v 0.111765 0.353504 0.140755
vn 0.177643 -0.524288 -0.832806
v 0.0902287 0.394833 0.00349468
vn 0.704768 0.315728 -0.63531
v 0.0792177 0.388749 -0.0131655
vn 0.953753 0.290696 -0.0764929
v 0.0270316 0.407741 -0.0932593
vn -0.582066 0.144883 -0.80013
v 0.020369 0.428267 -0.119281
vn 0.976846 -0.0209286 0.212917
v 0.0430161 0.46415 -0.163409
vn 0.823544 0.426087 0.374468
v -0.0263979 0.416528 -0.225948
vn -0.719613 -0.350812 -0.59924
v -0.0923363 0.309052 0.119419
vn -0.868173 -0.482341 0.116718
v -0.0147536 0.323434 0.179596
vn 0.289873 -0.190471 0.93792
v -0.00706972 0.327741 0.210234
vn -0.806611 -0.477153 -0.348861
v 0.023754 0.312076 0.259982
vn -0.803231 -0.519712 0.291066
v 0.059158 0.287162 0.269972
vn -0.362083 -0.400551 0.841697
v 0.0651789 0.281244 0.272145
vn -0.214836 -0.246283 0.945087
v 0.110794 0.281217 0.250655
vn 0.523833 -0.125309 0.842553
v 0.133537 0.320075 0.202473
vn 0.904758 -0.0559763 0.422233
v 0.146039 0.332526 0.195535
vn 0.89326 0.0578493 0.445803
v 0.117819 0.385379 0.043097
vn 0.79774 0.498561 -0.339186
v 0.0249278 0.453201 -0.236691
vn 0.340084 0.438194 -0.832063
v 0.0127541 0.448765 -0.24734
vn -0.0606322 0.458125 -0.886818
v -0.0384018 0.410937 -0.208681
vn -0.703746 -0.377481 -0.601872
v -0.0723875 0.383175 -0.130818
vn -0.713659 -0.157046 -0.682662
v -0.0772398 0.373795 -0.0750261
vn -0.292113 0.149841 -0.944573
v -0.133879 0.324163 -0.0375109
vn -0.927489 -0.32775 -0.179846
v -0.0194748 0.309597 0.184938
vn 0.0761617 -0.0570138 0.995464
v 0.0640491 0.427392 -0.0701692
vn 0.939609 0.263402 -0.218529
v 0.0655606 0.422872 -0.0839977
vn 0.889042 0.244054 -0.387352
v 0.020175 0.414301 -0.113584
vn 0.876132 -0.342197 -0.339551
v 0.0472676 0.469717 -0.200106
vn 0.737715 0.627594 0.248802
v 0.0407379 0.470289 -0.206952
vn 0.523646 0.793972 -0.308873
v -0.0136844 0.426248 -0.235878
vn -0.617103 -0.00756287 -0.786846
v -0.121792 0.334665 -0.0528941
vn -0.242075 -0.291005 -0.925589
v -0.0104596 0.335873 0.223467
vn -0.413437 -0.78967 0.453311
v 0.0879462 0.283776 0.263632
vn 0.55474 -0.0297051 0.831494
v 0.124233 0.398103 0.0609526
vn 0.920895 0.360941 -0.147221
v 0.0389854 0.42379 -0.101425
vn -0.2401 0.266448 -0.933465
v 0.0166477 0.435574 -0.126271
vn 0.923703 -0.0264295 0.382197
v 0.0448394 0.462701 -0.221174
vn 0.48241 0.701729 -0.524269
v -0.00220234 0.440305 -0.240257
vn -0.389705 0.316004 -0.865027
v 0.0157673 0.329592 0.228542
vn -0.741978 -0.638263 -0.205155
v 0.0348462 0.291105 0.268904
vn -0.418791 -0.545338 0.7261
v 0.127656 0.300715 0.228504
vn 0.916182 0.0145024 0.4005
v 0.135284 0.31931 0.220088
vn 0.878386 0.147816 0.454519
v 0.142257 0.361776 0.157059
vn 0.583637 -0.175072 -0.792917
v 0.116755 0.359478 0.136052
vn 0.376515 0.0104238 -0.926352
v 0.103476 0.364356 0.132673
vn 0.93084 -0.103472 -0.350471
v 0.00956299 0.417294 -0.109929
vn 0.939977 -0.309515 0.143677
v 0.0391864 0.465021 -0.187429
vn 0.647285 0.738825 0.187509
v 0.0342919 0.462936 -0.227964
vn 0.580483 0.663258 -0.472364
v -0.0634468 0.402633 -0.169188
vn -0.751793 -0.648345 -0.120233
v -0.0947118 0.361749 -0.0838751
vn -0.365882 -0.143886 -0.919471
v -0.0783899 0.308242 0.145935
vn -0.494655 -0.469782 0.731178
v -0.000915521 0.337307 0.184335
vn 0.065766 -0.623463 0.779082
v 0.00843663 0.334411 0.179056
vn -0.157637 -0.83819 0.522099
v 0.0126962 0.32988 0.18011
vn -0.77412 -0.52232 -0.357659
v 0.122946 0.300216 0.238438
vn 0.742224 0.164337 0.64969
v 0.141969 0.354442 0.166889
vn 0.935198 -0.113312 -0.335507
v 0.110031 0.36575 0.140024
vn 0.432595 0.0716587 -0.898736
v 0.0827538 0.406859 -0.0183561
vn 0.800026 0.13652 0.584227
v 0.0117206 0.4548 -0.143465
vn 0.924156 0.105081 0.367278
v -0.0454269 0.417972 -0.204604
vn -0.619781 -0.435133 -0.653093
v -0.0546559 0.404811 -0.186568
vn -0.803436 -0.281849 -0.524454
v -0.0577125 0.403534 -0.156923
vn -0.677341 -0.735603 -0.00987909
v -0.122497 0.345381 0.063518
vn -0.988734 -0.149137 0.0127487
v -0.0608033 0.312107 0.152828
vn -0.408241 -0.72421 0.555751
v 0.0757664 0.284397 0.26962
vn 0.400251 0.0813311 0.912789
v 0.132967 0.367648 0.157348
vn 0.246586 -0.0848153 -0.965402
v 0.0478612 0.448893 -0.0789028
vn 0.3401 0.411935 -0.845365
v -0.0214523 0.43304 -0.237417
vn -0.503493 -0.283918 -0.816018
v -0.0339453 0.427971 -0.218582
vn -0.73089 -0.174382 -0.659842
v -0.0615556 0.397487 -0.137411
vn -0.646318 -0.738793 -0.190939
v -0.118775 0.348102 -0.0567017
vn -0.395706 -0.222064 -0.891126
v -0.122283 0.315821 0.0817149
vn -0.933764 -0.302682 0.190967
v 0.107088 0.289967 0.246722
vn 0.560831 -0.0873935 0.823305
v 0.116752 0.371531 0.142062
vn 0.450854 -0.0985299 -0.887143
v 0.102466 0.369863 0.118261
vn 0.50727 -0.367182 0.77965
v 0.12004 0.395461 0.0531596
vn 0.788365 0.454778 -0.414315
v 0.0242233 0.425751 -0.0930305
vn 0.688231 0.0116461 -0.725398
v 0.0198345 0.429751 -0.11383
vn 0.984935 -0.150684 0.0848389
v 0.0208275 0.44581 -0.124842
vn 0.981783 0.160105 -0.102311
v -0.07258 0.388725 -0.116161
vn -0.65418 -0.493619 -0.573052
v -0.140618 0.331257 -0.0217759
vn -0.903999 -0.406162 -0.133485
v -0.0975895 0.307459 0.132174
vn -0.767773 -0.440849 0.464948
v 0.0232407 0.308578 0.268745
vn -0.685616 -0.462552 0.562118
v 0.0480211 0.29728 0.272392
vn -0.213945 -0.457923 0.862864
v 0.10189 0.382633 0.120698
vn 0.877351 -0.127877 0.462495
v 0.106098 0.39049 0.0912154
vn 0.908566 0.257351 -0.329056
v 0.0233915 0.477366 -0.212574
vn 0.456522 0.821549 -0.341534
v 0.02457 0.463121 -0.238492
vn 0.0453796 0.560661 -0.826801
v -0.137568 0.339359 -0.0518699
vn -0.66782 -0.209131 -0.714339
v -0.119595 0.325784 0.0877106
vn -0.831553 -0.50366 0.234193
v -0.115445 0.31544 0.100102
vn -0.732173 -0.569867 0.373062
v -0.0649602 0.317297 0.148673
vn -0.268061 -0.692931 0.669321
v -0.031996 0.334469 0.181422
vn 0.295415 -0.0726572 0.952602
v 0.00191489 0.339556 0.192398
vn -0.730791 -0.567535 -0.379274
v 0.0328722 0.304251 0.271775
vn -0.531046 -0.549297 0.645184
v 0.11164 0.298089 0.256294
vn 0.564811 -0.384191 0.730332
v 0.123472 0.31 0.232143
vn 0.757298 0.288273 0.586002
v 0.113072 0.373589 0.140409
vn 0.994533 -0.0917862 -0.0497873
v 0.11448 0.393972 0.0341934
vn 0.861871 0.422053 -0.281158
v 0.0286919 0.458908 -0.150314
vn 0.632288 -0.143815 0.761268
v -0.00396362 0.450351 -0.237965
vn -0.108422 0.453565 -0.884604
v -0.0655526 0.411962 -0.156135
vn -0.746922 -0.664573 0.0212312
v -0.0846502 0.382322 -0.105737
vn -0.353916 -0.879345 -0.318585
v -0.0780174 0.383231 -0.0838483
vn -0.526551 -0.83776 -0.144578
v -0.126983 0.375368 -0.0728246
vn -0.596372 -0.41199 -0.688915
v -0.139735 0.346491 0.0192261
vn -0.895586 -0.320726 0.308319
v 0.0037902 0.332287 0.226451
vn -0.502491 -0.845801 0.179231
v 0.00160172 0.335537 0.234668
vn -0.766498 -0.56989 0.296154
v 0.0078219 0.321522 0.250496
vn -0.875529 -0.475353 0.0865391
v 0.0654123 0.289416 0.277549
vn 0.0254778 -0.261847 0.964773
v 0.108611 0.410694 0.113912
vn 0.66313 -0.126261 0.737778
v 0.106171 0.382718 0.0809134
vn 0.893324 0.440779 -0.0876678
v 0.105246 0.389527 0.0685087
vn 0.711264 -0.0512292 0.701056
v 0.0915566 0.410597 -0.0315995
vn 0.683561 0.0960429 0.723547
v 0.0461101 0.424918 -0.0979257
vn 0.739565 0.496116 -0.454877
v 0.017959 0.439357 -0.121035
vn 0.855859 0.351914 -0.379028
v -0.0152954 0.444813 -0.242639
vn -0.345056 0.0211205 -0.938344
v -0.0663597 0.418346 -0.179232
vn -0.646357 -0.253373 -0.719739
v -0.0758662 0.399191 -0.122678
vn -0.566588 -0.216141 -0.795148
v -0.0831606 0.383429 -0.0917407
vn -0.412552 -0.896371 0.162232
v 0.10778 0.304426 0.258719
vn 0.748505 0.0490056 0.661316
v 0.119117 0.369388 0.150659
vn 0.479738 0.00476111 -0.877399
v 0.0176873 0.441166 -0.104238
vn 0.999974 -0.0067155 -0.00245223
v 0.0302272 0.473244 -0.168474
vn 0.614063 0.786942 0.0603959
v -0.0323369 0.440687 -0.229393
vn -0.831233 -0.134715 -0.539354
v -0.0108805 0.337887 0.220287
vn -0.978101 -0.178805 -0.106524
v 0.0754183 0.298938 0.272255
vn 0.498047 -0.0748692 0.863912
v 0.135219 0.33986 0.206036
vn 0.823386 0.136758 0.550757
v 0.14646 0.356901 0.180547
vn 0.987098 0.0559646 0.150018
v 0.105017 0.383718 0.119751
vn 0.84622 -0.135433 -0.515334
v 0.0665392 0.429284 -0.0618821
vn 0.675383 0.359609 -0.643847
v -0.0642148 0.405104 -0.13302
vn -0.564162 -0.516998 -0.643765
v -0.058771 0.320047 0.166245
vn -0.254255 -0.539661 0.802571
v 0.0938797 0.30241 0.259786
vn 0.377974 -0.115503 0.918583
v 0.125983 0.36975 0.150116
vn 0.643365 -0.0533061 -0.763702
v 0.111614 0.386497 0.0948241
vn 0.750801 0.253749 -0.609843
v 0.110546 0.428227 0.0647233
vn 0.759937 0.40562 -0.507905
v 0.017702 0.443344 -0.116676
vn 0.761773 0.257042 -0.59467
v 0.0210044 0.477696 -0.225361
vn 0.397957 0.723163 -0.564504
v 0.00724118 0.471946 -0.227955
vn -0.00197538 0.418504 -0.908213
v -0.052065 0.430672 -0.204852
vn -0.872017 -0.280868 -0.400873
v -0.0491528 0.428806 -0.184828
vn -0.783029 -0.263247 -0.56353
v -0.137302 0.337671 -0.0385157
vn -0.953009 -0.26555 0.145795
v 0.139508 0.361671 0.191953
vn 0.850307 0.161935 0.500755
v 0.108796 0.392736 0.0774212
vn 0.848488 0.113211 0.516964
v 0.0575494 0.446137 -0.0759641
vn 0.656502 0.421131 -0.625823
v 0.0411709 0.440304 -0.0925783
vn 0.371359 0.57737 -0.727142
v 0.0189803 0.432704 -0.10638
vn 0.951487 0.000763819 -0.307686
v 0.0256109 0.474835 -0.146507
vn 0.727393 0.611786 0.310833
v 0.0222582 0.479841 -0.175585
vn 0.732902 0.606949 0.307354
v 0.0292602 0.484071 -0.193813
vn 0.628967 0.77554 -0.0541982
v -0.0842686 0.403608 -0.122722
vn -0.544867 -0.46566 -0.697338
v -0.0911212 0.389936 -0.116702
vn -0.53647 -0.299784 -0.788879
v -0.112791 0.374085 -0.0812088
vn -0.159099 0.177778 -0.971124
v -0.121669 0.324543 0.0769952
vn -0.925132 -0.378665 0.0272507
v -0.10835 0.327649 0.113589
vn -0.792306 -0.513208 0.329952
v -0.0282566 0.348021 0.188631
vn -0.122665 -0.544211 0.829932
v -0.00607154 0.33581 0.230895
vn -0.349414 -0.732506 0.584247
v 0.141578 0.377318 0.159817
vn 0.843714 0.202723 -0.497042
v 0.106456 0.383131 0.134359
vn 0.595805 -0.516014 -0.615423
v 0.113527 0.402203 0.0678718
vn 0.217097 -0.116868 0.969129
v 0.080493 0.413539 0.00470266
vn 0.753041 0.385121 -0.533489
v 0.0682068 0.416227 -0.0122362
vn 0.931963 0.197942 0.303751
v -0.032146 0.443315 -0.215615
vn -0.761433 -0.0453709 -0.646654
v -0.0489016 0.437757 -0.212568
vn -0.588998 0.106814 -0.801045
v -0.0775166 0.418558 -0.159233
vn -0.727915 -0.685467 0.0165822
v -0.0981439 0.384882 -0.10417
vn -0.76825 -0.602762 -0.21557
v -0.131951 0.366405 -0.0545934
vn -0.620125 -0.374529 -0.689328
v -0.134356 0.337636 -0.0340104
vn -0.886413 -0.319808 -0.334656
v -0.0811053 0.323764 0.155917
vn -0.368557 -0.514997 0.773915
v 0.145156 0.366761 0.174428
vn 0.966155 0.130867 -0.222302
v 0.0673267 0.449231 -0.0220417
vn 0.764407 0.170055 0.621903
v 0.0330687 0.439166 -0.0874789
vn 0.970316 0.231878 0.0687017
v -0.0723086 0.40541 -0.132318
vn -0.608174 -0.311778 -0.730013
v -0.0684408 0.409728 -0.133365
vn -0.826521 -0.488325 -0.280003
v -0.0934323 0.329312 0.135433
vn -0.703868 -0.318439 0.634954
v -0.090557 0.33084 0.149513
vn -0.789285 -0.427547 0.440719
v 0.0623072 0.304818 0.277691
vn 0.0390436 0.0736598 0.996519
v 0.0169812 0.325055 0.279525
vn -0.447407 -0.269277 0.852829
v 0.121939 0.378657 0.137548
vn 0.724507 -0.544828 -0.422198
v 0.103094 0.424085 0.0317948
vn 0.762397 0.481041 -0.43284
v 0.0215488 0.450321 -0.0978228
vn 0.845516 -0.0130769 -0.53379
v 0.0131144 0.479318 -0.124827
vn 0.895015 0.205488 0.395883
v -0.0110406 0.467596 -0.233047
vn 0.254839 0.327737 -0.90975
v -0.133856 0.348929 0.0438195
vn -0.848324 -0.326364 0.416934
v -0.0530696 0.359557 0.184098
vn -0.466347 -0.507659 0.724433
v 0.113357 0.320585 0.249479
vn 0.697035 0.48467 0.528428
v 0.130552 0.381898 0.158982
vn 0.49977 0.129068 -0.856488
v 0.0380404 0.448158 -0.0759147
vn 0.495251 0.488048 -0.718704
v 0.0171042 0.45532 -0.120288
vn 0.945347 0.136987 0.295894
v -0.149601 0.342678 -0.00761023
vn -0.918046 -0.395903 -0.0212875
v -0.134597 0.335819 0.0731463
vn -0.94263 -0.20691 -0.261987
v -0.07516 0.328519 0.162056
vn -0.396234 -0.574477 0.716223
v 0.0368219 0.316346 0.273333
vn 0.0013176 0.00310819 0.999994
v 0.0411785 0.308448 0.282052
vn -0.10311 0.124038 0.986906
v 0.10532 0.314431 0.261821
vn 0.483618 0.293713 0.824528
v 0.120817 0.380425 0.149001
vn 0.994181 -0.0222441 -0.105401
v 0.032661 0.438507 -0.0990682
vn -0.553353 0.25685 -0.792356
v 0.00907655 0.455145 -0.114544
vn 0.852564 0.420848 -0.309873
v -0.0213157 0.4634 -0.240498
vn -0.373852 0.352286 -0.85798
v -0.0866041 0.404069 -0.117546
vn -0.610631 -0.461358 -0.643644
v -0.104387 0.333529 0.127006
vn -0.774299 -0.38858 0.499466
v -0.0163084 0.344072 0.194764
vn -0.289949 -0.736521 0.611119
v -0.00267989 0.346372 0.192782
vn -0.669932 -0.737781 -0.082887
v 0.12365 0.340665 0.217623
vn 0.64854 0.264107 0.713893
v 0.123958 0.391188 0.153165
vn 0.415406 0.22396 -0.881635
v 0.0808134 0.437641 -0.0304047
vn 0.873906 0.385953 0.295512
v 0.0262478 0.439895 -0.0873092
vn -0.0336897 0.395436 -0.917876
v -0.00730668 0.478133 -0.230012
vn 0.132468 0.468947 -0.873236
v -0.0368034 0.451773 -0.224445
vn -0.821349 -0.0926911 -0.562844
v -0.0783268 0.417722 -0.126652
vn -0.664683 -0.269097 -0.696981
v -0.142739 0.340848 0.00761033
vn -0.916847 -0.342556 0.205055
v -0.126912 0.346082 0.0529052
vn -0.8691 -0.319713 0.377425
v -0.0124024 0.348175 0.234757
vn -0.578845 -0.55468 0.597719
v 0.0128938 0.331951 0.272727
vn -0.838272 -0.366154 0.404018
v 0.0103778 0.336329 0.25531
vn -0.92194 -0.34432 0.177397
v 0.111263 0.339324 0.226909
vn 0.775991 0.258995 0.575117
v 0.135023 0.369927 0.199977
vn 0.66566 0.225171 0.711474
v 0.108714 0.402393 0.114897
vn 0.813723 -0.0549571 0.578649
v 0.0934819 0.397197 0.0848778
vn 0.992107 0.113052 -0.0542415
v 0.0805239 0.438339 -0.0417951
vn 0.902964 0.350049 -0.24924
v 0.0240142 0.445408 -0.091991
vn 0.923052 0.0551869 -0.380697
v 0.00511211 0.485955 -0.224808
vn 0.290172 0.831572 -0.47359
v -0.0925824 0.403823 -0.104666
vn -0.792081 -0.12451 -0.597582
v -0.0985112 0.385254 -0.0832402
vn -0.307706 -0.266118 -0.913509
v 0.00111505 0.345086 0.232717
vn -0.652277 -0.547778 0.523902
v 0.053085 0.314424 0.268168
vn -0.0646887 0.0316384 0.997404
v 0.0671534 0.316659 0.277633
vn 0.196231 0.0452076 0.979515
v 0.0840563 0.329697 0.2703
vn 0.496658 0.0768876 0.864534
v 0.122198 0.393158 0.139406
vn 0.967734 0.00777382 0.251854
v 0.121894 0.38624 0.133369
vn 0.5877 -0.108407 -0.801783
v 0.0874588 0.435045 0.0259605
vn 0.636759 0.475599 -0.606913
v 0.0696569 0.451581 -0.0528115
vn 0.667415 0.320366 -0.672252
v 0.0135605 0.482163 -0.10414
vn 0.386709 0.360746 -0.848716
v 0.0197979 0.454573 -0.109526
vn 0.991485 0.107491 -0.0735045
v -0.0778121 0.42673 -0.165474
vn -0.745088 -0.259579 -0.61438
v -0.062379 0.336754 0.166799
vn -0.112142 -0.472649 0.874086
v -0.037477 0.352401 0.192874
vn 0.185378 -0.681287 0.708154
v -0.0166505 0.351876 0.195688
vn -0.354609 -0.78644 0.505731
v -0.0112326 0.350991 0.207029
vn -0.908898 -0.403473 -0.105421
v 0.145323 0.373504 0.181592
vn 0.915079 0.264587 0.304341
v 0.0727014 0.421435 -0.0163865
vn 0.889245 0.255775 0.37924
v 0.0178983 0.49454 -0.189933
vn 0.399358 0.913112 -0.0820921
v -0.0380112 0.468422 -0.220956
vn -0.709893 0.183881 -0.679882
v -0.0799727 0.427436 -0.135646
vn -0.74298 -0.667279 -0.0521409
v -0.123531 0.331895 0.10267
vn -0.943345 -0.172119 0.28368
v 0.0248561 0.329796 0.272581
vn 0.467084 0.0434388 0.883146
v 0.0966367 0.322041 0.252115
vn 0.658742 0.493318 0.568064
v 0.0719079 0.44692 0.0241626
vn 0.461033 0.632806 -0.622098
v 0.0543012 0.448595 -0.0726805
vn 0.441601 0.432944 -0.785842
v 0.0125582 0.482232 -0.148807
vn 0.615391 0.763842 0.194521
v 0.00215257 0.491278 -0.201843
vn 0.213677 0.949598 -0.229358
v -0.0159935 0.476023 -0.22952
vn -0.350511 0.287101 -0.891468
v -0.0438334 0.456958 -0.208811
vn -0.7208 -0.0262337 -0.692647
v 0.136067 0.384559 0.192306
vn 0.793457 0.277682 0.541589
v 0.133988 0.39876 0.167193
vn 0.957432 0.275667 -0.0856227
v 0.0731524 0.418363 -0.00144232
vn 0.846278 0.31006 -0.433216
v 0.0543991 0.468261 -0.0542716
vn 0.75926 0.318961 -0.567264
v -0.0591556 0.453015 -0.19478
vn -0.730113 0.0272947 -0.682781
v -0.0697761 0.446386 -0.18498
vn -0.710439 -0.295777 -0.638587
v -0.142194 0.353084 -0.0391903
vn -0.928112 -0.231065 -0.291921
v -0.126473 0.345848 0.0901259
vn -0.977996 -0.0969077 0.184751
v -0.111979 0.334714 0.114349
vn -0.71852 -0.396904 0.571136
v 0.000245113 0.345435 0.246375
vn -0.871292 -0.475693 0.120691
v 0.0538855 0.337995 0.281984
vn 0.0535498 0.145365 0.987928
v 0.0628929 0.447241 -0.0659556
vn 0.883278 0.375655 -0.280543
v 0.00959201 0.484311 -0.137584
vn 0.553707 0.826893 0.0982661
v -0.0163035 0.356347 0.235442
vn -0.804026 -0.593904 -0.0286471
v 0.0387868 0.330595 0.272013
vn -0.345145 0.161732 0.924509
v 0.0994939 0.333651 0.255031
vn 0.875886 0.0053558 0.482489
v 0.131144 0.411653 0.162279
vn 0.573588 0.235523 -0.784555
v -0.107703 0.411167 -0.0946785
vn -0.628721 -0.184047 -0.755537
v -0.0777704 0.375495 0.198308
vn -0.463345 -0.513774 0.722044
v 0.114408 0.411625 0.110241
vn 0.921473 0.170092 -0.349224
v 0.099795 0.427216 0.0436626
vn 0.853193 0.382045 -0.355111
v 0.0167097 0.465756 -0.103225
vn 0.944794 0.0913129 -0.314684
v -0.0103082 0.490666 -0.21564
vn 0.0189077 0.944251 -0.328684
v -0.0144957 0.486963 -0.22773
vn 0.132208 0.855346 -0.500903
v -0.0935872 0.416844 -0.118524
vn -0.283912 -0.0903673 -0.954583
v -0.121837 0.386936 -0.0662532
vn -0.399711 0.102192 -0.910927
v -0.153449 0.355264 -0.0166073
vn -0.949554 -0.256458 -0.180489
v -0.0867925 0.341061 0.157105
vn -0.657777 -0.449185 0.604617
v -0.00571194 0.351667 0.243559
vn -0.571216 -0.443783 0.690484
v 0.133582 0.409391 0.173671
vn 0.938302 0.345799 0.00367528
v 0.119966 0.404057 0.136014
vn 0.773772 -0.0486715 -0.631592
v 0.108869 0.399589 0.132357
vn 0.642817 0.0961934 -0.759956
v 0.104759 0.402801 0.122076
vn 0.962859 0.028593 -0.268488
v 0.111436 0.423445 0.0713146
vn 0.705445 0.151774 0.692323
v 0.105775 0.424914 0.0587051
vn 0.829652 0.343623 -0.440001
v 0.0191911 0.4819 -0.0973485
vn 0.901096 0.18643 -0.391496
v 4.47485e-05 0.476641 -0.107156
vn 0.886107 0.371804 -0.276724
v 0.00604725 0.478649 -0.113807
vn 0.694804 0.322983 0.642595
v 0.0139521 0.488687 -0.165258
vn 0.645795 0.731374 0.219181
v -0.0414756 0.479759 -0.214657
vn -0.684586 0.0338527 -0.728145
v -0.11044 0.402249 -0.0879768
vn -0.545707 -0.758273 -0.356687
v -0.148752 0.364361 -0.0292388
vn -0.87379 -0.293307 -0.387894
v 0.000156051 0.347465 0.266185
vn -0.883294 -0.121079 0.452915
v 0.106946 0.421254 0.0754781
vn 0.584985 -0.172312 0.792529
v 0.027395 0.451428 -0.0858735
vn -0.206493 0.125227 -0.970401
v -0.0265194 0.488381 -0.229078
vn -0.10181 0.475703 -0.873694
v -0.0908703 0.430463 -0.158565
vn -0.751499 -0.624045 -0.214049
v -0.0945208 0.443247 -0.138093
vn -0.628236 -0.767231 0.129137
v -0.110389 0.396847 -0.077327
vn -0.459038 -0.594701 -0.660011
v -0.0656477 0.356271 0.179264
vn 0.0360221 -0.649204 0.759761
v 0.083549 0.34333 0.261702
vn 0.421341 0.283856 0.861335
v 0.108569 0.405661 0.123628
vn 0.648414 -0.350272 -0.67592
v 0.0658231 0.439014 0.0210297
vn 0.604658 0.660045 -0.445792
v 0.0507832 0.459288 -0.0684456
vn 0.639259 0.460125 -0.616143
v 0.00046362 0.494433 -0.164284
vn 0.344839 0.936893 0.0576016
v -0.115969 0.346025 0.115067
vn -0.915564 -0.135686 0.378592
v -0.0482381 0.357966 0.198798
vn -0.753545 -0.463457 0.466238
v 0.0954137 0.344603 0.259677
vn 0.531854 0.342316 0.774565
v 0.11272 0.405443 0.157397
vn 0.951739 0.0842094 -0.29513
v 0.00471155 0.493141 -0.153397
vn 0.443299 0.881247 0.16398
v -0.102841 0.418214 -0.11732
vn -0.672262 -0.491989 -0.553182
v -0.136424 0.370819 -0.051274
vn -0.697087 -0.245265 -0.673732
v -0.14716 0.359612 0.0013641
vn -0.989537 -0.0610977 0.130706
v -0.151894 0.354165 0.0170993
vn -0.972431 -0.107837 0.206759
v -0.12059 0.349992 0.100874
vn -0.950383 -0.199431 0.238746
v -0.112202 0.346455 0.127416
vn -0.861685 -0.259172 0.436267
v -0.0258111 0.359967 0.208922
vn -0.076741 -0.729012 0.680186
v -0.0374845 0.357917 0.205507
vn -0.175685 -0.668217 0.722925
v 0.0364607 0.355611 0.266329
vn 0.158484 0.0756325 0.984461
v 0.0934248 0.352852 0.253635
vn 0.788135 0.22825 0.571616
v 0.105597 0.371491 0.231471
vn 0.809925 0.136128 0.570517
v 0.128794 0.402806 0.189116
vn 0.853923 0.272227 0.443519
v 0.105319 0.423048 0.078463
vn 0.811473 0.0210692 0.58401
v 0.0368254 0.458581 -0.0871487
vn 0.764157 0.0487255 -0.643187
v 0.0245649 0.461037 -0.0863691
vn 0.0296269 0.062979 -0.997575
v -0.0212284 0.489971 -0.204258
vn 0.239266 0.949584 -0.20259
v -0.0610512 0.464554 -0.19658
vn -0.651356 -0.109656 -0.750807
v -0.0889272 0.441468 -0.158544
vn -0.796011 -0.0539074 -0.602877
v -0.0822203 0.447742 -0.169385
vn -0.701729 -0.0282673 -0.711883
v -0.0910496 0.432504 -0.118743
vn -0.419525 -0.340675 -0.841391
v -0.0948563 0.343461 0.152594
vn -0.691952 -0.496451 0.524155
v -0.0988116 0.369335 0.17003
vn -0.796347 -0.299358 0.525563
v 0.0228351 0.348704 0.28066
vn 0.37976 -0.0311709 0.92456
v 0.109339 0.4255 0.0956961
vn 0.911476 0.0183519 -0.410944
v 0.0242782 0.473056 -0.0872835
vn 0.957299 0.278084 0.0790402
v -0.0100902 0.50069 -0.178903
vn 0.276189 0.95112 -0.138167
v -0.0665052 0.460654 -0.190349
vn -0.862132 0.00979303 -0.506588
v -0.0860881 0.429998 -0.127895
vn -0.709744 -0.639445 -0.295589
v -0.107354 0.413939 -0.102753
vn -0.731153 -0.627538 -0.267604
v -0.089285 0.364067 0.175046
vn -0.713705 -0.311612 0.627314
v -0.0122923 0.360478 0.21286
vn -0.871554 -0.489987 -0.0174882
v -0.0247956 0.361811 0.224488
vn -0.873247 -0.437031 -0.215509
v -0.0158884 0.362501 0.241549
vn -0.199193 -0.417711 0.886476
v 0.00273012 0.359478 0.252865
vn -0.90097 0.0321956 0.432685
v 0.0171112 0.348484 0.273768
vn -0.562669 0.041397 0.825645
v 0.102347 0.426505 0.108192
vn 0.931023 0.225683 -0.286817
v -0.0268714 0.500358 -0.178138
vn 0.122154 0.947797 -0.29455
v 0.118811 0.371358 0.209462
vn 0.741957 0.215351 0.63492
v 0.122998 0.416275 0.145763
vn 0.974527 -0.0114141 0.223982
v 0.0344092 0.467488 -0.0790061
vn 0.923277 0.232037 -0.306135
v -0.126217 0.39624 -0.0738698
vn -0.508126 -0.495613 -0.704397
v -0.132177 0.387734 -0.0675286
vn -0.68292 -0.245683 -0.687939
v -0.142248 0.364495 0.036036
vn -0.892135 -0.280654 0.354018
v -0.127026 0.36336 0.0647497
vn -0.913496 -0.335039 0.230812
v 0.121596 0.400658 0.198862
vn 0.715461 0.234037 0.658288
v 0.120634 0.419726 0.137515
vn 0.817408 0.288327 -0.498709
v 0.112331 0.418189 0.126039
vn 0.558491 0.32585 -0.76283
v -0.0360017 0.499268 -0.221875
vn -0.2174 0.850414 -0.479097
v -0.0416234 0.368728 0.21109
vn -0.501525 -0.448907 0.739564
v -0.0226037 0.372026 0.213051
vn -0.700529 -0.614897 0.362161
v 0.00749095 0.364859 0.262006
vn -0.839499 -0.150307 0.522158
v 0.0721462 0.352925 0.266573
vn 0.39722 0.361122 0.843687
v 0.0469899 0.463703 -0.0666843
vn 0.14392 0.39928 -0.905462
v 0.0338504 0.471799 -0.085993
vn 0.537579 0.498815 -0.679847
v -0.097473 0.462255 -0.156046
vn -0.845044 -0.213033 -0.490425
v -0.103037 0.44293 -0.145624
vn -0.818179 -0.317726 -0.479201
v -0.111721 0.435615 -0.118943
vn -0.240901 -0.21593 -0.946225
v -0.0581685 0.368448 0.191202
vn -0.07633 -0.720996 0.688723
v -0.00194834 0.48924 -0.120804
vn 0.812215 0.569454 0.126602
v -0.146826 0.38174 -0.0519098
vn -0.762638 -0.354449 -0.541063
v -0.145122 0.376754 -0.0402025
vn -0.894915 -0.314185 -0.316883
v -0.0301302 0.371927 0.211755
vn -0.0165565 -0.579302 0.814945
v -0.0259109 0.363331 0.243404
vn -0.794077 -0.444002 0.415094
v 0.111579 0.408687 0.211553
vn 0.844262 0.11674 0.523062
v 0.0974525 0.42965 0.0847758
vn 0.974394 -0.0581903 -0.217188
v 0.0658264 0.457787 -0.0290209
vn 0.831947 0.526088 0.176337
v 0.0745617 0.463472 -0.0366136
vn 0.84978 0.459756 0.257873
v 0.0191646 0.47717 -0.0859356
vn 0.820658 0.512724 -0.252258
v -0.104071 0.447653 -0.12722
vn -0.623415 -0.766354 -0.155098
v 0.0576471 0.360669 0.266475
vn 0.199145 0.298657 0.933352
v 0.117237 0.430328 0.117929
vn 0.887622 0.308291 0.342176
v 0.0607233 0.477442 -0.0472465
vn 0.684525 0.609481 -0.399949
v 0.0515128 0.472512 -0.0569061
vn 0.780162 0.544918 -0.307264
v 0.0355488 0.472506 -0.0671399
vn 0.744856 0.378296 -0.549619
v -0.00508662 0.494444 -0.141173
vn 0.70747 0.701115 -0.089015
v -0.072362 0.478819 -0.186923
vn -0.818243 0.167729 -0.54986
v -0.0743336 0.471821 -0.166604
vn -0.743913 -0.0418116 -0.666967
v -0.121001 0.410757 -0.0921297
vn -0.730295 -0.138537 -0.668937
v -0.0273916 0.382217 0.241286
vn -0.948587 -0.201957 0.243712
v 0.088289 0.369863 0.252146
vn 0.546153 0.275233 0.791179
v 0.100892 0.418972 0.122948
vn 0.887258 -0.0784115 0.45456
v 0.0704971 0.436919 0.00905301
vn 0.879395 0.462576 0.112644
v 0.0595372 0.455478 -0.00656095
vn 0.925588 0.277096 0.257887
v -0.113639 0.42489 -0.100473
vn -0.916556 -0.372277 -0.146065
v -0.113092 0.430107 -0.092961
vn -0.816295 -0.140739 -0.560228
v -0.137837 0.393617 -0.0631918
vn -0.64377 -0.157814 -0.748769
v -0.128924 0.376742 0.0873998
vn -0.947119 -0.29312 0.130564
v -0.00512768 0.369983 0.247712
vn -0.606111 -0.389664 0.693391
v 0.0104006 0.369244 0.271384
vn -0.632783 0.08396 0.769764
v 0.0204747 0.376012 0.276124
vn -0.292779 0.147523 0.944732
v 0.0479142 0.474213 -0.0671793
vn 0.393022 0.458213 -0.797229
v 0.0219292 0.478482 -0.0843915
vn 0.155023 0.433384 -0.887776
v 0.0148451 0.48747 -0.10044
vn 0.320023 0.397187 -0.860132
v -0.0403006 0.496737 -0.202096
vn 0.0808288 0.971115 -0.224505
v -0.0486704 0.491276 -0.205338
vn -0.793678 0.359082 -0.491055
v -0.139269 0.366602 0.0530944
vn -0.911204 -0.258071 0.321102
v 0.103001 0.387075 0.233055
vn 0.639772 0.357027 0.680605
v 0.118535 0.42992 0.159089
vn 0.972462 0.176233 -0.152514
v -0.0581395 0.480503 -0.190703
vn -0.654009 0.513819 -0.555215
v -0.154257 0.374487 -0.0167438
vn -0.995694 0.0408131 0.0832312
v -0.116037 0.365061 0.12692
vn -0.88146 -0.28858 0.373831
v -0.0195283 0.376238 0.250654
vn -0.515447 -0.299944 0.802713
v 0.102489 0.449895 0.0732105
vn 0.874235 0.400812 0.273978
v 0.0660732 0.45136 0.000806011
vn 0.905098 0.414461 0.0949744
v 0.00120601 0.488655 -0.100949
vn 0.382037 0.408605 -0.828909
v -0.0240966 0.501371 -0.150989
vn 0.539609 0.841617 -0.0224055
v -0.112721 0.432899 -0.113293
vn -0.918729 -0.327847 -0.220124
v -0.0485802 0.380899 0.210406
vn -0.790813 -0.308509 0.528618
v 0.116599 0.431352 0.146875
vn 0.97858 0.180383 -0.099212
v 0.102842 0.453297 0.067899
vn 0.885805 0.420039 -0.197272
v 0.0673388 0.462898 -0.0181994
vn 0.896255 0.435465 0.0842499
v -0.0264938 0.505275 -0.162754
vn 0.222446 0.9002 -0.374376
v -0.0947451 0.455827 -0.1416
vn -0.746527 -0.111381 -0.655966
v -0.124895 0.410127 -0.0746538
vn -0.84125 -0.0771273 -0.535117
v -0.035859 0.384079 0.227129
vn -0.506852 -0.686511 0.521349
v 0.0271904 0.371274 0.275008
vn 0.420459 0.00915758 0.907265
v 0.0794409 0.447525 0.0446168
vn 0.548452 0.551054 -0.628919
v 0.0183608 0.491098 -0.072778
vn 0.592999 0.554287 -0.584053
v -0.040524 0.504571 -0.183439
vn 0.306416 0.900897 -0.307399
v -0.156012 0.391096 -0.0378561
vn -0.990864 -0.084049 -0.105474
v -0.0288858 0.386742 0.234837
vn -0.576194 -0.780674 0.241968
v -0.0170617 0.384704 0.249198
vn -0.201553 -0.409242 0.889886
v 0.00841962 0.380029 0.267389
vn -0.515085 0.0441479 0.856001
v 0.122781 0.44112 0.176615
vn 0.925457 0.351112 -0.142302
v 0.10101 0.442932 0.0757622
vn 0.934975 0.259541 0.241786
v 0.0305203 0.493337 -0.0726761
vn 0.699646 0.56004 -0.443679
v -0.10642 0.444874 -0.121875
vn -0.365797 -0.336033 -0.867914
v -0.139333 0.383919 0.0422189
vn -0.978757 0.00928534 0.204811
v -0.138848 0.384607 0.0678865
vn -0.966456 -0.232316 0.10951
v -0.132834 0.385838 0.100803
vn -0.930023 -0.296838 0.216668
v -0.125203 0.375596 0.117891
vn -0.908177 -0.251956 0.334263
v 0.07037 0.375597 0.258472
vn 0.421777 0.134473 0.896672
v 0.126538 0.422224 0.166555
vn 0.808768 0.588091 -0.00658884
v 0.0966535 0.433769 0.127033
vn 0.915315 0.402591 0.0108647
v 0.102586 0.44712 0.088589
vn 0.965657 0.243249 -0.091301
v 0.060738 0.468596 -0.0305384
vn 0.743997 0.489151 0.455192
v -0.000287337 0.500959 -0.115596
vn 0.878258 0.466245 -0.106197
v -0.0119182 0.50838 -0.139614
vn 0.599493 0.660789 -0.451627
v -0.0983363 0.376049 0.157265
vn -0.88925 -0.274111 0.366193
v -0.0639033 0.381772 0.206152
vn 0.0789386 -0.557748 0.826248
v 0.0459654 0.381403 0.270323
vn 0.326636 0.0700916 0.942548
v 0.0519745 0.454371 0.0180502
vn 0.840423 0.499843 0.209395
v 0.0108098 0.498618 -0.0930245
vn 0.859626 0.509222 0.0416723
v -0.0130148 0.507762 -0.125896
vn 0.714918 0.663775 -0.219763
v -0.0601434 0.490924 -0.181498
vn -0.766255 0.492228 -0.412995
v -0.0725688 0.484555 -0.180026
vn -0.522468 0.353976 -0.775711
v -0.150711 0.399609 -0.0526997
vn -0.849176 0.0959118 -0.519327
v -0.00933652 0.385912 0.25973
vn -0.574707 -0.255249 0.777535
v 0.101107 0.399366 0.22244
vn 0.607593 0.170976 0.775627
v 0.115201 0.425364 0.199083
vn 0.826962 0.264984 0.495901
v 0.114815 0.451061 0.146813
vn 0.628256 0.438351 -0.642762
v 0.097415 0.447761 0.139431
vn 0.715306 0.508746 -0.479077
v 0.106044 0.448214 0.102917
vn 0.967898 0.245828 0.0523545
v -0.128061 0.429015 -0.0756953
vn -0.731761 -0.107811 -0.672981
v -0.145777 0.385083 0.020353
vn -0.97331 -0.0724292 0.217767
v 0.0837043 0.386826 0.250296
vn 0.538061 0.275475 0.79662
v 0.116917 0.431312 0.170607
vn 0.831398 0.430919 -0.350836
v -0.00525537 0.504653 -0.102753
vn 0.924075 0.381792 0.0178857
v -0.0449414 0.510471 -0.167347
vn 0.0473911 0.975067 -0.216793
v -0.0508916 0.507088 -0.183159
vn -0.556723 0.760955 -0.333177
v -0.0927143 0.483018 -0.164814
vn -0.598645 -0.11964 -0.79203
v -0.148308 0.392178 -0.026267
vn -0.948515 0.191756 0.252088
v -0.0746654 0.384133 0.190207
vn -0.729073 -0.288143 0.620827
v 0.122022 0.44102 0.187927
vn 0.794999 0.43157 0.426291
v 0.10665 0.441395 0.138485
vn 0.473999 0.44453 -0.760078
v -0.0397552 0.52009 -0.154042
vn 0.44239 0.887819 -0.126763
v -0.054459 0.393695 0.207794
vn -0.313602 -0.484823 0.816456
v 0.0287855 0.386857 0.271342
vn 0.170934 0.17764 0.969137
v 0.0812267 0.392105 0.245242
vn 0.595564 0.388513 0.703108
v 0.119322 0.443006 0.151828
vn 0.96829 0.239679 0.0704916
v 0.0977988 0.446458 0.113469
vn 0.91666 0.334102 0.219341
v 0.0353965 0.487637 -0.0569348
vn 0.130463 0.439295 -0.888819
v -0.0180795 0.517969 -0.11502
vn 0.714344 0.668362 -0.207376
v -0.0268541 0.519682 -0.133601
vn 0.569917 0.740909 -0.355315
v -0.0277428 0.510562 -0.143681
vn 0.432402 0.734173 -0.523467
v -0.0598013 0.496252 -0.168274
vn -0.472263 0.698006 -0.538289
v -0.116988 0.460327 -0.1221
vn -0.790498 -0.533181 -0.301381
v -0.141608 0.410074 -0.060628
vn -0.81122 0.0510134 -0.582512
v -0.0422521 0.399127 0.223142
vn -0.819499 -0.302419 0.48679
v 0.100469 0.447583 0.132525
vn 0.969379 0.197043 -0.146553
v 0.0953124 0.439417 0.122094
vn 0.850368 0.453686 0.266539
v 0.0899253 0.463423 0.0495226
vn 0.660649 0.411404 -0.627925
v 0.00890403 0.496076 -0.0825841
vn 0.87545 0.460848 -0.145622
v -0.115324 0.465217 -0.134154
vn -0.685104 -0.196333 -0.701488
v -0.120494 0.444008 -0.116262
vn -0.87938 -0.324664 -0.34826
v -0.115622 0.448806 -0.108691
vn -0.94616 -0.32015 -0.0478066
v -0.121684 0.451726 -0.0953348
vn -0.930059 -0.296696 -0.216708
v -0.1092 0.382229 0.154455
vn -0.795023 -0.381821 0.471329
v 0.0489588 0.476178 -0.0214562
vn 0.816972 0.56849 -0.096826
v 0.039455 0.492778 -0.0560663
vn 0.772289 0.603462 0.198501
v -0.103547 0.489422 -0.148595
vn -0.810992 0.105038 -0.575551
v -0.106147 0.47193 -0.145106
vn -0.761109 -0.200291 -0.616926
v -0.106799 0.389213 0.172544
vn -0.731429 -0.361189 0.578407
v -0.0416033 0.39421 0.239382
vn -0.80117 -0.388321 0.455339
v 0.0131846 0.395183 0.268305
vn -0.475359 0.155312 0.865975
v 0.0874074 0.407021 0.237516
vn 0.706481 0.220897 0.672376
v 0.0266842 0.493699 -0.0594233
vn 0.679185 0.600796 -0.421606
v -0.0041658 0.522248 -0.0915036
vn 0.479603 0.547079 -0.686065
v -0.0719302 0.489234 -0.171392
vn -0.00629979 0.712191 -0.701958
v -0.0508076 0.394928 0.217306
vn -0.696913 -0.350602 0.625612
v -0.0304101 0.402311 0.245978
vn -0.725434 -0.263503 0.635855
v -0.139413 0.424891 -0.0534986
vn -0.902934 0.0946341 -0.41923
v -0.150811 0.413682 -0.0406634
vn -0.976212 0.210104 -0.0535314
v -0.118322 0.396305 0.147467
vn -0.895492 -0.179245 0.407389
v -0.0767314 0.390305 0.20798
vn -0.720068 -0.159811 0.67525
v 0.0955706 0.456957 0.0856363
vn 0.809493 0.564934 -0.159909
v 0.0620522 0.457142 0.0357121
vn 0.553694 0.484535 -0.677237
v 0.0509302 0.464398 0.0275583
vn 0.690251 0.37427 -0.619254
v 0.0381289 0.4821 -0.050399
vn 0.544331 0.746715 -0.382257
v 0.0578617 0.478922 -0.0104721
vn 0.81505 0.53268 0.227917
v -0.0554905 0.500754 -0.169805
vn -0.414783 0.788373 -0.454337
v -0.145329 0.403426 -0.0148918
vn -0.989046 0.105954 -0.102775
v -0.130531 0.401858 0.112034
vn -0.946959 -0.0374989 0.31916
v -0.00545502 0.401854 0.257715
vn -0.34268 0.172998 0.923386
v 0.0532869 0.410639 0.261691
vn 0.375311 0.339213 0.862599
v 0.073044 0.402391 0.243691
vn 0.631438 0.140811 0.762534
v 0.0814958 0.418444 0.232758
vn 0.471163 0.242597 0.848028
v 0.106425 0.422035 0.226073
vn 0.673398 0.142831 0.725351
v 0.112872 0.447975 0.163179
vn 0.941665 0.277873 0.189879
v 0.0501659 0.472672 -0.000243539
vn 0.753972 0.464056 0.464949
v 0.0481538 0.491932 -0.0326231
vn 0.644507 0.717532 -0.264118
v 0.00076532 0.514107 -0.083529
vn 0.860018 0.44293 -0.253342
v -0.0109242 0.516562 -0.0940714
vn 0.36103 0.41986 -0.832691
v -0.0470106 0.513138 -0.155167
vn 0.0604899 0.756392 -0.651315
v -0.12199 0.459903 -0.119179
vn -0.82085 -0.290307 -0.491861
v -0.13031 0.441441 -0.0804618
vn -0.852402 -0.050179 -0.520473
v -0.0885337 0.388669 0.190637
vn -0.702284 -0.291387 0.649531
v -0.065316 0.407389 0.214318
vn -0.314106 -0.19158 0.929857
v -0.00537098 0.520512 -0.0873987
vn 0.790599 0.544495 -0.280141
v -0.0856208 0.501426 -0.162792
vn 0.122698 0.888978 -0.441206
v -0.089146 0.494291 -0.168576
vn -0.687714 0.329895 -0.646698
v -0.148948 0.406448 0.0280349
vn -0.991388 -0.0207486 0.129304
v -0.0770027 0.394043 0.200146
vn -0.65671 -0.306893 0.688875
v -0.0240478 0.400392 0.257479
vn -0.507674 -0.23473 0.828956
v 0.0176366 0.407838 0.268278
vn -0.229634 0.285185 0.930558
v -0.119891 0.457667 -0.110209
vn -0.84372 -0.535433 -0.0380661
v -0.141102 0.402281 0.0471566
vn -0.969192 -0.103646 0.223439
v -0.0545055 0.411251 0.21824
vn -0.66593 -0.334404 0.666867
v -0.0182969 0.401259 0.255618
vn -0.109359 -0.0966321 0.989294
v 0.0312099 0.408218 0.269231
vn 0.131653 0.411912 0.901663
v 0.0779237 0.415641 0.248084
vn 0.611992 0.277724 0.740496
v 0.110973 0.45025 0.172256
vn 0.769637 0.63815 0.020599
v -0.0470432 0.518671 -0.146176
vn 0.288739 0.818697 -0.496352
v -0.125062 0.451989 -0.0850669
vn -0.826113 -0.287075 -0.484898
v -0.112429 0.399544 0.158447
vn -0.960589 -0.100728 0.259082
v -0.0942719 0.407886 0.181304
vn -0.667441 -0.116436 0.735503
v -0.0425634 0.406294 0.230054
vn -0.6721 -0.558896 0.485713
v 0.0943513 0.449324 0.22096
vn 0.666401 0.390337 0.635254
v 0.100093 0.446739 0.207448
vn 0.798575 0.37028 0.474521
v 0.0467097 0.47109 0.00570549
vn 0.871799 0.461625 0.163921
v 0.0296467 0.502192 -0.0555211
vn 0.526958 0.563533 -0.636197
v 0.017214 0.499128 -0.0631581
vn 0.758225 0.563354 -0.328218
v -0.0670776 0.509707 -0.163244
vn -0.305319 0.461035 -0.833203
v 0.109191 0.461047 0.155008
vn 0.855345 0.500082 -0.135292
v 0.0924434 0.468558 0.0994588
vn 0.800216 0.588589 -0.114972
v 0.085024 0.466324 0.0830783
vn 0.878132 0.47109 0.0834205
v 0.00313632 0.516805 -0.0769032
vn 0.802021 0.338195 -0.492328
v -0.0182393 0.521896 -0.0983391
vn 0.741801 0.660138 -0.118111
v -0.0804269 0.499602 -0.149625
vn -0.401989 0.58516 -0.704267
v -0.0384776 0.405453 0.240408
vn -0.781623 -0.246557 0.572953
v 0.093024 0.458027 0.125572
vn 0.97917 0.201678 -0.0235121
v 0.0265679 0.504856 -0.0395342
vn 0.771107 0.617316 -0.155935
v 0.0320716 0.505723 -0.0287644
vn 0.558355 0.789766 -0.253987
v 0.025408 0.497443 -0.0452768
vn 0.862106 0.410202 0.297501
v -0.0352851 0.532287 -0.127242
vn 0.474134 0.71917 -0.507929
v 0.0958632 0.461398 0.107023
vn 0.825957 0.530981 0.189351
v 0.0805969 0.47051 0.0487141
vn 0.231007 0.473059 -0.850206
v -0.0594421 0.526679 -0.148671
vn 0.255362 0.798544 -0.545086
v -0.122989 0.474572 -0.126907
vn -0.874365 -0.0786047 -0.47886
v -0.12758 0.46638 -0.0971808
vn -0.662686 -0.715503 -0.22114
v -0.14359 0.428843 -0.0161751
vn -0.992966 0.115045 -0.0279912
v -0.0736594 0.402804 0.20519
vn -0.456127 -0.27114 0.847604
v 0.109761 0.461688 0.167558
vn 0.739356 0.556459 0.379085
v 0.10052 0.461776 0.147899
vn 0.466524 0.466606 -0.751421
v -0.0338111 0.537989 -0.111728
vn 0.617067 0.776555 -0.127243
v -0.138557 0.453655 -0.0631181
vn -0.890969 0.0122745 -0.453897
v -0.145175 0.440163 -0.0353551
vn -0.992919 0.0852534 0.0827219
v -0.144545 0.411095 0.084406
vn -0.988709 -0.0234256 0.148004
v -0.00320338 0.41682 0.255064
vn -0.191248 0.149858 0.970034
v 0.102891 0.459524 0.189255
vn 0.746274 0.654875 0.119224
v -0.12631 0.471674 -0.11077
vn -0.934911 0.0890922 -0.343516
v -0.081085 0.413232 0.207701
vn -0.740463 -0.0166741 0.67189
v -0.0196485 0.416164 0.259063
vn -0.167605 0.128706 0.977417
v 0.064377 0.437343 0.239743
vn 0.452853 0.459504 0.764055
v 0.0932819 0.469507 0.117186
vn 0.897445 0.441125 0.00135077
v 0.0809036 0.480362 0.0632852
vn 0.598424 0.668265 -0.441939
v 0.0402484 0.496775 -0.0153854
vn 0.757304 0.652977 -0.0105656
v 0.0409793 0.500866 -0.0216656
vn 0.720369 0.644041 0.257448
v 0.0123171 0.509877 -0.0531884
vn 0.701828 0.640443 -0.311881
v -0.0701204 0.523975 -0.150882
vn -0.486368 0.593862 -0.640916
v -0.105423 0.501291 -0.138414
vn -0.768488 0.328765 -0.548944
v -0.110768 0.406987 0.175521
vn -0.868244 0.0554321 0.493032
v -0.0341356 0.419493 0.250867
vn -0.649814 0.0376906 0.759158
v 0.062592 0.474852 0.0384294
vn 0.651556 0.458019 -0.604726
v 0.0375611 0.48831 0.00433786
vn 0.877256 0.477331 -0.0507558
v -0.144596 0.43611 -0.0489092
vn -0.951019 0.0338481 -0.307274
v -0.129647 0.417794 0.128503
vn -0.946025 -0.0111272 0.323902
v -0.082862 0.413745 0.196315
vn -0.844898 0.285308 0.45249
v -0.0475421 0.411473 0.237126
vn -0.813588 -0.118817 0.569172
v 0.0940109 0.468523 0.20936
vn 0.549314 0.73465 0.398175
v 0.0408177 0.489746 -0.00488867
vn 0.733884 0.529885 0.425014
v 0.00852656 0.520985 -0.0691715
vn 0.865289 0.492925 -0.0911026
v -0.117541 0.484414 -0.131711
vn -0.777614 0.180672 -0.602224
v -0.13719 0.468672 -0.109786
vn -0.889018 0.158625 -0.429517
v -0.130644 0.459397 -0.0759551
vn -0.941025 -0.321715 -0.104748
v -0.13805 0.418035 0.0587795
vn -0.994948 0.00978709 0.0999108
v -0.152239 0.422748 0.0139857
vn -0.991944 0.121242 0.0367022
v -0.109538 0.409176 0.157032
vn -0.903265 0.00361687 0.429068
v -0.0680073 0.419893 0.213256
vn -0.461077 -0.0832706 0.883444
v 0.0836829 0.456066 0.230717
vn 0.358555 0.325781 0.874817
v 0.0904426 0.470014 0.172969
vn 0.649512 0.706135 0.28197
v 0.039001 0.478633 0.0221173
vn 0.852439 0.450569 -0.265209
v 0.0453928 0.488036 0.0128918
vn 0.899217 0.424778 0.104745
v 0.0269724 0.509272 -0.0512965
vn 0.675873 0.635543 -0.373202
v 0.0868126 0.477812 0.0740219
vn 0.88579 0.456313 0.0845836
v 0.061694 0.484109 0.0533618
vn 0.520197 0.628324 -0.578449
v -0.0494527 0.533091 -0.131389
vn 0.076431 0.778392 -0.623109
v -0.0994737 0.511342 -0.141285
vn -0.367789 0.669486 -0.645383
v -0.122319 0.490371 -0.121648
vn -0.928875 0.177171 -0.325272
v -0.0556929 0.423419 0.22371
vn -0.728975 0.12605 0.672835
v 0.0390689 0.440873 0.246353
vn 0.256599 0.458421 0.850886
v 0.0688025 0.450394 0.226977
vn 0.305006 0.207266 0.929523
v 0.0880321 0.477405 0.131439
vn 0.928668 0.368563 -0.0416801
v 0.0828231 0.472792 0.111196
vn 0.818842 0.571693 -0.0516275
v -0.0260734 0.53117 -0.0927196
vn 0.496727 0.797252 -0.343003
v -0.143598 0.462077 -0.0408476
vn -0.966673 0.255683 -0.0130068
v -0.069134 0.535583 -0.127222
vn 0.0253656 0.890625 -0.454031
v -0.0975624 0.420478 0.188728
vn -0.674456 0.109152 0.730202
v 0.00909628 0.43435 0.253733
vn -0.0567461 0.322964 0.944709
v 0.0235123 0.435684 0.253245
vn 0.123563 0.439052 0.889924
v -0.00198094 0.533763 -0.0740434
vn 0.639073 0.687273 -0.345313
v -0.141169 0.466797 -0.0800129
vn -0.8516 -0.522381 -0.0435341
v -0.142651 0.461283 -0.0530328
vn -0.953398 0.230527 -0.194652
v -0.131969 0.42074 0.0883584
vn -0.934221 -0.0643337 0.350844
v 0.103188 0.47112 0.155868
vn 0.726074 0.669087 -0.158551
v 0.0122914 0.518381 -0.0313283
vn 0.417495 0.83593 0.356258
v -0.121366 0.484755 -0.103142
vn -0.910703 0.202659 -0.359929
v -0.143721 0.436858 0.0352379
vn -0.998326 -0.0271962 0.0510404
v -0.101951 0.422423 0.173202
vn -0.859086 0.246721 0.448441
v -0.078183 0.430924 0.201964
vn -0.692886 0.0795009 0.716651
v -0.04417 0.423974 0.238057
vn -0.802838 0.193621 0.563881
v -0.0289773 0.430265 0.246278
vn -0.400449 0.310416 0.862138
v -0.0148832 0.427999 0.257043
vn -0.156242 0.338067 0.928062
v -0.0120636 0.531312 -0.0840951
vn 0.267327 0.944709 -0.1899
v -0.0701287 0.433155 0.210451
vn -0.709005 0.268984 0.651889
v -0.0440196 0.434085 0.225323
vn -0.780036 0.161599 0.604507
v 0.0791724 0.463339 0.214654
vn 0.397063 0.841106 0.367263
v 0.0815163 0.479327 0.180843
vn 0.524005 0.835819 0.163786
v 0.0842944 0.474672 0.143934
vn 0.850117 0.197091 -0.48832
v -0.0487466 0.542862 -0.116105
vn 0.306776 0.90374 -0.298567
v -0.115862 0.507684 -0.123008
vn -0.787188 0.398256 -0.470878
v -0.131544 0.428202 0.113001
vn -0.942609 -0.0946418 0.320204
v -0.112359 0.421303 0.163459
vn -0.832319 0.232885 0.503
v -0.0622503 0.430497 0.217626
vn -0.601346 0.126224 0.788955
v 0.0826045 0.482471 0.10104
vn 0.902015 0.430464 0.0327219
v 0.0763154 0.491167 0.0765367
vn 0.780529 0.623416 -0.0461227
v 0.00578115 0.519226 -0.048404
vn 0.458249 0.780325 -0.425559
v -0.059856 0.537936 -0.123456
vn -0.0992362 0.887158 -0.450669
v -0.0903466 0.531749 -0.12822
vn -0.386814 0.56164 -0.731393
v -0.10545 0.519061 -0.125753
vn -0.715981 0.494927 -0.49236
v -0.1379 0.478459 -0.0808573
vn -0.952024 0.301605 0.0518095
v -0.133903 0.4714 -0.0652664
vn -0.994917 0.0549009 -0.0844103
v -0.146143 0.450472 -0.0265513
vn -0.918975 0.333659 0.210135
v -0.0847996 0.43049 0.192097
vn -0.751086 0.47542 0.458089
v -0.038534 0.444578 0.243972
vn -0.491596 0.364705 0.790774
v 0.0914381 0.485182 0.143535
vn 0.54246 0.836268 0.0799492
v -0.126197 0.500417 -0.105464
vn -0.952945 0.105848 -0.284063
v -0.121175 0.42894 0.133748
vn -0.817275 0.264794 0.511806
v 0.0417546 0.456074 0.240577
vn 0.245476 0.303773 0.920578
v 0.0198999 0.507171 -0.0202733
vn 0.589688 0.801267 -0.101188
v -0.00318642 0.531053 -0.0561934
vn 0.470196 0.878337 0.086255
v -0.0416749 0.537752 -0.0925732
vn 0.52253 0.835263 -0.171168
v 0.00477014 0.448324 0.250528
vn -0.177942 0.531442 0.828195
v 0.0519831 0.464943 0.236191
vn 0.368351 0.439158 0.819425
v 0.0199536 0.511362 -0.0135419
vn 0.57558 0.75165 -0.322072
v 0.0127337 0.52365 -0.040585
vn 0.539248 0.842079 -0.0106484
v -0.133484 0.490107 -0.0744913
vn -0.985575 0.130821 -0.107365
v -0.107721 0.436434 0.147785
vn -0.830407 0.343904 0.438354
v -0.014271 0.440849 0.246191
vn -0.228969 0.497166 0.836898
v 0.0714172 0.481232 0.184289
vn 0.503274 0.792507 0.344452
v -0.137424 0.465207 -0.0158451
vn -0.981023 0.112006 -0.15827
v -0.149378 0.4542 0.0415408
vn -0.998707 -0.0478981 0.0170397
v -0.139405 0.434406 0.0714187
vn -0.9763 -0.204574 -0.0706314
v -0.144233 0.433654 0.0851847
vn -0.934189 -0.219318 0.281409
v -0.0522545 0.446705 0.222308
vn -0.622746 0.354889 0.697311
v 0.0225182 0.4567 0.246519
vn 0.0643331 0.482476 0.873543
v 0.0611971 0.476824 0.227486
vn 0.350919 0.698203 0.623995
v -0.0314445 0.539436 -0.0772845
vn 0.482281 0.867761 -0.119986
v -0.0680941 0.536333 -0.118314
vn -0.00887547 0.909693 -0.415187
v -0.130217 0.494988 -0.0835023
vn -0.865032 0.261406 -0.428237
v -0.146329 0.459574 0.00775637
vn -0.988562 -0.0598368 -0.138433
v -0.138906 0.428413 0.101503
vn -0.793645 -0.552974 0.25367
v -0.0819313 0.442488 0.189018
vn -0.691742 0.0588976 0.719739
v -0.0756054 0.443535 0.199575
vn -0.672288 0.00822734 0.740244
v -0.0489975 0.547627 -0.103899
vn 0.35724 0.900659 -0.247373
v 0.0783015 0.489768 0.122157
vn 0.777058 0.629428 0.0011634
v 0.0482186 0.494184 0.0498954
vn 0.722305 0.567291 -0.395546
v 0.0246461 0.516103 -0.00102449
vn 0.780123 0.625417 -0.0161973
v -0.0613622 0.543868 -0.112971
vn -0.106546 0.936088 -0.335243
v -0.121272 0.512898 -0.102453
vn -0.750953 0.568784 -0.335491
v -0.136223 0.479516 -0.057556
vn -0.991194 0.132254 -0.00655048
v -0.103557 0.450305 0.158161
vn -0.93225 0.142298 0.332657
v -0.0616786 0.457408 0.206018
vn -0.53634 0.385173 0.750987
v 0.054183 0.498687 0.0670486
vn 0.479049 0.696547 -0.534166
v 0.0293073 0.507112 0.0146579
vn 0.861882 0.505839 -0.0358624
v -0.00316912 0.525147 -0.0418519
vn 0.638069 0.769628 -0.0232296
v -0.0896535 0.538836 -0.123759
vn -0.110781 0.877705 -0.46622
v -0.105545 0.531087 -0.121074
vn -0.746864 0.511742 -0.424634
v -0.130522 0.484616 -0.0448237
vn -0.940938 0.299065 0.158734
v -0.134745 0.431188 0.10245
vn -0.881858 0.201609 0.42624
v -0.131698 0.434727 0.111649
vn -0.985745 0.0635066 0.155798
v -0.114622 0.438784 0.13945
vn -0.762609 -0.0807454 0.6418
v -0.0974445 0.446116 0.181479
vn -0.725666 0.313417 0.612518
v -0.0457481 0.457797 0.22489
vn -0.823096 0.312375 0.474273
v -0.0241759 0.464675 0.229275
vn -0.0621681 0.595288 0.801104
v 0.0394197 0.473143 0.234113
vn 0.111548 0.696893 0.708447
v 0.0226082 0.517206 0.00396384
vn 0.621747 0.782107 0.0417048
v -0.130513 0.504934 -0.091357
vn -0.946475 0.217993 -0.238042
v -0.00777046 0.45977 0.234005
vn -0.124709 0.764666 0.632244
v -0.12419 0.446833 0.122359
vn -0.807282 0.575711 0.129819
v 0.0587264 0.475844 0.21338
vn 0.623303 0.696803 0.354907
v 0.0740194 0.484641 0.13509
vn 0.57805 0.790303 0.203173
v -0.0204615 0.531175 -0.0655092
vn 0.323446 0.941785 -0.0917767
v -0.0542282 0.549622 -0.0847135
vn 0.200592 0.977121 -0.0706906
v -0.154131 0.452712 0.0745854
vn -0.991812 0.0671169 0.108649
v 0.0664232 0.503301 0.0757597
vn 0.437805 0.782294 -0.443106
v -0.11203 0.519229 -0.104417
vn -0.831734 0.441358 -0.336781
v -0.0839769 0.446214 0.182314
vn -0.7651 0.421146 0.487091
v -0.0800659 0.446217 0.203794
vn -0.828261 0.28222 0.484083
v 0.00492797 0.462901 0.237162
vn -0.226895 0.728725 0.646125
v 0.0644526 0.505036 0.0888243
vn 0.591913 0.80421 -0.0537163
v -0.0429855 0.54731 -0.0796194
vn 0.43472 0.900563 -0.00207492
v -0.0696203 0.550662 -0.0932829
vn 0.0301699 0.962395 -0.269974
v -0.129828 0.474247 -0.0248869
vn -0.967159 0.247664 -0.0571578
v -0.133273 0.44221 0.127055
vn -0.872183 0.463863 0.155332
v 0.06419 0.490915 0.157416
vn 0.508584 0.857929 0.0727934
v -0.145215 0.471123 -0.00147725
vn -0.993395 0.103851 -0.0487913
v -0.140047 0.442715 0.0905502
vn -0.824085 0.285416 0.489307
v -0.124423 0.443001 0.134882
vn -0.684845 -0.438706 0.581828
v -0.112385 0.449504 0.144735
vn -0.43156 -0.499533 0.751147
v -0.0674844 0.453168 0.203963
vn -0.0545459 -0.107628 0.992694
v -0.104337 0.535385 -0.106013
vn -0.684211 0.646715 -0.337069
v -0.135675 0.499461 -0.0632727
vn -0.96391 0.117635 0.238831
v -0.104693 0.45234 0.154596
vn -0.573859 -0.683034 0.45183
v -0.0950466 0.450781 0.17152
vn -0.700448 0.363771 0.614038
v -0.0884046 0.452344 0.170719
vn -0.647 0.181796 0.7405
v 0.0222268 0.472618 0.230732
vn 0.0209278 0.624409 0.780817
v 0.0446326 0.476592 0.220339
vn 0.149092 0.746277 0.648723
v 0.0473228 0.505373 0.0593553
vn 0.493904 0.81259 -0.309445
v 0.0614623 0.496311 0.191741
vn 0.609807 0.763923 0.211083
v 0.0100226 0.524607 -0.0126076
vn 0.613438 0.789576 -0.0162385
v -0.0127054 0.53666 -0.040894
vn 0.492339 0.854594 -0.165139
v -0.137203 0.503742 -0.0756556
vn -0.928173 0.294819 -0.227106
v -0.141893 0.470968 -0.0159974
vn -0.729407 -0.0555997 -0.681817
v -0.144797 0.456766 0.0658471
vn -0.738636 -0.495993 -0.456517
v -0.149086 0.468462 0.0514639
vn -0.928885 -0.359347 -0.0896761
v -0.132215 0.455514 0.0917865
vn -0.92708 0.230024 0.295993
v -0.11603 0.45153 0.149831
vn -0.808554 -0.0394782 0.587097
v -0.0739249 0.458377 0.191183
vn -0.766499 0.509542 0.390957
v -0.0371508 0.470127 0.223769
vn -0.551372 0.479703 0.682549
v 0.0510256 0.485334 0.215619
vn 0.500737 0.532613 0.682339
v -0.00317973 0.533681 -0.0166153
vn 0.582874 0.783146 -0.216659
v -0.116995 0.52386 -0.0939427
vn -0.835522 0.485168 -0.257904
v -0.123923 0.451693 0.119764
vn -0.857248 0.267132 0.44019
v -0.0459375 0.472599 0.201379
vn -0.613413 0.358768 0.70357
v 0.0657771 0.503615 0.120286
vn 0.672908 0.726918 0.137057
v 0.0378757 0.501544 0.0435276
vn 0.677855 0.681854 -0.274932
v 0.0231965 0.511196 0.0215629
vn 0.504619 0.855289 0.117649
v -0.0300588 0.53922 -0.0607517
vn 0.381638 0.919907 -0.0901342
v -0.0921728 0.550792 -0.0984462
vn -0.342446 0.939088 0.0290459
v -0.114233 0.457193 0.14665
vn -0.699232 0.713421 0.0458884
v -0.0790697 0.466611 0.189648
vn -0.636472 0.31256 0.705131
v -0.0671559 0.468094 0.202702
vn -0.615236 0.547971 0.566756
v 0.00289782 0.468729 0.22548
vn -0.278937 0.596017 0.752966
v 0.0498593 0.51349 0.140159
vn 0.57015 0.78302 0.248613
v 0.0577499 0.499194 0.153591
vn 0.541009 0.815499 0.205599
v -0.125057 0.509515 -0.0815151
vn -0.786284 0.578142 -0.217965
v -0.134889 0.493985 -0.03547
vn -0.999126 -0.0417559 0.00205948
v -0.14631 0.47218 0.0193418
vn -0.972112 -0.14544 -0.183969
v 0.0472171 0.509067 0.0805755
vn 0.318082 0.927325 -0.197214
v -0.109007 0.538659 -0.0967021
vn -0.700792 0.712826 0.0277448
v -0.142561 0.470309 0.0355489
vn -0.992264 -0.0865381 -0.089015
v -0.106052 0.45579 0.166659
vn -0.633624 0.0391314 0.772651
v 0.0149121 0.485442 0.228306
vn -0.175562 0.693217 0.699019
v 0.0378746 0.49443 0.212751
vn 0.112308 0.784377 0.610032
v -0.0136064 0.471643 0.220265
vn 0.0463206 0.471391 0.880707
v 0.0481099 0.499204 0.202316
vn 0.238176 0.924278 0.298299
v 0.00469311 0.522075 0.00707345
vn 0.495192 0.864877 0.0822989
v -0.130763 0.515967 -0.0617705
vn -0.868519 0.495626 0.00549038
v -0.143413 0.490085 -0.0139088
vn -0.886693 0.325208 -0.328656
v -0.126591 0.467498 0.112753
vn -0.917085 0.207727 0.340302
v -0.108755 0.457175 0.1337
vn -0.713514 0.677732 0.177698
v -0.0819584 0.468439 0.180796
vn -0.604779 0.256895 0.753822
v 0.0473752 0.516814 0.112526
vn 0.420966 0.904358 -0.0701798
v -0.0425232 0.539976 -0.0478619
vn 0.314027 0.948573 0.0399686
v -0.0575192 0.552631 -0.0775822
vn -0.0165641 0.998399 -0.0540783
v -0.120774 0.523296 -0.0806426
vn -0.713378 0.697735 -0.0652516
v -0.127032 0.501191 -0.0238929
vn -0.975678 0.192879 -0.104165
v -0.146615 0.458489 0.0665371
vn -0.595359 0.448636 0.666538
v 0.034242 0.511385 0.0739849
vn 0.617605 0.77796 -0.115512
v -0.0280189 0.542638 -0.0433582
vn 0.198117 0.978228 -0.0618065
v -0.0657181 0.545598 -0.0777708
vn -0.215129 0.969735 0.11547
v -0.126947 0.510189 -0.0487566
vn -0.992935 0.0693134 -0.0963149
v -0.137187 0.452823 0.0822355
vn -0.571003 0.609925 0.549497
v -0.136608 0.461844 0.0787008
vn -0.851484 0.195808 0.48645
v -0.0956897 0.470344 0.16823
vn -0.723325 0.435412 0.535926
v 0.00394963 0.485765 0.216508
vn -0.0603346 0.55904 0.826942
v -0.10151 0.531582 -0.083832
vn -0.564035 0.814843 0.133773
v -0.130405 0.497608 -0.0148723
vn -0.80089 0.580541 -0.146792
v -0.14107 0.492342 -0.00104643
vn -0.876687 0.480834 0.0147598
v -0.140989 0.488351 0.0129783
vn -0.952976 0.191681 -0.234723
v -0.153022 0.473627 0.0377983
vn -0.95467 -0.162539 -0.249371
v -0.118133 0.461267 0.12092
vn -0.654541 0.0202895 0.755754
v 0.0436035 0.495321 0.183551
vn 0.406224 0.913139 0.0340555
v 0.045234 0.510876 0.095391
vn 0.27171 0.935867 -0.224336
v -0.12557 0.52508 -0.0566738
vn -0.805797 0.583366 -0.101857
v -0.159697 0.467804 0.0598986
vn -0.91815 0.0967107 0.384249
v -0.13056 0.469293 0.0892042
vn -0.928973 0.125196 0.348332
v -0.102358 0.468002 0.145656
vn -0.666034 0.723404 -0.181897
v -0.0639465 0.480569 0.183953
vn -0.45789 0.510177 0.72805
v -0.050457 0.483965 0.189558
vn -0.691054 0.620454 0.370783
v -0.0498878 0.486856 0.20217
vn -0.651198 0.466288 0.598762
v -0.03062 0.486801 0.214817
vn -0.284969 0.590929 0.754716
v -0.0182112 0.488917 0.215785
vn 0.0114589 0.493096 0.869899
v 0.0190513 0.493348 0.20549
vn 0.0230259 0.891236 0.452955
v 0.0354667 0.49563 0.193504
vn 0.0466771 0.904496 0.423921
v 0.0315679 0.517658 0.0507131
vn 0.805062 0.506289 -0.309107
v -0.135166 0.519211 -0.0413557
vn -0.902364 0.413246 0.122339
v -0.153628 0.472032 0.0507353
vn -0.802982 0.595898 0.0111946
v -0.0989451 0.468842 0.136533
vn -0.765285 0.395306 0.508009
v -0.143801 0.47092 0.0639994
vn -0.784949 0.13483 0.604712
v -0.103737 0.475386 0.134858
vn -0.557151 0.185889 0.809338
v -0.0993541 0.473496 0.16043
vn -0.671643 0.732887 0.108502
v 0.0439887 0.506656 0.183783
vn 0.362265 0.894141 0.263204
v -0.0582658 0.553518 -0.0518332
vn 0.221844 0.974936 0.0168581
v -0.119563 0.528657 -0.0609101
vn -0.462287 0.879737 -0.111143
v -0.10609 0.537937 -0.0770442
vn -0.516632 0.852458 -0.0800425
v 0.0033558 0.525624 0.0173361
vn 0.714483 0.55924 -0.420435
v -0.0771959 0.545946 -0.0464669
vn -0.233549 0.962137 -0.140523
v -0.116945 0.473731 0.12797
vn -0.610082 0.0641238 0.789739
v 0.024241 0.506975 0.197015
vn 0.141708 0.892593 0.428015
v -0.00538094 0.500788 0.207569
vn 0.127733 0.775685 0.618059
v 0.0424274 0.503558 0.166452
vn 0.491336 0.828648 0.268201
v 0.0450787 0.515091 0.119129
vn 0.310195 0.950483 0.0189949
v -0.0247224 0.54168 -0.0209527
vn 0.124103 0.992209 -0.0109396
v -0.125828 0.512847 -0.0262181
vn -0.905901 0.282639 0.315371
v -0.148584 0.478018 0.0402756
vn -0.962696 0.209335 0.171449
v -0.136072 0.474967 0.0823619
vn -0.806641 -0.391096 0.443141
v -0.0701666 0.487591 0.178609
vn -0.541884 0.286636 0.790064
v -0.00690865 0.530736 0.0070939
vn 0.633338 0.767714 0.0974574
v -0.00867111 0.540624 -0.0085229
vn 0.334485 0.926978 0.169802
v -0.091406 0.54349 -0.0602522
vn -0.340007 0.939856 -0.0326641
v -0.0846434 0.54506 -0.0799345
vn -0.313486 0.944914 0.0941518
v -0.132854 0.502412 0.00124693
vn -0.794695 0.57166 -0.204122
v -0.144073 0.476332 0.0569488
vn -0.888453 0.376595 0.262349
v -0.085718 0.48263 0.146704
vn -0.595649 0.803227 0.00540226
v 0.0267181 0.523591 0.0581049
vn 0.605591 0.794085 0.0518506
v 0.0145767 0.529243 0.0347207
vn 0.657587 0.684409 -0.314903
v -0.126503 0.509387 -0.0164604
vn -0.821888 0.563983 0.0801439
v -0.146624 0.494491 0.0284957
vn -0.947685 0.177474 -0.265321
v -0.144256 0.479406 0.0683606
vn -0.97239 -0.029882 0.231442
v -0.0853111 0.480216 0.170677
vn -0.635371 0.717502 0.285472
v 0.0296132 0.507515 0.174951
vn 0.0384821 0.923866 0.380776
v 0.0327027 0.514076 0.0853549
vn 0.603696 0.792124 -0.0899499
v -0.105172 0.530801 -0.0599471
vn -0.507185 0.861124 0.0350489
v -0.120553 0.476717 0.109266
vn -0.905558 -0.213573 0.36654
v -0.116219 0.477846 0.126726
vn -0.711484 -0.106408 0.694599
v -0.0494792 0.493171 0.186542
vn -0.45469 0.418326 0.786295
v -0.0309498 0.500112 0.202238
vn -0.148896 0.815831 0.558794
v -0.0400912 0.499194 0.197319
vn -0.65415 0.69627 0.295458
v -0.0171633 0.500668 0.204536
vn -0.279521 0.884707 0.373043
v 0.0080911 0.49907 0.186723
vn 0.208061 0.930697 0.300854
v -0.052892 0.544558 -0.0349745
vn 0.336536 0.93701 0.0935693
v -0.121453 0.521531 -0.025651
vn -0.762253 0.617274 0.194789
v -0.138327 0.507252 0.00885092
vn -0.811401 0.378742 -0.445176
v -0.0855915 0.484839 0.143751
vn -0.669357 0.423571 0.610367
v 0.0317436 0.51169 0.163583
vn 0.341648 0.907105 0.24584
v -0.119382 0.523351 -0.0435513
vn -0.572637 0.816542 0.0731122
v -0.150094 0.494002 0.036107
vn -0.874814 0.476126 0.089469
v -0.147421 0.490855 0.0514509
vn -0.918919 0.36072 0.159586
v -0.0956647 0.483174 0.12975
vn -0.285522 -0.190226 0.939304
v 0.031444 0.520096 0.110359
vn 0.531006 0.841603 -0.0986792
v 0.00173886 0.534575 0.0230359
vn 0.340168 0.93755 -0.0727099
v -0.113207 0.530067 -0.0465411
vn -0.57092 0.804468 -0.163955
v -0.0798059 0.497413 0.141164
vn -0.057521 -0.293713 0.954161
v -0.064216 0.49458 0.156315
vn -0.628485 0.767346 0.127228
v -0.0759816 0.490038 0.172682
vn -0.601593 0.795512 0.0724289
v -0.0283759 0.507885 0.190277
vn -0.16408 0.93957 0.300476
v 0.0109228 0.512298 0.174541
vn 0.358141 0.791692 0.494934
v 0.035773 0.520319 0.126614
vn 0.373293 0.903548 0.210365
v 0.0166984 0.527395 0.0490414
vn 0.245201 0.960807 0.12933
v -0.098294 0.542733 -0.0503934
vn -0.484444 0.778855 -0.39837
v -0.138883 0.492028 0.0946857
vn -0.922226 -0.340217 0.183716
v -0.0591798 0.502786 0.187771
vn -0.25061 0.556419 0.792207
v 0.00748624 0.516442 0.183711
vn 0.102892 0.912899 0.395006
v 0.027509 0.522945 0.078833
vn 0.680019 0.718189 -0.147576
v -0.0146668 0.5348 0.00777953
vn 0.33767 0.941109 -0.017109
v -0.0298931 0.53842 -0.00957486
vn 0.175721 0.978325 -0.109558
v -0.107319 0.529725 -0.0108755
vn -0.795619 0.595745 0.109897
v -0.136757 0.512103 0.0172522
vn -0.728335 0.656284 -0.197025
v -0.141619 0.499631 0.0440693
vn -0.569205 0.786558 0.239441
v -0.0645463 0.498589 0.177769
vn -0.588746 0.801282 0.106416
v -0.00457703 0.506112 0.178234
vn -0.152871 0.939088 0.307807
v 0.0168458 0.523939 0.141303
vn 0.407338 0.873997 0.264962
v -0.0656628 0.554473 -0.0329048
vn 0.111661 0.990271 0.0830417
v -0.105174 0.543298 -0.0408695
vn -0.707005 0.693745 -0.137337
v -0.114569 0.52123 0.000259488
vn -0.746358 0.528616 -0.404369
v -0.0356307 0.504573 0.179342
vn -0.131333 0.798146 0.587975
v 0.00308057 0.527322 0.0495347
vn 0.476571 0.873673 -0.0978528
v -0.00472072 0.534789 0.0337344
vn 0.705862 0.618407 -0.345446
v -0.104953 0.489452 0.141908
vn -0.316929 -0.445931 0.837079
v -0.0678126 0.500052 0.155614
vn -0.543888 0.434164 0.718114
v 0.0173758 0.53212 0.0722675
vn 0.745215 0.631024 -0.215553
v -0.0261869 0.539522 0.0109002
vn 0.492286 0.853919 -0.168752
v -0.0964531 0.547621 -0.0460578
vn -0.173419 0.95506 -0.240387
v -0.105355 0.545225 -0.0236175
vn -0.693116 0.689343 0.210707
v -0.135178 0.508405 0.022902
vn -0.57929 0.751897 0.314762
v -0.140391 0.497081 0.0667468
vn -0.983093 0.166804 0.0755313
v -0.124068 0.513087 0.0352849
vn -0.625591 0.720923 0.298172
v -0.108462 0.495862 0.127743
vn -0.57134 -0.322185 0.75483
v -0.0704679 0.502813 0.146602
vn -0.552657 0.356428 0.753346
v 0.0120039 0.520415 0.158269
vn 0.339378 0.846802 0.409571
v 0.023718 0.52841 0.11799
vn 0.433 0.89946 0.0590068
v 0.0213037 0.525528 0.106214
vn 0.639536 0.767853 0.0373548
v -0.0103549 0.541052 0.0243036
vn 0.725711 0.58892 -0.355692
v -0.0403565 0.553326 -0.00224147
vn 0.328204 0.910136 -0.252855
v -0.0831739 0.551313 -0.0286807
vn -0.124195 0.985705 0.113849
v -0.132005 0.492854 0.106762
vn -0.708606 -0.582599 0.398067
v -0.0513399 0.508811 0.155199
vn -0.610537 0.698922 0.372496
v -0.0430658 0.508015 0.174775
vn -0.23344 0.882526 0.408233
v -0.0179375 0.513007 0.169532
vn 0.00438607 0.826353 0.563135
v 0.0110793 0.5332 0.0699621
vn 0.592066 0.781928 -0.195055
v -0.0596521 0.544623 -0.00967665
vn 0.167735 0.983416 -0.0689765
v -0.0940666 0.547716 -0.0285792
vn -0.204313 0.97226 0.11387
v 0.00319672 0.515631 0.171734
vn -0.0886573 0.872893 0.479789
v 0.0154195 0.535276 0.0863231
vn 0.714955 0.688857 -0.119651
v -0.1259 0.490132 0.121717
vn -0.668728 -0.503635 0.54695
v -0.0611368 0.513365 0.149652
vn -0.17134 0.502785 0.84726
v -0.00876362 0.545041 0.050197
vn 0.668547 0.731466 -0.134173
v -0.0231056 0.546452 0.0209246
vn 0.378895 0.651033 -0.65772
v -0.0418087 0.520836 0.148909
vn -0.301449 0.822728 0.48192
v -0.0450029 0.548033 0.00329887
vn 0.116372 0.992346 -0.0413201
v -0.0337926 0.547574 0.0169275
vn 0.381455 0.721062 -0.578413
v -0.0953878 0.544903 -0.00709706
vn -0.396595 0.915105 0.0727649
v -0.111987 0.538133 -0.000908986
vn -0.719408 0.664799 -0.201231
v -0.112519 0.535542 0.0112446
vn -0.739975 0.672188 0.0245092
v -0.126024 0.510125 0.0447378
vn -0.734966 0.564946 -0.375047
v -0.138982 0.50384 0.0560188
vn -0.869044 0.432502 -0.240219
v -0.0739594 0.512699 0.148092
vn -0.0512714 -0.143288 0.988352
v -0.0434038 0.515498 0.15827
vn -0.459478 0.864703 0.202903
v -0.0314859 0.517478 0.169196
vn 0.0555937 0.682733 0.72855
v -0.00150698 0.524415 0.155731
vn 0.085166 0.771381 0.63065
v 0.0131243 0.538661 0.0959767
vn 0.634009 0.747157 0.19947
v -0.0791964 0.544976 -0.0128223
vn -0.0710622 0.993059 -0.0937269
v -0.10856 0.53564 0.0273439
vn -0.731636 0.578411 0.360763
v -0.0315553 0.519358 0.165684
vn -0.44383 0.820457 0.360367
v 0.00853237 0.533959 0.109894
vn 0.716608 0.691511 0.0910179
v -0.0148132 0.555537 0.0316635
vn 0.502412 0.856904 -0.115317
v -0.0682425 0.553297 -0.00181922
vn 0.148449 0.715276 -0.682894
v -0.112151 0.521897 0.033868
vn -0.822942 0.567086 -0.0343437
v -0.0467372 0.520096 0.137851
vn 0.107341 0.502388 0.857954
v 0.0137671 0.527425 0.135079
vn 0.566518 0.80075 0.19457
v -0.00262189 0.547355 0.0652526
vn 0.647701 0.712484 -0.269906
v -0.0491197 0.55053 0.0119754
vn 0.412342 0.599851 -0.685677
v -0.0976292 0.538682 0.00151794
vn -0.503021 0.859015 -0.0951951
v -0.133463 0.513758 0.0529336
vn -0.841444 0.136545 -0.522807
v -0.143112 0.499236 0.0860365
vn -0.990346 0.00270359 -0.138589
v -0.0191315 0.526772 0.156283
vn -0.00150071 0.787966 0.615717
v 0.00357436 0.536613 0.140611
vn 0.403326 0.845156 0.35077
v 0.00706166 0.536073 0.124485
vn 0.732336 0.634064 0.24829
v -0.0936634 0.510049 0.147983
vn 0.144909 -0.284652 0.947615
v -0.0270726 0.524807 0.142727
vn -0.45076 0.822054 0.347913
v 0.00271576 0.54565 0.0860791
vn 0.693701 0.716681 -0.0717423
v -0.0623366 0.550601 0.0047584
vn 0.421746 0.65924 -0.622521
v -0.0876802 0.550181 -0.00112085
vn -0.359278 0.571352 -0.737886
v -0.137173 0.513461 0.066649
vn -0.97321 0.166269 -0.1588
v -0.121806 0.499306 0.135082
vn -0.242589 -0.661999 0.70916
v -0.0593199 0.522648 0.145847
vn 0.262261 -0.184549 0.947186
v -0.0166676 0.545406 0.0520824
vn 0.56034 0.815977 -0.142131
v -0.0288703 0.556276 0.0302688
vn 0.557862 0.787726 -0.261301
v -0.121218 0.521397 0.0440191
vn -0.582721 0.133365 -0.801654
v -0.13083 0.500054 0.121256
vn -0.658582 -0.55584 0.507259
v -0.105586 0.515643 0.146881
vn -0.328077 -0.476255 0.81581
v -0.00436914 0.533313 0.149685
vn 0.0123783 0.83866 0.544515
v 0.00298344 0.543673 0.0984188
vn 0.592722 0.805081 0.0229357
v -0.00026136 0.551382 0.0757499
vn 0.564122 0.804641 -0.185254
v -0.0365944 0.559333 0.0230779
vn 0.431535 0.662358 -0.612421
v -0.102055 0.544913 0.00946194
vn -0.698201 0.619788 -0.358299
v -0.0739685 0.566851 0.00453744
vn -0.017103 0.902666 -0.430001
v -0.140593 0.495786 0.110607
vn -0.716286 -0.610008 0.338857
v -0.0971932 0.558981 0.00644477
vn -0.578533 0.802924 0.14357
v 0.00748411 0.549716 0.114016
vn 0.55581 0.799185 0.228863
v -0.0534685 0.56228 0.012525
vn 0.444845 0.600176 -0.664757
v -0.101998 0.547117 0.025482
vn -0.603442 0.785808 0.135509
v -0.0890963 0.542906 0.153962
vn 0.10097 -0.235487 0.966618
v -0.0270173 0.540134 0.12815
vn 0.218509 0.610861 0.760988
v -0.00734191 0.535759 0.138392
vn 0.200569 0.883265 0.42381
v -0.0140579 0.55497 0.0589168
vn 0.512191 0.850019 -0.122999
v -0.101434 0.54297 0.0357738
vn -0.581648 0.515649 -0.62912
v -0.0434064 0.536293 0.139454
vn 0.574377 -0.0638818 0.816094
v -0.00597904 0.549801 0.0816421
vn 0.234975 0.959738 0.153912
v -0.045069 0.566757 0.027264
vn -0.095224 0.96817 0.23147
v -0.126914 0.529551 0.0449816
vn -0.571593 0.244424 -0.783287
v -0.136249 0.527943 0.0652224
vn -0.906746 -0.215627 -0.362376
v -0.147051 0.510305 0.103516
vn -0.958656 -0.280282 0.0491981
v -0.0124476 0.546564 0.139792
vn 0.171107 0.862041 0.477083
v -0.00198475 0.547039 0.105617
vn -0.0670382 0.980659 0.183885
v -0.0616468 0.563603 0.0182894
vn -0.274342 0.859273 0.431725
v -0.140593 0.506985 0.117914
vn -0.741762 -0.40733 0.532795
v -0.138191 0.523365 0.0816902
vn -0.926739 -0.196014 -0.32052
v -0.142407 0.509732 0.0939613
vn -0.932541 0.031526 -0.359684
v -0.129914 0.50955 0.133007
vn -0.672088 -0.374931 0.638533
v -0.0354976 0.556506 0.0569803
vn 0.17156 0.899892 -0.400951
v -0.0491724 0.555337 0.0383772
vn -0.519214 0.790358 0.325193
v -0.057103 0.552442 0.0423793
vn 0.137787 0.735213 -0.663684
v -0.121611 0.511847 0.14281
vn -0.451935 -0.231195 0.86157
v -0.0974325 0.525746 0.155394
vn -0.0740569 -0.255779 0.963895
v -0.0422018 0.540863 0.133988
vn 0.468 0.642082 0.607213
v -0.0181205 0.548247 0.0977131
vn 0.0921669 0.960981 0.26081
v -0.0252442 0.550432 0.0830792
vn 0.505122 0.841791 0.190366
v -0.0273138 0.551505 0.0978079
vn 0.608726 0.777663 0.157137
v -0.0349426 0.565687 0.0682576
vn 0.436938 0.852407 -0.287206
v -0.0211733 0.554303 0.0722772
vn 0.401366 0.908363 0.117394
v -0.0262937 0.557152 0.0645537
vn -0.011405 0.982096 0.188037
v -0.0458779 0.559512 0.0545006
vn 0.38068 0.704265 -0.599243
v -0.0817381 0.553796 0.0358392
vn -0.024148 0.637254 -0.770275
v -0.0687538 0.5433 0.0311029
vn -0.296966 0.899148 0.321473
v -0.0879823 0.548571 0.0280813
vn -0.112169 0.991166 0.0707611
v -0.13832 0.539252 0.0546523
vn -0.667239 -0.166668 -0.725957
v -0.0220372 0.548624 0.117801
vn 0.403722 0.857986 0.317598
v -0.0338259 0.550805 0.118515
vn 0.516427 0.720483 0.462825
v -0.035879 0.565096 0.0815458
vn 0.73382 0.67911 0.0178389
v -0.0628125 0.558504 0.0403572
vn 0.264767 0.671622 -0.69197
v -0.112833 0.547227 0.0528662
vn -0.530551 0.24699 -0.810871
v -0.0556421 0.542489 0.149851
vn 0.603771 0.106988 0.789946
v -0.0325211 0.564112 0.0910626
vn 0.756832 0.634822 0.155582
v -0.0455181 0.546456 0.131912
vn 0.717541 0.391385 0.576154
v -0.0367173 0.561173 0.102402
vn 0.719965 0.6268 0.297947
v -0.0769612 0.565239 0.0470225
vn 0.113166 0.492056 -0.863177
v -0.0664045 0.566223 0.0529999
vn 0.304383 0.439902 -0.844889
v -0.109518 0.557897 0.0442208
vn -0.437358 0.159012 -0.885118
v -0.136509 0.502229 0.120704
vn 0.390205 -0.902968 -0.179968
v -0.0974976 0.562649 0.0459335
vn -0.0782542 0.439279 -0.894936
v -0.146497 0.51394 0.107248
vn 0.33636 -0.696374 -0.633975
v -0.133735 0.520381 0.134381
vn 0.791306 -0.553693 0.259343
v -0.121815 0.521036 0.140533
vn -0.449173 -0.248859 0.858087
v -0.042029 0.561087 0.119202
vn 0.811391 0.476091 0.339091
v -0.0449966 0.568536 0.0712379
vn 0.62609 0.639339 -0.446381
v -0.0545492 0.569436 0.0570158
vn 0.646018 0.473325 -0.598853
v -0.145115 0.53191 0.0725252
vn -0.77735 -0.457157 -0.432128
v -0.147244 0.515258 0.0981536
vn -0.685289 -0.540302 -0.488316
v -0.0525325 0.557812 0.13668
vn 0.767295 0.300563 0.566498
v -0.15759 0.505926 0.105433
vn -0.0979573 -0.853293 -0.512148
v -0.160799 0.499825 0.122335
vn -0.0715214 -0.993509 -0.0884556
v -0.15071 0.503951 0.133651
vn 0.00353674 -0.99296 -0.118396
v -0.158334 0.506419 0.130891
vn -0.247853 -0.865312 0.435665
v -0.151897 0.498511 0.140769
vn -0.423065 -0.864264 0.272147
v -0.136754 0.500876 0.145354
vn 0.618886 -0.770968 0.150295
v -0.0582797 0.551303 0.146557
vn 0.433155 0.510467 0.742832
v -0.127796 0.55076 0.0560759
vn -0.0904464 0.17518 -0.980373
v -0.164044 0.508598 0.112695
vn -0.711264 -0.623238 -0.325083
v -0.103552 0.529448 0.152095
vn -0.384103 -0.0472563 0.92208
v -0.127807 0.52342 0.143766
vn 0.757955 -0.602789 -0.249298
v -0.0728885 0.548696 0.157166
vn 0.231924 0.0324924 0.972191
v -0.143224 0.545942 0.0644376
vn -0.880314 -0.282647 -0.380996
v -0.150831 0.523764 0.0874076
vn 0.0944191 -0.676918 -0.729977
v -0.175676 0.502373 0.127074
vn -0.783294 -0.620983 -0.0288182
v -0.153797 0.508662 0.142794
vn -0.513908 -0.452286 0.728928
v -0.147214 0.506258 0.14726
vn -0.287246 -0.431945 0.854935
v -0.146321 0.533342 0.0809721
vn -0.761246 -0.399316 -0.510931
v -0.168131 0.526388 0.0953476
vn -0.624744 -0.609846 -0.487631
v -0.16431 0.536128 0.0782591
vn -0.231798 -0.54695 -0.804435
v -0.111609 0.534916 0.149795
vn 0.395932 -0.818069 0.417134
v -0.0607388 0.589813 0.0708462
vn 0.754456 0.476433 -0.45145
v -0.064877 0.589317 0.0567246
vn 0.622663 0.413763 -0.664147
v -0.125174 0.562062 0.0539921
vn -0.191084 -0.100351 -0.976431
v -0.162155 0.509788 0.13904
vn -0.278165 -0.705398 0.651949
v -0.133214 0.525687 0.160564
vn -0.24197 -0.596961 0.764911
v -0.117798 0.524401 0.162481
vn 0.739816 -0.672808 0.00122479
v -0.0504201 0.579862 0.0925918
vn 0.950604 0.282944 0.127648
v -0.0479631 0.584979 0.0831509
vn 0.849299 0.0685361 -0.523444
v -0.0777982 0.598889 0.0567477
vn 0.234297 0.360876 -0.902704
v -0.0953748 0.543123 0.156839
vn 0.195719 -0.45021 0.871209
v -0.0521034 0.578381 0.0993537
vn 0.926709 0.233908 0.294105
v -0.146586 0.545878 0.0732416
vn -0.558737 -0.364681 -0.744863
v -0.0481765 0.579615 0.113428
vn 0.876028 0.417753 0.24095
v -0.0843788 0.587119 0.0536508
vn 0.0583478 0.256713 -0.964725
v -0.169854 0.522064 0.120933
vn -0.951979 -0.303817 0.0378407
v -0.149573 0.519446 0.152375
vn -0.210222 -0.632416 0.745558
v -0.104803 0.574785 0.0505987
vn -0.0390689 0.144709 -0.988703
v -0.173418 0.513833 0.133387
vn -0.97701 -0.0221309 0.212044
v -0.159534 0.519788 0.145931
vn -0.330632 -0.674167 0.66044
v -0.122542 0.528642 0.165046
vn -0.0872668 -0.54272 0.835368
v -0.075647 0.562853 0.145381
vn 0.78303 -0.013481 0.621837
v -0.0652327 0.567135 0.140878
vn 0.389007 0.237314 0.890144
v -0.143362 0.557894 0.0531685
vn -0.619167 -0.0908076 -0.779991
v -0.102314 0.543423 0.159935
vn 0.676274 -0.711266 0.191712
v -0.120702 0.568669 0.0536595
vn -0.261769 0.00266575 -0.965127
v -0.139664 0.568941 0.0543339
vn -0.48811 -0.00796749 -0.872746
v -0.0831753 0.556956 0.156552
vn 0.468345 -0.134648 0.873225
v -0.0549299 0.573626 0.136554
vn 0.699472 0.435097 0.566948
v -0.169331 0.542241 0.0758579
vn -0.293395 -0.568129 -0.768862
v -0.177608 0.536805 0.0923623
vn -0.504173 -0.607259 -0.614041
v -0.186628 0.532688 0.102243
vn -0.774242 -0.57044 -0.274131
v -0.185601 0.536958 0.11342
vn -0.734453 -0.650302 0.194128
v -0.170928 0.518372 0.144794
vn -0.762713 -0.380189 0.523187
v -0.145886 0.529741 0.159417
vn -0.137297 -0.518756 0.843826
v -0.111123 0.537721 0.169911
vn 0.479153 -0.650666 0.589107
v -0.0936801 0.551821 0.16033
vn 0.663866 -0.626478 0.40842
v -0.0537187 0.586226 0.108358
vn 0.823532 -0.174478 0.539771
v -0.0400349 0.598364 0.104537
vn 0.6076 -0.492956 0.62275
v -0.0371569 0.590396 0.0930201
vn 0.772169 -0.634919 0.0251543
v -0.0412961 0.597377 0.0739686
vn 0.590301 -0.168513 -0.789397
v -0.112331 0.582277 0.0469976
vn -0.00509554 0.13932 -0.990234
v -0.169171 0.531966 0.135882
vn -0.982606 -0.178601 -0.0508651
v -0.117913 0.538421 0.173342
vn 0.290304 -0.584402 0.757758
v -0.0556503 0.595145 0.0785469
vn 0.226109 -0.186519 -0.956078
v -0.148949 0.55925 0.0720018
vn -0.424123 -0.303853 -0.853108
v -0.175311 0.54285 0.0835875
vn -0.617029 -0.629436 -0.472319
v -0.100473 0.546857 0.174211
vn 0.578862 -0.635373 0.511097
v -0.0568999 0.585271 0.116432
vn 0.785263 0.46046 0.41393
v -0.0348843 0.598227 0.0885793
vn 0.871067 0.384639 -0.305441
v -0.063044 0.598577 0.0769317
vn 0.537941 0.32353 -0.778427
v -0.130185 0.581659 0.0532507
vn -0.357688 0.0644749 -0.931613
v -0.167047 0.524815 0.155425
vn -0.282969 -0.718122 0.635791
v -0.0335166 0.602724 0.10119
vn 0.966212 0.257748 -2.74041e-05
v -0.164859 0.551801 0.0711052
vn -0.131699 -0.148761 -0.980064
v -0.0853966 0.563375 0.164888
vn 0.794563 -0.34704 0.49823
v -0.17649 0.534351 0.133113
vn -0.567869 -0.821335 0.054159
v -0.173718 0.526878 0.145056
vn -0.55914 -0.824398 0.0879245
v -0.111516 0.547092 0.173949
vn 0.0726059 -0.40235 0.912602
v -0.0677403 0.580837 0.14121
vn 0.829749 0.110199 0.547149
v -0.0494521 0.614195 0.0837655
vn 0.881405 0.293368 -0.370216
v -0.0720501 0.611131 0.0706895
vn 0.682401 0.178263 -0.708908
v -0.154621 0.567738 0.0673344
vn -0.452829 -0.24941 -0.856003
v -0.178926 0.551183 0.0749114
vn -0.726104 0.0172002 -0.68737
v -0.145281 0.536773 0.16505
vn -0.267468 -0.708451 0.653114
v -0.131051 0.537998 0.177248
vn -0.168187 -0.656888 0.73499
v -0.056586 0.59806 0.117349
vn 0.616013 -0.294113 0.730771
v -0.0460885 0.613259 0.092655
vn 0.938662 0.100415 -0.329894
v -0.0960166 0.601619 0.0575604
vn 0.0983746 0.282317 -0.954264
v -0.186968 0.548785 0.0918597
vn -0.801035 -0.115376 -0.587394
v -0.0663031 0.590807 0.147815
vn 0.980408 -0.116257 0.159014
v -0.0594482 0.594872 0.122862
vn 0.931247 0.0882464 0.353541
v -0.0514509 0.60933 0.0710669
vn -0.0660735 0.243256 -0.967709
v -0.0625325 0.603758 0.0833345
vn -0.141241 0.19265 -0.97105
v -0.166543 0.5614 0.0755001
vn -0.389296 0.0461863 -0.919954
v -0.170537 0.530774 0.156486
vn -0.332057 -0.40745 0.850719
v -0.124119 0.592618 0.0528218
vn -0.0281043 0.177789 -0.983667
v -0.178346 0.528695 0.147883
vn -0.770763 -0.598479 0.21851
v -0.124059 0.547447 0.18265
vn 0.416994 -0.120706 0.900859
v -0.0708353 0.582619 0.159186
vn 0.6977 -0.246199 0.672756
v -0.0836527 0.606251 0.0604839
vn 0.317283 0.124423 -0.940133
v -0.117665 0.554635 0.177548
vn 0.195466 -0.34563 0.917787
v -0.105221 0.559178 0.18052
vn 0.104287 -0.215889 0.970833
v -0.0437283 0.617683 0.100977
vn 0.99109 0.106063 -0.0805674
v -0.151116 0.579098 0.0630692
vn -0.369305 0.0129264 -0.929218
v -0.177344 0.562298 0.0882751
vn -0.829669 0.0204705 -0.55788
v -0.195229 0.552635 0.110968
vn -0.939747 -0.329839 -0.0899038
v -0.183404 0.536902 0.142222
vn -0.75482 -0.614073 0.230566
v -0.173637 0.537046 0.155228
vn -0.558631 -0.465331 0.686585
v -0.0890691 0.566777 0.179754
vn 0.722569 -0.284815 0.629901
v -0.0883868 0.578681 0.161881
vn 0.829185 -0.275008 0.486645
v -0.0391646 0.608599 0.111042
vn 0.666889 0.108344 0.737239
v -0.0486894 0.622772 0.0773845
vn 0.470963 0.0181436 -0.881966
v -0.0561451 0.620906 0.0785585
vn -0.0427811 0.162255 -0.985821
v -0.155945 0.539138 0.168316
vn -0.2218 -0.70763 0.670869
v -0.158328 0.577213 0.0674193
vn -0.385097 -0.479651 -0.788439
v -0.173631 0.570994 0.0768327
vn -0.702133 -0.1656 -0.692522
v -0.0413113 0.623096 0.083555
vn 0.748156 -0.353596 -0.561456
v -0.0620608 0.61224 0.0785831
vn 0.567243 -0.308146 -0.763728
v -0.192174 0.544736 0.124232
vn -0.923818 -0.345151 0.165625
v -0.159782 0.547256 0.176313
vn -0.456546 -0.522675 0.719984
v -0.0654111 0.608501 0.122087
vn 0.974929 0.0286579 0.220662
v -0.0354293 0.625054 0.0956607
vn 0.950501 -0.310392 0.0143306
v -0.0664227 0.623375 0.0725304
vn 0.727015 0.160988 -0.667482
v -0.100219 0.624069 0.0614892
vn 0.127664 0.154545 -0.979703
v -0.0909621 0.624867 0.0597682
vn -0.133817 -0.0267357 -0.990645
v -0.166731 0.584137 0.0627245
vn -0.761916 -0.0155787 -0.647489
v -0.175966 0.544739 0.155547
vn -0.672406 -0.383234 0.633247
v -0.184233 0.544036 0.147081
vn -0.84419 -0.336333 0.417401
v -0.148845 0.571264 0.194798
vn -0.0121799 -0.407227 0.913246
v -0.0544062 0.608601 0.120502
vn 0.374507 0.394453 0.839137
v -0.105063 0.619034 0.0576097
vn 0.195821 0.108194 -0.974653
v -0.144475 0.600252 0.0635505
vn 0.263804 -0.19436 -0.944792
v -0.153071 0.586964 0.0608748
vn 0.659748 -0.5108 -0.551195
v -0.0535554 0.618892 0.10752
vn 0.263364 0.382778 0.885506
v -0.0426178 0.620691 0.109025
vn 0.671701 -0.107267 0.733016
v -0.0472798 0.63686 0.0796543
vn 0.318857 -0.00426834 -0.947793
v -0.133391 0.613642 0.0575454
vn -0.317041 -0.0547045 -0.946833
v -0.178155 0.587305 0.0790619
vn -0.799322 -0.0167164 -0.60067
v -0.0805504 0.576298 0.171583
vn 0.782897 -0.508951 -0.357829
v -0.0743445 0.606537 0.164885
vn 0.867732 -0.268895 0.418015
v -0.041696 0.635845 0.0810786
vn 0.910973 0.125175 -0.393014
v -0.0548644 0.628815 0.0793982
vn -0.028236 -0.0487445 -0.998412
v -0.14866 0.601964 0.0446536
vn 0.482693 -0.403624 -0.777236
v -0.158272 0.590036 0.0525199
vn -0.671496 -0.234474 -0.702934
v -0.160947 0.580488 0.0595318
vn -0.0356447 -0.694878 -0.718244
v -0.19866 0.572831 0.118562
vn -0.955939 -0.171705 0.238111
v -0.1826 0.551167 0.15647
vn -0.0196516 -0.958643 0.283931
v -0.0928194 0.575671 0.1764
vn 0.248582 -0.0454438 0.967544
v -0.0639988 0.607869 0.155778
vn 0.955246 -0.0587272 0.289923
v -0.0633841 0.620105 0.112245
vn 0.829172 -0.314976 0.461804
v -0.193785 0.58008 0.103482
vn -0.679571 0.0693418 -0.730326
v -0.167653 0.550364 0.167698
vn -0.626761 -0.490448 0.605501
v -0.0754414 0.583615 0.180997
vn 0.613711 -0.314716 0.724095
v -0.0475326 0.62721 0.110693
vn 0.436529 -0.624968 0.647192
v -0.0438857 0.631778 0.110128
vn 0.819481 -0.269695 0.505683
v -0.0358225 0.6311 0.0970249
vn 0.99346 0.112617 0.0188505
v -0.0831007 0.642734 0.0586731
vn 0.473801 0.218221 -0.853166
v -0.124454 0.614191 0.05434
vn 0.00188228 0.00203028 -0.999996
v -0.202518 0.575502 0.110407
vn -0.956571 -0.00897752 -0.29136
v -0.186927 0.549284 0.140693
vn -0.601848 -0.798599 -0.00433897
v -0.0819981 0.590621 0.174039
vn -0.197641 0.0815447 0.976877
v -0.0705231 0.602319 0.167839
vn 0.959206 -0.13948 -0.245904
v -0.0544534 0.640881 0.0764932
vn 0.0359255 0.00368133 -0.999348
v -0.160255 0.605113 0.0509328
vn -0.895475 0.15667 -0.416627
v -0.19168 0.558887 0.137773
vn -0.954023 -0.126016 0.271957
v -0.194027 0.544552 0.162892
vn 0.176484 -0.98095 -0.0811765
v -0.175883 0.554155 0.162387
vn 0.137363 -0.921056 0.3644
v -0.145366 0.619255 0.0432913
vn 0.789979 0.0765465 -0.608337
v -0.107203 0.578627 0.184201
vn 0.329951 -0.171653 0.92826
v -0.127531 0.576144 0.193159
vn 0.198781 -0.309195 0.929992
v -0.151023 0.61555 0.0483343
vn -0.596893 0.207915 -0.774913
v -0.161567 0.600278 0.0693245
vn -0.777488 0.257592 -0.573723
v -0.139477 0.574191 0.185268
vn 0.284942 -0.267868 0.920356
v -0.092588 0.590195 0.179676
vn 0.431661 -0.112478 0.894996
v -0.0622779 0.618719 0.132536
vn 0.964885 -0.252369 0.0728539
v -0.054309 0.626362 0.123585
vn 0.962205 -0.147134 0.229157
v -0.0373228 0.641162 0.108525
vn 0.945857 0.178691 0.270971
v -0.0402322 0.644612 0.101093
vn 0.974712 0.0202952 -0.22254
v -0.0421177 0.646927 0.0821531
vn 0.773397 0.0329502 -0.633065
v -0.0685209 0.635991 0.0794478
vn 0.168125 0.130207 -0.977128
v -0.125289 0.627078 0.0528896
vn 0.0946259 0.129041 -0.987114
v -0.141625 0.616114 0.0558968
vn 0.417952 -0.00821797 -0.908432
v -0.190005 0.556137 0.139569
vn -0.911355 0.07401 -0.404913
v -0.19898 0.548976 0.152391
vn -0.860166 -0.177066 -0.478291
v -0.185291 0.547976 0.172694
vn 0.553632 -0.550926 0.624478
v -0.0969282 0.646026 0.0612037
vn -0.168219 0.0638567 -0.983679
v -0.194874 0.545781 0.17265
vn -0.754659 -0.0206768 0.655791
v -0.196282 0.549268 0.162774
vn -0.867542 -0.118604 0.483015
v -0.173732 0.557681 0.163183
vn -0.0715046 -0.54677 0.834224
v -0.157374 0.567517 0.190385
vn -0.572434 -0.355872 0.738698
v -0.0727621 0.604507 0.180633
vn -0.304107 -0.120045 0.945044
v -0.0722869 0.603846 0.178977
vn 0.96852 -0.153754 0.195775
v -0.0421168 0.639196 0.118834
vn 0.711392 -0.505971 0.487765
v -0.0748252 0.6464 0.0798873
vn 0.461075 0.238508 -0.854707
v -0.153385 0.618478 0.0513847
vn -0.723455 0.0687419 -0.68694
v -0.155156 0.616298 0.0604514
vn -0.892321 -0.181778 -0.413183
v -0.116491 0.591096 0.186651
vn 0.347001 -0.20944 0.91418
v -0.0649666 0.623013 0.150989
vn 0.924664 0.139021 0.354498
v -0.0545579 0.628937 0.121212
vn 0.447611 -0.515093 0.730975
v -0.0825633 0.602939 0.174737
vn 0.275791 -0.321613 0.905817
v -0.0610882 0.629945 0.135577
vn 0.939741 0.196979 0.279439
v -0.0358183 0.648609 0.0971264
vn 0.954656 0.250824 0.160374
v -0.0511792 0.647751 0.0802537
vn 0.175835 0.109752 -0.978282
v -0.192952 0.600929 0.10003
vn -0.820259 -0.14646 -0.552923
v -0.172925 0.56216 0.178399
vn -0.624337 -0.277377 0.73025
v -0.077361 0.648214 0.0704102
vn 0.812767 0.431357 -0.391587
v -0.136438 0.629928 0.0610551
vn -0.323917 0.260035 -0.909648
v -0.189687 0.568597 0.150435
vn -0.88101 0.101223 -0.462142
v -0.187351 0.561563 0.172669
vn -0.114773 -0.107728 0.987533
v -0.0393453 0.655127 0.0911798
vn 0.870391 0.259826 -0.418222
v -0.0505212 0.657426 0.0790561
vn 0.361451 0.346536 -0.865601
v -0.108435 0.643087 0.0629528
vn 0.200286 0.165417 -0.965672
v -0.19178 0.561413 0.164022
vn -0.750025 -0.116168 0.651128
v -0.0990093 0.596944 0.182689
vn 0.377823 -0.219884 0.899389
v -0.0441275 0.645092 0.124609
vn 0.446943 0.0778357 0.89117
v -0.0442987 0.647633 0.104421
vn 0.878596 0.367173 0.305373
v -0.0429983 0.65313 0.0947651
vn 0.90377 0.125604 0.409174
v -0.0670839 0.652846 0.0783297
vn -0.0349965 0.353345 -0.934838
v -0.144999 0.628944 0.0579394
vn 0.695626 0.281142 -0.661108
v -0.165421 0.616417 0.0678322
vn -0.952554 -0.234011 -0.194628
v -0.188104 0.610172 0.0901528
vn -0.586438 0.188757 -0.787694
v -0.196907 0.580235 0.124704
vn -0.958566 -0.171646 0.227353
v -0.179795 0.567968 0.173325
vn -0.198193 -0.0961724 0.975434
v -0.0456806 0.647864 0.113618
vn 0.983962 0.14654 0.101713
v -0.126788 0.636571 0.0539379
vn -0.063439 0.273413 -0.959803
v -0.151432 0.626926 0.0540962
vn -0.294569 0.0244352 -0.955318
v -0.190631 0.580546 0.1455
vn -0.946149 -0.275376 0.170209
v -0.203157 0.565863 0.159844
vn -0.998516 0.0346293 -0.0420247
v -0.0830478 0.607854 0.179927
vn 0.14727 -0.195802 0.969522
v -0.0511049 0.662434 0.0845102
vn 0.101114 0.33723 -0.935976
v -0.167896 0.624189 0.0570011
vn -0.772974 -0.176518 -0.609387
v -0.16398 0.574793 0.179321
vn -0.684137 -0.30353 0.663194
v -0.140156 0.588959 0.197568
vn 0.198788 -0.461114 0.864787
v -0.0698769 0.61687 0.179586
vn 0.964878 0.207081 -0.16164
v -0.0758018 0.619285 0.163367
vn 0.792405 0.209586 0.57286
v -0.0643576 0.641835 0.123676
vn 0.570712 0.0432265 0.820012
v -0.193786 0.594903 0.105159
vn -0.915951 0.0373478 -0.399549
v -0.0777732 0.613838 0.181815
vn -0.118385 -0.100659 0.987853
v -0.15096 0.635641 0.046183
vn 0.502398 0.299676 -0.811043
v -0.160235 0.577482 0.191723
vn -0.492684 -0.369824 0.787714
v -0.0743285 0.615502 0.170774
vn 0.800852 0.561215 -0.208985
v -0.0398493 0.65995 0.102549
vn 0.946857 0.141812 0.288707
v -0.125996 0.648797 0.0591234
vn -0.11096 0.348542 -0.930702
v -0.19662 0.575943 0.172488
vn -0.449487 -0.126997 0.884213
v -0.0972628 0.606574 0.187992
vn 0.395476 -0.235222 0.887845
v -0.0794691 0.654155 0.0793582
vn 0.512769 0.628772 -0.584563
v -0.164967 0.620339 0.0851645
vn -0.734037 0.0681936 -0.675677
v -0.19743 0.592923 0.119263
vn -0.9306 -0.295152 -0.216493
v -0.175864 0.578386 0.173614
vn -0.374132 -0.557324 0.741226
v -0.135377 0.599315 0.195598
vn 0.394867 -0.139083 0.90815
v -0.0679074 0.6509 0.136983
vn 0.933111 0.123712 0.337638
v -0.0439228 0.657849 0.116803
vn 0.714522 0.515818 0.472642
v -0.0528096 0.652052 0.119848
vn 0.475127 0.0676629 0.877312
v -0.184431 0.582053 0.1684
vn -0.195315 -0.474187 0.858486
v -0.0651268 0.646463 0.127697
vn 0.777934 -0.156309 0.608594
v -0.103387 0.658073 0.0645027
vn -0.012918 0.29264 -0.956135
v -0.143799 0.638256 0.0630112
vn 0.130025 0.548247 -0.826147
v -0.160302 0.641018 0.0529211
vn -0.530749 0.531416 -0.660229
v -0.164363 0.630543 0.0688874
vn -0.992041 -0.0680401 -0.105948
v -0.198344 0.581554 0.165099
vn -0.943661 -0.026541 -0.329849
v -0.171355 0.587916 0.193509
vn -0.209041 -0.819236 0.533999
v -0.154841 0.587676 0.193775
vn -0.191759 -0.438691 0.87794
v -0.0892087 0.616712 0.179044
vn 0.365939 0.105834 0.924602
v -0.0849638 0.624011 0.170753
vn 0.872313 0.474747 -0.116985
v -0.0471604 0.670759 0.0845343
vn 0.584756 0.429636 -0.688094
v -0.0659258 0.624582 0.186182
vn 0.615196 -0.0423746 0.787235
v -0.0712631 0.631286 0.159387
vn 0.706977 0.0115615 0.707142
v -0.0513739 0.66066 0.107855
vn 0.830069 0.277859 0.483508
v -0.071267 0.661493 0.0859541
vn -0.0105994 0.359095 -0.933241
v -0.0858723 0.624574 0.178511
vn 0.115706 -0.537609 0.835218
v -0.0516409 0.658138 0.122704
vn 0.858747 0.35095 0.373348
v -0.042255 0.668893 0.0971043
vn 0.931544 0.343924 -0.118073
v -0.0596982 0.67081 0.0842453
vn -0.0136584 0.433669 -0.900969
v -0.199314 0.602512 0.107801
vn -0.568547 -0.704066 -0.425493
v -0.183474 0.57906 0.181091
vn -0.152236 -0.886493 0.436983
v -0.195977 0.588184 0.150918
vn -0.536762 -0.825476 -0.174571
v -0.199593 0.583826 0.172607
vn -0.437051 -0.83474 0.334955
v -0.0988976 0.616198 0.18843
vn 0.341597 0.0368587 0.939124
v -0.0712811 0.644017 0.159216
vn 0.81002 0.0176132 0.586137
v -0.0978962 0.664405 0.066539
vn 0.454556 0.644048 -0.61529
v -0.127105 0.608079 0.201094
vn 0.267185 -0.43326 0.860754
v -0.107893 0.612472 0.190387
vn 0.470861 -0.13035 0.872524
v -0.157234 0.643474 0.0641857
vn -0.362275 0.852794 -0.376165
v -0.170168 0.634628 0.0694916
vn -0.963079 0.229947 -0.140011
v -0.202337 0.594866 0.130134
vn -0.398282 -0.874806 -0.275837
v -0.201905 0.594718 0.136399
vn -0.456707 -0.862305 -0.218742
v -0.0743286 0.62869 0.183053
vn 0.490061 0.755329 -0.435107
v -0.053926 0.658014 0.130401
vn 0.641547 0.0428537 0.765886
v -0.0389765 0.672067 0.107883
vn 0.770153 0.300643 0.562564
v -0.0901192 0.666445 0.0836162
vn 0.542699 0.59882 -0.588976
v -0.140645 0.650819 0.0670922
vn -0.278205 0.292891 -0.914777
v -0.21131 0.601688 0.117349
vn -0.688634 -0.290841 -0.664225
v -0.146012 0.59234 0.207863
vn 0.113306 -0.222135 0.96841
v -0.0786748 0.630211 0.188599
vn 0.0793004 0.378311 0.922275
v -0.0875164 0.632867 0.176248
vn 0.82651 0.437718 0.353954
v -0.050556 0.666908 0.112628
vn 0.516703 0.548454 0.657432
v -0.20053 0.586893 0.163387
vn -0.577225 -0.72337 -0.378876
v -0.0902795 0.646218 0.175013
vn 0.729065 0.150282 0.667742
v -0.0708282 0.674074 0.0849429
vn -0.188143 0.427592 -0.884176
v -0.112951 0.66603 0.0699561
vn 0.0494628 0.344438 -0.937505
v -0.157165 0.648404 0.0675626
vn -0.296806 0.288661 -0.910264
v -0.164816 0.643482 0.0766361
vn -0.541519 -0.161403 -0.825049
v -0.192747 0.584293 0.177711
vn -0.340625 -0.932043 0.123572
v -0.159199 0.593291 0.198125
vn 0.0218382 -0.729877 0.683229
v -0.148315 0.609924 0.200676
vn 0.21807 -0.135875 0.966428
v -0.0959583 0.628985 0.180245
vn -0.0605454 0.355542 0.932697
v -0.0869843 0.627839 0.189463
vn 0.100393 -0.156743 0.982524
v -0.0686798 0.65811 0.137178
vn 0.968593 0.167676 0.18361
v -0.0569014 0.663349 0.126486
vn 0.464307 0.770807 0.436206
v -0.0529133 0.682773 0.0956797
vn 0.283166 0.510758 -0.811754
v -0.191881 0.62323 0.0958512
vn -0.398536 -0.205444 -0.893846
v -0.202959 0.628236 0.101844
vn -0.89969 0.00141158 -0.436527
v -0.226597 0.59891 0.125802
vn -0.957557 0.0364359 -0.285932
v -0.219149 0.594831 0.137632
vn -0.880011 -0.474563 0.0192617
v -0.102867 0.631072 0.18606
vn 0.627992 -0.2105 0.74921
v -0.0526609 0.683676 0.0988948
vn 0.794035 0.597478 -0.111928
v -0.0866395 0.671364 0.0902459
vn 0.152342 0.575496 -0.80349
v -0.217884 0.584792 0.147787
vn -0.390795 -0.919458 0.0433023
v -0.20775 0.594262 0.160862
vn -0.443865 -0.879153 0.173418
v -0.0603334 0.672082 0.110471
vn 0.421995 0.753028 0.504846
v -0.0543986 0.678311 0.10215
vn 0.291753 0.495407 0.8182
v -0.182333 0.595569 0.197005
vn -0.0626333 -0.918523 0.390374
v -0.178199 0.590144 0.208016
vn -0.0653902 -0.794504 0.603727
v -0.164068 0.600031 0.201357
vn 0.357311 -0.556095 0.750391
v -0.126887 0.619369 0.205521
vn 0.297523 -0.0719423 0.952
v -0.0904558 0.635157 0.182695
vn 0.636248 0.177983 0.750673
v -0.142573 0.672349 0.0722639
vn -0.257215 0.28925 -0.922049
v -0.204636 0.633834 0.112599
vn -0.808236 -0.0295594 -0.588117
v -0.194967 0.5891 0.192508
vn -0.373865 -0.842104 0.388699
v -0.0677223 0.662503 0.152731
vn 0.944706 0.212171 0.25003
v -0.0690143 0.679258 0.0940657
vn -0.10842 0.803302 -0.58562
v -0.215662 0.591095 0.168302
vn -0.752768 -0.625546 0.205018
v -0.104538 0.672821 0.0733158
vn 0.388528 0.597114 -0.701784
v -0.209761 0.613762 0.122523
vn -0.93893 0.175272 -0.296125
v -0.201375 0.59198 0.185899
vn -0.701842 -0.434837 0.564211
v -0.0737982 0.670315 0.127685
vn 0.849924 0.43692 0.294498
v -0.161396 0.666025 0.0768977
vn -0.213373 0.429111 -0.877688
v -0.175006 0.596862 0.21571
vn -0.120813 -0.0488554 0.991472
v -0.0664412 0.676788 0.11269
vn 0.524193 0.47917 0.704001
v -0.128718 0.684677 0.0665788
vn -0.0289258 0.623047 -0.781649
v -0.215405 0.60231 0.15945
vn -0.992968 -0.11809 -0.00832104
v -0.156253 0.608455 0.212327
vn 0.448235 -0.229085 0.864063
v -0.0537131 0.684551 0.104242
vn 0.628476 0.382139 0.677487
v -0.0746537 0.680409 0.0971943
vn -0.0543692 0.0920447 -0.994269
v -0.0984944 0.683173 0.0858731
vn 0.391447 0.781957 -0.48509
v -0.19496 0.645713 0.0878208
vn -0.686047 0.0867711 -0.722365
v -0.104364 0.637976 0.192444
vn 0.489846 0.0189672 0.871603
v -0.21358 0.616095 0.155044
vn -0.992378 0.0410733 -0.116181
v -0.218867 0.599867 0.169186
vn -0.856691 -0.231201 0.461115
v -0.19809 0.596793 0.200494
vn -0.706254 -0.270733 0.654147
v -0.190406 0.604032 0.200042
vn -0.209409 -0.102904 0.972398
v -0.144165 0.635279 0.202207
vn 0.334855 -0.181822 0.924561
v -0.105605 0.654437 0.189951
vn 0.64913 0.0150817 0.760528
v -0.0927148 0.666967 0.172625
vn 0.64951 -0.134421 0.748376
v -0.065605 0.68488 0.104991
vn 0.429108 0.245524 0.869243
v -0.0722824 0.679452 0.115096
vn 0.958616 0.226108 0.173006
v -0.0621665 0.692108 0.0893615
vn 0.0220202 0.0130701 -0.999672
v -0.114533 0.680873 0.0765732
vn 0.325196 0.855161 -0.403666
v -0.174595 0.66652 0.0788425
vn -0.608864 0.315036 -0.728037
v -0.197662 0.601584 0.188695
vn -0.803015 -0.28974 0.520785
v -0.170081 0.609296 0.205826
vn -0.266574 0.0924169 0.959373
v -0.0775346 0.675631 0.168501
vn 0.793144 0.240608 0.559491
v -0.0688109 0.675194 0.146567
vn 0.984716 0.142864 0.0996177
v -0.130387 0.638397 0.202904
vn 0.364506 -0.0646907 0.928951
v -0.06705 0.680941 0.134053
vn 0.91961 -0.342896 -0.191678
v -0.0637215 0.701194 0.0953138
vn 0.243297 0.884405 -0.398289
v -0.0802654 0.676088 0.148001
vn 0.7001 0.694631 0.165369
v -0.0766343 0.689812 0.0972888
vn -0.344936 0.451362 -0.822977
v -0.0927587 0.683108 0.095079
vn 0.221277 0.611695 -0.759517
v -0.156168 0.631435 0.211782
vn 0.121837 -0.204095 0.97134
v -0.0752928 0.685161 0.114586
vn 0.980639 0.108078 0.163296
v -0.0636095 0.695104 0.106279
vn 0.65306 0.216048 0.725835
v -0.113289 0.686235 0.0992697
vn -0.02084 0.740957 -0.671229
v -0.215956 0.610736 0.175133
vn -0.780232 -0.358749 0.512383
v -0.0745502 0.676998 0.147463
vn 0.289103 0.215354 0.932761
v -0.215628 0.631783 0.1242
vn -0.948818 0.174758 -0.263068
v -0.217025 0.630717 0.143228
vn -0.947399 -0.16433 -0.274647
v -0.219363 0.613347 0.165945
vn -0.942093 -0.317223 -0.108771
v -0.206954 0.611559 0.189994
vn -0.751906 -0.407395 0.51833
v -0.197508 0.611051 0.204323
vn -0.698514 -0.204813 0.68566
v -0.0611836 0.684506 0.147147
vn 0.829584 0.147115 0.538654
v -0.0942003 0.687499 0.0975684
vn 0.0615648 0.25355 -0.965361
v -0.178993 0.627717 0.210144
vn -0.0545956 -0.177167 0.982665
v -0.0992309 0.663328 0.185494
vn 0.767314 -0.0977279 0.633781
v -0.145798 0.679277 0.0794702
vn -0.461607 0.54563 -0.699433
v -0.185849 0.660204 0.0994064
vn -0.77416 0.465248 -0.429209
v -0.194134 0.652423 0.10651
vn -0.834964 0.342037 -0.431098
v -0.113197 0.652162 0.198914
vn 0.480416 -0.196374 0.854773
v -0.065907 0.689566 0.13072
vn 0.794526 0.565495 -0.221233
v -0.0791716 0.691494 0.104833
vn 0.0296642 0.693489 -0.719856
v -0.121408 0.684782 0.0896351
vn 0.352998 0.87282 -0.337014
v -0.160647 0.677151 0.0855047
vn -0.169103 0.546673 -0.820093
v -0.138516 0.694793 0.0950097
vn 0.200691 0.87862 -0.433301
v -0.225988 0.627249 0.156039
vn -0.954938 -0.202771 -0.216742
v -0.076661 0.691504 0.126558
vn 0.938433 0.306485 -0.159409
v -0.0808345 0.698226 0.107744
vn -0.0118191 0.567971 -0.822964
v -0.205811 0.647695 0.109796
vn -0.752074 0.266578 -0.602761
v -0.189196 0.623086 0.211639
vn -0.243315 -0.280673 0.928451
v -0.146157 0.644648 0.213047
vn 0.264492 -0.0333256 0.963812
v -0.0879603 0.685323 0.150439
vn 0.684424 0.71446 0.145296
v -0.074677 0.690495 0.14319
vn 0.146721 0.495476 0.85614
v -0.0716014 0.69674 0.113793
vn 0.883043 -0.218496 0.415324
v -0.100822 0.697736 0.0945424
vn 0.0972714 0.353271 -0.93045
v -0.0913547 0.688072 0.168427
vn 0.719108 0.680824 0.139152
v -0.109275 0.701823 0.101431
vn -0.017951 0.511462 -0.859119
v -0.203318 0.653397 0.119606
vn -0.911641 0.34657 -0.220908
v -0.207324 0.648642 0.137149
vn -0.855645 0.119299 -0.503626
v -0.22237 0.625534 0.176021
vn -0.916329 -0.16318 0.365669
v -0.205889 0.623454 0.195302
vn -0.663445 -0.183086 0.725479
v -0.115048 0.667631 0.200999
vn 0.490083 0.0134138 0.871573
v -0.108945 0.6773 0.196964
vn 0.558449 0.127893 0.819621
v -0.0736523 0.698574 0.141816
vn 0.620174 0.393929 0.678383
v -0.0746763 0.698589 0.123442
vn 0.861696 -0.322234 0.391975
v -0.142293 0.690363 0.0872767
vn -0.35234 0.739644 -0.573395
v -0.177037 0.680238 0.100345
vn -0.812467 0.364541 -0.45498
v -0.195725 0.626875 0.201514
vn -0.708913 -0.000179675 0.705296
v -0.126611 0.665453 0.204288
vn 0.233804 0.0519565 0.970894
v -0.0954754 0.682521 0.187413
vn 0.710117 0.239786 0.661994
v -0.0881694 0.689278 0.141069
vn 0.236154 0.288095 0.928026
v -0.066066 0.706204 0.11535
vn 0.936595 0.247863 0.247698
v -0.172276 0.684707 0.0876027
vn -0.445129 0.531854 -0.72041
v -0.0745601 0.704623 0.114418
vn 0.0177909 0.750296 -0.660863
v -0.222046 0.635672 0.147184
vn -0.873345 0.181598 -0.451986
v -0.0747233 0.703363 0.126101
vn 0.841835 0.383739 0.379549
v -0.13401 0.700823 0.107841
vn 0.301591 0.700152 -0.647171
v -0.192749 0.634665 0.211122
vn -0.369578 0.266398 0.890193
v -0.168815 0.641608 0.215233
vn -0.08439 -0.00899681 0.996392
v -0.0737693 0.703427 0.134577
vn 0.843416 0.530891 0.082492
v -0.095229 0.70829 0.108925
vn 0.307864 0.442319 -0.842362
v -0.0990858 0.693107 0.146937
vn 0.68107 0.615791 0.396164
v -0.122294 0.698099 0.105974
vn -0.265752 0.379593 -0.886163
v -0.160474 0.69086 0.0940681
vn -0.143311 0.660814 -0.73674
v -0.198172 0.662292 0.109218
vn -0.750999 0.330237 -0.571789
v -0.223559 0.633858 0.1667
vn -0.864468 0.448224 0.227575
v -0.182657 0.64028 0.203819
vn -0.362884 0.159097 0.918152
v -0.146915 0.653203 0.205528
vn 0.181332 0.243871 0.952705
v -0.086998 0.702378 0.144266
vn 0.316838 -0.0549332 0.946888
v -0.0765263 0.711788 0.119537
vn 0.477535 0.876998 0.0532437
v -0.0953062 0.694915 0.165173
vn 0.740437 0.671903 0.0172924
v -0.0852771 0.711964 0.113126
vn 0.268555 0.717914 -0.642245
v -0.219791 0.648617 0.14937
vn -0.969204 -0.072425 -0.23537
v -0.217695 0.643842 0.157721
vn -0.974959 0.210147 0.0727487
v -0.20893 0.639493 0.193966
vn -0.262848 -0.326891 0.907774
v -0.0843411 0.711344 0.126879
vn 0.563897 0.802426 0.195276
v -0.122765 0.682108 0.200844
vn 0.339689 0.333362 0.879478
v -0.100702 0.696491 0.178238
vn 0.348543 0.779255 0.520844
v -0.0876876 0.712265 0.140031
vn 0.565828 0.733341 0.376893
v -0.219929 0.63537 0.190225
vn -0.901834 0.00250452 0.432075
v -0.202853 0.645335 0.196324
vn 0.070021 -0.424935 0.902512
v -0.168999 0.656445 0.217487
vn -0.150339 0.298257 0.942571
v -0.117871 0.708095 0.108469
vn -0.266575 0.102527 -0.958346
v -0.172612 0.694434 0.0990589
vn -0.557222 0.737996 -0.380612
v -0.203761 0.668106 0.130548
vn -0.869833 0.458353 -0.182494
v -0.214081 0.642696 0.170844
vn -0.984795 0.160504 0.0664648
v -0.141864 0.66936 0.205568
vn -0.0142376 0.15679 0.987529
v -0.0855248 0.713499 0.120648
vn 0.383917 0.923293 0.0117682
v -0.103901 0.710334 0.103943
vn 0.168653 0.361206 -0.917108
v -0.113958 0.688903 0.190072
vn 0.263845 0.692345 0.671598
v -0.10599 0.699077 0.149391
vn 0.851763 0.152986 0.501093
v -0.095506 0.713941 0.114617
vn 0.498377 0.665956 -0.555088
v -0.09043 0.709622 0.14626
vn 0.592523 0.0979303 0.799579
v -0.127499 0.704503 0.110608
vn -0.101366 0.0506226 -0.99356
v -0.154009 0.70023 0.10135
vn -0.0730303 0.693055 -0.717176
v -0.218175 0.643182 0.182965
vn -0.078476 -0.808927 -0.582648
v -0.214349 0.640392 0.189961
vn 0.0584312 -0.930652 -0.36121
v -0.181524 0.650745 0.206172
vn -0.63424 0.16575 0.75516
v -0.103629 0.703374 0.164339
vn 0.669036 0.737091 0.0953266
v -0.220932 0.6632 0.136984
vn -0.744275 0.482665 -0.461617
v -0.190061 0.651902 0.200794
vn -0.246265 0.299098 0.921897
v -0.158027 0.668089 0.206058
vn -0.0575644 0.500426 0.863864
v -0.198092 0.653078 0.200951
vn 0.300899 -0.224506 0.926853
v -0.107114 0.716244 0.105244
vn 0.15964 0.154051 -0.975081
v -0.218683 0.648819 0.179674
vn -0.108913 -0.896226 -0.43002
v -0.220627 0.651155 0.166969
vn -0.89748 -0.390004 -0.205977
v -0.224616 0.629541 0.204486
vn 0.261846 -0.964815 -0.0238321
v -0.141954 0.707626 0.108909
vn 0.0294373 0.819476 -0.572357
v -0.178551 0.68925 0.111128
vn -0.630228 0.625081 -0.460529
v -0.190837 0.68683 0.118566
vn -0.750639 0.516177 -0.412436
v -0.226043 0.639045 0.201267
vn -0.775326 -0.438863 0.454168
v -0.229897 0.634044 0.194135
vn -0.127015 -0.958506 -0.255213
v -0.225023 0.635848 0.208947
vn 0.193786 -0.618668 0.761378
v -0.179784 0.662128 0.201436
vn -0.370332 0.544967 0.75224
v -0.133246 0.690347 0.204696
vn 0.0598503 0.588048 0.806608
v -0.111694 0.703829 0.165642
vn 0.119759 0.831046 0.543158
v -0.106044 0.70952 0.158906
vn 0.694789 0.000749458 0.719213
v -0.0967047 0.717138 0.142329
vn 0.494535 0.853864 0.162331
v -0.0999151 0.722025 0.123665
vn 0.466701 0.875189 -0.127415
v -0.0992204 0.718993 0.109991
vn 0.467263 0.850077 -0.242971
v -0.144784 0.680345 0.197181
vn -0.16887 0.26399 0.949628
v -0.12733 0.693204 0.189962
vn 0.346017 0.710401 0.612864
v -0.122409 0.717707 0.105707
vn -0.31923 0.320788 -0.891733
v -0.133471 0.710952 0.109978
vn -0.419619 0.571178 -0.705461
v -0.153952 0.705227 0.106583
vn -0.291266 0.919601 -0.263626
v -0.217289 0.66334 0.154604
vn -0.812162 0.578227 -0.0777627
v -0.201526 0.662026 0.145796
vn -0.640524 0.766511 -0.0468058
v -0.220258 0.646006 0.214092
vn 0.339477 -0.0016245 0.940613
v -0.11951 0.696071 0.180321
vn 0.361342 0.779432 0.511778
v -0.109552 0.725761 0.109265
vn 0.144091 0.967383 -0.208346
v -0.234051 0.640159 0.181189
vn 0.0102385 -0.821051 -0.570763
v -0.226165 0.649903 0.173698
vn -0.737372 0.0992891 -0.668149
v -0.237165 0.64057 0.186304
vn -0.80917 0.0415292 -0.586106
v -0.238478 0.638185 0.192842
vn -0.70433 -0.605455 0.370598
v -0.203849 0.650999 0.205052
vn 0.349891 0.254508 0.901556
v -0.103065 0.715124 0.15083
vn 0.772633 0.313283 0.55217
v -0.107995 0.717432 0.122082
vn 0.219189 0.922911 -0.316531
v -0.164092 0.701366 0.117756
vn -0.501198 0.864407 -0.0400236
v -0.214274 0.658835 0.166902
vn -0.900954 0.159216 -0.403649
v -0.230032 0.6463 0.209768
vn -0.756314 -0.27848 0.591978
v -0.196814 0.660691 0.198083
vn -0.0664374 0.319209 0.945353
v -0.159038 0.680967 0.200721
vn -0.151936 0.279999 0.947901
v -0.103923 0.718523 0.133653
vn 0.66305 0.748172 0.0245783
v -0.186684 0.692368 0.125951
vn -0.66909 0.741856 0.0443588
v -0.214252 0.667512 0.158782
vn -0.793446 0.398167 -0.460333
v -0.17019 0.677075 0.194733
vn -0.29403 0.414996 0.861002
v -0.119852 0.723042 0.115498
vn -0.0872265 0.984967 -0.149105
v -0.140523 0.708427 0.119289
vn -0.369868 0.820583 -0.435708
v -0.232393 0.651588 0.183113
vn -0.758022 0.15343 -0.633926
v -0.240706 0.646126 0.189619
vn -0.976922 -0.0093926 -0.213391
v -0.235808 0.647016 0.198229
vn -0.855595 -0.0652341 0.51352
v -0.203933 0.66107 0.194209
vn 0.0021269 0.0724924 0.997367
v -0.211465 0.656643 0.200857
vn 0.302635 0.569507 0.764247
v -0.147695 0.690853 0.199211
vn -0.29236 0.633293 0.716566
v -0.123559 0.705581 0.167216
vn 0.606441 0.2504 0.754672
v -0.125603 0.718621 0.11561
vn -0.426231 0.774926 -0.466709
v -0.142183 0.705235 0.179683
vn 0.0286197 0.677315 0.735136
v -0.0974945 0.721719 0.141403
vn 0.820477 0.531301 0.211037
v -0.154904 0.708764 0.124856
vn -0.53652 0.710957 -0.454629
v -0.195895 0.67995 0.147013
vn -0.840474 0.34305 -0.419428
v -0.203027 0.672147 0.153956
vn -0.651195 0.311059 -0.692234
v -0.10864 0.730901 0.124157
vn 0.576773 0.647822 -0.497654
v -0.118725 0.728298 0.124745
vn -0.311642 0.775514 -0.549052
v -0.224376 0.661107 0.172522
vn -0.764111 0.220459 -0.606244
v -0.239879 0.655718 0.19024
vn -0.939052 0.302923 -0.162537
v -0.176171 0.680026 0.193295
vn -0.122545 0.439288 0.889949
v -0.129375 0.712479 0.178687
vn 0.458506 0.497012 0.736716
v -0.111743 0.720932 0.167423
vn 0.646648 0.337782 0.683922
v -0.133131 0.721411 0.122041
vn -0.480744 0.785285 -0.390144
v -0.187761 0.684787 0.142476
vn -0.611792 0.689063 -0.388462
v -0.230388 0.657636 0.208237
vn -0.340765 0.446436 0.82739
v -0.107654 0.729574 0.137655
vn 0.831397 0.538936 -0.135374
v -0.145587 0.716666 0.12697
vn -0.382093 0.744365 -0.547655
v -0.19846 0.664508 0.202836
vn 0.214365 -0.768959 0.602286
v -0.190904 0.673105 0.194366
vn 0.414572 0.002444 0.910013
v -0.156207 0.697205 0.184616
vn -0.105858 0.528673 0.842199
v -0.227591 0.659908 0.180563
vn -0.823208 0.0719872 -0.563157
v -0.217182 0.6652 0.199477
vn 0.0822807 -0.255976 0.963175
v -0.202613 0.666473 0.206625
vn 0.112119 0.249259 0.961925
v -0.120721 0.722966 0.166332
vn 0.495041 0.192657 0.847241
v -0.185235 0.682705 0.195561
vn 0.121235 0.346193 0.930297
v -0.113559 0.736355 0.146612
vn 0.615248 0.729736 0.298253
v -0.114173 0.740537 0.137254
vn -0.0708028 0.941352 -0.329915
v -0.201284 0.673587 0.200813
vn 0.246452 0.0805997 0.965798
v -0.207427 0.676184 0.159459
vn -0.847831 0.268212 -0.457433
v -0.219742 0.666089 0.16615
vn -0.793719 0.32902 -0.511622
v -0.213392 0.670155 0.172044
vn -0.652949 0.209044 -0.727982
v -0.231134 0.667536 0.185684
vn -0.901244 0.369584 -0.226202
v -0.231848 0.66639 0.197959
vn -0.804679 0.481937 0.346739
v -0.227396 0.674209 0.175061
vn -0.70697 0.13174 -0.694866
v -0.225916 0.664775 0.203995
vn 0.0597546 0.439023 0.896487
v -0.132977 0.719254 0.172835
vn 0.0451409 0.633336 0.772559
v -0.118541 0.72874 0.160265
vn 0.715996 0.4673 0.518633
v -0.121445 0.729212 0.138096
vn -0.63742 0.675293 -0.371045
v -0.1293 0.72316 0.133544
vn -0.303249 0.928753 -0.21321
v -0.161375 0.713967 0.137256
vn -0.525086 0.81528 -0.244136
v -0.177966 0.704234 0.142363
vn -0.62712 0.590562 -0.507894
v -0.148815 0.711914 0.182924
vn 0.0186807 0.569819 0.821558
v -0.14651 0.722289 0.135914
vn -0.293318 0.920668 -0.257556
v -0.19681 0.681017 0.200006
vn 0.34594 0.33044 0.878143
v -0.172217 0.698844 0.186596
vn 0.114743 0.245022 0.962704
v -0.205912 0.689342 0.155463
vn -0.70722 0.510909 -0.488684
v -0.193578 0.697201 0.155208
vn -0.586222 0.770577 -0.250112
v -0.211988 0.684715 0.166683
vn -0.734363 0.467055 -0.492515
v -0.119287 0.730719 0.166073
vn 0.0771864 0.606793 0.791103
v -0.1328 0.724672 0.144546
vn -0.228282 0.633518 -0.739285
v -0.20647 0.677267 0.205147
vn 0.14626 -0.0871023 0.985404
v -0.189253 0.690462 0.187511
vn 0.39009 0.111353 0.914019
v -0.148982 0.72579 0.163798
vn -0.086211 0.6623 0.744262
v -0.15242 0.718856 0.1463
vn -0.575042 0.598614 -0.557663
v -0.218583 0.679069 0.172038
vn -0.610556 0.724347 -0.320224
v -0.220199 0.670401 0.201314
vn -0.0490015 -0.0157905 0.998674
v -0.134524 0.727988 0.165983
vn 0.0221247 0.618344 0.785596
v -0.127507 0.730245 0.159686
vn 0.00312257 0.485242 0.874374
v -0.118851 0.739964 0.157393
vn 0.383429 0.834499 0.395719
v -0.17235 0.706197 0.152114
vn -0.529156 0.76044 -0.376465
v -0.19383 0.690255 0.166409
vn -0.487075 0.873054 0.0231307
v -0.212318 0.686626 0.1744
vn -0.499006 0.584329 -0.639964
v -0.159014 0.716114 0.171409
vn -0.0763767 0.758672 0.64698
v -0.126869 0.737285 0.147184
vn -0.160899 0.865962 -0.47352
v -0.14378 0.72383 0.146512
vn -0.229834 0.529019 -0.816894
v -0.188755 0.698008 0.162477
vn -0.804965 0.32383 -0.497157
v -0.223765 0.682023 0.18305
vn -0.707585 0.706621 -0.00340528
v -0.220547 0.675781 0.199479
vn -0.575795 0.444592 0.686147
v -0.171392 0.707742 0.182316
vn 0.159601 0.634553 0.756221
v -0.163844 0.718507 0.154551
vn -0.364742 0.357876 -0.859586
v -0.200061 0.687007 0.194989
vn 0.641624 -0.357316 0.678707
v -0.207584 0.685975 0.206027
vn -0.097353 0.481326 0.871119
v -0.130297 0.738829 0.163097
vn 0.11402 0.796237 0.594143
v -0.18903 0.708111 0.15754
vn -0.58969 0.172809 -0.788925
v -0.194887 0.694567 0.171715
vn -0.573633 0.0011069 -0.819112
v -0.220427 0.680589 0.1938
vn -0.69184 0.619513 0.370891
v -0.203756 0.701405 0.174748
vn -0.74653 0.634796 -0.199318
v -0.190844 0.68944 0.20003
vn 0.585609 -0.291963 0.756188
v -0.163754 0.723359 0.16774
vn 0.504676 0.154767 0.849323
v -0.143205 0.730753 0.164072
vn 0.0924224 0.200357 0.975354
v -0.146008 0.736596 0.145038
vn -0.153564 0.411311 -0.898466
v -0.199435 0.6949 0.190552
vn -0.590743 0.804047 0.067311
v -0.183633 0.701236 0.191426
vn 0.630134 -0.457775 0.627195
v -0.189497 0.697201 0.195849
vn -0.293323 0.689629 0.662098
v -0.20103 0.692112 0.192651
vn 0.080397 0.646307 0.75883
v -0.175751 0.703564 0.18878
vn 0.479403 0.264504 0.836786
v -0.176335 0.711049 0.184882
vn 0.319809 0.485915 0.813394
v -0.141431 0.738445 0.154715
vn -0.0346366 0.986514 -0.159968
v -0.156076 0.732234 0.149948
vn -0.62625 0.383258 -0.678913
v -0.208423 0.694287 0.195056
vn -0.57124 0.781426 0.251115
v -0.145858 0.734117 0.16197
vn 0.251444 -0.0903908 0.963642
v -0.180112 0.726972 0.157219
vn -0.558667 0.662506 -0.498976
v -0.143788 0.739612 0.163323
vn 0.0837837 0.791118 0.605899
v -0.183567 0.716761 0.16463
vn -0.717782 0.683399 0.133248
v -0.196174 0.702717 0.17922
vn -0.555139 0.707759 0.436917
v -0.192247 0.711045 0.173532
vn -0.597918 0.79235 0.121145
v -0.194101 0.703006 0.184423
vn -0.425836 0.737029 0.524834
v -0.162349 0.730258 0.170796
vn 0.210156 0.364556 0.907157
v -0.164179 0.735195 0.163397
vn -0.686896 0.594152 -0.418519
v -0.171958 0.731785 0.167885
vn -0.386989 0.915539 -0.109675
v -0.205429 0.699799 0.19903
vn 0.362782 0.419132 0.832297
v -0.173358 0.721416 0.173725
vn -0.47867 0.712544 0.512988
v -0.157602 0.738768 0.161659
vn -0.249585 0.968334 -0.00608548
v -0.149372 0.736144 0.152165
vn -0.281826 0.906281 -0.315007
v -0.267951 -0.601764 -0.0901951
vn -0.340759 -0.909409 0.238452
v -0.165735 -0.585505 -0.118179
vn 0.493565 -0.860964 -0.123023
v -0.165138 -0.588953 -0.130748
vn 0.406316 -0.911121 0.0690402
v -0.214992 -0.543266 -0.0701143
vn 0.667939 -0.706864 -0.23281
v 0.131644 -0.571881 0.150016
vn -0.361461 -0.769103 -0.527092
v -0.116827 0.145984 -0.182475
vn 0.509776 -0.753119 0.415861
v -0.116287 0.144851 -0.189652
vn 0.443183 -0.891112 0.0975127
v -0.304772 -0.678437 -0.0267139
vn -0.0523679 0.817054 0.574178
v -0.0446334 0.0711437 0.075238
vn -0.267521 -0.869838 -0.414505
v -0.0440389 0.0731921 0.085156
vn -0.150601 -0.849041 0.506408
v -0.0189751 0.247429 0.135638
vn 0.171637 -0.416909 0.892596
v 0.0660732 0.281997 0.173469
vn -0.376744 -0.480968 -0.791665
v 0.0443315 0.285797 0.17445
vn -0.117167 -0.837645 -0.533501
v -0.00613363 0.381991 -0.193634
vn 0.232611 -0.655843 -0.718166
v -0.0104629 0.371323 -0.190327
vn 0.197076 -0.469079 -0.860887
v 0.0237749 0.390973 -0.196707
vn 0.144594 -0.662237 0.735211
v 0.00745455 0.376986 -0.177437
vn 0.645844 -0.729393 -0.225547
v 0.000795398 0.369623 -0.1863
vn 0.61592 -0.387662 -0.685828
v 0.031842 0.400301 -0.188923
vn 0.55749 -0.817367 0.145315
v 0.01575 0.389644 -0.185551
vn 0.47771 -0.854978 -0.202005
v 0.0182007 0.389012 -0.19224
vn 0.49181 -0.859724 0.137833
v 0.00149845 0.383039 -0.193327
vn 0.26372 -0.919782 -0.290606
v 0.00799904 0.384829 -0.180198
vn 0.555398 -0.510852 -0.656173
v 0.0206643 0.382921 -0.162388
vn 0.361964 -0.86212 0.354585
v 0.0274208 0.386694 -0.163483
vn 0.562455 -0.203035 0.801512
v 0.123341 -0.702902 0.184497
vn 0.385175 -0.848954 -0.361825
v 0.124641 -0.731471 0.252956
vn 0.541823 -0.715152 -0.441572
v 0.172186 -0.660778 0.142047
vn 0.277682 -0.831818 -0.480594
v 0.205894 -0.636128 0.119679
vn 0.508226 -0.844562 0.168586
v 0.135515 -0.71267 0.243023
vn 0.432983 -0.880363 -0.193618
v 0.125808 -0.716911 0.202413
vn 0.400872 -0.886445 -0.231335
v 0.18731 -0.638794 0.160298
vn 0.61407 -0.721706 -0.319466
v 0.19119 -0.640831 0.136441
vn 0.606257 -0.7893 0.0972571
v 0.197571 -0.633742 0.141143
vn 0.314431 -0.94629 -0.0752914
v 0.205449 -0.639425 0.152421
vn 0.0390854 -0.942033 -0.333236
v 0.109788 -0.725529 0.241476
vn 0.434127 -0.844117 -0.314644
v 0.10014 -0.728426 0.213777
vn 0.512022 -0.822057 -0.249111
v 0.100533 -0.733621 0.245726
vn 0.249633 -0.947684 -0.198941
v 0.147498 -0.696432 0.201333
vn 0.540876 -0.802371 -0.252299
v 0.160518 -0.693602 0.215378
vn 0.526128 -0.698173 -0.485535
v 0.185088 -0.660606 0.176815
vn 0.714277 -0.677514 -0.175451
v 0.185127 -0.65135 0.140969
vn 0.782974 -0.600717 -0.161526
v 0.160111 -0.678231 0.16453
vn 0.626712 -0.75784 -0.181412
v 0.162363 -0.681116 0.198097
vn 0.561415 -0.78323 -0.267142
v -0.0160522 0.543525 0.127485
vn -0.714042 0.688242 0.128322
v -0.0175399 0.555662 0.0865928
vn 0.0487034 0.97296 0.225781
v -0.0150914 0.541573 0.11964
vn 0.209422 0.943049 0.258458
v -0.0922296 0.547099 0.0168132
vn -0.376129 0.842575 0.38548
v -0.0782462 0.555354 0.0154289
vn -0.272644 0.732899 0.623317
v -0.26723 -0.653714 -0.156963
vn -0.396574 -0.33062 -0.856399
v -0.257675 -0.652649 -0.163712
vn -0.0202317 -0.901109 -0.43312
v -0.323278 -0.71368 -0.0328408
vn -0.0229578 -0.928846 -0.369754
v -0.252396 -0.701072 -0.0800656
vn -0.03872 -0.942435 -0.332139
v -0.289469 -0.67017 -0.131447
vn -0.0560529 -0.877665 -0.475986
v -0.202901 -0.680996 -0.152398
vn -0.289092 -0.785156 -0.547682
v -0.226031 -0.645676 -0.185827
vn 0.197274 -0.869264 -0.45328
v -0.207765 -0.648062 -0.184931
vn -0.139964 -0.853358 -0.502186
v -0.229659 -0.660235 -0.170767
vn 0.0969927 -0.950132 -0.29638
v -0.215182 -0.660365 -0.161835
vn -0.31428 -0.823291 -0.472674
v -0.238818 -0.668999 -0.136183
vn -0.154384 -0.859648 -0.487003
v -0.238621 -0.65416 -0.153793
vn -0.143162 -0.889134 -0.434679
v -0.261383 -0.670863 -0.154376
vn 0.101147 -0.777575 -0.620602
v -0.259024 -0.677738 -0.123772
vn -0.165003 -0.805031 -0.569823
v -0.273807 -0.697372 -0.0897845
vn -0.0792067 -0.892013 -0.445016
v -0.225089 -0.679559 -0.132312
vn -0.227943 -0.837947 -0.49587
v -0.311851 -0.693174 -0.0981823
vn -0.0160208 -0.918126 -0.395966
v -0.281004 -0.702631 -0.0702474
vn -0.0406017 -0.922991 -0.382674
v -0.281748 -0.685173 -0.101012
vn -0.0746584 -0.830151 -0.552518
v -0.198485 -0.652376 -0.177969
vn -0.138759 -0.811044 -0.568289
v -0.0129516 -0.141962 0.0232459
vn 0.0491187 -0.998243 0.0331424
v -0.0273531 -0.143786 0.0441188
vn -0.552204 -0.800984 -0.231288
v -0.0235001 -0.144314 0.0355514
vn -0.0977184 -0.981639 0.163816
v -0.0379826 -0.130625 0.0544419
vn -0.757899 -0.377412 -0.532117
v -0.0470816 -0.122442 0.0607278
vn -0.352983 -0.771451 0.529402
v -0.049757 -0.140609 0.0463602
vn 0.170288 -0.588034 0.790707
v -0.0261476 -0.146919 0.0292749
vn 0.556915 -0.584799 0.589793
v -0.0415319 -0.136471 0.0525198
vn 0.33583 -0.602864 0.723722
v -0.0192843 -0.14632 0.0429879
vn -0.582932 -0.581347 -0.567649
v -0.0354621 -0.137207 0.0629652
vn -0.81679 -0.469134 -0.335809
v -0.0203341 -0.16711 0.0496992
vn -0.480548 -0.453987 -0.750313
v -0.0212346 -0.160069 0.0661811
vn -0.711982 -0.376344 -0.59283
v -0.0276817 -0.184395 0.0754024
vn -0.681714 -0.134488 -0.719151
v 0.00460162 0.402505 -0.125541
vn 0.698537 -0.715503 0.0100759
v -0.00440036 0.382683 -0.123469
vn 0.759462 -0.517852 0.393758
v 0.00406215 0.387305 -0.142761
vn 0.461174 -0.881992 0.0969968
v -0.0115368 0.381698 -0.131985
vn 0.30404 -0.901739 -0.30729
v 0.0783933 0.273766 0.177738
vn -0.00121314 -0.8787 -0.477373
v 0.0733055 0.256753 0.203364
vn -0.664394 -0.63271 -0.397818
v 0.0758131 0.271842 0.184946
vn -0.476874 -0.62242 -0.620632
v 0.0835737 0.255359 0.188169
vn -0.386603 -0.572896 -0.722722
v 0.0657854 0.264271 0.199676
vn -0.528541 -0.697499 -0.48388
v 0.098072 0.272242 0.189494
vn -0.111675 -0.646735 -0.754494
v 0.0921047 0.253918 0.187482
vn -0.235469 -0.298907 -0.924775
v 0.0980264 0.271435 0.168585
vn -0.340777 -0.536795 -0.77183
v 0.0968032 0.2689 0.173839
vn -0.0828005 -0.940405 -0.329822
v 0.0865657 0.267061 0.18333
vn 0.0406225 -0.82402 -0.565102
v 0.113299 0.270072 0.172287
vn 0.152161 -0.857834 -0.490885
v 0.115492 0.276866 0.173192
vn 0.335159 -0.935981 -0.107744
v -0.0440108 0.047161 0.219805
vn -0.178719 0.660189 -0.729528
f 2//2 3//3 1//1
f 4//4 5//5 6//6
f 5//5 7//7 8//8
f 9//9 10//10 11//11
f 10//10 12//12 11//11
f 12//12 13//13 14//14
f 13//13 15//15 14//14
f 16//16 14//14 15//15
f 19//19 18//18 17//17
f 20//20 19//19 17//17
f 21//21 22//22 20//20
f 21//21 23//23 24//24
f 24//24 23//23 25//25
f 26//26 25//25 23//23
f 27//27 26//26 23//23
f 28//28 29//29 30//30
f 31//31 28//28 30//30
f 31//31 32//32 33//33
f 32//32 34//34 33//33
f 35//35 34//34 36//36
f 37//37 35//35 36//36
f 38//38 39//39 40//40
f 40//40 41//41 38//38
f 42//42 38//38 41//41
f 43//43 45//45 44//44
f 46//46 44//44 45//45
f 47//47 48//48 49//49
f 50//50 51//51 52//52
f 51//51 53//53 52//52
f 54//54 53//53 55//55
f 56//56 57//57 58//58
f 58//58 59//59 56//56
f 60//60 56//56 59//59
f 2//2 1//1 61//61
f 62//62 1//1 3//3
f 65//65 64//64 63//63
f 6//6 66//66 4//4
f 5//5 8//8 67//67
f 68//68 8//8 69//69
f 70//70 68//68 69//69
f 71//71 33//33 34//34
f 34//34 35//35 71//71
f 72//72 37//37 39//39
f 39//39 38//38 72//72
f 73//73 74//74 43//43
f 44//44 73//73 43//43
f 75//75 76//76 46//46
f 75//75 77//77 78//78
f 14//14 16//16 79//79
f 18//18 80//80 17//17
f 21//21 24//24 22//22
f 47//47 81//81 48//48
f 53//53 54//54 82//82
f 83//83 54//54 84//84
f 84//84 57//57 83//83
f 85//85 83//83 57//57
f 56//56 85//85 57//57
f 59//59 86//86 60//60
f 87//87 60//60 86//86
f 86//86 88//88 87//87
f 90//90 88//88 89//89
f 89//89 91//91 90//90
f 92//92 90//90 91//91
f 83//83 82//82 54//54
f 93//93 94//94 95//95
f 96//96 95//95 94//94
f 94//94 9//9 96//96
f 9//9 11//11 96//96
f 12//12 14//14 97//97
f 27//27 48//48 98//98
f 6//6 99//99 66//66
f 68//68 100//100 8//8
f 29//29 101//101 70//70
f 71//71 102//102 33//33
f 72//72 38//38 103//103
f 42//42 103//103 38//38
f 44//44 46//46 104//104
f 77//77 105//105 106//106
f 62//62 61//61 1//1
f 62//62 108//108 109//109
f 71//71 35//35 110//110
f 37//37 72//72 111//111
f 42//42 74//74 73//73
f 73//73 44//44 112//112
f 113//113 76//76 75//75
f 75//75 78//78 113//113
f 114//114 115//115 107//107
f 109//109 116//116 62//62
f 8//8 100//100 67//67
f 68//68 70//70 117//117
f 70//70 101//101 117//117
f 29//29 28//28 118//118
f 28//28 31//31 33//33
f 24//24 25//25 119//119
f 25//25 26//26 120//120
f 26//26 27//27 98//98
f 81//81 98//98 48//48
f 50//50 121//121 47//47
f 52//52 53//53 122//122
f 53//53 82//82 122//122
f 123//123 85//85 56//56
f 97//97 11//11 12//12
f 16//16 80//80 124//124
f 125//125 80//80 18//18
f 19//19 126//126 18//18
f 19//19 20//20 127//127
f 52//52 121//121 50//50
f 88//88 129//129 87//87
f 90//90 92//92 131//131
f 95//95 132//132 93//93
f 11//11 97//97 133//133
f 97//97 14//14 79//79
f 126//126 125//125 18//18
f 24//24 119//119 22//22
f 120//120 134//134 25//25
f 98//98 120//120 26//26
f 110//110 102//102 71//71
f 35//35 37//37 111//111
f 103//103 135//135 72//72
f 73//73 103//103 42//42
f 78//78 77//77 136//136
f 107//107 2//2 114//114
f 61//61 62//62 116//116
f 118//118 101//101 29//29
f 123//123 137//137 85//85
f 56//56 60//60 128//128
f 60//60 87//87 128//128
f 129//129 88//88 130//130
f 88//88 90//90 138//138
f 124//124 79//79 16//16
f 127//127 126//126 19//19
f 119//119 20//20 22//22
f 102//102 139//139 33//33
f 111//111 110//110 35//35
f 135//135 111//111 72//72
f 104//104 112//112 44//44
f 140//140 106//106 115//115
f 115//115 114//114 141//141
f 64//64 65//65 142//142
f 100//100 68//68 117//117
f 143//143 118//118 28//28
f 52//52 144//144 121//121
f 82//82 83//83 145//145
f 83//83 85//85 146//146
f 128//128 87//87 129//129
f 90//90 131//131 138//138
f 93//93 147//147 92//92
f 125//125 148//148 80//80
f 119//119 25//25 134//134
f 121//121 81//81 47//47
f 46//46 76//76 149//149
f 113//113 78//78 150//150
f 136//136 150//150 78//78
f 151//151 136//136 77//77
f 77//77 106//106 151//151
f 61//61 152//152 2//2
f 64//64 116//116 109//109
f 65//65 66//66 153//153
f 154//154 6//6 5//5
f 67//67 154//154 5//5
f 155//155 67//67 100//100
f 122//122 144//144 52//52
f 122//122 82//82 156//156
f 82//82 145//145 156//156
f 145//145 83//83 146//146
f 137//137 146//146 85//85
f 138//138 130//130 88//88
f 157//157 132//132 95//95
f 95//95 96//96 157//157
f 97//97 79//79 158//158
f 124//124 80//80 148//148
f 127//127 20//20 119//119
f 159//159 134//134 120//120
f 121//121 160//160 81//81
f 110//110 111//111 161//161
f 149//149 76//76 162//162
f 76//76 113//113 162//162
f 150//150 162//162 113//113
f 141//141 140//140 115//115
f 116//116 64//64 163//163
f 142//142 163//163 64//64
f 28//28 33//33 164//164
f 165//165 156//156 145//145
f 147//147 131//131 92//92
f 158//158 133//133 97//97
f 98//98 81//81 166//166
f 139//139 164//164 33//33
f 167//167 111//111 135//135
f 135//135 103//103 168//168
f 152//152 114//114 2//2
f 142//142 65//65 153//153
f 169//169 155//155 100//100
f 117//117 169//169 100//100
f 117//117 101//101 170//170
f 170//170 101//101 171//171
f 101//101 118//118 171//171
f 164//164 143//143 28//28
f 145//145 146//146 165//165
f 123//123 56//56 172//172
f 172//172 56//56 128//128
f 132//132 147//147 93//93
f 173//173 158//158 79//79
f 174//174 120//120 98//98
f 102//102 110//110 175//175
f 176//176 175//175 110//110
f 110//110 161//161 176//176
f 73//73 177//177 103//103
f 104//104 46//46 149//149
f 140//140 151//151 106//106
f 178//178 99//99 6//6
f 6//6 154//154 178//178
f 154//154 67//67 179//179
f 155//155 179//179 67//67
f 117//117 170//170 180//180
f 129//129 181//181 128//128
f 133//133 182//182 11//11
f 166//166 174//174 98//98
f 139//139 102//102 175//175
f 167//167 161//161 111//111
f 168//168 167//167 135//135
f 112//112 177//177 73//73
f 152//152 61//61 183//183
f 116//116 183//183 61//61
f 180//180 169//169 117//117
f 143//143 171//171 118//118
f 184//184 144//144 122//122
f 172//172 128//128 181//181
f 185//185 173//173 79//79
f 148//148 185//185 124//124
f 125//125 126//126 186//186
f 187//187 186//186 126//126
f 126//126 127//127 187//187
f 188//188 127//127 119//119
f 174//174 159//159 120//120
f 160//160 166//166 81//81
f 189//189 160//160 121//121
f 177//177 168//168 103//103
f 177//177 112//112 190//190
f 152//152 141//141 114//114
f 99//99 153//153 66//66
f 178//178 191//191 99//99
f 154//154 179//179 178//178
f 123//123 172//172 192//192
f 181//181 192//192 172//172
f 79//79 124//124 185//185
f 125//125 193//193 148//148
f 188//188 187//187 127//127
f 194//194 139//139 175//175
f 175//175 176//176 195//195
f 112//112 104//104 190//190
f 162//162 150//150 196//196
f 170//170 171//171 197//197
f 198//198 171//171 143//143
f 156//156 184//184 122//122
f 192//192 137//137 123//123
f 96//96 11//11 182//182
f 185//185 148//148 199//199
f 193//193 199//199 148//148
f 200//200 188//188 119//119
f 134//134 200//200 119//119
f 189//189 166//166 160//160
f 121//121 144//144 189//189
f 201//201 167//167 168//168
f 168//168 177//177 201//201
f 163//163 202//202 116//116
f 153//153 99//99 204//204
f 178//178 179//179 191//191
f 179//179 155//155 205//205
f 169//169 205//205 155//155
f 197//197 180//180 170//170
f 164//164 198//198 143//143
f 156//156 165//165 206//206
f 207//207 146//146 137//137
f 208//208 207//207 137//137
f 157//157 96//96 182//182
f 125//125 186//186 193//193
f 166//166 189//189 209//209
f 184//184 189//189 144//144
f 195//195 194//194 175//175
f 176//176 161//161 210//210
f 167//167 210//210 161//161
f 190//190 104//104 211//211
f 149//149 211//211 104//104
f 202//202 183//183 116//116
f 163//163 142//142 212//212
f 142//142 153//153 212//212
f 153//153 203//203 213//213
f 204//204 203//203 153//153
f 191//191 204//204 99//99
f 205//205 214//214 179//179
f 215//215 198//198 164//164
f 164//164 139//139 215//215
f 165//165 146//146 206//206
f 182//182 133//133 216//216
f 159//159 174//174 218//218
f 174//174 166//166 209//209
f 194//194 215//215 139//139
f 219//219 210//210 167//167
f 167//167 201//201 219//219
f 177//177 190//190 201//201
f 140//140 220//220 151//151
f 140//140 141//141 221//221
f 222//222 152//152 183//183
f 202//202 222//222 183//183
f 223//223 202//202 163//163
f 191//191 179//179 224//224
f 214//214 224//224 179//179
f 225//225 205//205 169//169
f 169//169 180//180 225//225
f 180//180 197//197 225//225
f 197//197 171//171 226//226
f 227//227 228//228 184//184
f 184//184 156//156 227//227
f 229//229 227//227 156//156
f 156//156 206//206 229//229
f 207//207 206//206 146//146
f 137//137 192//192 230//230
f 231//231 232//232 131//131
f 131//131 147//147 231//231
f 132//132 157//157 233//233
f 233//233 157//157 182//182
f 133//133 158//158 216//216
f 185//185 199//199 234//234
f 186//186 235//235 193//193
f 187//187 188//188 200//200
f 200//200 134//134 217//217
f 134//134 159//159 217//217
f 218//218 217//217 159//159
f 209//209 218//218 174//174
f 189//189 184//184 228//228
f 211//211 236//236 190//190
f 220//220 136//136 151//151
f 222//222 141//141 152//152
f 223//223 163//163 212//212
f 212//212 153//153 213//213
f 198//198 226//226 171//171
f 237//237 207//207 208//208
f 230//230 208//208 137//137
f 231//231 147//147 132//132
f 132//132 233//233 231//231
f 234//234 173//173 185//185
f 189//189 228//228 238//238
f 239//239 194//194 195//195
f 176//176 210//210 195//195
f 219//219 201//201 240//240
f 241//241 240//240 201//201
f 201//201 190//190 241//241
f 236//236 241//241 190//190
f 242//242 149//149 162//162
f 141//141 222//222 221//221
f 223//223 212//212 244//244
f 213//213 245//245 212//212
f 204//204 191//191 246//246
f 247//247 246//246 191//191
f 191//191 224//224 247//247
f 214//214 205//205 248//248
f 249//249 229//229 206//206
f 207//207 249//249 206//206
f 207//207 237//237 250//250
f 230//230 237//237 208//208
f 138//138 131//131 232//232
f 234//234 158//158 173//173
f 186//186 187//187 251//251
f 200//200 251//251 187//187
f 218//218 209//209 252//252
f 209//209 189//189 252//252
f 162//162 196//196 242//242
f 150//150 136//136 254//254
f 255//255 254//254 136//136
f 136//136 220//220 255//255
f 221//221 256//256 140//140
f 257//257 223//223 244//244
f 258//258 244//244 212//212
f 203//203 204//204 259//259
f 246//246 259//259 204//204
f 224//224 214//214 248//248
f 248//248 205//205 225//225
f 226//226 225//225 197//197
f 261//261 129//129 130//130
f 233//233 182//182 262//262
f 199//199 193//193 263//263
f 217//217 218//218 264//264
f 252//252 264//264 218//218
f 238//238 228//228 265//265
f 248//248 247//247 224//224
f 198//198 215//215 266//266
f 195//195 210//210 267//267
f 210//210 219//219 253//253
f 220//220 140//140 256//256
f 202//202 268//268 222//222
f 243//243 257//257 269//269
f 227//227 229//229 270//270
f 260//260 271//271 207//207
f 250//250 272//272 260//260
f 260//260 207//207 250//250
f 138//138 261//261 130//130
f 235//235 186//186 273//273
f 251//251 273//273 186//186
f 251//251 200//200 274//274
f 200//200 217//217 274//274
f 264//264 274//274 217//217
f 238//238 252//252 189//189
f 275//275 228//228 227//227
f 194//194 239//239 215//215
f 276//276 239//239 195//195
f 236//236 211//211 277//277
f 196//196 150//150 254//254
f 243//243 268//268 202//202
f 213//213 203//203 278//278
f 259//259 278//278 203//203
f 246//246 279//279 259//259
f 247//247 280//280 246//246
f 198//198 266//266 226//226
f 249//249 207//207 271//271
f 281//281 237//237 230//230
f 230//230 192//192 282//282
f 235//235 263//263 193//193
f 275//275 265//265 228//228
f 210//210 253//253 267//267
f 241//241 283//283 240//240
f 211//211 149//149 284//284
f 149//149 242//242 285//285
f 255//255 220//220 286//286
f 221//221 222//222 287//287
f 268//268 287//287 222//222
f 243//243 269//269 288//288
f 258//258 245//245 289//289
f 290//290 289//289 245//245
f 245//245 213//213 290//290
f 278//278 290//290 213//213
f 280//280 279//279 246//246
f 291//291 247//247 248//248
f 248//248 225//225 292//292
f 293//293 292//292 225//225
f 226//226 293//293 225//225
f 281//281 250//250 237//237
f 294//294 192//192 181//181
f 181//181 129//129 294//294
f 216//216 262//262 182//182
f 234//234 199//199 295//295
f 251//251 274//274 296//296
f 252//252 238//238 264//264
f 270//270 275//275 227//227
f 297//297 298//298 215//215
f 215//215 239//239 297//297
f 195//195 267//267 276//276
f 283//283 253//253 219//219
f 219//219 240//240 283//283
f 269//269 257//257 299//299
f 257//257 244//244 300//300
f 259//259 279//279 301//301
f 291//291 280//280 247//247
f 292//292 291//291 248//248
f 298//298 302//302 266//266
f 266//266 215//215 298//298
f 230//230 282//282 281//281
f 261//261 294//294 129//129
f 273//273 303//303 235//235
f 296//296 273//273 251//251
f 264//264 238//238 304//304
f 265//265 304//304 238//238
f 275//275 270//270 305//305
f 277//277 211//211 284//284
f 284//284 149//149 285//285
f 287//287 256//256 221//221
f 244//244 258//258 300//300
f 258//258 289//289 306//306
f 307//307 278//278 259//259
f 301//301 307//307 259//259
f 279//279 280//280 308//308
f 291//291 308//308 280//280
f 309//309 271//271 260//260
f 260//260 272//272 309//309
f 310//310 281//281 282//282
f 138//138 232//232 311//311
f 262//262 216//216 312//312
f 295//295 199//199 263//263
f 263//263 235//235 313//313
f 270//270 229//229 314//314
f 276//276 297//297 239//239
f 256//256 286//286 220//220
f 268//268 243//243 288//288
f 315//315 288//288 269//269
f 299//299 315//315 269//269
f 300//300 299//299 257//257
f 300//300 258//258 306//306
f 279//279 308//308 301//301
f 291//291 292//292 316//316
f 317//317 316//316 292//292
f 292//292 293//293 317//317
f 294//294 282//282 192//192
f 158//158 234//234 318//318
f 234//234 295//295 318//318
f 303//303 313//313 235//235
f 319//319 303//303 273//273
f 296//296 319//319 273//273
f 264//264 304//304 320//320
f 265//265 320//320 304//304
f 321//321 267//267 253//253
f 283//283 241//241 322//322
f 236//236 322//322 241//241
f 323//323 285//285 242//242
f 324//324 289//289 290//290
f 290//290 278//278 324//324
f 325//325 276//276 267//267
f 267//267 321//321 325//325
f 254//254 326//326 196//196
f 268//268 327//327 287//287
f 268//268 288//288 328//328
f 288//288 315//315 329//329
f 330//330 299//299 300//300
f 306//306 289//289 324//324
f 275//275 305//305 332//332
f 311//311 261//261 138//138
f 216//216 158//158 318//318
f 281//281 333//333 250//250
f 335//335 334//334 231//231
f 337//337 318//318 295//295
f 338//338 263//263 313//313
f 305//305 270//270 339//339
f 314//314 339//339 270//270
f 340//340 249//249 271//271
f 341//341 321//321 253//253
f 253//253 283//283 341//341
f 322//322 236//236 342//342
f 326//326 323//323 242//242
f 242//242 196//196 326//326
f 306//306 330//330 300//300
f 301//301 308//308 343//343
f 308//308 344//344 345//345
f 272//272 250//250 346//346
f 333//333 346//346 250//250
f 231//231 233//233 335//335
f 336//336 262//262 312//312
f 338//338 295//295 263//263
f 276//276 325//325 347//347
f 322//322 348//348 283//283
f 236//236 277//277 342//342
f 286//286 254//254 255//255
f 327//327 256//256 287//287
f 329//329 328//328 288//288
f 329//329 315//315 349//349
f 315//315 299//299 349//349
f 278//278 307//307 350//350
f 307//307 301//301 351//351
f 343//343 351//351 301//301
f 345//345 343//343 308//308
f 352//352 309//309 272//272
f 281//281 310//310 353//353
f 303//303 319//319 354//354
f 355//355 354//354 319//319
f 319//319 356//356 355//355
f 357//357 355//355 332//332
f 305//305 357//357 332//332
f 229//229 249//249 358//358
f 321//321 359//359 325//325
f 360//360 321//321 341//341
f 341//341 283//283 360//360
f 348//348 360//360 283//283
f 256//256 327//327 361//361
f 327//327 268//268 362//362
f 268//268 328//328 362//362
f 349//349 363//363 329//329
f 343//343 345//345 364//364
f 365//365 364//364 345//345
f 340//340 309//309 366//366
f 334//334 232//232 231//231
f 312//312 216//216 367//367
f 318//318 367//367 216//216
f 338//338 337//337 295//295
f 313//313 303//303 354//354
f 314//314 229//229 358//358
f 322//322 342//342 348//348
f 284//284 342//342 277//277
f 254//254 286//286 368//368
f 369//369 362//362 328//328
f 370//370 328//328 329//329
f 371//371 350//350 307//307
f 307//307 351//351 371//371
f 364//364 365//365 372//372
f 365//365 297//297 373//373
f 347//347 373//373 297//297
f 297//297 276//276 347//347
f 359//359 347//347 325//325
f 374//374 359//359 321//321
f 294//294 375//375 282//282
f 294//294 261//261 376//376
f 261//261 311//311 376//376
f 233//233 262//262 377//377
f 355//355 357//357 379//379
f 358//358 249//249 340//340
f 284//284 285//285 380//380
f 323//323 381//381 285//285
f 286//286 256//256 382//382
f 370//370 369//369 328//328
f 324//324 278//278 383//383
f 364//364 351//351 343//343
f 360//360 374//374 321//321
f 360//360 348//348 384//384
f 333//333 281//281 353//353
f 262//262 336//336 377//377
f 367//367 378//378 312//312
f 385//385 337//337 338//338
f 386//386 385//385 338//338
f 338//338 313//313 386//386
f 354//354 386//386 313//313
f 357//357 305//305 387//387
f 348//348 342//342 388//388
f 380//380 342//342 284//284
f 389//389 323//323 326//326
f 361//361 382//382 256//256
f 362//362 390//390 327//327
f 363//363 370//370 329//329
f 349//349 299//299 391//391
f 330//330 391//391 299//299
f 392//392 383//383 278//278
f 350//350 392//392 278//278
f 365//365 373//373 372//372
f 359//359 373//373 347//347
f 384//384 374//374 360//360
f 340//340 366//366 393//393
f 352//352 366//366 309//309
f 272//272 346//346 394//394
f 310//310 282//282 395//395
f 375//375 395//395 282//282
f 376//376 375//375 294//294
f 336//336 312//312 378//378
f 354//354 355//355 397//397
f 379//379 397//397 355//355
f 387//387 379//379 357//357
f 339//339 387//387 305//305
f 358//358 398//398 314//314
f 358//358 340//340 393//393
f 381//381 380//380 285//285
f 368//368 286//286 382//382
f 390//390 361//361 327//327
f 371//371 351//351 399//399
f 351//351 364//364 399//399
f 400//400 373//373 359//359
f 394//394 401//401 272//272
f 333//333 353//353 402//402
f 233//233 377//377 335//335
f 403//403 377//377 336//336
f 336//336 378//378 403//403
f 367//367 318//318 404//404
f 396//396 385//385 405//405
f 385//385 386//386 405//405
f 406//406 386//386 354//354
f 339//339 314//314 398//398
f 388//388 407//407 348//348
f 408//408 409//409 349//349
f 306//306 324//324 410//410
f 411//411 399//399 364//364
f 372//372 411//411 364//364
f 374//374 384//384 412//412
f 352//352 413//413 366//366
f 346//346 333//333 414//414
f 402//402 414//414 333//333
f 310//310 395//395 353//353
f 318//318 337//337 404//404
f 415//415 404//404 337//337
f 337//337 396//396 415//415
f 406//406 405//405 386//386
f 397//397 406//406 354//354
f 387//387 416//416 379//379
f 384//384 348//348 407//407
f 417//417 388//388 342//342
f 389//389 418//418 381//381
f 381//381 323//323 389//389
f 390//390 362//362 419//419
f 370//370 363//363 420//420
f 409//409 363//363 349//349
f 330//330 306//306 421//421
f 410//410 421//421 306//306
f 400//400 372//372 373//373
f 400//400 359//359 422//422
f 359//359 374//374 423//423
f 393//393 366//366 424//424
f 425//425 394//394 346//346
f 414//414 425//425 346//346
f 378//378 367//367 426//426
f 404//404 426//426 367//367
f 415//415 396//396 427//427
f 428//428 427//427 396//396
f 396//396 405//405 428//428
f 397//397 379//379 416//416
f 339//339 398//398 387//387
f 407//407 388//388 429//429
f 380//380 417//417 342//342
f 380//380 381//381 430//430
f 431//431 389//389 326//326
f 326//326 254//254 431//431
f 254//254 368//368 431//431
f 419//419 361//361 390//390
f 419//419 362//362 432//432
f 362//362 369//369 432//432
f 409//409 433//433 363//363
f 434//434 410//410 324//324
f 350//350 371//371 392//392
f 435//435 392//392 371//371
f 436//436 411//411 372//372
f 400//400 436//436 372//372
f 422//422 359//359 423//423
f 413//413 424//424 366//366
f 395//395 375//375 437//437
f 438//438 376//376 311//311
f 438//438 311//311 232//232
f 232//232 334//334 438//438
f 426//426 403//403 378//378
f 427//427 404//404 415//415
f 406//406 439//439 405//405
f 440//440 417//417 380//380
f 418//418 430//430 381//381
f 441//441 382//382 361//361
f 420//420 369//369 370//370
f 433//433 420//420 363//363
f 408//408 349//349 442//442
f 324//324 383//383 434//434
f 371//371 399//399 435//435
f 411//411 443//443 399//399
f 358//358 393//393 444//444
f 425//425 401//401 394//394
f 376//376 437//437 375//375
f 445//445 377//377 403//403
f 426//426 445//445 403//403
f 446//446 426//426 404//404
f 398//398 447//447 387//387
f 361//361 419//419 448//448
f 392//392 434//434 383//383
f 411//411 436//436 449//449
f 422//422 436//436 400//400
f 407//407 412//412 384//384
f 398//398 358//358 444//444
f 393//393 424//424 450//450
f 413//413 352//352 451//451
f 452//452 453//453 401//401
f 353//353 395//395 454//454
f 437//437 454//454 395//395
f 335//335 377//377 455//455
f 426//426 446//446 456//456
f 428//428 405//405 457//457
f 458//458 406//406 397//397
f 416//416 387//387 447//447
f 429//429 388//388 459//459
f 388//388 417//417 459//459
f 368//368 382//382 460//460
f 441//441 460//460 382//382
f 361//361 448//448 441//441
f 432//432 461//461 419//419
f 369//369 420//420 462//462
f 391//391 442//442 349//349
f 435//435 399//399 443//443
f 443//443 411//411 449//449
f 423//423 463//463 422//422
f 405//405 439//439 464//464
f 397//397 416//416 465//465
f 467//467 466//466 447//447
f 447//447 398//398 467//467
f 407//407 429//429 468//468
f 380//380 430//430 440//440
f 418//418 389//389 469//469
f 431//431 469//469 389//389
f 461//461 448//448 419//419
f 462//462 432//432 369//369
f 421//421 391//391 330//330
f 434//434 470//470 410//410
f 423//423 374//374 471//471
f 472//472 425//425 414//414
f 402//402 353//353 473//473
f 474//474 437//437 376//376
f 335//335 438//438 334//334
f 428//428 475//475 427//427
f 457//457 475//475 428//428
f 465//465 458//458 397//397
f 476//476 465//465 416//416
f 477//477 459//459 417//417
f 417//417 440//440 477//477
f 440//440 430//430 478//478
f 418//418 478//478 430//430
f 431//431 368//368 479//479
f 441//441 448//448 480//480
f 481//481 480//480 448//448
f 448//448 461//461 481//481
f 462//462 482//482 432//432
f 409//409 408//408 483//483
f 374//374 412//412 484//484
f 413//413 450//450 424//424
f 451//451 485//485 413//413
f 438//438 474//474 376//376
f 486//486 445//445 426//426
f 456//456 486//486 426//426
f 446//446 427//427 487//487
f 457//457 405//405 464//464
f 439//439 406//406 458//458
f 416//416 447//447 476//476
f 466//466 476//476 447//447
f 466//466 467//467 488//488
f 469//469 431//431 479//479
f 460//460 479//479 368//368
f 480//480 460//460 441//441
f 482//482 461//461 432//432
f 483//483 489//489 409//409
f 410//410 470//470 421//421
f 392//392 435//435 490//490
f 443//443 490//490 435//435
f 449//449 436//436 491//491
f 422//422 491//491 436//436
f 472//472 414//414 492//492
f 454//454 473//473 353//353
f 438//438 335//335 455//455
f 377//377 445//445 493//493
f 494//494 456//456 446//446
f 475//475 487//487 427//427
f 468//468 429//429 495//495
f 459//459 477//477 496//496
f 497//497 483//483 408//408
f 408//408 442//442 497//497
f 490//490 434//434 392//392
f 443//443 449//449 498//498
f 449//449 491//491 498//498
f 484//484 471//471 374//374
f 499//499 484//484 412//412
f 451//451 352//352 500//500
f 352//352 453//453 500//500
f 452//452 401//401 501//501
f 502//502 501//501 401//401
f 401//401 425//425 502//502
f 425//425 472//472 502//502
f 455//455 377//377 493//493
f 486//486 503//503 445//445
f 487//487 494//494 446//446
f 464//464 439//439 458//458
f 476//476 466//466 504//504
f 488//488 467//467 505//505
f 459//459 495//495 429//429
f 478//478 506//506 440//440
f 507//507 478//478 418//418
f 508//508 509//509 490//490
f 490//490 443//443 508//508
f 510//510 508//508 443//443
f 498//498 510//510 443//443
f 511//511 491//491 422//422
f 422//422 463//463 511//511
f 412//412 407//407 499//499
f 499//499 407//407 468//468
f 450//450 413//413 485//485
f 474//474 438//438 512//512
f 504//504 465//465 476//476
f 488//488 504//504 466//466
f 495//495 459//459 496//496
f 506//506 477//477 440//440
f 418//418 469//469 513//513
f 460//460 480//480 514//514
f 515//515 481//481 461//461
f 461//461 482//482 515//515
f 516//516 462//462 420//420
f 497//497 442//442 517//517
f 391//391 517//517 442//442
f 454//454 437//437 518//518
f 437//437 474//474 518//518
f 503//503 493//493 445//445
f 519//519 494//494 487//487
f 475//475 457//457 520//520
f 488//488 521//521 504//504
f 444//444 393//393 522//522
f 522//522 393//393 450//450
f 485//485 523//523 450//450
f 468//468 495//495 524//524
f 514//514 469//469 479//479
f 479//479 460//460 514//514
f 525//525 480//480 481//481
f 516//516 482//482 462//462
f 526//526 421//421 470//470
f 470//470 434//434 526//526
f 434//434 490//490 526//526
f 509//509 526//526 490//490
f 509//509 508//508 527//527
f 508//508 510//510 527//527
f 528//528 527//527 510//510
f 491//491 529//529 498//498
f 471//471 463//463 423//423
f 499//499 530//530 484//484
f 500//500 531//531 451//451
f 532//532 473//473 454//454
f 519//519 487//487 533//533
f 534//534 533//533 487//487
f 487//487 475//475 534//534
f 520//520 535//535 475//475
f 457//457 464//464 536//536
f 458//458 465//465 537//537
f 465//465 504//504 537//537
f 505//505 467//467 538//538
f 444//444 538//538 467//467
f 499//499 468//468 539//539
f 540//540 539//539 468//468
f 495//495 496//496 541//541
f 507//507 506//506 478//478
f 469//469 514//514 513//513
f 542//542 516//516 420//420
f 420//420 433//433 542//542
f 433//433 409//409 542//542
f 391//391 421//421 543//543
f 526//526 544//544 421//421
f 545//545 527//527 528//528
f 471//471 484//484 546//546
f 523//523 522//522 450//450
f 485//485 451//451 531//531
f 500//500 453//453 547//547
f 548//548 472//472 492//492
f 532//532 454//454 518//518
f 549//549 512//512 438//438
f 455//455 549//549 438//438
f 493//493 549//549 455//455
f 535//535 534//534 475//475
f 536//536 520//520 457//457
f 464//464 458//458 550//550
f 521//521 488//488 551//551
f 524//524 540//540 468//468
f 541//541 524//524 495//495
f 480//480 525//525 514//514
f 409//409 489//489 542//542
f 497//497 552//552 483//483
f 543//543 517//517 391//391
f 526//526 509//509 553//553
f 527//527 553//553 509//509
f 527//527 545//545 554//554
f 555//555 529//529 556//556
f 529//529 491//491 556//556
f 511//511 463//463 557//557
f 471//471 557//557 463//463
f 512//512 518//518 474//474
f 519//519 558//558 494//494
f 537//537 550//550 458//458
f 537//537 504//504 559//559
f 521//521 559//559 504//504
f 551//551 560//560 521//521
f 505//505 551//551 488//488
f 531//531 561//561 485//485
f 501//501 502//502 562//562
f 502//502 472//472 562//562
f 556//556 491//491 563//563
f 484//484 530//530 546//546
f 499//499 539//539 530//530
f 524//524 539//539 540//540
f 564//564 541//541 496//496
f 496//496 477//477 564//564
f 418//418 513//513 507//507
f 565//565 507//507 513//513
f 544//544 543//543 421//421
f 566//566 544//544 526//526
f 554//554 553//553 527//527
f 532//532 518//518 567//567
f 549//549 493//493 568//568
f 569//569 558//558 519//519
f 519//519 533//533 569//569
f 534//534 535//535 570//570
f 536//536 464//464 550//550
f 560//560 551//551 571//571
f 522//522 538//538 444//444
f 523//523 485//485 561//561
f 477//477 506//506 564//564
f 513//513 514//514 565//565
f 525//525 565//565 514//514
f 572//572 482//482 516//516
f 552//552 573//573 489//489
f 489//489 483//483 552//552
f 574//574 556//556 575//575
f 491//491 511//511 563//563
f 576//576 530//530 539//539
f 577//577 578//578 523//523
f 501//501 562//562 579//579
f 548//548 562//562 472//472
f 473//473 532//532 580//580
f 493//493 503//503 568//568
f 581//581 570//570 535//535
f 520//520 581//581 535//535
f 559//559 550//550 537//537
f 559//559 521//521 560//560
f 564//564 506//506 582//582
f 506//506 507//507 582//582
f 525//525 481//481 583//583
f 515//515 583//583 481//481
f 572//572 516//516 584//584
f 542//542 584//584 516//516
f 542//542 489//489 585//585
f 489//489 573//573 585//585
f 517//517 552//552 497//497
f 553//553 554//554 586//586
f 556//556 563//563 588//588
f 589//589 563//563 511//511
f 511//511 557//557 589//589
f 546//546 557//557 471//471
f 590//590 547//547 453//453
f 453//453 452//452 590//590
f 591//591 590//590 452//452
f 452//452 501//501 591//591
f 503//503 486//486 592//592
f 534//534 570//570 533//533
f 536//536 593//593 520//520
f 594//594 571//571 551//551
f 551//551 505//505 594//594
f 578//578 538//538 522//522
f 561//561 577//577 523//523
f 482//482 572//572 515//515
f 552//552 517//517 595//595
f 526//526 553//553 596//596
f 586//586 596//596 553//553
f 563//563 589//589 588//588
f 557//557 546//546 597//597
f 546//546 530//530 597//597
f 579//579 591//591 501//501
f 568//568 503//503 598//598
f 486//486 456//456 592//592
f 494//494 592//592 456//456
f 581//581 520//520 599//599
f 600//600 550//550 559//559
f 560//560 601//601 559//559
f 538//538 594//594 505//505
f 531//531 500//500 602//602
f 500//500 547//547 602//602
f 582//582 507//507 603//603
f 572//572 584//584 604//604
f 544//544 566//566 605//605
f 596//596 566//566 526//526
f 606//606 596//596 586//586
f 607//607 606//606 587//587
f 608//608 587//587 574//574
f 597//597 589//589 557//557
f 576//576 597//597 530//530
f 539//539 609//609 576//576
f 518//518 512//512 610//610
f 611//611 610//610 512//512
f 549//549 611//611 512//512
f 549//549 568//568 612//612
f 598//598 612//612 568//568
f 558//558 569//569 613//613
f 599//599 520//520 593//593
f 538//538 578//578 614//614
f 564//564 615//615 541//541
f 507//507 565//565 603//603
f 616//616 603//603 565//565
f 543//543 544//544 617//617
f 618//618 607//607 587//587
f 619//619 618//618 587//587
f 574//574 575//575 608//608
f 588//588 620//620 575//575
f 588//588 589//589 620//620
f 621//621 609//609 622//622
f 547//547 590//590 623//623
f 580//580 532//532 624//624
f 625//625 624//624 532//532
f 567//567 625//625 532//532
f 592//592 598//598 503//503
f 558//558 592//592 494//494
f 536//536 550//550 626//626
f 601//601 600//600 559//559
f 560//560 627//627 601//601
f 578//578 577//577 614//614
f 628//628 614//614 577//577
f 582//582 629//629 564//564
f 565//565 525//525 616//616
f 515//515 572//572 604//604
f 595//595 517//517 617//617
f 517//517 543//543 617//617
f 630//630 631//631 566//566
f 566//566 596//596 630//630
f 618//618 619//619 632//632
f 620//620 589//589 633//633
f 621//621 576//576 609//609
f 602//602 547//547 634//634
f 590//590 591//591 623//623
f 610//610 567//567 518//518
f 612//612 611//611 549//549
f 612//612 598//598 635//635
f 592//592 558//558 636//636
f 613//613 636//636 558//558
f 569//569 533//533 637//637
f 533//533 570//570 637//637
f 626//626 593//593 536//536
f 626//626 550//550 600//600
f 594//594 538//538 614//614
f 638//638 561//561 531//531
f 531//531 602//602 638//638
f 603//603 616//616 639//639
f 583//583 616//616 525//525
f 604//604 640//640 515//515
f 584//584 542//542 585//585
f 641//641 573//573 552//552
f 595//595 641//641 552//552
f 605//605 566//566 642//642
f 631//631 642//642 566//566
f 643//643 630//630 596//596
f 596//596 606//606 643//643
f 607//607 643//643 606//606
f 589//589 597//597 633//633
f 624//624 644//644 548//548
f 548//548 580//580 624//624
f 598//598 592//592 636//636
f 613//613 569//569 637//637
f 570//570 581//581 645//645
f 593//593 626//626 646//646
f 647//647 646//646 626//626
f 626//626 600//600 647//647
f 571//571 594//594 648//648
f 629//629 582//582 649//649
f 650//650 649//649 582//582
f 582//582 603//603 650//650
f 583//583 515//515 640//640
f 605//605 651//651 544//544
f 607//607 618//618 652//652
f 618//618 632//632 653//653
f 654//654 655//655 597//597
f 597//597 576//576 654//654
f 656//656 654//654 576//576
f 623//623 634//634 547//547
f 591//591 579//579 657//657
f 579//579 562//562 658//658
f 659//659 658//658 562//562
f 645//645 637//637 570//570
f 646//646 647//647 660//660
f 627//627 560//560 571//571
f 594//594 614//614 661//661
f 662//662 629//629 649//649
f 603//603 639//639 650//650
f 617//617 544//544 651//651
f 653//653 652//652 618//618
f 663//663 619//619 587//587
f 587//587 608//608 663//663
f 575//575 620//620 608//608
f 576//576 621//621 656//656
f 664//664 562//562 548//548
f 644//644 664//664 548//548
f 610//610 625//625 567//567
f 635//635 598//598 665//665
f 598//598 636//636 665//665
f 613//613 666//666 636//636
f 667//667 647//647 600//600
f 600//600 601//601 667//667
f 627//627 667//667 601//601
f 648//648 668//668 571//571
f 614//614 628//628 669//669
f 634//634 638//638 602//602
f 604//604 584//584 670//670
f 584//584 585//585 670//670
f 585//585 671//671 672//672
f 573//573 641//641 673//673
f 651//651 605//605 674//674
f 642//642 674//674 605//605
f 675//675 631//631 630//630
f 676//676 643//643 607//607
f 663//663 632//632 619//619
f 657//657 623//623 591//591
f 658//658 657//657 579//579
f 611//611 612//612 677//677
f 635//635 677//677 612//612
f 666//666 665//665 636//636
f 637//637 678//678 613//613
f 679//679 645//645 581//581
f 581//581 599//599 679//679
f 646//646 660//660 680//680
f 627//627 571//571 668//668
f 661//661 648//648 594//594
f 628//628 577//577 681//681
f 639//639 616//616 682//682
f 683//683 616//616 583//583
f 672//672 670//670 585//585
f 671//671 573//573 673//673
f 651//651 684//684 617//617
f 685//685 675//675 630//630
f 630//630 643//643 685//685
f 686//686 676//676 607//607
f 607//607 652//652 686//686
f 653//653 632//632 687//687
f 688//688 663//663 608//608
f 608//608 620//620 688//688
f 633//633 688//688 620//620
f 689//689 656//656 621//621
f 664//664 659//659 562//562
f 625//625 610//610 690//690
f 611//611 690//690 610//610
f 666//666 613//613 691//691
f 678//678 691//691 613//613
f 692//692 599//599 593//593
f 614//614 669//669 661//661
f 681//681 669//669 628//628
f 693//693 694//694 662//662
f 683//683 682//682 616//616
f 640//640 683//683 583//583
f 641//641 595//595 695//695
f 696//696 642//642 631//631
f 631//631 675//675 696//696
f 676//676 685//685 643//643
f 697//697 686//686 652//652
f 652//652 653//653 697//697
f 698//698 632//632 663//663
f 655//655 633//633 597//597
f 700//700 699//699 654//654
f 654//654 656//656 700//700
f 702//702 701//701 656//656
f 656//656 689//689 702//702
f 703//703 644//644 624//624
f 690//690 624//624 625//625
f 690//690 611//611 677//677
f 635//635 665//665 704//704
f 705//705 666//666 691//691
f 678//678 637//637 706//706
f 637//637 645//645 706//706
f 679//679 599//599 707//707
f 708//708 593//593 646//646
f 680//680 708//708 646//646
f 661//661 669//669 709//709
f 681//681 709//709 669//669
f 577//577 561//561 710//710
f 561//561 638//638 710//710
f 662//662 649//649 693//693
f 649//649 711//711 712//712
f 640//640 604//604 713//713
f 642//642 714//714 674//674
f 715//715 687//687 632//632
f 698//698 715//715 632//632
f 633//633 655//655 688//688
f 699//699 655//655 654//654
f 701//701 700//700 656//656
f 634//634 623//623 716//716
f 677//677 635//635 717//717
f 704//704 717//717 635//635
f 718//718 660//660 647//647
f 617//617 695//695 595//595
f 696//696 675//675 685//685
f 719//719 696//696 685//685
f 676//676 719//719 685//685
f 663//663 688//688 698//698
f 720//720 688//688 655//655
f 721//721 689//689 694//694
f 693//693 721//721 694//694
f 712//712 693//693 649//649
f 682//682 711//711 650//650
f 650//650 639//639 682//682
f 722//722 682//682 683//683
f 683//683 640//640 723//723
f 640//640 713//713 723//723
f 604//604 670//670 713//713
f 670//670 672//672 724//724
f 648//648 661//661 725//725
f 709//709 725//725 661//661
f 681//681 577//577 710//710
f 703//703 664//664 644//644
f 624//624 690//690 703//703
f 726//726 717//717 704//704
f 704//704 705//705 726//726
f 705//705 691//691 727//727
f 728//728 727//727 691//691
f 691//691 678//678 728//728
f 679//679 706//706 645//645
f 692//692 707//707 599//599
f 692//692 593//593 708//708
f 674//674 684//684 651//651
f 696//696 714//714 642//642
f 697//697 653//653 729//729
f 730//730 720//720 655//655
f 655//655 699//699 730//730
f 732//732 731//731 700//700
f 700//700 701//701 732//732
f 701//701 702//702 732//732
f 733//733 732//732 702//702
f 702//702 689//689 733//733
f 723//723 722//722 683//683
f 724//724 734//734 670//670
f 700//700 730//730 699//699
f 735//735 712//712 711//711
f 711//711 682//682 736//736
f 722//722 736//736 682//682
f 713//713 670//670 734//734
f 737//737 738//738 739//739
f 739//739 673//673 737//737
f 641//641 737//737 673//673
f 684//684 674//674 740//740
f 686//686 741//741 676//676
f 686//686 697//697 742//742
f 729//729 742//742 697//697
f 653//653 687//687 743//743
f 687//687 715//715 743//743
f 744//744 715//715 698//698
f 698//698 688//688 744//744
f 718//718 667//667 745//745
f 623//623 657//657 746//746
f 690//690 677//677 747//747
f 717//717 747//747 677//677
f 657//657 658//658 748//748
f 658//658 664//664 749//749
f 664//664 703//703 750//750
f 747//747 703//703 690//690
f 726//726 705//705 751//751
f 728//728 678//678 752//752
f 678//678 706//706 752//752
f 753//753 752//752 679//679
f 754//754 753//753 679//679
f 679//679 707//707 754//754
f 707//707 692//692 755//755
f 756//756 755//755 692//692
f 692//692 708//708 756//756
f 708//708 680//680 757//757
f 725//725 758//758 668//668
f 668//668 648//648 725//725
f 709//709 681//681 759//759
f 710//710 759//759 681//681
f 744//744 743//743 715//715
f 720//720 744//744 688//688
f 700//700 731//731 760//760
f 761//761 731//731 732//732
f 733//733 761//761 732//732
f 762//762 733//733 689//689
f 723//723 713//713 734//734
f 763//763 739//739 738//738
f 714//714 740//740 674//674
f 764//764 714//714 696//696
f 719//719 764//764 696//696
f 658//658 749//749 765//765
f 726//726 766//766 717//717
f 705//705 727//727 751//751
f 767//767 727//727 728//728
f 728//728 752//752 767//767
f 754//754 707//707 755//755
f 768//768 745//745 667//667
f 668//668 758//758 769//769
f 743//743 744//744 770//770
f 760//760 730//730 700//700
f 771//771 760//760 731//731
f 721//721 762//762 689//689
f 721//721 693//693 772//772
f 773//773 772//772 693//693
f 711//711 736//736 735//735
f 723//723 774//774 722//722
f 723//723 734//734 774//774
f 775//775 738//738 737//737
f 695//695 776//776 641//641
f 777//777 617//617 684//684
f 719//719 676//676 741//741
f 778//778 741//741 686//686
f 779//779 778//778 686//686
f 686//686 742//742 779//779
f 769//769 768//768 667//667
f 667//667 627//627 769//769
f 780//780 710//710 638//638
f 782//782 781//781 634//634
f 634//634 716//716 782//782
f 746//746 716//716 623//623
f 765//765 748//748 658//658
f 783//783 749//749 664//664
f 766//766 726//726 751//751
f 784//784 751//751 727//727
f 741//741 778//778 785//785
f 770//770 786//786 743//743
f 787//787 771//771 731//731
f 788//788 787//787 731//731
f 731//731 761//761 788//788
f 712//712 773//773 693//693
f 774//774 789//789 722//722
f 734//734 724//724 790//790
f 791//791 790//790 724//724
f 724//724 763//763 791//791
f 738//738 791//791 763//763
f 695//695 617//617 792//792
f 740//740 793//793 684//684
f 794//794 795//795 796//796
f 627//627 668//668 769//769
f 725//725 709//709 797//797
f 709//709 759//759 797//797
f 798//798 782//782 716//716
f 746//746 798//798 716//716
f 799//799 746//746 657//657
f 750//750 783//783 664//664
f 747//747 717//717 766//766
f 800//800 766//766 751//751
f 754//754 755//755 801//801
f 786//786 653//653 743//743
f 760//760 802//802 730//730
f 788//788 761//761 803//803
f 761//761 733//733 804//804
f 733//733 762//762 804//804
f 789//789 735//735 736//736
f 736//736 722//722 789//789
f 776//776 737//737 641//641
f 777//777 684//684 793//793
f 740//740 714//714 805//805
f 714//714 764//764 806//806
f 807//807 795//795 794//794
f 796//796 718//718 794//794
f 745//745 768//768 808//808
f 725//725 797//797 809//809
f 759//759 710//710 810//810
f 638//638 634//634 780//780
f 781//781 780//780 634//634
f 657//657 748//748 799//799
f 750//750 703//703 783//783
f 811//811 703//703 747//747
f 766//766 811//811 747//747
f 784//784 800//800 751//751
f 753//753 754//754 812//812
f 801//801 812//812 754//754
f 802//802 786//786 770//770
f 787//787 788//788 813//813
f 803//803 813//813 788//788
f 762//762 721//721 814//814
f 712//712 735//735 815//815
f 790//790 789//789 774//774
f 774//774 734//734 790//790
f 776//776 695//695 792//792
f 777//777 792//792 617//617
f 740//740 805//805 793//793
f 806//806 805//805 714//714
f 806//806 764//764 816//816
f 764//764 719//719 816//816
f 719//719 741//741 817//817
f 807//807 757//757 680//680
f 680//680 795//795 807//807
f 758//758 725//725 819//819
f 809//809 819//819 725//725
f 820//820 799//799 748//748
f 748//748 765//765 820//820
f 749//749 783//783 765//765
f 811//811 783//783 703//703
f 821//821 766//766 800//800
f 767//767 784//784 727//727
f 653//653 786//786 822//822
f 760//760 771//771 823//823
f 803//803 761//761 824//824
f 761//761 804//804 824//824
f 772//772 814//814 721//721
f 773//773 712//712 825//825
f 815//815 825//825 712//712
f 775//775 826//826 738//738
f 817//817 741//741 818//818
f 779//779 742//742 827//827
f 794//794 718//718 828//828
f 829//829 828//828 718//718
f 745//745 829//829 718//718
f 758//758 819//819 830//830
f 810//810 831//831 759//759
f 810//810 710//710 780//780
f 832//832 833//833 811//811
f 811//811 766//766 832//832
f 766//766 821//821 834//834
f 835//835 784//784 767//767
f 802//802 838//838 786//786
f 823//823 802//802 760//760
f 824//824 839//839 803//803
f 814//814 804//804 762//762
f 789//789 815//815 735//735
f 789//789 790//790 840//840
f 791//791 738//738 841//841
f 826//826 841//841 738//738
f 775//775 737//737 842//842
f 776//776 842//842 737//737
f 777//777 793//793 843//843
f 844//844 793//793 805//805
f 806//806 844//844 805//805
f 816//816 719//719 817//817
f 818//818 741//741 845//845
f 741//741 785//785 845//845
f 846//846 827//827 742//742
f 757//757 807//807 847//847
f 848//848 808//808 768//768
f 769//769 848//848 768//768
f 830//830 849//849 769//769
f 769//769 758//758 830//830
f 780//780 850//850 810//810
f 851//851 746//746 799//799
f 799//799 820//820 852//852
f 833//833 765//765 783//783
f 783//783 811//811 833//833
f 832//832 766//766 834//834
f 821//821 800//800 853//853
f 767//767 836//836 835//835
f 854//854 835//835 836//836
f 812//812 854//854 836//836
f 812//812 837//837 854//854
f 837//837 856//856 855//855
f 802//802 823//823 857//857
f 839//839 813//813 803//803
f 858//858 839//839 824//824
f 824//824 804//804 858//858
f 804//804 814//814 859//859
f 814//814 772//772 860//860
f 772//772 773//773 861//861
f 773//773 825//825 862//862
f 815//815 862//862 825//825
f 790//790 791//791 863//863
f 841//841 863//863 791//791
f 816//816 844//844 806//806
f 816//816 817//817 864//864
f 818//818 864//864 817//817
f 865//865 778//778 779//779
f 827//827 865//865 779//779
f 807//807 794//794 866//866
f 794//794 828//828 867//867
f 868//868 809//809 797//797
f 746//746 851//851 798//798
f 855//855 854//854 837//837
f 856//856 869//869 855//855
f 822//822 786//786 838//838
f 857//857 838//838 802//802
f 813//813 870//870 787//787
f 859//859 858//858 804//804
f 772//772 861//861 860//860
f 863//863 840//840 790//790
f 871//871 841//841 826//826
f 826//826 775//775 871//871
f 843//843 872//872 777//777
f 847//847 807//807 873//873
f 867//867 866//866 794//794
f 745//745 808//808 829//829
f 797//797 759//759 831//831
f 831//831 810//810 850//850
f 850//850 780//780 874//874
f 852//852 820//820 875//875
f 833//833 820//820 765//765
f 832//832 834//834 876//876
f 834//834 821//821 877//877
f 821//821 853//853 877//877
f 784//784 853//853 800//800
f 878//878 869//869 879//879
f 839//839 880//880 813//813
f 773//773 862//862 861//861
f 882//882 862//862 815//815
f 882//882 815//815 789//789
f 789//789 840//840 882//882
f 843//843 793//793 883//883
f 793//793 844//844 883//883
f 844//844 816//816 884//884
f 885//885 778//778 865//865
f 866//866 873//873 807//807
f 848//848 829//829 808//808
f 769//769 886//886 848//848
f 887//887 849//849 830//830
f 819//819 887//887 830//830
f 874//874 780//780 781//781
f 875//875 889//889 852//852
f 833//833 832//832 890//890
f 876//876 890//890 832//832
f 891//891 876//876 834//834
f 877//877 891//891 834//834
f 853//853 784//784 892//892
f 784//784 835//835 892//892
f 893//893 835//835 854//854
f 854//854 855//855 894//894
f 895//895 857//857 823//823
f 870//870 896//896 787//787
f 880//880 870//870 813//813
f 897//897 881//881 839//839
f 860//860 859//859 814//814
f 882//882 861//861 862//862
f 898//898 882//882 840//840
f 841//841 871//871 863//863
f 871//871 775//775 899//899
f 842//842 899//899 775//775
f 878//878 900//900 869//869
f 878//878 879//879 901//901
f 873//873 902//902 879//879
f 819//819 809//809 868//868
f 831//831 868//868 797//797
f 782//782 903//903 888//888
f 782//782 798//798 903//903
f 851//851 799//799 904//904
f 799//799 852//852 904//904
f 820//820 833//833 890//890
f 890//890 876//876 905//905
f 906//906 891//891 877//877
f 906//906 877//877 853//853
f 907//907 892//892 835//835
f 835//835 893//893 907//907
f 894//894 893//893 854//854
f 880//880 839//839 908//908
f 839//839 881//881 908//908
f 860//860 909//909 859//859
f 882//882 898//898 910//910
f 911//911 910//910 898//898
f 792//792 777//777 912//912
f 777//777 872//872 912//912
f 864//864 818//818 913//913
f 785//785 778//778 914//914
f 879//879 902//902 901//901
f 866//866 902//902 873//873
f 829//829 848//848 915//915
f 868//868 887//887 819//819
f 890//890 875//875 820//820
f 876//876 891//891 916//916
f 892//892 906//906 853//853
f 880//880 908//908 917//917
f 918//918 908//908 881//881
f 919//919 881//881 897//897
f 897//897 859//859 909//909
f 920//920 861//861 882//882
f 882//882 910//910 920//920
f 911//911 899//899 921//921
f 899//899 842//842 922//922
f 842//842 776//776 923//923
f 884//884 924//924 844//844
f 785//785 914//914 845//845
f 867//867 925//925 866//866
f 915//915 926//926 829//829
f 886//886 769//769 927//927
f 769//769 849//849 927//927
f 850//850 928//928 831//831
f 781//781 782//782 929//929
f 888//888 929//929 782//782
f 798//798 851//851 930//930
f 889//889 931//931 852//852
f 907//907 906//906 892//892
f 932//932 933//933 838//838
f 838//838 857//857 932//932
f 870//870 880//880 934//934
f 910//910 911//911 935//935
f 911//911 921//921 935//935
f 921//921 899//899 936//936
f 923//923 922//922 842//842
f 776//776 792//792 923//923
f 912//912 923//923 792//792
f 937//937 883//883 844//844
f 864//864 884//884 816//816
f 913//913 818//818 938//938
f 818//818 845//845 938//938
f 798//798 930//930 903//903
f 904//904 852//852 931//931
f 875//875 890//890 939//939
f 890//890 905//905 940//940
f 916//916 905//905 876//876
f 906//906 916//916 891//891
f 941//941 915//915 848//848
f 848//848 886//886 941//941
f 849//849 887//887 942//942
f 850//850 874//874 943//943
f 857//857 895//895 932//932
f 896//896 870//870 944//944
f 917//917 934//934 880//880
f 909//909 919//919 897//897
f 945//945 860//860 861//861
f 935//935 920//920 910//910
f 844//844 924//924 937//937
f 946//946 889//889 875//875
f 875//875 939//939 946//946
f 890//890 940//940 939//939
f 878//878 947//947 900//900
f 901//901 902//902 948//948
f 902//902 866//866 925//925
f 949//949 925//925 867//867
f 867//867 828//828 950//950
f 828//828 829//829 926//926
f 849//849 942//942 927//927
f 928//928 868//868 831//831
f 874//874 781//781 929//929
f 895//895 896//896 951//951
f 934//934 917//917 952//952
f 908//908 918//918 917//917
f 953//953 917//917 918//918
f 919//919 954//954 881//881
f 936//936 899//899 922//922
f 955//955 884//884 864//864
f 940//940 905//905 956//956
f 957//957 905//905 916//916
f 878//878 901//901 958//958
f 948//948 958//958 901//901
f 925//925 948//948 902//902
f 926//926 950//950 828//828
f 887//887 868//868 942//942
f 928//928 942//942 868//868
f 850//850 943//943 928//928
f 934//934 944//944 870//870
f 954//954 918//918 881//881
f 959//959 954//954 919//919
f 860//860 960//960 909//909
f 937//937 872//872 883//883
f 961//961 924//924 884//884
f 963//963 931//931 889//889
f 964//964 946//946 939//939
f 964//964 939//939 940//940
f 905//905 957//957 956//956
f 965//965 957//957 916//916
f 916//916 947//947 965//965
f 878//878 965//965 947//947
f 949//949 867//867 950//950
f 926//926 915//915 966//966
f 932//932 895//895 951//951
f 919//919 909//909 959//959
f 960//960 959//959 909//909
f 860//860 945//945 960//960
f 967//967 935//935 921//921
f 968//968 912//912 872//872
f 937//937 924//924 969//969
f 962//962 864//864 913//913
f 904//904 931//931 970//970
f 946//946 963//963 889//889
f 958//958 965//965 878//878
f 971//971 972//972 958//958
f 958//958 948//948 971//971
f 948//948 925//925 973//973
f 941//941 966//966 915//915
f 974//974 942//942 928//928
f 975//975 928//928 943//943
f 888//888 903//903 976//976
f 977//977 951//951 896//896
f 896//896 944//944 977//977
f 978//978 953//953 918//918
f 959//959 978//978 954//954
f 861//861 920//920 945//945
f 968//968 979//979 912//912
f 980//980 865//865 827//827
f 967//967 981//981 935//935
f 962//962 913//913 938//938
f 917//917 953//953 982//982
f 983//983 927//927 942//942
f 974//974 928//928 975//975
f 943//943 874//874 984//984
f 874//874 929//929 985//985
f 963//963 970//970 931//931
f 946//946 964//964 986//986
f 964//964 956//956 986//986
f 956//956 957//957 987//987
f 988//988 987//987 957//957
f 957//957 965//965 988//988
f 965//965 958//958 989//989
f 972//972 989//989 958//958
f 949//949 950//950 990//990
f 903//903 930//930 991//991
f 946//946 986//986 963//963
f 989//989 988//988 965//965
f 993//993 975//975 943//943
f 888//888 985//985 929//929
f 918//918 954//954 978//978
f 995//995 978//978 959//959
f 959//959 960//960 995//995
f 945//945 995//995 960//960
f 922//922 996//996 936//936
f 997//997 968//968 872//872
f 872//872 937//937 997//997
f 924//924 961//961 969//969
f 851//851 991//991 930//930
f 998//998 904//904 970//970
f 971//971 992//992 972//972
f 925//925 949//949 973//973
f 999//999 950//950 926//926
f 886//886 927//927 1000//1000
f 984//984 993//993 943//943
f 985//985 984//984 874//874
f 1001//1001 994//994 1002//1002
f 944//944 934//934 1004//1004
f 953//953 978//978 1005//1005
f 945//945 920//920 1006//1006
f 981//981 1006//1006 920//920
f 778//778 885//885 1007//1007
f 827//827 1001//1001 980//980
f 1008//1008 980//980 1001//1001
f 991//991 1009//1009 903//903
f 1010//1010 851//851 904//904
f 1011//1011 970//970 963//963
f 963//963 986//986 1012//1012
f 1013//1013 1012//1012 986//986
f 986//986 956//956 1013//1013
f 987//987 1013//1013 956//956
f 987//987 988//988 1014//1014
f 1015//1015 988//988 989//989
f 1016//1016 971//971 948//948
f 1002//1002 1008//1008 1001//1001
f 952//952 917//917 982//982
f 995//995 945//945 1017//1017
f 1006//1006 1017//1017 945//945
f 921//921 936//936 967//967
f 1018//1018 937//937 969//969
f 961//961 884//884 955//955
f 998//998 1010//1010 904//904
f 1012//1012 1019//1019 963//963
f 1013//1013 987//987 1014//1014
f 1014//1014 988//988 1020//1020
f 999//999 966//966 1021//1021
f 1022//1022 1021//1021 966//966
f 966//966 941//941 1022//1022
f 941//941 886//886 1023//1023
f 1000//1000 1023//1023 886//886
f 1024//1024 983//983 942//942
f 942//942 974//974 1024//1024
f 985//985 888//888 1025//1025
f 888//888 976//976 1025//1025
f 1009//1009 976//976 903//903
f 944//944 1003//1003 977//977
f 1004//1004 1003//1003 944//944
f 1004//1004 934//934 952//952
f 1026//1026 967//967 936//936
f 962//962 955//955 864//864
f 778//778 1007//1007 914//914
f 1027//1027 991//991 851//851
f 1010//1010 1027//1027 851//851
f 1028//1028 998//998 970//970
f 1019//1019 1011//1011 963//963
f 1015//1015 1020//1020 988//988
f 974//974 975//975 1029//1029
f 1003//1003 1004//1004 1030//1030
f 952//952 982//982 1031//1031
f 996//996 1026//1026 936//936
f 923//923 912//912 1032//1032
f 912//912 979//979 1033//1033
f 961//961 1018//1018 969//969
f 865//865 980//980 885//885
f 1020//1020 1034//1034 1014//1014
f 989//989 972//972 1015//1015
f 992//992 971//971 1035//1035
f 1021//1021 1036//1036 999//999
f 927//927 983//983 1000//1000
f 977//977 1003//1003 1038//1038
f 953//953 1005//1005 982//982
f 1039//1039 978//978 995//995
f 1017//1017 1039//1039 995//995
f 922//922 923//923 1032//1032
f 1040//1040 1032//1032 912//912
f 1033//1033 1040//1040 912//912
f 979//979 968//968 1041//1041
f 1006//1006 981//981 1043//1043
f 996//996 922//922 1032//1032
f 968//968 997//997 1041//1041
f 1018//1018 997//997 937//937
f 962//962 938//938 1044//1044
f 1045//1045 980//980 1008//1008
f 1023//1023 1022//1022 941//941
f 1046//1046 1029//1029 975//975
f 1037//1037 1046//1046 975//975
f 975//975 993//993 1037//1037
f 970//970 1011//1011 1028//1028
f 1019//1019 1028//1028 1011//1011
f 1019//1019 1012//1012 1047//1047
f 1013//1013 1047//1047 1012//1012
f 1048//1048 1020//1020 1015//1015
f 1016//1016 1035//1035 971//971
f 1049//1049 950//950 999//999
f 1009//1009 991//991 1027//1027
f 1050//1050 1047//1047 1013//1013
f 992//992 1035//1035 1051//1051
f 990//990 950//950 1052//1052
f 1024//1024 974//974 1053//1053
f 976//976 1009//1009 1054//1054
f 1038//1038 1002//1002 977//977
f 1003//1003 1030//1030 1038//1038
f 1031//1031 1004//1004 952//952
f 1039//1039 1005//1005 978//978
f 1017//1017 1006//1006 1055//1055
f 1033//1033 979//979 1056//1056
f 1041//1041 1056//1056 979//979
f 1041//1041 997//997 1057//1057
f 845//845 914//914 1058//1058
f 1038//1038 1008//1008 1002//1002
f 1055//1055 1039//1039 1017//1017
f 1043//1043 1055//1055 1006//1006
f 955//955 1042//1042 961//961
f 1024//1024 1000//1000 983//983
f 993//993 984//984 1059//1059
f 984//984 985//985 1060//1060
f 1028//1028 1019//1019 1061//1061
f 1014//1014 1034//1034 1013//1013
f 972//972 992//992 1062//1062
f 949//949 1063//1063 973//973
f 950//950 1049//1049 1052//1052
f 1008//1008 1038//1038 1064//1064
f 1065//1065 1030//1030 1004//1004
f 1004//1004 1031//1031 1066//1066
f 1005//1005 1039//1039 1067//1067
f 1055//1055 1067//1067 1039//1039
f 1043//1043 981//981 1068//1068
f 845//845 1044//1044 938//938
f 914//914 1007//1007 1058//1058
f 1037//1037 993//993 1069//1069
f 993//993 1059//1059 1069//1069
f 1070//1070 1025//1025 976//976
f 1054//1054 1070//1070 976//976
f 1027//1027 1071//1071 1009//1009
f 1047//1047 1061//1061 1019//1019
f 1034//1034 1050//1050 1013//1013
f 949//949 990//990 1072//1072
f 1010//1010 998//998 1073//1073
f 1074//1074 1073//1073 998//998
f 998//998 1028//1028 1074//1074
f 1075//1075 1074//1074 1028//1028
f 1061//1061 1075//1075 1028//1028
f 1048//1048 1034//1034 1020//1020
f 1016//1016 973//973 1063//1063
f 1025//1025 1060//1060 985//985
f 1038//1038 1030//1030 1077//1077
f 982//982 1005//1005 1078//1078
f 967//967 1026//1026 1079//1079
f 1056//1056 1040//1040 1033//1033
f 1056//1056 1041//1041 1080//1080
f 997//997 1018//1018 1081//1081
f 961//961 1081//1081 1018//1018
f 962//962 1044//1044 955//955
f 1027//1027 1010//1010 1082//1082
f 1083//1083 1084//1084 1048//1048
f 1015//1015 1083//1083 1048//1048
f 1029//1029 1053//1053 974//974
f 1069//1069 1046//1046 1037//1037
f 984//984 1060//1060 1059//1059
f 1070//1070 1060//1060 1025//1025
f 1071//1071 1054//1054 1009//1009
f 1077//1077 1030//1030 1065//1065
f 1078//1078 1031//1031 982//982
f 1067//1067 1078//1078 1005//1005
f 1067//1067 1055//1055 1085//1085
f 1068//1068 1086//1086 1043//1043
f 1087//1087 1079//1079 1026//1026
f 1088//1088 1087//1087 1026//1026
f 1057//1057 1080//1080 1041//1041
f 1008//1008 1064//1064 1045//1045
f 1082//1082 1071//1071 1027//1027
f 1050//1050 1034//1034 1089//1089
f 1048//1048 1089//1089 1034//1034
f 1076//1076 1083//1083 1015//1015
f 1015//1015 972//972 1062//1062
f 1021//1021 1090//1090 1036//1036
f 1022//1022 1090//1090 1021//1021
f 1000//1000 1024//1024 1023//1023
f 1024//1024 1053//1053 1023//1023
f 1091//1091 1069//1069 1059//1059
f 1077//1077 1064//1064 1038//1038
f 1004//1004 1066//1066 1065//1065
f 1068//1068 981//981 1092//1092
f 967//967 1092//1092 981//981
f 1026//1026 996//996 1088//1088
f 1032//1032 1093//1093 996//996
f 1057//1057 997//997 1094//1094
f 1081//1081 1094//1094 997//997
f 1095//1095 1078//1078 1067//1067
f 1085//1085 1095//1095 1067//1067
f 1055//1055 1043//1043 1085//1085
f 1043//1043 1086//1086 1085//1085
f 1096//1096 1032//1032 1040//1040
f 1080//1080 1057//1057 1094//1094
f 1058//1058 1097//1097 845//845
f 1098//1098 1007//1007 885//885
f 1099//1099 885//885 980//980
f 1023//1023 1053//1053 1100//1100
f 1101//1101 1075//1075 1061//1061
f 1061//1061 1047//1047 1101//1101
f 1084//1084 1089//1089 1048//1048
f 1062//1062 1076//1076 1015//1015
f 1062//1062 992//992 1102//1102
f 1051//1051 1102//1102 992//992
f 1051//1051 1035//1035 1103//1103
f 1035//1035 1016//1016 1104//1104
f 1016//1016 1063//1063 1104//1104
f 1072//1072 990//990 1052//1052
f 1105//1105 1066//1066 1031//1031
f 1079//1079 1087//1087 1106//1106
f 1093//1093 1088//1088 996//996
f 1093//1093 1032//1032 1096//1096
f 1040//1040 1056//1056 1096//1096
f 1107//1107 1097//1097 1058//1058
f 1022//1022 1023//1023 1108//1108
f 1100//1100 1053//1053 1029//1029
f 1059//1059 1060//1060 1109//1109
f 1070//1070 1054//1054 1110//1110
f 1111//1111 1110//1110 1054//1054
f 1054//1054 1071//1071 1111//1111
f 1082//1082 1010//1010 1112//1112
f 1073//1073 1112//1112 1010//1010
f 1073//1073 1074//1074 1112//1112
f 1113//1113 1114//1114 1074//1074
f 1101//1101 1113//1113 1075//1075
f 1115//1115 1101//1101 1047//1047
f 1047//1047 1050//1050 1115//1115
f 1089//1089 1115//1115 1050//1050
f 1112//1112 1074//1074 1114//1114
f 1074//1074 1075//1075 1113//1113
f 1089//1089 1084//1084 1116//1116
f 1083//1083 1116//1116 1084//1084
f 949//949 1072//1072 1117//1117
f 1090//1090 1022//1022 1118//1118
f 1100//1100 1119//1119 1023//1023
f 1070//1070 1120//1120 1060//1060
f 1031//1031 1078//1078 1105//1105
f 1085//1085 1086//1086 1121//1121
f 1122//1122 1094//1094 1081//1081
f 1071//1071 1082//1082 1123//1123
f 1124//1124 1123//1123 1082//1082
f 1112//1112 1124//1124 1082//1082
f 1063//1063 949//949 1117//1117
f 1036//1036 1052//1052 1049//1049
f 1118//1118 1022//1022 1108//1108
f 1119//1119 1108//1108 1023//1023
f 1091//1091 1059//1059 1109//1109
f 1110//1110 1120//1120 1070//1070
f 1065//1065 1126//1126 1077//1077
f 1065//1065 1066//1066 1126//1126
f 1079//1079 1127//1127 967//967
f 1094//1094 1128//1128 1080//1080
f 1042//1042 1081//1081 961//961
f 1058//1058 1007//1007 1107//1107
f 980//980 1045//1045 1130//1130
f 1116//1116 1115//1115 1089//1089
f 1104//1104 1063//1063 1131//1131
f 1100//1100 1029//1029 1132//1132
f 1029//1029 1046//1046 1125//1125
f 1060//1060 1120//1120 1109//1109
f 1064//1064 1077//1077 1133//1133
f 1095//1095 1105//1105 1078//1078
f 1121//1121 1095//1095 1085//1085
f 1086//1086 1068//1068 1134//1134
f 1127//1127 1092//1092 967//967
f 1127//1127 1079//1079 1106//1106
f 1135//1135 1106//1106 1087//1087
f 1088//1088 1093//1093 1136//1136
f 1096//1096 1056//1056 1137//1137
f 1056//1056 1080//1080 1138//1138
f 1080//1080 1128//1128 1138//1138
f 1099//1099 1098//1098 885//885
f 1083//1083 1139//1139 1116//1116
f 1046//1046 1069//1069 1125//1125
f 1091//1091 1125//1125 1069//1069
f 1109//1109 1140//1140 1091//1091
f 1068//1068 1092//1092 1141//1141
f 1093//1093 1096//1096 1136//1136
f 1098//1098 1142//1142 1007//1007
f 1045//1045 1064//1064 1133//1133
f 1114//1114 1113//1113 1144//1144
f 1115//1115 1116//1116 1145//1145
f 1062//1062 1146//1146 1076//1076
f 1062//1062 1102//1102 1147//1147
f 1148//1148 1131//1131 1063//1063
f 1105//1105 1095//1095 1149//1149
f 1134//1134 1121//1121 1086//1086
f 1106//1106 1135//1135 1150//1150
f 1056//1056 1138//1138 1137//1137
f 1151//1151 1111//1111 1071//1071
f 1123//1123 1151//1151 1071//1071
f 1114//1114 1143//1143 1152//1152
f 1143//1143 1114//1114 1144//1144
f 1153//1153 1139//1139 1083//1083
f 1076//1076 1153//1153 1083//1083
f 1147//1147 1146//1146 1062//1062
f 1103//1103 1154//1154 1051//1051
f 1103//1103 1035//1035 1155//1155
f 1104//1104 1155//1155 1035//1035
f 1072//1072 1052//1052 1156//1156
f 1036//1036 1156//1156 1052//1052
f 1036//1036 1090//1090 1157//1157
f 1158//1158 1029//1029 1125//1125
f 1140//1140 1159//1159 1091//1091
f 1077//1077 1126//1126 1160//1160
f 1162//1162 1066//1066 1105//1105
f 1149//1149 1162//1162 1105//1105
f 1134//1134 1068//1068 1163//1163
f 1150//1150 1127//1127 1106//1106
f 1087//1087 1088//1088 1136//1136
f 1137//1137 1136//1136 1096//1096
f 1164//1164 1137//1137 1138//1138
f 1165//1165 1128//1128 1094//1094
f 1007//1007 1142//1142 1107//1107
f 1112//1112 1114//1114 1152//1152
f 1143//1143 1144//1144 1166//1166
f 1115//1115 1145//1145 1101//1101
f 1153//1153 1076//1076 1146//1146
f 1159//1159 1125//1125 1091//1091
f 1120//1120 1110//1110 1167//1167
f 1121//1121 1149//1149 1095//1095
f 1138//1138 1128//1128 1164//1164
f 1081//1081 1042//1042 1129//1129
f 1168//1168 955//955 1044//1044
f 1097//1097 1107//1107 1169//1169
f 1101//1101 1145//1145 1170//1170
f 1171//1171 1147//1147 1102//1102
f 1102//1102 1051//1051 1172//1172
f 1051//1051 1154//1154 1172//1172
f 1119//1119 1100//1100 1173//1173
f 1109//1109 1120//1120 1140//1140
f 1120//1120 1167//1167 1140//1140
f 1161//1161 1126//1126 1066//1066
f 1150//1150 1135//1135 1174//1174
f 1174//1174 1135//1135 1175//1175
f 1135//1135 1087//1087 1176//1176
f 1097//1097 1168//1168 1044//1044
f 1044//1044 845//845 1097//1097
f 980//980 1130//1130 1099//1099
f 1117//1117 1148//1148 1063//1063
f 1157//1157 1090//1090 1178//1178
f 1173//1173 1100//1100 1132//1132
f 1111//1111 1179//1179 1110//1110
f 1121//1121 1162//1162 1149//1149
f 1068//1068 1141//1141 1163//1163
f 1176//1176 1175//1175 1135//1135
f 1136//1136 1176//1176 1087//1087
f 1180//1180 1164//1164 1128//1128
f 1129//1129 1181//1181 1081//1081
f 955//955 1168//1168 1182//1182
f 1133//1133 1077//1077 1184//1184
f 1160//1160 1184//1184 1077//1077
f 1122//1122 1081//1081 1181//1181
f 1182//1182 1042//1042 955//955
f 1183//1183 1169//1169 1107//1107
f 1045//1045 1133//1133 1185//1185
f 1108//1108 1119//1119 1186//1186
f 1187//1187 1132//1132 1029//1029
f 1029//1029 1158//1158 1188//1188
f 1167//1167 1110//1110 1179//1179
f 1143//1143 1190//1190 1152//1152
f 1145//1145 1116//1116 1170//1170
f 1139//1139 1170//1170 1116//1116
f 1172//1172 1171//1171 1102//1102
f 1156//1156 1036//1036 1191//1191
f 1151//1151 1179//1179 1111//1111
f 1192//1192 1166//1166 1144//1144
f 1144//1144 1113//1113 1192//1192
f 1193//1193 1113//1113 1101//1101
f 1173//1173 1132//1132 1194//1194
f 1066//1066 1162//1162 1161//1161
f 1122//1122 1165//1165 1094//1094
f 1196//1196 1098//1098 1099//1099
f 1185//1185 1130//1130 1045//1045
f 1112//1112 1152//1152 1124//1124
f 1113//1113 1193//1193 1192//1192
f 1153//1153 1146//1146 1197//1197
f 1140//1140 1167//1167 1198//1198
f 1167//1167 1179//1179 1199//1199
f 1161//1161 1160//1160 1126//1126
f 1092//1092 1200//1200 1141//1141
f 1136//1136 1137//1137 1195//1195
f 1201//1201 1195//1195 1137//1137
f 1164//1164 1201//1201 1137//1137
f 1202//1202 1122//1122 1181//1181
f 1129//1129 1042//1042 1182//1182
f 1124//1124 1152//1152 1203//1203
f 1197//1197 1139//1139 1153//1153
f 1155//1155 1104//1104 1131//1131
f 1204//1204 1117//1117 1072//1072
f 1156//1156 1191//1191 1205//1205
f 1118//1118 1186//1186 1206//1206
f 1207//1207 1186//1186 1119//1119
f 1198//1198 1125//1125 1159//1159
f 1198//1198 1167//1167 1199//1199
f 1208//1208 1161//1161 1162//1162
f 1127//1127 1150//1150 1209//1209
f 1210//1210 1176//1176 1136//1136
f 1136//1136 1195//1195 1210//1210
f 1130//1130 1177//1177 1099//1099
f 1123//1123 1211//1211 1151//1151
f 1152//1152 1190//1190 1189//1189
f 1166//1166 1212//1212 1143//1143
f 1147//1147 1197//1197 1146//1146
f 1072//1072 1156//1156 1204//1204
f 1090//1090 1118//1118 1213//1213
f 1119//1119 1173//1173 1194//1194
f 1187//1187 1029//1029 1188//1188
f 1214//1214 1158//1158 1125//1125
f 1159//1159 1140//1140 1198//1198
f 1141//1141 1215//1215 1163//1163
f 1165//1165 1180//1180 1128//1128
f 1168//1168 1097//1097 1216//1216
f 1189//1189 1203//1203 1152//1152
f 1190//1190 1143//1143 1212//1212
f 1101//1101 1170//1170 1193//1193
f 1139//1139 1217//1217 1170//1170
f 1218//1218 1172//1172 1154//1154
f 1154//1154 1103//1103 1218//1218
f 1117//1117 1219//1219 1148//1148
f 1205//1205 1204//1204 1156//1156
f 1199//1199 1179//1179 1220//1220
f 1160//1160 1161//1161 1221//1221
f 1150//1150 1174//1174 1209//1209
f 1175//1175 1176//1176 1210//1210
f 1165//1165 1122//1122 1222//1222
f 1202//1202 1222//1222 1122//1122
f 1142//1142 1223//1223 1107//1107
f 1098//1098 1196//1196 1142//1142
f 1130//1130 1185//1185 1177//1177
f 1211//1211 1179//1179 1151//1151
f 1123//1123 1124//1124 1211//1211
f 1224//1224 1211//1211 1124//1124
f 1203//1203 1224//1224 1124//1124
f 1192//1192 1212//1212 1166//1166
f 1193//1193 1170//1170 1217//1217
f 1103//1103 1155//1155 1225//1225
f 1194//1194 1132//1132 1187//1187
f 1187//1187 1188//1188 1226//1226
f 1188//1188 1158//1158 1227//1227
f 1220//1220 1198//1198 1199//1199
f 1221//1221 1228//1228 1160//1160
f 1229//1229 1162//1162 1121//1121
f 1134//1134 1229//1229 1121//1121
f 1230//1230 1195//1195 1201//1201
f 1177//1177 1196//1196 1099//1099
f 1190//1190 1212//1212 1231//1231
f 1131//1131 1148//1148 1232//1232
f 1219//1219 1232//1232 1148//1148
f 1213//1213 1118//1118 1233//1233
f 1118//1118 1206//1206 1233//1233
f 1207//1207 1119//1119 1194//1194
f 1234//1234 1209//1209 1174//1174
f 1210//1210 1195//1195 1230//1230
f 1201//1201 1164//1164 1235//1235
f 1236//1236 1164//1164 1180//1180
f 1180//1180 1165//1165 1236//1236
f 1237//1237 1097//1097 1169//1169
f 1238//1238 1197//1197 1147//1147
f 1218//1218 1103//1103 1225//1225
f 1204//1204 1219//1219 1117//1117
f 1213//1213 1178//1178 1090//1090
f 1207//1207 1240//1240 1186//1186
f 1194//1194 1187//1187 1226//1226
f 1198//1198 1220//1220 1241//1241
f 1215//1215 1141//1141 1242//1242
f 1179//1179 1211//1211 1243//1243
f 1231//1231 1244//1244 1189//1189
f 1189//1189 1190//1190 1231//1231
f 1206//1206 1186//1186 1240//1240
f 1243//1243 1220//1220 1179//1179
f 1228//1228 1184//1184 1160//1160
f 1246//1246 1245//1245 1161//1161
f 1161//1161 1208//1208 1246//1246
f 1229//1229 1208//1208 1162//1162
f 1134//1134 1163//1163 1247//1247
f 1215//1215 1247//1247 1163//1163
f 1141//1141 1200//1200 1242//1242
f 1127//1127 1200//1200 1092//1092
f 1174//1174 1175//1175 1234//1234
f 1175//1175 1210//1210 1248//1248
f 1235//1235 1230//1230 1201//1201
f 1236//1236 1235//1235 1164//1164
f 1222//1222 1236//1236 1165//1165
f 1211//1211 1224//1224 1249//1249
f 1203//1203 1249//1249 1224//1224
f 1250//1250 1212//1212 1192//1192
f 1197//1197 1217//1217 1139//1139
f 1171//1171 1238//1238 1147//1147
f 1133//1133 1184//1184 1251//1251
f 1245//1245 1221//1221 1161//1161
f 1252//1252 1246//1246 1208//1208
f 1247//1247 1229//1229 1134//1134
f 1253//1253 1200//1200 1127//1127
f 1209//1209 1253//1253 1127//1127
f 1210//1210 1230//1230 1254//1254
f 1202//1202 1181//1181 1255//1255
f 1168//1168 1216//1216 1256//1256
f 1142//1142 1196//1196 1223//1223
f 1258//1258 1243//1243 1211//1211
f 1249//1249 1258//1258 1211//1211
f 1203//1203 1189//1189 1244//1244
f 1192//1192 1193//1193 1250//1250
f 1238//1238 1171//1171 1259//1259
f 1259//1259 1171//1171 1172//1172
f 1155//1155 1131//1131 1239//1239
f 1260//1260 1157//1157 1178//1178
f 1233//1233 1261//1261 1213//1213
f 1262//1262 1240//1240 1207//1207
f 1214//1214 1125//1125 1198//1198
f 1129//1129 1255//1255 1181//1181
f 1251//1251 1185//1185 1133//1133
f 1263//1263 1217//1217 1197//1197
f 1218//1218 1259//1259 1172//1172
f 1260//1260 1205//1205 1191//1191
f 1194//1194 1226//1226 1264//1264
f 1227//1227 1226//1226 1188//1188
f 1235//1235 1236//1236 1265//1265
f 1182//1182 1255//1255 1129//1129
f 1257//1257 1223//1223 1196//1196
f 1197//1197 1238//1238 1263//1263
f 1204//1204 1205//1205 1267//1267
f 1178//1178 1213//1213 1261//1261
f 1207//1207 1194//1194 1264//1264
f 1158//1158 1214//1214 1227//1227
f 1241//1241 1220//1220 1268//1268
f 1248//1248 1210//1210 1269//1269
f 1210//1210 1254//1254 1269//1269
f 1222//1222 1202//1202 1270//1270
f 1193//1193 1217//1217 1263//1263
f 1239//1239 1131//1131 1232//1232
f 1271//1271 1198//1198 1241//1241
f 1243//1243 1268//1268 1220//1220
f 1272//1272 1251//1251 1184//1184
f 1228//1228 1272//1272 1184//1184
f 1208//1208 1229//1229 1252//1252
f 1273//1273 1247//1247 1215//1215
f 1230//1230 1235//1235 1265//1265
f 1274//1274 1265//1265 1236//1236
f 1255//1255 1270//1270 1202//1202
f 1203//1203 1244//1244 1275//1275
f 1276//1276 1212//1212 1250//1250
f 1225//1225 1278//1278 1218//1218
f 1155//1155 1239//1239 1279//1279
f 1280//1280 1214//1214 1198//1198
f 1215//1215 1242//1242 1273//1273
f 1281//1281 1242//1242 1200//1200
f 1253//1253 1282//1282 1200//1200
f 1234//1234 1175//1175 1283//1283
f 1248//1248 1283//1283 1175//1175
f 1284//1284 1255//1255 1182//1182
f 1182//1182 1168//1168 1284//1284
f 1168//1168 1256//1256 1284//1284
f 1223//1223 1183//1183 1107//1107
f 1243//1243 1258//1258 1285//1285
f 1275//1275 1258//1258 1249//1249
f 1249//1249 1203//1203 1275//1275
f 1231//1231 1286//1286 1244//1244
f 1287//1287 1276//1276 1250//1250
f 1193//1193 1287//1287 1250//1250
f 1278//1278 1277//1277 1218//1218
f 1233//1233 1206//1206 1289//1289
f 1268//1268 1290//1290 1241//1241
f 1245//1245 1246//1246 1252//1252
f 1247//1247 1291//1291 1229//1229
f 1200//1200 1282//1282 1281//1281
f 1253//1253 1209//1209 1293//1293
f 1265//1265 1254//1254 1230//1230
f 1294//1294 1274//1274 1236//1236
f 1222//1222 1294//1294 1236//1236
f 1270//1270 1255//1255 1295//1295
f 1223//1223 1257//1257 1296//1296
f 1266//1266 1185//1185 1251//1251
f 1275//1275 1244//1244 1286//1286
f 1297//1297 1263//1263 1238//1238
f 1238//1238 1259//1259 1297//1297
f 1259//1259 1218//1218 1298//1298
f 1219//1219 1204//1204 1267//1267
f 1178//1178 1261//1261 1299//1299
f 1227//1227 1300//1300 1226//1226
f 1198//1198 1271//1271 1280//1280
f 1301//1301 1228//1228 1221//1221
f 1234//1234 1293//1293 1209//1209
f 1256//1256 1302//1302 1284//1284
f 1288//1288 1297//1297 1259//1259
f 1298//1298 1288//1288 1259//1259
f 1277//1277 1298//1298 1218//1218
f 1303//1303 1232//1232 1219//1219
f 1304//1304 1267//1267 1205//1205
f 1305//1305 1261//1261 1233//1233
f 1289//1289 1305//1305 1233//1233
f 1262//1262 1207//1207 1264//1264
f 1214//1214 1280//1280 1227//1227
f 1290//1290 1271//1271 1241//1241
f 1268//1268 1243//1243 1285//1285
f 1221//1221 1245//1245 1301//1301
f 1292//1292 1291//1291 1247//1247
f 1293//1293 1282//1282 1253//1253
f 1270//1270 1294//1294 1222//1222
f 1285//1285 1258//1258 1306//1306
f 1258//1258 1275//1275 1306//1306
f 1286//1286 1306//1306 1275//1275
f 1276//1276 1231//1231 1212//1212
f 1263//1263 1287//1287 1193//1193
f 1232//1232 1279//1279 1239//1239
f 1308//1308 1290//1290 1268//1268
f 1252//1252 1229//1229 1291//1291
f 1292//1292 1247//1247 1309//1309
f 1273//1273 1242//1242 1310//1310
f 1242//1242 1281//1281 1310//1310
f 1237//1237 1216//1216 1097//1097
f 1286//1286 1231//1231 1311//1311
f 1307//1307 1312//1312 1231//1231
f 1288//1288 1298//1298 1313//1313
f 1264//1264 1226//1226 1315//1315
f 1300//1300 1315//1315 1226//1226
f 1268//1268 1285//1285 1308//1308
f 1316//1316 1291//1291 1292//1292
f 1281//1281 1317//1317 1310//1310
f 1254//1254 1265//1265 1269//1269
f 1196//1196 1177//1177 1318//1318
f 1185//1185 1318//1318 1177//1177
f 1312//1312 1311//1311 1231//1231
f 1297//1297 1288//1288 1319//1319
f 1288//1288 1313//1313 1319//1319
f 1219//1219 1267//1267 1303//1303
f 1227//1227 1280//1280 1320//1320
f 1247//1247 1273//1273 1309//1309
f 1273//1273 1310//1310 1309//1309
f 1281//1281 1282//1282 1317//1317
f 1283//1283 1248//1248 1321//1321
f 1248//1248 1269//1269 1321//1321
f 1265//1265 1274//1274 1322//1322
f 1294//1294 1270//1270 1323//1323
f 1295//1295 1323//1323 1270//1270
f 1266//1266 1318//1318 1185//1185
f 1324//1324 1266//1266 1251//1251
f 1314//1314 1278//1278 1225//1225
f 1260//1260 1178//1178 1299//1299
f 1290//1290 1308//1308 1325//1325
f 1326//1326 1317//1317 1282//1282
f 1274//1274 1294//1294 1327//1327
f 1255//1255 1284//1284 1328//1328
f 1329//1329 1306//1306 1286//1286
f 1231//1231 1276//1276 1307//1307
f 1287//1287 1330//1330 1276//1276
f 1263//1263 1297//1297 1331//1331
f 1227//1227 1320//1320 1300//1300
f 1333//1333 1280//1280 1271//1271
f 1325//1325 1271//1271 1290//1290
f 1316//1316 1334//1334 1291//1291
f 1335//1335 1316//1316 1292//1292
f 1292//1292 1309//1309 1335//1335
f 1183//1183 1223//1223 1336//1336
f 1337//1337 1296//1296 1257//1257
f 1257//1257 1338//1338 1337//1337
f 1308//1308 1285//1285 1339//1339
f 1311//1311 1329//1329 1286//1286
f 1278//1278 1298//1298 1277//1277
f 1304//1304 1260//1260 1340//1340
f 1341//1341 1293//1293 1234//1234
f 1274//1274 1327//1327 1342//1342
f 1296//1296 1336//1336 1223//1223
f 1343//1343 1257//1257 1196//1196
f 1196//1196 1318//1318 1343//1343
f 1285//1285 1306//1306 1344//1344
f 1306//1306 1329//1329 1344//1344
f 1331//1331 1287//1287 1263//1263
f 1299//1299 1340//1340 1260//1260
f 1345//1345 1262//1262 1264//1264
f 1335//1335 1346//1346 1316//1316
f 1321//1321 1347//1347 1283//1283
f 1342//1342 1322//1322 1274//1274
f 1328//1328 1295//1295 1255//1255
f 1266//1266 1324//1324 1348//1348
f 1297//1297 1319//1319 1331//1331
f 1278//1278 1314//1314 1349//1349
f 1333//1333 1320//1320 1280//1280
f 1346//1346 1334//1334 1316//1316
f 1293//1293 1326//1326 1282//1282
f 1256//1256 1216//1216 1302//1302
f 1343//1343 1338//1338 1257//1257
f 1311//1311 1312//1312 1307//1307
f 1330//1330 1307//1307 1276//1276
f 1225//1225 1155//1155 1350//1350
f 1279//1279 1350//1350 1155//1155
f 1261//1261 1305//1305 1351//1351
f 1264//1264 1315//1315 1345//1345
f 1325//1325 1308//1308 1352//1352
f 1308//1308 1339//1339 1352//1352
f 1353//1353 1245//1245 1252//1252
f 1252//1252 1291//1291 1353//1353
f 1309//1309 1354//1354 1335//1335
f 1341//1341 1234//1234 1283//1283
f 1336//1336 1169//1169 1183//1183
f 1355//1355 1309//1309 1310//1310
f 1341//1341 1326//1326 1293//1293
f 1269//1269 1265//1265 1322//1322
f 1272//1272 1324//1324 1251//1251
f 1240//1240 1356//1356 1206//1206
f 1320//1320 1357//1357 1300//1300
f 1344//1344 1358//1358 1339//1339
f 1339//1339 1285//1285 1344//1344
f 1298//1298 1359//1359 1313//1313
f 1298//1298 1278//1278 1359//1359
f 1314//1314 1225//1225 1350//1350
f 1350//1350 1279//1279 1360//1360
f 1332//1332 1360//1360 1279//1279
f 1331//1331 1319//1319 1361//1361
f 1303//1303 1267//1267 1362//1362
f 1362//1362 1267//1267 1304//1304
f 1299//1299 1261//1261 1363//1363
f 1315//1315 1300//1300 1357//1357
f 1271//1271 1325//1325 1364//1364
f 1365//1365 1228//1228 1301//1301
f 1366//1366 1291//1291 1334//1334
f 1355//1355 1354//1354 1309//1309
f 1307//1307 1368//1368 1311//1311
f 1369//1369 1319//1319 1313//1313
f 1362//1362 1304//1304 1340//1340
f 1339//1339 1358//1358 1352//1352
f 1365//1365 1272//1272 1228//1228
f 1334//1334 1346//1346 1371//1371
f 1310//1310 1317//1317 1355//1355
f 1237//1237 1169//1169 1336//1336
f 1372//1372 1358//1358 1344//1344
f 1329//1329 1311//1311 1368//1368
f 1330//1330 1287//1287 1331//1331
f 1240//1240 1262//1262 1374//1374
f 1357//1357 1375//1375 1315//1315
f 1333//1333 1271//1271 1364//1364
f 1376//1376 1301//1301 1245//1245
f 1335//1335 1371//1371 1346//1346
f 1341//1341 1283//1283 1377//1377
f 1347//1347 1377//1377 1283//1283
f 1321//1321 1269//1269 1378//1378
f 1318//1318 1266//1266 1367//1367
f 1266//1266 1348//1348 1367//1367
f 1279//1279 1232//1232 1380//1380
f 1351//1351 1305//1305 1289//1289
f 1206//1206 1373//1373 1289//1289
f 1381//1381 1320//1320 1333//1333
f 1366//1366 1382//1382 1291//1291
f 1385//1385 1348//1348 1324//1324
f 1368//1368 1386//1386 1329//1329
f 1330//1330 1379//1379 1307//1307
f 1319//1319 1369//1369 1361//1361
f 1351//1351 1363//1363 1261//1261
f 1370//1370 1387//1387 1262//1262
f 1262//1262 1345//1345 1370//1370
f 1320//1320 1388//1388 1357//1357
f 1354//1354 1383//1383 1335//1335
f 1389//1389 1355//1355 1317//1317
f 1322//1322 1378//1378 1269//1269
f 1390//1390 1327//1327 1294//1294
f 1323//1323 1390//1390 1294//1294
f 1295//1295 1328//1328 1391//1391
f 1328//1328 1284//1284 1392//1392
f 1237//1237 1336//1336 1393//1393
f 1367//1367 1348//1348 1394//1394
f 1272//1272 1396//1396 1324//1324
f 1329//1329 1372//1372 1344//1344
f 1307//1307 1379//1379 1397//1397
f 1232//1232 1303//1303 1380//1380
f 1374//1374 1262//1262 1387//1387
f 1341//1341 1317//1317 1326//1326
f 1323//1323 1295//1295 1391//1391
f 1237//1237 1384//1384 1216//1216
f 1395//1395 1385//1385 1324//1324
f 1396//1396 1395//1395 1324//1324
f 1307//1307 1397//1397 1368//1368
f 1379//1379 1330//1330 1398//1398
f 1399//1399 1330//1330 1331//1331
f 1331//1331 1361//1361 1399//1399
f 1369//1369 1399//1399 1361//1361
f 1349//1349 1359//1359 1278//1278
f 1374//1374 1356//1356 1240//1240
f 1364//1364 1325//1325 1400//1400
f 1325//1325 1352//1352 1400//1400
f 1347//1347 1321//1321 1403//1403
f 1378//1378 1403//1403 1321//1321
f 1327//1327 1404//1404 1342//1342
f 1390//1390 1323//1323 1391//1391
f 1284//1284 1302//1302 1392//1392
f 1332//1332 1279//1279 1380//1380
f 1356//1356 1373//1373 1206//1206
f 1375//1375 1357//1357 1388//1388
f 1272//1272 1365//1365 1405//1405
f 1402//1402 1383//1383 1354//1354
f 1317//1317 1341//1341 1389//1389
f 1405//1405 1396//1396 1272//1272
f 1386//1386 1372//1372 1329//1329
f 1362//1362 1340//1340 1407//1407
f 1408//1408 1351//1351 1289//1289
f 1320//1320 1381//1381 1388//1388
f 1409//1409 1333//1333 1364//1364
f 1410//1410 1371//1371 1335//1335
f 1335//1335 1383//1383 1410//1410
f 1392//1392 1302//1302 1411//1411
f 1398//1398 1330//1330 1399//1399
f 1359//1359 1412//1412 1313//1313
f 1359//1359 1349//1349 1413//1413
f 1414//1414 1413//1413 1349//1349
f 1394//1394 1348//1348 1385//1385
f 1301//1301 1376//1376 1365//1365
f 1245//1245 1401//1401 1376//1376
f 1291//1291 1382//1382 1353//1353
f 1336//1336 1296//1296 1415//1415
f 1416//1416 1352//1352 1358//1358
f 1372//1372 1416//1416 1358//1358
f 1386//1386 1417//1417 1372//1372
f 1398//1398 1397//1397 1379//1379
f 1412//1412 1369//1369 1313//1313
f 1418//1418 1387//1387 1370//1370
f 1375//1375 1345//1345 1315//1315
f 1409//1409 1364//1364 1400//1400
f 1245//1245 1353//1353 1401//1401
f 1354//1354 1355//1355 1389//1389
f 1322//1322 1342//1342 1419//1419
f 1404//1404 1419//1419 1342//1342
f 1337//1337 1415//1415 1296//1296
f 1420//1420 1399//1399 1369//1369
f 1349//1349 1314//1314 1421//1421
f 1375//1375 1388//1388 1422//1422
f 1381//1381 1333//1333 1423//1423
f 1383//1383 1424//1424 1410//1410
f 1402//1402 1425//1425 1383//1383
f 1362//1362 1427//1427 1303//1303
f 1289//1289 1373//1373 1408//1408
f 1428//1428 1400//1400 1352//1352
f 1416//1416 1428//1428 1352//1352
f 1429//1429 1395//1395 1396//1396
f 1425//1425 1424//1424 1383//1383
f 1354//1354 1389//1389 1402//1402
f 1377//1377 1347//1347 1430//1430
f 1403//1403 1430//1430 1347//1347
f 1415//1415 1426//1426 1336//1336
f 1369//1369 1412//1412 1420//1420
f 1427//1427 1380//1380 1303//1303
f 1388//1388 1381//1381 1432//1432
f 1433//1433 1394//1394 1385//1385
f 1385//1385 1395//1395 1429//1429
f 1434//1434 1435//1435 1376//1376
f 1376//1376 1401//1401 1434//1434
f 1410//1410 1436//1436 1371//1371
f 1417//1417 1416//1416 1372//1372
f 1399//1399 1420//1420 1437//1437
f 1362//1362 1407//1407 1427//1427
f 1423//1423 1333//1333 1409//1409
f 1400//1400 1439//1439 1409//1409
f 1440//1440 1402//1402 1389//1389
f 1430//1430 1341//1341 1377//1377
f 1378//1378 1441//1441 1403//1403
f 1378//1378 1322//1322 1441//1441
f 1390//1390 1404//1404 1327//1327
f 1420//1420 1412//1412 1442//1442
f 1413//1413 1412//1412 1359//1359
f 1443//1443 1414//1414 1349//1349
f 1360//1360 1438//1438 1350//1350
f 1422//1422 1388//1388 1432//1432
f 1439//1439 1423//1423 1409//1409
f 1396//1396 1405//1405 1444//1444
f 1341//1341 1440//1440 1389//1389
f 1441//1441 1322//1322 1419//1419
f 1445//1445 1328//1328 1392//1392
f 1406//1406 1411//1411 1302//1302
f 1302//1302 1216//1216 1406//1406
f 1343//1343 1318//1318 1338//1338
f 1399//1399 1437//1437 1446//1446
f 1349//1349 1421//1421 1443//1443
f 1350//1350 1421//1421 1314//1314
f 1447//1447 1448//1448 1340//1340
f 1340//1340 1299//1299 1447//1447
f 1363//1363 1447//1447 1299//1299
f 1345//1345 1375//1375 1449//1449
f 1367//1367 1394//1394 1450//1450
f 1429//1429 1433//1433 1385//1385
f 1401//1401 1353//1353 1451//1451
f 1382//1382 1451//1451 1353//1353
f 1445//1445 1391//1391 1328//1328
f 1452//1452 1445//1445 1392//1392
f 1384//1384 1406//1406 1216//1216
f 1237//1237 1393//1393 1384//1384
f 1420//1420 1442//1442 1437//1437
f 1431//1431 1370//1370 1345//1345
f 1422//1422 1449//1449 1375//1375
f 1428//1428 1439//1439 1400//1400
f 1425//1425 1402//1402 1440//1440
f 1454//1454 1455//1455 1341//1341
f 1341//1341 1430//1430 1454//1454
f 1393//1393 1336//1336 1426//1426
f 1337//1337 1456//1456 1415//1415
f 1446//1446 1398//1398 1399//1399
f 1438//1438 1421//1421 1350//1350
f 1439//1439 1457//1457 1423//1423
f 1450//1450 1394//1394 1458//1458
f 1433//1433 1458//1458 1394//1394
f 1429//1429 1396//1396 1453//1453
f 1365//1365 1376//1376 1460//1460
f 1334//1334 1371//1371 1461//1461
f 1436//1436 1461//1461 1371//1371
f 1425//1425 1440//1440 1462//1462
f 1456//1456 1337//1337 1463//1463
f 1417//1417 1386//1386 1464//1464
f 1368//1368 1464//1464 1386//1386
f 1407//1407 1340//1340 1448//1448
f 1457//1457 1465//1465 1423//1423
f 1410//1410 1424//1424 1466//1466
f 1392//1392 1411//1411 1452//1452
f 1426//1426 1415//1415 1456//1456
f 1446//1446 1437//1437 1467//1467
f 1370//1370 1431//1431 1418//1418
f 1468//1468 1404//1404 1390//1390
f 1367//1367 1469//1469 1318//1318
f 1438//1438 1360//1360 1470//1470
f 1447//1447 1363//1363 1471//1471
f 1351//1351 1471//1471 1363//1363
f 1422//1422 1432//1432 1472//1472
f 1433//1433 1429//1429 1473//1473
f 1396//1396 1444//1444 1474//1474
f 1451//1451 1434//1434 1401//1401
f 1475//1475 1454//1454 1430//1430
f 1403//1403 1475//1475 1430//1430
f 1426//1426 1476//1476 1393//1393
f 1337//1337 1338//1338 1463//1463
f 1338//1338 1318//1318 1477//1477
f 1467//1467 1437//1437 1442//1442
f 1443//1443 1478//1478 1414//1414
f 1332//1332 1470//1470 1360//1360
f 1449//1449 1479//1479 1345//1345
f 1381//1381 1423//1423 1465//1465
f 1480//1480 1457//1457 1439//1439
f 1481//1481 1473//1473 1429//1429
f 1365//1365 1460//1460 1459//1459
f 1466//1466 1436//1436 1410//1410
f 1462//1462 1482//1482 1425//1425
f 1483//1483 1462//1462 1440//1440
f 1455//1455 1483//1483 1440//1440
f 1391//1391 1484//1484 1390//1390
f 1485//1485 1452//1452 1411//1411
f 1486//1486 1411//1411 1406//1406
f 1397//1397 1487//1487 1368//1368
f 1413//1413 1414//1414 1489//1489
f 1478//1478 1489//1489 1414//1414
f 1374//1374 1387//1387 1418//1418
f 1465//1465 1472//1472 1432//1432
f 1432//1432 1381//1381 1465//1465
f 1428//1428 1480//1480 1439//1439
f 1453//1453 1481//1481 1429//1429
f 1424//1424 1425//1425 1482//1482
f 1454//1454 1483//1483 1455//1455
f 1419//1419 1404//1404 1491//1491
f 1484//1484 1468//1468 1390//1390
f 1406//1406 1384//1384 1492//1492
f 1456//1456 1493//1493 1426//1426
f 1450//1450 1469//1469 1367//1367
f 1398//1398 1446//1446 1467//1467
f 1489//1489 1412//1412 1413//1413
f 1332//1332 1380//1380 1494//1494
f 1479//1479 1431//1431 1345//1345
f 1396//1396 1474//1474 1453//1453
f 1468//1468 1491//1491 1404//1404
f 1391//1391 1445//1445 1484//1484
f 1492//1492 1486//1486 1406//1406
f 1496//1496 1464//1464 1368//1368
f 1472//1472 1449//1449 1422//1422
f 1334//1334 1461//1461 1497//1497
f 1483//1483 1454//1454 1498//1498
f 1476//1476 1426//1426 1493//1493
f 1463//1463 1493//1493 1456//1456
f 1469//1469 1477//1477 1318//1318
f 1467//1467 1499//1499 1398//1398
f 1407//1407 1500//1500 1427//1427
f 1495//1495 1501//1501 1408//1408
f 1373//1373 1356//1356 1502//1502
f 1503//1503 1502//1502 1356//1356
f 1356//1356 1374//1374 1503//1503
f 1480//1480 1428//1428 1504//1504
f 1444//1444 1459//1459 1505//1505
f 1497//1497 1366//1366 1334//1334
f 1462//1462 1483//1483 1506//1506
f 1384//1384 1393//1393 1507//1507
f 1507//1507 1393//1393 1476//1476
f 1493//1493 1463//1463 1508//1508
f 1509//1509 1508//1508 1463//1463
f 1428//1428 1416//1416 1510//1510
f 1487//1487 1496//1496 1368//1368
f 1467//1467 1442//1442 1511//1511
f 1442//1442 1412//1412 1512//1512
f 1489//1489 1512//1512 1412//1412
f 1478//1478 1443//1443 1513//1513
f 1421//1421 1514//1514 1443//1443
f 1501//1501 1471//1471 1351//1351
f 1515//1515 1495//1495 1408//1408
f 1408//1408 1373//1373 1515//1515
f 1502//1502 1515//1515 1373//1373
f 1431//1431 1479//1479 1516//1516
f 1458//1458 1433//1433 1517//1517
f 1473//1473 1517//1517 1433//1433
f 1518//1518 1481//1481 1453//1453
f 1453//1453 1490//1490 1518//1518
f 1505//1505 1474//1474 1444//1444
f 1376//1376 1435//1435 1460//1460
f 1466//1466 1424//1424 1519//1519
f 1424//1424 1482//1482 1519//1519
f 1498//1498 1454//1454 1520//1520
f 1475//1475 1520//1520 1454//1454
f 1441//1441 1521//1521 1403//1403
f 1485//1485 1411//1411 1486//1486
f 1477//1477 1463//1463 1338//1338
f 1488//1488 1487//1487 1397//1397
f 1499//1499 1397//1397 1398//1398
f 1457//1457 1480//1480 1522//1522
f 1523//1523 1522//1522 1480//1480
f 1459//1459 1460//1460 1524//1524
f 1436//1436 1466//1466 1525//1525
f 1462//1462 1506//1506 1482//1482
f 1416//1416 1417//1417 1510//1510
f 1417//1417 1464//1464 1496//1496
f 1397//1397 1499//1499 1526//1526
f 1374//1374 1418//1418 1527//1527
f 1479//1479 1449//1449 1528//1528
f 1522//1522 1465//1465 1457//1457
f 1453//1453 1474//1474 1490//1490
f 1382//1382 1529//1529 1451//1451
f 1519//1519 1525//1525 1466//1466
f 1483//1483 1498//1498 1506//1506
f 1468//1468 1484//1484 1530//1530
f 1492//1492 1384//1384 1531//1531
f 1532//1532 1517//1517 1473//1473
f 1512//1512 1511//1511 1442//1442
f 1503//1503 1374//1374 1527//1527
f 1449//1449 1533//1533 1528//1528
f 1472//1472 1533//1533 1449//1449
f 1474//1474 1505//1505 1534//1534
f 1506//1506 1519//1519 1482//1482
f 1535//1535 1508//1508 1509//1509
f 1511//1511 1536//1536 1467//1467
f 1537//1537 1533//1533 1472//1472
f 1428//1428 1510//1510 1504//1504
f 1474//1474 1534//1534 1490//1490
f 1538//1538 1419//1419 1491//1491
f 1468//1468 1530//1530 1491//1491
f 1445//1445 1452//1452 1484//1484
f 1509//1509 1463//1463 1539//1539
f 1477//1477 1539//1539 1463//1463
f 1481//1481 1532//1532 1473//1473
f 1438//1438 1540//1540 1421//1421
f 1448//1448 1541//1541 1407//1407
f 1480//1480 1504//1504 1523//1523
f 1498//1498 1520//1520 1542//1542
f 1441//1441 1419//1419 1538//1538
f 1543//1543 1476//1476 1493//1493
f 1493//1493 1508//1508 1544//1544
f 1539//1539 1535//1535 1509//1509
f 1481//1481 1518//1518 1545//1545
f 1536//1536 1499//1499 1467//1467
f 1546//1546 1418//1418 1431//1431
f 1516//1516 1546//1546 1431//1431
f 1434//1434 1451//1451 1529//1529
f 1547//1547 1382//1382 1366//1366
f 1366//1366 1497//1497 1547//1547
f 1535//1535 1544//1544 1508//1508
f 1488//1488 1397//1397 1526//1526
f 1498//1498 1542//1542 1506//1506
f 1521//1521 1475//1475 1403//1403
f 1538//1538 1521//1521 1441//1441
f 1548//1548 1531//1531 1384//1384
f 1535//1535 1539//1539 1549//1549
f 1496//1496 1510//1510 1417//1417
f 1470//1470 1540//1540 1438//1438
f 1494//1494 1500//1500 1550//1550
f 1448//1448 1447//1447 1551//1551
f 1471//1471 1551//1551 1447//1447
f 1471//1471 1501//1501 1552//1552
f 1537//1537 1472//1472 1465//1465
f 1491//1491 1530//1530 1553//1553
f 1531//1531 1486//1486 1492//1492
f 1507//1507 1548//1548 1384//1384
f 1554//1554 1507//1507 1476//1476
f 1493//1493 1544//1544 1543//1543
f 1541//1541 1550//1550 1500//1500
f 1465//1465 1522//1522 1537//1537
f 1534//1534 1556//1556 1490//1490
f 1524//1524 1505//1505 1459//1459
f 1461//1461 1436//1436 1557//1557
f 1520//1520 1475//1475 1558//1558
f 1521//1521 1558//1558 1475//1475
f 1559//1559 1549//1549 1539//1539
f 1545//1545 1560//1560 1481//1481
f 1561//1561 1510//1510 1496//1496
f 1511//1511 1562//1562 1536//1536
f 1563//1563 1512//1512 1489//1489
f 1478//1478 1563//1563 1489//1489
f 1564//1564 1546//1546 1516//1516
f 1479//1479 1528//1528 1565//1565
f 1566//1566 1518//1518 1490//1490
f 1547//1547 1529//1529 1382//1382
f 1436//1436 1525//1525 1557//1557
f 1484//1484 1452//1452 1567//1567
f 1543//1543 1554//1554 1476//1476
f 1477//1477 1559//1559 1539//1539
f 1499//1499 1536//1536 1562//1562
f 1513//1513 1443//1443 1568//1568
f 1569//1569 1515//1515 1502//1502
f 1553//1553 1538//1538 1491//1491
f 1548//1548 1507//1507 1554//1554
f 1543//1543 1544//1544 1570//1570
f 1549//1549 1571//1571 1535//1535
f 1477//1477 1469//1469 1572//1572
f 1517//1517 1532//1532 1573//1573
f 1532//1532 1481//1481 1560//1560
f 1550//1550 1332//1332 1494//1494
f 1541//1541 1448//1448 1574//1574
f 1495//1495 1515//1515 1569//1569
f 1556//1556 1566//1566 1490//1490
f 1544//1544 1535//1535 1571//1571
f 1549//1549 1559//1559 1575//1575
f 1576//1576 1545//1545 1518//1518
f 1555//1555 1470//1470 1332//1332
f 1551//1551 1574//1574 1448//1448
f 1577//1577 1551//1551 1471//1471
f 1471//1471 1552//1552 1577//1577
f 1569//1569 1501//1501 1495//1495
f 1533//1533 1565//1565 1528//1528
f 1566//1566 1576//1576 1518//1518
f 1450//1450 1458//1458 1469//1469
f 1496//1496 1487//1487 1578//1578
f 1574//1574 1550//1550 1541//1541
f 1580//1580 1523//1523 1504//1504
f 1505//1505 1524//1524 1581//1581
f 1519//1519 1506//1506 1582//1582
f 1506//1506 1542//1542 1582//1582
f 1542//1542 1520//1520 1583//1583
f 1558//1558 1583//1583 1520//1520
f 1521//1521 1538//1538 1584//1584
f 1484//1484 1585//1585 1530//1530
f 1567//1567 1452//1452 1485//1485
f 1570//1570 1544//1544 1586//1586
f 1510//1510 1561//1561 1587//1587
f 1561//1561 1496//1496 1578//1578
f 1487//1487 1488//1488 1588//1588
f 1478//1478 1513//1513 1563//1563
f 1534//1534 1505//1505 1581//1581
f 1589//1589 1435//1435 1434//1434
f 1529//1529 1589//1589 1434//1434
f 1530//1530 1585//1585 1591//1591
f 1570//1570 1554//1554 1543//1543
f 1544//1544 1571//1571 1586//1586
f 1572//1572 1559//1559 1477//1477
f 1592//1592 1526//1526 1499//1499
f 1568//1568 1563//1563 1513//1513
f 1514//1514 1421//1421 1593//1593
f 1540//1540 1593//1593 1421//1421
f 1546//1546 1527//1527 1418//1418
f 1522//1522 1594//1594 1537//1537
f 1523//1523 1594//1594 1522//1522
f 1504//1504 1510//1510 1580//1580
f 1587//1587 1580//1580 1510//1510
f 1582//1582 1542//1542 1595//1595
f 1538//1538 1553//1553 1590//1590
f 1571//1571 1549//1549 1596//1596
f 1532//1532 1560//1560 1597//1597
f 1576//1576 1598//1598 1545//1545
f 1568//1568 1443//1443 1599//1599
f 1514//1514 1599//1599 1443//1443
f 1516//1516 1479//1479 1600//1600
f 1460//1460 1435//1435 1601//1601
f 1602//1602 1519//1519 1582//1582
f 1595//1595 1542//1542 1583//1583
f 1553//1553 1530//1530 1590//1590
f 1549//1549 1575//1575 1596//1596
f 1603//1603 1469//1469 1458//1458
f 1458//1458 1517//1517 1603//1603
f 1488//1488 1526//1526 1604//1604
f 1470//1470 1605//1605 1540//1540
f 1600//1600 1564//1564 1516//1516
f 1579//1579 1533//1533 1537//1537
f 1579//1579 1537//1537 1594//1594
f 1594//1594 1523//1523 1580//1580
f 1567//1567 1585//1585 1484//1484
f 1531//1531 1548//1548 1606//1606
f 1607//1607 1562//1562 1511//1511
f 1511//1511 1512//1512 1607//1607
f 1565//1565 1600//1600 1479//1479
f 1608//1608 1581//1581 1524//1524
f 1590//1590 1530//1530 1591//1591
f 1485//1485 1486//1486 1609//1609
f 1548//1548 1554//1554 1606//1606
f 1598//1598 1560//1560 1545//1545
f 1550//1550 1555//1555 1332//1332
f 1502//1502 1610//1610 1569//1569
f 1586//1586 1571//1571 1612//1612
f 1613//1613 1596//1596 1575//1575
f 1559//1559 1572//1572 1614//1614
f 1573//1573 1603//1603 1517//1517
f 1560//1560 1598//1598 1615//1615
f 1580//1580 1587//1587 1616//1616
f 1617//1617 1604//1604 1526//1526
f 1499//1499 1562//1562 1592//1592
f 1563//1563 1607//1607 1512//1512
f 1564//1564 1619//1619 1546//1546
f 1486//1486 1531//1531 1609//1609
f 1597//1597 1573//1573 1532//1532
f 1618//1618 1501//1501 1569//1569
f 1569//1569 1610//1610 1618//1618
f 1533//1533 1579//1579 1620//1620
f 1611//1611 1529//1529 1621//1621
f 1529//1529 1547//1547 1621//1621
f 1485//1485 1609//1609 1567//1567
f 1588//1588 1488//1488 1604//1604
f 1599//1599 1514//1514 1593//1593
f 1579//1579 1594//1594 1624//1624
f 1616//1616 1625//1625 1580//1580
f 1576//1576 1566//1566 1626//1626
f 1460//1460 1627//1627 1524//1524
f 1601//1601 1627//1627 1460//1460
f 1589//1589 1529//1529 1611//1611
f 1583//1583 1558//1558 1628//1628
f 1558//1558 1521//1521 1628//1628
f 1561//1561 1578//1578 1629//1629
f 1503//1503 1527//1527 1623//1623
f 1602//1602 1630//1630 1525//1525
f 1519//1519 1602//1602 1525//1525
f 1602//1602 1582//1582 1631//1631
f 1595//1595 1631//1631 1582//1582
f 1632//1632 1521//1521 1584//1584
f 1588//1588 1622//1622 1487//1487
f 1555//1555 1550//1550 1634//1634
f 1550//1550 1574//1574 1634//1634
f 1502//1502 1503//1503 1610//1610
f 1594//1594 1580//1580 1625//1625
f 1547//1547 1497//1497 1635//1635
f 1636//1636 1637//1637 1585//1585
f 1585//1585 1567//1567 1636//1636
f 1609//1609 1531//1531 1638//1638
f 1606//1606 1638//1638 1531//1531
f 1640//1640 1613//1613 1575//1575
f 1598//1598 1576//1576 1626//1626
f 1642//1642 1643//1643 1600//1600
f 1600//1600 1565//1565 1642//1642
f 1533//1533 1620//1620 1644//1644
f 1594//1594 1625//1625 1624//1624
f 1556//1556 1534//1534 1645//1645
f 1646//1646 1608//1608 1524//1524
f 1524//1524 1627//1627 1646//1646
f 1497//1497 1461//1461 1635//1635
f 1583//1583 1647//1647 1595//1595
f 1554//1554 1570//1570 1639//1639
f 1559//1559 1640//1640 1575//1575
f 1597//1597 1560//1560 1615//1615
f 1568//1568 1599//1599 1633//1633
f 1619//1619 1564//1564 1648//1648
f 1564//1564 1600//1600 1648//1648
f 1565//1565 1533//1533 1642//1642
f 1581//1581 1645//1645 1534//1534
f 1461//1461 1557//1557 1649//1649
f 1647//1647 1583//1583 1650//1650
f 1521//1521 1632//1632 1628//1628
f 1591//1591 1585//1585 1637//1637
f 1572//1572 1469//1469 1651//1651
f 1469//1469 1603//1603 1651//1651
f 1652//1652 1616//1616 1587//1587
f 1587//1587 1561//1561 1652//1652
f 1578//1578 1487//1487 1622//1622
f 1593//1593 1540//1540 1605//1605
f 1605//1605 1470//1470 1654//1654
f 1655//1655 1501//1501 1618//1618
f 1656//1656 1623//1623 1527//1527
f 1527//1527 1546//1546 1656//1656
f 1642//1642 1533//1533 1644//1644
f 1566//1566 1556//1556 1657//1657
f 1635//1635 1621//1621 1547//1547
f 1658//1658 1590//1590 1591//1591
f 1596//1596 1613//1613 1660//1660
f 1629//1629 1652//1652 1561//1561
f 1607//1607 1653//1653 1562//1562
f 1563//1563 1568//1568 1607//1607
f 1568//1568 1633//1633 1607//1607
f 1470//1470 1555//1555 1654//1654
f 1634//1634 1654//1654 1555//1555
f 1661//1661 1655//1655 1618//1618
f 1643//1643 1648//1648 1600//1600
f 1628//1628 1650//1650 1583//1583
f 1636//1636 1567//1567 1662//1662
f 1609//1609 1662//1662 1567//1567
f 1638//1638 1606//1606 1663//1663
f 1554//1554 1663//1663 1606//1606
f 1651//1651 1614//1614 1572//1572
f 1615//1615 1598//1598 1664//1664
f 1593//1593 1605//1605 1665//1665
f 1551//1551 1577//1577 1666//1666
f 1625//1625 1616//1616 1667//1667
f 1626//1626 1566//1566 1657//1657
f 1557//1557 1525//1525 1630//1630
f 1658//1658 1591//1591 1637//1637
f 1586//1586 1659//1659 1570//1570
f 1578//1578 1622//1622 1668//1668
f 1526//1526 1592//1592 1617//1617
f 1669//1669 1634//1634 1574//1574
f 1574//1574 1551//1551 1669//1669
f 1641//1641 1610//1610 1503//1503
f 1581//1581 1608//1608 1670//1670
f 1649//1649 1635//1635 1461//1461
f 1584//1584 1671//1671 1632//1632
f 1538//1538 1590//1590 1672//1672
f 1586//1586 1612//1612 1673//1673
f 1660//1660 1571//1571 1596//1596
f 1559//1559 1614//1614 1674//1674
f 1675//1675 1676//1676 1597//1597
f 1597//1597 1615//1615 1675//1675
f 1615//1615 1664//1664 1675//1675
f 1652//1652 1667//1667 1616//1616
f 1668//1668 1629//1629 1578//1578
f 1551//1551 1666//1666 1669//1669
f 1624//1624 1625//1625 1677//1677
f 1649//1649 1557//1557 1630//1630
f 1631//1631 1595//1595 1647//1647
f 1634//1634 1678//1678 1654//1654
f 1655//1655 1552//1552 1501//1501
f 1624//1624 1679//1679 1579//1579
f 1645//1645 1657//1657 1556//1556
f 1670//1670 1645//1645 1581//1581
f 1646//1646 1670//1670 1608//1608
f 1672//1672 1584//1584 1538//1538
f 1658//1658 1672//1672 1590//1590
f 1636//1636 1662//1662 1680//1680
f 1673//1673 1659//1659 1586//1586
f 1571//1571 1681//1681 1612//1612
f 1573//1573 1597//1597 1676//1676
f 1675//1675 1664//1664 1682//1682
f 1683//1683 1592//1592 1562//1562
f 1562//1562 1653//1653 1683//1683
f 1654//1654 1684//1684 1605//1605
f 1623//1623 1641//1641 1503//1503
f 1546//1546 1619//1619 1685//1685
f 1677//1677 1625//1625 1686//1686
f 1667//1667 1686//1686 1625//1625
f 1687//1687 1601//1601 1435//1435
f 1589//1589 1687//1687 1435//1435
f 1639//1639 1570//1570 1659//1659
f 1681//1681 1673//1673 1612//1612
f 1681//1681 1571//1571 1660//1660
f 1688//1688 1660//1660 1613//1613
f 1614//1614 1651//1651 1674//1674
f 1603//1603 1573//1573 1689//1689
f 1690//1690 1683//1683 1653//1653
f 1691//1691 1653//1653 1607//1607
f 1692//1692 1642//1642 1644//1644
f 1679//1679 1644//1644 1620//1620
f 1677//1677 1679//1679 1624//1624
f 1611//1611 1621//1621 1693//1693
f 1631//1631 1647//1647 1694//1694
f 1638//1638 1662//1662 1609//1609
f 1663//1663 1554//1554 1639//1639
f 1664//1664 1598//1598 1695//1695
f 1629//1629 1696//1696 1652//1652
f 1653//1653 1691//1691 1690//1690
f 1633//1633 1691//1691 1607//1607
f 1697//1697 1685//1685 1619//1619
f 1619//1619 1648//1648 1697//1697
f 1620//1620 1579//1579 1679//1679
f 1693//1693 1589//1589 1611//1611
f 1680//1680 1637//1637 1636//1636
f 1603//1603 1689//1689 1651//1651
f 1626//1626 1695//1695 1598//1598
f 1588//1588 1604//1604 1699//1699
f 1604//1604 1617//1617 1699//1699
f 1643//1643 1700//1700 1648//1648
f 1694//1694 1602//1602 1631//1631
f 1628//1628 1632//1632 1701//1701
f 1640//1640 1688//1688 1613//1613
f 1687//1687 1627//1627 1601//1601
f 1621//1621 1635//1635 1702//1702
f 1640//1640 1559//1559 1703//1703
f 1674//1674 1703//1703 1559//1559
f 1689//1689 1573//1573 1704//1704
f 1573//1573 1676//1676 1704//1704
f 1667//1667 1652//1652 1705//1705
f 1656//1656 1546//1546 1685//1685
f 1706//1706 1686//1686 1667//1667
f 1693//1693 1621//1621 1707//1707
f 1647//1647 1650//1650 1708//1708
f 1709//1709 1708//1708 1650//1650
f 1710//1710 1658//1658 1637//1637
f 1680//1680 1710//1710 1637//1637
f 1660//1660 1688//1688 1711//1711
f 1696//1696 1705//1705 1652//1652
f 1712//1712 1696//1696 1629//1629
f 1668//1668 1712//1712 1629//1629
f 1622//1622 1713//1713 1668//1668
f 1714//1714 1661//1661 1618//1618
f 1618//1618 1610//1610 1714//1714
f 1641//1641 1715//1715 1610//1610
f 1700//1700 1697//1697 1648//1648
f 1644//1644 1679//1679 1692//1692
f 1670//1670 1646//1646 1716//1716
f 1638//1638 1663//1663 1717//1717
f 1718//1718 1676//1676 1675//1675
f 1675//1675 1682//1682 1718//1718
f 1699//1699 1719//1719 1588//1588
f 1715//1715 1714//1714 1610//1610
f 1698//1698 1643//1643 1720//1720
f 1643//1643 1642//1642 1720//1720
f 1705//1705 1706//1706 1667//1667
f 1671//1671 1701//1701 1632//1632
f 1672//1672 1671//1671 1584//1584
f 1689//1689 1674//1674 1651//1651
f 1673//1673 1681//1681 1722//1722
f 1718//1718 1704//1704 1676//1676
f 1617//1617 1592//1592 1699//1699
f 1593//1593 1665//1665 1723//1723
f 1725//1725 1552//1552 1655//1655
f 1655//1655 1661//1661 1725//1725
f 1700//1700 1643//1643 1698//1698
f 1642//1642 1692//1692 1720//1720
f 1721//1721 1626//1626 1657//1657
f 1627//1627 1687//1687 1726//1726
f 1727//1727 1630//1630 1602//1602
f 1628//1628 1709//1709 1650//1650
f 1671//1671 1672//1672 1728//1728
f 1729//1729 1728//1728 1672//1672
f 1672//1672 1658//1658 1729//1729
f 1639//1639 1730//1730 1663//1663
f 1588//1588 1713//1713 1622//1622
f 1690//1690 1691//1691 1731//1731
f 1633//1633 1731//1731 1691//1691
f 1593//1593 1723//1723 1599//1599
f 1657//1657 1645//1645 1732//1732
f 1645//1645 1670//1670 1732//1732
f 1716//1716 1732//1732 1670//1670
f 1627//1627 1726//1726 1646//1646
f 1635//1635 1649//1649 1733//1733
f 1630//1630 1733//1733 1649//1649
f 1727//1727 1602//1602 1694//1694
f 1717//1717 1662//1662 1638//1638
f 1660//1660 1734//1734 1681//1681
f 1688//1688 1640//1640 1735//1735
f 1712//1712 1668//1668 1713//1713
f 1633//1633 1599//1599 1736//1736
f 1666//1666 1577//1577 1738//1738
f 1714//1714 1715//1715 1739//1739
f 1700//1700 1740//1740 1697//1697
f 1698//1698 1741//1741 1700//1700
f 1692//1692 1679//1679 1742//1742
f 1743//1743 1742//1742 1679//1679
f 1679//1679 1677//1677 1743//1743
f 1744//1744 1677//1677 1686//1686
f 1705//1705 1696//1696 1706//1706
f 1727//1727 1745//1745 1630//1630
f 1647//1647 1708//1708 1694//1694
f 1658//1658 1710//1710 1729//1729
f 1660//1660 1711//1711 1734//1734
f 1695//1695 1626//1626 1746//1746
f 1723//1723 1736//1736 1599//1599
f 1665//1665 1605//1605 1684//1684
f 1634//1634 1669//1669 1747//1747
f 1725//1725 1577//1577 1552//1552
f 1742//1742 1720//1720 1692//1692
f 1686//1686 1706//1706 1744//1744
f 1748//1748 1726//1726 1687//1687
f 1745//1745 1749//1749 1630//1630
f 1701//1701 1709//1709 1628//1628
f 1750//1750 1701//1701 1671//1671
f 1717//1717 1663//1663 1730//1730
f 1639//1639 1659//1659 1751//1751
f 1752//1752 1703//1703 1674//1674
f 1674//1674 1689//1689 1752//1752
f 1689//1689 1704//1704 1752//1752
f 1718//1718 1682//1682 1753//1753
f 1684//1684 1654//1654 1724//1724
f 1678//1678 1634//1634 1747//1747
f 1677//1677 1744//1744 1743//1743
f 1733//1733 1702//1702 1635//1635
f 1733//1733 1630//1630 1749//1749
f 1727//1727 1694//1694 1754//1754
f 1728//1728 1750//1750 1671//1671
f 1755//1755 1729//1729 1710//1710
f 1659//1659 1673//1673 1751//1751
f 1704//1704 1718//1718 1756//1756
f 1664//1664 1695//1695 1757//1757
f 1731//1731 1633//1633 1736//1736
f 1737//1737 1758//1758 1665//1665
f 1706//1706 1696//1696 1759//1759
f 1730//1730 1639//1639 1751//1751
f 1753//1753 1682//1682 1760//1760
f 1682//1682 1664//1664 1760//1760
f 1758//1758 1723//1723 1665//1665
f 1737//1737 1665//1665 1761//1761
f 1666//1666 1747//1747 1669//1669
f 1739//1739 1661//1661 1714//1714
f 1641//1641 1623//1623 1762//1762
f 1763//1763 1656//1656 1685//1685
f 1685//1685 1697//1697 1740//1740
f 1764//1764 1716//1716 1646//1646
f 1746//1746 1626//1626 1765//1765
f 1690//1690 1731//1731 1766//1766
f 1767//1767 1766//1766 1731//1731
f 1736//1736 1768//1768 1731//1731
f 1684//1684 1761//1761 1665//1665
f 1762//1762 1623//1623 1770//1770
f 1656//1656 1770//1770 1623//1623
f 1771//1771 1741//1741 1698//1698
f 1721//1721 1657//1657 1732//1732
f 1640//1640 1703//1703 1772//1772
f 1773//1773 1772//1772 1703//1703
f 1752//1752 1773//1773 1703//1703
f 1753//1753 1756//1756 1718//1718
f 1712//1712 1713//1713 1774//1774
f 1775//1775 1683//1683 1690//1690
f 1766//1766 1775//1775 1690//1690
f 1739//1739 1715//1715 1776//1776
f 1769//1769 1776//1776 1715//1715
f 1715//1715 1641//1641 1769//1769
f 1742//1742 1743//1743 1777//1777
f 1759//1759 1744//1744 1706//1706
f 1687//1687 1589//1589 1778//1778
f 1728//1728 1729//1729 1779//1779
f 1780//1780 1779//1779 1729//1729
f 1710//1710 1680//1680 1755//1755
f 1704//1704 1773//1773 1752//1752
f 1756//1756 1753//1753 1781//1781
f 1782//1782 1759//1759 1696//1696
f 1713//1713 1588//1588 1783//1783
f 1719//1719 1783//1783 1588//1588
f 1731//1731 1768//1768 1767//1767
f 1685//1685 1740//1740 1763//1763
f 1698//1698 1720//1720 1784//1784
f 1785//1785 1784//1784 1720//1720
f 1720//1720 1742//1742 1785//1785
f 1626//1626 1721//1721 1765//1765
f 1786//1786 1732//1732 1716//1716
f 1787//1787 1786//1786 1716//1716
f 1707//1707 1621//1621 1788//1788
f 1729//1729 1755//1755 1780//1780
f 1712//1712 1782//1782 1696//1696
f 1761//1761 1790//1790 1737//1737
f 1678//1678 1724//1724 1654//1654
f 1742//1742 1777//1777 1785//1785
f 1793//1793 1765//1765 1721//1721
f 1732//1732 1793//1793 1721//1721
f 1646//1646 1726//1726 1764//1764
f 1708//1708 1754//1754 1694//1694
f 1751//1751 1673//1673 1722//1722
f 1794//1794 1735//1735 1640//1640
f 1772//1772 1794//1794 1640//1640
f 1756//1756 1773//1773 1704//1704
f 1774//1774 1782//1782 1712//1712
f 1795//1795 1699//1699 1592//1592
f 1592//1592 1683//1683 1795//1795
f 1747//1747 1666//1666 1791//1791
f 1738//1738 1577//1577 1796//1796
f 1709//1709 1797//1797 1708//1708
f 1757//1757 1760//1760 1664//1664
f 1775//1775 1789//1789 1683//1683
f 1762//1762 1769//1769 1641//1641
f 1741//1741 1798//1798 1700//1700
f 1784//1784 1771//1771 1698//1698
f 1743//1743 1744//1744 1799//1799
f 1745//1745 1727//1727 1800//1800
f 1755//1755 1680//1680 1801//1801
f 1711//1711 1688//1688 1802//1802
f 1735//1735 1802//1802 1688//1688
f 1760//1760 1781//1781 1753//1753
f 1758//1758 1737//1737 1790//1790
f 1577//1577 1725//1725 1796//1796
f 1725//1725 1661//1661 1792//1792
f 1661//1661 1739//1739 1792//1792
f 1656//1656 1763//1763 1803//1803
f 1771//1771 1798//1798 1741//1741
f 1744//1744 1759//1759 1804//1804
f 1716//1716 1764//1764 1787//1787
f 1621//1621 1702//1702 1788//1788
f 1805//1805 1800//1800 1727//1727
f 1695//1695 1746//1746 1806//1806
f 1768//1768 1736//1736 1807//1807
f 1790//1790 1761//1761 1808//1808
f 1725//1725 1792//1792 1796//1796
f 1799//1799 1744//1744 1804//1804
f 1748//1748 1687//1687 1778//1778
f 1749//1749 1745//1745 1800//1800
f 1755//1755 1801//1801 1809//1809
f 1773//1773 1756//1756 1810//1810
f 1781//1781 1810//1810 1756//1756
f 1806//1806 1757//1757 1695//1695
f 1789//1789 1795//1795 1683//1683
f 1684//1684 1811//1811 1761//1761
f 1738//1738 1791//1791 1666//1666
f 1656//1656 1803//1803 1770//1770
f 1784//1784 1785//1785 1812//1812
f 1765//1765 1806//1806 1746//1746
f 1797//1797 1709//1709 1813//1813
f 1662//1662 1717//1717 1814//1814
f 1815//1815 1734//1734 1711//1711
f 1772//1772 1773//1773 1810//1810
f 1760//1760 1757//1757 1816//1816
f 1783//1783 1817//1817 1713//1713
f 1723//1723 1807//1807 1736//1736
f 1678//1678 1747//1747 1818//1818
f 1798//1798 1740//1740 1700//1700
f 1785//1785 1777//1777 1812//1812
f 1819//1819 1779//1779 1780//1780
f 1717//1717 1730//1730 1820//1820
f 1821//1821 1751//1751 1722//1722
f 1722//1722 1681//1681 1822//1822
f 1734//1734 1822//1822 1681//1681
f 1740//1740 1824//1824 1763//1763
f 1771//1771 1784//1784 1812//1812
f 1825//1825 1589//1589 1693//1693
f 1800//1800 1826//1826 1749//1749
f 1708//1708 1797//1797 1827//1827
f 1780//1780 1755//1755 1819//1819
f 1820//1820 1730//1730 1828//1828
f 1730//1730 1751//1751 1828//1828
f 1781//1781 1760//1760 1823//1823
f 1816//1816 1823//1823 1760//1760
f 1795//1795 1719//1719 1699//1699
f 1811//1811 1808//1808 1761//1761
f 1739//1739 1829//1829 1792//1792
f 1769//1769 1830//1830 1776//1776
f 1743//1743 1799//1799 1777//1777
f 1825//1825 1778//1778 1589//1589
f 1805//1805 1727//1727 1754//1754
f 1827//1827 1797//1797 1831//1831
f 1813//1813 1831//1831 1797//1797
f 1662//1662 1832//1832 1680//1680
f 1822//1822 1734//1734 1833//1833
f 1734//1734 1815//1815 1833//1833
f 1834//1834 1802//1802 1735//1735
f 1782//1782 1774//1774 1835//1835
f 1836//1836 1775//1775 1766//1766
f 1767//1767 1836//1836 1766//1766
f 1807//1807 1837//1837 1768//1768
f 1738//1738 1796//1796 1838//1838
f 1754//1754 1708//1708 1827//1827
f 1779//1779 1840//1840 1750//1750
f 1750//1750 1728//1728 1779//1779
f 1809//1809 1819//1819 1755//1755
f 1832//1832 1801//1801 1680//1680
f 1735//1735 1794//1794 1834//1834
f 1841//1841 1834//1834 1794//1794
f 1794//1794 1772//1772 1841//1841
f 1818//1818 1842//1842 1678//1678
f 1791//1791 1818//1818 1747//1747
f 1839//1839 1769//1769 1762//1762
f 1843//1843 1803//1803 1763//1763
f 1824//1824 1843//1843 1763//1763
f 1799//1799 1844//1844 1777//1777
f 1748//1748 1778//1778 1845//1845
f 1707//1707 1788//1788 1846//1846
f 1840//1840 1701//1701 1750//1750
f 1814//1814 1832//1832 1662//1662
f 1802//1802 1834//1834 1847//1847
f 1810//1810 1781//1781 1823//1823
f 1848//1848 1849//1849 1816//1816
f 1850//1850 1816//1816 1757//1757
f 1759//1759 1782//1782 1835//1835
f 1792//1792 1838//1838 1796//1796
f 1739//1739 1776//1776 1829//1829
f 1812//1812 1851//1851 1771//1771
f 1812//1812 1777//1777 1852//1852
f 1799//1799 1804//1804 1844//1844
f 1853//1853 1844//1844 1804//1804
f 1748//1748 1845//1845 1854//1854
f 1846//1846 1693//1693 1707//1707
f 1855//1855 1788//1788 1702//1702
f 1702//1702 1733//1733 1855//1855
f 1701//1701 1813//1813 1709//1709
f 1832//1832 1856//1856 1801//1801
f 1814//1814 1717//1717 1820//1820
f 1849//1849 1823//1823 1816//1816
f 1774//1774 1713//1713 1835//1835
f 1767//1767 1768//1768 1837//1837
f 1758//1758 1857//1857 1723//1723
f 1851//1851 1798//1798 1771//1771
f 1804//1804 1759//1759 1853//1853
f 1809//1809 1801//1801 1856//1856
f 1772//1772 1810//1810 1858//1858
f 1850//1850 1848//1848 1816//1816
f 1836//1836 1789//1789 1775//1775
f 1837//1837 1807//1807 1859//1859
f 1860//1860 1857//1857 1758//1758
f 1806//1806 1765//1765 1861//1861
f 1793//1793 1732//1732 1862//1862
f 1732//1732 1786//1786 1862//1862
f 1854//1854 1726//1726 1748//1748
f 1863//1863 1858//1858 1810//1810
f 1810//1810 1823//1823 1863//1863
f 1849//1849 1863//1863 1823//1823
f 1806//1806 1850//1850 1757//1757
f 1807//1807 1723//1723 1864//1864
f 1758//1758 1790//1790 1860//1860
f 1790//1790 1808//1808 1865//1865
f 1830//1830 1769//1769 1839//1839
f 1803//1803 1866//1866 1770//1770
f 1777//1777 1844//1844 1852//1852
f 1793//1793 1861//1861 1765//1765
f 1862//1862 1867//1867 1793//1793
f 1733//1733 1749//1749 1868//1868
f 1826//1826 1868//1868 1749//1749
f 1856//1856 1819//1819 1809//1809
f 1849//1849 1848//1848 1869//1869
f 1759//1759 1835//1835 1870//1870
f 1835//1835 1713//1713 1817//1817
f 1859//1859 1807//1807 1864//1864
f 1842//1842 1818//1818 1871//1871
f 1791//1791 1871//1871 1818//1818
f 1846//1846 1825//1825 1693//1693
f 1840//1840 1813//1813 1701//1701
f 1832//1832 1814//1814 1873//1873
f 1751//1751 1821//1821 1828//1828
f 1858//1858 1841//1841 1772//1772
f 1853//1853 1759//1759 1870//1870
f 1817//1817 1783//1783 1874//1874
f 1876//1876 1836//1836 1767//1767
f 1857//1857 1864//1864 1723//1723
f 1684//1684 1724//1724 1877//1877
f 1878//1878 1824//1824 1740//1740
f 1880//1880 1862//1862 1786//1786
f 1787//1787 1880//1880 1786//1786
f 1788//1788 1855//1855 1872//1872
f 1819//1819 1856//1856 1882//1882
f 1832//1832 1883//1883 1856//1856
f 1820//1820 1873//1873 1814//1814
f 1833//1833 1884//1884 1822//1822
f 1863//1863 1849//1849 1885//1885
f 1869//1869 1885//1885 1849//1849
f 1869//1869 1848//1848 1886//1886
f 1848//1848 1850//1850 1886//1886
f 1850//1850 1806//1806 1887//1887
f 1719//1719 1874//1874 1783//1783
f 1795//1795 1888//1888 1719//1719
f 1795//1795 1789//1789 1889//1889
f 1837//1837 1876//1876 1767//1767
f 1837//1837 1859//1859 1890//1890
f 1892//1892 1838//1838 1792//1792
f 1829//1829 1893//1893 1792//1792
f 1894//1894 1851//1851 1812//1812
f 1885//1885 1895//1895 1863//1863
f 1872//1872 1846//1846 1788//1788
f 1881//1881 1800//1800 1805//1805
f 1896//1896 1835//1835 1817//1817
f 1792//1792 1893//1893 1892//1892
f 1803//1803 1843//1843 1897//1897
f 1798//1798 1878//1878 1740//1740
f 1852//1852 1879//1879 1812//1812
f 1844//1844 1853//1853 1898//1898
f 1869//1869 1886//1886 1899//1899
f 1868//1868 1855//1855 1733//1733
f 1900//1900 1896//1896 1817//1817
f 1875//1875 1889//1889 1789//1789
f 1865//1865 1860//1860 1790//1790
f 1877//1877 1811//1811 1684//1684
f 1838//1838 1891//1891 1738//1738
f 1829//1829 1776//1776 1901//1901
f 1776//1776 1830//1830 1901//1901
f 1854//1854 1764//1764 1726//1726
f 1881//1881 1826//1826 1800//1800
f 1805//1805 1754//1754 1902//1902
f 1883//1883 1882//1882 1856//1856
f 1901//1901 1904//1904 1829//1829
f 1843//1843 1824//1824 1905//1905
f 1879//1879 1894//1894 1812//1812
f 1847//1847 1834//1834 1841//1841
f 1895//1895 1858//1858 1863//1863
f 1787//1787 1907//1907 1880//1880
f 1846//1846 1872//1872 1908//1908
f 1902//1902 1909//1909 1805//1805
f 1779//1779 1819//1819 1903//1903
f 1819//1819 1882//1882 1903//1903
f 1883//1883 1832//1832 1910//1910
f 1911//1911 1821//1821 1722//1722
f 1822//1822 1911//1911 1722//1722
f 1817//1817 1874//1874 1900//1900
f 1912//1912 1875//1875 1789//1789
f 1904//1904 1893//1893 1829//1829
f 1897//1897 1866//1866 1803//1803
f 1913//1913 1886//1886 1850//1850
f 1850//1850 1887//1887 1913//1913
f 1787//1787 1764//1764 1914//1914
f 1778//1778 1825//1825 1915//1915
f 1840//1840 1916//1916 1813//1813
f 1917//1917 1884//1884 1833//1833
f 1917//1917 1833//1833 1918//1918
f 1835//1835 1919//1919 1870//1870
f 1888//1888 1874//1874 1719//1719
f 1795//1795 1889//1889 1920//1920
f 1789//1789 1836//1836 1912//1912
f 1921//1921 1864//1864 1857//1857
f 1877//1877 1724//1724 1842//1842
f 1762//1762 1770//1770 1866//1866
f 1853//1853 1870//1870 1922//1922
f 1919//1919 1922//1922 1870//1870
f 1899//1899 1923//1923 1885//1885
f 1885//1885 1869//1869 1899//1899
f 1924//1924 1899//1899 1886//1886
f 1867//1867 1861//1861 1793//1793
f 1925//1925 1914//1914 1764//1764
f 1764//1764 1854//1854 1925//1925
f 1873//1873 1926//1926 1832//1832
f 1873//1873 1820//1820 1927//1927
f 1820//1820 1828//1828 1927//1927
f 1911//1911 1828//1828 1821//1821
f 1876//1876 1837//1837 1928//1928
f 1837//1837 1890//1890 1928//1928
f 1857//1857 1860//1860 1921//1921
f 1811//1811 1929//1929 1808//1808
f 1724//1724 1678//1678 1842//1842
f 1738//1738 1891//1891 1930//1930
f 1905//1905 1897//1897 1843//1843
f 1852//1852 1844//1844 1898//1898
f 1787//1787 1914//1914 1907//1907
f 1813//1813 1931//1931 1831//1831
f 1890//1890 1859//1859 1932//1932
f 1929//1929 1865//1865 1808//1808
f 1930//1930 1791//1791 1738//1738
f 1798//1798 1851//1851 1933//1933
f 1894//1894 1933//1933 1851//1851
f 1879//1879 1934//1934 1894//1894
f 1922//1922 1898//1898 1853//1853
f 1923//1923 1935//1935 1885//1885
f 1845//1845 1778//1778 1915//1915
f 1868//1868 1826//1826 1936//1936
f 1909//1909 1881//1881 1805//1805
f 1827//1827 1831//1831 1937//1937
f 1916//1916 1931//1931 1813//1813
f 1910//1910 1832//1832 1926//1926
f 1839//1839 1901//1901 1830//1830
f 1824//1824 1878//1878 1938//1938
f 1933//1933 1906//1906 1798//1798
f 1939//1939 1855//1855 1868//1868
f 1754//1754 1827//1827 1937//1937
f 1903//1903 1882//1882 1940//1940
f 1895//1895 1885//1885 1935//1935
f 1886//1886 1913//1913 1941//1941
f 1942//1942 1887//1887 1806//1806
f 1930//1930 1871//1871 1791//1791
f 1762//1762 1866//1866 1943//1943
f 1906//1906 1944//1944 1798//1798
f 1945//1945 1852//1852 1898//1898
f 1936//1936 1939//1939 1868//1868
f 1884//1884 1917//1917 1946//1946
f 1923//1923 1899//1899 1947//1947
f 1941//1941 1924//1924 1886//1886
f 1861//1861 1942//1942 1806//1806
f 1877//1877 1948//1948 1811//1811
f 1842//1842 1949//1949 1877//1877
f 1871//1871 1949//1949 1842//1842
f 1938//1938 1905//1905 1824//1824
f 1878//1878 1798//1798 1944//1944
f 1951//1951 1841//1841 1950//1950
f 1841//1841 1858//1858 1950//1950
f 1947//1947 1899//1899 1924//1924
f 1861//1861 1867//1867 1952//1952
f 1862//1862 1953//1953 1867//1867
f 1855//1855 1954//1954 1872//1872
f 1955//1955 1881//1881 1909//1909
f 1902//1902 1754//1754 1937//1937
f 1956//1956 1840//1840 1779//1779
f 1779//1779 1903//1903 1956//1956
f 1882//1882 1883//1883 1957//1957
f 1828//1828 1911//1911 1927//1927
f 1920//1920 1888//1888 1795//1795
f 1958//1958 1932//1932 1859//1859
f 1949//1949 1948//1948 1877//1877
f 1839//1839 1762//1762 1959//1959
f 1943//1943 1959//1959 1762//1762
f 1944//1944 1938//1938 1878//1878
f 1880//1880 1907//1907 1960//1960
f 1854//1854 1845//1845 1925//1925
f 1957//1957 1940//1940 1882//1882
f 1910//1910 1957//1957 1883//1883
f 1884//1884 1911//1911 1822//1822
f 1900//1900 1874//1874 1961//1961
f 1839//1839 1962//1962 1901//1901
f 1894//1894 1934//1934 1933//1933
f 1919//1919 1963//1963 1922//1922
f 1964//1964 1919//1919 1835//1835
f 1965//1965 1941//1941 1913//1913
f 1913//1913 1887//1887 1965//1965
f 1855//1855 1939//1939 1954//1954
f 1966//1966 1926//1926 1873//1873
f 1864//1864 1958//1958 1859//1859
f 1901//1901 1893//1893 1904//1904
f 1879//1879 1852//1852 1967//1967
f 1922//1922 1945//1945 1898//1898
f 1968//1968 1950//1950 1858//1858
f 1858//1858 1895//1895 1968//1968
f 1969//1969 1935//1935 1923//1923
f 1970//1970 1953//1953 1862//1862
f 1862//1862 1880//1880 1970//1970
f 1955//1955 1936//1936 1826//1826
f 1826//1826 1881//1881 1955//1955
f 1937//1937 1831//1831 1931//1931
f 1961//1961 1874//1874 1888//1888
f 1971//1971 1836//1836 1876//1876
f 1890//1890 1932//1932 1928//1928
f 1945//1945 1967//1967 1852//1852
f 1947//1947 1969//1969 1923//1923
f 1887//1887 1942//1942 1965//1965
f 1973//1973 1925//1925 1845//1845
f 1884//1884 1974//1974 1911//1911
f 1896//1896 1900//1900 1975//1975
f 1928//1928 1971//1971 1876//1876
f 1864//1864 1921//1921 1976//1976
f 1865//1865 1977//1977 1860//1860
f 1891//1891 1838//1838 1978//1978
f 1944//1944 1906//1906 1979//1979
f 1953//1953 1952//1952 1867//1867
f 1980//1980 1907//1907 1914//1914
f 1973//1973 1845//1845 1915//1915
f 1927//1927 1966//1966 1873//1873
f 1968//1968 1895//1895 1981//1981
f 1935//1935 1981//1981 1895//1895
f 1982//1982 1965//1965 1942//1942
f 1942//1942 1861//1861 1983//1983
f 1865//1865 1929//1929 1977//1977
f 1930//1930 1891//1891 1984//1984
f 1893//1893 1985//1985 1892//1892
f 1986//1986 1901//1901 1962//1962
f 1988//1988 1905//1905 1938//1938
f 1956//1956 1916//1916 1840//1840
f 1989//1989 1957//1957 1910//1910
f 1950//1950 1990//1990 1951//1951
f 1947//1947 1924//1924 1991//1991
f 1972//1972 1982//1982 1942//1942
f 1967//1967 1934//1934 1879//1879
f 1971//1971 1912//1912 1836//1836
f 1921//1921 1860//1860 1976//1976
f 1978//1978 1984//1984 1891//1891
f 1838//1838 1892//1892 1978//1978
f 1892//1892 1985//1985 1978//1978
f 1968//1968 1990//1990 1950//1950
f 1952//1952 1983//1983 1861//1861
f 1825//1825 1846//1846 1992//1992
f 1846//1846 1908//1908 1992//1992
f 1884//1884 1946//1946 1993//1993
f 1928//1928 1932//1932 1994//1994
f 1866//1866 1897//1897 1987//1987
f 1963//1963 1945//1945 1922//1922
f 1872//1872 1954//1954 1995//1995
f 1935//1935 1969//1969 1996//1996
f 1924//1924 1941//1941 1997//1997
f 1963//1963 1919//1919 1998//1998
f 1929//1929 1811//1811 1999//1999
f 1811//1811 1948//1948 1999//1999
f 1930//1930 2000//2000 1871//1871
f 1893//1893 2001//2001 1985//1985
f 1901//1901 2001//2001 1893//1893
f 2002//2002 1962//1962 1839//1839
f 2003//2003 1987//1987 1897//1897
f 2004//2004 1914//1914 1925//1925
f 1990//1990 2005//2005 1951//1951
f 1991//1991 2006//2006 1947//1947
f 1965//1965 1997//1997 1941//1941
f 1961//1961 1975//1975 1900//1900
f 2007//2007 2008//2008 1889//1889
f 1889//1889 1875//1875 2007//2007
f 1977//1977 1976//1976 1860//1860
f 1977//1977 1929//1929 2009//2009
f 1949//1949 1871//1871 2000//2000
f 1897//1897 1905//1905 2003//2003
f 1933//1933 1979//1979 1906//1906
f 1960//1960 1970//1970 1880//1880
f 1973//1973 2004//2004 1925//1925
f 1955//1955 1909//1909 2010//2010
f 1983//1983 1972//1972 1942//1942
f 1967//1967 1945//1945 2011//2011
f 1998//1998 1919//1919 2012//2012
f 1964//1964 2012//2012 1919//1919
f 1920//1920 1889//1889 2008//2008
f 1986//1986 2001//2001 1901//1901
f 1938//1938 1944//1944 2013//2013
f 1996//1996 1981//1981 1935//1935
f 1969//1969 1947//1947 2006//2006
f 1991//1991 1924//1924 2014//2014
f 1997//1997 2014//2014 1924//1924
f 1872//1872 1995//1995 1908//1908
f 1931//1931 1916//1916 2015//2015
f 1989//1989 1926//1926 2016//2016
f 2011//2011 1945//1945 1963//1963
f 1961//1961 1888//1888 2017//2017
f 1888//1888 1920//1920 2017//2017
f 1994//1994 1971//1971 1928//1928
f 1977//1977 2009//2009 2018//2018
f 1959//1959 2002//2002 1839//1839
f 1988//1988 2003//2003 1905//1905
f 1952//1952 1953//1953 2019//2019
f 1953//1953 1970//1970 2019//2019
f 2020//2020 1973//1973 1915//1915
f 1992//1992 1915//1915 1825//1825
f 1937//1937 1909//1909 1902//1902
f 1903//1903 1940//1940 2021//2021
f 1966//1966 2022//2022 1926//1926
f 1927//1927 1911//1911 1974//1974
f 1933//1933 1934//1934 2023//2023
f 1912//1912 1971//1971 2024//2024
f 1948//1948 1949//1949 2025//2025
f 1990//1990 1968//1968 2027//2027
f 1997//1997 1965//1965 2028//2028
f 1915//1915 1992//1992 2020//2020
f 1956//1956 2015//2015 1916//1916
f 2029//2029 1940//1940 1957//1957
f 1989//1989 2029//2029 1957//1957
f 2016//2016 1926//1926 2022//2022
f 1993//1993 1974//1974 1884//1884
f 1971//1971 1994//1994 2030//2030
f 1958//1958 1864//1864 1976//1976
f 1978//1978 1985//1985 2031//2031
f 1988//1988 1938//1938 2013//2013
f 2013//2013 1944//1944 1979//1979
f 2005//2005 1990//1990 2032//2032
f 2027//2027 2032//2032 1990//1990
f 1965//1965 1982//1982 2028//2028
f 1970//1970 1960//1960 2033//2033
f 2034//2034 1993//1993 1946//1946
f 1875//1875 1912//1912 2035//2035
f 1912//1912 2024//2024 2035//2035
f 1999//1999 2009//2009 1929//1929
f 1999//1999 1948//1948 2025//2025
f 2036//2036 2031//2031 1985//1985
f 1985//1985 2001//2001 2036//2036
f 2036//2036 2001//2001 1986//1986
f 1943//1943 1866//1866 2037//2037
f 1987//1987 2037//2037 1866//1866
f 1903//1903 2021//2021 1956//1956
f 2026//2026 2034//2034 2005//2005
f 2032//2032 2026//2026 2005//2005
f 1968//1968 1981//1981 2027//2027
f 2038//2038 2028//2028 1982//1982
f 1934//1934 1967//1967 2039//2039
f 2035//2035 2007//2007 1875//1875
f 2030//2030 2024//2024 1971//1971
f 1994//1994 1932//1932 2040//2040
f 2000//2000 1930//1930 2041//2041
f 1978//1978 2031//2031 2042//2042
f 1987//1987 2003//2003 2043//2043
f 2019//2019 1970//1970 2033//2033
f 1909//1909 1937//1937 2044//2044
f 1937//1937 1931//1931 2044//2044
f 1996//1996 2027//2027 1981//1981
f 2023//2023 1934//1934 2039//2039
f 2008//2008 2017//2017 1920//1920
f 1958//1958 2045//2045 1932//1932
f 1976//1976 1977//1977 2046//2046
f 1930//1930 1984//1984 2041//2041
f 1979//1979 2047//2047 2013//2013
f 1979//1979 1933//1933 2048//2048
f 2023//2023 2048//2048 1933//1933
f 2049//2049 1973//1973 2020//2020
f 2015//2015 2050//2050 1931//1931
f 2029//2029 2021//2021 1940//1940
f 2051//2051 2052//2052 1966//1966
f 1966//1966 1927//1927 2051//2051
f 1927//1927 1974//1974 2051//2051
f 1983//1983 2053//2053 1972//1972
f 1952//1952 2054//2054 1983//1983
f 2011//2011 1963//1963 1998//1998
f 1962//1962 2036//2036 1986//1986
f 2003//2003 1988//1988 2055//2055
f 2056//2056 2027//2027 1996//1996
f 1969//1969 2056//2056 1996//1996
f 2020//2020 1992//1992 2057//2057
f 2059//2059 2045//2045 1958//1958
f 2018//2018 2046//2046 1977//1977
f 1949//1949 2060//2060 2025//2025
f 2042//2042 2062//2062 1978//1978
f 2043//2043 2037//2037 1987//1987
f 2039//2039 1967//1967 2011//2011
f 1982//1982 1972//1972 2063//2063
f 2063//2063 1972//1972 2053//2053
f 2053//2053 1983//1983 2054//2054
f 1907//1907 1980//1980 2064//2064
f 1909//1909 2058//2058 2010//2010
f 1956//1956 2065//2065 2015//2015
f 2021//2021 2065//2065 1956//1956
f 2066//2066 2011//2011 1998//1998
f 1998//1998 2012//2012 2066//2066
f 2035//2035 2024//2024 2030//2030
f 2045//2045 2040//2040 1932//1932
f 2061//2061 2060//2060 1949//1949
f 2062//2062 1984//1984 1978//1978
f 2019//2019 2054//2054 1952//1952
f 2067//2067 1980//1980 1914//1914
f 1989//1989 2016//2016 2068//2068
f 2022//2022 1966//1966 2069//2069
f 1993//1993 2034//2034 2026//2026
f 2070//2070 2012//2012 1964//1964
f 2046//2046 2059//2059 1958//1958
f 1958//1958 1976//1976 2046//2046
f 2043//2043 2003//2003 2055//2055
f 2071//2071 2006//2006 1991//1991
f 2014//2014 2071//2071 1991//1991
f 1914//1914 2004//2004 2067//2067
f 2049//2049 2004//2004 1973//1973
f 1909//1909 2044//2044 2058//2058
f 2044//2044 1931//1931 2050//2050
f 2015//2015 2065//2065 2072//2072
f 2052//2052 2069//2069 1966//1966
f 2073//2073 2017//2017 2008//2008
f 2007//2007 2035//2035 2074//2074
f 1959//1959 1943//1943 2075//2075
f 2037//2037 2075//2075 1943//1943
f 2076//2076 2023//2023 2039//2039
f 2032//2032 2078//2078 2077//2077
f 2079//2079 2080//2080 2027//2027
f 2027//2027 2056//2056 2079//2079
f 2056//2056 1969//1969 2081//2081
f 2082//2082 2081//2081 1969//1969
f 1969//1969 2006//2006 2082//2082
f 2006//2006 2071//2071 2082//2082
f 2014//2014 1997//1997 2083//2083
f 2028//2028 2083//2083 1997//1997
f 2038//2038 1982//1982 2084//2084
f 2033//2033 1960//1960 2085//2085
f 2068//2068 2029//2029 1989//1989
f 2087//2087 2074//2074 2035//2035
f 2088//2088 2084//2084 1982//1982
f 2054//2054 2019//2019 2089//2089
f 2090//2090 2067//2067 2004//2004
f 2072//2072 2050//2050 2015//2015
f 2092//2092 2035//2035 2030//2030
f 2000//2000 2093//2093 1949//1949
f 2048//2048 2023//2023 2076//2076
f 2094//2094 2085//2085 1960//1960
f 1960//1960 1907//1907 2094//2094
f 1936//1936 1955//1955 2095//2095
f 1955//1955 2010//2010 2096//2096
f 2097//2097 2016//2016 2022//2022
f 2069//2069 2097//2097 2022//2022
f 1974//1974 1993//1993 2098//2098
f 2092//2092 2087//2087 2035//2035
f 2093//2093 2061//2061 1949//1949
f 2100//2100 2055//2055 2101//2101
f 2102//2102 2101//2101 2055//2055
f 2055//2055 1988//1988 2102//2102
f 1988//1988 2013//2013 2102//2102
f 2047//2047 2102//2102 2013//2013
f 2032//2032 2103//2103 2026//2026
f 2079//2079 2078//2078 2080//2080
f 2033//2033 2104//2104 2019//2019
f 2095//2095 1939//1939 1936//1936
f 2091//2091 2096//2096 2010//2010
f 2039//2039 2011//2011 2105//2105
f 2011//2011 2066//2066 2105//2105
f 2086//2086 2106//2106 2012//2012
f 2012//2012 2070//2070 2086//2086
f 2070//2070 1964//1964 1975//1975
f 2107//2107 1962//1962 2002//2002
f 2043//2043 2055//2055 2100//2100
f 2049//2049 2090//2090 2004//2004
f 2077//2077 2078//2078 2108//2108
f 2028//2028 2038//2038 2083//2083
f 2084//2084 2083//2083 2038//2038
f 2054//2054 2109//2109 2053//2053
f 2066//2066 2012//2012 2106//2106
f 2074//2074 2008//2008 2007//2007
f 2062//2062 2041//2041 1984//1984
f 2036//2036 1962//1962 2110//2110
f 2019//2019 2104//2104 2089//2089
f 2068//2068 2016//2016 2097//2097
f 2052//2052 2051//2051 2111//2111
f 1974//1974 2111//2111 2051//2051
f 2079//2079 2056//2056 2112//2112
f 2071//2071 2014//2014 2113//2113
f 2076//2076 2039//2039 2114//2114
f 1994//1994 2115//2115 2030//2030
f 1999//1999 2025//2025 2116//2116
f 2117//2117 2041//2041 2062//2062
f 2110//2110 2118//2118 2036//2036
f 2002//2002 1959//1959 2119//2119
f 2120//2120 2119//2119 1959//1959
f 2075//2075 2120//2120 1959//1959
f 2033//2033 2085//2085 2104//2104
f 2064//2064 2094//2094 1907//1907
f 1980//1980 2067//2067 2121//2121
f 2049//2049 2020//2020 2122//2122
f 1995//1995 2123//2123 1908//1908
f 2029//2029 2068//2068 2124//2124
f 2103//2103 2032//2032 2125//2125
f 2077//2077 2125//2125 2032//2032
f 2083//2083 2113//2113 2014//2014
f 1982//1982 2063//2063 2088//2088
f 2105//2105 2114//2114 2039//2039
f 2074//2074 2073//2073 2008//2008
f 1994//1994 2040//2040 2127//2127
f 2031//2031 2036//2036 2118//2118
f 2107//2107 2110//2110 1962//1962
f 2128//2128 2047//2047 1979//1979
f 2048//2048 2128//2128 1979//1979
f 1992//1992 1908//1908 2123//2123
f 2058//2058 2091//2091 2010//2010
f 2069//2069 2052//2052 2129//2129
f 2088//2088 2126//2126 2084//2084
f 2017//2017 2130//2130 1961//1961
f 2115//2115 2092//2092 2030//2030
f 2122//2122 2090//2090 2049//2049
f 1995//1995 1954//1954 2131//2131
f 2132//2132 2095//2095 1955//1955
f 2096//2096 2132//2132 1955//1955
f 1993//1993 2026//2026 2098//2098
f 2018//2018 2009//2009 2134//2134
f 2135//2135 2093//2093 2000//2000
f 2000//2000 2041//2041 2135//2135
f 2136//2136 2042//2042 2031//2031
f 2110//2110 2107//2107 2137//2137
f 2119//2119 2107//2107 2002//2002
f 2037//2037 2043//2043 2138//2138
f 2123//2123 2057//2057 1992//1992
f 2021//2021 2029//2029 2139//2139
f 2140//2140 2124//2124 2068//2068
f 2097//2097 2140//2140 2068//2068
f 2112//2112 2056//2056 2081//2081
f 2009//2009 1999//1999 2116//2116
f 2116//2116 2025//2025 2141//2141
f 2060//2060 2141//2141 2025//2025
f 2138//2138 2075//2075 2037//2037
f 2101//2101 2142//2142 2100//2100
f 2143//2143 2144//2144 2048//2048
f 2048//2048 2076//2076 2143//2143
f 2020//2020 2057//2057 2122//2122
f 2131//2131 1954//1954 2145//2145
f 1939//1939 2145//2145 1954//1954
f 2044//2044 2050//2050 2146//2146
f 2026//2026 2147//2147 2098//2098
f 2063//2063 2053//2053 2148//2148
f 2109//2109 2148//2148 2053//2053
f 2127//2127 2149//2149 1994//1994
f 2134//2134 2046//2046 2018//2018
f 2150//2150 2134//2134 2009//2009
f 2099//2099 2009//2009 2116//2116
f 2135//2135 2041//2041 2117//2117
f 2031//2031 2118//2118 2136//2136
f 2151//2151 2118//2118 2110//2110
f 2101//2101 2102//2102 2152//2152
f 2121//2121 2064//2064 1980//1980
f 2131//2131 2123//2123 1995//1995
f 1939//1939 2095//2095 2145//2145
f 2132//2132 2096//2096 2153//2153
f 2091//2091 2153//2153 2096//2096
f 2098//2098 2111//2111 1974//1974
f 2125//2125 2147//2147 2103//2103
f 2154//2154 2108//2108 2079//2079
f 1975//1975 1961//1961 2130//2130
f 2149//2149 2115//2115 1994//1994
f 2107//2107 2119//2119 2155//2155
f 2102//2102 2047//2047 2152//2152
f 2047//2047 2128//2128 2152//2152
f 2114//2114 2143//2143 2076//2076
f 2044//2044 2146//2146 2133//2133
f 2072//2072 2146//2146 2050//2050
f 2124//2124 2139//2139 2029//2029
f 2113//2113 2156//2156 2071//2071
f 2113//2113 2083//2083 2157//2157
f 2088//2088 2063//2063 2158//2158
f 2089//2089 2109//2109 2054//2054
f 1975//1975 2159//2159 2070//2070
f 2160//2160 2130//2130 2017//2017
f 2099//2099 2150//2150 2009//2009
f 2161//2161 2118//2118 2151//2151
f 2100//2100 2138//2138 2043//2043
f 2128//2128 2048//2048 2144//2144
f 2104//2104 2162//2162 2089//2089
f 2163//2163 2058//2058 2044//2044
f 2133//2133 2163//2163 2044//2044
f 2129//2129 2097//2097 2069//2069
f 2164//2164 2098//2098 2147//2147
f 2165//2165 2164//2164 2147//2147
f 2147//2147 2125//2125 2165//2165
f 2077//2077 2108//2108 2166//2166
f 2112//2112 2154//2154 2079//2079
f 2167//2167 2126//2126 2088//2088
f 2148//2148 2158//2158 2063//2063
f 2114//2114 2105//2105 2168//2168
f 2105//2105 2066//2066 2169//2169
f 2106//2106 2169//2169 2066//2066
f 2170//2170 2017//2017 2073//2073
f 2021//2021 2171//2171 2065//2065
f 2125//2125 2077//2077 2166//2166
f 2083//2083 2084//2084 2172//2172
f 2062//2062 2042//2042 2173//2173
f 2155//2155 2137//2137 2107//2107
f 2155//2155 2119//2119 2120//2120
f 2143//2143 2114//2114 2168//2168
f 2085//2085 2174//2174 2104//2104
f 2065//2065 2171//2171 2072//2072
f 2130//2130 2159//2159 1975//1975
f 2175//2175 2150//2150 2099//2099
f 2173//2173 2117//2117 2062//2062
f 2042//2042 2136//2136 2176//2176
f 2137//2137 2151//2151 2110//2110
f 2177//2177 2142//2142 2101//2101
f 2152//2152 2177//2177 2101//2101
f 2168//2168 2105//2105 2169//2169
f 2174//2174 2162//2162 2104//2104
f 2111//2111 2098//2098 2178//2178
f 2125//2125 2179//2179 2165//2165
f 2108//2108 2154//2154 2180//2180
f 2157//2157 2083//2083 2172//2172
f 2181//2181 2087//2087 2092//2092
f 2045//2045 2127//2127 2040//2040
f 2061//2061 2093//2093 2182//2182
f 2042//2042 2176//2176 2173//2173
f 2118//2118 2161//2161 2136//2136
f 2183//2183 2138//2138 2100//2100
f 2184//2184 2109//2109 2089//2089
f 2162//2162 2184//2184 2089//2089
f 2186//2186 2057//2057 2123//2123
f 2111//2111 2178//2178 2052//2052
f 2170//2170 2160//2160 2017//2017
f 2074//2074 2087//2087 2181//2181
f 2100//2100 2142//2142 2183//2183
f 2188//2188 2169//2169 2106//2106
f 2132//2132 2145//2145 2095//2095
f 2146//2146 2072//2072 2189//2189
f 2021//2021 2139//2139 2171//2171
f 2134//2134 2059//2059 2046//2046
f 2190//2190 2176//2176 2136//2136
f 2152//2152 2128//2128 2191//2191
f 2169//2169 2192//2192 2168//2168
f 2086//2086 2188//2188 2106//2106
f 2166//2166 2108//2108 2180//2180
f 2180//2180 2154//2154 2193//2193
f 2193//2193 2154//2154 2112//2112
f 2071//2071 2156//2156 2194//2194
f 2172//2172 2084//2084 2126//2126
f 2122//2122 2057//2057 2195//2195
f 2178//2178 2129//2129 2052//2052
f 2073//2073 2074//2074 2170//2170
f 2092//2092 2115//2115 2196//2196
f 2045//2045 2059//2059 2197//2197
f 2198//2198 2161//2161 2151//2151
f 2152//2152 2191//2191 2177//2177
f 2144//2144 2191//2191 2128//2128
f 2168//2168 2199//2199 2143//2143
f 2094//2094 2174//2174 2085//2085
f 2121//2121 2067//2067 2200//2200
f 2067//2067 2090//2090 2185//2185
f 2201//2201 2139//2139 2124//2124
f 2158//2158 2167//2167 2088//2088
f 2202//2202 2188//2188 2086//2086
f 2070//2070 2202//2202 2086//2086
f 2159//2159 2203//2203 2070//2070
f 2204//2204 2170//2170 2074//2074
f 2181//2181 2092//2092 2196//2196
f 2116//2116 2205//2205 2099//2099
f 2182//2182 2093//2093 2206//2206
f 2135//2135 2206//2206 2093//2093
f 2135//2135 2117//2117 2207//2207
f 2136//2136 2161//2161 2190//2190
f 2208//2208 2075//2075 2138//2138
f 2138//2138 2183//2183 2208//2208
f 2144//2144 2143//2143 2199//2199
f 2162//2162 2174//2174 2209//2209
f 2210//2210 2186//2186 2123//2123
f 2123//2123 2131//2131 2187//2187
f 2189//2189 2133//2133 2146//2146
f 2125//2125 2166//2166 2211//2211
f 2194//2194 2082//2082 2071//2071
f 2184//2184 2162//2162 2209//2209
f 2074//2074 2181//2181 2204//2204
f 2185//2185 2200//2200 2067//2067
f 2090//2090 2122//2122 2212//2212
f 2186//2186 2195//2195 2057//2057
f 2163//2163 2214//2214 2058//2058
f 2124//2124 2140//2140 2201//2201
f 2098//2098 2164//2164 2215//2215
f 2167//2167 2216//2216 2126//2126
f 2203//2203 2202//2202 2070//2070
f 2149//2149 2127//2127 2218//2218
f 2059//2059 2134//2134 2219//2219
f 2061//2061 2182//2182 2060//2060
f 2220//2220 2183//2183 2142//2142
f 2174//2174 2094//2094 2221//2221
f 2091//2091 2058//2058 2213//2213
f 2215//2215 2178//2178 2098//2098
f 2081//2081 2082//2082 2222//2222
f 2217//2217 2148//2148 2109//2109
f 2217//2217 2109//2109 2184//2184
f 2197//2197 2127//2127 2045//2045
f 2134//2134 2150//2150 2175//2175
f 2175//2175 2099//2099 2205//2205
f 2182//2182 2141//2141 2060//2060
f 2223//2223 2177//2177 2191//2191
f 2186//2186 2210//2210 2225//2225
f 2163//2163 2133//2133 2226//2226
f 2227//2227 2129//2129 2178//2178
f 2228//2228 2229//2229 2179//2179
f 2180//2180 2193//2193 2230//2230
f 2194//2194 2222//2222 2082//2082
f 2156//2156 2113//2113 2231//2231
f 2168//2168 2192//2192 2232//2232
f 2175//2175 2233//2233 2134//2134
f 2207//2207 2206//2206 2135//2135
f 2173//2173 2207//2207 2117//2117
f 2137//2137 2198//2198 2151//2151
f 2224//2224 2191//2191 2144//2144
f 2212//2212 2185//2185 2090//2090
f 2195//2195 2212//2212 2122//2122
f 2213//2213 2058//2058 2214//2214
f 2201//2201 2235//2235 2139//2139
f 2178//2178 2215//2215 2236//2236
f 2166//2166 2180//2180 2237//2237
f 2203//2203 2159//2159 2238//2238
f 2130//2130 2238//2238 2159//2159
f 2181//2181 2196//2196 2239//2239
f 2219//2219 2197//2197 2059//2059
f 2141//2141 2240//2240 2116//2116
f 2173//2173 2176//2176 2234//2234
f 2241//2241 2208//2208 2183//2183
f 2242//2242 2097//2097 2129//2129
f 2112//2112 2243//2243 2193//2193
f 2244//2244 2217//2217 2184//2184
f 2160//2160 2238//2238 2130//2130
f 2196//2196 2115//2115 2245//2245
f 2115//2115 2149//2149 2245//2245
f 2218//2218 2246//2246 2149//2149
f 2247//2247 2176//2176 2190//2190
f 2120//2120 2248//2248 2155//2155
f 2120//2120 2075//2075 2249//2249
f 2208//2208 2249//2249 2075//2075
f 2183//2183 2220//2220 2241//2241
f 2142//2142 2177//2177 2220//2220
f 2094//2094 2064//2064 2250//2250
f 2250//2250 2064//2064 2121//2121
f 2121//2121 2200//2200 2250//2250
f 2123//2123 2187//2187 2210//2210
f 2091//2091 2213//2213 2251//2251
f 2140//2140 2097//2097 2252//2252
f 2179//2179 2125//2125 2211//2211
f 2081//2081 2243//2243 2112//2112
f 2188//2188 2202//2202 2253//2253
f 2246//2246 2254//2254 2149//2149
f 2219//2219 2134//2134 2233//2233
f 2175//2175 2205//2205 2255//2255
f 2137//2137 2155//2155 2256//2256
f 2248//2248 2256//2256 2155//2155
f 2199//2199 2168//2168 2232//2232
f 2153//2153 2091//2091 2251//2251
f 2235//2235 2171//2171 2139//2139
f 2236//2236 2227//2227 2178//2178
f 2237//2237 2211//2211 2166//2166
f 2243//2243 2081//2081 2222//2222
f 2231//2231 2113//2113 2157//2157
f 2216//2216 2157//2157 2172//2172
f 2172//2172 2126//2126 2216//2216
f 2257//2257 2169//2169 2188//2188
f 2247//2247 2234//2234 2176//2176
f 2161//2161 2198//2198 2258//2258
f 2256//2256 2198//2198 2137//2137
f 2223//2223 2220//2220 2177//2177
f 2230//2230 2237//2237 2180//2180
f 2131//2131 2145//2145 2259//2259
f 2189//2189 2226//2226 2133//2133
f 2097//2097 2242//2242 2252//2252
f 2129//2129 2227//2227 2260//2260
f 2169//2169 2257//2257 2192//2192
f 2197//2197 2261//2261 2127//2127
f 2205//2205 2116//2116 2240//2240
f 2262//2262 2220//2220 2223//2223
f 2224//2224 2144//2144 2199//2199
f 2263//2263 2228//2228 2179//2179
f 2179//2179 2211//2211 2263//2263
f 2193//2193 2243//2243 2230//2230
f 2259//2259 2187//2187 2131//2131
f 2145//2145 2132//2132 2264//2264
f 2132//2132 2153//2153 2264//2264
f 2140//2140 2235//2235 2201//2201
f 2242//2242 2129//2129 2260//2260
f 2232//2232 2192//2192 2257//2257
f 2202//2202 2203//2203 2265//2265
f 2261//2261 2218//2218 2127//2127
f 2261//2261 2197//2197 2266//2266
f 2175//2175 2255//2255 2267//2267
f 2268//2268 2247//2247 2190//2190
f 2161//2161 2258//2258 2268//2268
f 2269//2269 2221//2221 2094//2094
f 2094//2094 2250//2250 2269//2269
f 2189//2189 2072//2072 2171//2171
f 2217//2217 2244//2244 2270//2270
f 2271//2271 2204//2204 2181//2181
f 2181//2181 2239//2239 2271//2271
f 2254//2254 2245//2245 2149//2149
f 2267//2267 2233//2233 2175//2175
f 2173//2173 2234//2234 2272//2272
f 2190//2190 2161//2161 2268//2268
f 2163//2163 2273//2273 2214//2214
f 2273//2273 2163//2163 2226//2226
f 2211//2211 2237//2237 2274//2274
f 2270//2270 2148//2148 2217//2217
f 2209//2209 2244//2244 2184//2184
f 2257//2257 2188//2188 2253//2253
f 2160//2160 2170//2170 2275//2275
f 2275//2275 2170//2170 2204//2204
f 2206//2206 2276//2276 2182//2182
f 2174//2174 2277//2277 2209//2209
f 2212//2212 2195//2195 2278//2278
f 2264//2264 2259//2259 2145//2145
f 2226//2226 2189//2189 2279//2279
f 2194//2194 2156//2156 2280//2280
f 2231//2231 2280//2280 2156//2156
f 2167//2167 2281//2281 2216//2216
f 2219//2219 2233//2233 2282//2282
f 2255//2255 2205//2205 2283//2283
f 2207//2207 2173//2173 2272//2272
f 2248//2248 2120//2120 2249//2249
f 2187//2187 2284//2284 2210//2210
f 2285//2285 2264//2264 2153//2153
f 2171//2171 2235//2235 2286//2286
f 2211//2211 2274//2274 2287//2287
f 2230//2230 2243//2243 2288//2288
f 2222//2222 2288//2288 2243//2243
f 2216//2216 2289//2289 2157//2157
f 2265//2265 2253//2253 2202//2202
f 2197//2197 2219//2219 2266//2266
f 2282//2282 2266//2266 2219//2219
f 2206//2206 2207//2207 2291//2291
f 2292//2292 2293//2293 2247//2247
f 2247//2247 2268//2268 2292//2292
f 2191//2191 2262//2262 2223//2223
f 2224//2224 2294//2294 2191//2191
f 2189//2189 2171//2171 2286//2286
f 2281//2281 2289//2289 2216//2216
f 2167//2167 2158//2158 2295//2295
f 2296//2296 2267//2267 2255//2255
f 2255//2255 2283//2283 2296//2296
f 2205//2205 2240//2240 2297//2297
f 2300//2300 2200//2200 2185//2185
f 2153//2153 2251//2251 2285//2285
f 2235//2235 2140//2140 2301//2301
f 2252//2252 2301//2301 2140//2140
f 2236//2236 2302//2302 2227//2227
f 2303//2303 2215//2215 2229//2229
f 2158//2158 2148//2148 2304//2304
f 2270//2270 2305//2305 2148//2148
f 2257//2257 2253//2253 2306//2306
f 2240//2240 2141//2141 2298//2298
f 2276//2276 2298//2298 2182//2182
f 2307//2307 2276//2276 2206//2206
f 2299//2299 2198//2198 2256//2256
f 2248//2248 2249//2249 2308//2308
f 2309//2309 2195//2195 2186//2186
f 2231//2231 2157//2157 2311//2311
f 2289//2289 2311//2311 2157//2157
f 2275//2275 2238//2238 2160//2160
f 2141//2141 2182//2182 2298//2298
f 2206//2206 2291//2291 2313//2313
f 2174//2174 2221//2221 2314//2314
f 2221//2221 2269//2269 2314//2314
f 2186//2186 2225//2225 2309//2309
f 2302//2302 2260//2260 2227//2227
f 2222//2222 2194//2194 2317//2317
f 2304//2304 2148//2148 2305//2305
f 2312//2312 2265//2265 2203//2203
f 2297//2297 2290//2290 2205//2205
f 2313//2313 2318//2318 2206//2206
f 2199//2199 2294//2294 2224//2224
f 2319//2319 2185//2185 2212//2212
f 2212//2212 2278//2278 2315//2315
f 2273//2273 2226//2226 2279//2279
f 2279//2279 2189//2189 2310//2310
f 2320//2320 2236//2236 2215//2215
f 2303//2303 2320//2320 2215//2215
f 2288//2288 2237//2237 2230//2230
f 2244//2244 2321//2321 2270//2270
f 2275//2275 2204//2204 2322//2322
f 2282//2282 2233//2233 2323//2323
f 2293//2293 2234//2234 2247//2247
f 2268//2268 2258//2258 2324//2324
f 2314//2314 2325//2325 2174//2174
f 2309//2309 2278//2278 2195//2195
f 2259//2259 2264//2264 2326//2326
f 2213//2213 2214//2214 2327//2327
f 2286//2286 2310//2310 2189//2189
f 2328//2328 2286//2286 2235//2235
f 2303//2303 2228//2228 2329//2329
f 2288//2288 2222//2222 2317//2317
f 2305//2305 2270//2270 2321//2321
f 2306//2306 2253//2253 2330//2330
f 2265//2265 2330//2330 2253//2253
f 2196//2196 2331//2331 2239//2239
f 2246//2246 2218//2218 2332//2332
f 2218//2218 2261//2261 2332//2332
f 2298//2298 2333//2333 2240//2240
f 2276//2276 2334//2334 2298//2298
f 2208//2208 2308//2308 2249//2249
f 2262//2262 2191//2191 2294//2294
f 2335//2335 2187//2187 2259//2259
f 2244//2244 2209//2209 2336//2336
f 2277//2277 2336//2336 2209//2209
f 2238//2238 2275//2275 2337//2337
f 2271//2271 2322//2322 2204//2204
f 2331//2331 2196//2196 2245//2245
f 2233//2233 2267//2267 2323//2323
f 2290//2290 2283//2283 2205//2205
f 2307//2307 2206//2206 2318//2318
f 2268//2268 2324//2324 2292//2292
f 2258//2258 2198//2198 2338//2338
f 2241//2241 2220//2220 2339//2339
f 2199//2199 2232//2232 2340//2340
f 2326//2326 2335//2335 2259//2259
f 2213//2213 2316//2316 2251//2251
f 2235//2235 2301//2301 2328//2328
f 2295//2295 2281//2281 2167//2167
f 2232//2232 2257//2257 2340//2340
f 2308//2308 2208//2208 2341//2341
f 2208//2208 2241//2241 2341//2341
f 2277//2277 2174//2174 2343//2343
f 2174//2174 2325//2325 2343//2343
f 2344//2344 2300//2300 2185//2185
f 2185//2185 2319//2319 2344//2344
f 2212//2212 2315//2315 2319//2319
f 2284//2284 2225//2225 2210//2210
f 2242//2242 2260//2260 2345//2345
f 2263//2263 2329//2329 2228//2228
f 2306//2306 2346//2346 2257//2257
f 2333//2333 2297//2297 2240//2240
f 2307//2307 2334//2334 2276//2276
f 2299//2299 2338//2338 2198//2198
f 2308//2308 2347//2347 2248//2248
f 2241//2241 2339//2339 2342//2342
f 2262//2262 2339//2339 2220//2220
f 2252//2252 2242//2242 2345//2345
f 2348//2348 2295//2295 2158//2158
f 2306//2306 2330//2330 2349//2349
f 2238//2238 2312//2312 2203//2203
f 2331//2331 2245//2245 2254//2254
f 2266//2266 2282//2282 2350//2350
f 2342//2342 2341//2341 2241//2241
f 2351//2351 2264//2264 2285//2285
f 2260//2260 2302//2302 2352//2352
f 2329//2329 2320//2320 2303//2303
f 2158//2158 2304//2304 2348//2348
f 2343//2343 2336//2336 2277//2277
f 2239//2239 2353//2353 2271//2271
f 2354//2354 2272//2272 2234//2234
f 2294//2294 2199//2199 2340//2340
f 2300//2300 2269//2269 2250//2250
f 2279//2279 2355//2355 2273//2273
f 2356//2356 2237//2237 2357//2357
f 2237//2237 2288//2288 2357//2357
f 2305//2305 2321//2321 2304//2304
f 2346//2346 2340//2340 2257//2257
f 2349//2349 2346//2346 2306//2306
f 2331//2331 2353//2353 2239//2239
f 2358//2358 2359//2359 2313//2313
f 2234//2234 2293//2293 2354//2354
f 2250//2250 2200//2200 2300//2300
f 2285//2285 2251//2251 2316//2316
f 2360//2360 2214//2214 2273//2273
f 2310//2310 2286//2286 2361//2361
f 2320//2320 2329//2329 2362//2362
f 2288//2288 2317//2317 2357//2357
f 2280//2280 2357//2357 2194//2194
f 2318//2318 2313//2313 2359//2359
f 2327//2327 2214//2214 2360//2360
f 2317//2317 2194//2194 2357//2357
f 2266//2266 2332//2332 2261//2261
f 2334//2334 2307//2307 2318//2318
f 2272//2272 2354//2354 2358//2358
f 2328//2328 2301//2301 2364//2364
f 2352//2352 2345//2345 2260//2260
f 2365//2365 2287//2287 2274//2274
f 2274//2274 2237//2237 2365//2365
f 2321//2321 2244//2244 2366//2366
f 2338//2338 2324//2324 2258//2258
f 2363//2363 2262//2262 2294//2294
f 2300//2300 2314//2314 2269//2269
f 2300//2300 2344//2344 2367//2367
f 2278//2278 2368//2368 2315//2315
f 2289//2289 2281//2281 2369//2369
f 2281//2281 2295//2295 2369//2369
f 2330//2330 2265//2265 2370//2370
f 2312//2312 2370//2370 2265//2265
f 2333//2333 2298//2298 2334//2334
f 2354//2354 2371//2371 2358//2358
f 2248//2248 2372//2372 2256//2256
f 2294//2294 2340//2340 2373//2373
f 2375//2375 2284//2284 2187//2187
f 2364//2364 2376//2376 2328//2328
f 2377//2377 2364//2364 2301//2301
f 2301//2301 2252//2252 2377//2377
f 2348//2348 2369//2369 2295//2295
f 2336//2336 2343//2343 2378//2378
f 2325//2325 2378//2378 2343//2343
f 2340//2340 2346//2346 2379//2379
f 2332//2332 2266//2266 2380//2380
f 2347//2347 2372//2372 2248//2248
f 2363//2363 2339//2339 2262//2262
f 2273//2273 2355//2355 2360//2360
f 2381//2381 2321//2321 2366//2366
f 2325//2325 2314//2314 2382//2382
f 2300//2300 2367//2367 2314//2314
f 2335//2335 2375//2375 2187//2187
f 2383//2383 2285//2285 2316//2316
f 2327//2327 2316//2316 2213//2213
f 2328//2328 2361//2361 2286//2286
f 2362//2362 2236//2236 2320//2320
f 2304//2304 2321//2321 2384//2384
f 2385//2385 2292//2292 2324//2324
f 2338//2338 2385//2385 2324//2324
f 2256//2256 2372//2372 2386//2386
f 2387//2387 2388//2388 2331//2331
f 2254//2254 2387//2387 2331//2331
f 2318//2318 2389//2389 2334//2334
f 2371//2371 2359//2359 2358//2358
f 2390//2390 2391//2391 2287//2287
f 2356//2356 2365//2365 2237//2237
f 2280//2280 2392//2392 2357//2357
f 2289//2289 2369//2369 2311//2311
f 2393//2393 2348//2348 2304//2304
f 2394//2394 2354//2354 2293//2293
f 2338//2338 2299//2299 2395//2395
f 2299//2299 2386//2386 2395//2395
f 2299//2299 2256//2256 2386//2386
f 2396//2396 2342//2342 2339//2339
f 2363//2363 2294//2294 2397//2397
f 2353//2353 2331//2331 2388//2388
f 2399//2399 2350//2350 2282//2282
f 2282//2282 2323//2323 2399//2399
f 2323//2323 2267//2267 2400//2400
f 2364//2364 2377//2377 2376//2376
f 2401//2401 2362//2362 2329//2329
f 2329//2329 2263//2263 2401//2401
f 2381//2381 2384//2384 2321//2321
f 2336//2336 2378//2378 2402//2402
f 2312//2312 2238//2238 2403//2403
f 2375//2375 2374//2374 2284//2284
f 2335//2335 2326//2326 2404//2404
f 2378//2378 2325//2325 2406//2406
f 2292//2292 2394//2394 2293//2293
f 2353//2353 2322//2322 2271//2271
f 2246//2246 2332//2332 2398//2398
f 2380//2380 2266//2266 2407//2407
f 2296//2296 2408//2408 2267//2267
f 2225//2225 2284//2284 2409//2409
f 2355//2355 2279//2279 2310//2310
f 2377//2377 2252//2252 2410//2410
f 2345//2345 2410//2410 2252//2252
f 2357//2357 2392//2392 2405//2405
f 2411//2411 2311//2311 2369//2369
f 2393//2393 2304//2304 2384//2384
f 2244//2244 2336//2336 2412//2412
f 2408//2408 2400//2400 2267//2267
f 2413//2413 2296//2296 2283//2283
f 2314//2314 2367//2367 2415//2415
f 2284//2284 2374//2374 2409//2409
f 2365//2365 2390//2390 2287//2287
f 2402//2402 2412//2412 2336//2336
f 2402//2402 2378//2378 2406//2406
f 2372//2372 2416//2416 2386//2386
f 2373//2373 2397//2397 2294//2294
f 2417//2417 2379//2379 2346//2346
f 2337//2337 2403//2403 2238//2238
f 2254//2254 2246//2246 2398//2398
f 2418//2418 2318//2318 2359//2359
f 2371//2371 2418//2418 2359//2359
f 2382//2382 2419//2419 2325//2325
f 2326//2326 2264//2264 2420//2420
f 2421//2421 2360//2360 2355//2355
f 2352//2352 2302//2302 2422//2422
f 2302//2302 2236//2236 2422//2422
f 2362//2362 2422//2422 2236//2236
f 2424//2424 2373//2373 2379//2379
f 2346//2346 2349//2349 2417//2417
f 2350//2350 2407//2407 2266//2266
f 2323//2323 2400//2400 2399//2399
f 2389//2389 2414//2414 2334//2334
f 2404//2404 2375//2375 2335//2335
f 2351//2351 2420//2420 2264//2264
f 2383//2383 2316//2316 2327//2327
f 2361//2361 2425//2425 2310//2310
f 2411//2411 2426//2426 2311//2311
f 2395//2395 2386//2386 2416//2416
f 2308//2308 2341//2341 2427//2427
f 2341//2341 2342//2342 2428//2428
f 2339//2339 2363//2363 2397//2397
f 2350//2350 2399//2399 2429//2429
f 2431//2431 2382//2382 2314//2314
f 2314//2314 2415//2415 2431//2431
f 2280//2280 2231//2231 2432//2432
f 2311//2311 2432//2432 2231//2231
f 2426//2426 2432//2432 2311//2311
f 2433//2433 2411//2411 2369//2369
f 2434//2434 2369//2369 2348//2348
f 2348//2348 2393//2393 2434//2434
f 2244//2244 2412//2412 2366//2366
f 2342//2342 2396//2396 2428//2428
f 2436//2436 2330//2330 2370//2370
f 2437//2437 2436//2436 2370//2370
f 2370//2370 2312//2312 2437//2437
f 2403//2403 2438//2438 2312//2312
f 2353//2353 2439//2439 2322//2322
f 2334//2334 2414//2414 2440//2440
f 2418//2418 2441//2441 2318//2318
f 2442//2442 2367//2367 2344//2344
f 2344//2344 2319//2319 2442//2442
f 2327//2327 2360//2360 2444//2444
f 2355//2355 2310//2310 2425//2425
f 2410//2410 2376//2376 2377//2377
f 2356//2356 2357//2357 2405//2405
f 2354//2354 2394//2394 2445//2445
f 2338//2338 2395//2395 2385//2385
f 2446//2446 2395//2395 2416//2416
f 2438//2438 2437//2437 2312//2312
f 2322//2322 2337//2337 2275//2275
f 2398//2398 2387//2387 2254//2254
f 2333//2333 2334//2334 2440//2440
f 2409//2409 2309//2309 2225//2225
f 2360//2360 2421//2421 2444//2444
f 2448//2448 2393//2393 2384//2384
f 2381//2381 2448//2448 2384//2384
f 2373//2373 2449//2449 2397//2397
f 2349//2349 2450//2450 2417//2417
f 2413//2413 2451//2451 2296//2296
f 2283//2283 2290//2290 2413//2413
f 2430//2430 2413//2413 2290//2290
f 2382//2382 2452//2452 2419//2419
f 2351//2351 2285//2285 2383//2383
f 2444//2444 2453//2453 2327//2327
f 2401//2401 2454//2454 2362//2362
f 2365//2365 2356//2356 2455//2455
f 2392//2392 2280//2280 2456//2456
f 2381//2381 2366//2366 2435//2435
f 2457//2457 2412//2412 2402//2402
f 2406//2406 2457//2457 2402//2402
f 2292//2292 2385//2385 2423//2423
f 2458//2458 2423//2423 2385//2385
f 2385//2385 2395//2395 2446//2446
f 2339//2339 2397//2397 2459//2459
f 2424//2424 2447//2447 2373//2373
f 2439//2439 2353//2353 2388//2388
f 2451//2451 2408//2408 2296//2296
f 2441//2441 2418//2418 2460//2460
f 2420//2420 2351//2351 2461//2461
f 2443//2443 2461//2461 2351//2351
f 2383//2383 2327//2327 2462//2462
f 2434//2434 2433//2433 2369//2369
f 2457//2457 2406//2406 2464//2464
f 2447//2447 2449//2449 2373//2373
f 2349//2349 2330//2330 2436//2436
f 2387//2387 2398//2398 2465//2465
f 2400//2400 2408//2408 2466//2466
f 2368//2368 2278//2278 2467//2467
f 2278//2278 2309//2309 2467//2467
f 2409//2409 2467//2467 2309//2309
f 2468//2468 2375//2375 2404//2404
f 2328//2328 2376//2376 2469//2469
f 2432//2432 2456//2456 2280//2280
f 2470//2470 2347//2347 2308//2308
f 2427//2427 2470//2470 2308//2308
f 2341//2341 2428//2428 2427//2427
f 2428//2428 2396//2396 2471//2471
f 2417//2417 2424//2424 2379//2379
f 2438//2438 2403//2403 2472//2472
f 2322//2322 2439//2439 2337//2337
f 2380//2380 2398//2398 2332//2332
f 2451//2451 2466//2466 2408//2408
f 2415//2415 2367//2367 2473//2473
f 2474//2474 2319//2319 2315//2315
f 2368//2368 2474//2474 2315//2315
f 2425//2425 2421//2421 2355//2355
f 2454//2454 2422//2422 2362//2362
f 2455//2455 2356//2356 2405//2405
f 2392//2392 2463//2463 2405//2405
f 2475//2475 2393//2393 2448//2448
f 2292//2292 2423//2423 2394//2394
f 2450//2450 2349//2349 2476//2476
f 2436//2436 2476//2476 2349//2349
f 2337//2337 2472//2472 2403//2403
f 2297//2297 2430//2430 2290//2290
f 2460//2460 2477//2477 2441//2441
f 2367//2367 2442//2442 2473//2473
f 2374//2374 2375//2375 2478//2478
f 2445//2445 2394//2394 2479//2479
f 2480//2480 2385//2385 2446//2446
f 2396//2396 2339//2339 2459//2459
f 2388//2388 2387//2387 2481//2481
f 2482//2482 2398//2398 2380//2380
f 2483//2483 2407//2407 2350//2350
f 2350//2350 2429//2429 2483//2483
f 2399//2399 2400//2400 2429//2429
f 2441//2441 2389//2389 2318//2318
f 2473//2473 2484//2484 2415//2415
f 2485//2485 2425//2425 2361//2361
f 2463//2463 2455//2455 2405//2405
f 2381//2381 2435//2435 2486//2486
f 2487//2487 2471//2471 2396//2396
f 2449//2449 2459//2459 2397//2397
f 2465//2465 2481//2481 2387//2387
f 2488//2488 2465//2465 2398//2398
f 2489//2489 2488//2488 2398//2398
f 2490//2490 2430//2430 2297//2297
f 2441//2441 2477//2477 2491//2491
f 2319//2319 2474//2474 2442//2442
f 2468//2468 2478//2478 2375//2375
f 2422//2422 2492//2492 2352//2352
f 2494//2494 2424//2424 2417//2417
f 2466//2466 2429//2429 2400//2400
f 2495//2495 2452//2452 2382//2382
f 2409//2409 2374//2374 2478//2478
f 2420//2420 2404//2404 2326//2326
f 2361//2361 2328//2328 2469//2469
f 2496//2496 2376//2376 2410//2410
f 2410//2410 2345//2345 2497//2497
f 2345//2345 2352//2352 2497//2497
f 2422//2422 2454//2454 2492//2492
f 2390//2390 2365//2365 2498//2498
f 2455//2455 2498//2498 2365//2365
f 2475//2475 2434//2434 2393//2393
f 2448//2448 2381//2381 2499//2499
f 2381//2381 2486//2486 2499//2499
f 2385//2385 2480//2480 2458//2458
f 2487//2487 2396//2396 2500//2500
f 2297//2297 2333//2333 2501//2501
f 2453//2453 2462//2462 2327//2327
f 2425//2425 2502//2502 2421//2421
f 2485//2485 2361//2361 2469//2469
f 2475//2475 2448//2448 2499//2499
f 2412//2412 2457//2457 2503//2503
f 2504//2504 2503//2503 2457//2457
f 2505//2505 2446//2446 2416//2416
f 2459//2459 2500//2500 2396//2396
f 2506//2506 2459//2459 2449//2449
f 2447//2447 2493//2493 2449//2449
f 2440//2440 2501//2501 2333//2333
f 2389//2389 2507//2507 2414//2414
f 2484//2484 2431//2431 2415//2415
f 2508//2508 2352//2352 2492//2492
f 2391//2391 2390//2390 2509//2509
f 2432//2432 2426//2426 2510//2510
f 2426//2426 2411//2411 2511//2511
f 2512//2512 2435//2435 2366//2366
f 2366//2366 2412//2412 2512//2512
f 2394//2394 2423//2423 2513//2513
f 2514//2514 2500//2500 2459//2459
f 2482//2482 2489//2489 2398//2398
f 2451//2451 2413//2413 2515//2515
f 2508//2508 2497//2497 2352//2352
f 2509//2509 2401//2401 2391//2391
f 2470//2470 2516//2516 2347//2347
f 2506//2506 2514//2514 2459//2459
f 2389//2389 2441//2441 2491//2491
f 2382//2382 2431//2431 2517//2517
f 2454//2454 2401//2401 2518//2518
f 2463//2463 2519//2519 2455//2455
f 2392//2392 2456//2456 2520//2520
f 2513//2513 2479//2479 2394//2394
f 2372//2372 2347//2347 2516//2516
f 2476//2476 2436//2436 2521//2521
f 2482//2482 2380//2380 2407//2407
f 2522//2522 2440//2440 2414//2414
f 2507//2507 2522//2522 2414//2414
f 2444//2444 2421//2421 2502//2502
f 2463//2463 2520//2520 2523//2523
f 2463//2463 2392//2392 2520//2520
f 2524//2524 2411//2411 2433//2433
f 2516//2516 2525//2525 2372//2372
f 2470//2470 2427//2427 2526//2526
f 2527//2527 2427//2427 2428//2428
f 2428//2428 2471//2471 2527//2527
f 2471//2471 2487//2487 2527//2527
f 2528//2528 2487//2487 2500//2500
f 2514//2514 2506//2506 2529//2529
f 2438//2438 2521//2521 2436//2436
f 2468//2468 2404//2404 2530//2530
f 2496//2496 2469//2469 2376//2376
f 2433//2433 2434//2434 2524//2524
f 2513//2513 2531//2531 2479//2479
f 2516//2516 2470//2470 2532//2532
f 2526//2526 2532//2532 2470//2470
f 2481//2481 2465//2465 2533//2533
f 2488//2488 2533//2533 2465//2465
f 2482//2482 2407//2407 2534//2534
f 2535//2535 2507//2507 2389//2389
f 2491//2491 2535//2535 2389//2389
f 2517//2517 2495//2495 2382//2382
f 2537//2537 2368//2368 2467//2467
f 2443//2443 2351//2351 2538//2538
f 2383//2383 2538//2538 2351//2351
f 2469//2469 2496//2496 2539//2539
f 2496//2496 2410//2410 2497//2497
f 2492//2492 2454//2454 2508//2508
f 2509//2509 2518//2518 2401//2401
f 2432//2432 2540//2540 2456//2456
f 2503//2503 2512//2512 2412//2412
f 2513//2513 2423//2423 2541//2541
f 2500//2500 2514//2514 2542//2542
f 2449//2449 2493//2493 2506//2506
f 2494//2494 2417//2417 2543//2543
f 2474//2474 2368//2368 2536//2536
f 2467//2467 2409//2409 2544//2544
f 2478//2478 2468//2468 2545//2545
f 2497//2497 2539//2539 2496//2496
f 2510//2510 2540//2540 2432//2432
f 2511//2511 2510//2510 2426//2426
f 2547//2547 2511//2511 2411//2411
f 2480//2480 2548//2548 2458//2458
f 2525//2525 2416//2416 2372//2372
f 2528//2528 2549//2549 2487//2487
f 2500//2500 2542//2542 2528//2528
f 2493//2493 2447//2447 2550//2550
f 2424//2424 2550//2550 2447//2447
f 2551//2551 2521//2521 2438//2438
f 2472//2472 2551//2551 2438//2438
f 2488//2488 2489//2489 2552//2552
f 2553//2553 2407//2407 2483//2483
f 2554//2554 2483//2483 2429//2429
f 2466//2466 2554//2554 2429//2429
f 2501//2501 2490//2490 2297//2297
f 2491//2491 2477//2477 2555//2555
f 2537//2537 2467//2467 2556//2556
f 2478//2478 2545//2545 2557//2557
f 2518//2518 2508//2508 2454//2454
f 2519//2519 2498//2498 2455//2455
f 2411//2411 2524//2524 2547//2547
f 2423//2423 2458//2458 2541//2541
f 2337//2337 2439//2439 2472//2472
f 2534//2534 2489//2489 2482//2482
f 2466//2466 2451//2451 2515//2515
f 2536//2536 2368//2368 2537//2537
f 2557//2557 2544//2544 2409//2409
f 2409//2409 2478//2478 2557//2557
f 2444//2444 2546//2546 2453//2453
f 2520//2520 2456//2456 2540//2540
f 2559//2559 2531//2531 2513//2513
f 2513//2513 2541//2541 2559//2559
f 2549//2549 2527//2527 2487//2487
f 2560//2560 2506//2506 2493//2493
f 2550//2550 2560//2560 2493//2493
f 2424//2424 2494//2494 2561//2561
f 2543//2543 2561//2561 2494//2494
f 2515//2515 2413//2413 2562//2562
f 2522//2522 2501//2501 2440//2440
f 2558//2558 2431//2431 2484//2484
f 2484//2484 2473//2473 2563//2563
f 2473//2473 2564//2564 2563//2563
f 2473//2473 2442//2442 2564//2564
f 2420//2420 2461//2461 2565//2565
f 2469//2469 2539//2539 2566//2566
f 2458//2458 2548//2548 2567//2567
f 2446//2446 2505//2505 2568//2568
f 2506//2506 2560//2560 2569//2569
f 2481//2481 2533//2533 2570//2570
f 2413//2413 2430//2430 2562//2562
f 2501//2501 2571//2571 2490//2490
f 2535//2535 2491//2491 2572//2572
f 2491//2491 2555//2555 2572//2572
f 2558//2558 2484//2484 2563//2563
f 2544//2544 2556//2556 2467//2467
f 2420//2420 2530//2530 2404//2404
f 2444//2444 2502//2502 2573//2573
f 2463//2463 2523//2523 2519//2519
f 2435//2435 2512//2512 2574//2574
f 2503//2503 2574//2574 2512//2512
f 2427//2427 2527//2527 2575//2575
f 2529//2529 2506//2506 2569//2569
f 2515//2515 2554//2554 2466//2466
f 2431//2431 2558//2558 2517//2517
f 2461//2461 2443//2443 2576//2576
f 2425//2425 2485//2485 2577//2577
f 2578//2578 2499//2499 2486//2486
f 2579//2579 2567//2567 2548//2548
f 2529//2529 2569//2569 2580//2580
f 2495//2495 2517//2517 2581//2581
f 2530//2530 2420//2420 2565//2565
f 2582//2582 2383//2383 2462//2462
f 2502//2502 2425//2425 2577//2577
f 2566//2566 2485//2485 2469//2469
f 2497//2497 2508//2508 2584//2584
f 2519//2519 2523//2523 2585//2585
f 2540//2540 2510//2510 2586//2586
f 2435//2435 2578//2578 2486//2486
f 2526//2526 2427//2427 2575//2575
f 2542//2542 2514//2514 2529//2529
f 2534//2534 2407//2407 2588//2588
f 2589//2589 2564//2564 2442//2442
f 2442//2442 2474//2474 2589//2589
f 2462//2462 2453//2453 2546//2546
f 2590//2590 2566//2566 2539//2539
f 2583//2583 2539//2539 2497//2497
f 2508//2508 2518//2518 2584//2584
f 2510//2510 2511//2511 2591//2591
f 2592//2592 2434//2434 2475//2475
f 2587//2587 2592//2592 2475//2475
f 2525//2525 2505//2505 2416//2416
f 2450//2450 2543//2543 2417//2417
f 2439//2439 2388//2388 2593//2593
f 2594//2594 2554//2554 2515//2515
f 2596//2596 2563//2563 2564//2564
f 2474//2474 2536//2536 2597//2597
f 2576//2576 2443//2443 2538//2538
f 2583//2583 2590//2590 2539//2539
f 2584//2584 2583//2583 2497//2497
f 2498//2498 2598//2598 2390//2390
f 2520//2520 2540//2540 2599//2599
f 2475//2475 2499//2499 2587//2587
f 2559//2559 2541//2541 2600//2600
f 2568//2568 2480//2480 2446//2446
f 2580//2580 2601//2601 2529//2529
f 2472//2472 2439//2439 2593//2593
f 2593//2593 2388//2388 2481//2481
f 2407//2407 2553//2553 2588//2588
f 2562//2562 2430//2430 2602//2602
f 2572//2572 2555//2555 2603//2603
f 2556//2556 2544//2544 2604//2604
f 2546//2546 2444//2444 2573//2573
f 2541//2541 2458//2458 2605//2605
f 2532//2532 2525//2525 2516//2516
f 2606//2606 2528//2528 2542//2542
f 2607//2607 2569//2569 2560//2560
f 2608//2608 2607//2607 2560//2560
f 2560//2560 2550//2550 2608//2608
f 2551//2551 2609//2609 2521//2521
f 2515//2515 2562//2562 2594//2594
f 2567//2567 2605//2605 2458//2458
f 2527//2527 2549//2549 2610//2610
f 2529//2529 2611//2611 2542//2542
f 2476//2476 2521//2521 2609//2609
f 2551//2551 2472//2472 2612//2612
f 2483//2483 2554//2554 2553//2553
f 2603//2603 2614//2614 2615//2615
f 2474//2474 2597//2597 2589//2589
f 2616//2616 2545//2545 2468//2468
f 2591//2591 2586//2586 2510//2510
f 2617//2617 2511//2511 2547//2547
f 2574//2574 2503//2503 2618//2618
f 2619//2619 2618//2618 2503//2503
f 2557//2557 2545//2545 2620//2620
f 2582//2582 2538//2538 2383//2383
f 2590//2590 2621//2621 2566//2566
f 2622//2622 2584//2584 2518//2518
f 2598//2598 2509//2509 2390//2390
f 2587//2587 2499//2499 2623//2623
f 2499//2499 2578//2578 2623//2623
f 2578//2578 2435//2435 2624//2624
f 2574//2574 2624//2624 2435//2435
f 2605//2605 2600//2600 2541//2541
f 2625//2625 2549//2549 2528//2528
f 2606//2606 2625//2625 2528//2528
f 2601//2601 2611//2611 2529//2529
f 2626//2626 2553//2553 2554//2554
f 2572//2572 2603//2603 2615//2615
f 2550//2550 2424//2424 2561//2561
f 2627//2627 2543//2543 2450//2450
f 2476//2476 2627//2627 2450//2450
f 2594//2594 2626//2626 2554//2554
f 2501//2501 2522//2522 2613//2613
f 2628//2628 2615//2615 2581//2581
f 2517//2517 2558//2558 2581//2581
f 2618//2618 2624//2624 2574//2574
f 2579//2579 2548//2548 2568//2568
f 2548//2548 2480//2480 2568//2568
f 2606//2606 2542//2542 2611//2611
f 2476//2476 2609//2609 2627//2627
f 2593//2593 2612//2612 2472//2472
f 2481//2481 2570//2570 2629//2629
f 2631//2631 2613//2613 2522//2522
f 2535//2535 2572//2572 2632//2632
f 2615//2615 2632//2632 2572//2572
f 2536//2536 2537//2537 2633//2633
f 2556//2556 2633//2633 2537//2537
f 2598//2598 2634//2634 2509//2509
f 2635//2635 2523//2523 2520//2520
f 2520//2520 2599//2599 2635//2635
f 2591//2591 2511//2511 2636//2636
f 2637//2637 2617//2617 2547//2547
f 2547//2547 2524//2524 2637//2637
f 2434//2434 2592//2592 2524//2524
f 2584//2584 2638//2638 2583//2583
f 2635//2635 2585//2585 2523//2523
f 2586//2586 2591//2591 2636//2636
f 2617//2617 2636//2636 2511//2511
f 2639//2639 2618//2618 2640//2640
f 2640//2640 2600//2600 2639//2639
f 2605//2605 2639//2639 2600//2600
f 2526//2526 2575//2575 2641//2641
f 2610//2610 2575//2575 2527//2527
f 2607//2607 2580//2580 2569//2569
f 2522//2522 2507//2507 2631//2631
f 2628//2628 2632//2632 2615//2615
f 2561//2561 2608//2608 2550//2550
f 2642//2642 2552//2552 2489//2489
f 2489//2489 2534//2534 2642//2642
f 2563//2563 2595//2595 2558//2558
f 2564//2564 2589//2589 2596//2596
f 2557//2557 2620//2620 2544//2544
f 2643//2643 2468//2468 2530//2530
f 2538//2538 2582//2582 2644//2644
f 2498//2498 2519//2519 2645//2645
f 2646//2646 2570//2570 2533//2533
f 2626//2626 2594//2594 2647//2647
f 2535//2535 2648//2648 2507//2507
f 2582//2582 2462//2462 2649//2649
f 2462//2462 2546//2546 2649//2649
f 2638//2638 2590//2590 2583//2583
f 2568//2568 2505//2505 2650//2650
f 2505//2505 2525//2525 2650//2650
f 2629//2629 2593//2593 2481//2481
f 2501//2501 2652//2652 2571//2571
f 2631//2631 2507//2507 2648//2648
f 2653//2653 2632//2632 2628//2628
f 2604//2604 2544//2544 2654//2654
f 2620//2620 2654//2654 2544//2544
f 2655//2655 2621//2621 2590//2590
f 2656//2656 2635//2635 2599//2599
f 2592//2592 2587//2587 2657//2657
f 2651//2651 2580//2580 2607//2607
f 2647//2647 2594//2594 2658//2658
f 2652//2652 2630//2630 2571//2571
f 2581//2581 2653//2653 2628//2628
f 2558//2558 2595//2595 2659//2659
f 2660//2660 2620//2620 2545//2545
f 2545//2545 2616//2616 2660//2660
f 2461//2461 2576//2576 2661//2661
f 2662//2662 2485//2485 2566//2566
f 2566//2566 2621//2621 2662//2662
f 2590//2590 2638//2638 2663//2663
f 2657//2657 2587//2587 2623//2623
f 2611//2611 2601//2601 2664//2664
f 2609//2609 2551//2551 2665//2665
f 2666//2666 2629//2629 2570//2570
f 2570//2570 2646//2646 2666//2666
f 2642//2642 2667//2667 2552//2552
f 2632//2632 2648//2648 2535//2535
f 2546//2546 2573//2573 2668//2668
f 2498//2498 2645//2645 2669//2669
f 2624//2624 2618//2618 2671//2671
f 2672//2672 2639//2639 2605//2605
f 2605//2605 2567//2567 2672//2672
f 2579//2579 2568//2568 2673//2673
f 2606//2606 2611//2611 2674//2674
f 2659//2659 2653//2653 2581//2581
f 2581//2581 2558//2558 2659//2659
f 2589//2589 2597//2597 2596//2596
f 2643//2643 2616//2616 2468//2468
f 2661//2661 2565//2565 2461//2461
f 2649//2649 2675//2675 2582//2582
f 2663//2663 2655//2655 2590//2590
f 2584//2584 2622//2622 2638//2638
f 2634//2634 2638//2638 2622//2622
f 2540//2540 2656//2656 2599//2599
f 2578//2578 2624//2624 2671//2671
f 2618//2618 2639//2639 2671//2671
f 2526//2526 2676//2676 2532//2532
f 2580//2580 2664//2664 2601//2601
f 2612//2612 2665//2665 2551//2551
f 2594//2594 2562//2562 2602//2602
f 2430//2430 2490//2490 2677//2677
f 2678//2678 2660//2660 2616//2616
f 2670//2670 2586//2586 2636//2636
f 2679//2679 2623//2623 2578//2578
f 2610//2610 2641//2641 2575//2575
f 2625//2625 2606//2606 2680//2680
f 2561//2561 2681//2681 2608//2608
f 2593//2593 2682//2682 2612//2612
f 2683//2683 2626//2626 2647//2647
f 2684//2684 2577//2577 2485//2485
f 2485//2485 2662//2662 2684//2684
f 2638//2638 2634//2634 2685//2685
f 2669//2669 2598//2598 2498//2498
f 2656//2656 2686//2686 2635//2635
f 2680//2680 2549//2549 2625//2625
f 2606//2606 2674//2674 2687//2687
f 2681//2681 2561//2561 2688//2688
f 2677//2677 2602//2602 2430//2430
f 2630//2630 2490//2490 2571//2571
f 2648//2648 2632//2632 2689//2689
f 2632//2632 2653//2653 2689//2689
f 2597//2597 2536//2536 2690//2690
f 2654//2654 2556//2556 2604//2604
f 2565//2565 2643//2643 2530//2530
f 2675//2675 2644//2644 2582//2582
f 2668//2668 2649//2649 2546//2546
f 2691//2691 2637//2637 2524//2524
f 2524//2524 2592//2592 2691//2691
f 2592//2592 2657//2657 2691//2691
f 2639//2639 2692//2692 2671//2671
f 2611//2611 2664//2664 2674//2674
f 2693//2693 2668//2668 2573//2573
f 2573//2573 2502//2502 2693//2693
f 2662//2662 2621//2621 2655//2655
f 2663//2663 2694//2694 2655//2655
f 2672//2672 2692//2692 2639//2639
f 2695//2695 2672//2672 2567//2567
f 2567//2567 2579//2579 2695//2695
f 2543//2543 2688//2688 2561//2561
f 2642//2642 2534//2534 2696//2696
f 2534//2534 2588//2588 2697//2697
f 2490//2490 2630//2630 2698//2698
f 2631//2631 2648//2648 2699//2699
f 2596//2596 2595//2595 2563//2563
f 2633//2633 2556//2556 2700//2700
f 2701//2701 2700//2700 2556//2556
f 2502//2502 2577//2577 2702//2702
f 2585//2585 2645//2645 2519//2519
f 2635//2635 2686//2686 2585//2585
f 2676//2676 2526//2526 2641//2641
f 2609//2609 2665//2665 2703//2703
f 2629//2629 2682//2682 2593//2593
f 2683//2683 2553//2553 2626//2626
f 2648//2648 2689//2689 2699//2699
f 2704//2704 2699//2699 2689//2689
f 2702//2702 2693//2693 2502//2502
f 2680//2680 2606//2606 2687//2687
f 2688//2688 2543//2543 2627//2627
f 2627//2627 2609//2609 2688//2688
f 2588//2588 2553//2553 2705//2705
f 2659//2659 2595//2595 2704//2704
f 2596//2596 2597//2597 2707//2707
f 2690//2690 2707//2707 2597//2597
f 2654//2654 2701//2701 2556//2556
f 2644//2644 2675//2675 2708//2708
f 2709//2709 2598//2598 2669//2669
f 2617//2617 2710//2710 2636//2636
f 2711//2711 2679//2679 2578//2578
f 2712//2712 2695//2695 2579//2579
f 2673//2673 2712//2712 2579//2579
f 2568//2568 2713//2713 2673//2673
f 2641//2641 2610//2610 2714//2714
f 2610//2610 2549//2549 2715//2715
f 2716//2716 2665//2665 2612//2612
f 2612//2612 2682//2682 2716//2716
f 2588//2588 2705//2705 2697//2697
f 2613//2613 2706//2706 2652//2652
f 2652//2652 2501//2501 2613//2613
f 2616//2616 2643//2643 2678//2678
f 2684//2684 2662//2662 2717//2717
f 2532//2532 2718//2718 2525//2525
f 2715//2715 2714//2714 2610//2610
f 2680//2680 2715//2715 2549//2549
f 2651//2651 2607//2607 2719//2719
f 2629//2629 2666//2666 2720//2720
f 2666//2666 2646//2646 2721//2721
f 2683//2683 2705//2705 2553//2553
f 2652//2652 2706//2706 2722//2722
f 2613//2613 2631//2631 2723//2723
f 2699//2699 2723//2723 2631//2631
f 2633//2633 2690//2690 2536//2536
f 2724//2724 2565//2565 2661//2661
f 2577//2577 2684//2684 2702//2702
f 2725//2725 2694//2694 2663//2663
f 2726//2726 2725//2725 2663//2663
f 2638//2638 2726//2726 2663//2663
f 2638//2638 2685//2685 2726//2726
f 2727//2727 2685//2685 2634//2634
f 2598//2598 2727//2727 2634//2634
f 2656//2656 2540//2540 2728//2728
f 2540//2540 2586//2586 2728//2728
f 2729//2729 2657//2657 2623//2623
f 2623//2623 2679//2679 2729//2729
f 2578//2578 2671//2671 2711//2711
f 2607//2607 2608//2608 2681//2681
f 2716//2716 2682//2682 2730//2730
f 2697//2697 2696//2696 2534//2534
f 2602//2602 2658//2658 2594//2594
f 2731//2731 2704//2704 2595//2595
f 2732//2732 2660//2660 2678//2678
f 2733//2733 2661//2661 2576//2576
f 2576//2576 2538//2538 2733//2733
f 2710//2710 2734//2734 2636//2636
f 2692//2692 2711//2711 2671//2671
f 2735//2735 2650//2650 2525//2525
f 2676//2676 2718//2718 2532//2532
f 2736//2736 2664//2664 2580//2580
f 2682//2682 2629//2629 2737//2737
f 2721//2721 2720//2720 2666//2666
f 2699//2699 2704//2704 2738//2738
f 2731//2731 2738//2738 2704//2704
f 2662//2662 2655//2655 2739//2739
f 2645//2645 2585//2585 2740//2740
f 2712//2712 2673//2673 2741//2741
f 2735//2735 2525//2525 2742//2742
f 2664//2664 2743//2743 2674//2674
f 2719//2719 2607//2607 2681//2681
f 2665//2665 2744//2744 2703//2703
f 2745//2745 2683//2683 2647//2647
f 2658//2658 2745//2745 2647//2647
f 2694//2694 2739//2739 2655//2655
f 2746//2746 2686//2686 2656//2656
f 2670//2670 2636//2636 2747//2747
f 2692//2692 2672//2672 2748//2748
f 2695//2695 2748//2748 2672//2672
f 2651//2651 2736//2736 2580//2580
f 2609//2609 2703//2703 2749//2749
f 2737//2737 2730//2730 2682//2682
f 2750//2750 2667//2667 2642//2642
f 2642//2642 2696//2696 2750//2750
f 2732//2732 2620//2620 2660//2660
f 2724//2724 2661//2661 2751//2751
f 2708//2708 2538//2538 2644//2644
f 2669//2669 2645//2645 2752//2752
f 2753//2753 2710//2710 2617//2617
f 2729//2729 2691//2691 2657//2657
f 2695//2695 2712//2712 2754//2754
f 2741//2741 2754//2754 2712//2712
f 2713//2713 2568//2568 2755//2755
f 2743//2743 2687//2687 2674//2674
f 2688//2688 2609//2609 2749//2749
f 2720//2720 2737//2737 2629//2629
f 2722//2722 2756//2756 2652//2652
f 2668//2668 2675//2675 2649//2649
f 2717//2717 2702//2702 2684//2684
f 2694//2694 2725//2725 2757//2757
f 2709//2709 2727//2727 2598//2598
f 2650//2650 2735//2735 2755//2755
f 2718//2718 2742//2742 2525//2525
f 2680//2680 2687//2687 2758//2758
f 2687//2687 2743//2743 2758//2758
f 2719//2719 2736//2736 2651//2651
f 2721//2721 2646//2646 2759//2759
f 2705//2705 2760//2760 2697//2697
f 2677//2677 2762//2762 2602//2602
f 2706//2706 2613//2613 2763//2763
f 2595//2595 2596//2596 2731//2731
f 2707//2707 2690//2690 2764//2764
f 2643//2643 2565//2565 2724//2724
f 2661//2661 2733//2733 2751//2751
f 2668//2668 2693//2693 2765//2765
f 2728//2728 2746//2746 2656//2656
f 2741//2741 2673//2673 2713//2713
f 2568//2568 2650//2650 2755//2755
f 2676//2676 2641//2641 2766//2766
f 2714//2714 2766//2766 2641//2641
f 2681//2681 2688//2688 2767//2767
f 2768//2768 2745//2745 2658//2658
f 2769//2769 2723//2723 2699//2699
f 2699//2699 2738//2738 2769//2769
f 2662//2662 2739//2739 2717//2717
f 2694//2694 2757//2757 2739//2739
f 2726//2726 2757//2757 2725//2725
f 2727//2727 2770//2770 2685//2685
f 2686//2686 2740//2740 2585//2585
f 2664//2664 2771//2771 2743//2743
f 2744//2744 2749//2749 2703//2703
f 2772//2772 2761//2761 2658//2658
f 2658//2658 2602//2602 2772//2772
f 2763//2763 2613//2613 2723//2723
f 2738//2738 2731//2731 2773//2773
f 2690//2690 2633//2633 2700//2700
f 2702//2702 2765//2765 2693//2693
f 2770//2770 2726//2726 2685//2685
f 2741//2741 2713//2713 2774//2774
f 2715//2715 2680//2680 2775//2775
f 2771//2771 2758//2758 2743//2743
f 2771//2771 2664//2664 2736//2736
f 2736//2736 2719//2719 2776//2776
f 2762//2762 2772//2772 2602//2602
f 2490//2490 2698//2698 2677//2677
f 2756//2756 2630//2630 2652//2652
f 2700//2700 2764//2764 2690//2690
f 2701//2701 2654//2654 2620//2620
f 2752//2752 2645//2645 2740//2740
f 2692//2692 2778//2778 2711//2711
f 2754//2754 2741//2741 2774//2774
f 2769//2769 2763//2763 2723//2723
f 2779//2779 2733//2733 2538//2538
f 2780//2780 2708//2708 2675//2675
f 2675//2675 2668//2668 2781//2781
f 2770//2770 2727//2727 2782//2782
f 2783//2783 2727//2727 2709//2709
f 2669//2669 2783//2783 2709//2709
f 2617//2617 2637//2637 2753//2753
f 2711//2711 2784//2784 2679//2679
f 2748//2748 2778//2778 2692//2692
f 2771//2771 2736//2736 2785//2785
f 2749//2749 2767//2767 2688//2688
f 2737//2737 2720//2720 2786//2786
f 2720//2720 2787//2787 2786//2786
f 2787//2787 2720//2720 2721//2721
f 2721//2721 2759//2759 2787//2787
f 2732//2732 2678//2678 2788//2788
f 2739//2739 2757//2757 2789//2789
f 2734//2734 2747//2747 2636//2636
f 2758//2758 2775//2775 2680//2680
f 2758//2758 2771//2771 2790//2790
f 2681//2681 2767//2767 2791//2791
f 2744//2744 2792//2792 2749//2749
f 2696//2696 2697//2697 2793//2793
f 2698//2698 2630//2630 2756//2756
f 2794//2794 2620//2620 2732//2732
f 2538//2538 2708//2708 2779//2779
f 2765//2765 2777//2777 2668//2668
f 2795//2795 2729//2729 2679//2679
f 2679//2679 2784//2784 2795//2795
f 2695//2695 2754//2754 2796//2796
f 2774//2774 2713//2713 2797//2797
f 2755//2755 2797//2797 2713//2713
f 2798//2798 2758//2758 2790//2790
f 2785//2785 2790//2790 2771//2771
f 2681//2681 2776//2776 2719//2719
f 2744//2744 2665//2665 2799//2799
f 2716//2716 2799//2799 2665//2665
f 2800//2800 2759//2759 2667//2667
f 2667//2667 2750//2750 2800//2800
f 2793//2793 2750//2750 2696//2696
f 2683//2683 2745//2745 2801//2801
f 2707//2707 2731//2731 2596//2596
f 2770//2770 2804//2804 2726//2726
f 2686//2686 2746//2746 2805//2805
f 2806//2806 2637//2637 2691//2691
f 2767//2767 2749//2749 2792//2792
f 2773//2773 2731//2731 2807//2807
f 2701//2701 2808//2808 2700//2700
f 2777//2777 2781//2781 2668//2668
f 2804//2804 2789//2789 2757//2757
f 2740//2740 2686//2686 2805//2805
f 2729//2729 2806//2806 2691//2691
f 2775//2775 2758//2758 2798//2798
f 2776//2776 2785//2785 2736//2736
f 2786//2786 2730//2730 2737//2737
f 2683//2683 2801//2801 2705//2705
f 2722//2722 2706//2706 2802//2802
f 2763//2763 2802//2802 2706//2706
f 2731//2731 2707//2707 2810//2810
f 2808//2808 2803//2803 2700//2700
f 2811//2811 2678//2678 2643//2643
f 2724//2724 2751//2751 2812//2812
f 2804//2804 2770//2770 2813//2813
f 2770//2770 2782//2782 2813//2813
f 2783//2783 2782//2782 2727//2727
f 2796//2796 2748//2748 2695//2695
f 2791//2791 2767//2767 2815//2815
f 2816//2816 2800//2800 2750//2750
f 2697//2697 2760//2760 2793//2793
f 2761//2761 2768//2768 2658//2658
f 2769//2769 2738//2738 2817//2817
f 2738//2738 2773//2773 2817//2817
f 2807//2807 2817//2817 2773//2773
f 2707//2707 2764//2764 2818//2818
f 2733//2733 2819//2819 2751//2751
f 2820//2820 2765//2765 2702//2702
f 2702//2702 2717//2717 2820//2820
f 2746//2746 2728//2728 2821//2821
f 2795//2795 2784//2784 2823//2823
f 2796//2796 2778//2778 2748//2748
f 2824//2824 2796//2796 2754//2754
f 2774//2774 2824//2824 2754//2754
f 2785//2785 2776//2776 2825//2825
f 2826//2826 2825//2825 2776//2776
f 2827//2827 2786//2786 2787//2787
f 2768//2768 2801//2801 2745//2745
f 2810//2810 2807//2807 2731//2731
f 2828//2828 2808//2808 2701//2701
f 2701//2701 2620//2620 2828//2828
f 2794//2794 2828//2828 2620//2620
f 2781//2781 2780//2780 2675//2675
f 2829//2829 2717//2717 2739//2739
f 2830//2830 2782//2782 2783//2783
f 2805//2805 2746//2746 2821//2821
f 2797//2797 2755//2755 2831//2831
f 2776//2776 2681//2681 2826//2826
f 2814//2814 2826//2826 2681//2681
f 2814//2814 2681//2681 2791//2791
f 2732//2732 2788//2788 2794//2794
f 2811//2811 2643//2643 2832//2832
f 2643//2643 2724//2724 2832//2832
f 2812//2812 2832//2832 2724//2724
f 2819//2819 2812//2812 2751//2751
f 2779//2779 2708//2708 2833//2833
f 2799//2799 2716//2716 2834//2834
f 2716//2716 2730//2730 2834//2834
f 2759//2759 2827//2827 2787//2787
f 2816//2816 2835//2835 2800//2800
f 2793//2793 2816//2816 2750//2750
f 2836//2836 2760//2760 2705//2705
f 2768//2768 2761//2761 2837//2837
f 2763//2763 2769//2769 2838//2838
f 2764//2764 2700//2700 2803//2803
f 2789//2789 2829//2829 2739//2739
f 2839//2839 2830//2830 2783//2783
f 2734//2734 2710//2710 2840//2840
f 2824//2824 2774//2774 2841//2841
f 2755//2755 2735//2735 2831//2831
f 2714//2714 2715//2715 2809//2809
f 2842//2842 2809//2809 2715//2715
f 2715//2715 2775//2775 2842//2842
f 2827//2827 2759//2759 2843//2843
f 2760//2760 2836//2836 2844//2844
f 2705//2705 2801//2801 2836//2836
f 2761//2761 2772//2772 2845//2845
f 2818//2818 2810//2810 2707//2707
f 2819//2819 2846//2846 2812//2812
f 2819//2819 2733//2733 2779//2779
f 2777//2777 2765//2765 2847//2847
f 2669//2669 2839//2839 2783//2783
f 2752//2752 2839//2839 2669//2669
f 2848//2848 2728//2728 2586//2586
f 2586//2586 2670//2670 2848//2848
f 2747//2747 2848//2848 2670//2670
f 2822//2822 2734//2734 2840//2840
f 2849//2849 2729//2729 2795//2795
f 2778//2778 2784//2784 2711//2711
f 2775//2775 2798//2798 2850//2850
f 2851//2851 2850//2850 2798//2798
f 2790//2790 2851//2851 2798//2798
f 2844//2844 2793//2793 2760//2760
f 2756//2756 2722//2722 2852//2852
f 2769//2769 2817//2817 2838//2838
f 2678//2678 2811//2811 2788//2788
f 2708//2708 2780//2780 2853//2853
f 2805//2805 2854//2854 2740//2740
f 2855//2855 2795//2795 2823//2823
f 2841//2841 2774//2774 2797//2797
f 2842//2842 2775//2775 2856//2856
f 2785//2785 2851//2851 2790//2790
f 2785//2785 2825//2825 2857//2857
f 2858//2858 2857//2857 2825//2825
f 2730//2730 2786//2786 2859//2859
f 2786//2786 2827//2827 2859//2859
f 2860//2860 2837//2837 2761//2761
f 2861//2861 2860//2860 2761//2761
f 2846//2846 2832//2832 2812//2812
f 2742//2742 2831//2831 2735//2735
f 2718//2718 2676//2676 2862//2862
f 2856//2856 2809//2809 2842//2842
f 2785//2785 2857//2857 2851//2851
f 2744//2744 2799//2799 2863//2863
f 2834//2834 2863//2863 2799//2799
f 2789//2789 2804//2804 2864//2864
f 2813//2813 2864//2864 2804//2804
f 2676//2676 2766//2766 2862//2862
f 2834//2834 2730//2730 2865//2865
f 2859//2859 2865//2865 2730//2730
f 2866//2866 2677//2677 2698//2698
f 2817//2817 2807//2807 2867//2867
f 2789//2789 2864//2864 2868//2868
f 2839//2839 2752//2752 2869//2869
f 2710//2710 2753//2753 2840//2840
f 2824//2824 2870//2870 2796//2796
f 2742//2742 2718//2718 2871//2871
f 2718//2718 2862//2862 2871//2871
f 2809//2809 2766//2766 2714//2714
f 2872//2872 2826//2826 2814//2814
f 2801//2801 2768//2768 2873//2873
f 2837//2837 2873//2873 2768//2768
f 2698//2698 2756//2756 2866//2866
f 2833//2833 2819//2819 2779//2779
f 2853//2853 2833//2833 2708//2708
f 2847//2847 2781//2781 2777//2777
f 2752//2752 2740//2740 2874//2874
f 2854//2854 2874//2874 2740//2740
f 2875//2875 2822//2822 2840//2840
f 2876//2876 2849//2849 2795//2795
f 2795//2795 2855//2855 2876//2876
f 2784//2784 2778//2778 2870//2870
f 2870//2870 2778//2778 2796//2796
f 2877//2877 2841//2841 2797//2797
f 2797//2797 2831//2831 2877//2877
f 2767//2767 2792//2792 2878//2878
f 2879//2879 2852//2852 2722//2722
f 2820//2820 2847//2847 2765//2765
f 2766//2766 2809//2809 2880//2880
f 2827//2827 2843//2843 2881//2881
f 2793//2793 2844//2844 2882//2882
f 2883//2883 2836//2836 2801//2801
f 2762//2762 2677//2677 2884//2884
f 2838//2838 2817//2817 2867//2867
f 2885//2885 2808//2808 2828//2828
f 2822//2822 2747//2747 2734//2734
f 2877//2877 2886//2886 2841//2841
f 2887//2887 2815//2815 2767//2767
f 2767//2767 2878//2878 2887//2887
f 2888//2888 2792//2792 2744//2744
f 2744//2744 2863//2863 2888//2888
f 2889//2889 2882//2882 2844//2844
f 2844//2844 2836//2836 2889//2889
f 2845//2845 2861//2861 2761//2761
f 2722//2722 2802//2802 2879//2879
f 2802//2802 2763//2763 2879//2879
f 2808//2808 2891//2891 2803//2803
f 2847//2847 2780//2780 2781//2781
f 2893//2893 2868//2868 2864//2864
f 2782//2782 2894//2894 2813//2813
f 2782//2782 2830//2830 2895//2895
f 2821//2821 2896//2896 2805//2805
f 2870//2870 2823//2823 2784//2784
f 2809//2809 2856//2856 2880//2880
f 2792//2792 2888//2888 2878//2878
f 2883//2883 2801//2801 2873//2873
f 2852//2852 2866//2866 2756//2756
f 2764//2764 2803//2803 2818//2818
f 2828//2828 2794//2794 2885//2885
f 2897//2897 2853//2853 2780//2780
f 2898//2898 2820//2820 2717//2717
f 2830//2830 2839//2839 2869//2869
f 2899//2899 2824//2824 2841//2841
f 2871//2871 2831//2831 2742//2742
f 2814//2814 2791//2791 2900//2900
f 2888//2888 2863//2863 2834//2834
f 2859//2859 2827//2827 2881//2881
f 2835//2835 2816//2816 2901//2901
f 2901//2901 2816//2816 2793//2793
f 2793//2793 2882//2882 2901//2901
f 2867//2867 2890//2890 2838//2838
f 2902//2902 2829//2829 2789//2789
f 2864//2864 2813//2813 2893//2893
f 2806//2806 2729//2729 2849//2849
f 2850//2850 2851//2851 2903//2903
f 2900//2900 2872//2872 2814//2814
f 2762//2762 2845//2845 2772//2772
f 2904//2904 2867//2867 2807//2807
f 2853//2853 2897//2897 2905//2905
f 2906//2906 2782//2782 2895//2895
f 2907//2907 2747//2747 2822//2822
f 2822//2822 2875//2875 2907//2907
f 2908//2908 2875//2875 2840//2840
f 2840//2840 2753//2753 2909//2909
f 2753//2753 2637//2637 2910//2910
f 2856//2856 2775//2775 2911//2911
f 2775//2775 2850//2850 2911//2911
f 2903//2903 2911//2911 2850//2850
f 2858//2858 2826//2826 2912//2912
f 2889//2889 2836//2836 2913//2913
f 2845//2845 2762//2762 2884//2884
f 2763//2763 2838//2838 2879//2879
f 2914//2914 2879//2879 2838//2838
f 2904//2904 2807//2807 2915//2915
f 2717//2717 2829//2829 2898//2898
f 2868//2868 2902//2902 2789//2789
f 2909//2909 2908//2908 2840//2840
f 2806//2806 2910//2910 2637//2637
f 2870//2870 2855//2855 2823//2823
f 2884//2884 2677//2677 2916//2916
f 2866//2866 2916//2916 2677//2677
f 2819//2819 2833//2833 2917//2917
f 2830//2830 2869//2869 2895//2895
f 2848//2848 2918//2918 2728//2728
f 2919//2919 2907//2907 2875//2875
f 2920//2920 2862//2862 2766//2766
f 2815//2815 2900//2900 2791//2791
f 2901//2901 2921//2921 2835//2835
f 2810//2810 2915//2915 2807//2807
f 2885//2885 2892//2892 2808//2808
f 2885//2885 2794//2794 2922//2922
f 2853//2853 2905//2905 2833//2833
f 2906//2906 2894//2894 2782//2782
f 2821//2821 2728//2728 2918//2918
f 2910//2910 2909//2909 2753//2753
f 2911//2911 2923//2923 2856//2856
f 2924//2924 2865//2865 2859//2859
f 2881//2881 2835//2835 2925//2925
f 2926//2926 2901//2901 2882//2882
f 2889//2889 2926//2926 2882//2882
f 2866//2866 2852//2852 2916//2916
f 2852//2852 2879//2879 2927//2927
f 2890//2890 2914//2914 2838//2838
f 2818//2818 2803//2803 2891//2891
f 2747//2747 2907//2907 2848//2848
f 2824//2824 2899//2899 2928//2928
f 2887//2887 2878//2878 2929//2929
f 2930//2930 2929//2929 2878//2878
f 2881//2881 2924//2924 2859//2859
f 2921//2921 2925//2925 2835//2835
f 2931//2931 2927//2927 2879//2879
f 2879//2879 2932//2932 2931//2931
f 2914//2914 2932//2932 2879//2879
f 2915//2915 2810//2810 2933//2933
f 2922//2922 2794//2794 2788//2788
f 2788//2788 2811//2811 2922//2922
f 2832//2832 2922//2922 2811//2811
f 2869//2869 2752//2752 2874//2874
f 2934//2934 2908//2908 2909//2909
f 2870//2870 2824//2824 2928//2928
f 2912//2912 2857//2857 2858//2858
f 2826//2826 2872//2872 2935//2935
f 2888//2888 2834//2834 2936//2936
f 2926//2926 2921//2921 2901//2901
f 2836//2836 2883//2883 2937//2937
f 2938//2938 2873//2873 2837//2837
f 2837//2837 2860//2860 2938//2938
f 2861//2861 2939//2939 2860//2860
f 2914//2914 2890//2890 2940//2940
f 2904//2904 2890//2890 2867//2867
f 2810//2810 2818//2818 2933//2933
f 2846//2846 2819//2819 2941//2941
f 2898//2898 2847//2847 2820//2820
f 2874//2874 2854//2854 2942//2942
f 2943//2943 2876//2876 2855//2855
f 2877//2877 2831//2831 2944//2944
f 2912//2912 2826//2826 2935//2935
f 2945//2945 2872//2872 2900//2900
f 2900//2900 2815//2815 2945//2945
f 2878//2878 2888//2888 2946//2946
f 2936//2936 2946//2946 2888//2888
f 2883//2883 2873//2873 2947//2947
f 2845//2845 2948//2948 2861//2861
f 2904//2904 2915//2915 2949//2949
f 2892//2892 2891//2891 2808//2808
f 2950//2950 2893//2893 2813//2813
f 2951//2951 2874//2874 2942//2942
f 2896//2896 2942//2942 2854//2854
f 2854//2854 2805//2805 2896//2896
f 2848//2848 2907//2907 2918//2918
f 2887//2887 2945//2945 2815//2815
f 2952//2952 2936//2936 2834//2834
f 2921//2921 2926//2926 2953//2953
f 2937//2937 2913//2913 2836//2836
f 2895//2895 2954//2954 2906//2906
f 2855//2855 2870//2870 2943//2943
f 2955//2955 2928//2928 2899//2899
f 2899//2899 2841//2841 2956//2956
f 2886//2886 2956//2956 2841//2841
f 2862//2862 2957//2957 2871//2871
f 2958//2958 2766//2766 2880//2880
f 2959//2959 2880//2880 2856//2856
f 2903//2903 2851//2851 2960//2960
f 2851//2851 2857//2857 2960//2960
f 2912//2912 2960//2960 2857//2857
f 2946//2946 2930//2930 2878//2878
f 2953//2953 2926//2926 2961//2961
f 2926//2926 2889//2889 2961//2961
f 2939//2939 2938//2938 2860//2860
f 2852//2852 2927//2927 2916//2916
f 2962//2962 2941//2941 2819//2819
f 2868//2868 2893//2893 2902//2902
f 2963//2963 2875//2875 2908//2908
f 2899//2899 2956//2956 2955//2955
f 2945//2945 2887//2887 2964//2964
f 2952//2952 2834//2834 2865//2865
f 2939//2939 2861//2861 2948//2948
f 2885//2885 2965//2965 2892//2892
f 2832//2832 2846//2846 2966//2966
f 2917//2917 2962//2962 2819//2819
f 2847//2847 2898//2898 2967//2967
f 2963//2963 2908//2908 2934//2934
f 2944//2944 2968//2968 2877//2877
f 2944//2944 2831//2831 2871//2871
f 2959//2959 2969//2969 2880//2880
f 2970//2970 2960//2960 2912//2912
f 2929//2929 2964//2964 2887//2887
f 2961//2961 2889//2889 2913//2913
f 2890//2890 2904//2904 2972//2972
f 2949//2949 2972//2972 2904//2904
f 2973//2973 2922//2922 2832//2832
f 2941//2941 2966//2966 2846//2846
f 2950//2950 2894//2894 2974//2974
f 2894//2894 2906//2906 2974//2974
f 2954//2954 2974//2974 2906//2906
f 2872//2872 2945//2945 2971//2971
f 2975//2975 2935//2935 2872//2872
f 2872//2872 2971//2971 2975//2975
f 2976//2976 2971//2971 2945//2945
f 2925//2925 2921//2921 2977//2977
f 2972//2972 2940//2940 2890//2890
f 2876//2876 2943//2943 2978//2978
f 2870//2870 2928//2928 2979//2979
f 2980//2980 2979//2979 2928//2928
f 2968//2968 2886//2886 2877//2877
f 2969//2969 2958//2958 2880//2880
f 2923//2923 2911//2911 2981//2981
f 2911//2911 2903//2903 2982//2982
f 2945//2945 2964//2964 2976//2976
f 2952//2952 2946//2946 2936//2936
f 2947//2947 2937//2937 2883//2883
f 2873//2873 2938//2938 2947//2947
f 2891//2891 2933//2933 2818//2818
f 2885//2885 2922//2922 2973//2973
f 2896//2896 2821//2821 2983//2983
f 2918//2918 2983//2983 2821//2821
f 2806//2806 2849//2849 2984//2984
f 2978//2978 2984//2984 2849//2849
f 2849//2849 2876//2876 2978//2978
f 2957//2957 2944//2944 2871//2871
f 2958//2958 2920//2920 2766//2766
f 2935//2935 2970//2970 2912//2912
f 2929//2929 2985//2985 2964//2964
f 2924//2924 2881//2881 2986//2986
f 2987//2987 2986//2986 2881//2881
f 2977//2977 2987//2987 2925//2925
f 2948//2948 2989//2989 2939//2939
f 2950//2950 2990//2990 2893//2893
f 2909//2909 2910//2910 2991//2991
f 2943//2943 2870//2870 2992//2992
f 2955//2955 2980//2980 2928//2928
f 2956//2956 2886//2886 2993//2993
f 2968//2968 2993//2993 2886//2886
f 2920//2920 2957//2957 2862//2862
f 2982//2982 2903//2903 2960//2960
f 2976//2976 2964//2964 2985//2985
f 2953//2953 2961//2961 2994//2994
f 2988//2988 2947//2947 2938//2938
f 2996//2996 2995//2995 2845//2845
f 2845//2845 2884//2884 2996//2996
f 2973//2973 2965//2965 2885//2885
f 2973//2973 2832//2832 2966//2966
f 2974//2974 2990//2990 2950//2950
f 2997//2997 2918//2918 2907//2907
f 2934//2934 2909//2909 2998//2998
f 2991//2991 2998//2998 2909//2909
f 2910//2910 2806//2806 2984//2984
f 2923//2923 2959//2959 2856//2856
f 2982//2982 2981//2981 2911//2911
f 2929//2929 2930//2930 2999//2999
f 2994//2994 2961//2961 3000//3000
f 2995//2995 2948//2948 2845//2845
f 2884//2884 2916//2916 3001//3001
f 2916//2916 2927//2927 3001//3001
f 3002//3002 3001//3001 2927//2927
f 2897//2897 2780//2780 2905//2905
f 2895//2895 2869//2869 3003//3003
f 2992//2992 2870//2870 2979//2979
f 2971//2971 2976//2976 3004//3004
f 2865//2865 2924//2924 3006//3006
f 2913//2913 3000//3000 2961//2961
f 2972//2972 2949//2949 3007//3007
f 2892//2892 2965//2965 3008//3008
f 3009//3009 2965//2965 2973//2973
f 2954//2954 2895//2895 3010//3010
f 3004//3004 2975//2975 2971//2971
f 3011//3011 3004//3004 2976//2976
f 2952//2952 3012//3012 2946//2946
f 2952//2952 2865//2865 3013//3013
f 2940//2940 2972//2972 3014//3014
f 2915//2915 3015//3015 2949//2949
f 2915//2915 2933//2933 3015//3015
f 2891//2891 3015//3015 2933//2933
f 3016//3016 2973//2973 2966//2966
f 2966//2966 2941//2941 3016//3016
f 2874//2874 3003//3003 2869//2869
f 2918//2918 2997//2997 2983//2983
f 2946//2946 3012//3012 2930//2930
f 3013//3013 3012//3012 2952//2952
f 3000//3000 2913//2913 3017//3017
f 2913//2913 2937//2937 3017//3017
f 2931//2931 3002//3002 2927//2927
f 3014//3014 3018//3018 2940//2940
f 3007//3007 3014//3014 2972//2972
f 2833//2833 2905//2905 3019//3019
f 2943//2943 2992//2992 3020//3020
f 2865//2865 3005//3005 3013//3013
f 2994//2994 3021//3021 2953//2953
f 3000//3000 3021//3021 2994//2994
f 2948//2948 2995//2995 2989//2989
f 3018//3018 2914//2914 2940//2940
f 2833//2833 3019//3019 2917//2917
f 2967//2967 2780//2780 2847//2847
f 3022//3022 2967//2967 2898//2898
f 3022//3022 2898//2898 2829//2829
f 2919//2919 2997//2997 2907//2907
f 2978//2978 2943//2943 3023//3023
f 3020//3020 3023//3023 2943//2943
f 3024//3024 2980//2980 2955//2955
f 3025//3025 3024//3024 2955//2955
f 2955//2955 2956//2956 3025//3025
f 3026//3026 3025//3025 2956//2956
f 2956//2956 2993//2993 3026//3026
f 2981//2981 2982//2982 3027//3027
f 3006//3006 3005//3005 2865//2865
f 3028//3028 2996//2996 2884//2884
f 2884//2884 3001//3001 3028//3028
f 2892//2892 3008//3008 3029//3029
f 3030//3030 3008//3008 2965//2965
f 2965//2965 3009//3009 3030//3030
f 3016//3016 3009//3009 2973//2973
f 2954//2954 3031//3031 2974//2974
f 3003//3003 3010//3010 2895//2895
f 3032//3032 2874//2874 2951//2951
f 2958//2958 3033//3033 2920//2920
f 3034//3034 2969//2969 2959//2959
f 2959//2959 2923//2923 3034//3034
f 2970//2970 2935//2935 3035//3035
f 2985//2985 3011//3011 2976//2976
f 3036//3036 3017//3017 2937//2937
f 2937//2937 2947//2947 3036//3036
f 2932//2932 2914//2914 3018//3018
f 3038//3038 2905//2905 2780//2780
f 2967//2967 3038//3038 2780//2780
f 3039//3039 2990//2990 2974//2974
f 2974//2974 3031//3031 3039//3039
f 2954//2954 3010//3010 3031//3031
f 2896//2896 3040//3040 2942//2942
f 2993//2993 2968//2968 3041//3041
f 2935//2935 2975//2975 3035//3035
f 2985//2985 2929//2929 2999//2999
f 2947//2947 2988//2988 3036//3036
f 3002//3002 2931//2931 3042//3042
f 3007//3007 2949//2949 3043//3043
f 2891//2891 2892//2892 3029//3029
f 2902//2902 3022//3022 2829//2829
f 2978//2978 3023//3023 3044//3044
f 3020//3020 2992//2992 3045//3045
f 2979//2979 3045//3045 2992//2992
f 3046//3046 2968//2968 2944//2944
f 2981//2981 3034//3034 2923//2923
f 3035//3035 2975//2975 3004//3004
f 3006//3006 2924//2924 3047//3047
f 2986//2986 3047//3047 2924//2924
f 2921//2921 2953//2953 3048//3048
f 3021//3021 3048//3048 2953//2953
f 3043//3043 2949//2949 3049//3049
f 3019//3019 2962//2962 2917//2917
f 3051//3051 2969//2969 3034//3034
f 2960//2960 2970//2970 3052//3052
f 3053//3053 3054//3054 2985//2985
f 2985//2985 2999//2999 3053//3053
f 2932//2932 3042//3042 2931//2931
f 3015//3015 3049//3049 2949//2949
f 3050//3050 3031//3031 3010//3010
f 3003//3003 2874//2874 3032//3032
f 2983//2983 2997//2997 3055//3055
f 2963//2963 2919//2919 2875//2875
f 3056//3056 2963//2963 2934//2934
f 2998//2998 3056//3056 2934//2934
f 3044//3044 2984//2984 2978//2978
f 2957//2957 3046//3046 2944//2944
f 2920//2920 3033//3033 3057//3057
f 3027//3027 2982//2982 3058//3058
f 3016//3016 2941//2941 3059//3059
f 3060//3060 3059//3059 2941//2941
f 2942//2942 3040//3040 3061//3061
f 2983//2983 3040//3040 2896//2896
f 3023//3023 3020//3020 3062//3062
f 3004//3004 3011//3011 3063//3063
f 3011//3011 2985//2985 3054//3054
f 3021//3021 3000//3000 3064//3064
f 3001//3001 3002//3002 3028//3028
f 3042//3042 3028//3028 3002//3002
f 3065//3065 3018//3018 3014//3014
f 3014//3014 3043//3043 3065//3065
f 2893//2893 2990//2990 3067//3067
f 3050//3050 3039//3039 3031//3031
f 3050//3050 3010//3010 3003//3003
f 3068//3068 3055//3055 2997//2997
f 2991//2991 2910//2910 3070//3070
f 2910//2910 2984//2984 3070//3070
f 2984//2984 3044//3044 3070//3070
f 2993//2993 3041//3041 3071//3071
f 3073//3073 3042//3042 2932//2932
f 3022//3022 2902//2902 3074//3074
f 2990//2990 3039//3039 3075//3075
f 2951//2951 2942//2942 3076//3076
f 2942//2942 3061//3061 3076//3076
f 3077//3077 3053//3053 2999//2999
f 3077//3077 2999//2999 2930//2930
f 3015//3015 2891//2891 3037//3037
f 3037//3037 2891//2891 3029//3029
f 2990//2990 3075//3075 3067//3067
f 3024//3024 3025//3025 3078//3078
f 2957//2957 2920//2920 3057//3057
f 3052//3052 2970//2970 3079//3079
f 2970//2970 3035//3035 3079//3079
f 2977//2977 2921//2921 3048//3048
f 3028//3028 3042//3042 3080//3080
f 2905//2905 3066//3066 3081//3081
f 3066//3066 2905//2905 3038//3038
f 3076//3076 3032//3032 2951//2951
f 3069//3069 3068//3068 2997//2997
f 2968//2968 3082//3082 3041//3041
f 3052//3052 2982//2982 2960//2960
f 3035//3035 3004//3004 3063//3063
f 3083//3083 2930//2930 3012//3012
f 3013//3013 3083//3083 3012//3012
f 2932//2932 3018//3018 3073//3073
f 2941//2941 2962//2962 3060//3060
f 3084//3084 3074//3074 2902//2902
f 3003//3003 3085//3085 3050//3050
f 3040//3040 2983//2983 3086//3086
f 3056//3056 3087//3087 2963//2963
f 2979//2979 2980//2980 3045//3045
f 3078//3078 2980//2980 3024//3024
f 2969//2969 3051//3051 3088//3088
f 2987//2987 2977//2977 3089//3089
f 3048//3048 3089//3089 2977//2977
f 3036//3036 2988//2988 3090//3090
f 3091//3091 3080//3080 3042//3042
f 2893//2893 3067//3067 3092//3092
f 2919//2919 3069//3069 2997//2997
f 2998//2998 2991//2991 3093//3093
f 3078//3078 3094//3094 2980//2980
f 3026//3026 2993//2993 3071//3071
f 3088//3088 2958//2958 2969//2969
f 3006//3006 3047//3047 3095//3095
f 3021//3021 3096//3096 3048//3048
f 2938//2938 2939//2939 3097//3097
f 3098//3098 3073//3073 3018//3018
f 3099//3099 3030//3030 3009//3009
f 3019//3019 2905//2905 3081//3081
f 3100//3100 3066//3066 3038//3038
f 2919//2919 2963//2963 3101//3101
f 3093//3093 2991//2991 3070//3070
f 3079//3079 3102//3102 3052//3052
f 3035//3035 3063//3063 3079//3079
f 2930//2930 3083//3083 3103//3103
f 3072//3072 3096//3096 3021//3021
f 3090//3090 3017//3017 3036//3036
f 3104//3104 3099//3099 3059//3059
f 3105//3105 3060//3060 2962//2962
f 3038//3038 2967//2967 3100//3100
f 2967//2967 3022//3022 3106//3106
f 2902//2902 2893//2893 3084//3084
f 3077//3077 2930//2930 3108//3108
f 3089//3089 3109//3109 2987//2987
f 3064//3064 3072//3072 3021//3021
f 3097//3097 2988//2988 2938//2938
f 2939//2939 2989//2989 3097//3097
f 3042//3042 3073//3073 3091//3091
f 3008//3008 3030//3030 3110//3110
f 2962//2962 3019//3019 3105//3105
f 3022//3022 3107//3107 3106//3106
f 3074//3074 3107//3107 3022//3022
f 2893//2893 3092//3092 3084//3084
f 3111//3111 3067//3067 3075//3075
f 3055//3055 3068//3068 3112//3112
f 3068//3068 3069//3069 3113//3113
f 3094//3094 3045//3045 2980//2980
f 3071//3071 3041//3041 3082//3082
f 3034//3034 2981//2981 3114//3114
f 3027//3027 3114//3114 2981//2981
f 3052//3052 3102//3102 3115//3115
f 3013//3013 3005//3005 3116//3116
f 3072//3072 3064//3064 3117//3117
f 3065//3065 3043//3043 3119//3119
f 3049//3049 3119//3119 3043//3043
f 3049//3049 3015//3015 3037//3037
f 2983//2983 3055//3055 3086//3086
f 3055//3055 3112//3112 3086//3086
f 3046//3046 3082//3082 2968//2968
f 2982//2982 3052//3052 3115//3115
f 3011//3011 3054//3054 3120//3120
f 3116//3116 3103//3103 3083//3083
f 3083//3083 3013//3013 3116//3116
f 3118//3118 3097//3097 2989//2989
f 3121//3121 3118//3118 2989//2989
f 3060//3060 3104//3104 3059//3059
f 3067//3067 3111//3111 3092//3092
f 3113//3113 2919//2919 3101//3101
f 3114//3114 3051//3051 3034//3034
f 3116//3116 3005//3005 3122//3122
f 3006//3006 3122//3122 3005//3005
f 3000//3000 3117//3117 3064//3064
f 2988//2988 3097//3097 3123//3123
f 2996//2996 3028//3028 3080//3080
f 3073//3073 3098//3098 3091//3091
f 3124//3124 3098//3098 3018//3018
f 3018//3018 3065//3065 3124//3124
f 3119//3119 3124//3124 3065//3065
f 3125//3125 3075//3075 3039//3039
f 3026//3026 3078//3078 3025//3025
f 3095//3095 3122//3122 3006//3006
f 3123//3123 3090//3090 2988//2988
f 3119//3119 3049//3049 3126//3126
f 3049//3049 3037//3037 3127//3127
f 3029//3029 3008//3008 3110//3110
f 3111//3111 3075//3075 3125//3125
f 3085//3085 3003//3003 3129//3129
f 2919//2919 3113//3113 3069//3069
f 3082//3082 3130//3130 3071//3071
f 3063//3063 3011//3011 3120//3120
f 2930//2930 3103//3103 3131//3131
f 3132//3132 3123//3123 3097//3097
f 2995//2995 3133//3133 2989//2989
f 3091//3091 3134//3134 3080//3080
f 3119//3119 3126//3126 3124//3124
f 3135//3135 3019//3019 3081//3081
f 3074//3074 3084//3084 3136//3136
f 3101//3101 2963//2963 3137//3137
f 3078//3078 3026//3026 3138//3138
f 3131//3131 3108//3108 2930//2930
f 3123//3123 3139//3139 3090//3090
f 2989//2989 3133//3133 3121//3121
f 2996//2996 3080//3080 2995//2995
f 3091//3091 3098//3098 3140//3140
f 3127//3127 3126//3126 3049//3049
f 3128//3128 3127//3127 3037//3037
f 3141//3141 3110//3110 3030//3030
f 3030//3030 3099//3099 3141//3141
f 3061//3061 3040//3040 3086//3086
f 3120//3120 3054//3054 3142//3142
f 3122//3122 3095//3095 3143//3143
f 3117//3117 3000//3000 3145//3145
f 3000//3000 3017//3017 3145//3145
f 3146//3146 3132//3132 3097//3097
f 3134//3134 2995//2995 3080//3080
f 3091//3091 3140//3140 3134//3134
f 3029//3029 3147//3147 3037//3037
f 3099//3099 3104//3104 3141//3141
f 3032//3032 3129//3129 3003//3003
f 3087//3087 3056//3056 3148//3148
f 3017//3017 3090//3090 3145//3145
f 3128//3128 3037//3037 3147//3147
f 3074//3074 3136//3136 3107//3107
f 3092//3092 3136//3136 3084//3084
f 3150//3150 2958//2958 3088//3088
f 3142//3142 3054//3054 3151//3151
f 3109//3109 3089//3089 3152//3152
f 3117//3117 3153//3153 3072//3072
f 3097//3097 3118//3118 3146//3146
f 3098//3098 3124//3124 3140//3140
f 3105//3105 3104//3104 3060//3060
f 3066//3066 3100//3100 3149//3149
f 3154//3154 3111//3111 3125//3125
f 3061//3061 3086//3086 3155//3155
f 3090//3090 3139//3139 3145//3145
f 3133//3133 2995//2995 3156//3156
f 3128//3128 3157//3157 3127//3127
f 3147//3147 3158//3158 3128//3128
f 3110//3110 3141//3141 3159//3159
f 3081//3081 3066//3066 3149//3149
f 2963//2963 3087//3087 3137//3137
f 3160//3160 3070//3070 3044//3044
f 3063//3063 3120//3120 3161//3161
f 3054//3054 3162//3162 3151//3151
f 3048//3048 3152//3152 3089//3089
f 3096//3096 3072//3072 3144//3144
f 3153//3153 3144//3144 3072//3072
f 3134//3134 3163//3163 2995//2995
f 3158//3158 3157//3157 3128//3128
f 3029//3029 3110//3110 3147//3147
f 3159//3159 3147//3147 3110//3110
f 3092//3092 3111//3111 3164//3164
f 3129//3129 3032//3032 3165//3165
f 3086//3086 3112//3112 3155//3155
f 3044//3044 3023//3023 3160//3160
f 3166//3166 3094//3094 3078//3078
f 3138//3138 3026//3026 3167//3167
f 3071//3071 3167//3167 3026//3026
f 3079//3079 3063//3063 3161//3161
f 3131//3131 3103//3103 3168//3168
f 3152//3152 3048//3048 3169//3169
f 3169//3169 3048//3048 3096//3096
f 3144//3144 3169//3169 3096//3096
f 3163//3163 3170//3170 2995//2995
f 3134//3134 3140//3140 3171//3171
f 3127//3127 3172//3172 3126//3126
f 3173//3173 3104//3104 3105//3105
f 3092//3092 3164//3164 3136//3136
f 3130//3130 3167//3167 3071//3071
f 3142//3142 3161//3161 3120//3120
f 3108//3108 3131//3131 3162//3162
f 3103//3103 3116//3116 3168//3168
f 3116//3116 3122//3122 3175//3175
f 3124//3124 3126//3126 3176//3176
f 3135//3135 3105//3105 3019//3019
f 2967//2967 3106//3106 3100//3100
f 3068//3068 3178//3178 3112//3112
f 3113//3113 3178//3178 3068//3068
f 3056//3056 2998//2998 3179//3179
f 3180//3180 3179//3179 2998//2998
f 2998//2998 3093//3093 3180//3180
f 3138//3138 3166//3166 3078//3078
f 3130//3130 3082//3082 3174//3174
f 3058//3058 2982//2982 3181//3181
f 3115//3115 3181//3181 2982//2982
f 3161//3161 3102//3102 3079//3079
f 3175//3175 3168//3168 3116//3116
f 3140//3140 3124//3124 3182//3182
f 3165//3165 3183//3183 3129//3129
f 3177//3177 3032//3032 3076//3076
f 3076//3076 3061//3061 3177//3177
f 3101//3101 3137//3137 3113//3113
f 3148//3148 3056//3056 3179//3179
f 3070//3070 3160//3160 3093//3093
f 3167//3167 3184//3184 3138//3138
f 3185//3185 3150//3150 3088//3088
f 3139//3139 3123//3123 3132//3132
f 3171//3171 3163//3163 3134//3134
f 3186//3186 3172//3172 3127//3127
f 3157//3157 3186//3186 3127//3127
f 3187//3187 3164//3164 3111//3111
f 3111//3111 3154//3154 3187//3187
f 3174//3174 3082//3082 3188//3188
f 3046//3046 3188//3188 3082//3082
f 3118//3118 3189//3189 3146//3146
f 3176//3176 3126//3126 3172//3172
f 3190//3190 3135//3135 3081//3081
f 3190//3190 3081//3081 3149//3149
f 3165//3165 3032//3032 3177//3177
f 3112//3112 3178//3178 3191//3191
f 3113//3113 3137//3137 3192//3192
f 3193//3193 3020//3020 3045//3045
f 3174//3174 3194//3194 3130//3130
f 2957//2957 3195//3195 3046//3046
f 3196//3196 3102//3102 3161//3161
f 3197//3197 3122//3122 3198//3198
f 3117//3117 3145//3145 3199//3199
f 3139//3139 3199//3199 3145//3145
f 3189//3189 3132//3132 3146//3146
f 3156//3156 2995//2995 3170//3170
f 3140//3140 3182//3182 3171//3171
f 3141//3141 3104//3104 3173//3173
f 3100//3100 3190//3190 3149//3149
f 3177//3177 3200//3200 3165//3165
f 3191//3191 3201//3201 3155//3155
f 3155//3155 3112//3112 3191//3191
f 3167//3167 3130//3130 3194//3194
f 3195//3195 3188//3188 3046//3046
f 3202//3202 3185//3185 3088//3088
f 3088//3088 3051//3051 3202//3202
f 3181//3181 3203//3203 3058//3058
f 3175//3175 3122//3122 3197//3197
f 3139//3139 3132//3132 3199//3199
f 3121//3121 3133//3133 3204//3204
f 3133//3133 3156//3156 3204//3204
f 3163//3163 3171//3171 3205//3205
f 3124//3124 3176//3176 3182//3182
f 3147//3147 3159//3159 3206//3206
f 3207//3207 3159//3159 3141//3141
f 3164//3164 3208//3208 3136//3136
f 3209//3209 3187//3187 3154//3154
f 3183//3183 3165//3165 3200//3200
f 3062//3062 3160//3160 3023//3023
f 3210//3210 3051//3051 3114//3114
f 3114//3114 3027//3027 3211//3211
f 3027//3027 3058//3058 3211//3211
f 3196//3196 3115//3115 3102//3102
f 3212//3212 3213//3213 3142//3142
f 3142//3142 3151//3151 3212//3212
f 3162//3162 3131//3131 3214//3214
f 3169//3169 3215//3215 3152//3152
f 3153//3153 3117//3117 3199//3199
f 3189//3189 3199//3199 3132//3132
f 3118//3118 3121//3121 3189//3189
f 3100//3100 3106//3106 3216//3216
f 3106//3106 3107//3107 3217//3217
f 3155//3155 3218//3218 3061//3061
f 3192//3192 3178//3178 3113//3113
f 3219//3219 3192//3192 3137//3137
f 3137//3137 3087//3087 3219//3219
f 3203//3203 3211//3211 3058//3058
f 3214//3214 3220//3220 3162//3162
f 3131//3131 3168//3168 3214//3214
f 3175//3175 3221//3221 3168//3168
f 3199//3199 3222//3222 3153//3153
f 3170//3170 3163//3163 3205//3205
f 3223//3223 3205//3205 3171//3171
f 3158//3158 3147//3147 3206//3206
f 3173//3173 3207//3207 3141//3141
f 3224//3224 3217//3217 3107//3107
f 3107//3107 3136//3136 3224//3224
f 3136//3136 3208//3208 3224//3224
f 3164//3164 3187//3187 3225//3225
f 3200//3200 3209//3209 3183//3183
f 3200//3200 3177//3177 3226//3226
f 3087//3087 3148//3148 3219//3219
f 3020//3020 3193//3193 3227//3227
f 3193//3193 3045//3045 3094//3094
f 3228//3228 3193//3193 3094//3094
f 3166//3166 3228//3228 3094//3094
f 3184//3184 3166//3166 3138//3138
f 2958//2958 3229//3229 3033//3033
f 3151//3151 3162//3162 3230//3230
f 3220//3220 3230//3230 3162//3162
f 3221//3221 3214//3214 3168//3168
f 3169//3169 3144//3144 3231//3231
f 3144//3144 3153//3153 3222//3222
f 3189//3189 3121//3121 3232//3232
f 3171//3171 3182//3182 3233//3233
f 3234//3234 3182//3182 3176//3176
f 3172//3172 3234//3234 3176//3176
f 3186//3186 3235//3235 3172//3172
f 3135//3135 3173//3173 3105//3105
f 3216//3216 3236//3236 3100//3100
f 3217//3217 3216//3216 3106//3106
f 3208//3208 3164//3164 3225//3225
f 3061//3061 3218//3218 3177//3177
f 3218//3218 3155//3155 3201//3201
f 3191//3191 3178//3178 3237//3237
f 3184//3184 3238//3238 3166//3166
f 3239//3239 3184//3184 3167//3167
f 2957//2957 3057//3057 3240//3240
f 3057//3057 3033//3033 3229//3229
f 3229//3229 2958//2958 3150//3150
f 3213//3213 3196//3196 3161//3161
f 3161//3161 3142//3142 3213//3213
f 3197//3197 3215//3215 3241//3241
f 3169//3169 3241//3241 3215//3215
f 3222//3222 3231//3231 3144//3144
f 3222//3222 3199//3199 3242//3242
f 3243//3243 3242//3242 3199//3199
f 3121//3121 3204//3204 3232//3232
f 3223//3223 3171//3171 3233//3233
f 3235//3235 3234//3234 3172//3172
f 3207//3207 3244//3244 3159//3159
f 3173//3173 3135//3135 3245//3245
f 3100//3100 3236//3236 3190//3190
f 3177//3177 3218//3218 3226//3226
f 3191//3191 3237//3237 3201//3201
f 3062//3062 3020//3020 3227//3227
f 3239//3239 3238//3238 3184//3184
f 3175//3175 3197//3197 3246//3246
f 3199//3199 3189//3189 3247//3247
f 3182//3182 3234//3234 3233//3233
f 3248//3248 3135//3135 3190//3190
f 3236//3236 3248//3248 3190//3190
f 3249//3249 3225//3225 3187//3187
f 3209//3209 3249//3249 3187//3187
f 3228//3228 3166//3166 3238//3238
f 3167//3167 3194//3194 3239//3239
f 3194//3194 3174//3174 3239//3239
f 3051//3051 3210//3210 3202//3202
f 3251//3251 3115//3115 3196//3196
f 3246//3246 3221//3221 3175//3175
f 3197//3197 3241//3241 3246//3246
f 3231//3231 3241//3241 3169//3169
f 3231//3231 3222//3222 3242//3242
f 3247//3247 3243//3243 3199//3199
f 3252//3252 3186//3186 3157//3157
f 3157//3157 3158//3158 3206//3206
f 3159//3159 3253//3253 3206//3206
f 3207//3207 3173//3173 3245//3245
f 3209//3209 3200//3200 3254//3254
f 3180//3180 3250//3250 3179//3179
f 3188//3188 3239//3239 3174//3174
f 3114//3114 3211//3211 3255//3255
f 3203//3203 3181//3181 3256//3256
f 3213//3213 3257//3257 3196//3196
f 3151//3151 3230//3230 3212//3212
f 3258//3258 3220//3220 3214//3214
f 3189//3189 3232//3232 3247//3247
f 3232//3232 3204//3204 3259//3259
f 3156//3156 3259//3259 3204//3204
f 3206//3206 3252//3252 3157//3157
f 3244//3244 3253//3253 3159//3159
f 3248//3248 3260//3260 3135//3135
f 3236//3236 3216//3216 3261//3261
f 3217//3217 3262//3262 3216//3216
f 3217//3217 3224//3224 3263//3263
f 3208//3208 3263//3263 3224//3224
f 3254//3254 3249//3249 3209//3209
f 3200//3200 3226//3226 3264//3264
f 3218//3218 3201//3201 3265//3265
f 3266//3266 3228//3228 3238//3238
f 3057//3057 3229//3229 3240//3240
f 3255//3255 3211//3211 3267//3267
f 3203//3203 3267//3267 3211//3211
f 3256//3256 3267//3267 3203//3203
f 3230//3230 3220//3220 3268//3268
f 3214//3214 3221//3221 3269//3269
f 3259//3259 3247//3247 3232//3232
f 3223//3223 3233//3233 3270//3270
f 3233//3233 3234//3234 3271//3271
f 3245//3245 3244//3244 3207//3207
f 3263//3263 3262//3262 3217//3217
f 3208//3208 3225//3225 3272//3272
f 3264//3264 3254//3254 3200//3200
f 3273//3273 3264//3264 3226//3226
f 3226//3226 3218//3218 3273//3273
f 3218//3218 3265//3265 3273//3273
f 3274//3274 3201//3201 3237//3237
f 3237//3237 3178//3178 3275//3275
f 3192//3192 3275//3275 3178//3178
f 3276//3276 3219//3219 3148//3148
f 3148//3148 3179//3179 3276//3276
f 3277//3277 3228//3228 3266//3266
f 3266//3266 3239//3239 3278//3278
f 3188//3188 3278//3278 3239//3239
f 3181//3181 3115//3115 3251//3251
f 3230//3230 3268//3268 3212//3212
f 3258//3258 3268//3268 3220//3220
f 3214//3214 3269//3269 3258//3258
f 3243//3243 3279//3279 3242//3242
f 3280//3280 3156//3156 3170//3170
f 3281//3281 3280//3280 3170//3170
f 3205//3205 3281//3281 3170//3170
f 3205//3205 3223//3223 3281//3281
f 3270//3270 3281//3281 3223//3223
f 3271//3271 3270//3270 3233//3233
f 3235//3235 3271//3271 3234//3234
f 3245//3245 3135//3135 3260//3260
f 3261//3261 3282//3282 3236//3236
f 3272//3272 3263//3263 3208//3208
f 3249//3249 3272//3272 3225//3225
f 3219//3219 3283//3283 3192//3192
f 3093//3093 3284//3284 3180//3180
f 3277//3277 3193//3193 3228//3228
f 3278//3278 3285//3285 3266//3266
f 3210//3210 3114//3114 3255//3255
f 3286//3286 3213//3213 3212//3212
f 3231//3231 3242//3242 3287//3287
f 3288//3288 3279//3279 3243//3243
f 3243//3243 3247//3247 3288//3288
f 3259//3259 3156//3156 3280//3280
f 3235//3235 3186//3186 3289//3289
f 3186//3186 3252//3252 3289//3289
f 3248//3248 3236//3236 3290//3290
f 3236//3236 3282//3282 3290//3290
f 3262//3262 3261//3261 3216//3216
f 3265//3265 3201//3201 3274//3274
f 3291//3291 3274//3274 3237//3237
f 3237//3237 3275//3275 3291//3291
f 3283//3283 3292//3292 3192//3192
f 3219//3219 3276//3276 3283//3283
f 3284//3284 3250//3250 3180//3180
f 3193//3193 3277//3277 3227//3227
f 3240//3240 3195//3195 2957//2957
f 3293//3293 3150//3150 3185//3185
f 3251//3251 3256//3256 3181//3181
f 3257//3257 3251//3251 3196//3196
f 3286//3286 3294//3294 3213//3213
f 3212//3212 3268//3268 3286//3286
f 3221//3221 3246//3246 3295//3295
f 3241//3241 3296//3296 3246//3246
f 3279//3279 3287//3287 3242//3242
f 3247//3247 3259//3259 3297//3297
f 3270//3270 3271//3271 3281//3281
f 3271//3271 3235//3235 3289//3289
f 3298//3298 3289//3289 3252//3252
f 3298//3298 3252//3252 3206//3206
f 3206//3206 3253//3253 3299//3299
f 3253//3253 3244//3244 3300//3300
f 3301//3301 3244//3244 3245//3245
f 3260//3260 3301//3301 3245//3245
f 3264//3264 3302//3302 3254//3254
f 3292//3292 3291//3291 3275//3275
f 3283//3283 3276//3276 3303//3303
f 3276//3276 3179//3179 3303//3303
f 3160//3160 3284//3284 3093//3093
f 3266//3266 3285//3285 3277//3277
f 3285//3285 3278//3278 3304//3304
f 3202//3202 3293//3293 3185//3185
f 3257//3257 3213//3213 3294//3294
f 3295//3295 3246//3246 3296//3296
f 3305//3305 3306//3306 3241//3241
f 3241//3241 3231//3231 3305//3305
f 3231//3231 3287//3287 3305//3305
f 3280//3280 3281//3281 3307//3307
f 3299//3299 3298//3298 3206//3206
f 3301//3301 3300//3300 3244//3244
f 3260//3260 3248//3248 3290//3290
f 3249//3249 3254//3254 3302//3302
f 3274//3274 3291//3291 3308//3308
f 3250//3250 3303//3303 3179//3179
f 3309//3309 3304//3304 3278//3278
f 3278//3278 3188//3188 3309//3309
f 3288//3288 3247//3247 3297//3297
f 3310//3310 3297//3297 3259//3259
f 3259//3259 3280//3280 3310//3310
f 3311//3311 3271//3271 3289//3289
f 3298//3298 3311//3311 3289//3289
f 3300//3300 3299//3299 3253//3253
f 3301//3301 3260//3260 3312//3312
f 3264//3264 3273//3273 3313//3313
f 3273//3273 3265//3265 3314//3314
f 3308//3308 3265//3265 3274//3274
f 3315//3315 3291//3291 3292//3292
f 3292//3292 3316//3316 3315//3315
f 3317//3317 3316//3316 3303//3303
f 3250//3250 3284//3284 3303//3303
f 3318//3318 3277//3277 3285//3285
f 3285//3285 3304//3304 3318//3318
f 3319//3319 3210//3210 3255//3255
f 3255//3255 3267//3267 3319//3319
f 3251//3251 3257//3257 3320//3320
f 3321//3321 3268//3268 3258//3258
f 3309//3309 3188//3188 3195//3195
f 3267//3267 3256//3256 3322//3322
f 3256//3256 3251//3251 3322//3322
f 3294//3294 3320//3320 3257//3257
f 3323//3323 3294//3294 3286//3286
f 3286//3286 3268//3268 3323//3323
f 3269//3269 3221//3221 3295//3295
f 3296//3296 3241//3241 3306//3306
f 3324//3324 3307//3307 3281//3281
f 3281//3281 3271//3271 3324//3324
f 3299//3299 3311//3311 3298//3298
f 3299//3299 3300//3300 3325//3325
f 3326//3326 3325//3325 3300//3300
f 3300//3300 3301//3301 3326//3326
f 3328//3328 3327//3327 3260//3260
f 3260//3260 3290//3290 3328//3328
f 3282//3282 3329//3329 3290//3290
f 3291//3291 3330//3330 3308//3308
f 3303//3303 3284//3284 3331//3331
f 3284//3284 3160//3160 3331//3331
f 3332//3332 3331//3331 3160//3160
f 3160//3160 3062//3062 3332//3332
f 3227//3227 3332//3332 3062//3062
f 3333//3333 3334//3334 3335//3335
f 3309//3309 3195//3195 3336//3336
f 3337//3337 3336//3336 3195//3195
f 3195//3195 3240//3240 3337//3337
f 3229//3229 3150//3150 3338//3338
f 3150//3150 3293//3293 3338//3338
f 3210//3210 3319//3319 3339//3339
f 3320//3320 3322//3322 3251//3251
f 3258//3258 3269//3269 3321//3321
f 3272//3272 3249//3249 3340//3340
f 3313//3313 3302//3302 3264//3264
f 3313//3313 3273//3273 3314//3314
f 3308//3308 3314//3314 3265//3265
f 3341//3341 3315//3315 3316//3316
f 3342//3342 3341//3341 3316//3316
f 3316//3316 3317//3317 3342//3342
f 3332//3332 3227//3227 3343//3343
f 3344//3344 3295//3295 3296//3296
f 3296//3296 3306//3306 3344//3344
f 3288//3288 3287//3287 3279//3279
f 3307//3307 3324//3324 3345//3345
f 3311//3311 3324//3324 3271//3271
f 3325//3325 3311//3311 3299//3299
f 3301//3301 3312//3312 3346//3346
f 3260//3260 3327//3327 3312//3312
f 3272//3272 3340//3340 3347//3347
f 3249//3249 3302//3302 3340//3340
f 3348//3348 3340//3340 3302//3302
f 3349//3349 3348//3348 3302//3302
f 3315//3315 3330//3330 3291//3291
f 3337//3337 3240//3240 3350//3350
f 3351//3351 3338//3338 3293//3293
f 3293//3293 3339//3339 3351//3351
f 3339//3339 3319//3319 3351//3351
f 3322//3322 3351//3351 3319//3319
f 3319//3319 3267//3267 3322//3322
f 3320//3320 3294//3294 3352//3352
f 3353//3353 3334//3334 3333//3333
f 3354//3354 3355//3355 3356//3356
f 3358//3358 3335//3335 3359//3359
f 3240//3240 3229//3229 3350//3350
f 3338//3338 3350//3350 3229//3229
f 3323//3323 3352//3352 3294//3294
f 3321//3321 3323//3323 3268//3268
f 3321//3321 3269//3269 3360//3360
f 3361//3361 3360//3360 3269//3269
f 3269//3269 3295//3295 3361//3361
f 3310//3310 3280//3280 3362//3362
f 3326//3326 3301//3301 3346//3346
f 3262//3262 3363//3363 3261//3261
f 3263//3263 3272//3272 3347//3347
f 3313//3313 3349//3349 3302//3302
f 3314//3314 3364//3364 3313//3313
f 3360//3360 3365//3365 3321//3321
f 3287//3287 3288//3288 3366//3366
f 3367//3367 3366//3366 3288//3288
f 3288//3288 3297//3297 3367//3367
f 3282//3282 3261//3261 3368//3368
f 3363//3363 3368//3368 3261//3261
f 3369//3369 3363//3363 3262//3262
f 3263//3263 3369//3369 3262//3262
f 3263//3263 3347//3347 3370//3370
f 3364//3364 3314//3314 3371//3371
f 3372//3372 3330//3330 3315//3315
f 3315//3315 3341//3341 3373//3373
f 3374//3374 3342//3342 3317//3317
f 3375//3375 3350//3350 3376//3376
f 3377//3377 3350//3350 3338//3338
f 3338//3338 3351//3351 3377//3377
f 3323//3323 3321//3321 3365//3365
f 3357//3357 3378//3378 3334//3334
f 3379//3379 3334//3334 3353//3353
f 3353//3353 3380//3380 3379//3379
f 3381//3381 3379//3379 3380//3380
f 3382//3382 3380//3380 3353//3353
f 3383//3383 3355//3355 3354//3354
f 3366//3366 3305//3305 3287//3287
f 3324//3324 3311//3311 3385//3385
f 3290//3290 3329//3329 3386//3386
f 3329//3329 3282//3282 3368//3368
f 3364//3364 3349//3349 3313//3313
f 3308//3308 3371//3371 3314//3314
f 3373//3373 3372//3372 3315//3315
f 3374//3374 3387//3387 3388//3388
f 3389//3389 3388//3388 3387//3387
f 3387//3387 3390//3390 3389//3389
f 3391//3391 3389//3389 3390//3390
f 3390//3390 3375//3375 3391//3391
f 3392//3392 3391//3391 3375//3375
f 3375//3375 3376//3376 3392//3392
f 3376//3376 3350//3350 3392//3392
f 3377//3377 3392//3392 3350//3350
f 3377//3377 3351//3351 3393//3393
f 3322//3322 3393//3393 3351//3351
f 3322//3322 3320//3320 3393//3393
f 3365//3365 3394//3394 3323//3323
f 3395//3395 3381//3381 3380//3380
f 3382//3382 3396//3396 3380//3380
f 3397//3397 3359//3359 3335//3335
f 3335//3335 3398//3398 3397//3397
f 3399//3399 3400//3400 3356//3356
f 3383//3383 3401//3401 3355//3355
f 3344//3344 3306//3306 3402//3402
f 3403//3403 3402//3402 3306//3306
f 3307//3307 3362//3362 3280//3280
f 3325//3325 3326//3326 3405//3405
f 3327//3327 3346//3346 3312//3312
f 3386//3386 3328//3328 3290//3290
f 3406//3406 3347//3347 3340//3340
f 3340//3340 3348//3348 3407//3407
f 3349//3349 3364//3364 3408//3408
f 3409//3409 3371//3371 3308//3308
f 3308//3308 3330//3330 3409//3409
f 3410//3410 3341//3341 3342//3342
f 3394//3394 3352//3352 3323//3323
f 3398//3398 3411//3411 3412//3412
f 3356//3356 3400//3400 3413//3413
f 3414//3414 3415//3415 3416//3416
f 3417//3417 3414//3414 3416//3416
f 3418//3418 3419//3419 3420//3420
f 3421//3421 3420//3420 3419//3419
f 3378//3378 3357//3357 3421//3421
f 3305//3305 3403//3403 3306//3306
f 3297//3297 3310//3310 3367//3367
f 3404//3404 3307//3307 3345//3345
f 3385//3385 3345//3345 3324//3324
f 3405//3405 3422//3422 3325//3325
f 3326//3326 3346//3346 3405//3405
f 3329//3329 3368//3368 3423//3423
f 3369//3369 3263//3263 3370//3370
f 3406//3406 3370//3370 3347//3347
f 3372//3372 3409//3409 3330//3330
f 3389//3389 3424//3424 3388//3388
f 3425//3425 3421//3421 3357//3357
f 3334//3334 3379//3379 3357//3357
f 3397//3397 3426//3426 3359//3359
f 3398//3398 3412//3412 3397//3397
f 3412//3412 3411//3411 3427//3427
f 3428//3428 3383//3383 3354//3354
f 3366//3366 3384//3384 3305//3305
f 3429//3429 3310//3310 3362//3362
f 3429//3429 3362//3362 3430//3430
f 3311//3311 3325//3325 3422//3422
f 3386//3386 3431//3431 3328//3328
f 3432//3432 3386//3386 3329//3329
f 3433//3433 3432//3432 3329//3329
f 3434//3434 3406//3406 3340//3340
f 3408//3408 3348//3348 3349//3349
f 3371//3371 3435//3435 3364//3364
f 3436//3436 3424//3424 3389//3389
f 3389//3389 3391//3391 3436//3436
f 3392//3392 3377//3377 3437//3437
f 3438//3438 3377//3377 3393//3393
f 3365//3365 3360//3360 3439//3439
f 3420//3420 3421//3421 3440//3440
f 3357//3357 3379//3379 3441//3441
f 3379//3379 3381//3381 3441//3441
f 3396//3396 3395//3395 3380//3380
f 3414//3414 3417//3417 3442//3442
f 3417//3417 3444//3444 3443//3443
f 3361//3361 3439//3439 3360//3360
f 3384//3384 3403//3403 3305//3305
f 3422//3422 3385//3385 3311//3311
f 3369//3369 3370//3370 3446//3446
f 3340//3340 3407//3407 3434//3434
f 3447//3447 3407//3407 3348//3348
f 3410//3410 3373//3373 3341//3341
f 3377//3377 3438//3438 3437//3437
f 3320//3320 3352//3352 3393//3393
f 3394//3394 3365//3365 3448//3448
f 3449//3449 3441//3441 3381//3381
f 3450//3450 3395//3395 3396//3396
f 3451//3451 3411//3411 3452//3452
f 3452//3452 3453//3453 3451//3451
f 3445//3445 3451//3451 3453//3453
f 3453//3453 3418//3418 3445//3445
f 3445//3445 3418//3418 3454//3454
f 3455//3455 3456//3456 3457//3457
f 3458//3458 3459//3459 3415//3415
f 3415//3415 3414//3414 3458//3458
f 3442//3442 3458//3458 3414//3414
f 3460//3460 3461//3461 3462//3462
f 3384//3384 3366//3366 3463//3463
f 3310//3310 3464//3464 3367//3367
f 3404//3404 3345//3345 3465//3465
f 3345//3345 3385//3385 3466//3466
f 3370//3370 3406//3406 3467//3467
f 3348//3348 3408//3408 3447//3447
f 3468//3468 3435//3435 3371//3371
f 3372//3372 3373//3373 3469//3469
f 3410//3410 3342//3342 3470//3470
f 3471//3471 3342//3342 3374//3374
f 3439//3439 3448//3448 3365//3365
f 3425//3425 3440//3440 3421//3421
f 3441//3441 3425//3425 3357//3357
f 3359//3359 3472//3472 3358//3358
f 3412//3412 3427//3427 3473//3473
f 3411//3411 3474//3474 3427//3427
f 3458//3458 3475//3475 3459//3459
f 3444//3444 3476//3476 3477//3477
f 3478//3478 3477//3477 3476//3476
f 3479//3479 3480//3480 3481//3481
f 3460//3460 3462//3462 3457//3457
f 3401//3401 3462//3462 3461//3461
f 3482//3482 3428//3428 3354//3354
f 3449//3449 3381//3381 3483//3483
f 3396//3396 3382//3382 3484//3484
f 3382//3382 3358//3358 3484//3484
f 3472//3472 3484//3484 3358//3358
f 3485//3485 3474//3474 3411//3411
f 3451//3451 3485//3485 3411//3411
f 3451//3451 3445//3445 3486//3486
f 3435//3435 3408//3408 3364//3364
f 3409//3409 3372//3372 3487//3487
f 3342//3342 3471//3471 3470//3470
f 3374//3374 3388//3388 3488//3488
f 3388//3388 3424//3424 3488//3488
f 3391//3391 3392//3392 3489//3489
f 3490//3490 3393//3393 3352//3352
f 3352//3352 3394//3394 3490//3490
f 3344//3344 3402//3402 3491//3491
f 3492//3492 3463//3463 3366//3366
f 3366//3366 3367//3367 3492//3492
f 3493//3493 3362//3362 3307//3307
f 3385//3385 3422//3422 3494//3494
f 3346//3346 3495//3495 3405//3405
f 3328//3328 3431//3431 3327//3327
f 3386//3386 3432//3432 3496//3496
f 3423//3423 3433//3433 3329//3329
f 3363//3363 3369//3369 3497//3497
f 3498//3498 3499//3499 3400//3400
f 3475//3475 3500//3500 3459//3459
f 3501//3501 3417//3417 3443//3443
f 3443//3443 3444//3444 3502//3502
f 3481//3481 3478//3478 3479//3479
f 3503//3503 3425//3425 3441//3441
f 3395//3395 3483//3483 3381//3381
f 3395//3395 3450//3450 3504//3504
f 3427//3427 3474//3474 3505//3505
f 3506//3506 3370//3370 3467//3467
f 3407//3407 3447//3447 3434//3434
f 3371//3371 3409//3409 3487//3487
f 3469//3469 3373//3373 3507//3507
f 3490//3490 3394//3394 3509//3509
f 3394//3394 3448//3448 3509//3509
f 3448//3448 3439//3439 3510//3510
f 3439//3439 3361//3361 3511//3511
f 3361//3361 3295//3295 3511//3511
f 3429//3429 3464//3464 3310//3310
f 3404//3404 3493//3493 3307//3307
f 3466//3466 3465//3465 3345//3345
f 3494//3494 3466//3466 3385//3385
f 3368//3368 3363//3363 3512//3512
f 3498//3498 3400//3400 3513//3513
f 3514//3514 3459//3459 3513//3513
f 3442//3442 3417//3417 3515//3515
f 3417//3417 3501//3501 3515//3515
f 3502//3502 3501//3501 3443//3443
f 3444//3444 3477//3477 3502//3502
f 3455//3455 3457//3457 3516//3516
f 3457//3457 3462//3462 3516//3516
f 3383//3383 3517//3517 3401//3401
f 3482//3482 3518//3518 3428//3428
f 3454//3454 3420//3420 3519//3519
f 3420//3420 3440//3440 3519//3519
f 3440//3440 3425//3425 3503//3503
f 3449//3449 3520//3520 3441//3441
f 3473//3473 3397//3397 3412//3412
f 3486//3486 3485//3485 3451//3451
f 3468//3468 3521//3521 3435//3435
f 3487//3487 3468//3468 3371//3371
f 3522//3522 3487//3487 3372//3372
f 3469//3469 3522//3522 3372//3372
f 3410//3410 3507//3507 3373//3373
f 3374//3374 3488//3488 3471//3471
f 3523//3523 3424//3424 3436//3436
f 3489//3489 3523//3523 3436//3436
f 3436//3436 3391//3391 3489//3489
f 3489//3489 3392//3392 3508//3508
f 3392//3392 3437//3437 3508//3508
f 3295//3295 3344//3344 3511//3511
f 3463//3463 3403//3403 3384//3384
f 3524//3524 3367//3367 3464//3464
f 3525//3525 3422//3422 3495//3495
f 3422//3422 3405//3405 3495//3495
f 3346//3346 3327//3327 3526//3526
f 3431//3431 3527//3527 3327//3327
f 3512//3512 3363//3363 3497//3497
f 3400//3400 3514//3514 3513//3513
f 3500//3500 3513//3513 3459//3459
f 3458//3458 3528//3528 3475//3475
f 3529//3529 3477//3477 3478//3478
f 3481//3481 3455//3455 3530//3530
f 3516//3516 3462//3462 3531//3531
f 3401//3401 3531//3531 3462//3462
f 3511//3511 3344//3344 3491//3491
f 3532//3532 3404//3404 3465//3465
f 3533//3533 3532//3532 3465//3465
f 3525//3525 3494//3494 3422//3422
f 3526//3526 3495//3495 3346//3346
f 3527//3527 3526//3526 3327//3327
f 3534//3534 3497//3497 3369//3369
f 3447//3447 3408//3408 3521//3521
f 3408//3408 3435//3435 3521//3521
f 3410//3410 3470//3470 3535//3535
f 3523//3523 3488//3488 3424//3424
f 3536//3536 3438//3438 3393//3393
f 3395//3395 3504//3504 3483//3483
f 3484//3484 3450//3450 3396//3396
f 3505//3505 3473//3473 3427//3427
f 3537//3537 3485//3485 3486//3486
f 3528//3528 3538//3538 3475//3475
f 3458//3458 3442//3442 3539//3539
f 3478//3478 3481//3481 3540//3540
f 3516//3516 3530//3530 3455//3455
f 3516//3516 3531//3531 3541//3541
f 3401//3401 3517//3517 3531//3531
f 3517//3517 3383//3383 3428//3428
f 3542//3542 3403//3403 3543//3543
f 3544//3544 3543//3543 3403//3403
f 3545//3545 3463//3463 3492//3492
f 3546//3546 3524//3524 3464//3464
f 3464//3464 3429//3429 3547//3547
f 3532//3532 3493//3493 3404//3404
f 3548//3548 3432//3432 3433//3433
f 3550//3550 3437//3437 3438//3438
f 3551//3551 3509//3509 3448//3448
f 3448//3448 3510//3510 3551//3551
f 3441//3441 3520//3520 3503//3503
f 3426//3426 3397//3397 3552//3552
f 3473//3473 3552//3552 3397//3397
f 3474//3474 3485//3485 3553//3553
f 3538//3538 3500//3500 3475//3475
f 3540//3540 3529//3529 3478//3478
f 3530//3530 3554//3554 3481//3481
f 3439//3439 3511//3511 3555//3555
f 3403//3403 3463//3463 3544//3544
f 3524//3524 3492//3492 3367//3367
f 3556//3556 3533//3533 3465//3465
f 3466//3466 3556//3556 3465//3465
f 3557//3557 3548//3548 3433//3433
f 3423//3423 3557//3557 3433//3433
f 3512//3512 3558//3558 3368//3368
f 3369//3369 3446//3446 3534//3534
f 3559//3559 3534//3534 3446//3446
f 3522//3522 3549//3549 3487//3487
f 3507//3507 3522//3522 3469//3469
f 3508//3508 3437//3437 3560//3560
f 3510//3510 3439//3439 3555//3555
f 3519//3519 3561//3561 3454//3454
f 3562//3562 3519//3519 3440//3440
f 3520//3520 3563//3563 3503//3503
f 3449//3449 3483//3483 3520//3520
f 3472//3472 3359//3359 3564//3564
f 3359//3359 3426//3426 3564//3564
f 3498//3498 3513//3513 3565//3565
f 3539//3539 3528//3528 3458//3458
f 3540//3540 3481//3481 3554//3554
f 3517//3517 3428//3428 3566//3566
f 3567//3567 3568//3568 3483//3483
f 3553//3553 3485//3485 3569//3569
f 3537//3537 3569//3569 3485//3485
f 3506//3506 3467//3467 3570//3570
f 3571//3571 3467//3467 3406//3406
f 3521//3521 3572//3572 3447//3447
f 3549//3549 3468//3468 3487//3487
f 3573//3573 3470//3470 3471//3471
f 3575//3575 3523//3523 3489//3489
f 3576//3576 3550//3550 3438//3438
f 3536//3536 3576//3576 3438//3438
f 3577//3577 3551//3551 3510//3510
f 3510//3510 3555//3555 3577//3577
f 3430//3430 3362//3362 3578//3578
f 3579//3579 3526//3526 3527//3527
f 3496//3496 3432//3432 3548//3548
f 3368//3368 3558//3558 3423//3423
f 3580//3580 3581//3581 3498//3498
f 3513//3513 3500//3500 3565//3565
f 3538//3538 3528//3528 3582//3582
f 3530//3530 3516//3516 3583//3583
f 3531//3531 3517//3517 3584//3584
f 3554//3554 3530//3530 3585//3585
f 3516//3516 3541//3541 3583//3583
f 3541//3541 3531//3531 3584//3584
f 3428//3428 3518//3518 3566//3566
f 3511//3511 3491//3491 3586//3586
f 3493//3493 3578//3578 3362//3362
f 3525//3525 3587//3587 3494//3494
f 3579//3579 3527//3527 3431//3431
f 3558//3558 3557//3557 3423//3423
f 3572//3572 3434//3434 3447//3447
f 3588//3588 3468//3468 3589//3589
f 3471//3471 3488//3488 3590//3590
f 3592//3592 3536//3536 3393//3393
f 3490//3490 3592//3592 3393//3393
f 3440//3440 3503//3503 3562//3562
f 3520//3520 3483//3483 3568//3568
f 3567//3567 3483//3483 3593//3593
f 3450//3450 3484//3484 3594//3594
f 3473//3473 3505//3505 3595//3595
f 3580//3580 3498//3498 3565//3565
f 3582//3582 3596//3596 3538//3538
f 3492//3492 3524//3524 3546//3546
f 3464//3464 3547//3547 3546//3546
f 3547//3547 3429//3429 3597//3597
f 3578//3578 3597//3597 3430//3430
f 3494//3494 3598//3598 3466//3466
f 3495//3495 3526//3526 3599//3599
f 3579//3579 3599//3599 3526//3526
f 3506//3506 3600//3600 3559//3559
f 3521//3521 3468//3468 3588//3588
f 3574//3574 3573//3573 3471//3471
f 3590//3590 3574//3574 3471//3471
f 3591//3591 3489//3489 3508//3508
f 3560//3560 3591//3591 3508//3508
f 3601//3601 3560//3560 3437//3437
f 3509//3509 3551//3551 3602//3602
f 3603//3603 3519//3519 3562//3562
f 3562//3562 3503//3503 3563//3563
f 3484//3484 3472//3472 3594//3594
f 3552//3552 3604//3604 3426//3426
f 3486//3486 3605//3605 3537//3537
f 3500//3500 3606//3606 3565//3565
f 3500//3500 3538//3538 3607//3607
f 3596//3596 3607//3607 3538//3538
f 3540//3540 3554//3554 3608//3608
f 3583//3583 3585//3585 3530//3530
f 3517//3517 3566//3566 3584//3584
f 3577//3577 3555//3555 3609//3609
f 3492//3492 3546//3546 3610//3610
f 3429//3429 3430//3430 3597//3597
f 3386//3386 3496//3496 3431//3431
f 3549//3549 3589//3589 3468//3468
f 3488//3488 3523//3523 3611//3611
f 3489//3489 3591//3591 3575//3575
f 3601//3601 3437//3437 3550//3550
f 3562//3562 3563//3563 3612//3612
f 3593//3593 3613//3613 3567//3567
f 3604//3604 3564//3564 3426//3426
f 3595//3595 3552//3552 3473//3473
f 3569//3569 3537//3537 3605//3605
f 3614//3614 3605//3605 3486//3486
f 3606//3606 3615//3615 3565//3565
f 3582//3582 3528//3528 3616//3616
f 3528//3528 3539//3539 3616//3616
f 3501//3501 3502//3502 3617//3617
f 3502//3502 3477//3477 3617//3617
f 3618//3618 3617//3617 3477//3477
f 3477//3477 3529//3529 3618//3618
f 3585//3585 3608//3608 3554//3554
f 3619//3619 3545//3545 3492//3492
f 3610//3610 3619//3619 3492//3492
f 3620//3620 3533//3533 3556//3556
f 3556//3556 3466//3466 3621//3621
f 3559//3559 3600//3600 3622//3622
f 3571//3571 3570//3570 3467//3467
f 3590//3590 3488//3488 3611//3611
f 3490//3490 3509//3509 3623//3623
f 3624//3624 3561//3561 3519//3519
f 3625//3625 3563//3563 3520//3520
f 3626//3626 3504//3504 3627//3627
f 3450//3450 3627//3627 3504//3504
f 3595//3595 3505//3505 3628//3628
f 3505//3505 3474//3474 3628//3628
f 3553//3553 3628//3628 3474//3474
f 3615//3615 3580//3580 3565//3565
f 3607//3607 3606//3606 3500//3500
f 3539//3539 3515//3515 3629//3629
f 3515//3515 3501//3501 3629//3629
f 3630//3630 3529//3529 3540//3540
f 3631//3631 3566//3566 3518//3518
f 3583//3583 3541//3541 3632//3632
f 3633//3633 3632//3632 3541//3541
f 3541//3541 3584//3584 3633//3633
f 3631//3631 3518//3518 3634//3634
f 3532//3532 3533//3533 3635//3635
f 3620//3620 3636//3636 3533//3533
f 3598//3598 3621//3621 3466//3466
f 3637//3637 3557//3557 3558//3558
f 3497//3497 3534//3534 3638//3638
f 3639//3639 3600//3600 3506//3506
f 3506//3506 3570//3570 3639//3639
f 3640//3640 3571//3571 3406//3406
f 3406//3406 3434//3434 3640//3640
f 3572//3572 3640//3640 3434//3434
f 3575//3575 3611//3611 3523//3523
f 3592//3592 3576//3576 3536//3536
f 3602//3602 3551//3551 3577//3577
f 3519//3519 3603//3603 3624//3624
f 3625//3625 3520//3520 3568//3568
f 3568//3568 3567//3567 3625//3625
f 3642//3642 3594//3594 3472//3472
f 3604//3604 3552//3552 3643//3643
f 3552//3552 3595//3595 3643//3643
f 3553//3553 3569//3569 3644//3644
f 3645//3645 3543//3543 3544//3544
f 3546//3546 3547//3547 3646//3646
f 3636//3636 3635//3635 3533//3533
f 3647//3647 3431//3431 3496//3496
f 3648//3648 3558//3558 3512//3512
f 3512//3512 3497//3497 3648//3648
f 3497//3497 3638//3638 3649//3649
f 3650//3650 3638//3638 3534//3534
f 3535//3535 3470//3470 3651//3651
f 3652//3652 3651//3651 3470//3470
f 3573//3573 3652//3652 3470//3470
f 3560//3560 3601//3601 3653//3653
f 3550//3550 3576//3576 3641//3641
f 3623//3623 3592//3592 3490//3490
f 3602//3602 3623//3623 3509//3509
f 3654//3654 3655//3655 3561//3561
f 3612//3612 3603//3603 3562//3562
f 3656//3656 3612//3612 3563//3563
f 3657//3657 3625//3625 3567//3567
f 3567//3567 3613//3613 3657//3657
f 3642//3642 3450//3450 3594//3594
f 3564//3564 3642//3642 3472//3472
f 3644//3644 3628//3628 3553//3553
f 3615//3615 3606//3606 3658//3658
f 3616//3616 3539//3539 3659//3659
f 3540//3540 3608//3608 3630//3630
f 3660//3660 3661//3661 3608//3608
f 3608//3608 3585//3585 3660//3660
f 3663//3663 3633//3633 3584//3584
f 3584//3584 3566//3566 3663//3663
f 3631//3631 3663//3663 3566//3566
f 3544//3544 3463//3463 3664//3664
f 3646//3646 3610//3610 3546//3546
f 3547//3547 3597//3597 3646//3646
f 3621//3621 3620//3620 3556//3556
f 3649//3649 3648//3648 3497//3497
f 3622//3622 3600//3600 3665//3665
f 3570//3570 3571//3571 3666//3666
f 3667//3667 3507//3507 3410//3410
f 3410//3410 3535//3535 3667//3667
f 3573//3573 3574//3574 3668//3668
f 3655//3655 3654//3654 3670//3670
f 3561//3561 3624//3624 3654//3654
f 3671//3671 3656//3656 3563//3563
f 3563//3563 3625//3625 3671//3671
f 3672//3672 3644//3644 3569//3569
f 3569//3569 3605//3605 3672//3672
f 3580//3580 3673//3673 3581//3581
f 3529//3529 3630//3630 3618//3618
f 3674//3674 3630//3630 3608//3608
f 3661//3661 3674//3674 3608//3608
f 3675//3675 3664//3664 3463//3463
f 3463//3463 3545//3545 3675//3675
f 3676//3676 3493//3493 3532//3532
f 3677//3677 3621//3621 3598//3598
f 3598//3598 3494//3494 3587//3587
f 3579//3579 3431//3431 3678//3678
f 3431//3431 3647//3647 3678//3678
f 3548//3548 3647//3647 3496//3496
f 3651//3651 3667//3667 3535//3535
f 3590//3590 3611//3611 3679//3679
f 3591//3591 3560//3560 3669//3669
f 3653//3653 3669//3669 3560//3560
f 3609//3609 3555//3555 3680//3680
f 3511//3511 3680//3680 3555//3555
f 3656//3656 3603//3603 3612//3612
f 3564//3564 3604//3604 3681//3681
f 3681//3681 3604//3604 3643//3643
f 3585//3585 3682//3682 3683//3683
f 3585//3585 3662//3662 3682//3682
f 3632//3632 3662//3662 3583//3583
f 3632//3632 3633//3633 3684//3684
f 3663//3663 3684//3684 3633//3633
f 3663//3663 3631//3631 3685//3685
f 3634//3634 3686//3686 3631//3631
f 3664//3664 3645//3645 3544//3544
f 3587//3587 3677//3677 3598//3598
f 3648//3648 3637//3637 3558//3558
f 3639//3639 3688//3688 3600//3600
f 3507//3507 3689//3689 3522//3522
f 3611//3611 3575//3575 3679//3679
f 3592//3592 3690//3690 3576//3576
f 3670//3670 3654//3654 3691//3691
f 3692//3692 3624//3624 3603//3603
f 3625//3625 3657//3657 3693//3693
f 3613//3613 3694//3694 3657//3657
f 3627//3627 3450//3450 3695//3695
f 3595//3595 3628//3628 3696//3696
f 3672//3672 3605//3605 3697//3697
f 3614//3614 3698//3698 3605//3605
f 3673//3673 3699//3699 3581//3581
f 3673//3673 3580//3580 3700//3700
f 3700//3700 3580//3580 3615//3615
f 3596//3596 3701//3701 3607//3607
f 3501//3501 3617//3617 3702//3702
f 3702//3702 3617//3617 3618//3618
f 3664//3664 3675//3675 3703//3703
f 3619//3619 3687//3687 3545//3545
f 3646//3646 3597//3597 3704//3704
f 3635//3635 3676//3676 3532//3532
f 3688//3688 3665//3665 3600//3600
f 3705//3705 3640//3640 3572//3572
f 3706//3706 3707//3707 3521//3521
f 3706//3706 3521//3521 3588//3588
f 3589//3589 3706//3706 3588//3588
f 3575//3575 3591//3591 3708//3708
f 3591//3591 3669//3669 3708//3708
f 3550//3550 3653//3653 3601//3601
f 3623//3623 3602//3602 3709//3709
f 3602//3602 3577//3577 3710//3710
f 3609//3609 3711//3711 3577//3577
f 3712//3712 3654//3654 3624//3624
f 3603//3603 3656//3656 3692//3692
f 3625//3625 3693//3693 3671//3671
f 3593//3593 3626//3626 3713//3713
f 3450//3450 3642//3642 3695//3695
f 3714//3714 3642//3642 3564//3564
f 3681//3681 3714//3714 3564//3564
f 3715//3715 3681//3681 3643//3643
f 3643//3643 3595//3595 3716//3716
f 3696//3696 3716//3716 3595//3595
f 3717//3717 3628//3628 3644//3644
f 3672//3672 3717//3717 3644//3644
f 3606//3606 3607//3607 3701//3701
f 3659//3659 3718//3718 3616//3616
f 3702//3702 3629//3629 3501//3501
f 3618//3618 3630//3630 3719//3719
f 3662//3662 3632//3632 3720//3720
f 3632//3632 3684//3684 3720//3720
f 3684//3684 3663//3663 3720//3720
f 3721//3721 3720//3720 3663//3663
f 3663//3663 3685//3685 3722//3722
f 3685//3685 3631//3631 3686//3686
f 3543//3543 3645//3645 3723//3723
f 3703//3703 3645//3645 3664//3664
f 3724//3724 3619//3619 3610//3610
f 3610//3610 3646//3646 3724//3724
f 3725//3725 3638//3638 3650//3650
f 3707//3707 3705//3705 3572//3572
f 3572//3572 3521//3521 3707//3707
f 3641//3641 3576//3576 3690//3690
f 3710//3710 3709//3709 3602//3602
f 3511//3511 3586//3586 3680//3680
f 3726//3726 3680//3680 3586//3586
f 3727//3727 3691//3691 3654//3654
f 3654//3654 3712//3712 3727//3727
f 3728//3728 3712//3712 3624//3624
f 3692//3692 3728//3728 3624//3624
f 3729//3729 3694//3694 3613//3613
f 3626//3626 3627//3627 3713//3713
f 3730//3730 3713//3713 3627//3627
f 3731//3731 3696//3696 3628//3628
f 3717//3717 3731//3731 3628//3628
f 3697//3697 3605//3605 3698//3698
f 3698//3698 3614//3614 3732//3732
f 3673//3673 3733//3733 3699//3699
f 3701//3701 3658//3658 3606//3606
f 3582//3582 3616//3616 3718//3718
f 3719//3719 3734//3734 3618//3618
f 3663//3663 3722//3722 3721//3721
f 3735//3735 3722//3722 3685//3685
f 3686//3686 3735//3735 3685//3685
f 3686//3686 3634//3634 3736//3736
f 3703//3703 3675//3675 3737//3737
f 3578//3578 3493//3493 3738//3738
f 3525//3525 3495//3495 3739//3739
f 3548//3548 3557//3557 3740//3740
f 3557//3557 3637//3637 3740//3740
f 3741//3741 3740//3740 3637//3637
f 3742//3742 3649//3649 3638//3638
f 3665//3665 3650//3650 3622//3622
f 3522//3522 3689//3689 3549//3549
f 3623//3623 3744//3744 3592//3592
f 3745//3745 3711//3711 3609//3609
f 3745//3745 3609//3609 3680//3680
f 3746//3746 3692//3692 3656//3656
f 3656//3656 3671//3671 3746//3746
f 3693//3693 3746//3746 3671//3671
f 3593//3593 3729//3729 3613//3613
f 3747//3747 3730//3730 3627//3627
f 3627//3627 3695//3695 3747//3747
f 3642//3642 3747//3747 3695//3695
f 3715//3715 3714//3714 3681//3681
f 3733//3733 3673//3673 3748//3748
f 3615//3615 3749//3749 3700//3700
f 3750//3750 3596//3596 3582//3582
f 3718//3718 3750//3750 3582//3582
f 3629//3629 3751//3751 3659//3659
f 3618//3618 3734//3734 3702//3702
f 3661//3661 3660//3660 3752//3752
f 3545//3545 3753//3753 3675//3675
f 3754//3754 3597//3597 3578//3578
f 3493//3493 3676//3676 3755//3755
f 3677//3677 3620//3620 3621//3621
f 3495//3495 3599//3599 3756//3756
f 3648//3648 3649//3649 3757//3757
f 3725//3725 3742//3742 3638//3638
f 3758//3758 3666//3666 3571//3571
f 3706//3706 3589//3589 3743//3743
f 3667//3667 3651//3651 3759//3759
f 3760//3760 3669//3669 3653//3653
f 3711//3711 3710//3710 3577//3577
f 3694//3694 3693//3693 3657//3657
f 3716//3716 3715//3715 3643//3643
f 3717//3717 3672//3672 3761//3761
f 3615//3615 3658//3658 3749//3749
f 3596//3596 3750//3750 3762//3762
f 3763//3763 3718//3718 3659//3659
f 3752//3752 3674//3674 3661//3661
f 3660//3660 3683//3683 3764//3764
f 3683//3683 3682//3682 3765//3765
f 3682//3682 3766//3766 3765//3765
f 3721//3721 3766//3766 3720//3720
f 3703//3703 3737//3737 3768//3768
f 3737//3737 3675//3675 3753//3753
f 3724//3724 3687//3687 3619//3619
f 3704//3704 3724//3724 3646//3646
f 3738//3738 3754//3754 3578//3578
f 3755//3755 3738//3738 3493//3493
f 3620//3620 3677//3677 3769//3769
f 3678//3678 3770//3770 3579//3579
f 3757//3757 3637//3637 3648//3648
f 3650//3650 3665//3665 3771//3771
f 3772//3772 3688//3688 3639//3639
f 3640//3640 3705//3705 3773//3773
f 3774//3774 3759//3759 3651//3651
f 3679//3679 3775//3775 3590//3590
f 3641//3641 3776//3776 3550//3550
f 3744//3744 3690//3690 3592//3592
f 3728//3728 3692//3692 3746//3746
f 3729//3729 3593//3593 3777//3777
f 3778//3778 3748//3748 3673//3673
f 3673//3673 3700//3700 3778//3778
f 3779//3779 3749//3749 3658//3658
f 3658//3658 3701//3701 3779//3779
f 3701//3701 3596//3596 3762//3762
f 3659//3659 3751//3751 3763//3763
f 3734//3734 3629//3629 3702//3702
f 3764//3764 3683//3683 3780//3780
f 3765//3765 3780//3780 3683//3683
f 3766//3766 3721//3721 3781//3781
f 3721//3721 3722//3722 3782//3782
f 3545//3545 3687//3687 3783//3783
f 3635//3635 3636//3636 3784//3784
f 3739//3739 3495//3495 3756//3756
f 3770//3770 3599//3599 3579//3579
f 3785//3785 3707//3707 3706//3706
f 3775//3775 3574//3574 3590//3590
f 3711//3711 3786//3786 3710//3710
f 3787//3787 3691//3691 3788//3788
f 3777//3777 3789//3789 3729//3729
f 3747//3747 3642//3642 3790//3790
f 3731//3731 3717//3717 3791//3791
f 3672//3672 3697//3697 3761//3761
f 3778//3778 3700//3700 3749//3749
f 3792//3792 3719//3719 3630//3630
f 3781//3781 3765//3765 3766//3766
f 3782//3782 3781//3781 3721//3721
f 3703//3703 3793//3793 3645//3645
f 3768//3768 3737//3737 3794//3794
f 3737//3737 3753//3753 3794//3794
f 3676//3676 3635//3635 3795//3795
f 3739//3739 3587//3587 3525//3525
f 3650//3650 3771//3771 3725//3725
f 3796//3796 3772//3772 3666//3666
f 3797//3797 3758//3758 3571//3571
f 3571//3571 3640//3640 3797//3797
f 3640//3640 3773//3773 3797//3797
f 3589//3589 3549//3549 3798//3798
f 3689//3689 3798//3798 3549//3549
f 3776//3776 3653//3653 3550//3550
f 3641//3641 3690//3690 3799//3799
f 3623//3623 3709//3709 3800//3800
f 3711//3711 3745//3745 3801//3801
f 3788//3788 3732//3732 3787//3787
f 3712//3712 3728//3728 3802//3802
f 3694//3694 3729//3729 3789//3789
f 3696//3696 3715//3715 3716//3716
f 3630//3630 3674//3674 3792//3792
f 3674//3674 3752//3752 3803//3803
f 3782//3782 3722//3722 3804//3804
f 3735//3735 3686//3686 3805//3805
f 3736//3736 3805//3805 3686//3686
f 3735//3735 3804//3804 3722//3722
f 3726//3726 3767//3767 3806//3806
f 3723//3723 3645//3645 3793//3793
f 3768//3768 3807//3807 3703//3703
f 3794//3794 3753//3753 3808//3808
f 3636//3636 3620//3620 3809//3809
f 3652//3652 3774//3774 3651//3651
f 3709//3709 3710//3710 3810//3810
f 3786//3786 3810//3810 3710//3710
f 3711//3711 3801//3801 3811//3811
f 3727//3727 3788//3788 3691//3691
f 3777//3777 3593//3593 3713//3713
f 3762//3762 3779//3779 3701//3701
f 3762//3762 3750//3750 3812//3812
f 3813//3813 3750//3750 3718//3718
f 3763//3763 3813//3813 3718//3718
f 3814//3814 3674//3674 3803//3803
f 3803//3803 3752//3752 3815//3815
f 3752//3752 3764//3764 3816//3816
f 3780//3780 3816//3816 3764//3764
f 3809//3809 3784//3784 3636//3636
f 3809//3809 3620//3620 3769//3769
f 3647//3647 3770//3770 3678//3678
f 3741//3741 3637//3637 3817//3817
f 3637//3637 3757//3757 3817//3817
f 3666//3666 3758//3758 3796//3796
f 3818//3818 3689//3689 3507//3507
f 3668//3668 3652//3652 3573//3573
f 3819//3819 3775//3775 3679//3679
f 3708//3708 3820//3820 3575//3575
f 3653//3653 3776//3776 3821//3821
f 3744//3744 3623//3623 3800//3800
f 3800//3800 3709//3709 3810//3810
f 3745//3745 3680//3680 3822//3822
f 3713//3713 3730//3730 3823//3823
f 3747//3747 3824//3824 3730//3730
f 3642//3642 3714//3714 3790//3790
f 3731//3731 3791//3791 3696//3696
f 3761//3761 3697//3697 3825//3825
f 3780//3780 3781//3781 3826//3826
f 3781//3781 3782//3782 3826//3826
f 3827//3827 3807//3807 3768//3768
f 3828//3828 3827//3827 3768//3768
f 3794//3794 3828//3828 3768//3768
f 3808//3808 3829//3829 3794//3794
f 3687//3687 3724//3724 3830//3830
f 3597//3597 3754//3754 3704//3704
f 3756//3756 3599//3599 3831//3831
f 3770//3770 3831//3831 3599//3599
f 3548//3548 3832//3832 3647//3647
f 3740//3740 3833//3833 3548//3548
f 3834//3834 3757//3757 3649//3649
f 3649//3649 3742//3742 3834//3834
f 3758//3758 3797//3797 3796//3796
f 3818//3818 3507//3507 3667//3667
f 3819//3819 3574//3574 3775//3775
f 3679//3679 3575//3575 3820//3820
f 3669//3669 3835//3835 3708//3708
f 3760//3760 3653//3653 3821//3821
f 3680//3680 3726//3726 3822//3822
f 3836//3836 3822//3822 3726//3726
f 3837//3837 3838//3838 3732//3732
f 3732//3732 3788//3788 3837//3837
f 3712//3712 3802//3802 3839//3839
f 3777//3777 3713//3713 3840//3840
f 3824//3824 3823//3823 3730//3730
f 3825//3825 3791//3791 3717//3717
f 3717//3717 3761//3761 3825//3825
f 3825//3825 3697//3697 3698//3698
f 3778//3778 3749//3749 3841//3841
f 3779//3779 3841//3841 3749//3749
f 3763//3763 3751//3751 3813//3813
f 3814//3814 3792//3792 3674//3674
f 3826//3826 3782//3782 3804//3804
f 3805//3805 3842//3842 3735//3735
f 3793//3793 3703//3703 3807//3807
f 3828//3828 3794//3794 3829//3829
f 3545//3545 3783//3783 3843//3843
f 3830//3830 3724//3724 3704//3704
f 3754//3754 3738//3738 3844//3844
f 3833//3833 3832//3832 3548//3548
f 3705//3705 3707//3707 3785//3785
f 3776//3776 3641//3641 3845//3845
f 3690//3690 3744//3744 3846//3846
f 3811//3811 3786//3786 3711//3711
f 3801//3801 3745//3745 3822//3822
f 3726//3726 3806//3806 3836//3836
f 3837//3837 3788//3788 3847//3847
f 3788//3788 3727//3727 3847//3847
f 3848//3848 3847//3847 3727//3727
f 3727//3727 3712//3712 3848//3848
f 3694//3694 3839//3839 3802//3802
f 3840//3840 3713//3713 3823//3823
f 3715//3715 3790//3790 3714//3714
f 3791//3791 3825//3825 3849//3849
f 3732//3732 3850//3850 3698//3698
f 3778//3778 3851//3851 3748//3748
f 3852//3852 3813//3813 3751//3751
f 3751//3751 3629//3629 3852//3852
f 3629//3629 3734//3734 3852//3852
f 3853//3853 3826//3826 3804//3804
f 3804//3804 3735//3735 3853//3853
f 3805//3805 3736//3736 3854//3854
f 3767//3767 3723//3723 3855//3855
f 3793//3793 3855//3855 3723//3723
f 3807//3807 3855//3855 3793//3793
f 3856//3856 3829//3829 3808//3808
f 3843//3843 3808//3808 3753//3753
f 3783//3783 3687//3687 3830//3830
f 3755//3755 3676//3676 3857//3857
f 3635//3635 3784//3784 3858//3858
f 3587//3587 3739//3739 3677//3677
f 3859//3859 3817//3817 3757//3757
f 3742//3742 3725//3725 3860//3860
f 3725//3725 3771//3771 3860//3860
f 3772//3772 3796//3796 3861//3861
f 3652//3652 3668//3668 3862//3862
f 3799//3799 3863//3863 3641//3641
f 3744//3744 3800//3800 3846//3846
f 3789//3789 3777//3777 3864//3864
f 3777//3777 3840//3840 3865//3865
f 3825//3825 3698//3698 3850//3850
f 3838//3838 3850//3850 3732//3732
f 3851//3851 3778//3778 3866//3866
f 3779//3779 3762//3762 3867//3867
f 3868//3868 3852//3852 3734//3734
f 3719//3719 3868//3868 3734//3734
f 3869//3869 3719//3719 3792//3792
f 3803//3803 3815//3815 3870//3870
f 3815//3815 3816//3816 3871//3871
f 3853//3853 3871//3871 3816//3816
f 3816//3816 3826//3826 3853//3853
f 3842//3842 3853//3853 3735//3735
f 3545//3545 3843//3843 3753//3753
f 3795//3795 3857//3857 3676//3676
f 3858//3858 3795//3795 3635//3635
f 3872//3872 3784//3784 3809//3809
f 3873//3873 3874//3874 3769//3769
f 3677//3677 3873//3873 3769//3769
f 3756//3756 3831//3831 3875//3875
f 3740//3740 3741//3741 3876//3876
f 3797//3797 3773//3773 3877//3877
f 3878//3878 3773//3773 3705//3705
f 3743//3743 3589//3589 3798//3798
f 3776//3776 3845//3845 3821//3821
f 3863//3863 3845//3845 3641//3641
f 3846//3846 3799//3799 3690//3690
f 3810//3810 3786//3786 3879//3879
f 3836//3836 3806//3806 3880//3880
f 3881//3881 3880//3880 3806//3806
f 3848//3848 3712//3712 3882//3882
f 3839//3839 3882//3882 3712//3712
f 3865//3865 3864//3864 3777//3777
f 3841//3841 3866//3866 3778//3778
f 3750//3750 3813//3813 3883//3883
f 3884//3884 3814//3814 3803//3803
f 3803//3803 3870//3870 3884//3884
f 3871//3871 3870//3870 3815//3815
f 3842//3842 3805//3805 3885//3885
f 3854//3854 3885//3885 3805//3805
f 3828//3828 3886//3886 3827//3827
f 3829//3829 3856//3856 3887//3887
f 3888//3888 3830//3830 3704//3704
f 3889//3889 3872//3872 3809//3809
f 3809//3809 3769//3769 3890//3890
f 3874//3874 3890//3890 3769//3769
f 3876//3876 3833//3833 3740//3740
f 3757//3757 3834//3834 3859//3859
f 3796//3796 3797//3797 3877//3877
f 3705//3705 3785//3785 3878//3878
f 3818//3818 3891//3891 3689//3689
f 3669//3669 3760//3760 3835//3835
f 3811//3811 3892//3892 3786//3786
f 3801//3801 3822//3822 3893//3893
f 3694//3694 3789//3789 3839//3839
f 3823//3823 3824//3824 3894//3894
f 3715//3715 3696//3696 3895//3895
f 3696//3696 3791//3791 3849//3849
f 3838//3838 3896//3896 3850//3850
f 3867//3867 3841//3841 3779//3779
f 3867//3867 3762//3762 3812//3812
f 3883//3883 3812//3812 3750//3750
f 3897//3897 3887//3887 3856//3856
f 3898//3898 3897//3897 3856//3856
f 3856//3856 3808//3808 3898//3898
f 3808//3808 3843//3843 3898//3898
f 3844//3844 3888//3888 3704//3704
f 3704//3704 3754//3754 3844//3844
f 3858//3858 3784//3784 3899//3899
f 3872//3872 3899//3899 3784//3784
f 3831//3831 3770//3770 3900//3900
f 3770//3770 3647//3647 3900//3900
f 3771//3771 3665//3665 3902//3902
f 3903//3903 3688//3688 3772//3772
f 3772//3772 3861//3861 3903//3903
f 3759//3759 3818//3818 3667//3667
f 3904//3904 3668//3668 3574//3574
f 3574//3574 3819//3819 3905//3905
f 3906//3906 3799//3799 3846//3846
f 3894//3894 3840//3840 3823//3823
f 3812//3812 3883//3883 3907//3907
f 3719//3719 3869//3869 3868//3868
f 3853//3853 3842//3842 3908//3908
f 3885//3885 3908//3908 3842//3842
f 3855//3855 3880//3880 3881//3881
f 3855//3855 3807//3807 3909//3909
f 3910//3910 3843//3843 3783//3783
f 3738//3738 3755//3755 3911//3911
f 3647//3647 3832//3832 3900//3900
f 3860//3860 3901//3901 3742//3742
f 3665//3665 3688//3688 3912//3912
f 3688//3688 3903//3903 3912//3912
f 3878//3878 3877//3877 3773//3773
f 3743//3743 3913//3913 3706//3706
f 3818//3818 3759//3759 3914//3914
f 3800//3800 3810//3810 3915//3915
f 3892//3892 3879//3879 3786//3786
f 3811//3811 3801//3801 3916//3916
f 3801//3801 3893//3893 3916//3916
f 3864//3864 3917//3917 3789//3789
f 3895//3895 3790//3790 3715//3715
f 3896//3896 3849//3849 3825//3825
f 3825//3825 3850//3850 3896//3896
f 3918//3918 3883//3883 3813//3813
f 3918//3918 3813//3813 3919//3919
f 3792//3792 3814//3814 3869//3869
f 3908//3908 3871//3871 3853//3853
f 3854//3854 3920//3920 3885//3885
f 3822//3822 3836//3836 3893//3893
f 3921//3921 3893//3893 3836//3836
f 3880//3880 3921//3921 3836//3836
f 3828//3828 3829//3829 3922//3922
f 3829//3829 3887//3887 3922//3922
f 3923//3923 3924//3924 3887//3887
f 3887//3887 3897//3897 3923//3923
f 3898//3898 3843//3843 3925//3925
f 3783//3783 3830//3830 3910//3910
f 3830//3830 3888//3888 3926//3926
f 3888//3888 3844//3844 3926//3926
f 3755//3755 3857//3857 3911//3911
f 3795//3795 3858//3858 3899//3899
f 3927//3927 3889//3889 3809//3809
f 3809//3809 3890//3890 3927//3927
f 3875//3875 3739//3739 3756//3756
f 3928//3928 3817//3817 3859//3859
f 3901//3901 3834//3834 3742//3742
f 3929//3929 3774//3774 3652//3652
f 3930//3930 3835//3835 3760//3760
f 3906//3906 3846//3846 3915//3915
f 3846//3846 3800//3800 3915//3915
f 3879//3879 3915//3915 3810//3810
f 3838//3838 3837//3837 3931//3931
f 3837//3837 3847//3847 3932//3932
f 3847//3847 3848//3848 3932//3932
f 3839//3839 3789//3789 3917//3917
f 3895//3895 3696//3696 3933//3933
f 3849//3849 3933//3933 3696//3696
f 3896//3896 3838//3838 3931//3931
f 3866//3866 3841//3841 3934//3934
f 3867//3867 3812//3812 3935//3935
f 3852//3852 3919//3919 3813//3813
f 3936//3936 3884//3884 3870//3870
f 3937//3937 3936//3936 3870//3870
f 3871//3871 3937//3937 3870//3870
f 3886//3886 3938//3938 3827//3827
f 3886//3886 3828//3828 3939//3939
f 3828//3828 3922//3922 3939//3939
f 3843//3843 3910//3910 3925//3925
f 3926//3926 3910//3910 3830//3830
f 3844//3844 3738//3738 3940//3940
f 3941//3941 3900//3900 3832//3832
f 3942//3942 3876//3876 3741//3741
f 3741//3741 3817//3817 3942//3942
f 3901//3901 3860//3860 3943//3943
f 3879//3879 3892//3892 3944//3944
f 3916//3916 3893//3893 3945//3945
f 3839//3839 3917//3917 3882//3882
f 3934//3934 3841//3841 3867//3867
f 3883//3883 3918//3918 3946//3946
f 3814//3814 3884//3884 3947//3947
f 3871//3871 3908//3908 3937//3937
f 3908//3908 3885//3885 3948//3948
f 3920//3920 3948//3948 3885//3885
f 3807//3807 3827//3827 3909//3909
f 3938//3938 3909//3909 3827//3827
f 3926//3926 3925//3925 3910//3910
f 3899//3899 3872//3872 3949//3949
f 3872//3872 3889//3889 3949//3949
f 3859//3859 3834//3834 3950//3950
f 3951//3951 3903//3903 3861//3861
f 3652//3652 3862//3862 3929//3929
f 3574//3574 3905//3905 3904//3904
f 3952//3952 3819//3819 3679//3679
f 3882//3882 3953//3953 3848//3848
f 3824//3824 3954//3954 3894//3894
f 3824//3824 3747//3747 3955//3955
f 3851//3851 3866//3866 3956//3956
f 3934//3934 3956//3956 3866//3866
f 3935//3935 3934//3934 3867//3867
f 3935//3935 3812//3812 3907//3907
f 3936//3936 3947//3947 3884//3884
f 3948//3948 3937//3937 3908//3908
f 3957//3957 3923//3923 3897//3897
f 3925//3925 3957//3957 3897//3897
f 3897//3897 3898//3898 3925//3925
f 3925//3925 3926//3926 3958//3958
f 3738//3738 3911//3911 3940//3940
f 3832//3832 3833//3833 3941//3941
f 3834//3834 3901//3901 3950//3950
f 3860//3860 3771//3771 3943//3943
f 3912//3912 3902//3902 3665//3665
f 3959//3959 3951//3951 3877//3877
f 3877//3877 3878//3878 3960//3960
f 3913//3913 3785//3785 3706//3706
f 3891//3891 3798//3798 3689//3689
f 3961//3961 3914//3914 3759//3759
f 3820//3820 3952//3952 3679//3679
f 3931//3931 3837//3837 3962//3962
f 3864//3864 3865//3865 3963//3963
f 3865//3865 3840//3840 3963//3963
f 3894//3894 3964//3964 3840//3840
f 3919//3919 3852//3852 3965//3965
f 3966//3966 3947//3947 3936//3936
f 3920//3920 3967//3967 3948//3948
f 3924//3924 3923//3923 3968//3968
f 3957//3957 3968//3968 3923//3923
f 3969//3969 3958//3958 3926//3926
f 3926//3926 3844//3844 3969//3969
f 3940//3940 3969//3969 3844//3844
f 3928//3928 3942//3942 3817//3817
f 3928//3928 3859//3859 3970//3970
f 3859//3859 3950//3950 3970//3970
f 3971//3971 3771//3771 3902//3902
f 3759//3759 3774//3774 3961//3961
f 3760//3760 3821//3821 3930//3930
f 3845//3845 3863//3863 3821//3821
f 3972//3972 3973//3973 3811//3811
f 3811//3811 3916//3916 3972//3972
f 3921//3921 3945//3945 3893//3893
f 3974//3974 3880//3880 3855//3855
f 3909//3909 3975//3975 3855//3855
f 3886//3886 3976//3976 3938//3938
f 3931//3931 3962//3962 3977//3977
f 3837//3837 3932//3932 3962//3962
f 3953//3953 3932//3932 3848//3848
f 3840//3840 3964//3964 3963//3963
f 3954//3954 3964//3964 3894//3894
f 3956//3956 3978//3978 3851//3851
f 3934//3934 3935//3935 3979//3979
f 3980//3980 3868//3868 3869//3869
f 3795//3795 3981//3981 3857//3857
f 3949//3949 3889//3889 3982//3982
f 3831//3831 3900//3900 3875//3875
f 3983//3983 3950//3950 3901//3901
f 3984//3984 3983//3983 3901//3901
f 3943//3943 3984//3984 3901//3901
f 3960//3960 3959//3959 3877//3877
f 3944//3944 3915//3915 3879//3879
f 3973//3973 3985//3985 3892//3892
f 3892//3892 3811//3811 3973//3973
f 3922//3922 3924//3924 3986//3986
f 3747//3747 3790//3790 3955//3955
f 3988//3988 3849//3849 3896//3896
f 3979//3979 3935//3935 3989//3989
f 3935//3935 3907//3907 3989//3989
f 3946//3946 3907//3907 3883//3883
f 3919//3919 3946//3946 3918//3918
f 3990//3990 3852//3852 3868//3868
f 3869//3869 3814//3814 3991//3991
f 3814//3814 3947//3947 3991//3991
f 3948//3948 3992//3992 3937//3937
f 3993//3993 3994//3994 3968//3968
f 3968//3968 3957//3957 3993//3993
f 3995//3995 3993//3993 3957//3957
f 3925//3925 3995//3995 3957//3957
f 3925//3925 3958//3958 3996//3996
f 3857//3857 3981//3981 3911//3911
f 3795//3795 3899//3899 3981//3981
f 3997//3997 3873//3873 3677//3677
f 3998//3998 3997//3997 3677//3677
f 3677//3677 3739//3739 3998//3998
f 3875//3875 3998//3998 3739//3739
f 3941//3941 3833//3833 3876//3876
f 3999//3999 3942//3942 3928//3928
f 3928//3928 3970//3970 3999//3999
f 3912//3912 3903//3903 4000//4000
f 3960//3960 3878//3878 4001//4001
f 3878//3878 3785//3785 4001//4001
f 4002//4002 4001//4001 3785//3785
f 3914//3914 3891//3891 3818//3818
f 3708//3708 3835//3835 4003//4003
f 3906//3906 3915//3915 4004//4004
f 4005//4005 4004//4004 3915//3915
f 3916//3916 3945//3945 4006//4006
f 3974//3974 3855//3855 3975//3975
f 3939//3939 4007//4007 3976//3976
f 3976//3976 3886//3886 3939//3939
f 3962//3962 3932//3932 4008//4008
f 3932//3932 3953//3953 4008//4008
f 3963//3963 4009//4009 3864//3864
f 4010//4010 3964//3964 3954//3954
f 3790//3790 3895//3895 3987//3987
f 3896//3896 3931//3931 3988//3988
f 3907//3907 3946//3946 3989//3989
f 3991//3991 3980//3980 3869//3869
f 3966//3966 3936//3936 4011//4011
f 4012//4012 3922//3922 3986//3986
f 3924//3924 3968//3968 3986//3986
f 3994//3994 3986//3986 3968//3968
f 3996//3996 3995//3995 3925//3925
f 3899//3899 3949//3949 4013//4013
f 3949//3949 3982//3982 4013//4013
f 3950//3950 3983//3983 4014//4014
f 4015//4015 3984//3984 3943//3943
f 3971//3971 4015//4015 3943//3943
f 3943//3943 3771//3771 3971//3971
f 4000//4000 3902//3902 3912//3912
f 3903//3903 4016//4016 4000//4000
f 3785//3785 3913//3913 4002//4002
f 3798//3798 3891//3891 3914//3914
f 3774//3774 3929//3929 4017//4017
f 4018//4018 3929//3929 3862//3862
f 3944//3944 3892//3892 4019//4019
f 3892//3892 3985//3985 4019//4019
f 4020//4020 3972//3972 3916//3916
f 3977//3977 3988//3988 3931//3931
f 3953//3953 3882//3882 4021//4021
f 4009//4009 3917//3917 3864//3864
f 3955//3955 3954//3954 3824//3824
f 4022//4022 3987//3987 3895//3895
f 3895//3895 3933//3933 4023//4023
f 3988//3988 3933//3933 3849//3849
f 3936//3936 3937//3937 3992//3992
f 4024//4024 4006//4006 3945//3945
f 3921//3921 4024//4024 3945//3945
f 4025//4025 3996//3996 3958//3958
f 3958//3958 3969//3969 4026//4026
f 3981//3981 3899//3899 4013//4013
f 3889//3889 3927//3927 4027//4027
f 4028//4028 3890//3890 3874//3874
f 3874//3874 3873//3873 4028//4028
f 3875//3875 3900//3900 4029//4029
f 4029//4029 3900//3900 4030//4030
f 3950//3950 4031//4031 3970//3970
f 3950//3950 4014//4014 4031//4031
f 3983//3983 4032//4032 4014//4014
f 3983//3983 3984//3984 4032//4032
f 4019//4019 3915//3915 3944//3944
f 4008//4008 3977//3977 3962//3962
f 4021//4021 3882//3882 4033//4033
f 3882//3882 3917//3917 4033//4033
f 4033//4033 3917//3917 4034//4034
f 4035//4035 4009//4009 3963//3963
f 4022//4022 3895//3895 4023//4023
f 3933//3933 3988//3988 4023//4023
f 3956//3956 3934//3934 4036//4036
f 3868//3868 3980//3980 3990//3990
f 4037//4037 3991//3991 3947//3947
f 3947//3947 3966//3966 4037//4037
f 3992//3992 4011//4011 3936//3936
f 3996//3996 3993//3993 3995//3995
f 3940//3940 4026//4026 3969//3969
f 4027//4027 3982//3982 3889//3889
f 3873//3873 3997//3997 4028//4028
f 3900//3900 3941//3941 4030//4030
f 3960//3960 4001//4001 3959//3959
f 3743//3743 3798//3798 3913//3913
f 4017//4017 3961//3961 3774//3774
f 3905//3905 3819//3819 4038//4038
f 3819//3819 3952//3952 4039//4039
f 3952//3952 3820//3820 4040//4040
f 4040//4040 3708//3708 4003//4003
f 3880//3880 4024//4024 3921//3921
f 3986//3986 4041//4041 4012//4012
f 3963//3963 3964//3964 4035//4035
f 4010//4010 4035//4035 3964//3964
f 3979//3979 4036//4036 3934//3934
f 3990//3990 3965//3965 3852//3852
f 4011//4011 4037//4037 3966//3966
f 3992//3992 3948//3948 4042//4042
f 3948//3948 3967//3967 4042//4042
f 3967//3967 3920//3920 4043//4043
f 3958//3958 4026//4026 4025//4025
f 4044//4044 3911//3911 3981//3981
f 4013//4013 4044//4044 3981//3981
f 3927//3927 3890//3890 4045//4045
f 3890//3890 4028//4028 4045//4045
f 4046//4046 3997//3997 3998//3998
f 4047//4047 4030//4030 3941//3941
f 3941//3941 3876//3876 4047//4047
f 3999//3999 3970//3970 4048//4048
f 4032//4032 3984//3984 4015//4015
f 4049//4049 4000//4000 4016//4016
f 4050//4050 3913//3913 3798//3798
f 3904//3904 4018//4018 3862//3862
f 3904//3904 3862//3862 3668//3668
f 3708//3708 4040//4040 3820//3820
f 3799//3799 3906//3906 4051//4051
f 4004//4004 4051//4051 3906//3906
f 4034//4034 3917//3917 4009//4009
f 4010//4010 3954//3954 4052//4052
f 3955//3955 4052//4052 3954//3954
f 3946//3946 3919//3919 4053//4053
f 3994//3994 3993//3993 4054//4054
f 3993//3993 3996//3996 4055//4055
f 3876//3876 3942//3942 4047//4047
f 4056//4056 4047//4047 3942//3942
f 3999//3999 4056//4056 3942//3942
f 4031//4031 4048//4048 3970//3970
f 4057//4057 4014//4014 4032//4032
f 4038//4038 3904//3904 3905//3905
f 4006//4006 4020//4020 3916//3916
f 3986//3986 4058//4058 4059//4059
f 4021//4021 4060//4060 4008//4008
f 4008//4008 3953//3953 4021//4021
f 4035//4035 4010//4010 4061//4061
f 3956//3956 4062//4062 3978//3978
f 3965//3965 4053//4053 3919//3919
f 4042//4042 3967//3967 4063//4063
f 4043//4043 4063//4063 3967//3967
f 4055//4055 4054//4054 3993//3993
f 3996//3996 4025//4025 4055//4055
f 4064//4064 4026//4026 3940//3940
f 4065//4065 4064//4064 3940//3940
f 3911//3911 4065//4065 3940//3940
f 4066//4066 3927//3927 4045//4045
f 4046//4046 4028//4028 3997//3997
f 4067//4067 4049//4049 4016//4016
f 4016//4016 3951//3951 4067//4067
f 4068//4068 3959//3959 4001//4001
f 4069//4069 4002//4002 3913//3913
f 4017//4017 3929//3929 4070//4070
f 4071//4071 3835//3835 3930//3930
f 3821//3821 3863//3863 4072//4072
f 4024//4024 3880//3880 4073//4073
f 4074//4074 4007//4007 3939//3939
f 4041//4041 4074//4074 3939//3939
f 3986//3986 4059//4059 4041//4041
f 3955//3955 3790//3790 4075//4075
f 4076//4076 4023//4023 3988//3988
f 3956//3956 4036//4036 4077//4077
f 4011//4011 3992//3992 4078//4078
f 3992//3992 4042//4042 4078//4078
f 4079//4079 4078//4078 4042//4042
f 4063//4063 4079//4079 4042//4042
f 4062//4062 3956//3956 4077//4077
f 4080//4080 4036//4036 3979//3979
f 3979//3979 3989//3989 4080//4080
f 4081//4081 4080//4080 3989//3989
f 4054//4054 4082//4082 3994//3994
f 4083//4083 4055//4055 4025//4025
f 3982//3982 4027//4027 4084//4084
f 4066//4066 4027//4027 3927//3927
f 3998//3998 3875//3875 4085//4085
f 4029//4029 4085//4085 3875//3875
f 4086//4086 4031//4031 4014//4014
f 3971//3971 3902//3902 4087//4087
f 3951//3951 3959//3959 4088//4088
f 4089//4089 4001//4001 4002//4002
f 3914//3914 4090//4090 3798//3798
f 3821//3821 4072//4072 3930//3930
f 4073//4073 4006//4006 4024//4024
f 4091//4091 3974//3974 3975//3975
f 4092//4092 3909//3909 3938//3938
f 3976//3976 4092//4092 3938//3938
f 4058//4058 4093//4093 4059//4059
f 3977//3977 4076//4076 3988//3988
f 4021//4021 4033//4033 4094//4094
f 3989//3989 3946//3946 4081//4081
f 4095//4095 3980//3980 3991//3991
f 3977//3977 4008//4008 4096//4096
f 4008//4008 4060//4060 4096//4096
f 4034//4034 4094//4094 4033//4033
f 4035//4035 4061//4061 4097//4097
f 4052//4052 4097//4097 4061//4061
f 4022//4022 4023//4023 4098//4098
f 4099//4099 4082//4082 4054//4054
f 4100//4100 4065//4065 3911//3911
f 3911//3911 4044//4044 4100//4100
f 4101//4101 4044//4044 4013//4013
f 4084//4084 4101//4101 4013//4013
f 4084//4084 4013//4013 3982//3982
f 4029//4029 4030//4030 4102//4102
f 4086//4086 4014//4014 4057//4057
f 4015//4015 3971//3971 4103//4103
f 4090//4090 4050//4050 3798//3798
f 4017//4017 4104//4104 3961//3961
f 4039//4039 4038//4038 3819//3819
f 4051//4051 3863//3863 3799//3799
f 4105//4105 3985//3985 3973//3973
f 3973//3973 3972//3972 4106//4106
f 4078//4078 4107//4107 4011//4011
f 4108//4108 4079//4079 4063//4063
f 4025//4025 4026//4026 4083//4083
f 4044//4044 4101//4101 4100//4100
f 4028//4028 4046//4046 4045//4045
f 4085//4085 4046//4046 3998//3998
f 4029//4029 4102//4102 4085//4085
f 4030//4030 4047//4047 4109//4109
f 4110//4110 4109//4109 4047//4047
f 3971//3971 4087//4087 4111//4111
f 4049//4049 4067//4067 4112//4112
f 3951//3951 4088//4088 4067//4067
f 4069//4069 4089//4089 4002//4002
f 4113//4113 4090//4090 3914//3914
f 4019//4019 4005//4005 3915//3915
f 4106//4106 4105//4105 3973//3973
f 4094//4094 4060//4060 4021//4021
f 4034//4034 4009//4009 4115//4115
f 4098//4098 3987//3987 4022//4022
f 3974//3974 4091//4091 3880//3880
f 4091//4091 3975//3975 4116//4116
f 3909//3909 4116//4116 3975//3975
f 4092//4092 3976//3976 4007//4007
f 4117//4117 4093//4093 4058//4058
f 4118//4118 4117//4117 4058//4058
f 4058//4058 4082//4082 4118//4118
f 4082//4082 4099//4099 4119//4119
f 4101//4101 4084//4084 4120//4120
f 4066//4066 4084//4084 4027//4027
f 4045//4045 4046//4046 4121//4121
f 4085//4085 4121//4121 4046//4046
f 4109//4109 4102//4102 4030//4030
f 4056//4056 4110//4110 4047//4047
f 4048//4048 4031//4031 4122//4122
f 4032//4032 4015//4015 4103//4103
f 4111//4111 4103//4103 3971//3971
f 4123//4123 3902//3902 4000//4000
f 3913//3913 4050//4050 4124//4124
f 4125//4125 4018//4018 3904//3904
f 4126//4126 4114//4114 3930//3930
f 3863//3863 4051//4051 4072//4072
f 4127//4127 4106//4106 3972//3972
f 3972//3972 4020//4020 4127//4127
f 4073//4073 3880//3880 4091//4091
f 4128//4128 4076//4076 3977//3977
f 4096//4096 4128//4128 3977//3977
f 4115//4115 4094//4094 4034//4034
f 3790//3790 3987//3987 4075//4075
f 4077//4077 4129//4129 4062//4062
f 4130//4130 3990//3990 3980//3980
f 4095//4095 4130//4130 3980//3980
f 4131//4131 4037//4037 4011//4011
f 4107//4107 4131//4131 4011//4011
f 4063//4063 4043//4043 4108//4108
f 4074//4074 4041//4041 4132//4132
f 4059//4059 4132//4132 4041//4041
f 4055//4055 4083//4083 4054//4054
f 4064//4064 4083//4083 4026//4026
f 4133//4133 4134//4134 4045//4045
f 4135//4135 4133//4133 4045//4045
f 4121//4121 4135//4135 4045//4045
f 4085//4085 4102//4102 4136//4136
f 4137//4137 4056//4056 3999//3999
f 4048//4048 4137//4137 3999//3999
f 4086//4086 4122//4122 4031//4031
f 3902//3902 4123//4123 4087//4087
f 4073//4073 4138//4138 4006//4006
f 4052//4052 3955//3955 4139//4139
f 4139//4139 3955//3955 4075//4075
f 4140//4140 4023//4023 4076//4076
f 4053//4053 4081//4081 3946//3946
f 4107//4107 4078//4078 4141//4141
f 4078//4078 4079//4079 4141//4141
f 4108//4108 4043//4043 4142//4142
f 4096//4096 4060//4060 4143//4143
f 4009//4009 4035//4035 4144//4144
f 4145//4145 4097//4097 4052//4052
f 4098//4098 4023//4023 4140//4140
f 3904//3904 4038//4038 4125//4125
f 3835//3835 4146//4146 4003//4003
f 4071//4071 3930//3930 4114//4114
f 4004//4004 4005//4005 4147//4147
f 4005//4005 4019//4019 4148//4148
f 4149//4149 4054//4054 4083//4083
f 4083//4083 4064//4064 4149//4149
f 4064//4064 4065//4065 4149//4149
f 4120//4120 4100//4100 4101//4101
f 4136//4136 4121//4121 4085//4085
f 4102//4102 4109//4109 4151//4151
f 4086//4086 4057//4057 4152//4152
f 4153//4153 4152//4152 4057//4057
f 4032//4032 4153//4153 4057//4057
f 4049//4049 4123//4123 4000//4000
f 4049//4049 4112//4112 4154//4154
f 4131//4131 4155//4155 4037//4037
f 4060//4060 4094//4094 4156//4156
f 4144//4144 4115//4115 4009//4009
f 4157//4157 4035//4035 4097//4097
f 4139//4139 4145//4145 4052//4052
f 4132//4132 4059//4059 4158//4158
f 4093//4093 4158//4158 4059//4059
f 4118//4118 4082//4082 4159//4159
f 4054//4054 4149//4149 4160//4160
f 4100//4100 4161//4161 4065//4065
f 4100//4100 4150//4150 4162//4162
f 4100//4100 4120//4120 4150//4150
f 4120//4120 4084//4084 4163//4163
f 4084//4084 4066//4066 4134//4134
f 4066//4066 4045//4045 4134//4134
f 4133//4133 4135//4135 4164//4164
f 4135//4135 4121//4121 4165//4165
f 4151//4151 4136//4136 4102//4102
f 4166//4166 4167//4167 4056//4056
f 4137//4137 4166//4166 4056//4056
f 4153//4153 4032//4032 4103//4103
f 3959//3959 4068//4068 4089//4089
f 4068//4068 4001//4001 4089//4089
f 3913//3913 4124//4124 4069//4069
f 4104//4104 4113//4113 3914//3914
f 3914//3914 3961//3961 4104//4104
f 4104//4104 4017//4017 4168//4168
f 4018//4018 4070//4070 3929//3929
f 4072//4072 4051//4051 4169//4169
f 3985//3985 4148//4148 4019//4019
f 4170//4170 4127//4127 4020//4020
f 4155//4155 3991//3991 4037//4037
f 4079//4079 4108//4108 4171//4171
f 4142//4142 4171//4171 4108//4108
f 4142//4142 4129//4129 4172//4172
f 4116//4116 4173//4173 4091//4091
f 4149//4149 4065//4065 4161//4161
f 4162//4162 4161//4161 4100//4100
f 4174//4174 4150//4150 4120//4120
f 4120//4120 4163//4163 4174//4174
f 4175//4175 4163//4163 4084//4084
f 4084//4084 4134//4134 4175//4175
f 4133//4133 4164//4164 4176//4176
f 4164//4164 4135//4135 4165//4165
f 4136//4136 4165//4165 4121//4121
f 4124//4124 4050//4050 4090//4090
f 4006//4006 4170//4170 4020//4020
f 4167//4167 4177//4177 4110//4110
f 4128//4128 4096//4096 4143//4143
f 4094//4094 4115//4115 4178//4178
f 4144//4144 4035//4035 4157//4157
f 4145//4145 4157//4157 4097//4097
f 4075//4075 3987//3987 4179//4179
f 4095//4095 3991//3991 4180//4180
f 4107//4107 4141//4141 4181//4181
f 4116//4116 3909//3909 4092//4092
f 4182//4182 4116//4116 4092//4092
f 4007//4007 4183//4183 4092//4092
f 4054//4054 4160//4160 4099//4099
f 4174//4174 4162//4162 4150//4150
f 4174//4174 4163//4163 4184//4184
f 4185//4185 4137//4137 4048//4048
f 4122//4122 4185//4185 4048//4048
f 4186//4186 4122//4122 4086//4086
f 4103//4103 4111//4111 4187//4187
f 4017//4017 4070//4070 4168//4168
f 4114//4114 4146//4146 3835//3835
f 4071//4071 4114//4114 3835//3835
f 3930//3930 4072//4072 4126//4126
f 4188//4188 4148//4148 3985//3985
f 4189//4189 4177//4177 4190//4190
f 4177//4177 4167//4167 4190//4190
f 4156//4156 4143//4143 4060//4060
f 4191//4191 4156//4156 4094//4094
f 4191//4191 4094//4094 4178//4178
f 4115//4115 4144//4144 4192//4192
f 4193//4193 4131//4131 4107//4107
f 4181//4181 4193//4193 4107//4107
f 4077//4077 4194//4194 4129//4129
f 4080//4080 4081//4081 4195//4195
f 4130//4130 3965//3965 3990//3990
f 4190//4190 4196//4196 4189//4189
f 4185//4185 4122//4122 4197//4197
f 4152//4152 4186//4186 4086//4086
f 4087//4087 4198//4198 4111//4111
f 4199//4199 4090//4090 4113//4113
f 4200//4200 4125//4125 4038//4038
f 4040//4040 4003//4003 4201//4201
f 4105//4105 4188//4188 3985//3985
f 4170//4170 4006//4006 4138//4138
f 4074//4074 4183//4183 4007//4007
f 4098//4098 4179//4179 3987//3987
f 4119//4119 4202//4202 4082//4082
f 4162//4162 4174//4174 4203//4203
f 4175//4175 4184//4184 4163//4163
f 4176//4176 4134//4134 4133//4133
f 4164//4164 4165//4165 4204//4204
f 4165//4165 4136//4136 4205//4205
f 4172//4172 4129//4129 4194//4194
f 4053//4053 4195//4195 4081//4081
f 4180//4180 4130//4130 4095//4095
f 4206//4206 4190//4190 4167//4167
f 4137//4137 4185//4185 4207//4207
f 4208//4208 4187//4187 4111//4111
f 4169//4169 4126//4126 4072//4072
f 4138//4138 4073//4073 4209//4209
f 4091//4091 4209//4209 4073//4073
f 4117//4117 4118//4118 4210//4210
f 4202//4202 4159//4159 4082//4082
f 4119//4119 4099//4099 4211//4211
f 4212//4212 4211//4211 4099//4099
f 4212//4212 4099//4099 4160//4160
f 4161//4161 4160//4160 4149//4149
f 4213//4213 4214//4214 4184//4184
f 4175//4175 4213//4213 4184//4184
f 4134//4134 4176//4176 4215//4215
f 4204//4204 4216//4216 4176//4176
f 4176//4176 4164//4164 4204//4204
f 4192//4192 4178//4178 4115//4115
f 4157//4157 4145//4145 4217//4217
f 4141//4141 4079//4079 4218//4218
f 4171//4171 4218//4218 4079//4079
f 4190//4190 4219//4219 4196//4196
f 4206//4206 4167//4167 4166//4166
f 4166//4166 4137//4137 4207//4207
f 4186//4186 4220//4220 4122//4122
f 4208//4208 4111//4111 4198//4198
f 4049//4049 4154//4154 4123//4123
f 4221//4221 4112//4112 4067//4067
f 4067//4067 4088//4088 4221//4221
f 3959//3959 4089//4089 4222//4222
f 4038//4038 4039//4039 4223//4223
f 4003//4003 4146//4146 4224//4224
f 4148//4148 4147//4147 4005//4005
f 4173//4173 4209//4209 4091//4091
f 4182//4182 4092//4092 4183//4183
f 4225//4225 4183//4183 4074//4074
f 4132//4132 4158//4158 4226//4226
f 4093//4093 4117//4117 4227//4227
f 4202//4202 4119//4119 4228//4228
f 4119//4119 4211//4211 4228//4228
f 4229//4229 4160//4160 4161//4161
f 4161//4161 4162//4162 4229//4229
f 4213//4213 4230//4230 4214//4214
f 4213//4213 4175//4175 4231//4231
f 4175//4175 4134//4134 4215//4215
f 4205//4205 4204//4204 4165//4165
f 4131//4131 4193//4193 4155//4155
f 4181//4181 4141//4141 4232//4232
f 4141//4141 4218//4218 4232//4232
f 4194//4194 4077//4077 4036//4036
f 3965//3965 4234//4234 4053//4053
f 4210//4210 4227//4227 4117//4117
f 4235//4235 4210//4210 4118//4118
f 4118//4118 4159//4159 4235//4235
f 4229//4229 4212//4212 4160//4160
f 4229//4229 4162//4162 4236//4236
f 4162//4162 4203//4203 4237//4237
f 4203//4203 4238//4238 4237//4237
f 4238//4238 4214//4214 4230//4230
f 4230//4230 4213//4213 4239//4239
f 4240//4240 4239//4239 4213//4213
f 4213//4213 4231//4231 4240//4240
f 4215//4215 4231//4231 4175//4175
f 4205//4205 4241//4241 4204//4204
f 4205//4205 4196//4196 4219//4219
f 4242//4242 4190//4190 4206//4206
f 4206//4206 4166//4166 4243//4243
f 4197//4197 4207//4207 4185//4185
f 4197//4197 4122//4122 4220//4220
f 4088//4088 3959//3959 4221//4221
f 4090//4090 4244//4244 4124//4124
f 4125//4125 4070//4070 4018//4018
f 4245//4245 4188//4188 4105//4105
f 4156//4156 4191//4191 4246//4246
f 4157//4157 4247//4247 4144//4144
f 4248//4248 4180//4180 3991//3991
f 3991//3991 4155//4155 4248//4248
f 4249//4249 4155//4155 4193//4193
f 4142//4142 4233//4233 4171//4171
f 4234//4234 4250//4250 4053//4053
f 3965//3965 4130//4130 4234//4234
f 4226//4226 4225//4225 4132//4132
f 4236//4236 4212//4212 4229//4229
f 4237//4237 4236//4236 4162//4162
f 4230//4230 4251//4251 4238//4238
f 4230//4230 4239//4239 4252//4252
f 4253//4253 4239//4239 4240//4240
f 4215//4215 4176//4176 4254//4254
f 4216//4216 4254//4254 4176//4176
f 4241//4241 4254//4254 4216//4216
f 4216//4216 4204//4204 4241//4241
f 4219//4219 4241//4241 4205//4205
f 4255//4255 4242//4242 4206//4206
f 4152//4152 4153//4153 4256//4256
f 4153//4153 4103//4103 4257//4257
f 4103//4103 4187//4187 4257//4257
f 4187//4187 4208//4208 4258//4258
f 4123//4123 4154//4154 4259//4259
f 3959//3959 4222//4222 4221//4221
f 4260//4260 4169//4169 4051//4051
f 4051//4051 4004//4004 4260//4260
f 4106//4106 4245//4245 4105//4105
f 4192//4192 4261//4261 4178//4178
f 4262//4262 4193//4193 4181//4181
f 4250//4250 4195//4195 4053//4053
f 4128//4128 4143//4143 4263//4263
f 4264//4264 4263//4263 4143//4143
f 4143//4143 4156//4156 4264//4264
f 4178//4178 4265//4265 4191//4191
f 4144//4144 4266//4266 4192//4192
f 4157//4157 4217//4217 4247//4247
f 4267//4267 4247//4247 4217//4217
f 4075//4075 4179//4179 4139//4139
f 4098//4098 4140//4140 4268//4268
f 4159//4159 4202//4202 4269//4269
f 4212//4212 4236//4236 4270//4270
f 4219//4219 4190//4190 4271//4271
f 4242//4242 4255//4255 4272//4272
f 4243//4243 4255//4255 4206//4206
f 4207//4207 4243//4243 4166//4166
f 4207//4207 4197//4197 4273//4273
f 4220//4220 4273//4273 4197//4197
f 4274//4274 4069//4069 4124//4124
f 4070//4070 4125//4125 4275//4275
f 4155//4155 4249//4249 4248//4248
f 4193//4193 4262//4262 4249//4249
f 4232//4232 4218//4218 4277//4277
f 4156//4156 4246//4246 4264//4264
f 4179//4179 4098//4098 4278//4278
f 4140//4140 4128//4128 4279//4279
f 4270//4270 4228//4228 4211//4211
f 4270//4270 4211//4211 4212//4212
f 4237//4237 4238//4238 4251//4251
f 4252//4252 4251//4251 4230//4230
f 4252//4252 4239//4239 4280//4280
f 4239//4239 4253//4253 4280//4280
f 4281//4281 4280//4280 4253//4253
f 4283//4283 4282//4282 4241//4241
f 4219//4219 4283//4283 4241//4241
f 4271//4271 4242//4242 4284//4284
f 4087//4087 4123//4123 4259//4259
f 4275//4275 4125//4125 4286//4286
f 3952//3952 4040//4040 4201//4201
f 4183//4183 4276//4276 4287//4287
f 4191//4191 4265//4265 4288//4288
f 4266//4266 4144//4144 4247//4247
f 4279//4279 4268//4268 4140//4140
f 4276//4276 4225//4225 4289//4289
f 4158//4158 4093//4093 4290//4290
f 4227//4227 4290//4290 4093//4093
f 4159//4159 4269//4269 4291//4291
f 4251//4251 4252//4252 4292//4292
f 4252//4252 4280//4280 4293//4293
f 4281//4281 4254//4254 4294//4294
f 4254//4254 4241//4241 4295//4295
f 4282//4282 4295//4295 4241//4241
f 4271//4271 4296//4296 4219//4219
f 4242//4242 4272//4272 4284//4284
f 4154//4154 4112//4112 4297//4297
f 4285//4285 4089//4089 4069//4069
f 4188//4188 4147//4147 4148//4148
f 4298//4298 4248//4248 4249//4249
f 4299//4299 4181//4181 4232//4232
f 4277//4277 4299//4299 4232//4232
f 4218//4218 4171//4171 4300//4300
f 4233//4233 4300//4300 4171//4171
f 4209//4209 4173//4173 4301//4301
f 4226//4226 4289//4289 4225//4225
f 4159//4159 4291//4291 4235//4235
f 4251//4251 4270//4270 4237//4237
f 4302//4302 4293//4293 4280//4280
f 4294//4294 4302//4302 4280//4280
f 4280//4280 4281//4281 4294//4294
f 4295//4295 4294//4294 4254//4254
f 4296//4296 4283//4283 4219//4219
f 4284//4284 4296//4296 4271//4271
f 4272//4272 4255//4255 4303//4303
f 4243//4243 4303//4303 4255//4255
f 4243//4243 4207//4207 4273//4273
f 4256//4256 4153//4153 4304//4304
f 4257//4257 4304//4304 4153//4153
f 4259//4259 4198//4198 4087//4087
f 4244//4244 4274//4274 4124//4124
f 4201//4201 4003//4003 4305//4305
f 4114//4114 4224//4224 4146//4146
f 4106//4106 4127//4127 4306//4306
f 4307//4307 4127//4127 4170//4170
f 4288//4288 4246//4246 4191//4191
f 4261//4261 4192//4192 4308//4308
f 4266//4266 4308//4308 4192//4192
f 4247//4247 4267//4267 4309//4309
f 4310//4310 4309//4309 4267//4267
f 4178//4178 4261//4261 4265//4265
f 4139//4139 4310//4310 4267//4267
f 4311//4311 4312//4312 4227//4227
f 4210//4210 4311//4311 4227//4227
f 4313//4313 4269//4269 4202//4202
f 4202//4202 4228//4228 4313//4313
f 4293//4293 4292//4292 4252//4252
f 4314//4314 4295//4295 4282//4282
f 4315//4315 4314//4314 4282//4282
f 4283//4283 4315//4315 4282//4282
f 4284//4284 4272//4272 4316//4316
f 4243//4243 4273//4273 4317//4317
f 4220//4220 4186//4186 4318//4318
f 4152//4152 4319//4319 4186//4186
f 4199//4199 4113//4113 4320//4320
f 4275//4275 4168//4168 4070//4070
f 4004//4004 4147//4147 4321//4321
f 4245//4245 4106//4106 4322//4322
f 4307//4307 4170//4170 4138//4138
f 4138//4138 4209//4209 4323//4323
f 4262//4262 4181//4181 4324//4324
f 4233//4233 4142//4142 4325//4325
f 4142//4142 4172//4172 4325//4325
f 4194//4194 4036//4036 4326//4326
f 4327//4327 4326//4326 4036//4036
f 4036//4036 4080//4080 4327//4327
f 4195//4195 4327//4327 4080//4080
f 4180//4180 4248//4248 4328//4328
f 4330//4330 4279//4279 4128//4128
f 4290//4290 4227//4227 4312//4312
f 4251//4251 4313//4313 4270//4270
f 4292//4292 4293//4293 4331//4331
f 4293//4293 4302//4302 4332//4332
f 4295//4295 4302//4302 4294//4294
f 4316//4316 4296//4296 4284//4284
f 4303//4303 4243//4243 4333//4333
f 4317//4317 4333//4333 4243//4243
f 4208//4208 4198//4198 4334//4334
f 4089//4089 4285//4285 4222//4222
f 4324//4324 4181//4181 4299//4299
f 4180//4180 4328//4328 4130//4130
f 4301//4301 4323//4323 4209//4209
f 4311//4311 4210//4210 4335//4335
f 4210//4210 4235//4235 4336//4336
f 4228//4228 4270//4270 4313//4313
f 4337//4337 4313//4313 4251//4251
f 4338//4338 4337//4337 4251//4251
f 4251//4251 4292//4292 4338//4338
f 4331//4331 4293//4293 4332//4332
f 4315//4315 4283//4283 4339//4339
f 4296//4296 4339//4339 4283//4283
f 4319//4319 4318//4318 4186//4186
f 4319//4319 4152//4152 4256//4256
f 4104//4104 4168//4168 4340//4340
f 3952//3952 4223//4223 4039//4039
f 4305//4305 4003//4003 4224//4224
f 4127//4127 4307//4307 4342//4342
f 4288//4288 4265//4265 4343//4343
f 4265//4265 4261//4261 4344//4344
f 4310//4310 4139//4139 4329//4329
f 4345//4345 4328//4328 4248//4248
f 4233//4233 4346//4346 4300//4300
f 4325//4325 4172//4172 4194//4194
f 4250//4250 4234//4234 4347//4347
f 4348//4348 4347//4347 4234//4234
f 4261//4261 4349//4349 4344//4344
f 4350//4350 4247//4247 4309//4309
f 4351//4351 4139//4139 4179//4179
f 4278//4278 4351//4351 4179//4179
f 4268//4268 4278//4278 4098//4098
f 4268//4268 4279//4279 4352//4352
f 4235//4235 4291//4291 4336//4336
f 4302//4302 4295//4295 4353//4353
f 4339//4339 4314//4314 4315//4315
f 4187//4187 4355//4355 4257//4257
f 4187//4187 4258//4258 4356//4356
f 4334//4334 4258//4258 4208//4208
f 4244//4244 4090//4090 4357//4357
f 4125//4125 4200//4200 4286//4286
f 4114//4114 4126//4126 4341//4341
f 4321//4321 4147//4147 4358//4358
f 4301//4301 4173//4173 4359//4359
f 4116//4116 4359//4359 4173//4173
f 4182//4182 4183//4183 4287//4287
f 4360//4360 4345//4345 4248//4248
f 4248//4248 4298//4298 4360//4360
f 4277//4277 4218//4218 4361//4361
f 4300//4300 4361//4361 4218//4218
f 4289//4289 4226//4226 4362//4362
f 4158//4158 4362//4362 4226//4226
f 4336//4336 4335//4335 4210//4210
f 4291//4291 4269//4269 4363//4363
f 4364//4364 4363//4363 4269//4269
f 4313//4313 4364//4364 4269//4269
f 4332//4332 4302//4302 4365//4365
f 4314//4314 4354//4354 4295//4295
f 4303//4303 4366//4366 4272//4272
f 4273//4273 4220//4220 4367//4367
f 4368//4368 4318//4318 4319//4319
f 4319//4319 4256//4256 4368//4368
f 4304//4304 4369//4369 4256//4256
f 4257//4257 4355//4355 4370//4370
f 4244//4244 4371//4371 4274//4274
f 4090//4090 4199//4199 4357//4357
f 4340//4340 4320//4320 4113//4113
f 4113//4113 4104//4104 4340//4340
f 4114//4114 4341//4341 4224//4224
f 4188//4188 4358//4358 4147//4147
f 4306//4306 4322//4322 4106//4106
f 4138//4138 4323//4323 4307//4307
f 4344//4344 4372//4372 4265//4265
f 4308//4308 4349//4349 4261//4261
f 4266//4266 4247//4247 4350//4350
f 4325//4325 4194//4194 4373//4373
f 4343//4343 4246//4246 4288//4288
f 4329//4329 4139//4139 4351//4351
f 4330//4330 4352//4352 4279//4279
f 4158//4158 4290//4290 4362//4362
f 4290//4290 4312//4312 4374//4374
f 4375//4375 4338//4338 4292//4292
f 4292//4292 4331//4331 4375//4375
f 4353//4353 4365//4365 4302//4302
f 4295//4295 4354//4354 4353//4353
f 4314//4314 4339//4339 4376//4376
f 4318//4318 4367//4367 4220//4220
f 4368//4368 4256//4256 4369//4369
f 4356//4356 4355//4355 4187//4187
f 4377//4377 4334//4334 4198//4198
f 4198//4198 4259//4259 4377//4377
f 4378//4378 4341//4341 4126//4126
f 4126//4126 4169//4169 4378//4378
f 4306//4306 4127//4127 4379//4379
f 4127//4127 4342//4342 4379//4379
f 4234//4234 4130//4130 4348//4348
f 4329//4329 4380//4380 4309//4309
f 4278//4278 4268//4268 4381//4381
f 4382//4382 4364//4364 4313//4313
f 4313//4313 4337//4337 4382//4382
f 4338//4338 4382//4382 4337//4337
f 4383//4383 4384//4384 4314//4314
f 4316//4316 4272//4272 4366//4366
f 4366//4366 4303//4303 4385//4385
f 4304//4304 4257//4257 4370//4370
f 4297//4297 4259//4259 4154//4154
f 4320//4320 4357//4357 4199//4199
f 4168//4168 4275//4275 4386//4386
f 4322//4322 4306//4306 4245//4245
f 4359//4359 4387//4387 4301//4301
f 4194//4194 4326//4326 4373//4373
f 4130//4130 4328//4328 4348//4348
f 4359//4359 4116//4116 4182//4182
f 4182//4182 4287//4287 4388//4388
f 4384//4384 4353//4353 4354//4354
f 4354//4354 4314//4314 4384//4384
f 4314//4314 4376//4376 4383//4383
f 4273//4273 4367//4367 4389//4389
f 4355//4355 4356//4356 4390//4390
f 4392//4392 4305//4305 4224//4224
f 4321//4321 4260//4260 4004//4004
f 4268//4268 4352//4352 4381//4381
f 4361//4361 4300//4300 4393//4393
f 4346//4346 4393//4393 4300//4300
f 4263//4263 4394//4394 4330//4330
f 4395//4395 4246//4246 4343//4343
f 4372//4372 4344//4344 4396//4396
f 4344//4344 4349//4349 4396//4396
f 4397//4397 4398//4398 4289//4289
f 4362//4362 4397//4397 4289//4289
f 4362//4362 4290//4290 4374//4374
f 4311//4311 4399//4399 4312//4312
f 4375//4375 4400//4400 4338//4338
f 4375//4375 4331//4331 4401//4401
f 4331//4331 4332//4332 4401//4401
f 4332//4332 4365//4365 4401//4401
f 4376//4376 4316//4316 4383//4383
f 4366//4366 4383//4383 4316//4316
f 4318//4318 4368//4368 4402//4402
f 4334//4334 4356//4356 4258//4258
f 4259//4259 4297//4297 4403//4403
f 4277//4277 4405//4405 4299//4299
f 4348//4348 4328//4328 4406//4406
f 4407//4407 4401//4401 4365//4365
f 4383//4383 4366//4366 4408//4408
f 4385//4385 4303//4303 4409//4409
f 4303//4303 4333//4333 4409//4409
f 4318//4318 4402//4402 4367//4367
f 4403//4403 4377//4377 4259//4259
f 4222//4222 4410//4410 4221//4221
f 4274//4274 4285//4285 4069//4069
f 4357//4357 4371//4371 4244//4244
f 4386//4386 4340//4340 4168//4168
f 4200//4200 4038//4038 4411//4411
f 4038//4038 4223//4223 4411//4411
f 4391//4391 3952//3952 4201//4201
f 4394//4394 4412//4412 4330//4330
f 4413//4413 4264//4264 4246//4246
f 4372//4372 4343//4343 4265//4265
f 4352//4352 4330//4330 4412//4412
f 4263//4263 4264//4264 4413//4413
f 4349//4349 4308//4308 4414//4414
f 4380//4380 4329//4329 4415//4415
f 4374//4374 4312//4312 4399//4399
f 4399//4399 4311//4311 4416//4416
f 4335//4335 4416//4416 4311//4311
f 4417//4417 4363//4363 4364//4364
f 4364//4364 4382//4382 4418//4418
f 4419//4419 4384//4384 4383//4383
f 4402//4402 4389//4389 4367//4367
f 4299//4299 4405//4405 4324//4324
f 4420//4420 4406//4406 4328//4328
f 4328//4328 4345//4345 4420//4420
f 4414//4414 4421//4421 4349//4349
f 4266//4266 4414//4414 4308//4308
f 4350//4350 4309//4309 4422//4422
f 4380//4380 4422//4422 4309//4309
f 4419//4419 4353//4353 4384//4384
f 4408//4408 4419//4419 4383//4383
f 4423//4423 4408//4408 4366//4366
f 4366//4366 4385//4385 4423//4423
f 4304//4304 4370//4370 4424//4424
f 4297//4297 4221//4221 4425//4425
f 4221//4221 4410//4410 4425//4425
f 4391//4391 4223//4223 3952//3952
f 4379//4379 4427//4427 4306//4306
f 4359//4359 4182//4182 4428//4428
f 4429//4429 4298//4298 4249//4249
f 4405//4405 4277//4277 4430//4430
f 4346//4346 4233//4233 4431//4431
f 4325//4325 4431//4431 4233//4233
f 4394//4394 4263//4263 4432//4432
f 4395//4395 4413//4413 4246//4246
f 4374//4374 4399//4399 4433//4433
f 4434//4434 4407//4407 4365//4365
f 4409//4409 4435//4435 4385//4385
f 4436//4436 4368//4368 4369//4369
f 4390//4390 4370//4370 4355//4355
f 4390//4390 4356//4356 4437//4437
f 4426//4426 4286//4286 4200//4200
f 4411//4411 4426//4426 4200//4200
f 4245//4245 4438//4438 4188//4188
f 4262//4262 4324//4324 4439//4439
f 4373//4373 4440//4440 4325//4325
f 4441//4441 4195//4195 4250//4250
f 4250//4250 4347//4347 4441//4441
f 4414//4414 4266//4266 4442//4442
f 4350//4350 4442//4442 4266//4266
f 4422//4422 4380//4380 4415//4415
f 4278//4278 4381//4381 4443//4443
f 4336//4336 4291//4291 4444//4444
f 4365//4365 4353//4353 4419//4419
f 4445//4445 4423//4423 4385//4385
f 4446//4446 4436//4436 4369//4369
f 4369//4369 4304//4304 4446//4446
f 4424//4424 4446//4446 4304//4304
f 4334//4334 4437//4437 4356//4356
f 4201//4201 4305//4305 4391//4391
f 4260//4260 4321//4321 4448//4448
f 4298//4298 4429//4429 4360//4360
f 4449//4449 4324//4324 4405//4405
f 4361//4361 4430//4430 4277//4277
f 4326//4326 4450//4450 4373//4373
f 4343//4343 4372//4372 4451//4451
f 4400//4400 4375//4375 4452//4452
f 4453//4453 4407//4407 4434//4434
f 4365//4365 4419//4419 4434//4434
f 4435//4435 4445//4445 4385//4385
f 4454//4454 4409//4409 4333//4333
f 4436//4436 4402//4402 4368//4368
f 4455//4455 4334//4334 4377//4377
f 4403//4403 4455//4455 4377//4377
f 4404//4404 4410//4410 4222//4222
f 4357//4357 4320//4320 4447//4447
f 4341//4341 4378//4378 4456//4456
f 4358//4358 4188//4188 4457//4457
f 4438//4438 4457//4457 4188//4188
f 4387//4387 4323//4323 4301//4301
f 4388//4388 4428//4428 4182//4182
f 4360//4360 4458//4458 4345//4345
f 4262//4262 4439//4439 4249//4249
f 4393//4393 4346//4346 4459//4459
f 4431//4431 4459//4459 4346//4346
f 4421//4421 4460//4460 4349//4349
f 4443//4443 4351//4351 4278//4278
f 4412//4412 4394//4394 4461//4461
f 4398//4398 4397//4397 4462//4462
f 4433//4433 4463//4463 4374//4374
f 4416//4416 4335//4335 4464//4464
f 4418//4418 4417//4417 4364//4364
f 4401//4401 4407//4407 4465//4465
f 4333//4333 4317//4317 4466//4466
f 4274//4274 4371//4371 4467//4467
f 4320//4320 4340//4340 4468//4468
f 4469//4469 4428//4428 4388//4388
f 4430//4430 4449//4449 4405//4405
f 4470//4470 4441//4441 4347//4347
f 4348//4348 4470//4470 4347//4347
f 4458//4458 4420//4420 4345//4345
f 4462//4462 4397//4397 4471//4471
f 4363//4363 4444//4444 4291//4291
f 4382//4382 4472//4472 4418//4418
f 4375//4375 4401//4401 4452//4452
f 4473//4473 4465//4465 4407//4407
f 4407//4407 4453//4453 4473//4473
f 4474//4474 4475//4475 4419//4419
f 4419//4419 4408//4408 4474//4474
f 4408//4408 4423//4423 4474//4474
f 4466//4466 4454//4454 4333//4333
f 4389//4389 4402//4402 4476//4476
f 4297//4297 4425//4425 4477//4477
f 4468//4468 4447//4447 4320//4320
f 4341//4341 4456//4456 4478//4478
f 4306//4306 4479//4479 4245//4245
f 4460//4460 4396//4396 4349//4349
f 4329//4329 4351//4351 4480//4480
f 4443//4443 4481//4481 4351//4351
f 4482//4482 4360//4360 4429//4429
f 4324//4324 4483//4483 4439//4439
f 4430//4430 4361//4361 4484//4484
f 4450//4450 4326//4326 4485//4485
f 4326//4326 4327//4327 4485//4485
f 4387//4387 4486//4486 4323//4323
f 4398//4398 4462//4462 4487//4487
f 4488//4488 4471//4471 4397//4397
f 4463//4463 4488//4488 4374//4374
f 4382//4382 4338//4338 4489//4489
f 4465//4465 4452//4452 4401//4401
f 4490//4490 4453//4453 4434//4434
f 4434//4434 4419//4419 4475//4475
f 4317//4317 4273//4273 4466//4466
f 4446//4446 4424//4424 4491//4491
f 4424//4424 4370//4370 4491//4491
f 4370//4370 4390//4390 4492//4492
f 4390//4390 4437//4437 4493//4493
f 4403//4403 4297//4297 4477//4477
f 4341//4341 4392//4392 4224//4224
f 4169//4169 4260//4260 4494//4494
f 4263//4263 4413//4413 4432//4432
f 4412//4412 4461//4461 4352//4352
f 4495//4495 4485//4485 4327//4327
f 4327//4327 4195//4195 4495//4495
f 4434//4434 4475//4475 4490//4490
f 4402//4402 4496//4496 4476//4476
f 4390//4390 4493//4493 4492//4492
f 4497//4497 4437//4437 4334//4334
f 4455//4455 4497//4497 4334//4334
f 4468//4468 4340//4340 4386//4386
f 4286//4286 4386//4386 4275//4275
f 4307//4307 4323//4323 4499//4499
f 4415//4415 4329//4329 4480//4480
f 4481//4481 4480//4480 4351//4351
f 4500//4500 4443//4443 4381//4381
f 4501//4501 4483//4483 4324//4324
f 4324//4324 4449//4449 4501//4501
f 4484//4484 4502//4502 4430//4430
f 4503//4503 4489//4489 4338//4338
f 4402//4402 4436//4436 4496//4496
f 4446//4446 4491//4491 4504//4504
f 4492//4492 4491//4491 4370//4370
f 4403//4403 4497//4497 4455//4455
f 4222//4222 4285//4285 4505//4505
f 4498//4498 4371//4371 4357//4357
f 4358//4358 4448//4448 4321//4321
f 4245//4245 4479//4479 4438//4438
f 4486//4486 4499//4499 4323//4323
f 4395//4395 4343//4343 4506//4506
f 4352//4352 4500//4500 4381//4381
f 4458//4458 4360//4360 4507//4507
f 4449//4449 4430//4430 4502//4502
f 4450//4450 4440//4440 4373//4373
f 4451//4451 4372//4372 4508//4508
f 4372//4372 4396//4396 4508//4508
f 4396//4396 4460//4460 4508//4508
f 4460//4460 4421//4421 4414//4414
f 4443//4443 4500//4500 4509//4509
f 4463//4463 4471//4471 4488//4488
f 4510//4510 4511//4511 4335//4335
f 4335//4335 4336//4336 4510//4510
f 4512//4512 4503//4503 4338//4338
f 4338//4338 4400//4400 4512//4512
f 4514//4514 4466//4466 4273//4273
f 4273//4273 4389//4389 4514//4514
f 4504//4504 4436//4436 4446//4446
f 4305//4305 4392//4392 4515//4515
f 4516//4516 4378//4378 4169//4169
f 4169//4169 4494//4494 4516//4516
f 4427//4427 4479//4479 4306//4306
f 4325//4325 4440//4440 4517//4517
f 4441//4441 4495//4495 4195//4195
f 4348//4348 4406//4406 4470//4470
f 4506//4506 4413//4413 4395//4395
f 4508//4508 4460//4460 4518//4518
f 4464//4464 4335//4335 4511//4511
f 4444//4444 4363//4363 4417//4417
f 4418//4418 4519//4519 4417//4417
f 4400//4400 4452//4452 4520//4520
f 4521//4521 4493//4493 4437//4437
f 4522//4522 4521//4521 4437//4437
f 4437//4437 4497//4497 4522//4522
f 4505//4505 4404//4404 4222//4222
f 4285//4285 4467//4467 4505//4505
f 4498//4498 4523//4523 4371//4371
f 4524//4524 4438//4438 4479//4479
f 4499//4499 4342//4342 4307//4307
f 4525//4525 4359//4359 4428//4428
f 4429//4429 4249//4249 4439//4439
f 4432//4432 4413//4413 4526//4526
f 4343//4343 4451//4451 4527//4527
f 4528//4528 4352//4352 4461//4461
f 4487//4487 4462//4462 4529//4529
f 4416//4416 4464//4464 4530//4530
f 4382//4382 4489//4489 4472//4472
f 4465//4465 4473//4473 4513//4513
f 4531//4531 4435//4435 4409//4409
f 4454//4454 4531//4531 4409//4409
f 4504//4504 4496//4496 4436//4436
f 4467//4467 4371//4371 4523//4523
f 4260//4260 4448//4448 4494//4494
f 4532//4532 4427//4427 4379//4379
f 4387//4387 4359//4359 4533//4533
f 4360//4360 4482//4482 4507//4507
f 4534//4534 4420//4420 4458//4458
f 4507//4507 4534//4534 4458//4458
f 4394//4394 4432//4432 4535//4535
f 4414//4414 4442//4442 4536//4536
f 4535//4535 4461//4461 4394//4394
f 4537//4537 4529//4529 4462//4462
f 4538//4538 4537//4537 4462//4462
f 4471//4471 4538//4538 4462//4462
f 4399//4399 4416//4416 4539//4539
f 4336//4336 4444//4444 4510//4510
f 4400//4400 4520//4520 4512//4512
f 4473//4473 4453//4453 4540//4540
f 4504//4504 4491//4491 4541//4541
f 4542//4542 4541//4541 4491//4491
f 4543//4543 4522//4522 4497//4497
f 4479//4479 4427//4427 4524//4524
f 4533//4533 4486//4486 4387//4387
f 4428//4428 4545//4545 4525//4525
f 4507//4507 4482//4482 4546//4546
f 4547//4547 4526//4526 4413//4413
f 4451//4451 4508//4508 4548//4548
f 4350//4350 4422//4422 4549//4549
f 4528//4528 4500//4500 4352//4352
f 4463//4463 4550//4550 4471//4471
f 4475//4475 4551//4551 4490//4490
f 4474//4474 4423//4423 4552//4552
f 4423//4423 4445//4445 4552//4552
f 4389//4389 4476//4476 4514//4514
f 4553//4553 4514//4514 4476//4476
f 4476//4476 4496//4496 4554//4554
f 4555//4555 4554//4554 4496//4496
f 4491//4491 4492//4492 4542//4542
f 4543//4543 4497//4497 4556//4556
f 4403//4403 4556//4556 4497//4497
f 4386//4386 4286//4286 4557//4557
f 4223//4223 4558//4558 4411//4411
f 4516//4516 4456//4456 4378//4378
f 4559//4559 4457//4457 4438//4438
f 4427//4427 4532//4532 4524//4524
f 4483//4483 4501//4501 4560//4560
f 4459//4459 4561//4561 4393//4393
f 4459//4459 4431//4431 4562//4562
f 4563//4563 4550//4550 4463//4463
f 4463//4463 4433//4433 4563//4563
f 4539//4539 4416//4416 4564//4564
f 4472//4472 4519//4519 4418//4418
f 4565//4565 4453//4453 4490//4490
f 4551//4551 4565//4565 4490//4490
f 4554//4554 4553//4553 4476//4476
f 4496//4496 4504//4504 4566//4566
f 4468//4468 4386//4386 4567//4567
f 4544//4544 4305//4305 4515//4515
f 4358//4358 4457//4457 4568//4568
f 4499//4499 4486//4486 4569//4569
f 4413//4413 4506//4506 4547//4547
f 4570//4570 4506//4506 4343//4343
f 4343//4343 4527//4527 4570//4570
f 4518//4518 4460//4460 4571//4571
f 4414//4414 4572//4572 4460//4460
f 4442//4442 4350//4350 4573//4573
f 4549//4549 4573//4573 4350//4350
f 4574//4574 4549//4549 4422//4422
f 4422//4422 4415//4415 4574//4574
f 4560//4560 4439//4439 4483//4483
f 4449//4449 4502//4502 4575//4575
f 4517//4517 4431//4431 4325//4325
f 4534//4534 4406//4406 4420//4420
f 4518//4518 4576//4576 4508//4508
f 4572//4572 4414//4414 4536//4536
f 4536//4536 4442//4442 4573//4573
f 4415//4415 4480//4480 4577//4577
f 4578//4578 4481//4481 4443//4443
f 4509//4509 4578//4578 4443//4443
f 4433//4433 4399//4399 4539//4539
f 4511//4511 4530//4530 4464//4464
f 4472//4472 4489//4489 4579//4579
f 4540//4540 4513//4513 4473//4473
f 4542//4542 4492//4492 4580//4580
f 4492//4492 4493//4493 4580//4580
f 4447//4447 4498//4498 4357//4357
f 4223//4223 4391//4391 4581//4581
f 4305//4305 4544//4544 4391//4391
f 4448//4448 4358//4358 4582//4582
f 4358//4358 4568//4568 4582//4582
f 4379//4379 4342//4342 4532//4532
f 4499//4499 4532//4532 4342//4342
f 4545//4545 4583//4583 4525//4525
f 4517//4517 4562//4562 4431//4431
f 4440//4440 4584//4584 4517//4517
f 4585//4585 4450//4450 4485//4485
f 4495//4495 4585//4585 4485//4485
f 4548//4548 4508//4508 4576//4576
f 4572//4572 4571//4571 4460//4460
f 4480//4480 4481//4481 4578//4578
f 4461//4461 4535//4535 4528//4528
f 4489//4489 4503//4503 4579//4579
f 4513//4513 4540//4540 4586//4586
f 4493//4493 4521//4521 4587//4587
f 4477//4477 4556//4556 4403//4403
f 4477//4477 4425//4425 4588//4588
f 4589//4589 4447//4447 4468//4468
f 4559//4559 4568//4568 4457//4457
f 4525//4525 4533//4533 4359//4359
f 4590//4590 4429//4429 4439//4439
f 4501//4501 4449//4449 4591//4591
f 4575//4575 4591//4591 4449//4449
f 4459//4459 4562//4562 4561//4561
f 4535//4535 4432//4432 4592//4592
f 4432//4432 4526//4526 4592//4592
f 4527//4527 4451//4451 4593//4593
f 4539//4539 4563//4563 4433//4433
f 4474//4474 4552//4552 4594//4594
f 4523//4523 4498//4498 4595//4595
f 4386//4386 4557//4557 4567//4567
f 4499//4499 4569//4569 4596//4596
f 4569//4569 4486//4486 4597//4597
f 4533//4533 4597//4597 4486//4486
f 4598//4598 4482//4482 4429//4429
f 4590//4590 4598//4598 4429//4429
f 4484//4484 4599//4599 4502//4502
f 4530//4530 4564//4564 4416//4416
f 4600//4600 4444//4444 4417//4417
f 4417//4417 4519//4519 4600//4600
f 4601//4601 4452//4452 4465//4465
f 4465//4465 4513//4513 4601//4601
f 4475//4475 4474//4474 4594//4594
f 4493//4493 4587//4587 4580//4580
f 4467//4467 4602//4602 4505//4505
f 4581//4581 4558//4558 4223//4223
f 4392//4392 4341//4341 4478//4478
f 4494//4494 4448//4448 4582//4582
f 4438//4438 4524//4524 4603//4603
f 4604//4604 4509//4509 4500//4500
f 4500//4500 4528//4528 4604//4604
f 4605//4605 4584//4584 4440//4440
f 4450//4450 4605//4605 4440//4440
f 4548//4548 4593//4593 4451//4451
f 4606//4606 4528//4528 4535//4535
f 4592//4592 4606//4606 4535//4535
f 4586//4586 4601//4601 4513//4513
f 4594//4594 4551//4551 4475//4475
f 4588//4588 4556//4556 4477//4477
f 4467//4467 4523//4523 4602//4602
f 4532//4532 4499//4499 4596//4596
f 4607//4607 4533//4533 4525//4525
f 4525//4525 4583//4583 4607//4607
f 4361//4361 4393//4393 4608//4608
f 4584//4584 4609//4609 4517//4517
f 4585//4585 4605//4605 4450//4450
f 4610//4610 4576//4576 4518//4518
f 4518//4518 4571//4571 4610//4610
f 4572//4572 4536//4536 4611//4611
f 4612//4612 4577//4577 4480//4480
f 4480//4480 4578//4578 4612//4612
f 4604//4604 4578//4578 4509//4509
f 4538//4538 4471//4471 4613//4613
f 4530//4530 4511//4511 4614//4614
f 4615//4615 4511//4511 4510//4510
f 4425//4425 4410//4410 4616//4616
f 4582//4582 4516//4516 4494//4494
f 4438//4438 4617//4617 4559//4559
f 4618//4618 4439//4439 4560//4560
f 4560//4560 4501//4501 4591//4591
f 4619//4619 4575//4575 4502//4502
f 4502//4502 4599//4599 4619//4619
f 4561//4561 4608//4608 4393//4393
f 4577//4577 4574//4574 4415//4415
f 4540//4540 4453//4453 4620//4620
f 4453//4453 4565//4565 4621//4621
f 4565//4565 4551//4551 4622//4622
f 4552//4552 4445//4445 4623//4623
f 4435//4435 4623//4623 4445//4445
f 4566//4566 4555//4555 4496//4496
f 4624//4624 4566//4566 4504//4504
f 4541//4541 4624//4624 4504//4504
f 4410//4410 4404//4404 4616//4616
f 4426//4426 4557//4557 4286//4286
f 4426//4426 4411//4411 4557//4557
f 4439//4439 4618//4618 4590//4590
f 4484//4484 4361//4361 4625//4625
f 4585//4585 4495//4495 4441//4441
f 4547//4547 4626//4626 4526//4526
f 4627//4627 4573//4573 4549//4549
f 4574//4574 4627//4627 4549//4549
f 4537//4537 4628//4628 4529//4529
f 4550//4550 4613//4613 4471//4471
f 4564//4564 4530//4530 4629//4629
f 4629//4629 4530//4530 4630//4630
f 4614//4614 4630//4630 4530//4530
f 4552//4552 4631//4631 4594//4594
f 4623//4623 4435//4435 4632//4632
f 4435//4435 4531//4531 4632//4632
f 4633//4633 4542//4542 4580//4580
f 4522//4522 4543//4543 4634//4634
f 4484//4484 4635//4635 4599//4599
f 4625//4625 4361//4361 4608//4608
f 4562//4562 4517//4517 4636//4636
f 4609//4609 4636//4636 4517//4517
f 4597//4597 4533//4533 4607//4607
f 4519//4519 4472//4472 4637//4637
f 4638//4638 4512//4512 4520//4520
f 4601//4601 4586//4586 4639//4639
f 4540//4540 4620//4620 4586//4586
f 4621//4621 4565//4565 4622//4622
f 4640//4640 4541//4541 4542//4542
f 4641//4641 4521//4521 4522//4522
f 4556//4556 4634//4634 4543//4543
f 4642//4642 4404//4404 4505//4505
f 4643//4643 4468//4468 4567//4567
f 4456//4456 4644//4644 4478//4478
f 4524//4524 4532//4532 4645//4645
f 4592//4592 4526//4526 4646//4646
f 4506//4506 4570//4570 4547//4547
f 4611//4611 4536//4536 4647//4647
f 4648//4648 4574//4574 4577//4577
f 4612//4612 4648//4648 4577//4577
f 4591//4591 4575//4575 4649//4649
f 4625//4625 4635//4635 4484//4484
f 4636//4636 4561//4561 4562//4562
f 4615//4615 4614//4614 4511//4511
f 4579//4579 4637//4637 4472//4472
f 4650//4650 4555//4555 4566//4566
f 4505//4505 4602//4602 4642//4642
f 4447//4447 4589//4589 4651//4651
f 4652//4652 4392//4392 4653//4653
f 4392//4392 4478//4478 4653//4653
f 4610//4610 4571//4571 4654//4654
f 4647//4647 4536//4536 4573//4573
f 4655//4655 4612//4612 4578//4578
f 4656//4656 4655//4655 4578//4578
f 4546//4546 4482//4482 4657//4657
f 4598//4598 4657//4657 4482//4482
f 4658//4658 4470//4470 4406//4406
f 4406//4406 4534//4534 4658//4658
f 4659//4659 4534//4534 4507//4507
f 4507//4507 4546//4546 4660//4660
f 4563//4563 4539//4539 4661//4661
f 4510//4510 4444//4444 4662//4662
f 4600//4600 4662//4662 4444//4444
f 4621//4621 4620//4620 4453//4453
f 4551//4551 4594//4594 4631//4631
f 4466//4466 4531//4531 4454//4454
f 4663//4663 4624//4624 4541//4541
f 4633//4633 4580//4580 4664//4664
f 4634//4634 4641//4641 4522//4522
f 4665//4665 4595//4595 4498//4498
f 4558//4558 4557//4557 4411//4411
f 4603//4603 4617//4617 4438//4438
f 4645//4645 4603//4603 4524//4524
f 4626//4626 4646//4646 4526//4526
f 4570//4570 4527//4527 4666//4666
f 4576//4576 4593//4593 4548//4548
f 4572//4572 4654//4654 4571//4571
f 4667//4667 4627//4627 4574//4574
f 4578//4578 4604//4604 4656//4656
f 4635//4635 4619//4619 4599//4599
f 4597//4597 4669//4669 4569//4569
f 4537//4537 4538//4538 4670//4670
f 4538//4538 4613//4613 4670//4670
f 4613//4613 4550//4550 4671//4671
f 4672//4672 4671//4671 4550//4550
f 4550//4550 4563//4563 4672//4672
f 4539//4539 4564//4564 4673//4673
f 4674//4674 4631//4631 4552//4552
f 4466//4466 4514//4514 4553//4553
f 4566//4566 4624//4624 4650//4650
f 4580//4580 4587//4587 4664//4664
f 4675//4675 4587//4587 4521//4521
f 4521//4521 4641//4641 4675//4675
f 4588//4588 4616//4616 4676//4676
f 4644//4644 4653//4653 4478//4478
f 4677//4677 4656//4656 4604//4604
f 4604//4604 4528//4528 4678//4678
f 4528//4528 4606//4606 4678//4678
f 4560//4560 4591//4591 4679//4679
f 4680//4680 4605//4605 4585//4585
f 4681//4681 4607//4607 4583//4583
f 4583//4583 4628//4628 4681//4681
f 4673//4673 4661//4661 4539//4539
f 4564//4564 4682//4682 4673//4673
f 4637//4637 4600//4600 4519//4519
f 4579//4579 4503//4503 4683//4683
f 4552//4552 4623//4623 4674//4674
f 4466//4466 4553//4553 4684//4684
f 4633//4633 4640//4640 4542//4542
f 4602//4602 4523//4523 4642//4642
f 4544//4544 4581//4581 4391//4391
f 4645//4645 4532//4532 4685//4685
f 4678//4678 4677//4677 4604//4604
f 4546//4546 4657//4657 4660//4660
f 4686//4686 4657//4657 4598//4598
f 4590//4590 4686//4686 4598//4598
f 4560//4560 4679//4679 4618//4618
f 4649//4649 4679//4679 4591//4591
f 4619//4619 4649//4649 4575//4575
f 4635//4635 4625//4625 4687//4687
f 4605//4605 4688//4688 4584//4584
f 4585//4585 4441//4441 4689//4689
f 4507//4507 4660//4660 4659//4659
f 4628//4628 4537//4537 4690//4690
f 4614//4614 4615//4615 4691//4691
f 4692//4692 4503//4503 4512//4512
f 4452//4452 4601//4601 4693//4693
f 4586//4586 4620//4620 4694//4694
f 4643//4643 4589//4589 4468//4468
f 4652//4652 4515//4515 4392//4392
f 4516//4516 4582//4582 4695//4695
f 4696//4696 4626//4626 4547//4547
f 4547//4547 4570//4570 4696//4696
f 4573//4573 4627//4627 4697//4697
f 4667//4667 4574//4574 4668//4668
f 4608//4608 4687//4687 4625//4625
f 4561//4561 4699//4699 4608//4608
f 4689//4689 4680//4680 4585//4585
f 4654//4654 4700//4700 4610//4610
f 4572//4572 4701//4701 4654//4654
f 4647//4647 4573//4573 4697//4697
f 4648//4648 4612//4612 4702//4702
f 4698//4698 4678//4678 4606//4606
f 4672//4672 4563//4563 4661//4661
f 4661//4661 4673//4673 4703//4703
f 4704//4704 4682//4682 4564//4564
f 4705//4705 4704//4704 4564//4564
f 4564//4564 4629//4629 4705//4705
f 4692//4692 4683//4683 4503//4503
f 4520//4520 4452//4452 4693//4693
f 4601//4601 4639//4639 4706//4706
f 4694//4694 4639//4639 4586//4586
f 4622//4622 4551//4551 4707//4707
f 4551//4551 4631//4631 4707//4707
f 4541//4541 4640//4640 4708//4708
f 4595//4595 4709//4709 4523//4523
f 4498//4498 4447//4447 4665//4665
f 4651//4651 4665//4665 4447//4447
f 4532//4532 4596//4596 4685//4685
f 4619//4619 4635//4635 4711//4711
f 4687//4687 4608//4608 4712//4712
f 4699//4699 4712//4712 4608//4608
f 4636//4636 4609//4609 4713//4713
f 4441//4441 4470//4470 4689//4689
f 4696//4696 4570//4570 4666//4666
f 4593//4593 4666//4666 4527//4527
f 4700//4700 4714//4714 4576//4576
f 4576//4576 4610//4610 4700//4700
f 4681//4681 4628//4628 4715//4715
f 4628//4628 4690//4690 4715//4715
f 4670//4670 4716//4716 4537//4537
f 4670//4670 4613//4613 4717//4717
f 4671//4671 4717//4717 4613//4613
f 4691//4691 4630//4630 4614//4614
f 4718//4718 4531//4531 4466//4466
f 4708//4708 4663//4663 4541//4541
f 4719//4719 4634//4634 4556//4556
f 4642//4642 4523//4523 4709//4709
f 4665//4665 4720//4720 4595//4595
f 4516//4516 4721//4721 4456//4456
f 4722//4722 4649//4649 4619//4619
f 4619//4619 4711//4711 4722//4722
f 4687//4687 4723//4723 4635//4635
f 4636//4636 4699//4699 4561//4561
f 4680//4680 4688//4688 4605//4605
f 4592//4592 4646//4646 4724//4724
f 4576//4576 4725//4725 4593//4593
f 4648//4648 4668//4668 4574//4574
f 4655//4655 4702//4702 4612//4612
f 4716//4716 4690//4690 4537//4537
f 4637//4637 4579//4579 4683//4683
f 4512//4512 4638//4638 4692//4692
f 4520//4520 4727//4727 4638//4638
f 4601//4601 4706//4706 4693//4693
f 4684//4684 4718//4718 4466//4466
f 4556//4556 4588//4588 4719//4719
f 4721//4721 4516//4516 4695//4695
f 4582//4582 4568//4568 4728//4728
f 4657//4657 4686//4686 4660//4660
f 4729//4729 4649//4649 4722//4722
f 4730//4730 4607//4607 4681//4681
f 4715//4715 4730//4730 4681//4681
f 4717//4717 4716//4716 4670//4670
f 4671//4671 4672//4672 4731//4731
f 4661//4661 4731//4731 4672//4672
f 4703//4703 4673//4673 4726//4726
f 4705//4705 4629//4629 4732//4732
f 4630//4630 4732//4732 4629//4629
f 4662//4662 4615//4615 4510//4510
f 4631//4631 4674//4674 4707//4707
f 4624//4624 4663//4663 4650//4650
f 4664//4664 4733//4733 4633//4633
f 4720//4720 4709//4709 4595//4595
f 4592//4592 4724//4724 4734//4734
f 4735//4735 4593//4593 4725//4725
f 4667//4667 4697//4697 4627//4627
f 4668//4668 4736//4736 4667//4667
f 4737//4737 4590//4590 4618//4618
f 4738//4738 4679//4679 4649//4649
f 4729//4729 4738//4738 4649//4649
f 4680//4680 4689//4689 4739//4739
f 4715//4715 4690//4690 4740//4740
f 4621//4621 4622//4622 4741//4741
f 4558//4558 4581//4581 4742//4742
f 4743//4743 4728//4728 4568//4568
f 4559//4559 4743//4743 4568//4568
f 4559//4559 4617//4617 4744//4744
f 4710//4710 4744//4744 4617//4617
f 4685//4685 4596//4596 4745//4745
f 4669//4669 4745//4745 4596//4596
f 4646//4646 4626//4626 4746//4746
f 4626//4626 4696//4696 4746//4746
f 4714//4714 4725//4725 4576//4576
f 4701//4701 4572//4572 4611//4611
f 4606//4606 4592//4592 4734//4734
f 4748//4748 4662//4662 4600//4600
f 4637//4637 4748//4748 4600//4600
f 4693//4693 4727//4727 4520//4520
f 4749//4749 4620//4620 4621//4621
f 4621//4621 4741//4741 4749//4749
f 4750//4750 4684//4684 4553//4553
f 4553//4553 4554//4554 4750//4750
f 4554//4554 4555//4555 4751//4751
f 4663//4663 4752//4752 4650//4650
f 4733//4733 4640//4640 4633//4633
f 4695//4695 4582//4582 4728//4728
f 4617//4617 4603//4603 4710//4710
f 4735//4735 4666//4666 4593//4593
f 4648//4648 4736//4736 4668//4668
f 4655//4655 4656//4656 4753//4753
f 4747//4747 4686//4686 4590//4590
f 4590//4590 4737//4737 4747//4747
f 4723//4723 4711//4711 4635//4635
f 4470//4470 4658//4658 4754//4754
f 4755//4755 4669//4669 4597//4597
f 4703//4703 4731//4731 4661//4661
f 4726//4726 4673//4673 4756//4756
f 4673//4673 4682//4682 4757//4757
f 4674//4674 4758//4758 4707//4707
f 4650//4650 4751//4751 4555//4555
f 4759//4759 4404//4404 4642//4642
f 4760//4760 4710//4710 4603//4603
f 4603//4603 4645//4645 4760//4760
f 4761//4761 4696//4696 4666//4666
f 4647//4647 4697//4697 4762//4762
f 4755//4755 4597//4597 4763//4763
f 4597//4597 4607//4607 4763//4763
f 4607//4607 4730//4730 4763//4763
f 4716//4716 4740//4740 4690//4690
f 4623//4623 4632//4632 4764//4764
f 4718//4718 4632//4632 4531//4531
f 4765//4765 4752//4752 4663//4663
f 4663//4663 4708//4708 4765//4765
f 4664//4664 4766//4766 4733//4733
f 4664//4664 4587//4587 4767//4767
f 4676//4676 4616//4616 4768//4768
f 4769//4769 4759//4759 4642//4642
f 4709//4709 4769//4769 4642//4642
f 4557//4557 4643//4643 4567//4567
f 4557//4557 4558//4558 4770//4770
f 4544//4544 4515//4515 4652//4652
f 4735//4735 4761//4761 4666//4666
f 4654//4654 4771//4771 4700//4700
f 4772//4772 4762//4762 4697//4697
f 4667//4667 4772//4772 4697//4697
f 4753//4753 4702//4702 4655//4655
f 4773//4773 4618//4618 4679//4679
f 4771//4771 4714//4714 4700//4700
f 4701//4701 4774//4774 4654//4654
f 4775//4775 4772//4772 4667//4667
f 4736//4736 4775//4775 4667//4667
f 4776//4776 4730//4730 4715//4715
f 4684//4684 4750//4750 4777//4777
f 4641//4641 4634//4634 4778//4778
f 4779//4779 4719//4719 4588//4588
f 4616//4616 4404//4404 4780//4780
f 4781//4781 4760//4760 4645//4645
f 4755//4755 4745//4745 4669//4669
f 4773//4773 4737//4737 4618//4618
f 4584//4584 4782//4782 4609//4609
f 4689//4689 4470//4470 4754//4754
f 4746//4746 4724//4724 4646//4646
f 4696//4696 4761//4761 4746//4746
f 4678//4678 4783//4783 4677//4677
f 4734//4734 4698//4698 4606//4606
f 4715//4715 4740//4740 4776//4776
f 4717//4717 4671//4671 4731//4731
f 4673//4673 4757//4757 4756//4756
f 4674//4674 4623//4623 4764//4764
f 4733//4733 4708//4708 4640//4640
f 4676//4676 4779//4779 4588//4588
f 4581//4581 4544//4544 4784//4784
f 4785//4785 4645//4645 4685//4685
f 4745//4745 4785//4785 4685//4685
f 4687//4687 4786//4786 4723//4723
f 4782//4782 4584//4584 4688//4688
f 4787//4787 4658//4658 4534//4534
f 4703//4703 4726//4726 4788//4788
f 4682//4682 4704//4704 4757//4757
f 4704//4704 4789//4789 4790//4790
f 4791//4791 4704//4704 4705//4705
f 4792//4792 4693//4693 4706//4706
f 4706//4706 4639//4639 4793//4793
f 4639//4639 4694//4694 4793//4793
f 4632//4632 4718//4718 4794//4794
f 4751//4751 4750//4750 4554//4554
f 4766//4766 4664//4664 4767//4767
f 4767//4767 4587//4587 4795//4795
f 4641//4641 4795//4795 4675//4675
f 4641//4641 4778//4778 4796//4796
f 4779//4779 4634//4634 4719//4719
f 4759//4759 4780//4780 4404//4404
f 4721//4721 4644//4644 4456//4456
f 4753//4753 4656//4656 4797//4797
f 4679//4679 4738//4738 4798//4798
f 4799//4799 4786//4786 4687//4687
f 4687//4687 4712//4712 4799//4799
f 4534//4534 4659//4659 4787//4787
f 4794//4794 4764//4764 4632//4632
f 4714//4714 4800//4800 4725//4725
f 4747//4747 4737//4737 4801//4801
f 4688//4688 4680//4680 4739//4739
f 4611//4611 4802//4802 4701//4701
f 4797//4797 4656//4656 4677//4677
f 4677//4677 4783//4783 4797//4797
f 4643//4643 4557//4557 4770//4770
f 4770//4770 4558//4558 4803//4803
f 4742//4742 4803//4803 4558//4558
f 4652//4652 4784//4784 4544//4544
f 4726//4726 4756//4756 4804//4804
f 4791//4791 4789//4789 4704//4704
f 4615//4615 4662//4662 4805//4805
f 4662//4662 4748//4748 4805//4805
f 4637//4637 4683//4683 4806//4806
f 4692//4692 4638//4638 4807//4807
f 4767//4767 4809//4809 4766//4766
f 4782//4782 4713//4713 4609//4609
f 4810//4810 4761//4761 4735//4735
f 4775//4775 4762//4762 4772//4772
f 4648//4648 4702//4702 4811//4811
f 4753//4753 4811//4811 4702//4702
f 4678//4678 4698//4698 4812//4812
f 4788//4788 4726//4726 4813//4813
f 4804//4804 4813//4813 4726//4726
f 4790//4790 4757//4757 4704//4704
f 4708//4708 4808//4808 4765//4765
f 4708//4708 4733//4733 4808//4808
f 4796//4796 4795//4795 4641//4641
f 4644//4644 4721//4721 4814//4814
f 4785//4785 4781//4781 4645//4645
f 4737//4737 4773//4773 4815//4815
f 4816//4816 4773//4773 4679//4679
f 4679//4679 4798//4798 4816//4816
f 4739//4739 4689//4689 4817//4817
f 4689//4689 4754//4754 4817//4817
f 4746//4746 4818//4818 4724//4724
f 4735//4735 4725//4725 4819//4819
f 4800//4800 4819//4819 4725//4725
f 4736//4736 4648//4648 4811//4811
f 4812//4812 4783//4783 4678//4678
f 4730//4730 4776//4776 4820//4820
f 4731//4731 4703//4703 4821//4821
f 4788//4788 4821//4821 4703//4703
f 4748//4748 4637//4637 4822//4822
f 4823//4823 4806//4806 4683//4683
f 4683//4683 4692//4692 4823//4823
f 4824//4824 4694//4694 4620//4620
f 4766//4766 4808//4808 4733//4733
f 4825//4825 4676//4676 4768//4768
f 4720//4720 4769//4769 4709//4709
f 4653//4653 4644//4644 4814//4814
f 4760//4760 4781//4781 4826//4826
f 4801//4801 4686//4686 4747//4747
f 4712//4712 4699//4699 4827//4827
f 4774//4774 4771//4771 4654//4654
f 4774//4774 4701//4701 4802//4802
f 4698//4698 4734//4734 4828//4828
f 4805//4805 4691//4691 4615//4615
f 4806//4806 4822//4822 4637//4637
f 4741//4741 4622//4622 4829//4829
f 4718//4718 4684//4684 4830//4830
f 4831//4831 4751//4751 4650//4650
f 4809//4809 4767//4767 4832//4832
f 4767//4767 4795//4795 4832//4832
f 4833//4833 4651//4651 4589//4589
f 4559//4559 4834//4834 4743//4743
f 4785//4785 4826//4826 4781//4781
f 4815//4815 4801//4801 4737//4737
f 4835//4835 4798//4798 4738//4738
f 4738//4738 4729//4729 4835//4835
f 4755//4755 4763//4763 4836//4836
f 4763//4763 4730//4730 4836//4836
f 4821//4821 4717//4717 4731//4731
f 4691//4691 4732//4732 4630//4630
f 4634//4634 4779//4779 4837//4837
f 4720//4720 4665//4665 4838//4838
f 4651//4651 4838//4838 4665//4665
f 4839//4839 4833//4833 4589//4589
f 4589//4589 4643//4643 4839//4839
f 4784//4784 4742//4742 4581//4581
f 4814//4814 4721//4721 4840//4840
f 4695//4695 4728//4728 4743//4743
f 4826//4826 4710//4710 4760//4760
f 4841//4841 4785//4785 4745//4745
f 4842//4842 4841//4841 4745//4745
f 4734//4734 4724//4724 4818//4818
f 4843//4843 4800//4800 4714//4714
f 4714//4714 4771//4771 4843//4843
f 4660//4660 4686//4686 4844//4844
f 4773//4773 4816//4816 4815//4815
f 4799//4799 4712//4712 4827//4827
f 4636//4636 4845//4845 4699//4699
f 4846//4846 4636//4636 4713//4713
f 4789//4789 4791//4791 4847//4847
f 4848//4848 4706//4706 4793//4793
f 4620//4620 4749//4749 4824//4824
f 4674//4674 4764//4764 4849//4849
f 4830//4830 4684//4684 4777//4777
f 4808//4808 4766//4766 4850//4850
f 4851//4851 4746//4746 4761//4761
f 4810//4810 4735//4735 4819//4819
f 4852//4852 4611//4611 4647//4647
f 4647//4647 4762//4762 4852//4852
f 4688//4688 4854//4854 4782//4782
f 4851//4851 4855//4855 4746//4746
f 4716//4716 4857//4857 4740//4740
f 4788//4788 4813//4813 4858//4858
f 4757//4757 4859//4859 4756//4756
f 4691//4691 4805//4805 4860//4860
f 4861//4861 4749//4749 4741//4741
f 4741//4741 4829//4829 4861//4861
f 4622//4622 4707//4707 4829//4829
f 4862//4862 4831//4831 4650//4650
f 4650//4650 4752//4752 4862//4862
f 4825//4825 4779//4779 4676//4676
f 4652//4652 4653//4653 4863//4863
f 4653//4653 4814//4814 4863//4863
f 4559//4559 4744//4744 4834//4834
f 4836//4836 4842//4842 4755//4755
f 4660//4660 4844//4844 4864//4864
f 4711//4711 4723//4723 4865//4865
f 4866//4866 4846//4846 4713//4713
f 4782//4782 4866//4866 4713//4713
f 4864//4864 4659//4659 4660//4660
f 4853//4853 4856//4856 4762//4762
f 4867//4867 4853//4853 4762//4762
f 4762//4762 4775//4775 4867//4867
f 4868//4868 4812//4812 4698//4698
f 4698//4698 4828//4828 4868//4868
f 4821//4821 4788//4788 4858//4858
f 4859//4859 4804//4804 4756//4756
f 4732//4732 4691//4691 4860//4860
f 4692//4692 4807//4807 4823//4823
f 4848//4848 4792//4792 4706//4706
f 4707//4707 4758//4758 4829//4829
f 4849//4849 4758//4758 4674//4674
f 4830//4830 4794//4794 4718//4718
f 4832//4832 4795//4795 4869//4869
f 4796//4796 4869//4869 4795//4795
f 4837//4837 4778//4778 4634//4634
f 4695//4695 4840//4840 4721//4721
f 4723//4723 4786//4786 4865//4865
f 4636//4636 4846//4846 4845//4845
f 4754//4754 4658//4658 4870//4870
f 4658//4658 4787//4787 4870//4870
f 4761//4761 4810//4810 4871//4871
f 4852//4852 4762//4762 4856//4856
f 4783//4783 4812//4812 4868//4868
f 4717//4717 4821//4821 4872//4872
f 4858//4858 4813//4813 4873//4873
f 4813//4813 4804//4804 4873//4873
f 4874//4874 4859//4859 4757//4757
f 4875//4875 4860//4860 4805//4805
f 4805//4805 4748//4748 4875//4875
f 4822//4822 4875//4875 4748//4748
f 4876//4876 4694//4694 4824//4824
f 4749//4749 4861//4861 4877//4877
f 4808//4808 4850//4850 4878//4878
f 4809//4809 4879//4879 4766//4766
f 4796//4796 4778//4778 4880//4880
f 4768//4768 4780//4780 4759//4759
f 4814//4814 4881//4881 4863//4863
f 4840//4840 4881//4881 4814//4814
f 4686//4686 4801//4801 4882//4882
f 4711//4711 4883//4883 4722//4722
f 4871//4871 4851//4851 4761//4761
f 4736//4736 4867//4867 4775//4775
f 4884//4884 4876//4876 4824//4824
f 4824//4824 4749//4749 4877//4877
f 4808//4808 4878//4878 4765//4765
f 4863//4863 4784//4784 4652//4652
f 4826//4826 4785//4785 4885//4885
f 4882//4882 4844//4844 4686//4686
f 4801//4801 4815//4815 4882//4882
f 4886//4886 4887//4887 4798//4798
f 4798//4798 4835//4835 4886//4886
f 4799//4799 4827//4827 4888//4888
f 4688//4688 4739//4739 4854//4854
f 4889//4889 4787//4787 4659//4659
f 4855//4855 4818//4818 4746//4746
f 4819//4819 4890//4890 4810//4810
f 4852//4852 4802//4802 4611//4611
f 4891//4891 4868//4868 4828//4828
f 4820//4820 4776//4776 4892//4892
f 4765//4765 4893//4893 4752//4752
f 4850//4850 4766//4766 4894//4894
f 4883//4883 4729//4729 4722//4722
f 4827//4827 4845//4845 4888//4888
f 4734//4734 4818//4818 4895//4895
f 4867//4867 4856//4856 4853//4853
f 4736//4736 4896//4896 4867//4867
f 4811//4811 4896//4896 4736//4736
f 4897//4897 4753//4753 4797//4797
f 4757//4757 4790//4790 4874//4874
f 4898//4898 4874//4874 4790//4790
f 4790//4790 4789//4789 4898//4898
f 4899//4899 4791//4791 4705//4705
f 4705//4705 4732//4732 4899//4899
f 4876//4876 4793//4793 4694//4694
f 4901//4901 4884//4884 4824//4824
f 4877//4877 4901//4901 4824//4824
f 4894//4894 4766//4766 4879//4879
f 4869//4869 4796//4796 4902//4902
f 4769//4769 4720//4720 4903//4903
f 4838//4838 4903//4903 4720//4720
f 4904//4904 4839//4839 4643//4643
f 4710//4710 4826//4826 4905//4905
f 4799//4799 4906//4906 4786//4786
f 4740//4740 4892//4892 4776//4776
f 4859//4859 4874//4874 4907//4907
f 4693//4693 4792//4792 4908//4908
f 4909//4909 4777//4777 4750//4750
f 4750//4750 4751//4751 4909//4909
f 4910//4910 4909//4909 4751//4751
f 4751//4751 4831//4831 4910//4910
f 4894//4894 4878//4878 4850//4850
f 4778//4778 4837//4837 4911//4911
f 4743//4743 4834//4834 4912//4912
f 4819//4819 4800//4800 4913//4913
f 4864//4864 4844//4844 4914//4914
f 4816//4816 4798//4798 4915//4915
f 4729//4729 4883//4883 4835//4835
f 4865//4865 4786//4786 4906//4906
f 4845//4845 4846//4846 4888//4888
f 4854//4854 4916//4916 4782//4782
f 4895//4895 4828//4828 4734//4734
f 4851//4851 4871//4871 4917//4917
f 4843//4843 4918//4918 4800//4800
f 4896//4896 4919//4919 4867//4867
f 4811//4811 4753//4753 4920//4920
f 4897//4897 4920//4920 4753//4753
f 4783//4783 4868//4868 4921//4921
f 4922//4922 4923//4923 4924//4924
f 4857//4857 4925//4925 4926//4926
f 4927//4927 4821//4821 4858//4858
f 4727//4727 4900//4900 4638//4638
f 4727//4727 4693//4693 4908//4908
f 4893//4893 4928//4928 4752//4752
f 4879//4879 4809//4809 4929//4929
f 4869//4869 4930//4930 4832//4832
f 4902//4902 4796//4796 4931//4931
f 4768//4768 4932//4932 4825//4825
f 4933//4933 4803//4803 4742//4742
f 4785//4785 4841//4841 4885//4885
f 4882//4882 4934//4934 4844//4844
f 4865//4865 4883//4883 4711//4711
f 4888//4888 4846//4846 4935//4935
f 4916//4916 4866//4866 4782//4782
f 4659//4659 4864//4864 4889//4889
f 4917//4917 4855//4855 4851//4851
f 4936//4936 4871//4871 4810//4810
f 4890//4890 4819//4819 4913//4913
f 4913//4913 4800//4800 4918//4918
f 4857//4857 4937//4937 4740//4740
f 4872//4872 4821//4821 4938//4938
f 4804//4804 4859//4859 4939//4939
f 4794//4794 4830//4830 4940//4940
f 4878//4878 4893//4893 4765//4765
f 4903//4903 4759//4759 4769//4769
f 4905//4905 4744//4744 4710//4710
f 4798//4798 4887//4887 4915//4915
f 4906//4906 4799//4799 4941//4941
f 4942//4942 4943//4943 4924//4924
f 4937//4937 4857//4857 4926//4926
f 4873//4873 4804//4804 4944//4944
f 4898//4898 4907//4907 4874//4874
f 4791//4791 4899//4899 4946//4946
f 4638//4638 4900//4900 4807//4807
f 4861//4861 4829//4829 4947//4947
f 4809//4809 4832//4832 4929//4929
f 4930//4930 4929//4929 4832//4832
f 4948//4948 4932//4932 4768//4768
f 4840//4840 4695//4695 4743//4743
f 4743//4743 4912//4912 4840//4840
f 4744//4744 4950//4950 4834//4834
f 4771//4771 4774//4774 4951//4951
f 4774//4774 4802//4802 4952//4952
f 4897//4897 4797//4797 4953//4953
f 4921//4921 4953//4953 4797//4797
f 4797//4797 4783//4783 4921//4921
f 4828//4828 4954//4954 4891//4891
f 4799//4799 4888//4888 4955//4955
f 4866//4866 4935//4935 4846//4846
f 4870//4870 4817//4817 4754//4754
f 4956//4956 4870//4870 4787//4787
f 4914//4914 4889//4889 4864//4864
f 4957//4957 4942//4942 4924//4924
f 4944//4944 4804//4804 4939//4939
f 4789//4789 4945//4945 4898//4898
f 4899//4899 4732//4732 4958//4958
f 4959//4959 4848//4848 4793//4793
f 4960//4960 4793//4793 4876//4876
f 4961//4961 4877//4877 4861//4861
f 4947//4947 4961//4961 4861//4861
f 4849//4849 4764//4764 4962//4962
f 4940//4940 4830//4830 4777//4777
f 4831//4831 4862//4862 4910//4910
f 4878//4878 4894//4894 4963//4963
f 4869//4869 4902//4902 4930//4930
f 4880//4880 4931//4931 4796//4796
f 4964//4964 4837//4837 4779//4779
f 4885//4885 4841//4841 4965//4965
f 4966//4966 4841//4841 4842//4842
f 4936//4936 4917//4917 4871//4871
f 4890//4890 4936//4936 4810//4810
f 4951//4951 4843//4843 4771//4771
f 4922//4922 4967//4967 4923//4923
f 4740//4740 4937//4937 4892//4892
f 4927//4927 4938//4938 4821//4821
f 4860//4860 4958//4958 4732//4732
f 4793//4793 4960//4960 4959//4959
f 4752//4752 4928//4928 4862//4862
f 4825//4825 4932//4932 4779//4779
f 4968//4968 4779//4779 4932//4932
f 4933//4933 4742//4742 4969//4969
f 4912//4912 4834//4834 4970//4970
f 4951//4951 4971//4971 4843//4843
f 4952//4952 4951//4951 4774//4774
f 4828//4828 4895//4895 4954//4954
f 4972//4972 4967//4967 4922//4922
f 4787//4787 4889//4889 4956//4956
f 4844//4844 4934//4934 4914//4914
f 4835//4835 4883//4883 4973//4973
f 4906//4906 4974//4974 4865//4865
f 4922//4922 4943//4943 4975//4975
f 4815//4815 4816//4816 4976//4976
f 4977//4977 4883//4883 4865//4865
f 4865//4865 4974//4974 4977//4977
f 4955//4955 4888//4888 4978//4978
f 4888//4888 4935//4935 4978//4978
f 4854//4854 4979//4979 4916//4916
f 4855//4855 4895//4895 4818//4818
f 4981//4981 4982//4982 4855//4855
f 4918//4918 4983//4983 4913//4913
f 4984//4984 4985//4985 4856//4856
f 4856//4856 4867//4867 4984//4984
f 4986//4986 4984//4984 4867//4867
f 4919//4919 4986//4986 4867//4867
f 4920//4920 4896//4896 4811//4811
f 4987//4987 4988//4988 4989//4989
f 4990//4990 4987//4987 4989//4989
f 4989//4989 4923//4923 4990//4990
f 4991//4991 4975//4975 4943//4943
f 4820//4820 4892//4892 4992//4992
f 4806//4806 4993//4993 4822//4822
f 4940//4940 4764//4764 4794//4794
f 4911//4911 4880//4880 4778//4778
f 4948//4948 4759//4759 4994//4994
f 4759//4759 4903//4903 4994//4994
f 4933//4933 4770//4770 4803//4803
f 4949//4949 4742//4742 4784//4784
f 4863//4863 4881//4881 4995//4995
f 4970//4970 4996//4996 4912//4912
f 4997//4997 4905//4905 4826//4826
f 4826//4826 4885//4885 4997//4997
f 4815//4815 4976//4976 4882//4882
f 4816//4816 4915//4915 4976//4976
f 4977//4977 4973//4973 4883//4883
f 4974//4974 4906//4906 4941//4941
f 4817//4817 4870//4870 4998//4998
f 4992//4992 4999//4999 4820//4820
f 5000//5000 4992//4992 4892//4892
f 4993//4993 4875//4875 4822//4822
f 4884//4884 4960//4960 4876//4876
f 5001//5001 4929//4929 4930//4930
f 5002//5002 4902//4902 4931//4931
f 4838//4838 4651//4651 5003//5003
f 4651//4651 4833//4833 5003//5003
f 4895//4895 4855//4855 4982//4982
f 4983//4983 5004//5004 4913//4913
f 4843//4843 4971//4971 4918//4918
f 4802//4802 4852//4852 5005//5005
f 4967//4967 4990//4990 4923//4923
f 4917//4917 4981//4981 4855//4855
f 5004//5004 4890//4890 4913//4913
f 4856//4856 5005//5005 4852//4852
f 5006//5006 4934//4934 4882//4882
f 4976//4976 5006//5006 4882//4882
f 5007//5007 4887//4887 4886//4886
f 4892//4892 4937//4937 5000//5000
f 5008//5008 4873//4873 4944//4944
f 4939//4939 4859//4859 4907//4907
f 4907//4907 4898//4898 5009//5009
f 5010//5010 5009//5009 4898//4898
f 4806//4806 4823//4823 5011//5011
f 4829//4829 4758//4758 5012//5012
f 4931//4931 4880//4880 5002//5002
f 4911//4911 5002//5002 4880//4880
f 5013//5013 4863//4863 4995//4995
f 4991//4991 4943//4943 5014//5014
f 4991//4991 5015//5015 4975//4975
f 4952//4952 4802//4802 5005//5005
f 4868//4868 5016//5016 4921//4921
f 5018//5018 5017//5017 4988//4988
f 4988//4988 4987//4987 5018//5018
f 4978//4978 4935//4935 5019//5019
f 4854//4854 4739//4739 5020//5020
f 4817//4817 5020//5020 4739//4739
f 4973//4973 4886//4886 4835//4835
f 5008//5008 5021//5021 4927//4927
f 5022//5022 4958//4958 4860//4860
f 4875//4875 5022//5022 4860//4860
f 4900//4900 4727//4727 4908//4908
f 4908//4908 4792//4792 5023//5023
f 4930//4930 4902//4902 5024//5024
f 4840//4840 5025//5025 4881//4881
f 4950//4950 4970//4970 4834//4834
f 5026//5026 4997//4997 4885//4885
f 5014//5014 5027//5027 4991//4991
f 4917//4917 4936//4936 5028//5028
f 4983//4983 4918//4918 5029//5029
f 4985//4985 5005//5005 4856//4856
f 4897//4897 5030//5030 4920//4920
f 5020//5020 4979//4979 4854//4854
f 5031//5031 4956//4956 4889//4889
f 5021//5021 4938//4938 4927//4927
f 4907//4907 5032//5032 4939//4939
f 5024//5024 5001//5001 4930//4930
f 4902//4902 5002//5002 5033//5033
f 4904//4904 4833//4833 4839//4839
f 4643//4643 4770//4770 4904//4904
f 4949//4949 4969//4969 4742//4742
f 4784//4784 4863//4863 5013//5013
f 4905//4905 4950//4950 4744//4744
f 4965//4965 5026//5026 4885//4885
f 5035//5035 4918//4918 4971//4971
f 4951//4951 5035//5035 4971//4971
f 4896//4896 4920//4920 5036//5036
f 5030//5030 5036//5036 4920//4920
f 5016//5016 4953//4953 4921//4921
f 5037//5037 4967//4967 4972//4972
f 5038//5038 5037//5037 4972//4972
f 4955//4955 4978//4978 5039//5039
f 5040//5040 4914//4914 4934//4934
f 5007//5007 4915//4915 4887//4887
f 5041//5041 5007//5007 4886//4886
f 4886//4886 4973//4973 5041//5041
f 5042//5042 4974//4974 4941//4941
f 4875//4875 4993//4993 5043//5043
f 5044//5044 4910//4910 4862//4862
f 4928//4928 5044//5044 4862//4862
f 4833//4833 5046//5046 5003//5003
f 5048//5048 5027//5027 5014//5014
f 5015//5015 4991//4991 5049//5049
f 4991//4991 5027//5027 5050//5050
f 4895//4895 4982//4982 5051//5051
f 4890//4890 5004//5004 4936//4936
f 4951//4951 4952//4952 5052//5052
f 5005//5005 5052//5052 4952//4952
f 4978//4978 5019//5019 5039//5039
f 5006//5006 5040//5040 4934//4934
f 5053//5053 4926//4926 4925//4925
f 4925//4925 4938//4938 5053//5053
f 5032//5032 4907//4907 5054//5054
f 4898//4898 4945//4945 5010//5010
f 4847//4847 4791//4791 5055//5055
f 5056//5056 4807//4807 4900//4900
f 4900//4900 4908//4908 5056//5056
f 4928//4928 4893//4893 5045//5045
f 4837//4837 4964//4964 5057//5057
f 4779//4779 4968//4968 4964//4964
f 5013//5013 4949//4949 4784//4784
f 4983//4983 5058//5058 5004//5004
f 5005//5005 4985//4985 5059//5059
f 4984//4984 4986//4986 5060//5060
f 4986//4986 4919//4919 5060//5060
f 5061//5061 5016//5016 4868//4868
f 4868//4868 4891//4891 5061//5061
f 4980//4980 4954//4954 4895//4895
f 5062//5062 4987//4987 4990//4990
f 5063//5063 5062//5062 4990//4990
f 4967//4967 5063//5063 4990//4990
f 5019//5019 4935//4935 5064//5064
f 5065//5065 4973//4973 4977//4977
f 5066//5066 5065//5065 4977//4977
f 4977//4977 4974//4974 5066//5066
f 5000//5000 4937//4937 5067//5067
f 5008//5008 4944//4944 5068//5068
f 5022//5022 5070//5070 4958//4958
f 5011//5011 4993//4993 4806//4806
f 4962//4962 4764//4764 4940//4940
f 5071//5071 4777//4777 4909//4909
f 4963//4963 4894//4894 5072//5072
f 5073//5073 5074//5074 4879//4879
f 4879//4879 4929//4929 5073//5073
f 4964//4964 4968//4968 5075//5075
f 4841//4841 4966//4966 5076//5076
f 5050//5050 5049//5049 4991//4991
f 4980//4980 4895//4895 5051//5051
f 5051//5051 4982//4982 5077//5077
f 5078//5078 5077//5077 4982//4982
f 4982//4982 4981//4981 5078//5078
f 5079//5079 5078//5078 4981//4981
f 4981//4981 4917//4917 5079//5079
f 4917//4917 5028//5028 5079//5079
f 5058//5058 4936//4936 5004//5004
f 4953//4953 5016//5016 4897//4897
f 4988//4988 5017//5017 5080//5080
f 5063//5063 4967//4967 5037//5037
f 5081//5081 5037//5037 5038//5038
f 5082//5082 5001//5001 5024//5024
f 5057//5057 4911//4911 4837//4837
f 4995//4995 5083//5083 5013//5013
f 5084//5084 4965//4965 4841//4841
f 4841//4841 5076//5076 5084//5084
f 4866//4866 5064//5064 4935//4935
f 5085//5085 4976//4976 4915//4915
f 4915//4915 5007//5007 5085//5085
f 5065//5065 5041//5041 4973//4973
f 5066//5066 4974//4974 5042//5042
f 5053//5053 5086//5086 4926//4926
f 4939//4939 5068//5068 4944//4944
f 4791//4791 4946//4946 5055//5055
f 4958//4958 4946//4946 4899//4899
f 5087//5087 4823//4823 4807//4807
f 5088//5088 4792//4792 4848//4848
f 4848//4848 4959//4959 5088//5088
f 5012//5012 4947//4947 4829//4829
f 5089//5089 5071//5071 4909//4909
f 4894//4894 4879//4879 5072//5072
f 5074//5074 5072//5072 4879//4879
f 5082//5082 5073//5073 4929//4929
f 5047//5047 5034//5034 5090//5090
f 5034//5034 5091//5091 5092//5092
f 5034//5034 5015//5015 5091//5091
f 5015//5015 5049//5049 5093//5093
f 5050//5050 5027//5027 5048//5048
f 5029//5029 4918//4918 5094//5094
f 5035//5035 5094//5094 4918//4918
f 5052//5052 5035//5035 4951//4951
f 5059//5059 5052//5052 5005//5005
f 5059//5059 4985//4985 5095//5095
f 4984//4984 5095//5095 4985//4985
f 5036//5036 4919//4919 4896//4896
f 5096//5096 4891//4891 4954//4954
f 5097//5097 5018//5018 4987//4987
f 4926//4926 5098//5098 4937//4937
f 4938//4938 5021//5021 5053//5053
f 5009//5009 5054//5054 4907//4907
f 4789//4789 4847//4847 5069//5069
f 5011//5011 4823//4823 5087//5087
f 4909//4909 4910//4910 5089//5089
f 5044//5044 5089//5089 4910//4910
f 5072//5072 5099//5099 4963//4963
f 5092//5092 5090//5090 5034//5034
f 5093//5093 5091//5091 5015//5015
f 4817//4817 4998//4998 5101//5101
f 4945//4945 4789//4789 5069//5069
f 5056//5056 5087//5087 4807//4807
f 5102//5102 4940//4940 4777//4777
f 5044//5044 4928//4928 5103//5103
f 5045//5045 5104//5104 4928//4928
f 5052//5052 5105//5105 5035//5035
f 4891//4891 5096//5096 5061//5061
f 5106//5106 5096//5096 4954//4954
f 4954//4954 4980//4980 5106//5106
f 4987//4987 5062//5062 5097//5097
f 5107//5107 5024//5024 4902//4902
f 5033//5033 5107//5107 4902//4902
f 5075//5075 5108//5108 4964//4964
f 4994//4994 4903//4903 5109//5109
f 5110//5110 5109//5109 4903//4903
f 5046//5046 5110//5110 4903//4903
f 4903//4903 4838//4838 5046//5046
f 5039//5039 5019//5019 5100//5100
f 5111//5111 5019//5019 5064//5064
f 4866//4866 4916//4916 5112//5112
f 5020//5020 4817//4817 5101//5101
f 5081//5081 5113//5113 5037//5037
f 5082//5082 5024//5024 5114//5114
f 5107//5107 5114//5114 5024//5024
f 4932//4932 4948//4948 5115//5115
f 4838//4838 5003//5003 5046//5046
f 5116//5116 5025//5025 4840//4840
f 4912//4912 5116//5116 4840//4840
f 5117//5117 4950//4950 4905//4905
f 4939//4939 5032//5032 5118//5118
f 5010//5010 5119//5119 5009//5009
f 5104//5104 5103//5103 4928//4928
f 5050//5050 5120//5120 5121//5121
f 5064//5064 4866//4866 5122//5122
f 5112//5112 4916//4916 4979//4979
f 5101//5101 4979//4979 5020//5020
f 5085//5085 5006//5006 4976//4976
f 5041//5041 5123//5123 5007//5007
f 5062//5062 5063//5063 5124//5124
f 5125//5125 5126//5126 5081//5081
f 5053//5053 5021//5021 5127//5127
f 5128//5128 5068//5068 4939//4939
f 4939//4939 5118//5118 5128//5128
f 5054//5054 5118//5118 5032//5032
f 5129//5129 5010//5010 4945//4945
f 5056//5056 4908//4908 5130//5130
f 4770//4770 4933//4933 5131//5131
f 4992//4992 5132//5132 4999//4999
f 5028//5028 4936//4936 5133//5133
f 4936//4936 5058//5058 5133//5133
f 5058//5058 4983//4983 5134//5134
f 5029//5029 5134//5134 4983//4983
f 5105//5105 5052//5052 5135//5135
f 5100//5100 5019//5019 5111//5111
f 4914//4914 5040//5040 5136//5136
f 5137//5137 5123//5123 5041//5041
f 5065//5065 5137//5137 5041//5041
f 5065//5065 5066//5066 5138//5138
f 5080//5080 5139//5139 5140//5140
f 5017//5017 5018//5018 5139//5139
f 5037//5037 5124//5124 5063//5063
f 5126//5126 5113//5113 5081//5081
f 5125//5125 5141//5141 5142//5142
f 5119//5119 5054//5054 5009//5009
f 5012//5012 4961//4961 4947//4947
f 4893//4893 5099//5099 5143//5143
f 5057//5057 5002//5002 4911//4911
f 5108//5108 5057//5057 4964//4964
f 5109//5109 5115//5115 4994//4994
f 4833//4833 4904//4904 5144//5144
f 5131//5131 4904//4904 4770//4770
f 4970//4970 4950//4950 5145//5145
f 4937//4937 5098//5098 5067//5067
f 5021//5021 5008//5008 5127//5127
f 5094//5094 5035//5035 5146//5146
f 5105//5105 5146//5146 5035//5035
f 5147//5147 5135//5135 5052//5052
f 5052//5052 5059//5059 5147//5147
f 4980//4980 5051//5051 5106//5106
f 5148//5148 5149//5149 5150//5150
f 5149//5149 5148//5148 5151//5151
f 5100//5100 5111//5111 5152//5152
f 5122//5122 5111//5111 5064//5064
f 5006//5006 5153//5153 5040//5040
f 5123//5123 5154//5154 5007//5007
f 5157//5157 5156//5156 5155//5155
f 5121//5121 5049//5049 5050//5050
f 5129//5129 5119//5119 5010//5010
f 4946//4946 4958//4958 5070//5070
f 4908//4908 5023//5023 5160//5160
f 5104//5104 5045//5045 5161//5161
f 5045//5045 4893//4893 5161//5161
f 5143//5143 5161//5161 4893//4893
f 5082//5082 5114//5114 5162//5162
f 5115//5115 5163//5163 4932//4932
f 4995//4995 4881//4881 5164//5164
f 4996//4996 5116//5116 4912//4912
f 5068//5068 5165//5165 5008//5008
f 5128//5128 5166//5166 5068//5068
f 5167//5167 5168//5168 5148//5148
f 5148//5148 5150//5150 5167//5167
f 5134//5134 5169//5169 5058//5058
f 5170//5170 5095//5095 4984//4984
f 4984//4984 5060//5060 5170//5170
f 5051//5051 5077//5077 5171//5171
f 5172//5172 5171//5171 5077//5077
f 5077//5077 5078//5078 5172//5172
f 5173//5173 5018//5018 5097//5097
f 5141//5141 5174//5174 5142//5142
f 5175//5175 5121//5121 5120//5120
f 5085//5085 5176//5176 5006//5006
f 5085//5085 5007//5007 5154//5154
f 5156//5156 5177//5177 5155//5155
f 5178//5178 5159//5159 5090//5090
f 5179//5179 5128//5128 5118//5118
f 5118//5118 5054//5054 5180//5180
f 5102//5102 4777//4777 5181//5181
f 5071//5071 5181//5181 4777//4777
f 5033//5033 5182//5182 5107//5107
f 5002//5002 5057//5057 5183//5183
f 5163//5163 4968//4968 4932//4932
f 5184//5184 5026//5026 4965//4965
f 4965//4965 5084//5084 5184//5184
f 4992//4992 5000//5000 5185//5185
f 4926//4926 5086//5086 5186//5186
f 5127//5127 5187//5187 5053//5053
f 5068//5068 5166//5166 5188//5188
f 5092//5092 5178//5178 5090//5090
f 5079//5079 5028//5028 5189//5189
f 5190//5190 5189//5189 5028//5028
f 5028//5028 5133//5133 5190//5190
f 5191//5191 5029//5029 5146//5146
f 5029//5029 5094//5094 5146//5146
f 5146//5146 5105//5105 5192//5192
f 5095//5095 5147//5147 5059//5059
f 5126//5126 5125//5125 5193//5193
f 5111//5111 5194//5194 5152//5152
f 5122//5122 4866//4866 5112//5112
f 4870//4870 4956//4956 5195//5195
f 4956//4956 5031//5031 5195//5195
f 5136//5136 5031//5031 4889//4889
f 4889//4889 4914//4914 5136//5136
f 5153//5153 5136//5136 5040//5040
f 5196//5196 5176//5176 5085//5085
f 5154//5154 5196//5196 5085//5085
f 5138//5138 5137//5137 5065//5065
f 5173//5173 5198//5198 5018//5018
f 5124//5124 5037//5037 5113//5113
f 5199//5199 5193//5193 5125//5125
f 5179//5179 5118//5118 5200//5200
f 5087//5087 5056//5056 5201//5201
f 5023//5023 4792//4792 5202//5202
f 5203//5203 4961//4961 5012//5012
f 5204//5204 5167//5167 5150//5150
f 5133//5133 5058//5058 5205//5205
f 5134//5134 5029//5029 5191//5191
f 5106//5106 5051//5051 5206//5206
f 5171//5171 5206//5206 5051//5051
f 5207//5207 5140//5140 5139//5139
f 5114//5114 5107//5107 5182//5182
f 4995//4995 5164//5164 5208//5208
f 5098//5098 4926//4926 5186//5186
f 5209//5209 5210//5210 5211//5211
f 5177//5177 5212//5212 5213//5213
f 5213//5213 5155//5155 5177//5177
f 5156//5156 5157//5157 5214//5214
f 5092//5092 5091//5091 5215//5215
f 4998//4998 4870//4870 5195//5195
f 5123//5123 5137//5137 5216//5216
f 5180//5180 5200//5200 5118//5118
f 5201//5201 5011//5011 5087//5087
f 5088//5088 5202//5202 4792//4792
f 5217//5217 4959//4959 4960//4960
f 5012//5012 4758//4758 5218//5218
f 4849//4849 5218//5218 4758//4758
f 5204//5204 5219//5219 5167//5167
f 5190//5190 5133//5133 5205//5205
f 5058//5058 5169//5169 5205//5205
f 5171//5171 5172//5172 5220//5220
f 5162//5162 5221//5221 5082//5082
f 5162//5162 5114//5114 5182//5182
f 5002//5002 5222//5222 5033//5033
f 4968//4968 5163//5163 5075//5075
f 5223//5223 4969//4969 4949//4949
f 5013//5013 5223//5223 4949//4949
f 5083//5083 4995//4995 5208//5208
f 4997//4997 5117//5117 4905//4905
f 5224//5224 5132//5132 5185//5185
f 5132//5132 4992//4992 5185//5185
f 5187//5187 5127//5127 5165//5165
f 5127//5127 5008//5008 5165//5165
f 5225//5225 5121//5121 5175//5175
f 5226//5226 5194//5194 5111//5111
f 5111//5111 5122//5122 5226//5226
f 5112//5112 5226//5226 5122//5122
f 5101//5101 4998//4998 5227//5227
f 4998//4998 5195//5195 5227//5227
f 5176//5176 5153//5153 5006//5006
f 5123//5123 5216//5216 5154//5154
f 5228//5228 5216//5216 5137//5137
f 5229//5229 5139//5139 5018//5018
f 5230//5230 5113//5113 5126//5126
f 4884//4884 4901//4901 5231//5231
f 5232//5232 5103//5103 5104//5104
f 5219//5219 5168//5168 5167//5167
f 5105//5105 5135//5135 5192//5192
f 4919//4919 5036//5036 5235//5235
f 5096//5096 5236//5236 5061//5061
f 5222//5222 5002//5002 5237//5237
f 4904//4904 5131//5131 5144//5144
f 5013//5013 5083//5083 5223//5223
f 4950//4950 5117//5117 5145//5145
f 5091//5091 5239//5239 5215//5215
f 5049//5049 5239//5239 5093//5093
f 5101//5101 5112//5112 4979//4979
f 5097//5097 5062//5062 5124//5124
f 5193//5193 5230//5230 5126//5126
f 5177//5177 5156//5156 5240//5240
f 5179//5179 5241//5241 5128//5128
f 5129//5129 4945//4945 5242//5242
f 5130//5130 4908//4908 5160//5160
f 5243//5243 4960//4960 4884//4884
f 5089//5089 5044//5044 5244//5244
f 5147//5147 5095//5095 5245//5245
f 5016//5016 5061//5061 5246//5246
f 5236//5236 5246//5246 5061//5061
f 5206//5206 5096//5096 5106//5106
f 5247//5247 5206//5206 5171//5171
f 5025//5025 5164//5164 4881//4881
f 5185//5185 5248//5248 5224//5224
f 5178//5178 5092//5092 5249//5249
f 5215//5215 5249//5249 5092//5092
f 5239//5239 5049//5049 5250//5250
f 5137//5137 5138//5138 5228//5228
f 5251//5251 5228//5228 5138//5138
f 5229//5229 5018//5018 5198//5198
f 5213//5213 5212//5212 5252//5252
f 5214//5214 5240//5240 5156//5156
f 5242//5242 5119//5119 5129//5129
f 4945//4945 5069//5069 5242//5242
f 5069//5069 4847//4847 5253//5253
f 5055//5055 5253//5253 4847//4847
f 5254//5254 4946//4946 5070//5070
f 4849//4849 4962//4962 5255//5255
f 5209//5209 5233//5233 5168//5168
f 5256//5256 5190//5190 5205//5205
f 5191//5191 5146//5146 5257//5257
f 5258//5258 5259//5259 5146//5146
f 5146//5146 5192//5192 5258//5258
f 5060//5060 4919//4919 5235//5235
f 5162//5162 5260//5260 5221//5221
f 5182//5182 5033//5033 5261//5261
f 5222//5222 5261//5261 5033//5033
f 5262//5262 5183//5183 5057//5057
f 5057//5057 5108//5108 5262//5262
f 5108//5108 5075//5075 5262//5262
f 5046//5046 4833//4833 5263//5263
f 5026//5026 5184//5184 5264//5264
f 5165//5165 5068//5068 5265//5265
f 5188//5188 5265//5265 5068//5068
f 5212//5212 5177//5177 5266//5266
f 5194//5194 5225//5225 5175//5175
f 5136//5136 5153//5153 5267//5267
f 5153//5153 5176//5176 5267//5267
f 5154//5154 5216//5216 5268//5268
f 5269//5269 5216//5216 5228//5228
f 5097//5097 5124//5124 5270//5270
f 5113//5113 5230//5230 5271//5271
f 5139//5139 5272//5272 5207//5207
f 5124//5124 5113//5113 5270//5270
f 5253//5253 5273//5273 5069//5069
f 5022//5022 4875//4875 5274//5274
f 5104//5104 5161//5161 5232//5232
f 5275//5275 5276//5276 5209//5209
f 5209//5209 5168//5168 5277//5277
f 5257//5257 5146//5146 5259//5259
f 5245//5245 5135//5135 5147//5147
f 5246//5246 4897//4897 5016//5016
f 5278//5278 5237//5237 5183//5183
f 5075//5075 5163//5163 5279//5279
f 5280//5280 5188//5188 5238//5238
f 5238//5238 5281//5281 5280//5280
f 5252//5252 5212//5212 5282//5282
f 5283//5283 5284//5284 5285//5285
f 5286//5286 5242//5242 5069//5069
f 5273//5273 5286//5286 5069//5069
f 5102//5102 4962//4962 4940//4940
f 5275//5275 5209//5209 5277//5277
f 5168//5168 5219//5219 5287//5287
f 5134//5134 5191//5191 5257//5257
f 5192//5192 5135//5135 5258//5258
f 5288//5288 5258//5258 5135//5135
f 5095//5095 5170//5170 5289//5289
f 5246//5246 5030//5030 4897//4897
f 5162//5162 5182//5182 5290//5290
f 5109//5109 5291//5291 5115//5115
f 5144//5144 5263//5263 4833//4833
f 5292//5292 5144//5144 5131//5131
f 5131//5131 4933//4933 5293//5293
f 5187//5187 5165//5165 5294//5294
f 5295//5295 5250//5250 5049//5049
f 5049//5049 5121//5121 5295//5295
f 5268//5268 5296//5296 5196//5196
f 5196//5196 5154//5154 5268//5268
f 5228//5228 5251//5251 5297//5297
f 5272//5272 5298//5298 5251//5251
f 5299//5299 5173//5173 5097//5097
f 5232//5232 5300//5300 5103//5103
f 5301//5301 5302//5302 5161//5161
f 5143//5143 5301//5301 5161//5161
f 5245//5245 5288//5288 5135//5135
f 5030//5030 5246//5246 5303//5303
f 5096//5096 5206//5206 5236//5236
f 5260//5260 5162//5162 5290//5290
f 5304//5304 5261//5261 5305//5305
f 5282//5282 5306//5306 5252//5252
f 5307//5307 5212//5212 5266//5266
f 5240//5240 5266//5266 5177//5177
f 5308//5308 5110//5110 5046//5046
f 5121//5121 5225//5225 5295//5295
f 5226//5226 5225//5225 5194//5194
f 5101//5101 5227//5227 5310//5310
f 5311//5311 5267//5267 5176//5176
f 5176//5176 5196//5196 5311//5311
f 5296//5296 5311//5311 5196//5196
f 5219//5219 5204//5204 5312//5312
f 5313//5313 5312//5312 5169//5169
f 5169//5169 5134//5134 5313//5313
f 5289//5289 5245//5245 5095//5095
f 5307//5307 5282//5282 5212//5212
f 5314//5314 5266//5266 5240//5240
f 5315//5315 5285//5285 5284//5284
f 5316//5316 5315//5315 5284//5284
f 5262//5262 5278//5278 5183//5183
f 5317//5317 5262//5262 5075//5075
f 5291//5291 5163//5163 5115//5115
f 5239//5239 5250//5250 5319//5319
f 5320//5320 5226//5226 5112//5112
f 5112//5112 5101//5101 5320//5320
f 5321//5321 5031//5031 5136//5136
f 5298//5298 5297//5297 5251//5251
f 5270//5270 5113//5113 5271//5271
f 5242//5242 5322//5322 5119//5119
f 5043//5043 5274//5274 4875//4875
f 5231//5231 5243//5243 4884//4884
f 5012//5012 5218//5218 5203//5203
f 5300//5300 5044//5044 5103//5103
f 5323//5323 5301//5301 5143//5143
f 5322//5322 5054//5054 5119//5119
f 4960//4960 5243//5243 5217//5217
f 4877//4877 4961//4961 5325//5325
f 5218//5218 4849//4849 5255//5255
f 5257//5257 5313//5313 5134//5134
f 5240//5240 5285//5285 5314//5314
f 5237//5237 5278//5278 5326//5326
f 5075//5075 5279//5279 5317//5317
f 4969//4969 5223//5223 5309//5309
f 5327//5327 5328//5328 5185//5185
f 5185//5185 5000//5000 5327//5327
f 5000//5000 5067//5067 5329//5329
f 5067//5067 5098//5098 5329//5329
f 5310//5310 5320//5320 5101//5101
f 5330//5330 5195//5195 5031//5031
f 5331//5331 5298//5298 5272//5272
f 5272//5272 5139//5139 5331//5331
f 5139//5139 5229//5229 5331//5331
f 5198//5198 5332//5332 5229//5229
f 5193//5193 5199//5199 5333//5333
f 5200//5200 5180//5180 5324//5324
f 5254//5254 5055//5055 4946//4946
f 5022//5022 5254//5254 5070//5070
f 4993//4993 5334//5334 5043//5043
f 5335//5335 5181//5181 5071//5071
f 5071//5071 5089//5089 5335//5335
f 5300//5300 5244//5244 5044//5044
f 5302//5302 5232//5232 5161//5161
f 5275//5275 5336//5336 5276//5276
f 5287//5287 5277//5277 5168//5168
f 5219//5219 5312//5312 5337//5337
f 5338//5338 5206//5206 5247//5247
f 5260//5260 5290//5290 5339//5339
f 5182//5182 5261//5261 5340//5340
f 5341//5341 5306//5306 5342//5342
f 5314//5314 5285//5285 5315//5315
f 5237//5237 5326//5326 5344//5344
f 5164//5164 5025//5025 5345//5345
f 5248//5248 5185//5185 5328//5328
f 5265//5265 5188//5188 5280//5280
f 5280//5280 5281//5281 5346//5346
f 5215//5215 5239//5239 5319//5319
f 5226//5226 5347//5347 5225//5225
f 5136//5136 5267//5267 5321//5321
f 5230//5230 5193//5193 5348//5348
f 5181//5181 4962//4962 5102//5102
f 5336//5336 5275//5275 5349//5349
f 5337//5337 5287//5287 5219//5219
f 5313//5313 5350//5350 5312//5312
f 5258//5258 5288//5288 5351//5351
f 5245//5245 5289//5289 5352//5352
f 5338//5338 5236//5236 5206//5206
f 5278//5278 5262//5262 5355//5355
f 5163//5163 5356//5356 5279//5279
f 5109//5109 5110//5110 5357//5357
f 5308//5308 5357//5357 5110//5110
f 5308//5308 5046//5046 5358//5358
f 5263//5263 5358//5358 5046//5046
f 5359//5359 5293//5293 4933//4933
f 4933//4933 4969//4969 5359//5359
f 5309//5309 5359//5359 4969//4969
f 5184//5184 5084//5084 5360//5360
f 5361//5361 5346//5346 5362//5362
f 5362//5362 5178//5178 5361//5361
f 5310//5310 5363//5363 5320//5320
f 5297//5297 5269//5269 5228//5228
f 5333//5333 5348//5348 5193//5193
f 5275//5275 5277//5277 5364//5364
f 5257//5257 5259//5259 5365//5365
f 5303//5303 5235//5235 5036//5036
f 5036//5036 5030//5030 5303//5303
f 5342//5342 5354//5354 5341//5341
f 5342//5342 5306//5306 5367//5367
f 5266//5266 5314//5314 5368//5368
f 5369//5369 5344//5344 5370//5370
f 5344//5344 5326//5326 5370//5370
f 4970//4970 5145//5145 4996//4996
f 5294//5294 5371//5371 5187//5187
f 5294//5294 5165//5165 5372//5372
f 5165//5165 5265//5265 5372//5372
f 5280//5280 5372//5372 5265//5265
f 5250//5250 5295//5295 5373//5373
f 5295//5295 5225//5225 5374//5374
f 5347//5347 5374//5374 5225//5225
f 5320//5320 5347//5347 5226//5226
f 5310//5310 5227//5227 5375//5375
f 5331//5331 5229//5229 5332//5332
f 5376//5376 5260//5260 5339//5339
f 5290//5290 5182//5182 5340//5340
f 5340//5340 5261//5261 5304//5304
f 5200//5200 5377//5377 5179//5179
f 5054//5054 5322//5322 5180//5180
f 4901//4901 4877//4877 5378//5378
f 5325//5325 5378//5378 4877//4877
f 5379//5379 5325//5325 4961//4961
f 4961//4961 5203//5203 5379//5379
f 5255//5255 5380//5380 5218//5218
f 4962//4962 5181//5181 5381//5381
f 5089//5089 5244//5244 5382//5382
f 5383//5383 5313//5313 5257//5257
f 5365//5365 5259//5259 5384//5384
f 5258//5258 5384//5384 5259//5259
f 5366//5366 5246//5246 5236//5236
f 5236//5236 5338//5338 5366//5366
f 5278//5278 5355//5355 5385//5385
f 5386//5386 5355//5355 5262//5262
f 5356//5356 5317//5317 5279//5279
f 5223//5223 5387//5387 5309//5309
f 5345//5345 5025//5025 5116//5116
f 5388//5388 5248//5248 5328//5328
f 5000//5000 5329//5329 5327//5327
f 5249//5249 5361//5361 5178//5178
f 5375//5375 5363//5363 5310//5310
f 5227//5227 5195//5195 5375//5375
f 5298//5298 5269//5269 5297//5297
f 5198//5198 5173//5173 5389//5389
f 5333//5333 5390//5390 5391//5391
f 5290//5290 5392//5392 5339//5339
f 5393//5393 5180//5180 5322//5322
f 5301//5301 5394//5394 5302//5302
f 5395//5395 5340//5340 5304//5304
f 5364//5364 5349//5349 5275//5275
f 5287//5287 5337//5337 5396//5396
f 5257//5257 5365//5365 5383//5383
f 5288//5288 5245//5245 5397//5397
f 5352//5352 5397//5397 5245//5245
f 5060//5060 5235//5235 5170//5170
f 5398//5398 5307//5307 5266//5266
f 5314//5314 5315//5315 5399//5399
f 5278//5278 5385//5385 5326//5326
f 5262//5262 5317//5317 5386//5386
f 5084//5084 5076//5076 5360//5360
f 5186//5186 5318//5318 5400//5400
f 5215//5215 5319//5319 5401//5401
f 5373//5373 5402//5402 5250//5250
f 5195//5195 5330//5330 5375//5375
f 5267//5267 5311//5311 5403//5403
f 5311//5311 5296//5296 5403//5403
f 5331//5331 5332//5332 5404//5404
f 5389//5389 5332//5332 5198//5198
f 5200//5200 5324//5324 5405//5405
f 5217//5217 5243//5243 5406//5406
f 5340//5340 5392//5392 5290//5290
f 5349//5349 5407//5407 5336//5336
f 5337//5337 5312//5312 5408//5408
f 5350//5350 5408//5408 5312//5312
f 5397//5397 5351//5351 5288//5288
f 5338//5338 5247//5247 5409//5409
f 5282//5282 5367//5367 5306//5306
f 5410//5410 5315//5315 5316//5316
f 5343//5343 5411//5411 5316//5316
f 5117//5117 4997//4997 5412//5412
f 5413//5413 4997//4997 5026//5026
f 5026//5026 5264//5264 5413//5413
f 5264//5264 5184//5184 5414//5414
f 5360//5360 5414//5414 5184//5184
f 5372//5372 5280//5280 5415//5415
f 5215//5215 5401//5401 5249//5249
f 5402//5402 5319//5319 5250//5250
f 5374//5374 5373//5373 5295//5295
f 5321//5321 5330//5330 5031//5031
f 5296//5296 5268//5268 5416//5416
f 5216//5216 5416//5416 5268//5268
f 5216//5216 5269//5269 5416//5416
f 5322//5322 5242//5242 5417//5417
f 5273//5273 5253//5253 5418//5418
f 5232//5232 5419//5419 5300//5300
f 5420//5420 5419//5419 5232//5232
f 5383//5383 5350//5350 5313//5313
f 5384//5384 5258//5258 5351//5351
f 5289//5289 5170//5170 5421//5421
f 5422//5422 5303//5303 5246//5246
f 5246//5246 5366//5366 5422//5422
f 5409//5409 5366//5366 5338//5338
f 5398//5398 5282//5282 5307//5307
f 5399//5399 5368//5368 5314//5314
f 5411//5411 5410//5410 5316//5316
f 5411//5411 5343//5343 5423//5423
f 5424//5424 5326//5326 5385//5385
f 5425//5425 5163//5163 5291//5291
f 5144//5144 5292//5292 5426//5426
f 4996//4996 5145//5145 5427//5427
f 5388//5388 5328//5328 5428//5428
f 5429//5429 5329//5329 5098//5098
f 5416//5416 5430//5430 5296//5296
f 5416//5416 5269//5269 5431//5431
f 5298//5298 5431//5431 5269//5269
f 5432//5432 5298//5298 5331//5331
f 5433//5433 5173//5173 5299//5299
f 5271//5271 5230//5230 5434//5434
f 5435//5435 5383//5383 5365//5365
f 5384//5384 5435//5435 5365//5365
f 5352//5352 5289//5289 5421//5421
f 5409//5409 5247//5247 5353//5353
f 5436//5436 5354//5354 5342//5342
f 5343//5343 5370//5370 5423//5423
f 5424//5424 5370//5370 5326//5326
f 5437//5437 5116//5116 4996//4996
f 5413//5413 5412//5412 4997//4997
f 5414//5414 5413//5413 5264//5264
f 5438//5438 5401//5401 5319//5319
f 5319//5319 5402//5402 5438//5438
f 5439//5439 5374//5374 5347//5347
f 5347//5347 5320//5320 5439//5439
f 5320//5320 5363//5363 5439//5439
f 5375//5375 5440//5440 5363//5363
f 5267//5267 5403//5403 5441//5441
f 5403//5403 5296//5296 5430//5430
f 5382//5382 5335//5335 5089//5089
f 5407//5407 5349//5349 5443//5443
f 5277//5277 5287//5287 5444//5444
f 5287//5287 5396//5396 5444//5444
f 5353//5353 5354//5354 5436//5436
f 5398//5398 5266//5266 5368//5368
f 5315//5315 5410//5410 5445//5445
f 5291//5291 5109//5109 5357//5357
f 5164//5164 5446//5446 5208//5208
f 5098//5098 5186//5186 5447//5447
f 5373//5373 5448//5448 5402//5402
f 5449//5449 5440//5440 5375//5375
f 5375//5375 5330//5330 5449//5449
f 5389//5389 5450//5450 5332//5332
f 5433//5433 5389//5389 5173//5173
f 5348//5348 5434//5434 5230//5230
f 5405//5405 5377//5377 5200//5200
f 5451//5451 5242//5242 5286//5286
f 5273//5273 5451//5451 5286//5286
f 5452//5452 5273//5273 5418//5418
f 5254//5254 5022//5022 5453//5453
f 5274//5274 5453//5453 5022//5022
f 5217//5217 5088//5088 4959//4959
f 5302//5302 5420//5420 5232//5232
f 5301//5301 5454//5454 5394//5394
f 5349//5349 5364//5364 5455//5455
f 5277//5277 5455//5455 5364//5364
f 5408//5408 5396//5396 5337//5337
f 5456//5456 5408//5408 5350//5350
f 5170//5170 5235//5235 5457//5457
f 5303//5303 5422//5422 5458//5458
f 5282//5282 5398//5398 5459//5459
f 5460//5460 5355//5355 5386//5386
f 5386//5386 5317//5317 5460//5460
f 5425//5425 5356//5356 5163//5163
f 5357//5357 5425//5425 5291//5291
f 5461//5461 5263//5263 5144//5144
f 5447//5447 5429//5429 5098//5098
f 5400//5400 5447//5447 5186//5186
f 5249//5249 5401//5401 5463//5463
f 5448//5448 5464//5464 5402//5402
f 5373//5373 5374//5374 5465//5465
f 5439//5439 5363//5363 5466//5466
f 5432//5432 5431//5431 5298//5298
f 5097//5097 5270//5270 5467//5467
f 5348//5348 5333//5333 5391//5391
f 5417//5417 5393//5393 5322//5322
f 5451//5451 5273//5273 5468//5468
f 5452//5452 5468//5468 5273//5273
f 5231//5231 4901//4901 5378//5378
f 5394//5394 5420//5420 5302//5302
f 5455//5455 5443//5443 5349//5349
f 5469//5469 5456//5456 5350//5350
f 5350//5350 5383//5383 5469//5469
f 5384//5384 5351//5351 5470//5470
f 5409//5409 5422//5422 5366//5366
f 5436//5436 5409//5409 5353//5353
f 5398//5398 5368//5368 5472//5472
f 5445//5445 5399//5399 5315//5315
f 5385//5385 5355//5355 5473//5473
f 5474//5474 5473//5473 5355//5355
f 5474//5474 5355//5355 5460//5460
f 5317//5317 5475//5475 5460//5460
f 5357//5357 5308//5308 5476//5476
f 5293//5293 5292//5292 5131//5131
f 5428//5428 5328//5328 5477//5477
f 5371//5371 5294//5294 5462//5462
f 5294//5294 5372//5372 5462//5462
f 5361//5361 5249//5249 5478//5478
f 5463//5463 5478//5478 5249//5249
f 5374//5374 5439//5439 5479//5479
f 5363//5363 5440//5440 5466//5466
f 5480//5480 5321//5321 5267//5267
f 5441//5441 5480//5480 5267//5267
f 5416//5416 5431//5431 5481//5481
f 5432//5432 5331//5331 5404//5404
f 5482//5482 5299//5299 5097//5097
f 5393//5393 5324//5324 5180//5180
f 5055//5055 5254//5254 5483//5483
f 5381//5381 5255//5255 4962//4962
f 5470//5470 5435//5435 5384//5384
f 5484//5484 5470//5470 5351//5351
f 5351//5351 5397//5397 5484//5484
f 5421//5421 5397//5397 5352//5352
f 5485//5485 5457//5457 5235//5235
f 5235//5235 5303//5303 5485//5485
f 5458//5458 5485//5485 5303//5303
f 5342//5342 5367//5367 5471//5471
f 5459//5459 5486//5486 5367//5367
f 5367//5367 5282//5282 5459//5459
f 5423//5423 5487//5487 5411//5411
f 5426//5426 5461//5461 5144//5144
f 5208//5208 5488//5488 5083//5083
f 5489//5489 5446//5446 5164//5164
f 5145//5145 5117//5117 5427//5427
f 5429//5429 5327//5327 5329//5329
f 5340//5340 5442//5442 5490//5490
f 5438//5438 5402//5402 5464//5464
f 5465//5465 5448//5448 5373//5373
f 5449//5449 5466//5466 5440//5440
f 5321//5321 5449//5449 5330//5330
f 5450//5450 5404//5404 5332//5332
f 5482//5482 5433//5433 5299//5299
f 5467//5467 5482//5482 5097//5097
f 5491//5491 4993//4993 5011//5011
f 5011//5011 5201//5201 5491//5491
f 5492//5492 5203//5203 5218//5218
f 5218//5218 5380//5380 5492//5492
f 5444//5444 5455//5455 5277//5277
f 5493//5493 5469//5469 5383//5383
f 5435//5435 5493//5493 5383//5383
f 5494//5494 5421//5421 5170//5170
f 5457//5457 5494//5494 5170//5170
f 5495//5495 5445//5445 5410//5410
f 5423//5423 5370//5370 5496//5496
f 5370//5370 5424//5424 5496//5496
f 5473//5473 5424//5424 5385//5385
f 5437//5437 5345//5345 5116//5116
f 5497//5497 5427//5427 5117//5117
f 5328//5328 5327//5327 5498//5498
f 5429//5429 5499//5499 5327//5327
f 5465//5465 5374//5374 5500//5500
f 5430//5430 5416//5416 5481//5481
f 5431//5431 5432//5432 5501//5501
f 5404//5404 5450//5450 5502//5502
f 5270//5270 5503//5503 5467//5467
f 5274//5274 5043//5043 5504//5504
f 5334//5334 5504//5504 5043//5043
f 5201//5201 5056//5056 5505//5505
f 5130//5130 5505//5505 5056//5056
f 5492//5492 5379//5379 5203//5203
f 5392//5392 5340//5340 5490//5490
f 5443//5443 5455//5455 5506//5506
f 5507//5507 5458//5458 5422//5422
f 5422//5422 5409//5409 5507//5507
f 5471//5471 5436//5436 5342//5342
f 5398//5398 5472//5472 5459//5459
f 5472//5472 5368//5368 5508//5508
f 5399//5399 5445//5445 5509//5509
f 5487//5487 5410//5410 5411//5411
f 5356//5356 5475//5475 5317//5317
f 5425//5425 5357//5357 5476//5476
f 5358//5358 5263//5263 5461//5461
f 5083//5083 5387//5387 5223//5223
f 5466//5466 5449//5449 5510//5510
f 5391//5391 5377//5377 5511//5511
f 5512//5512 5202//5202 5088//5088
f 5088//5088 5217//5217 5512//5512
f 5300//5300 5419//5419 5513//5513
f 5514//5514 5515//5515 5407//5407
f 5407//5407 5443//5443 5514//5514
f 5487//5487 5423//5423 5516//5516
f 5427//5427 5437//5437 4996//4996
f 5117//5117 5412//5412 5497//5497
f 5414//5414 5360//5360 5518//5518
f 5477//5477 5519//5519 5428//5428
f 5327//5327 5499//5499 5498//5498
f 5520//5520 5429//5429 5447//5447
f 5478//5478 5521//5521 5361//5361
f 5479//5479 5500//5500 5374//5374
f 5522//5522 5510//5510 5449//5449
f 5481//5481 5403//5403 5430//5430
f 5405//5405 5511//5511 5377//5377
f 5393//5393 5523//5523 5324//5324
f 5451//5451 5417//5417 5242//5242
f 5483//5483 5253//5253 5055//5055
f 5491//5491 5334//5334 4993//4993
f 5244//5244 5300//5300 5524//5524
f 5394//5394 5525//5525 5420//5420
f 5526//5526 5527//5527 5339//5339
f 5339//5339 5392//5392 5528//5528
f 5392//5392 5490//5490 5528//5528
f 5449//5449 5321//5321 5522//5522
f 5321//5321 5480//5480 5529//5529
f 5481//5481 5530//5530 5403//5403
f 5501//5501 5481//5481 5431//5431
f 5389//5389 5502//5502 5450//5450
f 5531//5531 5503//5503 5434//5434
f 5434//5434 5348//5348 5531//5531
f 5348//5348 5391//5391 5532//5532
f 5523//5523 5405//5405 5324//5324
f 5023//5023 5202//5202 5533//5533
f 5217//5217 5406//5406 5534//5534
f 5335//5335 5381//5381 5181//5181
f 5526//5526 5535//5535 5527//5527
f 5528//5528 5526//5526 5339//5339
f 5515//5515 5514//5514 5536//5536
f 5408//5408 5456//5456 5537//5537
f 5538//5538 5507//5507 5409//5409
f 5409//5409 5436//5436 5538//5538
f 5436//5436 5471//5471 5538//5538
f 5471//5471 5367//5367 5486//5486
f 5368//5368 5399//5399 5508//5508
f 5495//5495 5509//5509 5445//5445
f 5413//5413 5539//5539 5412//5412
f 5371//5371 5540//5540 5400//5400
f 5521//5521 5478//5478 5541//5541
f 5465//5465 5500//5500 5542//5542
f 5479//5479 5439//5439 5543//5543
f 5466//5466 5543//5543 5439//5439
f 5466//5466 5510//5510 5544//5544
f 5529//5529 5522//5522 5321//5321
f 5480//5480 5441//5441 5545//5545
f 5441//5441 5403//5403 5545//5545
f 5403//5403 5530//5530 5545//5545
f 5432//5432 5404//5404 5546//5546
f 5547//5547 5546//5546 5404//5404
f 5532//5532 5531//5531 5348//5348
f 5532//5532 5391//5391 5511//5511
f 5548//5548 5491//5491 5201//5201
f 5513//5513 5524//5524 5300//5300
f 5537//5537 5396//5396 5408//5408
f 5549//5549 5484//5484 5397//5397
f 5397//5397 5421//5421 5549//5549
f 5494//5494 5550//5550 5421//5421
f 5551//5551 5538//5538 5471//5471
f 5410//5410 5487//5487 5552//5552
f 5553//5553 5424//5424 5473//5473
f 5473//5473 5474//5474 5553//5553
f 5554//5554 5476//5476 5308//5308
f 5308//5308 5358//5358 5554//5554
f 5164//5164 5345//5345 5489//5489
f 5498//5498 5477//5477 5328//5328
f 5540//5540 5555//5555 5400//5400
f 5448//5448 5465//5465 5542//5542
f 5545//5545 5529//5529 5480//5480
f 5432//5432 5546//5546 5501//5501
f 5556//5556 5335//5335 5382//5382
f 5557//5557 5382//5382 5244//5244
f 5525//5525 5419//5419 5420//5420
f 5528//5528 5490//5490 5558//5558
f 5455//5455 5444//5444 5506//5506
f 5469//5469 5559//5559 5456//5456
f 5560//5560 5559//5559 5469//5469
f 5469//5469 5493//5493 5560//5560
f 5550//5550 5549//5549 5421//5421
f 5485//5485 5458//5458 5561//5561
f 5458//5458 5507//5507 5561//5561
f 5495//5495 5410//5410 5552//5552
f 5476//5476 5562//5562 5425//5425
f 5461//5461 5554//5554 5358//5358
f 5387//5387 5083//5083 5488//5488
f 5555//5555 5520//5520 5447//5447
f 5447//5447 5400//5400 5555//5555
f 5541//5541 5478//5478 5563//5563
f 5463//5463 5563//5563 5478//5478
f 5543//5543 5466//5466 5544//5544
f 5564//5564 5522//5522 5529//5529
f 5504//5504 5334//5334 5565//5565
f 5534//5534 5512//5512 5217//5217
f 5566//5566 5394//5394 5454//5454
f 5536//5536 5514//5514 5567//5567
f 5514//5514 5443//5443 5567//5567
f 5493//5493 5435//5435 5568//5568
f 5470//5470 5568//5568 5435//5435
f 5457//5457 5485//5485 5569//5569
f 5538//5538 5561//5561 5507//5507
f 5497//5497 5517//5517 5427//5427
f 5413//5413 5414//5414 5539//5539
f 5570//5570 5401//5401 5438//5438
f 5438//5438 5464//5464 5570//5570
f 5500//5500 5479//5479 5571//5571
f 5522//5522 5544//5544 5510//5510
f 5572//5572 5530//5530 5481//5481
f 5481//5481 5501//5501 5572//5572
f 5501//5501 5546//5546 5573//5573
f 5502//5502 5547//5547 5404//5404
f 5511//5511 5575//5575 5532//5532
f 5511//5511 5405//5405 5576//5576
f 5523//5523 5576//5576 5405//5405
f 5453//5453 5483//5483 5254//5254
f 5490//5490 5577//5577 5558//5558
f 5537//5537 5506//5506 5444//5444
f 5396//5396 5537//5537 5444//5444
f 5559//5559 5578//5578 5456//5456
f 5568//5568 5470//5470 5579//5579
f 5561//5561 5569//5569 5485//5485
f 5459//5459 5472//5472 5580//5580
f 5553//5553 5474//5474 5581//5581
f 5474//5474 5460//5460 5581//5581
f 5539//5539 5497//5497 5412//5412
f 5360//5360 5582//5582 5518//5518
f 5540//5540 5371//5371 5583//5583
f 5462//5462 5372//5372 5584//5584
f 5372//5372 5585//5585 5584//5584
f 5542//5542 5464//5464 5448//5448
f 5543//5543 5571//5571 5479//5479
f 5545//5545 5564//5564 5529//5529
f 5530//5530 5572//5572 5586//5586
f 5389//5389 5433//5433 5587//5587
f 5574//5574 5587//5587 5433//5433
f 5575//5575 5531//5531 5532//5532
f 5575//5575 5511//5511 5588//5588
f 5243//5243 5231//5231 5589//5589
f 5557//5557 5556//5556 5382//5382
f 5443//5443 5506//5506 5590//5590
f 5560//5560 5493//5493 5568//5568
f 5494//5494 5457//5457 5569//5569
f 5591//5591 5551//5551 5471//5471
f 5471//5471 5486//5486 5591//5591
f 5486//5486 5459//5459 5592//5592
f 5472//5472 5508//5508 5593//5593
f 5488//5488 5208//5208 5594//5594
f 5446//5446 5594//5594 5208//5208
f 5595//5595 5519//5519 5477//5477
f 5462//5462 5583//5583 5371//5371
f 5596//5596 5544//5544 5522//5522
f 5597//5597 5433//5433 5482//5482
f 5589//5589 5406//5406 5243//5243
f 5513//5513 5419//5419 5598//5598
f 5484//5484 5579//5579 5470//5470
f 5561//5561 5538//5538 5599//5599
f 5538//5538 5551//5551 5600//5600
f 5580//5580 5592//5592 5459//5459
f 5593//5593 5580//5580 5472//5472
f 5460//5460 5475//5475 5581//5581
f 5356//5356 5425//5425 5602//5602
f 5562//5562 5602//5602 5425//5425
f 5437//5437 5603//5603 5345//5345
f 5360//5360 5519//5519 5582//5582
f 5522//5522 5564//5564 5596//5596
f 5597//5597 5574//5574 5433//5433
f 5531//5531 5575//5575 5605//5605
f 5588//5588 5605//5605 5575//5575
f 5588//5588 5511//5511 5576//5576
f 5451//5451 5606//5606 5417//5417
f 5607//5607 5334//5334 5491//5491
f 5202//5202 5512//5512 5533//5533
f 5244//5244 5524//5524 5557//5557
f 5535//5535 5526//5526 5608//5608
f 5567//5567 5609//5609 5536//5536
f 5610//5610 5567//5567 5443//5443
f 5537//5537 5456//5456 5578//5578
f 5569//5569 5550//5550 5494//5494
f 5592//5592 5591//5591 5486//5486
f 5516//5516 5611//5611 5487//5487
f 5424//5424 5553//5553 5496//5496
f 5539//5539 5414//5414 5613//5613
f 5518//5518 5613//5613 5414//5414
f 5584//5584 5583//5583 5462//5462
f 5542//5542 5500//5500 5614//5614
f 5571//5571 5543//5543 5615//5615
f 5564//5564 5545//5545 5604//5604
f 5545//5545 5530//5530 5604//5604
f 5586//5586 5604//5604 5530//5530
f 5573//5573 5572//5572 5501//5501
f 5616//5616 5417//5417 5606//5606
f 5505//5505 5548//5548 5201//5201
f 5335//5335 5255//5255 5381//5381
f 5590//5590 5610//5610 5443//5443
f 5579//5579 5618//5618 5568//5568
f 5579//5579 5484//5484 5619//5619
f 5484//5484 5549//5549 5619//5619
f 5549//5549 5550//5550 5619//5619
f 5591//5591 5600//5600 5551//5551
f 5552//5552 5487//5487 5611//5611
f 5562//5562 5476//5476 5620//5620
f 5476//5476 5554//5554 5620//5620
f 5603//5603 5489//5489 5345//5345
f 5621//5621 5437//5437 5427//5427
f 5427//5427 5622//5622 5621//5621
f 5595//5595 5623//5623 5519//5519
f 5520//5520 5555//5555 5624//5624
f 5625//5625 5583//5583 5584//5584
f 5626//5626 5614//5614 5500//5500
f 5571//5571 5626//5626 5500//5500
f 5586//5586 5627//5627 5604//5604
f 5586//5586 5572//5572 5628//5628
f 5587//5587 5502//5502 5389//5389
f 5629//5629 5503//5503 5531//5531
f 5605//5605 5629//5629 5531//5531
f 5393//5393 5417//5417 5523//5523
f 5616//5616 5523//5523 5417//5417
f 5617//5617 5452//5452 5418//5418
f 5334//5334 5607//5607 5565//5565
f 5630//5630 5505//5505 5130//5130
f 5160//5160 5630//5630 5130//5130
f 5525//5525 5598//5598 5419//5419
f 5631//5631 5590//5590 5506//5506
f 5506//5506 5537//5537 5631//5631
f 5632//5632 5619//5619 5550//5550
f 5550//5550 5569//5569 5632//5632
f 5580//5580 5593//5593 5633//5633
f 5634//5634 5611//5611 5516//5516
f 5496//5496 5553//5553 5635//5635
f 5636//5636 5581//5581 5475//5475
f 5602//5602 5475//5475 5356//5356
f 5612//5612 5554//5554 5461//5461
f 5359//5359 5292//5292 5293//5293
f 5429//5429 5520//5520 5499//5499
f 5463//5463 5401//5401 5638//5638
f 5401//5401 5570//5570 5639//5639
f 5570//5570 5464//5464 5640//5640
f 5464//5464 5542//5542 5640//5640
f 5615//5615 5626//5626 5571//5571
f 5543//5543 5544//5544 5641//5641
f 5573//5573 5628//5628 5572//5572
f 5642//5642 5451//5451 5468//5468
f 5418//5418 5253//5253 5643//5643
f 5483//5483 5643//5643 5253//5253
f 5483//5483 5453//5453 5644//5644
f 5378//5378 5325//5325 5645//5645
f 5525//5525 5394//5394 5646//5646
f 5609//5609 5567//5567 5647//5647
f 5560//5560 5568//5568 5618//5618
f 5648//5648 5632//5632 5569//5569
f 5569//5569 5561//5561 5648//5648
f 5599//5599 5648//5648 5561//5561
f 5649//5649 5592//5592 5580//5580
f 5650//5650 5495//5495 5552//5552
f 5496//5496 5634//5634 5516//5516
f 5635//5635 5651//5651 5496//5496
f 5623//5623 5582//5582 5519//5519
f 5498//5498 5595//5595 5477//5477
f 5628//5628 5652//5652 5586//5586
f 5467//5467 5503//5503 5653//5653
f 5503//5503 5629//5629 5653//5653
f 5274//5274 5644//5644 5453//5453
f 5491//5491 5548//5548 5607//5607
f 5533//5533 5160//5160 5023//5023
f 5325//5325 5379//5379 5645//5645
f 5566//5566 5646//5646 5394//5394
f 5558//5558 5654//5654 5528//5528
f 5655//5655 5537//5537 5578//5578
f 5656//5656 5599//5599 5538//5538
f 5538//5538 5600//5600 5656//5656
f 5601//5601 5633//5633 5593//5593
f 5611//5611 5650//5650 5552//5552
f 5651//5651 5634//5634 5496//5496
f 5426//5426 5612//5612 5461//5461
f 5621//5621 5603//5603 5437//5437
f 5540//5540 5624//5624 5555//5555
f 5541//5541 5563//5563 5657//5657
f 5401//5401 5639//5639 5638//5638
f 5544//5544 5596//5596 5641//5641
f 5658//5658 5641//5641 5596//5596
f 5596//5596 5564//5564 5658//5658
f 5546//5546 5547//5547 5659//5659
f 5547//5547 5502//5502 5660//5660
f 5576//5576 5523//5523 5661//5661
f 5378//5378 5589//5589 5231//5231
f 5335//5335 5556//5556 5662//5662
f 5601//5601 5509//5509 5663//5663
f 5495//5495 5663//5663 5509//5509
f 5427//5427 5517//5517 5622//5622
f 5595//5595 5498//5498 5664//5664
f 5640//5640 5639//5639 5570//5570
f 5641//5641 5615//5615 5543//5543
f 5627//5627 5665//5665 5564//5564
f 5627//5627 5586//5586 5652//5652
f 5482//5482 5467//5467 5666//5666
f 5617//5617 5667//5667 5452//5452
f 5643//5643 5617//5617 5418//5418
f 5668//5668 5607//5607 5548//5548
f 5630//5630 5548//5548 5505//5505
f 5669//5669 5609//5609 5647//5647
f 5670//5670 5618//5618 5579//5579
f 5579//5579 5619//5619 5670//5670
f 5619//5619 5632//5632 5671//5671
f 5672//5672 5600//5600 5591//5591
f 5591//5591 5592//5592 5672//5672
f 5592//5592 5649//5649 5673//5673
f 5650//5650 5663//5663 5495//5495
f 5620//5620 5554//5554 5674//5674
f 5359//5359 5309//5309 5637//5637
f 5664//5664 5623//5623 5595//5595
f 5665//5665 5658//5658 5564//5564
f 5546//5546 5659//5659 5573//5573
f 5675//5675 5659//5659 5547//5547
f 5666//5666 5597//5597 5482//5482
f 5616//5616 5661//5661 5523//5523
f 5643//5643 5483//5483 5676//5676
f 5483//5483 5644//5644 5676//5676
f 5557//5557 5524//5524 5677//5677
f 5678//5678 5646//5646 5566//5566
f 5558//5558 5679//5679 5654//5654
f 5669//5669 5679//5679 5609//5609
f 5631//5631 5537//5537 5680//5680
f 5559//5559 5681//5681 5578//5578
f 5560//5560 5682//5682 5559//5559
f 5619//5619 5671//5671 5670//5670
f 5650//5650 5611//5611 5683//5683
f 5611//5611 5634//5634 5684//5684
f 5581//5581 5636//5636 5685//5685
f 5686//5686 5446//5446 5489//5489
f 5497//5497 5539//5539 5687//5687
f 5613//5613 5687//5687 5539//5539
f 5624//5624 5540//5540 5688//5688
f 5563//5563 5463//5463 5689//5689
f 5638//5638 5689//5689 5463//5463
f 5690//5690 5587//5587 5574//5574
f 5467//5467 5653//5653 5666//5666
f 5691//5691 5605//5605 5588//5588
f 5588//5588 5576//5576 5691//5691
f 5661//5661 5691//5691 5576//5576
f 5692//5692 5644//5644 5274//5274
f 5504//5504 5692//5692 5274//5274
f 5512//5512 5693//5693 5533//5533
f 5512//5512 5534//5534 5693//5693
f 5694//5694 5406//5406 5589//5589
f 5335//5335 5662//5662 5255//5255
f 5537//5537 5655//5655 5680//5680
f 5599//5599 5656//5656 5648//5648
f 5695//5695 5656//5656 5600//5600
f 5696//5696 5600//5600 5672//5672
f 5673//5673 5672//5672 5592//5592
f 5649//5649 5580//5580 5697//5697
f 5698//5698 5684//5684 5634//5634
f 5475//5475 5602//5602 5699//5699
f 5554//5554 5612//5612 5700//5700
f 5497//5497 5687//5687 5517//5517
f 5547//5547 5660//5660 5675//5675
f 5660//5660 5502//5502 5702//5702
f 5502//5502 5587//5587 5702//5702
f 5645//5645 5703//5703 5378//5378
f 5646//5646 5678//5678 5704//5704
f 5682//5682 5681//5681 5559//5559
f 5682//5682 5560//5560 5618//5618
f 5696//5696 5695//5695 5600//5600
f 5705//5705 5706//5706 5663//5663
f 5663//5663 5650//5650 5705//5705
f 5674//5674 5554//5554 5700//5700
f 5518//5518 5582//5582 5707//5707
f 5582//5582 5701//5701 5708//5708
f 5623//5623 5701//5701 5582//5582
f 5652//5652 5665//5665 5627//5627
f 5639//5639 5689//5689 5638//5638
f 5542//5542 5614//5614 5710//5710
f 5641//5641 5658//5658 5709//5709
f 5629//5629 5605//5605 5711//5711
f 5691//5691 5711//5711 5605//5605
f 5630//5630 5160//5160 5712//5712
f 5534//5534 5406//5406 5694//5694
f 5713//5713 5526//5526 5528//5528
f 5654//5654 5713//5713 5528//5528
f 5590//5590 5631//5631 5714//5714
f 5680//5680 5714//5714 5631//5631
f 5681//5681 5655//5655 5578//5578
f 5715//5715 5671//5671 5632//5632
f 5632//5632 5648//5648 5715//5715
f 5699//5699 5636//5636 5475//5475
f 5716//5716 5637//5637 5309//5309
f 5489//5489 5603//5603 5686//5686
f 5687//5687 5622//5622 5517//5517
f 5708//5708 5707//5707 5582//5582
f 5652//5652 5628//5628 5718//5718
f 5702//5702 5587//5587 5690//5690
f 5574//5574 5597//5597 5690//5690
f 5597//5597 5666//5666 5719//5719
f 5606//5606 5451//5451 5616//5616
f 5720//5720 5598//5598 5525//5525
f 5721//5721 5567//5567 5610//5610
f 5610//5610 5590//5590 5721//5721
f 5580//5580 5633//5633 5697//5697
f 5651//5651 5698//5698 5634//5634
f 5426//5426 5292//5292 5722//5722
f 5387//5387 5716//5716 5309//5309
f 5446//5446 5686//5686 5723//5723
f 5613//5613 5518//5518 5707//5707
f 5701//5701 5623//5623 5724//5724
f 5664//5664 5724//5724 5623//5623
f 5725//5725 5710//5710 5614//5614
f 5726//5726 5725//5725 5614//5614
f 5614//5614 5626//5626 5726//5726
f 5626//5626 5615//5615 5726//5726
f 5709//5709 5726//5726 5615//5615
f 5615//5615 5641//5641 5709//5709
f 5727//5727 5652//5652 5718//5718
f 5629//5629 5711//5711 5728//5728
f 5556//5556 5557//5557 5677//5677
f 5729//5729 5678//5678 5566//5566
f 5713//5713 5608//5608 5526//5526
f 5730//5730 5669//5669 5647//5647
f 5647//5647 5567//5567 5730//5730
f 5731//5731 5715//5715 5648//5648
f 5683//5683 5611//5611 5732//5732
f 5684//5684 5732//5732 5611//5611
f 5635//5635 5698//5698 5651//5651
f 5685//5685 5553//5553 5581//5581
f 5540//5540 5583//5583 5688//5688
f 5734//5734 5688//5688 5583//5583
f 5583//5583 5735//5735 5734//5734
f 5665//5665 5652//5652 5727//5727
f 5628//5628 5573//5573 5736//5736
f 5659//5659 5736//5736 5573//5573
f 5737//5737 5719//5719 5666//5666
f 5666//5666 5653//5653 5737//5737
f 5703//5703 5589//5589 5378//5378
f 5738//5738 5379//5379 5492//5492
f 5646//5646 5720//5720 5525//5525
f 5535//5535 5608//5608 5739//5739
f 5671//5671 5715//5715 5740//5740
f 5648//5648 5656//5656 5741//5741
f 5706//5706 5705//5705 5742//5742
f 5650//5650 5742//5742 5705//5705
f 5602//5602 5562//5562 5620//5620
f 5743//5743 5359//5359 5637//5637
f 5488//5488 5744//5744 5387//5387
f 5733//5733 5613//5613 5707//5707
f 5745//5745 5657//5657 5563//5563
f 5563//5563 5689//5689 5745//5745
f 5746//5746 5747//5747 5640//5640
f 5640//5640 5542//5542 5746//5746
f 5710//5710 5746//5746 5542//5542
f 5718//5718 5628//5628 5748//5748
f 5736//5736 5748//5748 5628//5628
f 5749//5749 5736//5736 5659//5659
f 5719//5719 5690//5690 5597//5597
f 5750//5750 5616//5616 5451//5451
f 5451//5451 5642//5642 5750//5750
f 5617//5617 5643//5643 5751//5751
f 5752//5752 5492//5492 5380//5380
f 5753//5753 5739//5739 5608//5608
f 5713//5713 5753//5753 5608//5608
f 5754//5754 5618//5618 5670//5670
f 5670//5670 5671//5671 5754//5754
f 5740//5740 5754//5754 5671//5671
f 5656//5656 5695//5695 5741//5741
f 5684//5684 5698//5698 5755//5755
f 5685//5685 5756//5756 5553//5553
f 5426//5426 5722//5722 5612//5612
f 5603//5603 5621//5621 5686//5686
f 5689//5689 5639//5639 5757//5757
f 5758//5758 5725//5725 5726//5726
f 5709//5709 5658//5658 5759//5759
f 5658//5658 5665//5665 5760//5760
f 5761//5761 5728//5728 5711//5711
f 5691//5691 5762//5762 5711//5711
f 5676//5676 5751//5751 5643//5643
f 5764//5764 5380//5380 5255//5255
f 5765//5765 5766//5766 5669//5669
f 5649//5649 5697//5697 5767//5767
f 5635//5635 5553//5553 5756//5756
f 5723//5723 5594//5594 5446//5446
f 5733//5733 5687//5687 5613//5613
f 5724//5724 5664//5664 5768//5768
f 5664//5664 5498//5498 5717//5717
f 5498//5498 5499//5499 5717//5717
f 5624//5624 5688//5688 5769//5769
f 5688//5688 5734//5734 5770//5770
f 5771//5771 5734//5734 5735//5735
f 5747//5747 5757//5757 5639//5639
f 5709//5709 5758//5758 5726//5726
f 5660//5660 5702//5702 5772//5772
f 5762//5762 5761//5761 5711//5711
f 5661//5661 5762//5762 5691//5691
f 5694//5694 5589//5589 5773//5773
f 5738//5738 5645//5645 5379//5379
f 5766//5766 5654//5654 5679//5679
f 5765//5765 5669//5669 5730//5730
f 5730//5730 5567//5567 5721//5721
f 5682//5682 5774//5774 5681//5681
f 5682//5682 5618//5618 5774//5774
f 5731//5731 5648//5648 5775//5775
f 5648//5648 5741//5741 5775//5775
f 5776//5776 5697//5697 5633//5633
f 5706//5706 5776//5776 5633//5633
f 5743//5743 5722//5722 5292//5292
f 5292//5292 5359//5359 5743//5743
f 5488//5488 5594//5594 5744//5744
f 5622//5622 5777//5777 5621//5621
f 5757//5757 5745//5745 5689//5689
f 5639//5639 5640//5640 5747//5747
f 5778//5778 5710//5710 5725//5725
f 5727//5727 5718//5718 5779//5779
f 5660//5660 5772//5772 5675//5675
f 5763//5763 5533//5533 5780//5780
f 5781//5781 5677//5677 5524//5524
f 5524//5524 5513//5513 5781//5781
f 5704//5704 5720//5720 5646//5646
f 5739//5739 5678//5678 5729//5729
f 5655//5655 5782//5782 5680//5680
f 5754//5754 5783//5783 5618//5618
f 5784//5784 5715//5715 5731//5731
f 5785//5785 5775//5775 5741//5741
f 5741//5741 5695//5695 5785//5785
f 5695//5695 5696//5696 5785//5785
f 5759//5759 5758//5758 5709//5709
f 5760//5760 5759//5759 5658//5658
f 5665//5665 5727//5727 5760//5760
f 5748//5748 5779//5779 5718//5718
f 5659//5659 5675//5675 5749//5749
f 5786//5786 5675//5675 5772//5772
f 5702//5702 5690//5690 5787//5787
f 5693//5693 5534//5534 5788//5788
f 5534//5534 5694//5694 5788//5788
f 5703//5703 5645//5645 5738//5738
f 5789//5789 5662//5662 5556//5556
f 5790//5790 5696//5696 5672//5672
f 5791//5791 5672//5672 5673//5673
f 5673//5673 5649//5649 5791//5791
f 5755//5755 5732//5732 5684//5684
f 5620//5620 5699//5699 5602//5602
f 5620//5620 5674//5674 5792//5792
f 5722//5722 5700//5700 5612//5612
f 5387//5387 5744//5744 5716//5716
f 5794//5794 5777//5777 5622//5622
f 5622//5622 5687//5687 5794//5794
f 5717//5717 5768//5768 5664//5664
f 5757//5757 5747//5747 5795//5795
f 5725//5725 5758//5758 5796//5796
f 5668//5668 5565//5565 5607//5607
f 5764//5764 5752//5752 5380//5380
f 5797//5797 5789//5789 5556//5556
f 5556//5556 5677//5677 5797//5797
f 5782//5782 5798//5798 5680//5680
f 5783//5783 5774//5774 5618//5618
f 5740//5740 5715//5715 5784//5784
f 5775//5775 5784//5784 5731//5731
f 5657//5657 5745//5745 5799//5799
f 5796//5796 5800//5800 5725//5725
f 5779//5779 5760//5760 5727//5727
f 5779//5779 5748//5748 5801//5801
f 5690//5690 5802//5802 5787//5787
f 5690//5690 5719//5719 5802//5802
f 5737//5737 5802//5802 5719//5719
f 5160//5160 5533//5533 5763//5763
f 5785//5785 5696//5696 5790//5790
f 5672//5672 5791//5791 5790//5790
f 5742//5742 5776//5776 5706//5706
f 5803//5803 5755//5755 5698//5698
f 5674//5674 5700//5700 5792//5792
f 5733//5733 5794//5794 5687//5687
f 5724//5724 5768//5768 5804//5804
f 5759//5759 5796//5796 5758//5758
f 5468//5468 5452//5452 5805//5805
f 5667//5667 5805//5805 5452//5452
f 5548//5548 5630//5630 5806//5806
f 5712//5712 5806//5806 5630//5630
f 5654//5654 5766//5766 5807//5807
f 5765//5765 5807//5807 5766//5766
f 5754//5754 5740//5740 5808//5808
f 5784//5784 5809//5809 5740//5740
f 5767//5767 5791//5791 5649//5649
f 5810//5810 5650//5650 5683//5683
f 5732//5732 5810//5810 5683//5683
f 5811//5811 5685//5685 5636//5636
f 5700//5700 5722//5722 5812//5812
f 5793//5793 5723//5723 5686//5686
f 5777//5777 5686//5686 5621//5621
f 5708//5708 5701//5701 5813//5813
f 5769//5769 5520//5520 5624//5624
f 5769//5769 5688//5688 5770//5770
f 5745//5745 5757//5757 5814//5814
f 5757//5757 5795//5795 5814//5814
f 5800//5800 5778//5778 5725//5725
f 5815//5815 5772//5772 5702//5702
f 5787//5787 5815//5815 5702//5702
f 5761//5761 5762//5762 5816//5816
f 5817//5817 5816//5816 5762//5762
f 5818//5818 5817//5817 5661//5661
f 5661//5661 5616//5616 5818//5818
f 5616//5616 5750//5750 5818//5818
f 5692//5692 5504//5504 5819//5819
f 5565//5565 5819//5819 5504//5504
f 5668//5668 5548//5548 5820//5820
f 5806//5806 5820//5820 5548//5548
f 5255//5255 5662//5662 5764//5764
f 5821//5821 5753//5753 5713//5713
f 5822//5822 5765//5765 5730//5730
f 5823//5823 5822//5822 5730//5730
f 5730//5730 5721//5721 5823//5823
f 5824//5824 5782//5782 5655//5655
f 5655//5655 5681//5681 5824//5824
f 5681//5681 5774//5774 5824//5824
f 5809//5809 5808//5808 5740//5740
f 5825//5825 5784//5784 5775//5775
f 5810//5810 5742//5742 5650//5650
f 5756//5756 5826//5826 5635//5635
f 5827//5827 5792//5792 5700//5700
f 5700//5700 5812//5812 5827//5827
f 5724//5724 5813//5813 5701//5701
f 5746//5746 5828//5828 5747//5747
f 5829//5829 5644//5644 5692//5692
f 5693//5693 5780//5780 5533//5533
f 5713//5713 5654//5654 5807//5807
f 5808//5808 5783//5783 5754//5754
f 5831//5831 5809//5809 5784//5784
f 5832//5832 5767//5767 5697//5697
f 5697//5697 5776//5776 5833//5833
f 5826//5826 5803//5803 5698//5698
f 5698//5698 5635//5635 5826//5826
f 5826//5826 5756//5756 5834//5834
f 5756//5756 5685//5685 5811//5811
f 5813//5813 5724//5724 5804//5804
f 5717//5717 5835//5835 5768//5768
f 5828//5828 5795//5795 5747//5747
f 5796//5796 5759//5759 5836//5836
f 5759//5759 5760//5760 5836//5836
f 5786//5786 5749//5749 5675//5675
f 5818//5818 5837//5837 5817//5817
f 5780//5780 5693//5693 5838//5838
f 5797//5797 5677//5677 5839//5839
f 5677//5677 5781//5781 5839//5839
f 5513//5513 5598//5598 5781//5781
f 5714//5714 5823//5823 5721//5721
f 5798//5798 5714//5714 5680//5680
f 5824//5824 5774//5774 5840//5840
f 5794//5794 5841//5841 5777//5777
f 5804//5804 5768//5768 5835//5835
f 5717//5717 5499//5499 5842//5842
f 5499//5499 5520//5520 5842//5842
f 5520//5520 5769//5769 5842//5842
f 5801//5801 5843//5843 5760//5760
f 5737//5737 5728//5728 5844//5844
f 5761//5761 5844//5844 5728//5728
f 5642//5642 5468//5468 5805//5805
f 5782//5782 5824//5824 5845//5845
f 5825//5825 5831//5831 5784//5784
f 5832//5832 5697//5697 5833//5833
f 5810//5810 5732//5732 5846//5846
f 5756//5756 5811//5811 5834//5834
f 5620//5620 5847//5847 5699//5699
f 5620//5620 5792//5792 5847//5847
f 5722//5722 5743//5743 5848//5848
f 5637//5637 5849//5849 5743//5743
f 5850//5850 5686//5686 5777//5777
f 5794//5794 5733//5733 5851//5851
f 5852//5852 5853//5853 5769//5769
f 5769//5769 5770//5770 5852//5852
f 5854//5854 5778//5778 5800//5800
f 5748//5748 5855//5855 5801//5801
f 5856//5856 5855//5855 5748//5748
f 5748//5748 5736//5736 5856//5856
f 5786//5786 5772//5772 5857//5857
f 5858//5858 5751//5751 5676//5676
f 5676//5676 5644//5644 5858//5858
f 5644//5644 5829//5829 5858//5858
f 5819//5819 5829//5829 5692//5692
f 5763//5763 5712//5712 5160//5160
f 5703//5703 5773//5773 5589//5589
f 5662//5662 5789//5789 5764//5764
f 5859//5859 5704//5704 5678//5678
f 5830//5830 5859//5859 5678//5678
f 5830//5830 5739//5739 5860//5860
f 5807//5807 5821//5821 5713//5713
f 5845//5845 5824//5824 5840//5840
f 5831//5831 5861//5861 5809//5809
f 5785//5785 5790//5790 5862//5862
f 5863//5863 5864//5864 5767//5767
f 5767//5767 5832//5832 5863//5863
f 5810//5810 5865//5865 5742//5742
f 5850//5850 5793//5793 5686//5686
f 5777//5777 5841//5841 5850//5850
f 5866//5866 5867//5867 5733//5733
f 5707//5707 5866//5866 5733//5733
f 5710//5710 5778//5778 5868//5868
f 5800//5800 5796//5796 5854//5854
f 5760//5760 5843//5843 5836//5836
f 5837//5837 5816//5816 5817//5817
f 5617//5617 5751//5751 5869//5869
f 5870//5870 5753//5753 5821//5821
f 5861//5861 5808//5808 5809//5809
f 5790//5790 5791//5791 5872//5872
f 5776//5776 5742//5742 5873//5873
f 5865//5865 5873//5873 5742//5742
f 5846//5846 5732//5732 5874//5874
f 5732//5732 5755//5755 5874//5874
f 5851//5851 5841//5841 5794//5794
f 5708//5708 5866//5866 5707//5707
f 5804//5804 5875//5875 5813//5813
f 5853//5853 5842//5842 5769//5769
f 5770//5770 5734//5734 5852//5852
f 5876//5876 5799//5799 5877//5877
f 5799//5799 5745//5745 5878//5878
f 5795//5795 5879//5879 5814//5814
f 5746//5746 5710//5710 5880//5880
f 5868//5868 5880//5880 5710//5710
f 5843//5843 5801//5801 5855//5855
f 5642//5642 5818//5818 5750//5750
f 5805//5805 5667//5667 5881//5881
f 5617//5617 5881//5881 5667//5667
f 5774//5774 5783//5783 5840//5840
f 5882//5882 5871//5871 5783//5783
f 5791//5791 5767//5767 5864//5864
f 5755//5755 5803//5803 5874//5874
f 5849//5849 5848//5848 5743//5743
f 5793//5793 5594//5594 5723//5723
f 5867//5867 5851//5851 5733//5733
f 5828//5828 5879//5879 5795//5795
f 5736//5736 5749//5749 5883//5883
f 5816//5816 5884//5884 5761//5761
f 5720//5720 5704//5704 5885//5885
f 5859//5859 5885//5885 5704//5704
f 5871//5871 5840//5840 5783//5783
f 5872//5872 5862//5862 5790//5790
f 5886//5886 5834//5834 5811//5811
f 5887//5887 5811//5811 5636//5636
f 5636//5636 5699//5699 5887//5887
f 5848//5848 5812//5812 5722//5722
f 5716//5716 5888//5888 5637//5637
f 5744//5744 5594//5594 5889//5889
f 5793//5793 5889//5889 5594//5594
f 5708//5708 5813//5813 5866//5866
f 5745//5745 5814//5814 5878//5878
f 5828//5828 5746//5746 5880//5880
f 5854//5854 5868//5868 5778//5778
f 5883//5883 5856//5856 5736//5736
f 5883//5883 5749//5749 5890//5890
f 5884//5884 5816//5816 5891//5891
f 5818//5818 5892//5892 5837//5837
f 5860//5860 5859//5859 5830//5830
f 5870//5870 5739//5739 5753//5753
f 5861//5861 5831//5831 5893//5893
f 5775//5775 5785//5785 5825//5825
f 5785//5785 5862//5862 5825//5825
f 5873//5873 5833//5833 5776//5776
f 5813//5813 5875//5875 5866//5866
f 5842//5842 5853//5853 5894//5894
f 5895//5895 5852//5852 5734//5734
f 5734//5734 5876//5876 5895//5895
f 5876//5876 5877//5877 5895//5895
f 5896//5896 5879//5879 5828//5828
f 5772//5772 5815//5815 5857//5857
f 5844//5844 5802//5802 5737//5737
f 5898//5898 5839//5839 5781//5781
f 5781//5781 5598//5598 5898//5898
f 5859//5859 5860//5860 5899//5899
f 5864//5864 5863//5863 5900//5900
f 5901//5901 5832//5832 5833//5833
f 5865//5865 5810//5810 5902//5902
f 5846//5846 5902//5902 5810//5810
f 5835//5835 5717//5717 5903//5903
f 5897//5897 5796//5796 5836//5836
f 5855//5855 5836//5836 5843//5843
f 5869//5869 5881//5881 5617//5617
f 5798//5798 5904//5904 5714//5714
f 5783//5783 5808//5808 5882//5882
f 5831//5831 5825//5825 5893//5893
f 5791//5791 5864//5864 5872//5872
f 5847//5847 5792//5792 5905//5905
f 5827//5827 5906//5906 5792//5792
f 5853//5853 5852//5852 5907//5907
f 5799//5799 5878//5878 5908//5908
f 5856//5856 5883//5883 5909//5909
f 5749//5749 5786//5786 5890//5890
f 5884//5884 5844//5844 5761//5761
f 5869//5869 5751//5751 5910//5910
f 5858//5858 5910//5910 5751//5751
f 5911//5911 5738//5738 5492//5492
f 5492//5492 5752//5752 5911//5911
f 5912//5912 5911//5911 5752//5752
f 5598//5598 5720//5720 5898//5898
f 5885//5885 5859//5859 5899//5899
f 5860//5860 5739//5739 5913//5913
f 5739//5739 5870//5870 5913//5913
f 5861//5861 5882//5882 5808//5808
f 5833//5833 5873//5873 5914//5914
f 5865//5865 5914//5914 5873//5873
f 5886//5886 5826//5826 5834//5834
f 5887//5887 5886//5886 5811//5811
f 5847//5847 5887//5887 5699//5699
f 5906//5906 5905//5905 5792//5792
f 5889//5889 5716//5716 5744//5744
f 5877//5877 5799//5799 5908//5908
f 5915//5915 5854//5854 5796//5796
f 5642//5642 5805//5805 5916//5916
f 5917//5917 5912//5912 5752//5752
f 5789//5789 5797//5797 5918//5918
f 5919//5919 5898//5898 5720//5720
f 5765//5765 5821//5821 5807//5807
f 5904//5904 5823//5823 5714//5714
f 5845//5845 5920//5920 5782//5782
f 5921//5921 5825//5825 5862//5862
f 5872//5872 5864//5864 5922//5922
f 5803//5803 5826//5826 5923//5923
f 5888//5888 5849//5849 5637//5637
f 5907//5907 5894//5894 5853//5853
f 5852//5852 5895//5895 5907//5907
f 5924//5924 5895//5895 5877//5877
f 5908//5908 5924//5924 5877//5877
f 5796//5796 5897//5897 5915//5915
f 5856//5856 5925//5925 5855//5855
f 5802//5802 5815//5815 5787//5787
f 5892//5892 5818//5818 5926//5926
f 5926//5926 5818//5818 5642//5642
f 5642//5642 5916//5916 5926//5926
f 5838//5838 5693//5693 5927//5927
f 5788//5788 5927//5927 5693//5693
f 5752//5752 5764//5764 5917//5917
f 5885//5885 5919//5919 5720//5720
f 5798//5798 5782//5782 5920//5920
f 5921//5921 5862//5862 5872//5872
f 5832//5832 5901//5901 5863//5863
f 5846//5846 5874//5874 5929//5929
f 5803//5803 5930//5930 5874//5874
f 5923//5923 5826//5826 5886//5886
f 5887//5887 5847//5847 5931//5931
f 5932//5932 5889//5889 5793//5793
f 5793//5793 5850//5850 5932//5932
f 5814//5814 5879//5879 5933//5933
f 5896//5896 5828//5828 5934//5934
f 5880//5880 5934//5934 5828//5828
f 5880//5880 5868//5868 5935//5935
f 5839//5839 5918//5918 5797//5797
f 5839//5839 5898//5898 5936//5936
f 5919//5919 5936//5936 5898//5898
f 5913//5913 5937//5937 5860//5860
f 5821//5821 5765//5765 5938//5938
f 5861//5861 5893//5893 5939//5939
f 5940//5940 5939//5939 5893//5893
f 5893//5893 5825//5825 5940//5940
f 5931//5931 5886//5886 5887//5887
f 5931//5931 5847//5847 5905//5905
f 5888//5888 5716//5716 5941//5941
f 5878//5878 5814//5814 5933//5933
f 5896//5896 5933//5933 5879//5879
f 5836//5836 5855//5855 5925//5925
f 5856//5856 5942//5942 5925//5925
f 5909//5909 5883//5883 5890//5890
f 5943//5943 5844//5844 5884//5884
f 5858//5858 5829//5829 5819//5819
f 5936//5936 5918//5918 5839//5839
f 5899//5899 5860//5860 5937//5937
f 5944//5944 5940//5940 5825//5825
f 5944//5944 5825//5825 5921//5921
f 5930//5930 5929//5929 5874//5874
f 5923//5923 5930//5930 5803//5803
f 5827//5827 5812//5812 5945//5945
f 5812//5812 5848//5848 5945//5945
f 5850//5850 5841//5841 5946//5946
f 5875//5875 5867//5867 5866//5866
f 5947//5947 5908//5908 5878//5878
f 5925//5925 5897//5897 5836//5836
f 5942//5942 5856//5856 5909//5909
f 5881//5881 5916//5916 5805//5805
f 5819//5819 5565//5565 5948//5948
f 5565//5565 5668//5668 5948//5948
f 5694//5694 5773//5773 5949//5949
f 5950//5950 5765//5765 5822//5822
f 5951//5951 5920//5920 5845//5845
f 5840//5840 5951//5951 5845//5845
f 5902//5902 5846//5846 5952//5952
f 5929//5929 5952//5952 5846//5846
f 5889//5889 5941//5941 5716//5716
f 5851//5851 5946//5946 5841//5841
f 5717//5717 5842//5842 5953//5953
f 5884//5884 5891//5891 5954//5954
f 5955//5955 5948//5948 5668//5668
f 5668//5668 5820//5820 5955//5955
f 5788//5788 5694//5694 5949//5949
f 5949//5949 5773//5773 5928//5928
f 5956//5956 5703//5703 5738//5738
f 5738//5738 5911//5911 5956//5956
f 5904//5904 5822//5822 5823//5823
f 5904//5904 5798//5798 5920//5920
f 5957//5957 5840//5840 5871//5871
f 5958//5958 5863//5863 5901//5901
f 5959//5959 5923//5923 5886//5886
f 5886//5886 5931//5931 5959//5959
f 5842//5842 5894//5894 5953//5953
f 5960//5960 5894//5894 5907//5907
f 5907//5907 5895//5895 5960//5960
f 5961//5961 5935//5935 5868//5868
f 5868//5868 5854//5854 5961//5961
f 5786//5786 5857//5857 5890//5890
f 5943//5943 5802//5802 5844//5844
f 5806//5806 5712//5712 5962//5962
f 5885//5885 5899//5899 5963//5963
f 5964//5964 5882//5882 5861//5861
f 5939//5939 5964//5964 5861//5861
f 5958//5958 5900//5900 5863//5863
f 5965//5965 5906//5906 5827//5827
f 5827//5827 5945//5945 5965//5965
f 5966//5966 5960//5960 5895//5895
f 5895//5895 5924//5924 5966//5966
f 5947//5947 5878//5878 5967//5967
f 5933//5933 5967//5967 5878//5878
f 5934//5934 5968//5968 5896//5896
f 5925//5925 5915//5915 5897//5897
f 5857//5857 5815//5815 5969//5969
f 5858//5858 5819//5819 5970//5970
f 5971//5971 5919//5919 5885//5885
f 5963//5963 5971//5971 5885//5885
f 5914//5914 5865//5865 5972//5972
f 5888//5888 5941//5941 5973//5973
f 5941//5941 5889//5889 5974//5974
f 5946//5946 5976//5976 5850//5850
f 5915//5915 5925//5925 5977//5977
f 5978//5978 5815//5815 5802//5802
f 5802//5802 5943//5943 5978//5978
f 5926//5926 5916//5916 5979//5979
f 5910//5910 5858//5858 5980//5980
f 5970//5970 5980//5980 5858//5858
f 5948//5948 5970//5970 5819//5819
f 5820//5820 5806//5806 5955//5955
f 5927//5927 5788//5788 5949//5949
f 5703//5703 5928//5928 5773//5773
f 5981//5981 5911//5911 5912//5912
f 5920//5920 5982//5982 5904//5904
f 5951//5951 5983//5983 5920//5920
f 5871//5871 5882//5882 5957//5957
f 5872//5872 5922//5922 5921//5921
f 5914//5914 5901//5901 5833//5833
f 5965//5965 5905//5905 5906//5906
f 5932//5932 5850//5850 5975//5975
f 5976//5976 5975//5975 5850//5850
f 5851//5851 5867//5867 5984//5984
f 5835//5835 5903//5903 5985//5985
f 5717//5717 5985//5985 5903//5903
f 5947//5947 5924//5924 5908//5908
f 5915//5915 5977//5977 5986//5986
f 5892//5892 5926//5926 5979//5979
f 5962//5962 5712//5712 5763//5763
f 5838//5838 5927//5927 5987//5987
f 5956//5956 5928//5928 5703//5703
f 5764//5764 5789//5789 5917//5917
f 5899//5899 5937//5937 5963//5963
f 5821//5821 5938//5938 5988//5988
f 5822//5822 5904//5904 5982//5982
f 5982//5982 5920//5920 5989//5989
f 5940//5940 5944//5944 5990//5990
f 5944//5944 5921//5921 5991//5991
f 5902//5902 5972//5972 5865//5865
f 5992//5992 5931//5931 5905//5905
f 5932//5932 5974//5974 5889//5889
f 5804//5804 5835//5835 5985//5985
f 5933//5933 5993//5993 5967//5967
f 5968//5968 5934//5934 5935//5935
f 5854//5854 5915//5915 5986//5986
f 5994//5994 5942//5942 5909//5909
f 5890//5890 5857//5857 5995//5995
f 5943//5943 5884//5884 5954//5954
f 5954//5954 5891//5891 5996//5996
f 5979//5979 5997//5997 5892//5892
f 5881//5881 5869//5869 5998//5998
f 5910//5910 5998//5998 5869//5869
f 5949//5949 5987//5987 5927//5927
f 5923//5923 5959//5959 5999//5999
f 5848//5848 5849//5849 6000//6000
f 5896//5896 5993//5993 5933//5933
f 6001//6001 5977//5977 5925//5925
f 6002//6002 5815//5815 5978//5978
f 5950//5950 5822//5822 6003//6003
f 6004//6004 5957//5957 5882//5882
f 5939//5939 5940//5940 6005//6005
f 5990//5990 6005//6005 5940//5940
f 5991//5991 5990//5990 5944//5944
f 5922//5922 5864//5864 6006//6006
f 5900//5900 6006//6006 5864//5864
f 5930//5930 5923//5923 5999//5999
f 5965//5965 5992//5992 5905//5905
f 5965//5965 5945//5945 6007//6007
f 5848//5848 6000//6000 5945//5945
f 5849//5849 5888//5888 5973//5973
f 5867//5867 5875//5875 6008//6008
f 5993//5993 5896//5896 5968//5968
f 5934//5934 5880//5880 5935//5935
f 5909//5909 5890//5890 5995//5995
f 6009//6009 5995//5995 5857//5857
f 6009//6009 5857//5857 5969//5969
f 6002//6002 5969//5969 5815//5815
f 5978//5978 5943//5943 6002//6002
f 6010//6010 5996//5996 5891//5891
f 5892//5892 6010//6010 5891//5891
f 5917//5917 5981//5981 5912//5912
f 5937//5937 5913//5913 5963//5963
f 5950//5950 5938//5938 5765//5765
f 5982//5982 6003//6003 5822//5822
f 5951//5951 5840//5840 6011//6011
f 5840//5840 5957//5957 6011//6011
f 5964//5964 5939//5939 6005//6005
f 5974//5974 5973//5973 5941//5941
f 5875//5875 5804//5804 6008//6008
f 5986//5986 5961//5961 5854//5854
f 5986//5986 5977//5977 6001//6001
f 6012//6012 5985//5985 5717//5717
f 5953//5953 6012//6012 5717//5717
f 6013//6013 5935//5935 5961//5961
f 5961//5961 5986//5986 6013//6013
f 5925//5925 5942//5942 6014//6014
f 5942//5942 5994//5994 6014//6014
f 6010//6010 5892//5892 5997//5997
f 5917//5917 5789//5789 5918//5918
f 5983//5983 5989//5989 5920//5920
f 5954//5954 6015//6015 5943//5943
f 5916//5916 5881//5881 6016//6016
f 5936//5936 5919//5919 6017//6017
f 5982//5982 5989//5989 6018//6018
f 5989//5989 5983//5983 6019//6019
f 5983//5983 5951//5951 6020//6020
f 5964//5964 6004//6004 5882//5882
f 5991//5991 6021//6021 5990//5990
f 5922//5922 5991//5991 5921//5921
f 5901//5901 5914//5914 6022//6022
f 5973//5973 6000//6000 5849//5849
f 6024//6024 5953//5953 5894//5894
f 5997//5997 5979//5979 6025//6025
f 5979//5979 5916//5916 6026//6026
f 5806//5806 6027//6027 5955//5955
f 5780//5780 5962//5962 5763//5763
f 5913//5913 5870//5870 6028//6028
f 5870//5870 5988//5988 6028//6028
f 5990//5990 6021//6021 6005//6005
f 5958//5958 5901//5901 6029//6029
f 5901//5901 6022//6022 6029//6029
f 5902//5902 5952//5952 6030//6030
f 6031//6031 6030//6030 5952//5952
f 6032//6032 5952//5952 5929//5929
f 5930//5930 6032//6032 5929//5929
f 5931//5931 5999//5999 5959//5959
f 5931//5931 5992//5992 6023//6023
f 6033//6033 5946//5946 5851//5851
f 5851//5851 5984//5984 6033//6033
f 5916//5916 6016//6016 6026//6026
f 5980//5980 5998//5998 5910//5910
f 5956//5956 5911//5911 6034//6034
f 5918//5918 5936//5936 6035//6035
f 6028//6028 5963//5963 5913//5913
f 5983//5983 6020//6020 6019//6019
f 6005//6005 6004//6004 5964//5964
f 6006//6006 5900//5900 6036//6036
f 6037//6037 6036//6036 5900//5900
f 5900//5900 5958//5958 6037//6037
f 5952//5952 6032//6032 6031//6031
f 6008//6008 6038//6038 5867//5867
f 6039//6039 5960//5960 5966//5966
f 5966//5966 5924//5924 6039//6039
f 5968//5968 5935//5935 6040//6040
f 6014//6014 5994//5994 6041//6041
f 5962//5962 6027//6027 5806//5806
f 5911//5911 5981//5981 6034//6034
f 6017//6017 6035//6035 5936//5936
f 6017//6017 5919//5919 6042//6042
f 5988//5988 5938//5938 6043//6043
f 6044//6044 6021//6021 5991//5991
f 5991//5991 5922//5922 6006//6006
f 5972//5972 5902//5902 6030//6030
f 5984//5984 5867//5867 6038//6038
f 6012//6012 5953//5953 6045//6045
f 5960//5960 6024//6024 5894//5894
f 5947//5947 6046//6046 5924//5924
f 6029//6029 6037//6037 5958//5958
f 6023//6023 5999//5999 5931//5931
f 6047//6047 6023//6023 5992//5992
f 6048//6048 6047//6047 5992//5992
f 5992//5992 5965//5965 6048//6048
f 6033//6033 6049//6049 5946//5946
f 6050//6050 6008//6008 5804//5804
f 5804//5804 5985//5985 6050//6050
f 6045//6045 5953//5953 6024//6024
f 5996//5996 6015//6015 5954//5954
f 6026//6026 6025//6025 5979//5979
f 5881//5881 5998//5998 6016//6016
f 5962//5962 5780//5780 6052//6052
f 5838//5838 6052//6052 5780//5780
f 5838//5838 5987//5987 6053//6053
f 6035//6035 6054//6054 5918//5918
f 6042//6042 5919//5919 5971//5971
f 6055//6055 5928//5928 5956//5956
f 6056//6056 6004//6004 6005//6005
f 6005//6005 6021//6021 6056//6056
f 6007//6007 5945//5945 6057//6057
f 6046//6046 6039//6039 5924//5924
f 5993//5993 5968//5968 6059//6059
f 6060//6060 6013//6013 5986//5986
f 5986//5986 6001//6001 6060//6060
f 6014//6014 6061//6061 6001//6001
f 6062//6062 6041//6041 5994//5994
f 6063//6063 6062//6062 5994//5994
f 5994//5994 5909//5909 6063//6063
f 5995//5995 6063//6063 5909//5909
f 6002//6002 5943//5943 6064//6064
f 5980//5980 5970//5970 6051//6051
f 5970//5970 5948//5948 6051//6051
f 6065//6065 5949//5949 5928//5928
f 5956//5956 6034//6034 6055//6055
f 5917//5917 5918//5918 6054//6054
f 6067//6067 6028//6028 5988//5988
f 6068//6068 5938//5938 5950//5950
f 6011//6011 6020//6020 5951//5951
f 6069//6069 6011//6011 5957//5957
f 5957//5957 6004//6004 6069//6069
f 5972//5972 6022//6022 5914//5914
f 6030//6030 6070//6070 5972//5972
f 5999//5999 6071//6071 5930//5930
f 6038//6038 6008//6008 6072//6072
f 6012//6012 6073//6073 5985//5985
f 6024//6024 5960//5960 6039//6039
f 6014//6014 6041//6041 6061//6061
f 5981//5981 5917//5917 6066//6066
f 6043//6043 6074//6074 5988//5988
f 5950//5950 6003//6003 6068//6068
f 6044//6044 5991//5991 6075//6075
f 6076//6076 6075//6075 5991//5991
f 6006//6006 6076//6076 5991//5991
f 5972//5972 6070//6070 6022//6022
f 5945//5945 6000//6000 6077//6077
f 5932//5932 5975//5975 5974//5974
f 5976//5976 5946//5946 6049//6049
f 6033//6033 5984//5984 6038//6038
f 6072//6072 6008//6008 6078//6078
f 6050//6050 6078//6078 6008//6008
f 6046//6046 5947//5947 6079//6079
f 5967//5967 6079//6079 5947//5947
f 6040//6040 5935//5935 6080//6080
f 6013//6013 6080//6080 5935//5935
f 6001//6001 6061//6061 6060//6060
f 6066//6066 5917//5917 6054//6054
f 6074//6074 6067//6067 5988//5988
f 6081//6081 6070//6070 6030//6030
f 5999//5999 6023//6023 6071//6071
f 6082//6082 6000//6000 5973//5973
f 5973//5973 5974//5974 6082//6082
f 6073//6073 6050//6050 5985//5985
f 6012//6012 6045//6045 6083//6083
f 6079//6079 5967//5967 6084//6084
f 5967//5967 5993//5993 6084//6084
f 5993//5993 6059//6059 6084//6084
f 6013//6013 6060//6060 6085//6085
f 6061//6061 6041//6041 6086//6086
f 6087//6087 5969//5969 6002//6002
f 6002//6002 6064//6064 6087//6087
f 5943//5943 6015//6015 6064//6064
f 6011//6011 6088//6088 6020//6020
f 6056//6056 6069//6069 6004//6004
f 6075//6075 6021//6021 6044//6044
f 6071//6071 6089//6089 5930//5930
f 6071//6071 6023//6023 6047//6047
f 6007//6007 6048//6048 5965//5965
f 5945//5945 6077//6077 6057//6057
f 6058//6058 5975//5975 5976//5976
f 6038//6038 6090//6090 6033//6033
f 6072//6072 6091//6091 6038//6038
f 6045//6045 6024//6024 6092//6092
f 6086//6086 6041//6041 6062//6062
f 6062//6062 6063//6063 6093//6093
f 6094//6094 5995//5995 6009//6009
f 6009//6009 5969//5969 6087//6087
f 6053//6053 6052//6052 5838//5838
f 6095//6095 5987//5987 5949//5949
f 6035//6035 6017//6017 6096//6096
f 6042//6042 5971//5971 6097//6097
f 5963//5963 6097//6097 5971//5971
f 6098//6098 6069//6069 6056//6056
f 6089//6089 6032//6032 5930//5930
f 6059//6059 5968//5968 6040//6040
f 6061//6061 6086//6086 6060//6060
f 5995//5995 6093//6093 6063//6063
f 6094//6094 6093//6093 5995//5995
f 6015//6015 5996//5996 6099//6099
f 5997//5997 5996//5996 6010//6010
f 6100//6100 5998//5998 5980//5980
f 5948//5948 5955//5955 6101//6101
f 6017//6017 6042//6042 6096//6096
f 5963//5963 6028//6028 6102//6102
f 6068//6068 6003//6003 6103//6103
f 5982//5982 6103//6103 6003//6003
f 6011//6011 6069//6069 6088//6088
f 6056//6056 6021//6021 6098//6098
f 6104//6104 6098//6098 6021//6021
f 6075//6075 6104//6104 6021//6021
f 6030//6030 6031//6031 6081//6081
f 6105//6105 6092//6092 6024//6024
f 6024//6024 6039//6039 6105//6105
f 6046//6046 6105//6105 6039//6039
f 6085//6085 6080//6080 6013//6013
f 6064//6064 6015//6015 6099//6099
f 6106//6106 6025//6025 6026//6026
f 6051//6051 6100//6100 5980//5980
f 5949//5949 6065//6065 6095//6095
f 6054//6054 6107//6107 6108//6108
f 6109//6109 6107//6107 6054//6054
f 6054//6054 6035//6035 6109//6109
f 5963//5963 6102//6102 6097//6097
f 6067//6067 6102//6102 6028//6028
f 6103//6103 5982//5982 6018//6018
f 5989//5989 6019//6019 6110//6110
f 6036//6036 6076//6076 6006//6006
f 6049//6049 6058//6058 5976//5976
f 6049//6049 6033//6033 6090//6090
f 6073//6073 6078//6078 6050//6050
f 6092//6092 6083//6083 6045//6045
f 6111//6111 6016//6016 5998//5998
f 6100//6100 6111//6111 5998//5998
f 6101//6101 6051//6051 5948//5948
f 6027//6027 5962//5962 6112//6112
f 6066//6066 6054//6054 6108//6108
f 6088//6088 6069//6069 6113//6113
f 6037//6037 6029//6029 6114//6114
f 6029//6029 6022//6022 6114//6114
f 6115//6115 6081//6081 6031//6031
f 6007//6007 6057//6057 6116//6116
f 6000//6000 6082//6082 6077//6077
f 6078//6078 6073//6073 6117//6117
f 6087//6087 6064//6064 6118//6118
f 6119//6119 6099//6099 5996//5996
f 5997//5997 6119//6119 5996//5996
f 6026//6026 6016//6016 6106//6106
f 6110//6110 6120//6120 5989//5989
f 6098//6098 6113//6113 6069//6069
f 6070//6070 6114//6114 6022//6022
f 6031//6031 6032//6032 6115//6115
f 6121//6121 6071//6071 6047//6047
f 6007//6007 6122//6122 6048//6048
f 6083//6083 6073//6073 6012//6012
f 6059//6059 6124//6124 6084//6084
f 6009//6009 6087//6087 6125//6125
f 6064//6064 6099//6099 6118//6118
f 5938//5938 6068//6068 6043//6043
f 6018//6018 5989//5989 6120//6120
f 6081//6081 6126//6126 6070//6070
f 6127//6127 6091//6091 6072//6072
f 6072//6072 6078//6078 6127//6127
f 6079//6079 6084//6084 6128//6128
f 6059//6059 6040//6040 6124//6124
f 6060//6060 6086//6086 6129//6129
f 6062//6062 6129//6129 6086//6086
f 6106//6106 6016//6016 6130//6130
f 6111//6111 6130//6130 6016//6016
f 6131//6131 5955//5955 6027//6027
f 5928//5928 6055//6055 6065//6065
f 6132//6132 6055//6055 6034//6034
f 6133//6133 6034//6034 5981//5981
f 5981//5981 6066//6066 6133//6133
f 6035//6035 6096//6096 6109//6109
f 6042//6042 6134//6134 6096//6096
f 6020//6020 6110//6110 6019//6019
f 6104//6104 6135//6135 6098//6098
f 6126//6126 6114//6114 6070//6070
f 6121//6121 6089//6089 6071//6071
f 5974//5974 5975//5975 6123//6123
f 6090//6090 6038//6038 6137//6137
f 6079//6079 6138//6138 6046//6046
f 6080//6080 6124//6124 6040//6040
f 6125//6125 6094//6094 6009//6009
f 6112//6112 6131//6131 6027//6027
f 5962//5962 6052//6052 6139//6139
f 6140//6140 6095//6095 6065//6065
f 6097//6097 6134//6134 6042//6042
f 6088//6088 6110//6110 6020//6020
f 6135//6135 6113//6113 6098//6098
f 6047//6047 6048//6048 6141//6141
f 6049//6049 6142//6142 6058//6058
f 6091//6091 6127//6127 6143//6143
f 6078//6078 6117//6117 6127//6127
f 6092//6092 6105//6105 6144//6144
f 6094//6094 6125//6125 6145//6145
f 6101//6101 6100//6100 6051//6051
f 6052//6052 6053//6053 6139//6139
f 6146//6146 6065//6065 6055//6055
f 6055//6055 6132//6132 6146//6146
f 6102//6102 6147//6147 6097//6097
f 6114//6114 6148//6148 6037//6037
f 6126//6126 6081//6081 6149//6149
f 6122//6122 6141//6141 6048//6048
f 6151//6151 6152//6152 6077//6077
f 6090//6090 6153//6153 6049//6049
f 6137//6137 6153//6153 6090//6090
f 6091//6091 6137//6137 6038//6038
f 6154//6154 6127//6127 6117//6117
f 6117//6117 6073//6073 6154//6154
f 6083//6083 6092//6092 6144//6144
f 6138//6138 6144//6144 6105//6105
f 6105//6105 6046//6046 6138//6138
f 6124//6124 6128//6128 6084//6084
f 6093//6093 6155//6155 6062//6062
f 6087//6087 6156//6156 6125//6125
f 6053//6053 5987//5987 6157//6157
f 6158//6158 6157//6157 5987//5987
f 5987//5987 6095//6095 6158//6158
f 6109//6109 6096//6096 6159//6159
f 6096//6096 6134//6134 6159//6159
f 6103//6103 6018//6018 6120//6120
f 6036//6036 6037//6037 6148//6148
f 6081//6081 6115//6115 6149//6149
f 6032//6032 6089//6089 6115//6115
f 6141//6141 6121//6121 6047//6047
f 6057//6057 6077//6077 6152//6152
f 6077//6077 6082//6082 6151//6151
f 6082//6082 5974//5974 6151//6151
f 6058//6058 6123//6123 5975//5975
f 6118//6118 6156//6156 6087//6087
f 6160//6160 6101//6101 5955//5955
f 6112//6112 5962//5962 6161//6161
f 6110//6110 6088//6088 6162//6162
f 6076//6076 6163//6163 6075//6075
f 6076//6076 6036//6036 6136//6136
f 6148//6148 6114//6114 6164//6164
f 6126//6126 6164//6164 6114//6114
f 6089//6089 6121//6121 6150//6150
f 6116//6116 6122//6122 6007//6007
f 5974//5974 6123//6123 6151//6151
f 6144//6144 6165//6165 6083//6083
f 6138//6138 6079//6079 6128//6128
f 6085//6085 6060//6060 6166//6166
f 6167//6167 6129//6129 6062//6062
f 6168//6168 5997//5997 6025//6025
f 6025//6025 6106//6106 6168//6168
f 6106//6106 6130//6130 6168//6168
f 6169//6169 6130//6130 6111//6111
f 6100//6100 6169//6169 6111//6111
f 6133//6133 6132//6132 6034//6034
f 6170//6170 6043//6043 6068//6068
f 6136//6136 6163//6163 6076//6076
f 6036//6036 6148//6148 6136//6136
f 6141//6141 6122//6122 6171//6171
f 6057//6057 6152//6152 6116//6116
f 6153//6153 6142//6142 6049//6049
f 6155//6155 6167//6167 6062//6062
f 6145//6145 6093//6093 6094//6094
f 6139//6139 6161//6161 5962//5962
f 6108//6108 6133//6133 6066//6066
f 6147//6147 6134//6134 6097//6097
f 6103//6103 6170//6170 6068//6068
f 6088//6088 6113//6113 6172//6172
f 6135//6135 6172//6172 6113//6113
f 6164//6164 6136//6136 6148//6148
f 6137//6137 6091//6091 6173//6173
f 6174//6174 6080//6080 6085//6085
f 6166//6166 6175//6175 6085//6085
f 6129//6129 6166//6166 6060//6060
f 5955//5955 6131//6131 6160//6160
f 6140//6140 6158//6158 6095//6095
f 6146//6146 6140//6140 6065//6065
f 6102//6102 6067//6067 6176//6176
f 6074//6074 6176//6176 6067//6067
f 6163//6163 6104//6104 6075//6075
f 6177//6177 6115//6115 6089//6089
f 6121//6121 6141//6141 6178//6178
f 6123//6123 6058//6058 6179//6179
f 6142//6142 6179//6179 6058//6058
f 6083//6083 6154//6154 6073//6073
f 6180//6180 6118//6118 6099//6099
f 6108//6108 6107//6107 6181//6181
f 6147//6147 6102//6102 6176//6176
f 6172//6172 6162//6162 6088//6088
f 6164//6164 6126//6126 6182//6182
f 6089//6089 6150//6150 6177//6177
f 6152//6152 6151//6151 6183//6183
f 6153//6153 6137//6137 6184//6184
f 6185//6185 6173//6173 6091//6091
f 6186//6186 6144//6144 6138//6138
f 6128//6128 6187//6187 6138//6138
f 6128//6128 6124//6124 6188//6188
f 6124//6124 6080//6080 6174//6174
f 6175//6175 6174//6174 6085//6085
f 6180//6180 6156//6156 6118//6118
f 6099//6099 6119//6119 6180//6180
f 6107//6107 6109//6109 6159//6159
f 6176//6176 6074//6074 6189//6189
f 6074//6074 6043//6043 6189//6189
f 6120//6120 6170//6170 6103//6103
f 6177//6177 6149//6149 6115//6115
f 6171//6171 6178//6178 6141//6141
f 6184//6184 6137//6137 6173//6173
f 6091//6091 6143//6143 6185//6185
f 6190//6190 6143//6143 6127//6127
f 6154//6154 6190//6190 6127//6127
f 6165//6165 6144//6144 6191//6191
f 6186//6186 6138//6138 6187//6187
f 6093//6093 6145//6145 6192//6192
f 6156//6156 6193//6193 6125//6125
f 6194//6194 6180//6180 6119//6119
f 6119//6119 5997//5997 6194//6194
f 6131//6131 6112//6112 6161//6161
f 6120//6120 6110//6110 6195//6195
f 6162//6162 6195//6195 6110//6110
f 6164//6164 6196//6196 6136//6136
f 6179//6179 6142//6142 6197//6197
f 6142//6142 6153//6153 6198//6198
f 6154//6154 6083//6083 6199//6199
f 6165//6165 6199//6199 6083//6083
f 6191//6191 6144//6144 6186//6186
f 6187//6187 6128//6128 6188//6188
f 6174//6174 6188//6188 6124//6124
f 6093//6093 6192//6192 6155//6155
f 6168//6168 6194//6194 5997//5997
f 6200//6200 6169//6169 6100//6100
f 6200//6200 6100//6100 6101//6101
f 6160//6160 6200//6200 6101//6101
f 6159//6159 6134//6134 6202//6202
f 6203//6203 6195//6195 6162//6162
f 6162//6162 6172//6172 6203//6203
f 6163//6163 6204//6204 6104//6104
f 6163//6163 6136//6136 6205//6205
f 6196//6196 6205//6205 6136//6136
f 6206//6206 6149//6149 6177//6177
f 6207//6207 6150//6150 6121//6121
f 6190//6190 6185//6185 6143//6143
f 6125//6125 6193//6193 6145//6145
f 6043//6043 6170//6170 6189//6189
f 6207//6207 6177//6177 6150//6150
f 6122//6122 6116//6116 6208//6208
f 6152//6152 6183//6183 6116//6116
f 6184//6184 6198//6198 6153//6153
f 6209//6209 6184//6184 6173//6173
f 6187//6187 6210//6210 6186//6186
f 6211//6211 6156//6156 6180//6180
f 6160//6160 6131//6131 6201//6201
f 6212//6212 6164//6164 6182//6182
f 6126//6126 6149//6149 6182//6182
f 6178//6178 6207//6207 6121//6121
f 6208//6208 6171//6171 6122//6122
f 6198//6198 6213//6213 6142//6142
f 6190//6190 6154//6154 6199//6199
f 6191//6191 6199//6199 6165//6165
f 6166//6166 6129//6129 6214//6214
f 6211//6211 6180//6180 6194//6194
f 6169//6169 6168//6168 6130//6130
f 6139//6139 6053//6053 6157//6157
f 6108//6108 6215//6215 6133//6133
f 6134//6134 6147//6147 6216//6216
f 6176//6176 6216//6216 6147//6147
f 6189//6189 6170//6170 6217//6217
f 6204//6204 6172//6172 6135//6135
f 6135//6135 6104//6104 6204//6204
f 6173//6173 6185//6185 6209//6209
f 6188//6188 6174//6174 6218//6218
f 6214//6214 6129//6129 6219//6219
f 6221//6221 6181//6181 6107//6107
f 6159//6159 6221//6221 6107//6107
f 6222//6222 6149//6149 6206//6206
f 6197//6197 6142//6142 6213//6213
f 6213//6213 6198//6198 6223//6223
f 6187//6187 6188//6188 6224//6224
f 6188//6188 6218//6218 6224//6224
f 6167//6167 6219//6219 6129//6129
f 6193//6193 6225//6225 6145//6145
f 6216//6216 6202//6202 6134//6134
f 6204//6204 6163//6163 6205//6205
f 6212//6212 6196//6196 6164//6164
f 6207//6207 6206//6206 6177//6177
f 6208//6208 6116//6116 6226//6226
f 6228//6228 6183//6183 6151//6151
f 6151//6151 6123//6123 6228//6228
f 6229//6229 6228//6228 6123//6123
f 6123//6123 6179//6179 6229//6229
f 6199//6199 6191//6191 6230//6230
f 6210//6210 6187//6187 6224//6224
f 6231//6231 6174//6174 6175//6175
f 6175//6175 6166//6166 6231//6231
f 6155//6155 6192//6192 6232//6232
f 6145//6145 6225//6225 6192//6192
f 6189//6189 6216//6216 6176//6176
f 6217//6217 6233//6233 6189//6189
f 6120//6120 6217//6217 6170//6170
f 6120//6120 6195//6195 6217//6217
f 6203//6203 6172//6172 6234//6234
f 6235//6235 6182//6182 6149//6149
f 6116//6116 6236//6236 6226//6226
f 6179//6179 6237//6237 6229//6229
f 6197//6197 6237//6237 6179//6179
f 6184//6184 6223//6223 6198//6198
f 6184//6184 6209//6209 6238//6238
f 6239//6239 6238//6238 6209//6209
f 6231//6231 6218//6218 6174//6174
f 6167//6167 6155//6155 6232//6232
f 6194//6194 6168//6168 6211//6211
f 6202//6202 6221//6221 6159//6159
f 6195//6195 6203//6203 6240//6240
f 6214//6214 6231//6231 6166//6166
f 6211//6211 6168//6168 6241//6241
f 6168//6168 6169//6169 6241//6241
f 6161//6161 6139//6139 6242//6242
f 6243//6243 6140//6140 6146//6146
f 6132//6132 6133//6133 6220//6220
f 6133//6133 6215//6215 6220//6220
f 6217//6217 6195//6195 6240//6240
f 6234//6234 6244//6244 6203//6203
f 6245//6245 6205//6205 6196//6196
f 6207//6207 6178//6178 6246//6246
f 6183//6183 6228//6228 6227//6227
f 6223//6223 6184//6184 6247//6247
f 6209//6209 6185//6185 6239//6239
f 6190//6190 6199//6199 6248//6248
f 6230//6230 6248//6248 6199//6199
f 6191//6191 6186//6186 6210//6210
f 6232//6232 6219//6219 6167//6167
f 6169//6169 6200//6200 6241//6241
f 6131//6131 6161//6161 6249//6249
f 6139//6139 6157//6157 6242//6242
f 6157//6157 6158//6158 6250//6250
f 6146//6146 6132//6132 6243//6243
f 6132//6132 6220//6220 6243//6243
f 6221//6221 6202//6202 6251//6251
f 6244//6244 6240//6240 6203//6203
f 6252//6252 6172//6172 6204//6204
f 6253//6253 6204//6204 6205//6205
f 6196//6196 6212//6212 6245//6245
f 6149//6149 6222//6222 6235//6235
f 6206//6206 6207//6207 6222//6222
f 6246//6246 6222//6222 6207//6207
f 6254//6254 6178//6178 6171//6171
f 6236//6236 6116//6116 6183//6183
f 6255//6255 6229//6229 6237//6237
f 6237//6237 6197//6197 6255//6255
f 6256//6256 6255//6255 6197//6197
f 6223//6223 6257//6257 6213//6213
f 6230//6230 6191//6191 6259//6259
f 6260//6260 6210//6210 6224//6224
f 6224//6224 6218//6218 6260//6260
f 6214//6214 6219//6219 6261//6261
f 6211//6211 6193//6193 6156//6156
f 6242//6242 6157//6157 6250//6250
f 6262//6262 6158//6158 6140//6140
f 6234//6234 6172//6172 6252//6252
f 6263//6263 6212//6212 6182//6182
f 6247//6247 6184//6184 6258//6258
f 6264//6264 6260//6260 6218//6218
f 6261//6261 6231//6231 6214//6214
f 6255//6255 6256//6256 6265//6265
f 6248//6248 6239//6239 6185//6185
f 6185//6185 6190//6190 6248//6248
f 6210//6210 6259//6259 6191//6191
f 6232//6232 6192//6192 6266//6266
f 6181//6181 6215//6215 6108//6108
f 6216//6216 6189//6189 6268//6268
f 6233//6233 6268//6268 6189//6189
f 6240//6240 6244//6244 6269//6269
f 6253//6253 6252//6252 6204//6204
f 6182//6182 6235//6235 6263//6263
f 6254//6254 6246//6246 6178//6178
f 6229//6229 6270//6270 6228//6228
f 6201//6201 6200//6200 6160//6160
f 6271//6271 6201//6201 6131//6131
f 6242//6242 6249//6249 6161//6161
f 6216//6216 6251//6251 6202//6202
f 6245//6245 6272//6272 6205//6205
f 6171//6171 6208//6208 6254//6254
f 6227//6227 6236//6236 6183//6183
f 6184//6184 6238//6238 6258//6258
f 6273//6273 6258//6258 6238//6238
f 6274//6274 6273//6273 6238//6238
f 6238//6238 6239//6239 6274//6274
f 6275//6275 6264//6264 6218//6218
f 6218//6218 6231//6231 6275//6275
f 6225//6225 6266//6266 6192//6192
f 6211//6211 6241//6241 6267//6267
f 6201//6201 6241//6241 6200//6200
f 6271//6271 6276//6276 6201//6201
f 6140//6140 6243//6243 6262//6262
f 6181//6181 6221//6221 6251//6251
f 6240//6240 6277//6277 6217//6217
f 6278//6278 6269//6269 6244//6244
f 6244//6244 6234//6234 6278//6278
f 6272//6272 6253//6253 6205//6205
f 6245//6245 6212//6212 6263//6263
f 6208//6208 6226//6226 6279//6279
f 6280//6280 6265//6265 6256//6256
f 6281//6281 6225//6225 6193//6193
f 6211//6211 6281//6281 6193//6193
f 6249//6249 6271//6271 6131//6131
f 6262//6262 6250//6250 6158//6158
f 6215//6215 6181//6181 6251//6251
f 6233//6233 6217//6217 6277//6277
f 6269//6269 6277//6277 6240//6240
f 6254//6254 6208//6208 6279//6279
f 6236//6236 6282//6282 6226//6226
f 6229//6229 6283//6283 6270//6270
f 6255//6255 6265//6265 6283//6283
f 6284//6284 6256//6256 6197//6197
f 6213//6213 6284//6284 6197//6197
f 6213//6213 6257//6257 6285//6285
f 6257//6257 6223//6223 6247//6247
f 6239//6239 6248//6248 6286//6286
f 6253//6253 6272//6272 6287//6287
f 6222//6222 6246//6246 6288//6288
f 6254//6254 6288//6288 6246//6246
f 6284//6284 6280//6280 6256//6256
f 6289//6289 6285//6285 6257//6257
f 6257//6257 6247//6247 6289//6289
f 6290//6290 6247//6247 6258//6258
f 6291//6291 6290//6290 6258//6258
f 6273//6273 6291//6291 6258//6258
f 6286//6286 6274//6274 6239//6239
f 6275//6275 6231//6231 6292//6292
f 6261//6261 6219//6219 6293//6293
f 6219//6219 6232//6232 6293//6293
f 6281//6281 6211//6211 6267//6267
f 6241//6241 6201//6201 6276//6276
f 6249//6249 6242//6242 6294//6294
f 6252//6252 6278//6278 6234//6234
f 6266//6266 6293//6293 6232//6232
f 6225//6225 6295//6295 6266//6266
f 6220//6220 6215//6215 6296//6296
f 6251//6251 6216//6216 6297//6297
f 6268//6268 6297//6297 6216//6216
f 6287//6287 6252//6252 6253//6253
f 6298//6298 6235//6235 6222//6222
f 6299//6299 6279//6279 6226//6226
f 6226//6226 6282//6282 6299//6299
f 6236//6236 6227//6227 6282//6282
f 6300//6300 6301//6301 6228//6228
f 6270//6270 6300//6300 6228//6228
f 6280//6280 6284//6284 6303//6303
f 6285//6285 6284//6284 6213//6213
f 6274//6274 6304//6304 6273//6273
f 6231//6231 6261//6261 6292//6292
f 6293//6293 6266//6266 6306//6306
f 6295//6295 6306//6306 6266//6266
f 6225//6225 6281//6281 6295//6295
f 6215//6215 6251//6251 6307//6307
f 6245//6245 6263//6263 6308//6308
f 6298//6298 6263//6263 6235//6235
f 6288//6288 6298//6298 6222//6222
f 6301//6301 6227//6227 6228//6228
f 6230//6230 6310//6310 6248//6248
f 6259//6259 6210//6210 6305//6305
f 6267//6267 6241//6241 6311//6311
f 6294//6294 6242//6242 6312//6312
f 6313//6313 6312//6312 6242//6242
f 6242//6242 6250//6250 6313//6313
f 6296//6296 6243//6243 6220//6220
f 6297//6297 6307//6307 6251//6251
f 6297//6297 6268//6268 6314//6314
f 6233//6233 6314//6314 6268//6268
f 6277//6277 6314//6314 6233//6233
f 6287//6287 6315//6315 6252//6252
f 6272//6272 6245//6245 6308//6308
f 6309//6309 6302//6302 6283//6283
f 6283//6283 6265//6265 6309//6309
f 6316//6316 6265//6265 6280//6280
f 6280//6280 6303//6303 6316//6316
f 6303//6303 6284//6284 6285//6285
f 6290//6290 6289//6289 6247//6247
f 6317//6317 6291//6291 6273//6273
f 6274//6274 6286//6286 6318//6318
f 6248//6248 6318//6318 6286//6286
f 6264//6264 6275//6275 6319//6319
f 6293//6293 6292//6292 6261//6261
f 6320//6320 6321//6321 6267//6267
f 6267//6267 6311//6311 6320//6320
f 6296//6296 6215//6215 6307//6307
f 6308//6308 6263//6263 6322//6322
f 6254//6254 6279//6279 6323//6323
f 6289//6289 6303//6303 6285//6285
f 6304//6304 6317//6317 6273//6273
f 6318//6318 6304//6304 6274//6274
f 6259//6259 6310//6310 6230//6230
f 6210//6210 6260//6260 6305//6305
f 6260//6260 6264//6264 6319//6319
f 6275//6275 6292//6292 6319//6319
f 6281//6281 6267//6267 6321//6321
f 6271//6271 6249//6249 6325//6325
f 6313//6313 6250//6250 6262//6262
f 6296//6296 6262//6262 6243//6243
f 6287//6287 6272//6272 6326//6326
f 6308//6308 6326//6326 6272//6272
f 6322//6322 6263//6263 6298//6298
f 6327//6327 6282//6282 6227//6227
f 6289//6289 6290//6290 6328//6328
f 6291//6291 6328//6328 6290//6290
f 6329//6329 6319//6319 6292//6292
f 6292//6292 6293//6293 6330//6330
f 6293//6293 6306//6306 6330//6330
f 6321//6321 6295//6295 6281//6281
f 6294//6294 6325//6325 6249//6249
f 6315//6315 6278//6278 6252//6252
f 6315//6315 6287//6287 6326//6326
f 6328//6328 6303//6303 6289//6289
f 6259//6259 6305//6305 6310//6310
f 6260//6260 6319//6319 6331//6331
f 6292//6292 6330//6330 6329//6329
f 6306//6306 6295//6295 6332//6332
f 6262//6262 6296//6296 6333//6333
f 6322//6322 6298//6298 6334//6334
f 6299//6299 6282//6282 6335//6335
f 6327//6327 6324//6324 6282//6282
f 6227//6227 6301//6301 6327//6327
f 6302//6302 6309//6309 6336//6336
f 6337//6337 6309//6309 6265//6265
f 6265//6265 6316//6316 6337//6337
f 6291//6291 6338//6338 6328//6328
f 6317//6317 6338//6338 6291//6291
f 6310//6310 6318//6318 6248//6248
f 6241//6241 6276//6276 6311//6311
f 6314//6314 6277//6277 6340//6340
f 6278//6278 6341//6341 6269//6269
f 6308//6308 6322//6322 6342//6342
f 6323//6323 6279//6279 6343//6343
f 6279//6279 6299//6299 6343//6343
f 6335//6335 6343//6343 6299//6299
f 6344//6344 6300//6300 6270//6270
f 6330//6330 6306//6306 6332//6332
f 6339//6339 6311//6311 6276//6276
f 6325//6325 6276//6276 6271//6271
f 6345//6345 6325//6325 6294//6294
f 6312//6312 6345//6345 6294//6294
f 6313//6313 6262//6262 6333//6333
f 6314//6314 6346//6346 6297//6297
f 6277//6277 6269//6269 6340//6340
f 6341//6341 6278//6278 6347//6347
f 6278//6278 6315//6315 6347//6347
f 6342//6342 6326//6326 6308//6308
f 6288//6288 6254//6254 6348//6348
f 6254//6254 6323//6323 6348//6348
f 6349//6349 6302//6302 6350//6350
f 6303//6303 6328//6328 6351//6351
f 6329//6329 6352//6352 6319//6319
f 6342//6342 6353//6353 6326//6326
f 6298//6298 6288//6288 6334//6334
f 6343//6343 6335//6335 6354//6354
f 6355//6355 6335//6335 6282//6282
f 6356//6356 6282//6282 6324//6324
f 6324//6324 6327//6327 6357//6357
f 6358//6358 6336//6336 6309//6309
f 6351//6351 6316//6316 6303//6303
f 6331//6331 6319//6319 6352//6352
f 6332//6332 6295//6295 6359//6359
f 6295//6295 6321//6321 6359//6359
f 6276//6276 6325//6325 6360//6360
f 6341//6341 6340//6340 6269//6269
f 6339//6339 6320//6320 6311//6311
f 6313//6313 6333//6333 6312//6312
f 6346//6346 6307//6307 6297//6297
f 6342//6342 6322//6322 6361//6361
f 6322//6322 6334//6334 6361//6361
f 6356//6356 6355//6355 6282//6282
f 6301//6301 6357//6357 6327//6327
f 6301//6301 6300//6300 6362//6362
f 6344//6344 6362//6362 6300//6300
f 6350//6350 6302//6302 6363//6363
f 6309//6309 6337//6337 6358//6358
f 6337//6337 6316//6316 6364//6364
f 6338//6338 6317//6317 6365//6365
f 6317//6317 6304//6304 6366//6366
f 6304//6304 6318//6318 6366//6366
f 6367//6367 6366//6366 6318//6318
f 6310//6310 6367//6367 6318//6318
f 6305//6305 6260//6260 6368//6368
f 6352//6352 6369//6369 6331//6331
f 6352//6352 6329//6329 6370//6370
f 6370//6370 6330//6330 6371//6371
f 6348//6348 6334//6334 6288//6288
f 6323//6323 6343//6343 6373//6373
f 6356//6356 6324//6324 6357//6357
f 6357//6357 6301//6301 6374//6374
f 6362//6362 6374//6374 6301//6301
f 6336//6336 6363//6363 6302//6302
f 6375//6375 6358//6358 6337//6337
f 6337//6337 6364//6364 6375//6375
f 6366//6366 6365//6365 6317//6317
f 6369//6369 6368//6368 6260//6260
f 6260//6260 6331//6331 6369//6369
f 6376//6376 6350//6350 6363//6363
f 6375//6375 6377//6377 6358//6358
f 6378//6378 6364//6364 6316//6316
f 6316//6316 6351//6351 6378//6378
f 6330//6330 6332//6332 6371//6371
f 6379//6379 6371//6371 6332//6332
f 6332//6332 6359//6359 6379//6379
f 6346//6346 6314//6314 6340//6340
f 6340//6340 6341//6341 6380//6380
f 6381//6381 6382//6382 6353//6353
f 6353//6353 6342//6342 6381//6381
f 6361//6361 6381//6381 6342//6342
f 6373//6373 6348//6348 6323//6323
f 6360//6360 6339//6339 6276//6276
f 6383//6383 6372//6372 6312//6312
f 6312//6312 6333//6333 6383//6383
f 6384//6384 6380//6380 6341//6341
f 6335//6335 6355//6355 6354//6354
f 6385//6385 6336//6336 6358//6358
f 6377//6377 6385//6385 6358//6358
f 6310//6310 6305//6305 6367//6367
f 6368//6368 6367//6367 6305//6305
f 6352//6352 6370//6370 6386//6386
f 6386//6386 6387//6387 6352//6352
f 6370//6370 6371//6371 6386//6386
f 6388//6388 6359//6359 6321//6321
f 6320//6320 6339//6339 6389//6389
f 6372//6372 6345//6345 6312//6312
f 6346//6346 6390//6390 6307//6307
f 6354//6354 6391//6391 6343//6343
f 6357//6357 6374//6374 6392//6392
f 6376//6376 6363//6363 6393//6393
f 6365//6365 6394//6394 6338//6338
f 6388//6388 6379//6379 6359//6359
f 6321//6321 6320//6320 6388//6388
f 6333//6333 6296//6296 6395//6395
f 6296//6296 6307//6307 6396//6396
f 6397//6397 6384//6384 6341//6341
f 6341//6341 6347//6347 6397//6397
f 6347//6347 6398//6398 6397//6397
f 6373//6373 6343//6343 6391//6391
f 6354//6354 6355//6355 6399//6399
f 6356//6356 6399//6399 6355//6355
f 6400//6400 6374//6374 6362//6362
f 6364//6364 6401//6401 6375//6375
f 6338//6338 6394//6394 6328//6328
f 6387//6387 6369//6369 6352//6352
f 6402//6402 6345//6345 6372//6372
f 6372//6372 6383//6383 6403//6403
f 6334//6334 6348//6348 6361//6361
f 6391//6391 6354//6354 6404//6404
f 6357//6357 6405//6405 6356//6356
f 6392//6392 6374//6374 6400//6400
f 6400//6400 6376//6376 6406//6406
f 6393//6393 6406//6406 6376//6376
f 6378//6378 6351//6351 6407//6407
f 6351//6351 6328//6328 6394//6394
f 6386//6386 6371//6371 6408//6408
f 6371//6371 6379//6379 6408//6408
f 6360//6360 6325//6325 6409//6409
f 6325//6325 6345//6345 6409//6409
f 6403//6403 6402//6402 6372//6372
f 6383//6383 6333//6333 6395//6395
f 6396//6396 6395//6395 6296//6296
f 6396//6396 6307//6307 6390//6390
f 6340//6340 6390//6390 6346//6346
f 6398//6398 6382//6382 6397//6397
f 6382//6382 6381//6381 6410//6410
f 6373//6373 6361//6361 6348//6348
f 6354//6354 6399//6399 6404//6404
f 6411//6411 6393//6393 6363//6363
f 6363//6363 6336//6336 6411//6411
f 6336//6336 6385//6385 6412//6412
f 6394//6394 6407//6407 6351//6351
f 6365//6365 6366//6366 6413//6413
f 6414//6414 6415//6415 6367//6367
f 6367//6367 6368//6368 6414//6414
f 6416//6416 6414//6414 6368//6368
f 6368//6368 6369//6369 6416//6416
f 6417//6417 6387//6387 6386//6386
f 6386//6386 6408//6408 6417//6417
f 6402//6402 6409//6409 6345//6345
f 6390//6390 6340//6340 6418//6418
f 6340//6340 6380//6380 6418//6418
f 6410//6410 6397//6397 6382//6382
f 6404//6404 6419//6419 6391//6391
f 6420//6420 6399//6399 6356//6356
f 6405//6405 6420//6420 6356//6356
f 6357//6357 6392//6392 6405//6405
f 6412//6412 6411//6411 6336//6336
f 6377//6377 6375//6375 6421//6421
f 6375//6375 6401//6401 6421//6421
f 6365//6365 6413//6413 6394//6394
f 6366//6366 6367//6367 6415//6415
f 6422//6422 6408//6408 6379//6379
f 6388//6388 6422//6422 6379//6379
f 6361//6361 6373//6373 6423//6423
f 6419//6419 6423//6423 6373//6373
f 6373//6373 6391//6391 6419//6419
f 6424//6424 6405//6405 6392//6392
f 6425//6425 6392//6392 6400//6400
f 6426//6426 6385//6385 6377//6377
f 6377//6377 6421//6421 6426//6426
f 6415//6415 6413//6413 6366//6366
f 6369//6369 6387//6387 6416//6416
f 6409//6409 6427//6427 6360//6360
f 6428//6428 6403//6403 6383//6383
f 6395//6395 6428//6428 6383//6383
f 6429//6429 6381//6381 6361//6361
f 6425//6425 6424//6424 6392//6392
f 6400//6400 6406//6406 6425//6425
f 6426//6426 6412//6412 6385//6385
f 6430//6430 6426//6426 6421//6421
f 6431//6431 6421//6421 6401//6401
f 6432//6432 6431//6431 6401//6401
f 6394//6394 6432//6432 6407//6407
f 6433//6433 6415//6415 6414//6414
f 6417//6417 6408//6408 6434//6434
f 6388//6388 6320//6320 6435//6435
f 6389//6389 6435//6435 6320//6320
f 6427//6427 6339//6339 6360//6360
f 6436//6436 6409//6409 6402//6402
f 6403//6403 6436//6436 6402//6402
f 6397//6397 6410//6410 6437//6437
f 6410//6410 6381//6381 6429//6429
f 6361//6361 6423//6423 6429//6429
f 6406//6406 6393//6393 6438//6438
f 6394//6394 6413//6413 6439//6439
f 6433//6433 6413//6413 6415//6415
f 6440//6440 6416//6416 6387//6387
f 6387//6387 6417//6417 6440//6440
f 6436//6436 6441//6441 6409//6409
f 6428//6428 6436//6436 6403//6403
f 6395//6395 6396//6396 6442//6442
f 6396//6396 6390//6390 6443//6443
f 6437//6437 6384//6384 6397//6397
f 6404//6404 6399//6399 6444//6444
f 6420//6420 6405//6405 6445//6445
f 6446//6446 6424//6424 6425//6425
f 6432//6432 6394//6394 6447//6447
f 6448//6448 6433//6433 6414//6414
f 6414//6414 6416//6416 6448//6448
f 6417//6417 6434//6434 6440//6440
f 6422//6422 6434//6434 6408//6408
f 6388//6388 6435//6435 6449//6449
f 6427//6427 6389//6389 6339//6339
f 6441//6441 6427//6427 6409//6409
f 6428//6428 6395//6395 6442//6442
f 6443//6443 6442//6442 6396//6396
f 6418//6418 6443//6443 6390//6390
f 6384//6384 6450//6450 6380//6380
f 6410//6410 6429//6429 6437//6437
f 6429//6429 6423//6423 6451//6451
f 6452//6452 6444//6444 6399//6399
f 6420//6420 6452//6452 6399//6399
f 6394//6394 6439//6439 6447//6447
f 6433//6433 6453//6453 6413//6413
f 6416//6416 6440//6440 6448//6448
f 6388//6388 6449//6449 6422//6422
f 6389//6389 6427//6427 6435//6435
f 6454//6454 6441//6441 6436//6436
f 6436//6436 6428//6428 6454//6454
f 6428//6428 6442//6442 6455//6455
f 6418//6418 6380//6380 6450//6450
f 6437//6437 6429//6429 6451//6451
f 6423//6423 6419//6419 6451//6451
f 6419//6419 6404//6404 6444//6444
f 6445//6445 6405//6405 6424//6424
f 6412//6412 6426//6426 6456//6456
f 6421//6421 6431//6431 6457//6457
f 6413//6413 6453//6453 6439//6439
f 6458//6458 6427//6427 6441//6441
f 6441//6441 6454//6454 6458//6458
f 6455//6455 6454//6454 6428//6428
f 6384//6384 6437//6437 6460//6460
f 6451//6451 6419//6419 6461//6461
f 6462//6462 6445//6445 6424//6424
f 6446//6446 6462//6462 6424//6424
f 6425//6425 6406//6406 6463//6463
f 6456//6456 6426//6426 6430//6430
f 6447//6447 6431//6431 6432//6432
f 6455//6455 6442//6442 6459//6459
f 6444//6444 6461//6461 6419//6419
f 6445//6445 6452//6452 6420//6420
f 6464//6464 6462//6462 6446//6446
f 6412//6412 6456//6456 6465//6465
f 6430//6430 6421//6421 6466//6466
f 6421//6421 6457//6457 6466//6466
f 6422//6422 6467//6467 6434//6434
f 6435//6435 6427//6427 6468//6468
f 6427//6427 6458//6458 6469//6469
f 6454//6454 6455//6455 6458//6458
f 6470//6470 6458//6458 6455//6455
f 6455//6455 6459//6459 6470//6470
f 6471//6471 6459//6459 6442//6442
f 6443//6443 6471//6471 6442//6442
f 6450//6450 6384//6384 6472//6472
f 6438//6438 6393//6393 6473//6473
f 6457//6457 6431//6431 6474//6474
f 6439//6439 6453//6453 6475//6475
f 6433//6433 6448//6448 6476//6476
f 6458//6458 6470//6470 6477//6477
f 6418//6418 6478//6478 6443//6443
f 6479//6479 6460//6460 6451//6451
f 6425//6425 6464//6464 6446//6446
f 6457//6457 6474//6474 6466//6466
f 6453//6453 6433//6433 6476//6476
f 6467//6467 6480//6480 6434//6434
f 6468//6468 6449//6449 6435//6435
f 6469//6469 6458//6458 6481//6481
f 6477//6477 6481//6481 6458//6458
f 6461//6461 6479//6479 6451//6451
f 6411//6411 6473//6473 6393//6393
f 6411//6411 6412//6412 6482//6482
f 6465//6465 6482//6482 6412//6412
f 6483//6483 6466//6466 6474//6474
f 6447//6447 6439//6439 6475//6475
f 6480//6480 6476//6476 6448//6448
f 6427//6427 6469//6469 6468//6468
f 6484//6484 6477//6477 6470//6470
f 6470//6470 6459//6459 6485//6485
f 6418//6418 6450//6450 6478//6478
f 6478//6478 6450//6450 6472//6472
f 6406//6406 6438//6438 6463//6463
f 6486//6486 6483//6483 6474//6474
f 6449//6449 6467//6467 6422//6422
f 6487//6487 6488//6488 6459//6459
f 6459//6459 6471//6471 6487//6487
f 6471//6471 6443//6443 6478//6478
f 6461//6461 6444//6444 6489//6489
f 6444//6444 6452//6452 6490//6490
f 6491//6491 6490//6490 6452//6452
f 6452//6452 6445//6445 6491//6491
f 6445//6445 6462//6462 6491//6491
f 6464//6464 6491//6491 6462//6462
f 6464//6464 6425//6425 6492//6492
f 6463//6463 6493//6493 6425//6425
f 6482//6482 6473//6473 6411//6411
f 6494//6494 6430//6430 6466//6466
f 6474//6474 6447//6447 6495//6495
f 6496//6496 6475//6475 6453//6453
f 6453//6453 6476//6476 6496//6496
f 6480//6480 6467//6467 6497//6497
f 6469//6469 6481//6481 6498//6498
f 6488//6488 6485//6485 6459//6459
f 6478//6478 6472//6472 6499//6499
f 6479//6479 6499//6499 6472//6472
f 6489//6489 6444//6444 6490//6490
f 6493//6493 6492//6492 6425//6425
f 6495//6495 6486//6486 6474//6474
f 6447//6447 6475//6475 6501//6501
f 6476//6476 6480//6480 6497//6497
f 6468//6468 6469//6469 6502//6502
f 6498//6498 6502//6502 6469//6469
f 6485//6485 6503//6503 6470//6470
f 6478//6478 6487//6487 6471//6471
f 6499//6499 6504//6504 6478//6478
f 6489//6489 6479//6479 6461//6461
f 6500//6500 6464//6464 6505//6505
f 6492//6492 6505//6505 6464//6464
f 6506//6506 6483//6483 6486//6486
f 6501//6501 6495//6495 6447//6447
f 6507//6507 6467//6467 6449//6449
f 6449//6449 6468//6468 6507//6507
f 6502//6502 6507//6507 6468//6468
f 6508//6508 6481//6481 6477//6477
f 6484//6484 6508//6508 6477//6477
f 6503//6503 6484//6484 6470//6470
f 6488//6488 6487//6487 6509//6509
f 6499//6499 6479//6479 6489//6489
f 6489//6489 6490//6490 6510//6510
f 6500//6500 6491//6491 6464//6464
f 6492//6492 6493//6493 6511//6511
f 6463//6463 6438//6438 6512//6512
f 6483//6483 6494//6494 6466//6466
f 6496//6496 6501//6501 6475//6475
f 6513//6513 6496//6496 6476//6476
f 6514//6514 6497//6497 6467//6467
f 6507//6507 6514//6514 6467//6467
f 6507//6507 6502//6502 6515//6515
f 6491//6491 6510//6510 6490//6490
f 6430//6430 6516//6516 6456//6456
f 6486//6486 6495//6495 6517//6517
f 6476//6476 6497//6497 6513//6513
f 6515//6515 6514//6514 6507//6507
f 6518//6518 6498//6498 6481//6481
f 6519//6519 6487//6487 6478//6478
f 6478//6478 6504//6504 6519//6519
f 6520//6520 6504//6504 6499//6499
f 6499//6499 6489//6489 6520//6520
f 6521//6521 6493//6493 6463//6463
f 6482//6482 6465//6465 6522//6522
f 6523//6523 6494//6494 6483//6483
f 6496//6496 6513//6513 6501//6501
f 6508//6508 6518//6518 6481//6481
f 6503//6503 6524//6524 6484//6484
f 6525//6525 6503//6503 6485//6485
f 6519//6519 6509//6509 6487//6487
f 6510//6510 6520//6520 6489//6489
f 6505//6505 6492//6492 6526//6526
f 6511//6511 6526//6526 6492//6492
f 6473//6473 6482//6482 6527//6527
f 6528//6528 6465//6465 6456//6456
f 6483//6483 6506//6506 6523//6523
f 6529//6529 6513//6513 6497//6497
f 6514//6514 6529//6529 6497//6497
f 6530//6530 6502//6502 6498//6498
f 6531//6531 6518//6518 6508//6508
f 6524//6524 6508//6508 6484//6484
f 6525//6525 6485//6485 6532//6532
f 6485//6485 6488//6488 6532//6532
f 6510//6510 6491//6491 6533//6533
f 6512//6512 6521//6521 6463//6463
f 6518//6518 6530//6530 6498//6498
f 6509//6509 6532//6532 6488//6488
f 6534//6534 6519//6519 6504//6504
f 6504//6504 6520//6520 6534//6534
f 6527//6527 6535//6535 6473//6473
f 6536//6536 6534//6534 6520//6520
f 6537//6537 6515//6515 6502//6502
f 6530//6530 6537//6537 6502//6502
f 6508//6508 6524//6524 6531//6531
f 6524//6524 6503//6503 6525//6525
f 6509//6509 6519//6519 6538//6538
f 6534//6534 6538//6538 6519//6519
f 6533//6533 6536//6536 6520//6520
f 6520//6520 6510//6510 6533//6533
f 6539//6539 6533//6533 6491//6491
f 6491//6491 6500//6500 6539//6539
f 6505//6505 6539//6539 6500//6500
f 6521//6521 6511//6511 6493//6493
f 6438//6438 6473//6473 6535//6535
f 6522//6522 6527//6527 6482//6482
f 6516//6516 6430//6430 6540//6540
f 6506//6506 6486//6486 6541//6541
f 6542//6542 6513//6513 6529//6529
f 6514//6514 6515//6515 6542//6542
f 6531//6531 6530//6530 6518//6518
f 6531//6531 6524//6524 6543//6543
f 6524//6524 6525//6525 6543//6543
f 6538//6538 6532//6532 6509//6509
f 6526//6526 6544//6544 6505//6505
f 6522//6522 6465//6465 6528//6528
f 6545//6545 6523//6523 6506//6506
f 6541//6541 6545//6545 6506//6506
f 6529//6529 6514//6514 6542//6542
f 6530//6530 6531//6531 6546//6546
f 6543//6543 6546//6546 6531//6531
f 6543//6543 6525//6525 6547//6547
f 6532//6532 6547//6547 6525//6525
f 6539//6539 6505//6505 6544//6544
f 6548//6548 6526//6526 6511//6511
f 6511//6511 6549//6549 6548//6548
f 6550//6550 6512//6512 6438//6438
f 6438//6438 6535//6535 6550//6550
f 6542//6542 6551//6551 6501//6501
f 6501//6501 6513//6513 6542//6542
f 6537//6537 6542//6542 6515//6515
f 6537//6537 6530//6530 6552//6552
f 6530//6530 6546//6546 6552//6552
f 6553//6553 6547//6547 6532//6532
f 6532//6532 6538//6538 6553//6553
f 6538//6538 6534//6534 6553//6553
f 6511//6511 6521//6521 6549//6549
f 6535//6535 6527//6527 6554//6554
f 6516//6516 6528//6528 6456//6456
f 6552//6552 6542//6542 6537//6537
f 6526//6526 6548//6548 6544//6544
f 6555//6555 6521//6521 6512//6512
f 6556//6556 6555//6555 6512//6512
f 6512//6512 6550//6550 6556//6556
f 6550//6550 6535//6535 6554//6554
f 6527//6527 6522//6522 6557//6557
f 6494//6494 6540//6540 6430//6430
f 6558//6558 6559//6559 6560//6560
f 6557//6557 6522//6522 6561//6561
f 6528//6528 6516//6516 6562//6562
f 6545//6545 6541//6541 6563//6563
f 6564//6564 6565//6565 6566//6566
f 6567//6567 6568//6568 6569//6569
f 6569//6569 6558//6558 6567//6567
f 6558//6558 6560//6560 6570//6570
f 6571//6571 6560//6560 6572//6572
f 6572//6572 6573//6573 6571//6571
f 6573//6573 6544//6544 6571//6571
f 6548//6548 6549//6549 6574//6574
f 6521//6521 6555//6555 6549//6549
f 6575//6575 6566//6566 6576//6576
f 6565//6565 6568//6568 6577//6577
f 6578//6578 6570//6570 6560//6560
f 6560//6560 6571//6571 6578//6578
f 6544//6544 6548//6548 6579//6579
f 6554//6554 6527//6527 6557//6557
f 6528//6528 6561//6561 6522//6522
f 6540//6540 6562//6562 6516//6516
f 6523//6523 6540//6540 6494//6494
f 6545//6545 6563//6563 6580//6580
f 6581//6581 6566//6566 6565//6565
f 6577//6577 6581//6581 6565//6565
f 6567//6567 6577//6577 6568//6568
f 6570//6570 6567//6567 6558//6558
f 6580//6580 6523//6523 6545//6545
f 6580//6580 6563//6563 6582//6582
f 6576//6576 6582//6582 6563//6563
f 6566//6566 6583//6583 6576//6576
f 6584//6584 6585//6585 6578//6578
f 6578//6578 6571//6571 6584//6584
f 6586//6586 6544//6544 6579//6579
f 6557//6557 6587//6587 6554//6554
f 6581//6581 6583//6583 6566//6566
f 6585//6585 6570//6570 6578//6578
f 6588//6588 6584//6584 6571//6571
f 6571//6571 6544//6544 6588//6588
f 6550//6550 6554//6554 6589//6589
f 6590//6590 6587//6587 6557//6557
f 6591//6591 6590//6590 6557//6557
f 6562//6562 6561//6561 6528//6528
f 6582//6582 6576//6576 6592//6592
f 6583//6583 6592//6592 6576//6576
f 6567//6567 6570//6570 6593//6593
f 6594//6594 6593//6593 6570//6570
f 6544//6544 6586//6586 6588//6588
f 6549//6549 6555//6555 6595//6595
f 6596//6596 6555//6555 6556//6556
f 6556//6556 6550//6550 6596//6596
f 6550//6550 6589//6589 6596//6596
f 6582//6582 6597//6597 6580//6580
f 6593//6593 6577//6577 6567//6567
f 6585//6585 6594//6594 6570//6570
f 6599//6599 6600//6600 6601//6601
f 6602//6602 6601//6601 6600//6600
f 6602//6602 6600//6600 6603//6603
f 6600//6600 6587//6587 6603//6603
f 6557//6557 6561//6561 6591//6591
f 6597//6597 6604//6604 6580//6580
f 6548//6548 6574//6574 6605//6605
f 6598//6598 6599//6599 6606//6606
f 6562//6562 6607//6607 6561//6561
f 6608//6608 6603//6603 6590//6590
f 6590//6590 6591//6591 6608//6608
f 6607//6607 6591//6591 6561//6561
f 6609//6609 6540//6540 6523//6523
f 6592//6592 6597//6597 6582//6582
f 6579//6579 6548//6548 6605//6605
f 6595//6595 6610//6610 6549//6549
f 6596//6596 6595//6595 6555//6555
f 6596//6596 6589//6589 6611//6611
f 6606//6606 6599//6599 6612//6612
f 6613//6613 6601//6601 6602//6602
f 6602//6602 6603//6603 6614//6614
f 6523//6523 6580//6580 6609//6609
f 6610//6610 6574//6574 6549//6549
f 6601//6601 6612//6612 6599//6599
f 6602//6602 6614//6614 6613//6613
f 6607//6607 6562//6562 6540//6540
f 6611//6611 6615//6615 6596//6596
f 6616//6616 6617//6617 6598//6598
f 6598//6598 6606//6606 6616//6616
f 6618//6618 6608//6608 6591//6591
f 6591//6591 6607//6607 6618//6618
f 6593//6593 6594//6594 6619//6619
f 6620//6620 6619//6619 6594//6594
f 6579//6579 6605//6605 6621//6621
f 6595//6595 6596//6596 6615//6615
f 6612//6612 6601//6601 6622//6622
f 6601//6601 6613//6613 6622//6622
f 6623//6623 6613//6613 6614//6614
f 6608//6608 6624//6624 6603//6603
f 6581//6581 6577//6577 6625//6625
f 6626//6626 6625//6625 6577//6577
f 6577//6577 6593//6593 6626//6626
f 6585//6585 6584//6584 6627//6627
f 6628//6628 6618//6618 6607//6607
f 6604//6604 6609//6609 6580//6580
f 6592//6592 6583//6583 6629//6629
f 6583//6583 6581//6581 6629//6629
f 6621//6621 6586//6586 6579//6579
f 6595//6595 6615//6615 6630//6630
f 6618//6618 6624//6624 6608//6608
f 6540//6540 6628//6628 6607//6607
f 6629//6629 6631//6631 6592//6592
f 6581//6581 6625//6625 6629//6629
f 6585//6585 6620//6620 6594//6594
f 6584//6584 6588//6588 6632//6632
f 6630//6630 6610//6610 6595//6595
f 6615//6615 6611//6611 6630//6630
f 6633//6633 6606//6606 6612//6612
f 6623//6623 6634//6634 6613//6613
f 6627//6627 6620//6620 6585//6585
f 6635//6635 6632//6632 6588//6588
f 6617//6617 6630//6630 6611//6611
f 6636//6636 6633//6633 6612//6612
f 6622//6622 6613//6613 6637//6637
f 6638//6638 6614//6614 6603//6603
f 6624//6624 6638//6638 6603//6603
f 6639//6639 6609//6609 6604//6604
f 6597//6597 6640//6640 6604//6604
f 6632//6632 6627//6627 6584//6584
f 6588//6588 6586//6586 6635//6635
f 6641//6641 6605//6605 6574//6574
f 6574//6574 6610//6610 6641//6641
f 6612//6612 6622//6622 6636//6636
f 6613//6613 6634//6634 6637//6637
f 6618//6618 6628//6628 6642//6642
f 6640//6640 6639//6639 6604//6604
f 6631//6631 6597//6597 6592//6592
f 6619//6619 6626//6626 6593//6593
f 6643//6643 6635//6635 6586//6586
f 6621//6621 6643//6643 6586//6586
f 6641//6641 6621//6621 6605//6605
f 6614//6614 6638//6638 6623//6623
f 6641//6641 6644//6644 6621//6621
f 6624//6624 6618//6618 6642//6642
f 6628//6628 6540//6540 6645//6645
f 6609//6609 6645//6645 6540//6540
f 6640//6640 6597//6597 6646//6646
f 6631//6631 6646//6646 6597//6597
f 6610//6610 6630//6630 6641//6641
f 6616//6616 6647//6647 6617//6617
f 6606//6606 6648//6648 6616//6616
f 6649//6649 6606//6606 6650//6650
f 6633//6633 6650//6650 6606//6606
f 6636//6636 6622//6622 6651//6651
f 6637//6637 6651//6651 6622//6622
f 6634//6634 6623//6623 6652//6652
f 6642//6642 6653//6653 6624//6624
f 6642//6642 6628//6628 6654//6654
f 6631//6631 6629//6629 6655//6655
f 6656//6656 6655//6655 6629//6629
f 6629//6629 6657//6657 6656//6656
f 6657//6657 6626//6626 6658//6658
f 6635//6635 6643//6643 6659//6659
f 6651//6651 6660//6660 6636//6636
f 6623//6623 6638//6638 6661//6661
f 6653//6653 6638//6638 6624//6624
f 6626//6626 6619//6619 6662//6662
f 6663//6663 6641//6641 6630//6630
f 6630//6630 6617//6617 6663//6663
f 6647//6647 6663//6663 6617//6617
f 6664//6664 6647//6647 6616//6616
f 6649//6649 6648//6648 6606//6606
f 6633//6633 6636//6636 6660//6660
f 6653//6653 6642//6642 6665//6665
f 6645//6645 6654//6654 6628//6628
f 6646//6646 6631//6631 6666//6666
f 6657//6657 6658//6658 6667//6667
f 6619//6619 6620//6620 6668//6668
f 6659//6659 6643//6643 6669//6669
f 6621//6621 6669//6669 6643//6643
f 6648//6648 6664//6664 6616//6616
f 6637//6637 6634//6634 6670//6670
f 6638//6638 6653//6653 6661//6661
f 6639//6639 6645//6645 6609//6609
f 6655//6655 6666//6666 6631//6631
f 6671//6671 6656//6656 6657//6657
f 6667//6667 6671//6671 6657//6657
f 6658//6658 6626//6626 6662//6662
f 6668//6668 6662//6662 6619//6619
f 6632//6632 6635//6635 6659//6659
f 6644//6644 6669//6669 6621//6621
f 6663//6663 6644//6644 6641//6641
f 6663//6663 6647//6647 6672//6672
f 6642//6642 6654//6654 6665//6665
f 6654//6654 6645//6645 6673//6673
f 6633//6633 6674//6674 6650//6650
f 6660//6660 6651//6651 6675//6675
f 6651//6651 6637//6637 6675//6675
f 6634//6634 6652//6652 6670//6670
f 6661//6661 6653//6653 6676//6676
f 6677//6677 6640//6640 6646//6646
f 6667//6667 6658//6658 6678//6678
f 6679//6679 6668//6668 6620//6620
f 6672//6672 6680//6680 6663//6663
f 6681//6681 6672//6672 6647//6647
f 6647//6647 6664//6664 6681//6681
f 6660//6660 6674//6674 6633//6633
f 6652//6652 6623//6623 6682//6682
f 6623//6623 6661//6661 6683//6683
f 6653//6653 6665//6665 6676//6676
f 6677//6677 6639//6639 6640//6640
f 6666//6666 6677//6677 6646//6646
f 6684//6684 6666//6666 6655//6655
f 6671//6671 6667//6667 6685//6685
f 6678//6678 6685//6685 6667//6667
f 6668//6668 6658//6658 6662//6662
f 6632//6632 6659//6659 6686//6686
f 6644//6644 6663//6663 6680//6680
f 6648//6648 6649//6649 6687//6687
f 6670//6670 6675//6675 6637//6637
f 6639//6639 6677//6677 6688//6688
f 6666//6666 6689//6689 6677//6677
f 6668//6668 6690//6690 6658//6658
f 6679//6679 6691//6691 6668//6668
f 6620//6620 6627//6627 6679//6679
f 6686//6686 6627//6627 6632//6632
f 6681//6681 6692//6692 6672//6672
f 6664//6664 6648//6648 6687//6687
f 6693//6693 6670//6670 6652//6652
f 6654//6654 6673//6673 6665//6665
f 6645//6645 6639//6639 6673//6673
f 6690//6690 6668//6668 6691//6691
f 6659//6659 6669//6669 6694//6694
f 6672//6672 6692//6692 6680//6680
f 6660//6660 6675//6675 6674//6674
f 6675//6675 6670//6670 6693//6693
f 6652//6652 6682//6682 6693//6693
f 6683//6683 6682//6682 6623//6623
f 6684//6684 6689//6689 6666//6666
f 6690//6690 6678//6678 6658//6658
f 6687//6687 6681//6681 6664//6664
f 6695//6695 6674//6674 6675//6675
f 6675//6675 6693//6693 6695//6695
f 6683//6683 6661//6661 6696//6696
f 6697//6697 6673//6673 6639//6639
f 6698//6698 6679//6679 6627//6627
f 6696//6696 6661//6661 6699//6699
f 6676//6676 6699//6699 6661//6661
f 6700//6700 6699//6699 6676//6676
f 6665//6665 6700//6700 6676//6676
f 6639//6639 6688//6688 6697//6697
f 6685//6685 6701//6701 6671//6671
f 6627//6627 6686//6686 6698//6698
f 6669//6669 6644//6644 6702//6702
f 6644//6644 6680//6680 6702//6702
f 6681//6681 6687//6687 6703//6703
f 6704//6704 6687//6687 6649//6649
f 6704//6704 6649//6649 6650//6650
f 6674//6674 6695//6695 6705//6705
f 6695//6695 6693//6693 6706//6706
f 6693//6693 6682//6682 6706//6706
f 6673//6673 6707//6707 6665//6665
f 6673//6673 6697//6697 6708//6708
f 6701//6701 6709//6709 6671//6671
f 6710//6710 6678//6678 6690//6690
f 6711//6711 6710//6710 6690//6690
f 6686//6686 6659//6659 6694//6694
f 6712//6712 6706//6706 6682//6682
f 6680//6680 6692//6692 6713//6713
f 6714//6714 6713//6713 6692//6692
f 6692//6692 6681//6681 6714//6714
f 6650//6650 6674//6674 6705//6705
f 6706//6706 6705//6705 6695//6695
f 6707//6707 6700//6700 6665//6665
f 6708//6708 6707//6707 6673//6673
f 6685//6685 6678//6678 6715//6715
f 6710//6710 6715//6715 6678//6678
f 6691//6691 6679//6679 6716//6716
f 6702//6702 6680//6680 6713//6713
f 6703//6703 6714//6714 6681//6681
f 6650//6650 6705//6705 6717//6717
f 6712//6712 6718//6718 6706//6706
f 6677//6677 6689//6689 6688//6688
f 6689//6689 6684//6684 6719//6719
f 6701//6701 6685//6685 6720//6720
f 6716//6716 6679//6679 6721//6721
f 6722//6722 6723//6723 6698//6698
f 6713//6713 6714//6714 6724//6724
f 6717//6717 6704//6704 6650//6650
f 6712//6712 6682//6682 6683//6683
f 6725//6725 6726//6726 6705//6705
f 6705//6705 6706//6706 6725//6725
f 6683//6683 6696//6696 6727//6727
f 6719//6719 6688//6688 6689//6689
f 6728//6728 6719//6719 6684//6684
f 6715//6715 6720//6720 6685//6685
f 6698//6698 6686//6686 6729//6729
f 6669//6669 6702//6702 6730//6730
f 6731//6731 6730//6730 6702//6702
f 6726//6726 6717//6717 6705//6705
f 6718//6718 6725//6725 6706//6706
f 6712//6712 6683//6683 6727//6727
f 6732//6732 6709//6709 6733//6733
f 6709//6709 6701//6701 6733//6733
f 6715//6715 6710//6710 6734//6734
f 6729//6729 6722//6722 6698//6698
f 6694//6694 6729//6729 6686//6686
f 6694//6694 6669//6669 6735//6735
f 6730//6730 6735//6735 6669//6669
f 6714//6714 6703//6703 6736//6736
f 6737//6737 6707//6707 6708//6708
f 6708//6708 6697//6697 6738//6738
f 6720//6720 6715//6715 6739//6739
f 6734//6734 6739//6739 6715//6715
f 6734//6734 6710//6710 6740//6740
f 6741//6741 6730//6730 6731//6731
f 6731//6731 6742//6742 6741//6741
f 6724//6724 6742//6742 6743//6743
f 6704//6704 6717//6717 6744//6744
f 6726//6726 6725//6725 6745//6745
f 6707//6707 6746//6746 6700//6700
f 6707//6707 6737//6737 6746//6746
f 6740//6740 6710//6710 6711//6711
f 6747//6747 6688//6688 6719//6719
f 6748//6748 6719//6719 6728//6728
f 6732//6732 6748//6748 6728//6728
f 6720//6720 6733//6733 6701//6701
f 6703//6703 6687//6687 6749//6749
f 6725//6725 6718//6718 6750//6750
f 6727//6727 6718//6718 6712//6712
f 6746//6746 6737//6737 6751//6751
f 6738//6738 6737//6737 6708//6708
f 6747//6747 6697//6697 6688//6688
f 6752//6752 6732//6732 6733//6733
f 6753//6753 6752//6752 6733//6733
f 6733//6733 6720//6720 6753//6753
f 6720//6720 6739//6739 6754//6754
f 6755//6755 6721//6721 6679//6679
f 6679//6679 6698//6698 6755//6755
f 6698//6698 6723//6723 6755//6755
f 6729//6729 6694//6694 6756//6756
f 6735//6735 6756//6756 6694//6694
f 6736//6736 6724//6724 6714//6714
f 6687//6687 6704//6704 6757//6757
f 6717//6717 6726//6726 6758//6758
f 6726//6726 6745//6745 6758//6758
f 6746//6746 6751//6751 6759//6759
f 6751//6751 6737//6737 6760//6760
f 6737//6737 6738//6738 6760//6760
f 6734//6734 6740//6740 6761//6761
f 6741//6741 6742//6742 6762//6762
f 6717//6717 6758//6758 6763//6763
f 6764//6764 6758//6758 6745//6745
f 6765//6765 6745//6745 6725//6725
f 6750//6750 6765//6765 6725//6725
f 6753//6753 6720//6720 6754//6754
f 6730//6730 6741//6741 6766//6766
f 6757//6757 6749//6749 6687//6687
f 6767//6767 6768//6768 6699//6699
f 6699//6699 6700//6700 6767//6767
f 6769//6769 6766//6766 6741//6741
f 6741//6741 6762//6762 6769//6769
f 6770//6770 6762//6762 6742//6742
f 6724//6724 6770//6770 6742//6742
f 6724//6724 6736//6736 6770//6770
f 6717//6717 6763//6763 6744//6744
f 6745//6745 6765//6765 6764//6764
f 6727//6727 6696//6696 6771//6771
f 6746//6746 6759//6759 6772//6772
f 6719//6719 6748//6748 6773//6773
f 6774//6774 6773//6773 6748//6748
f 6775//6775 6753//6753 6754//6754
f 6776//6776 6775//6775 6754//6754
f 6777//6777 6776//6776 6739//6739
f 6739//6739 6734//6734 6777//6777
f 6740//6740 6711//6711 6778//6778
f 6711//6711 6721//6721 6778//6778
f 6729//6729 6756//6756 6779//6779
f 6735//6735 6779//6779 6756//6756
f 6730//6730 6780//6780 6735//6735
f 6763//6763 6758//6758 6781//6781
f 6782//6782 6781//6781 6758//6758
f 6758//6758 6764//6764 6782//6782
f 6783//6783 6764//6764 6765//6765
f 6746//6746 6767//6767 6700//6700
f 6773//6773 6747//6747 6719//6719
f 6761//6761 6777//6777 6734//6734
f 6722//6722 6784//6784 6723//6723
f 6779//6779 6722//6722 6729//6729
f 6730//6730 6766//6766 6780//6780
f 6704//6704 6744//6744 6757//6757
f 6764//6764 6785//6785 6786//6786
f 6783//6783 6785//6785 6764//6764
f 6783//6783 6765//6765 6787//6787
f 6765//6765 6750//6750 6787//6787
f 6788//6788 6750//6750 6718//6718
f 6699//6699 6771//6771 6696//6696
f 6767//6767 6746//6746 6772//6772
f 6789//6789 6759//6759 6751//6751
f 6697//6697 6747//6747 6738//6738
f 6778//6778 6761//6761 6740//6740
f 6784//6784 6755//6755 6723//6723
f 6779//6779 6735//6735 6780//6780
f 6782//6782 6764//6764 6786//6786
f 6790//6790 6789//6789 6751//6751
f 6760//6760 6790//6790 6751//6751
f 6753//6753 6775//6775 6791//6791
f 6721//6721 6792//6792 6778//6778
f 6769//6769 6762//6762 6793//6793
f 6770//6770 6794//6794 6762//6762
f 6768//6768 6767//6767 6795//6795
f 6747//6747 6773//6773 6796//6796
f 6798//6798 6772//6772 6759//6759
f 6799//6799 6796//6796 6773//6773
f 6774//6774 6799//6799 6773//6773
f 6776//6776 6777//6777 6800//6800
f 6777//6777 6761//6761 6801//6801
f 6794//6794 6793//6793 6762//6762
f 6736//6736 6703//6703 6802//6802
f 6749//6749 6802//6802 6703//6703
f 6803//6803 6787//6787 6750//6750
f 6788//6788 6803//6803 6750//6750
f 6727//6727 6788//6788 6718//6718
f 6768//6768 6771//6771 6699//6699
f 6800//6800 6775//6775 6776//6776
f 6792//6792 6761//6761 6778//6778
f 6721//6721 6755//6755 6804//6804
f 6779//6779 6780//6780 6805//6805
f 6782//6782 6806//6806 6781//6781
f 6783//6783 6787//6787 6807//6807
f 6789//6789 6798//6798 6759//6759
f 6800//6800 6777//6777 6808//6808
f 6801//6801 6809//6809 6777//6777
f 6792//6792 6721//6721 6804//6804
f 6784//6784 6722//6722 6810//6810
f 6779//6779 6810//6810 6722//6722
f 6806//6806 6763//6763 6781//6781
f 6786//6786 6785//6785 6811//6811
f 6807//6807 6785//6785 6783//6783
f 6812//6812 6795//6795 6767//6767
f 6767//6767 6772//6772 6812//6812
f 6791//6791 6775//6775 6813//6813
f 6814//6814 6800//6800 6815//6815
f 6816//6816 6801//6801 6761//6761
f 6805//6805 6780//6780 6817//6817
f 6780//6780 6766//6766 6817//6817
f 6794//6794 6770//6770 6818//6818
f 6819//6819 6736//6736 6802//6802
f 6744//6744 6763//6763 6820//6820
f 6821//6821 6807//6807 6787//6787
f 6787//6787 6803//6803 6821//6821
f 6822//6822 6775//6775 6814//6814
f 6800//6800 6808//6808 6815//6815
f 6777//6777 6809//6809 6808//6808
f 6823//6823 6810//6810 6779//6779
f 6823//6823 6779//6779 6805//6805
f 6824//6824 6817//6817 6766//6766
f 6766//6766 6769//6769 6824//6824
f 6793//6793 6824//6824 6769//6769
f 6825//6825 6820//6820 6763//6763
f 6806//6806 6782//6782 6826//6826
f 6786//6786 6826//6826 6782//6782
f 6789//6789 6827//6827 6798//6798
f 6813//6813 6775//6775 6822//6822
f 6808//6808 6809//6809 6828//6828
f 6809//6809 6801//6801 6816//6816
f 6792//6792 6816//6816 6761//6761
f 6829//6829 6824//6824 6793//6793
f 6793//6793 6794//6794 6829//6829
f 6819//6819 6770//6770 6736//6736
f 6811//6811 6826//6826 6786//6786
f 6785//6785 6807//6807 6811//6811
f 6803//6803 6788//6788 6830//6830
f 6831//6831 6771//6771 6768//6768
f 6798//6798 6812//6812 6772//6772
f 6789//6789 6790//6790 6832//6832
f 6760//6760 6832//6832 6790//6790
f 6738//6738 6747//6747 6833//6833
f 6834//6834 6774//6774 6797//6797
f 6818//6818 6829//6829 6794//6794
f 6802//6802 6749//6749 6835//6835
f 6749//6749 6757//6757 6835//6835
f 6757//6757 6744//6744 6820//6820
f 6836//6836 6827//6827 6789//6789
f 6747//6747 6796//6796 6833//6833
f 6817//6817 6824//6824 6837//6837
f 6838//6838 6830//6830 6788//6788
f 6831//6831 6727//6727 6771//6771
f 6832//6832 6760//6760 6839//6839
f 6834//6834 6799//6799 6774//6774
f 6840//6840 6822//6822 6814//6814
f 6814//6814 6815//6815 6840//6840
f 6805//6805 6841//6841 6823//6823
f 6807//6807 6821//6821 6842//6842
f 6812//6812 6798//6798 6843//6843
f 6827//6827 6843//6843 6798//6798
f 6832//6832 6836//6836 6789//6789
f 6816//6816 6792//6792 6844//6844
f 6792//6792 6804//6804 6844//6844
f 6818//6818 6770//6770 6845//6845
f 6835//6835 6757//6757 6846//6846
f 6820//6820 6846//6846 6757//6757
f 6826//6826 6811//6811 6842//6842
f 6811//6811 6807//6807 6842//6842
f 6847//6847 6821//6821 6803//6803
f 6830//6830 6847//6847 6803//6803
f 6768//6768 6795//6795 6848//6848
f 6796//6796 6799//6799 6849//6849
f 6850//6850 6851//6851 6813//6813
f 6813//6813 6822//6822 6850//6850
f 6840//6840 6850//6850 6822//6822
f 6808//6808 6840//6840 6815//6815
f 6816//6816 6828//6828 6809//6809
f 6825//6825 6763//6763 6806//6806
f 6821//6821 6847//6847 6852//6852
f 6727//6727 6838//6838 6788//6788
f 6831//6831 6768//6768 6848//6848
f 6799//6799 6834//6834 6853//6853
f 6755//6755 6784//6784 6854//6854
f 6810//6810 6823//6823 6841//6841
f 6855//6855 6841//6841 6805//6805
f 6829//6829 6856//6856 6824//6824
f 6837//6837 6824//6824 6856//6856
f 6829//6829 6818//6818 6857//6857
f 6845//6845 6857//6857 6818//6818
f 6826//6826 6858//6858 6806//6806
f 6859//6859 6847//6847 6830//6830
f 6860//6860 6838//6838 6727//6727
f 6795//6795 6812//6812 6843//6843
f 6843//6843 6827//6827 6861//6861
f 6827//6827 6836//6836 6861//6861
f 6839//6839 6833//6833 6862//6862
f 6834//6834 6813//6813 6853//6853
f 6851//6851 6853//6853 6813//6813
f 6808//6808 6828//6828 6863//6863
f 6804//6804 6755//6755 6844//6844
f 6784//6784 6810//6810 6854//6854
f 6841//6841 6854//6854 6810//6810
f 6819//6819 6845//6845 6770//6770
f 6852//6852 6842//6842 6821//6821
f 6830//6830 6838//6838 6859//6859
f 6831//6831 6860//6860 6727//6727
f 6836//6836 6832//6832 6864//6864
f 6865//6865 6833//6833 6796//6796
f 6866//6866 6850//6850 6840//6840
f 6828//6828 6816//6816 6867//6867
f 6816//6816 6844//6844 6867//6867
f 6864//6864 6868//6868 6836//6836
f 6862//6862 6864//6864 6832//6832
f 6832//6832 6839//6839 6862//6862
f 6862//6862 6833//6833 6865//6865
f 6851//6851 6850//6850 6869//6869
f 6866//6866 6869//6869 6850//6850
f 6866//6866 6840//6840 6870//6870
f 6840//6840 6808//6808 6870//6870
f 6863//6863 6870//6870 6808//6808
f 6871//6871 6863//6863 6828//6828
f 6828//6828 6867//6867 6871//6871
f 6846//6846 6872//6872 6835//6835
f 6826//6826 6842//6842 6858//6858
f 6873//6873 6852//6852 6847//6847
f 6872//6872 6802//6802 6835//6835
f 6874//6874 6825//6825 6806//6806
f 6858//6858 6874//6874 6806//6806
f 6875//6875 6858//6858 6842//6842
f 6843//6843 6861//6861 6876//6876
f 6861//6861 6836//6836 6868//6868
f 6877//6877 6865//6865 6796//6796
f 6796//6796 6849//6849 6877//6877
f 6853//6853 6849//6849 6799//6799
f 6878//6878 6844//6844 6755//6755
f 6755//6755 6854//6854 6878//6878
f 6848//6848 6795//6795 6879//6879
f 6880//6880 6879//6879 6795//6795
f 6795//6795 6843//6843 6880//6880
f 6876//6876 6880//6880 6843//6843
f 6876//6876 6861//6861 6868//6868
f 6856//6856 6881//6881 6855//6855
f 6857//6857 6856//6856 6829//6829
f 6845//6845 6882//6882 6857//6857
f 6846//6846 6820//6820 6883//6883
f 6884//6884 6883//6883 6820//6820
f 6820//6820 6825//6825 6884//6884
f 6874//6874 6884//6884 6825//6825
f 6862//6862 6885//6885 6864//6864
f 6851//6851 6869//6869 6886//6886
f 6866//6866 6870//6870 6887//6887
f 6867//6867 6844//6844 6888//6888
f 6844//6844 6878//6878 6888//6888
f 6855//6855 6889//6889 6841//6841
f 6890//6890 6872//6872 6846//6846
f 6846//6846 6883//6883 6890//6890
f 6842//6842 6852//6852 6875//6875
f 6859//6859 6873//6873 6847//6847
f 6831//6831 6848//6848 6891//6891
f 6868//6868 6864//6864 6892//6892
f 6864//6864 6885//6885 6892//6892
f 6893//6893 6862//6862 6865//6865
f 6886//6886 6849//6849 6853//6853
f 6853//6853 6851//6851 6886//6886
f 6887//6887 6894//6894 6866//6866
f 6856//6856 6857//6857 6882//6882
f 6874//6874 6858//6858 6895//6895
f 6838//6838 6860//6860 6859//6859
f 6860//6860 6831//6831 6891//6891
f 6893//6893 6885//6885 6862//6862
f 6896//6896 6893//6893 6865//6865
f 6865//6865 6877//6877 6896//6896
f 6869//6869 6866//6866 6894//6894
f 6871//6871 6867//6867 6897//6897
f 6855//6855 6881//6881 6899//6899
f 6856//6856 6882//6882 6881//6881
f 6900//6900 6881//6881 6882//6882
f 6901//6901 6875//6875 6852//6852
f 6852//6852 6873//6873 6901//6901
f 6902//6902 6859//6859 6860//6860
f 6891//6891 6902//6902 6860//6860
f 6903//6903 6891//6891 6848//6848
f 6904//6904 6880//6880 6876//6876
f 6876//6876 6868//6868 6905//6905
f 6892//6892 6905//6905 6868//6868
f 6849//6849 6886//6886 6906//6906
f 6886//6886 6869//6869 6907//6907
f 6869//6869 6894//6894 6907//6907
f 6870//6870 6863//6863 6908//6908
f 6871//6871 6908//6908 6863//6863
f 6898//6898 6878//6878 6854//6854
f 6909//6909 6845//6845 6819//6819
f 6819//6819 6802//6802 6910//6910
f 6911//6911 6890//6890 6883//6883
f 6884//6884 6912//6912 6883//6883
f 6875//6875 6895//6895 6858//6858
f 6880//6880 6904//6904 6913//6913
f 6876//6876 6905//6905 6904//6904
f 6885//6885 6893//6893 6892//6892
f 6849//6849 6906//6906 6877//6877
f 6887//6887 6870//6870 6914//6914
f 6915//6915 6897//6897 6867//6867
f 6867//6867 6888//6888 6915//6915
f 6854//6854 6841//6841 6898//6898
f 6882//6882 6845//6845 6900//6900
f 6872//6872 6890//6890 6802//6802
f 6912//6912 6911//6911 6883//6883
f 6884//6884 6874//6874 6916//6916
f 6874//6874 6895//6895 6917//6917
f 6879//6879 6903//6903 6848//6848
f 6907//6907 6894//6894 6918//6918
f 6919//6919 6918//6918 6894//6894
f 6894//6894 6887//6887 6919//6919
f 6914//6914 6919//6919 6887//6887
f 6900//6900 6899//6899 6881//6881
f 6819//6819 6910//6910 6909//6909
f 6916//6916 6912//6912 6884//6884
f 6874//6874 6917//6917 6916//6916
f 6873//6873 6859//6859 6920//6920
f 6921//6921 6920//6920 6859//6859
f 6859//6859 6902//6902 6921//6921
f 6902//6902 6891//6891 6922//6922
f 6903//6903 6922//6922 6891//6891
f 6880//6880 6923//6923 6879//6879
f 6892//6892 6893//6893 6924//6924
f 6870//6870 6908//6908 6914//6914
f 6925//6925 6898//6898 6841//6841
f 6899//6899 6889//6889 6855//6855
f 6802//6802 6890//6890 6926//6926
f 6901//6901 6873//6873 6927//6927
f 6920//6920 6927//6927 6873//6873
f 6896//6896 6924//6924 6893//6893
f 6877//6877 6906//6906 6928//6928
f 6871//6871 6897//6897 6929//6929
f 6802//6802 6926//6926 6910//6910
f 6917//6917 6895//6895 6930//6930
f 6895//6895 6875//6875 6930//6930
f 6875//6875 6901//6901 6927//6927
f 6892//6892 6924//6924 6904//6904
f 6924//6924 6913//6913 6904//6904
f 6908//6908 6871//6871 6929//6929
f 6878//6878 6931//6931 6888//6888
f 6909//6909 6900//6900 6845//6845
f 6932//6932 6926//6926 6890//6890
f 6911//6911 6932//6932 6890//6890
f 6930//6930 6875//6875 6933//6933
f 6875//6875 6927//6927 6933//6933
f 6921//6921 6902//6902 6922//6922
f 6880//6880 6913//6913 6923//6923
f 6907//6907 6918//6918 6934//6934
f 6929//6929 6897//6897 6915//6915
f 6878//6878 6898//6898 6931//6931
f 6889//6889 6925//6925 6841//6841
f 6889//6889 6899//6899 6935//6935
f 6921//6921 6922//6922 6936//6936
f 6918//6918 6919//6919 6937//6937
f 6898//6898 6925//6925 6938//6938
f 6939//6939 6912//6912 6916//6916
f 6917//6917 6939//6939 6916//6916
f 6921//6921 6927//6927 6920//6920
f 6922//6922 6903//6903 6940//6940
f 6886//6886 6934//6934 6906//6906
f 6886//6886 6907//6907 6934//6934
f 6934//6934 6918//6918 6937//6937
f 6941//6941 6937//6937 6919//6919
f 6919//6919 6914//6914 6941//6941
f 6929//6929 6942//6942 6908//6908
f 6929//6929 6915//6915 6942//6942
f 6888//6888 6931//6931 6943//6943
f 6935//6935 6925//6925 6889//6889
f 6900//6900 6909//6909 6944//6944
f 6930//6930 6939//6939 6917//6917
f 6936//6936 6922//6922 6940//6940
f 6923//6923 6903//6903 6879//6879
f 6923//6923 6913//6913 6945//6945
f 6913//6913 6924//6924 6945//6945
f 6909//6909 6910//6910 6944//6944
f 6911//6911 6946//6946 6932//6932
f 6912//6912 6946//6946 6911//6911
f 6947//6947 6939//6939 6930//6930
f 6927//6927 6921//6921 6948//6948
f 6936//6936 6949//6949 6921//6921
f 6950//6950 6940//6940 6903//6903
f 6924//6924 6896//6896 6951//6951
f 6877//6877 6952//6952 6896//6896
f 6953//6953 6954//6954 6937//6937
f 6914//6914 6908//6908 6955//6955
f 6898//6898 6956//6956 6931//6931
f 6900//6900 6957//6957 6899//6899
f 6930//6930 6933//6933 6958//6958
f 6933//6933 6927//6927 6958//6958
f 6948//6948 6958//6958 6927//6927
f 6936//6936 6940//6940 6959//6959
f 6923//6923 6950//6950 6903//6903
f 6928//6928 6960//6960 6877//6877
f 6928//6928 6906//6906 6961//6961
f 6934//6934 6961//6961 6906//6906
f 6934//6934 6937//6937 6954//6954
f 6937//6937 6941//6941 6953//6953
f 6908//6908 6942//6942 6955//6955
f 6943//6943 6931//6931 6956//6956
f 6898//6898 6938//6938 6956//6956
f 6957//6957 6935//6935 6899//6899
f 6939//6939 6946//6946 6912//6912
f 6930//6930 6958//6958 6947//6947
f 6959//6959 6949//6949 6936//6936
f 6923//6923 6945//6945 6962//6962
f 6951//6951 6945//6945 6924//6924
f 6960//6960 6952//6952 6877//6877
f 6954//6954 6963//6963 6934//6934
f 6941//6941 6914//6914 6964//6964
f 6914//6914 6955//6955 6964//6964
f 6943//6943 6915//6915 6888//6888
f 6949//6949 6948//6948 6921//6921
f 6962//6962 6950//6950 6923//6923
f 6961//6961 6965//6965 6928//6928
f 6955//6955 6942//6942 6966//6966
f 6942//6942 6915//6915 6967//6967
f 6915//6915 6943//6943 6967//6967
f 6950//6950 6968//6968 6940//6940
f 6951//6951 6962//6962 6945//6945
f 6965//6965 6960//6960 6928//6928
f 6961//6961 6934//6934 6963//6963
f 6954//6954 6953//6953 6969//6969
f 6953//6953 6941//6941 6970//6970
f 6964//6964 6970//6970 6941//6941
f 6943//6943 6956//6956 6971//6971
f 6900//6900 6944//6944 6957//6957
f 6958//6958 6972//6972 6947//6947
f 6961//6961 6963//6963 6973//6973
f 6969//6969 6963//6963 6954//6954
f 6970//6970 6969//6969 6953//6953
f 6955//6955 6966//6966 6964//6964
f 6967//6967 6966//6966 6942//6942
f 6926//6926 6932//6932 6974//6974
f 6946//6946 6975//6975 6932//6932
f 6939//6939 6947//6947 6976//6976
f 6972//6972 6976//6976 6947//6947
f 6977//6977 6972//6972 6958//6958
f 6958//6958 6948//6948 6978//6978
f 6949//6949 6978//6978 6948//6948
f 6965//6965 6961//6961 6973//6973
f 6973//6973 6963//6963 6979//6979
f 6966//6966 6967//6967 6980//6980
f 6975//6975 6974//6974 6932//6932
f 6976//6976 6946//6946 6939//6939
f 6981//6981 6949//6949 6959//6959
f 6968//6968 6959//6959 6940//6940
f 6896//6896 6982//6982 6951//6951
f 6967//6967 6943//6943 6971//6971
f 6938//6938 6925//6925 6983//6983
f 6957//6957 6944//6944 6984//6984
f 6985//6985 6984//6984 6944//6944
f 6978//6978 6977//6977 6958//6958
f 6986//6986 6962//6962 6951//6951
f 6952//6952 6982//6982 6896//6896
f 6987//6987 6979//6979 6963//6963
f 6969//6969 6987//6987 6963//6963
f 6988//6988 6964//6964 6966//6966
f 6980//6980 6988//6988 6966//6966
f 6971//6971 6980//6980 6967//6967
f 6956//6956 6989//6989 6971//6971
f 6925//6925 6935//6935 6990//6990
f 6944//6944 6910//6910 6985//6985
f 6926//6926 6985//6985 6910//6910
f 6956//6956 6938//6938 6991//6991
f 6957//6957 6990//6990 6935//6935
f 6946//6946 6976//6976 6992//6992
f 6959//6959 6968//6968 6981//6981
f 6993//6993 6987//6987 6969//6969
f 6964//6964 6988//6988 6994//6994
f 6991//6991 6989//6989 6956//6956
f 6925//6925 6990//6990 6983//6983
f 6926//6926 6974//6974 6995//6995
f 6949//6949 6981//6981 6996//6996
f 6950//6950 6962//6962 6997//6997
f 6965//6965 6973//6973 6998//6998
f 6979//6979 6987//6987 6999//6999
f 7000//7000 6993//6993 6969//6969
f 6969//6969 6970//6970 7000//7000
f 6970//6970 6964//6964 7000//7000
f 7001//7001 6988//6988 6980//6980
f 6980//6980 6971//6971 7001//7001
f 6985//6985 6926//6926 6995//6995
f 6965//6965 7002//7002 6960//6960
f 7002//7002 6965//6965 6998//6998
f 6994//6994 6988//6988 7003//7003
f 6995//6995 6974//6974 7004//7004
f 7005//7005 7004//7004 6974//6974
f 6975//6975 7005//7005 6974//6974
f 6975//6975 6946//6946 6992//6992
f 7006//7006 6992//6992 6976//6976
f 6976//6976 6972//6972 7006//7006
f 6977//6977 6978//6978 7007//7007
f 6978//6978 6949//6949 6996//6996
f 6986//6986 6951//6951 7008//7008
f 6951//6951 6982//6982 7009//7009
f 7010//7010 6999//6999 6987//6987
f 7010//7010 6987//6987 6993//6993
f 6993//6993 7000//7000 7011//7011
f 7001//7001 7003//7003 6988//6988
f 7012//7012 6991//6991 6938//6938
f 6938//6938 6983//6983 7012//7012
f 6957//6957 6984//6984 7013//7013
f 6972//6972 6977//6977 7006//7006
f 7007//7007 7006//7006 6977//6977
f 6978//6978 6996//6996 7014//7014
f 6997//6997 6968//6968 6950//6950
f 6962//6962 6986//6986 7015//7015
f 7009//7009 7008//7008 6951//6951
f 6982//6982 6952//6952 7016//7016
f 6952//6952 6960//6960 7016//7016
f 7002//7002 7016//7016 6960//6960
f 6998//6998 6973//6973 7017//7017
f 7011//7011 7000//7000 7018//7018
f 7000//7000 6964//6964 7018//7018
f 7019//7019 6990//6990 6957//6957
f 6957//6957 7013//7013 7019//7019
f 7014//7014 7007//7007 6978//6978
f 7015//7015 6997//6997 6962//6962
f 6986//6986 7008//7008 7015//7015
f 7020//7020 7018//7018 6964//6964
f 6964//6964 6994//6994 7020//7020
f 7021//7021 7005//7005 6975//6975
f 6992//6992 7021//7021 6975//6975
f 6993//6993 7011//7011 7022//7022
f 7011//7011 7018//7018 7022//7022
f 6971//6971 7003//7003 7001//7001
f 6989//6989 7023//7023 6971//6971
f 6991//6991 7023//7023 6989//6989
f 7014//7014 6996//6996 7024//7024
f 6996//6996 6981//6981 7024//7024
f 6997//6997 7025//7025 6968//6968
f 7009//7009 6982//6982 7016//7016
f 7026//7026 7010//7010 6993//6993
f 6993//6993 7022//7022 7026//7026
f 6985//6985 6995//6995 7004//7004
f 6981//6981 6968//6968 7025//7025
f 7017//7017 7028//7028 6998//6998
f 7029//7029 7003//7003 6971//6971
f 7030//7030 7012//7012 6983//6983
f 6983//6983 6990//6990 7030//7030
f 6984//6984 6985//6985 7031//7031
f 7004//7004 7031//7031 6985//6985
f 6992//6992 7006//7006 7032//7032
f 7033//7033 7024//7024 6981//6981
f 7015//7015 7034//7034 6997//6997
f 6981//6981 7025//7025 7033//7033
f 7017//7017 7010//7010 7035//7035
f 7018//7018 7020//7020 7036//7036
f 6998//6998 7037//7037 7002//7002
f 7036//7036 7022//7022 7018//7018
f 7020//7020 7027//7027 7038//7038
f 6994//6994 7003//7003 7027//7027
f 7023//7023 7029//7029 6971//6971
f 7031//7031 7013//7013 6984//6984
f 7005//7005 7021//7021 7039//7039
f 7040//7040 7021//7021 6992//6992
f 6992//6992 7032//7032 7040//7040
f 7014//7014 7041//7041 7007//7007
f 7034//7034 7025//7025 6997//6997
f 7028//7028 7037//7037 6998//6998
f 7042//7042 7026//7026 7022//7022
f 7030//7030 6991//6991 7012//7012
f 7040//7040 7039//7039 7021//7021
f 7015//7015 7008//7008 7043//7043
f 7009//7009 7043//7043 7008//7008
f 7016//7016 7002//7002 7037//7037
f 7035//7035 7010//7010 7045//7045
f 7010//7010 7026//7026 7045//7045
f 7036//7036 7042//7042 7022//7022
f 7036//7036 7020//7020 7038//7038
f 6990//6990 7019//7019 7030//7030
f 7006//7006 7007//7007 7046//7046
f 7007//7007 7041//7041 7046//7046
f 7041//7041 7014//7014 7047//7047
f 7048//7048 7033//7033 7025//7025
f 7003//7003 7029//7029 7049//7049
f 7050//7050 7030//7030 7019//7019
f 7019//7019 7013//7013 7050//7050
f 7031//7031 7004//7004 7051//7051
f 7032//7032 7006//7006 7052//7052
f 7034//7034 7048//7048 7025//7025
f 7034//7034 7015//7015 7053//7053
f 7026//7026 7042//7042 7045//7045
f 7042//7042 7036//7036 7054//7054
f 7036//7036 7038//7038 7054//7054
f 7055//7055 7003//7003 7049//7049
f 7052//7052 7040//7040 7032//7032
f 7046//7046 7052//7052 7006//7006
f 7047//7047 7014//7014 7024//7024
f 7016//7016 7056//7056 7009//7009
f 7057//7057 7037//7037 7028//7028
f 7035//7035 7057//7057 7028//7028
f 7038//7038 7027//7027 7058//7058
f 7016//7016 7037//7037 7044//7044
f 7045//7045 7059//7059 7035//7035
f 7058//7058 7054//7054 7038//7038
f 7023//7023 7060//7060 7029//7029
f 7061//7061 6991//6991 7030//7030
f 7005//7005 7051//7051 7004//7004
f 7052//7052 7046//7046 7062//7062
f 7063//7063 7062//7062 7046//7046
f 7041//7041 7063//7063 7046//7046
f 7033//7033 7048//7048 7064//7064
f 7043//7043 7053//7053 7015//7015
f 7056//7056 7043//7043 7009//7009
f 7044//7044 7056//7056 7016//7016
f 7044//7044 7037//7037 7065//7065
f 7059//7059 7057//7057 7035//7035
f 7054//7054 7045//7045 7042//7042
f 7027//7027 7055//7055 7058//7058
f 7049//7049 7029//7029 7060//7060
f 7066//7066 7051//7051 7005//7005
f 7039//7039 7066//7066 7005//7005
f 7024//7024 7033//7033 7067//7067
f 7068//7068 7048//7048 7034//7034
f 7034//7034 7053//7053 7068//7068
f 7067//7067 7069//7069 7047//7047
f 7047//7047 7024//7024 7067//7067
f 7037//7037 7057//7057 7065//7065
f 7058//7058 7055//7055 7070//7070
f 7049//7049 7070//7070 7055//7055
f 7071//7071 7072//7072 7052//7052
f 7073//7073 7041//7041 7047//7047
f 7064//7064 7067//7067 7033//7033
f 7023//7023 6991//6991 7074//7074
f 7061//7061 7074//7074 6991//6991
f 7030//7030 7050//7050 7061//7061
f 7013//7013 7031//7031 7075//7075
f 7076//7076 7075//7075 7031//7031
f 7051//7051 7076//7076 7031//7031
f 7040//7040 7052//7052 7072//7072
f 7077//7077 7078//7078 7073//7073
f 7073//7073 7047//7047 7079//7079
f 7064//7064 7048//7048 7080//7080
f 7068//7068 7080//7080 7048//7048
f 7053//7053 7043//7043 7081//7081
f 7065//7065 7082//7082 7044//7044
f 7065//7065 7057//7057 7083//7083
f 7045//7045 7054//7054 7084//7084
f 7085//7085 7054//7054 7058//7058
f 7086//7086 7085//7085 7058//7058
f 7058//7058 7070//7070 7086//7086
f 7075//7075 7050//7050 7013//7013
f 7077//7077 7073//7073 7079//7079
f 7087//7087 7068//7068 7053//7053
f 7043//7043 7056//7056 7088//7088
f 7083//7083 7057//7057 7059//7059
f 7060//7060 7089//7089 7049//7049
f 7060//7060 7023//7023 7090//7090
f 7074//7074 7090//7090 7023//7023
f 7074//7074 7061//7061 7091//7091
f 7092//7092 7093//7093 7066//7066
f 7066//7066 7039//7039 7092//7092
f 7040//7040 7092//7092 7039//7039
f 7047//7047 7094//7094 7079//7079
f 7080//7080 7067//7067 7064//7064
f 7088//7088 7081//7081 7043//7043
f 7056//7056 7044//7044 7095//7095
f 7082//7082 7095//7095 7044//7044
f 7084//7084 7059//7059 7045//7045
f 7096//7096 7086//7086 7070//7070
f 7089//7089 7070//7070 7049//7049
f 7090//7090 7089//7089 7060//7060
f 7061//7061 7050//7050 7091//7091
f 7093//7093 7051//7051 7066//7066
f 7040//7040 7072//7072 7092//7092
f 7072//7072 7097//7097 7098//7098
f 7100//7100 7099//7099 7097//7097
f 7078//7078 7100//7100 7097//7097
f 7047//7047 7069//7069 7101//7101
f 7081//7081 7087//7087 7053//7053
f 7095//7095 7088//7088 7056//7056
f 7059//7059 7102//7102 7083//7083
f 7103//7103 7085//7085 7086//7086
f 7096//7096 7103//7103 7086//7086
f 7089//7089 7096//7096 7070//7070
f 7075//7075 7104//7104 7050//7050
f 7105//7105 7092//7092 7072//7072
f 7098//7098 7097//7097 7099//7099
f 7077//7077 7100//7100 7078//7078
f 7077//7077 7079//7079 7106//7106
f 7107//7107 7101//7101 7069//7069
f 7068//7068 7087//7087 7108//7108
f 7084//7084 7102//7102 7059//7059
f 7084//7084 7054//7054 7109//7109
f 7091//7091 7050//7050 7104//7104
f 7076//7076 7051//7051 7110//7110
f 7092//7092 7105//7105 7111//7111
f 7069//7069 7067//7067 7107//7107
f 7067//7067 7080//7080 7107//7107
f 7080//7080 7068//7068 7112//7112
f 7082//7082 7065//7065 7083//7083
f 7054//7054 7085//7085 7109//7109
f 7096//7096 7089//7089 7113//7113
f 7074//7074 7091//7091 7114//7114
f 7093//7093 7110//7110 7051//7051
f 7098//7098 7099//7099 7115//7115
f 7116//7116 7115//7115 7099//7099
f 7100//7100 7077//7077 7117//7117
f 7106//7106 7117//7117 7077//7077
f 7118//7118 7119//7119 7101//7101
f 7107//7107 7118//7118 7101//7101
f 7087//7087 7081//7081 7120//7120
f 7095//7095 7082//7082 7121//7121
f 7083//7083 7121//7121 7082//7082
f 7122//7122 7113//7113 7089//7089
f 7089//7089 7090//7090 7122//7122
f 7090//7090 7074//7074 7114//7114
f 7075//7075 7076//7076 7110//7110
f 7099//7099 7100//7100 7116//7116
f 7068//7068 7108//7108 7112//7112
f 7120//7120 7108//7108 7087//7087
f 7081//7081 7088//7088 7123//7123
f 7124//7124 7102//7102 7084//7084
f 7109//7109 7124//7124 7084//7084
f 7125//7125 7114//7114 7091//7091
f 7104//7104 7125//7125 7091//7091
f 7110//7110 7093//7093 7126//7126
f 7093//7093 7092//7092 7127//7127
f 7111//7111 7127//7127 7092//7092
f 7117//7117 7116//7116 7100//7100
f 7112//7112 7107//7107 7080//7080
f 7085//7085 7103//7103 7128//7128
f 7129//7129 7103//7103 7113//7113
f 7122//7122 7129//7129 7113//7113
f 7110//7110 7104//7104 7075//7075
f 7127//7127 7126//7126 7093//7093
f 7115//7115 7130//7130 7098//7098
f 7115//7115 7116//7116 7131//7131
f 7112//7112 7108//7108 7132//7132
f 7120//7120 7132//7132 7108//7108
f 7123//7123 7120//7120 7081//7081
f 7095//7095 7121//7121 7133//7133
f 7121//7121 7083//7083 7134//7134
f 7102//7102 7134//7134 7083//7083
f 7102//7102 7124//7124 7134//7134
f 7122//7122 7090//7090 7135//7135
f 7110//7110 7126//7126 7136//7136
f 7116//7116 7117//7117 7131//7131
f 7106//7106 7094//7094 7137//7137
f 7119//7119 7137//7137 7094//7094
f 7107//7107 7112//7112 7132//7132
f 7088//7088 7095//7095 7133//7133
f 7138//7138 7124//7124 7109//7109
f 7128//7128 7109//7109 7085//7085
f 7129//7129 7128//7128 7103//7103
f 7129//7129 7122//7122 7135//7135
f 7090//7090 7114//7114 7135//7135
f 7125//7125 7139//7139 7114//7114
f 7104//7104 7110//7110 7136//7136
f 7140//7140 7107//7107 7141//7141
f 7107//7107 7132//7132 7141//7141
f 7123//7123 7142//7142 7120//7120
f 7139//7139 7135//7135 7114//7114
f 7136//7136 7125//7125 7104//7104
f 7130//7130 7115//7115 7143//7143
f 7131//7131 7143//7143 7115//7115
f 7117//7117 7106//7106 7137//7137
f 7119//7119 7118//7118 7144//7144
f 7140//7140 7144//7144 7118//7118
f 7140//7140 7141//7141 7145//7145
f 7121//7121 7134//7134 7146//7146
f 7128//7128 7138//7138 7109//7109
f 7144//7144 7140//7140 7145//7145
f 7141//7141 7132//7132 7147//7147
f 7142//7142 7132//7132 7120//7120
f 7088//7088 7133//7133 7123//7123
f 7134//7134 7124//7124 7148//7148
f 7138//7138 7148//7148 7124//7124
f 7149//7149 7138//7138 7128//7128
f 7145//7145 7141//7141 7150//7150
f 7133//7133 7121//7121 7146//7146
f 7128//7128 7129//7129 7149//7149
f 7151//7151 7152//7152 7153//7153
f 7143//7143 7131//7131 7154//7154
f 7131//7131 7117//7117 7155//7155
f 7117//7117 7137//7137 7155//7155
f 7154//7154 7156//7156 7143//7143
f 7137//7137 7119//7119 7157//7157
f 7146//7146 7158//7158 7133//7133
f 7148//7148 7159//7159 7134//7134
f 7149//7149 7129//7129 7160//7160
f 7135//7135 7160//7160 7129//7129
f 7139//7139 7161//7161 7135//7135
f 7139//7139 7125//7125 7162//7162
f 7163//7163 7125//7125 7136//7136
f 7144//7144 7157//7157 7119//7119
f 7150//7150 7144//7144 7145//7145
f 7142//7142 7123//7123 7164//7164
f 7123//7123 7133//7133 7158//7158
f 7146//7146 7134//7134 7159//7159
f 7135//7135 7161//7161 7160//7160
f 7165//7165 7161//7161 7139//7139
f 7162//7162 7165//7165 7139//7139
f 7163//7163 7162//7162 7125//7125
f 7166//7166 7150//7150 7141//7141
f 7141//7141 7147//7147 7166//7166
f 7147//7147 7132//7132 7167//7167
f 7142//7142 7164//7164 7167//7167
f 7158//7158 7164//7164 7123//7123
f 7148//7148 7138//7138 7149//7149
f 7136//7136 7168//7168 7169//7169
f 7170//7170 7168//7168 7151//7151
f 7151//7151 7153//7153 7170//7170
f 7156//7156 7170//7170 7153//7153
f 7157//7157 7155//7155 7137//7137
f 7132//7132 7142//7142 7167//7167
f 7146//7146 7171//7171 7158//7158
f 7146//7146 7159//7159 7171//7171
f 7161//7161 7165//7165 7172//7172
f 7144//7144 7150//7150 7173//7173
f 7150//7150 7166//7166 7173//7173
f 7174//7174 7166//7166 7147//7147
f 7147//7147 7167//7167 7174//7174
f 7164//7164 7158//7158 7175//7175
f 7161//7161 7172//7172 7160//7160
f 7165//7165 7162//7162 7176//7176
f 7163//7163 7136//7136 7169//7169
f 7170//7170 7156//7156 7177//7177
f 7157//7157 7144//7144 7178//7178
f 7179//7179 7175//7175 7158//7158
f 7180//7180 7179//7179 7158//7158
f 7158//7158 7171//7171 7180//7180
f 7148//7148 7181//7181 7159//7159
f 7182//7182 7162//7162 7163//7163
f 7169//7169 7168//7168 7183//7183
f 7170//7170 7183//7183 7168//7168
f 7177//7177 7184//7184 7170//7170
f 7131//7131 7155//7155 7154//7154
f 7173//7173 7178//7178 7144//7144
f 7164//7164 7175//7175 7185//7185
f 7171//7171 7159//7159 7181//7181
f 7149//7149 7160//7160 7186//7186
f 7172//7172 7186//7186 7160//7160
f 7187//7187 7172//7172 7165//7165
f 7176//7176 7187//7187 7165//7165
f 7176//7176 7162//7162 7182//7182
f 7163//7163 7169//7169 7182//7182
f 7188//7188 7182//7182 7169//7169
f 7183//7183 7188//7188 7169//7169
f 7183//7183 7170//7170 7184//7184
f 7156//7156 7154//7154 7189//7189
f 7155//7155 7189//7189 7154//7154
f 7155//7155 7157//7157 7190//7190
f 7189//7189 7184//7184 7177//7177
f 7177//7177 7156//7156 7189//7189
f 7186//7186 7181//7181 7148//7148
f 7148//7148 7149//7149 7186//7186
f 7178//7178 7190//7190 7157//7157
f 7167//7167 7164//7164 7191//7191
f 7164//7164 7185//7185 7191//7191
f 7192//7192 7176//7176 7182//7182
f 7173//7173 7193//7193 7194//7194
f 7181//7181 7195//7195 7180//7180
f 7182//7182 7188//7188 7196//7196
f 7183//7183 7184//7184 7197//7197
f 7189//7189 7155//7155 7198//7198
f 7190//7190 7198//7198 7155//7155
f 7178//7178 7173//7173 7190//7190
f 7194//7194 7190//7190 7173//7173
f 7181//7181 7186//7186 7195//7195
f 7182//7182 7196//7196 7192//7192
f 7189//7189 7199//7199 7184//7184
f 7200//7200 7194//7194 7193//7193
f 7185//7185 7201//7201 7191//7191
f 7195//7195 7202//7202 7180//7180
f 7172//7172 7187//7187 7203//7203
f 7187//7187 7176//7176 7203//7203
f 7199//7199 7197//7197 7184//7184
f 7199//7199 7189//7189 7204//7204
f 7205//7205 7206//7206 7200//7200
f 7194//7194 7200//7200 7207//7207
f 7206//7206 7207//7207 7200//7200
f 7205//7205 7208//7208 7206//7206
f 7209//7209 7206//7206 7208//7208
f 7208//7208 7191//7191 7209//7209
f 7191//7191 7201//7201 7209//7209
f 7186//7186 7203//7203 7210//7210
f 7211//7211 7203//7203 7176//7176
f 7192//7192 7211//7211 7176//7176
f 7212//7212 7198//7198 7190//7190
f 7185//7185 7175//7175 7201//7201
f 7210//7210 7195//7195 7186//7186
f 7196//7196 7197//7197 7199//7199
f 7189//7189 7198//7198 7212//7212
f 7190//7190 7194//7194 7212//7212
f 7195//7195 7213//7213 7202//7202
f 7196//7196 7214//7214 7192//7192
f 7207//7207 7212//7212 7194//7194
f 7201//7201 7202//7202 7213//7213
f 7212//7212 7204//7204 7189//7189
f 7213//7213 7195//7195 7215//7215
f 7214//7214 7196//7196 7216//7216
f 7217//7217 7218//7218 7199//7199
f 7199//7199 7204//7204 7217//7217
f 7219//7219 7207//7207 7206//7206
f 7220//7220 7209//7209 7201//7201
f 7215//7215 7220//7220 7213//7213
f 7195//7195 7210//7210 7215//7215
f 7218//7218 7216//7216 7196//7196
f 7211//7211 7192//7192 7221//7221
f 7222//7222 7221//7221 7192//7192
f 7214//7214 7222//7222 7192//7192
f 7219//7219 7218//7218 7217//7217
f 7204//7204 7219//7219 7217//7217
f 7223//7223 7204//7204 7212//7212
f 7206//7206 7209//7209 7224//7224
f 7215//7215 7210//7210 7225//7225
f 7210//7210 7226//7226 7225//7225
f 7218//7218 7224//7224 7216//7216
f 7223//7223 7219//7219 7204//7204
f 7224//7224 7218//7218 7219//7219
f 7209//7209 7220//7220 7224//7224
f 7224//7224 7220//7220 7222//7222
f 7221//7221 7222//7222 7220//7220
f 7220//7220 7225//7225 7221//7221
f 6447//6447 6474//6474 6431//6431
f 574//574 555//555 556//556
f 883//883 872//872 843//843
f 752//752 706//706 679//679
f 7103//7103 7096//7096 7113//7113
f 4873//4873 4927//4927 4858//4858
f 4242//4242 4271//4271 4190//4190
f 1341//1341 1455//1455 1440//1440
f 5821//5821 5988//5988 5870//5870
f 649//649 650//650 711//711
f 6775//6775 6800//6800 6814//6814
f 2659//2659 2704//2704 2689//2689
f 3570//3570 3666//3666 3639//3639
f 5183//5183 5237//5237 5002//5002
f 3752//3752 3660//3660 3764//3764
f 6229//6229 6255//6255 6283//6283
f 5125//5125 5142//5142 5199//5199
f 981//981 920//920 935//935
f 3585//3585 3583//3583 3662//3662
f 6501//6501 6517//6517 6495//6495
f 4052//4052 4061//4061 4010//4010
f 2689//2689 2653//2653 2659//2659
f 3162//3162 3054//3054 3108//3108
f 1260//1260 1304//1304 1205//1205
f 2438//2438 2436//2436 2437//2437
f 5739//5739 5830//5830 5678//5678
f 2552//2552 2533//2533 2488//2488
f 7196//7196 7199//7199 7218//7218
f 7215//7215 7225//7225 7220//7220
f 1157//1157 1191//1191 1036//1036
f 5428//5428 5519//5519 5360//5360
f 4587//4587 4675//4675 4795//4795
f 556//556 588//588 575//575
f 212//212 245//245 258//258
f 5423//5423 5496//5496 5516//5516
f 585//585 573//573 671//671
f 4309//4309 4310//4310 4329//4329
f 4074//4074 4132//4132 4225//4225
f 7188//7188 7183//7183 7197//7197
f 7172//7172 7203//7203 7186//7186
f 4780//4780 4768//4768 4616//4616
f 4140//4140 4076//4076 4128//4128
f 5008//5008 4927//4927 4873//4873
f 4616//4616 4588//4588 4425//4425
f 7201//7201 7175//7175 7202//7202
f 3043//3043 3014//3014 3007//3007
f 5370//5370 5343//5343 5369//5369
f 309//309 340//340 271//271
f 5633//5633 5601//5601 5706//5706
f 5706//5706 5601//5601 5663//5663
f 6401//6401 6378//6378 6407//6407
f 6401//6401 6364//6364 6378//6378
f 6625//6625 6657//6657 6629//6629
f 6625//6625 6626//6626 6657//6657
f 5564//5564 5604//5604 5627//5627
f 6330//6330 6370//6370 6329//6329
f 1910//1910 1926//1926 1989//1989
f 4994//4994 5115//5115 4948//4948
f 2800//2800 2835//2835 2843//2843
f 6716//6716 6721//6721 6711//6711
f 4827//4827 4699//4699 4845//4845
f 966//966 999//999 926//926
f 402//402 473//473 414//414
f 492//492 414//414 473//473
f 7027//7027 7020//7020 6994//6994
f 4374//4374 4488//4488 4362//4362
f 4362//4362 4488//4488 4397//4397
f 1016//1016 948//948 973//973
f 994//994 951//951 1002//1002
f 977//977 1002//1002 951//951
f 705//705 704//704 666//666
f 666//666 704//704 665//665
f 3370//3370 3506//3506 3446//3446
f 3559//3559 3446//3446 3506//3506
f 4569//4569 4669//4669 4596//4596
f 5590//5590 5714//5714 5721//5721
f 3239//3239 3266//3266 3238//3238
f 2881//2881 2925//2925 2987//2987
f 6739//6739 6776//6776 6754//6754
f 2843//2843 2759//2759 2800//2800
f 1186//1186 1118//1118 1108//1108
f 1157//1157 1260//1260 1191//1191
f 3585//3585 3683//3683 3660//3660
f 3542//3542 3402//3402 3403//3403
f 3491//3491 3402//3402 3542//3542
f 404//404 427//427 446//446
f 2726//2726 2804//2804 2757//2757
f 4041//4041 3939//3939 4012//4012
f 7173//7173 7166//7166 7193//7193
f 7166//7166 7174//7174 7193//7193
f 7027//7027 7003//7003 7055//7055
f 5388//5388 5428//5428 5360//5360
f 5076//5076 5388//5388 5360//5360
f 7201//7201 7213//7213 7220//7220
f 823//823 771//771 896//896
f 896//896 771//771 787//787
f 3418//3418 3420//3420 3454//3454
f 3515//3515 3539//3539 3442//3442
f 3772//3772 3639//3639 3666//3666
f 718//718 796//796 660//660
f 796//796 795//795 660//660
f 660//660 795//795 680//680
f 3802//3802 3746//3746 3694//3694
f 3802//3802 3728//3728 3746//3746
f 3746//3746 3693//3693 3694//3694
f 5093//5093 5239//5239 5091//5091
f 3659//3659 3539//3539 3629//3629
f 1841//1841 1951//1951 1847//1847
f 4339//4339 4296//4296 4376//4376
f 4376//4376 4296//4296 4316//4316
f 956//956 964//964 940//940
f 6401//6401 6407//6407 6432//6432
f 658//658 659//659 664//664
f 895//895 823//823 896//896
f 4139//4139 4267//4267 4145//4145
f 4145//4145 4267//4267 4217//4217
f 3815//3815 3752//3752 3816//3816
f 3780//3780 3826//3826 3816//3816
f 2509//2509 2622//2622 2518//2518
f 2509//2509 2634//2634 2622//2622
f 1351//1351 1408//1408 1501//1501
f 5558//5558 5577//5577 5679//5679
f 5577//5577 5609//5609 5679//5679
f 3009//3009 3059//3059 3099//3099
f 3009//3009 3016//3016 3059//3059
f 223//223 257//257 202//202
f 243//243 202//202 257//257
f 2026//2026 2103//2103 2147//2147
f 2108//2108 2078//2078 2079//2079
f 4297//4297 4112//4112 4221//4221
f 667//667 718//718 647//647
f 7028//7028 7017//7017 7035//7035
f 5272//5272 5251//5251 5207//5207
f 5207//5207 5251//5251 5138//5138
f 7107//7107 7140//7140 7118//7118
f 6598//6598 6611//6611 6589//6589
f 6617//6617 6611//6611 6598//6598
f 5679//5679 5669//5669 5766//5766
f 5001//5001 5082//5082 4929//4929
f 3951//3951 4016//4016 3903//3903
f 6724//6724 6743//6743 6713//6713
f 6743//6743 6702//6702 6713//6713
f 6743//6743 6742//6742 6731//6731
f 6743//6743 6731//6731 6702//6702
f 6398//6398 6315//6315 6353//6353
f 6398//6398 6347//6347 6315//6315
f 6353//6353 6315//6315 6326//6326
f 5891//5891 5816//5816 5892//5892
f 5892//5892 5816//5816 5837//5837
f 492//492 473//473 548//548
f 548//548 473//473 580//580
f 2881//2881 2843//2843 2835//2835
f 385//385 396//396 337//337
f 6691//6691 6711//6711 6690//6690
f 6711//6711 6691//6691 6716//6716
f 3994//3994 4082//4082 3986//3986
f 3986//3986 4082//4082 4058//4058
f 1049//1049 999//999 1036//1036
f 3339//3339 3202//3202 3210//3210
f 3293//3293 3202//3202 3339//3339
f 4893//4893 4878//4878 5099//5099
f 4878//4878 4963//4963 5099//5099
f 6839//6839 6760//6760 6833//6833
f 6738//6738 6833//6833 6760//6760
f 3085//3085 3129//3129 3125//3125
f 3125//3125 3129//3129 3154//3154
f 5762//5762 5661//5661 5817//5817
f 3125//3125 3039//3039 3085//3085
f 3085//3085 3039//3039 3050//3050
f 2032//2032 2027//2027 2080//2080
f 2080//2080 2078//2078 2032//2032
f 1896//1896 1964//1964 1835//1835
f 1896//1896 1975//1975 1964//1964
f 3183//3183 3154//3154 3129//3129
f 3154//3154 3183//3183 3209//3209
f 3766//3766 3682//3682 3720//3720
f 3662//3662 3720//3720 3682//3682
f 4768//4768 4759//4759 4948//4948
f 6892//6892 6904//6904 6905//6905
f 4270//4270 4236//4236 4237//4237
f 802//802 770//770 730//730
f 720//720 770//770 744//744
f 730//730 770//770 720//720
f 1459//1459 1405//1405 1365//1365
f 1405//1405 1459//1459 1444//1444
f 4281//4281 4215//4215 4254//4254
f 4231//4231 4215//4215 4281//4281
f 4231//4231 4281//4281 4253//4253
f 3122//3122 3143//3143 3198//3198
f 3198//3198 3143//3143 3152//3152
f 3198//3198 3215//3215 3197//3197
f 3215//3215 3198//3198 3152//3152
f 7119//7119 7094//7094 7101//7101
f 7101//7101 7094//7094 7047//7047
f 6434//6434 6480//6480 6440//6440
f 6440//6440 6480//6480 6448//6448
f 3781//3781 3780//3780 3765//3765
f 2272//2272 2313//2313 2291//2291
f 2358//2358 2313//2313 2272//2272
f 3192//3192 3292//3292 3275//3275
f 3283//3283 3303//3303 3316//3316
f 3283//3283 3316//3316 3292//3292
f 3077//3077 3108//3108 3053//3053
f 3053//3053 3108//3108 3054//3054
f 858//858 897//897 839//839
f 858//858 859//859 897//897
f 5503//5503 5270//5270 5271//5271
f 5434//5434 5503//5503 5271//5271
f 523//523 578//578 522//522
f 2759//2759 2646//2646 2667//2667
f 673//673 739//739 671//671
f 763//763 724//724 672//672
f 671//671 739//739 763//763
f 763//763 672//672 671//671
f 5739//5739 5729//5729 5535//5535
f 5535//5535 5729//5729 5566//5566
f 3924//3924 3922//3922 3887//3887
f 4012//4012 3939//3939 3922//3922
f 6437//6437 6451//6451 6460//6460
f 6384//6384 6460//6460 6472//6472
f 6472//6472 6460//6460 6479//6479
f 767//767 812//812 836//836
f 767//767 753//753 812//812
f 837//837 812//812 801//801
f 5593//5593 5508//5508 5601//5601
f 5508//5508 5399//5399 5601//5601
f 5509//5509 5601//5601 5399//5399
f 5086//5086 5318//5318 5186//5186
f 5086//5086 5053//5053 5318//5318
f 5318//5318 5053//5053 5187//5187
f 7010//7010 7017//7017 6999//6999
f 7017//7017 6973//6973 6999//6999
f 6973//6973 6979//6979 6999//6999
f 4203//4203 4214//4214 4238//4238
f 4184//4184 4214//4214 4174//4174
f 4203//4203 4174//4174 4214//4214
f 6656//6656 6684//6684 6655//6655
f 6656//6656 6671//6671 6709//6709
f 6732//6732 6728//6728 6709//6709
f 6656//6656 6709//6709 6684//6684
f 6728//6728 6684//6684 6709//6709
f 2667//2667 2646//2646 2533//2533
f 2667//2667 2533//2533 2552//2552
f 3796//3796 3877//3877 3861//3861
f 3877//3877 3951//3951 3861//3861
f 5737//5737 5653//5653 5728//5728
f 5653//5653 5629//5629 5728//5728
f 5400//5400 5318//5318 5371//5371
f 5371//5371 5318//5318 5187//5187
f 529//529 510//510 498//498
f 510//510 529//529 528//528
f 545//545 528//528 529//529
f 555//555 545//545 529//529
f 7202//7202 7175//7175 7179//7179
f 7180//7180 7171//7171 7181//7181
f 7179//7179 7180//7180 7202//7202
f 5388//5388 5224//5224 5248//5248
f 5224//5224 5388//5388 5076//5076
f 7191//7191 7208//7208 7167//7167
f 7174//7174 7205//7205 7200//7200
f 7174//7174 7200//7200 7193//7193
f 7205//7205 7167//7167 7208//7208
f 7174//7174 7167//7167 7205//7205
f 3650//3650 3534//3534 3622//3622
f 3534//3534 3559//3559 3622//3622
f 6554//6554 6587//6587 6589//6589
f 6599//6599 6598//6598 6600//6600
f 6587//6587 6598//6598 6589//6589
f 6587//6587 6600//6600 6598//6598
f 6590//6590 6603//6603 6587//6587
f 574//574 7227//7227 545//545
f 587//587 7227//7227 574//574
f 606//606 586//586 587//587
f 587//587 554//554 7227//7227
f 545//545 7227//7227 554//554
f 554//554 587//587 586//586
f 6774//6774 6748//6748 6797//6797
f 6753//6753 6791//6791 6752//6752
f 6791//6791 6797//6797 6752//6752
f 6813//6813 6797//6797 6791//6791
f 6797//6797 6813//6813 6834//6834
f 6748//6748 6732//6732 6752//6752
f 6748//6748 6752//6752 6797//6797
f 863//863 898//898 840//840
f 863//863 899//899 911//911
f 871//871 899//899 863//863
f 911//911 898//898 863//863
f 1541//1541 1500//1500 1407//1407
f 1494//1494 1380//1380 1500//1500
f 1427//1427 1500//1500 1380//1380
f 7041//7041 7073//7073 7063//7063
f 7072//7072 7071//7071 7097//7097
f 7063//7063 7073//7073 7062//7062
f 7097//7097 7071//7071 7062//7062
f 7097//7097 7062//7062 7078//7078
f 7078//7078 7062//7062 7073//7073
f 4136//4136 4196//4196 4205//4205
f 4136//4136 4151//4151 4196//4196
f 4151//4151 4109//4109 4196//4196
f 4109//4109 4110//4110 4177//4177
f 4109//4109 4177//4177 4189//4189
f 4189//4189 4196//4196 4109//4109
f 6302//6302 6349//6349 6283//6283
f 6349//6349 6350//6350 6344//6344
f 6349//6349 6344//6344 6270//6270
f 6376//6376 6344//6344 6350//6350
f 6362//6362 6344//6344 6376//6376
f 6400//6400 6362//6362 6376//6376
f 6283//6283 6349//6349 6270//6270
f 2950//2950 2813//2813 2894//2894
f 4872//4872 4938//4938 4925//4925
f 4925//4925 4716//4716 4717//4717
f 4925//4925 4857//4857 4716//4716
f 4717//4717 4872//4872 4925//4925
f 900//900 947//947 907//907
f 894//894 855//855 900//900
f 947//947 916//916 906//906
f 855//855 869//869 900//900
f 893//893 900//900 907//907
f 893//893 894//894 900//900
f 907//907 947//947 906//906
f 694//694 689//689 7228//7228
f 689//689 622//622 7228//7228
f 629//629 662//662 7229//7229
f 622//622 615//615 7228//7228
f 7229//7229 564//564 629//629
f 539//539 524//524 615//615
f 539//539 615//615 609//609
f 694//694 7228//7228 7229//7229
f 7228//7228 615//615 564//564
f 564//564 7229//7229 7228//7228
f 662//662 694//694 7229//7229
f 622//622 609//609 615//615
f 524//524 541//541 615//615
f 1001//1001 7230//7230 994//994
f 951//951 994//994 932//932
f 653//653 822//822 729//729
f 838//838 933//933 822//822
f 827//827 7230//7230 1001//1001
f 742//742 729//729 846//846
f 932//932 994//994 933//933
f 7230//7230 822//822 933//933
f 994//994 7230//7230 933//933
f 729//729 7230//7230 846//846
f 846//846 7230//7230 827//827
f 7230//7230 729//729 822//822
f 879//879 869//869 856//856
f 837//837 7231//7231 856//856
f 756//756 708//708 757//757
f 756//756 757//757 7231//7231
f 801//801 755//755 837//837
f 7231//7231 847//847 856//856
f 856//856 847//847 873//873
f 873//873 879//879 856//856
f 7231//7231 757//757 847//847
f 7231//7231 837//837 755//755
f 756//756 7231//7231 755//755
f 3109//3109 3152//3152 3143//3143
f 3095//3095 3047//3047 3109//3109
f 3109//3109 2986//2986 2987//2987
f 3047//3047 2986//2986 3109//3109
f 3095//3095 3109//3109 3143//3143
f 6817//6817 6837//6837 6855//6855
f 6856//6856 6855//6855 6837//6837
f 6855//6855 6805//6805 6817//6817
f 332//332 355//355 356//356
f 356//356 296//296 320//320
f 264//264 296//296 274//274
f 332//332 356//356 265//265
f 356//356 319//319 296//296
f 275//275 332//332 265//265
f 264//264 320//320 296//296
f 356//356 320//320 265//265
f 3486//3486 7232//7232 3614//3614
f 3561//3561 3655//3655 7233//7233
f 7233//7233 3445//3445 3454//3454
f 3691//3691 3787//3787 3670//3670
f 3655//3655 7232//7232 7233//7233
f 3486//3486 3445//3445 7232//7232
f 3614//3614 7232//7232 3655//3655
f 3454//3454 3561//3561 7233//7233
f 3732//3732 3614//3614 3787//3787
f 3614//3614 3655//3655 3670//3670
f 7232//7232 3445//3445 7233//7233
f 3787//3787 3614//3614 3670//3670
f 7126//7126 7127//7127 7168//7168
f 7127//7127 7111//7111 7151//7151
f 7105//7105 7152//7152 7111//7111
f 7151//7151 7111//7111 7152//7152
f 7126//7126 7168//7168 7136//7136
f 7151//7151 7168//7168 7127//7127
f 7130//7130 7152//7152 7098//7098
f 7105//7105 7072//7072 7098//7098
f 7105//7105 7098//7098 7152//7152
f 3353//3353 3333//3333 3358//3358
f 3335//3335 3358//3358 3333//3333
f 3418//3418 3378//3378 3419//3419
f 3419//3419 3378//3378 3421//3421
f 3411//3411 3398//3398 3452//3452
f 3398//3398 3335//3335 3334//3334
f 3453//3453 3334//3334 3378//3378
f 3398//3398 3334//3334 3452//3452
f 3378//3378 3418//3418 3453//3453
f 3353//3353 3358//3358 3382//3382
f 3452//3452 3334//3334 3453//3453
f 345//345 331//331 365//365
f 7234//7234 316//316 317//317
f 331//331 297//297 365//365
f 7234//7234 297//297 331//331
f 297//297 7234//7234 298//298
f 266//266 302//302 226//226
f 317//317 298//298 7234//7234
f 344//344 291//291 316//316
f 302//302 298//298 317//317
f 317//317 293//293 302//302
f 331//331 345//345 7234//7234
f 308//308 291//291 344//344
f 344//344 316//316 7234//7234
f 345//345 344//344 7234//7234
f 3881//3881 3767//3767 3855//3855
f 3806//3806 3767//3767 3881//3881
f 3586//3586 3491//3491 3726//3726
f 3726//3726 3542//3542 3767//3767
f 3543//3543 3723//3723 3767//3767
f 3542//3542 3726//3726 3491//3491
f 3543//3543 3767//3767 3542//3542
f 1917//1917 1847//1847 1951//1951
f 1833//1833 1815//1815 1918//1918
f 1918//1918 1815//1815 1847//1847
f 1815//1815 1802//1802 1847//1847
f 2005//2005 2034//2034 1946//1946
f 1847//1847 1917//1917 1918//1918
f 1946//1946 1951//1951 2005//2005
f 1802//1802 1815//1815 1711//1711
f 1951//1951 1946//1946 1917//1917
f 3277//3277 3318//3318 3227//3227
f 3343//3343 3227//3227 3318//3318
f 3350//3350 3375//3375 3337//3337
f 3332//3332 3343//3343 3331//3331
f 3318//3318 7235//7235 3343//3343
f 3387//3387 3374//3374 3317//3317
f 3375//3375 7236//7236 3336//3336
f 3375//3375 3390//3390 7236//7236
f 3343//3343 3387//3387 3331//3331
f 3387//3387 3343//3343 7235//7235
f 3331//3331 3387//3387 3317//3317
f 7236//7236 7235//7235 3304//3304
f 3390//3390 3387//3387 7235//7235
f 3336//3336 7236//7236 3309//3309
f 3375//3375 3336//3336 3337//3337
f 3390//3390 7235//7235 7236//7236
f 3304//3304 3309//3309 7236//7236
f 3303//3303 3331//3331 3317//3317
f 5072//5072 5074//5074 5143//5143
f 5221//5221 5260//5260 5376//5376
f 5339//5339 5527//5527 5376//5376
f 5221//5221 5323//5323 5074//5074
f 5454//5454 5301//5301 5323//5323
f 5099//5099 5072//5072 5143//5143
f 5323//5323 5376//5376 5454//5454
f 5074//5074 5073//5073 5221//5221
f 5535//5535 5566//5566 5454//5454
f 5527//5527 5535//5535 5454//5454
f 5073//5073 5082//5082 5221//5221
f 5376//5376 5323//5323 5221//5221
f 5143//5143 5074//5074 5323//5323
f 5527//5527 5454//5454 5376//5376
f 7211//7211 7226//7226 7203//7203
f 7219//7219 7223//7223 7207//7207
f 7207//7207 7223//7223 7212//7212
f 7214//7214 7224//7224 7222//7222
f 7219//7219 7206//7206 7224//7224
f 7216//7216 7224//7224 7214//7214
f 4583//4583 4529//4529 4628//4628
f 4469//4469 4388//4388 4487//4487
f 4183//4183 4225//4225 4276//4276
f 4276//4276 4289//4289 4287//4287
f 4487//4487 4529//4529 4469//4469
f 4469//4469 4529//4529 4428//4428
f 4545//4545 4428//4428 4529//4529
f 4287//4287 4398//4398 4388//4388
f 4289//4289 4398//4398 4287//4287
f 4583//4583 4545//4545 4529//4529
f 4398//4398 4487//4487 4388//4388
f 5280//5280 5346//5346 5415//5415
f 5625//5625 5735//5735 5583//5583
f 5799//5799 5876//5876 5657//5657
f 5876//5876 5771//5771 5657//5657
f 5876//5876 5734//5734 5771//5771
f 5584//5584 5585//5585 5625//5625
f 5541//5541 5625//5625 5521//5521
f 5735//5735 5625//5625 5541//5541
f 5585//5585 5521//5521 5625//5625
f 5521//5521 5346//5346 5361//5361
f 5771//5771 5541//5541 5657//5657
f 5415//5415 5346//5346 5585//5585
f 5771//5771 5735//5735 5541//5541
f 5585//5585 5372//5372 5415//5415
f 5521//5521 5585//5585 5346//5346
f 2391//2391 2263//2263 2287//2287
f 2179//2179 2164//2164 2165//2165
f 2229//2229 2228//2228 2303//2303
f 2287//2287 2263//2263 2211//2211
f 2229//2229 2215//2215 2164//2164
f 2164//2164 2179//2179 2229//2229
f 2401//2401 2263//2263 2391//2391
f 4842//4842 4836//4836 4966//4966
f 5132//5132 5224//5224 5076//5076
f 4966//4966 4999//4999 5076//5076
f 4820//4820 4836//4836 4730//4730
f 4999//4999 4836//4836 4820//4820
f 4836//4836 4999//4999 7237//7237
f 5132//5132 5076//5076 4999//4999
f 4999//4999 4966//4966 7237//7237
f 4966//4966 4836//4836 7237//7237
f 5199//5199 5390//5390 5333//5333
f 5362//5362 5159//5159 5178//5178
f 5377//5377 5390//5390 5179//5179
f 5391//5391 5390//5390 5377//5377
f 4975//4975 5034//5034 4922//4922
f 4972//4972 5034//5034 7238//7238
f 5281//5281 5362//5362 5346//5346
f 5090//5090 7239//7239 5047//5047
f 5090//5090 5159//5159 7239//7239
f 5142//5142 5174//5174 5199//5199
f 4972//4972 7238//7238 5038//5038
f 5158//5158 7239//7239 5159//5159
f 5034//5034 5047//5047 7238//7238
f 5158//5158 5238//5238 7239//7239
f 5158//5158 5159//5159 5362//5362
f 5390//5390 5199//5199 5241//5241
f 5390//5390 5241//5241 5179//5179
f 5199//5199 5174//5174 5241//5241
f 5241//5241 5174//5174 5166//5166
f 4922//4922 5034//5034 4972//4972
f 5238//5238 5141//5141 7239//7239
f 5038//5038 5141//5141 5125//5125
f 5158//5158 5362//5362 5281//5281
f 5174//5174 5141//5141 5238//5238
f 5141//5141 7238//7238 5047//5047
f 5141//5141 5047//5047 7239//7239
f 5238//5238 5188//5188 5166//5166
f 5174//5174 5238//5238 5166//5166
f 5038//5038 5125//5125 5081//5081
f 5166//5166 5128//5128 5241//5241
f 5038//5038 7238//7238 5141//5141
f 5281//5281 5238//5238 5158//5158
f 5205//5205 5169//5169 5256//5256
f 5312//5312 5256//5256 5169//5169
f 5171//5171 5220//5220 5247//5247
f 5204//5204 5256//5256 5312//5312
f 5252//5252 7241//7241 5213//5213
f 5189//5189 7242//7242 5079//5079
f 7243//7243 5213//5213 7244//7244
f 5190//5190 7245//7245 5189//5189
f 5155//5155 5213//5213 7243//7243
f 5079//5079 7242//7242 5078//5078
f 7246//7246 5151//5151 7243//7243
f 5220//5220 5172//5172 7247//7247
f 5190//5190 5234//5234 7245//7245
f 7240//7240 5354//5354 7248//7248
f 7246//7246 7249//7249 7248//7248
f 5149//5149 5234//5234 5150//5150
f 7246//7246 7247//7247 5151//5151
f 7247//7247 7245//7245 5151//5151
f 5078//5078 7242//7242 5172//5172
f 7249//7249 7244//7244 7241//7241
f 7249//7249 7243//7243 7244//7244
f 7240//7240 5341//5341 5354//5354
f 7249//7249 7241//7241 7240//7240
f 7242//7242 5189//5189 7245//7245
f 5353//5353 5247//5247 5220//5220
f 7246//7246 7248//7248 5220//5220
f 7248//7248 7249//7249 7240//7240
f 5220//5220 5354//5354 5353//5353
f 7244//7244 5213//5213 7241//7241
f 5234//5234 5256//5256 5204//5204
f 7247//7247 5172//5172 7242//7242
f 5190//5190 5256//5256 5234//5234
f 5150//5150 5234//5234 5204//5204
f 7250//7250 7243//7243 5151//5151
f 5149//5149 7245//7245 5234//5234
f 7243//7243 7250//7250 5155//5155
f 5354//5354 5220//5220 7248//7248
f 7245//7245 5149//5149 5151//5151
f 7246//7246 7243//7243 7249//7249
f 7241//7241 5341//5341 7240//7240
f 7246//7246 5220//5220 7247//7247
f 7242//7242 7245//7245 7247//7247
f 7251//7251 7250//7250 5151//5151
f 7252//7252 16//16 15//15
f 49//49 7253//7253 47//47
f 50//50 47//47 7253//7253
f 13//13 12//12 7254//7254
f 89//89 88//88 86//86
f 92//92 91//91 7255//7255
f 93//93 92//92 7255//7255
f 7258//7258 7259//7259 7260//7260
f 7261//7261 7260//7260 89//89
f 12//12 10//10 7254//7254
f 7264//7264 23//23 7262//7262
f 17//17 80//80 7252//7252
f 7255//7255 94//94 93//93
f 7266//7266 55//55 7265//7265
f 7264//7264 7262//7262 49//49
f 94//94 7259//7259 9//9
f 86//86 7261//7261 89//89
f 7264//7264 27//27 23//23
f 27//27 7264//7264 49//49
f 21//21 7263//7263 23//23
f 7256//7256 55//55 51//51
f 7260//7260 91//91 89//89
f 17//17 7263//7263 20//20
f 80//80 16//16 7252//7252
f 7260//7260 7259//7259 7255//7255
f 7258//7258 7267//7267 7268//7268
f 7268//7268 7267//7267 7269//7269
f 7263//7263 21//21 20//20
f 7256//7256 51//51 7253//7253
f 51//51 50//50 7253//7253
f 7266//7266 54//54 55//55
f 7270//7270 7266//7266 7265//7265
f 7256//7256 7265//7265 55//55
f 7267//7267 7258//7258 58//58
f 7252//7252 7257//7257 17//17
f 7254//7254 7269//7269 13//13
f 17//17 7257//7257 7256//7256
f 7254//7254 7268//7268 7269//7269
f 17//17 7256//7256 7263//7263
f 59//59 7261//7261 86//86
f 7266//7266 7270//7270 84//84
f 57//57 7270//7270 58//58
f 7256//7256 7253//7253 7262//7262
f 7258//7258 7261//7261 59//59
f 57//57 84//84 7270//7270
f 7270//7270 7269//7269 7267//7267
f 58//58 7270//7270 7267//7267
f 7266//7266 84//84 54//54
f 7268//7268 7254//7254 10//10
f 91//91 7260//7260 7255//7255
f 7255//7255 7259//7259 94//94
f 7262//7262 23//23 7263//7263
f 7268//7268 10//10 7258//7258
f 10//10 7259//7259 7258//7258
f 7269//7269 7265//7265 15//15
f 13//13 7269//7269 15//15
f 48//48 27//27 49//49
f 7265//7265 7257//7257 7252//7252
f 7258//7258 59//59 58//58
f 7253//7253 49//49 7262//7262
f 7256//7256 7257//7257 7265//7265
f 7256//7256 7262//7262 7263//7263
f 15//15 7265//7265 7252//7252
f 9//9 7259//7259 10//10
f 7260//7260 7261//7261 7258//7258
f 7265//7265 7269//7269 7270//7270
f 51//51 55//55 53//53
f 6546//6546 6564//6564 6552//6552
f 6517//6517 7271//7271 6486//6486
f 6544//6544 6573//6573 6539//6539
f 6565//6565 6564//6564 7272//7272
f 6539//6539 7274//7274 6533//6533
f 6539//6539 6573//6573 7274//7274
f 6533//6533 7274//7274 6536//6536
f 6569//6569 6559//6559 6558//6558
f 6534//6534 7275//7275 6553//6553
f 7272//7272 6546//6546 6568//6568
f 6568//6568 6565//6565 7272//7272
f 6541//6541 6486//6486 7273//7273
f 6501//6501 7271//7271 6517//6517
f 6542//6542 6552//6552 7273//7273
f 6534//6534 6536//6536 7275//7275
f 6553//6553 7275//7275 6572//6572
f 7273//7273 6486//6486 7271//7271
f 6559//6559 6547//6547 6572//6572
f 6551//6551 7273//7273 7271//7271
f 7271//7271 6501//6501 6551//6551
f 6575//6575 7273//7273 6566//6566
f 6568//6568 6546//6546 6543//6543
f 7273//7273 6575//6575 6541//6541
f 6541//6541 6575//6575 6576//6576
f 6546//6546 7272//7272 6564//6564
f 6563//6563 6541//6541 6576//6576
f 6542//6542 7273//7273 6551//6551
f 6572//6572 7275//7275 6573//6573
f 7274//7274 6573//6573 7275//7275
f 6568//6568 6543//6543 6569//6569
f 6572//6572 6547//6547 6553//6553
f 6547//6547 6559//6559 6569//6569
f 6547//6547 6569//6569 6543//6543
f 7273//7273 6564//6564 6566//6566
f 6564//6564 7273//7273 6552//6552
f 6536//6536 7274//7274 7275//7275
f 6572//6572 6560//6560 6559//6559
f 7071//7071 7052//7052 7062//7062
f 2207//2207 2272//2272 2291//2291
f 4745//4745 4755//4755 4842//4842
f 767//767 752//752 753//753
f 4467//4467 4285//4285 4274//4274
f 6382//6382 6398//6398 6353//6353
f 5760//5760 5779//5779 5801//5801
f 302//302 293//293 226//226
f 555//555 574//574 545//545
f 4128//4128 4263//4263 4330//4330
f 5252//5252 5306//5306 7241//7241
f 7241//7241 5306//5306 5341//5341
f 7196//7196 7188//7188 7197//7197
f 444//444 467//467 398//398
f 4253//4253 4240//4240 4231//4231
f 2825//2825 2826//2826 2858//2858
f 453//453 352//352 401//401
f 352//352 272//272 401//401
f 7156//7156 7153//7153 7130//7130
f 7143//7143 7156//7156 7130//7130
f 7152//7152 7130//7130 7153//7153
f 4056//4056 4167//4167 4110//4110
f 689//689 621//621 622//622
f 6014//6014 6001//6001 5925//5925
f 7221//7221 7225//7225 7211//7211
f 7225//7225 7226//7226 7211//7211
f 3318//3318 3304//3304 7235//7235
f 2373//2373 2340//2340 2379//2379
f 7203//7203 7226//7226 7210//7210
f 7106//7106 7079//7079 7094//7094
f 3593//3593 3483//3483 3626//3626
f 3483//3483 3504//3504 3626//3626
f 62//62 7276//7276 108//108
f 62//62 7277//7277 7276//7276
f 29//29 70//70 30//30
f 32//32 30//30 7278//7278
f 7//7 69//69 8//8
f 4//4 7//7 5//5
f 65//65 63//63 66//66
f 37//37 7279//7279 39//39
f 63//63 64//64 7280//7280
f 109//109 7280//7280 64//64
f 3//3 7277//7277 62//62
f 107//107 115//115 2//2
f 106//106 105//105 115//115
f 74//74 42//42 7281//7281
f 32//32 36//36 34//34
f 7282//7282 7283//7283 7284//7284
f 7284//7284 7283//7283 7285//7285
f 7286//7286 7287//7287 7281//7281
f 3//3 2//2 7284//7284
f 108//108 7288//7288 7286//7286
f 41//41 40//40 7289//7289
f 37//37 36//36 7279//7279
f 7276//7276 7288//7288 108//108
f 7286//7286 7281//7281 7291//7291
f 7282//7282 115//115 7283//7283
f 7//7 4//4 7292//7292
f 7291//7291 41//41 7289//7289
f 3//3 7287//7287 7277//7277
f 7284//7284 7287//7287 3//3
f 7286//7286 7288//7288 7287//7287
f 7284//7284 2//2 7282//7282
f 7278//7278 69//69 7//7
f 7290//7290 7293//7293 7292//7292
f 7289//7289 7294//7294 7280//7280
f 45//45 75//75 46//46
f 7289//7289 7286//7286 7291//7291
f 7290//7290 40//40 7279//7279
f 36//36 7293//7293 7279//7279
f 105//105 7295//7295 7283//7283
f 115//115 7282//7282 2//2
f 66//66 63//63 7292//7292
f 4//4 66//66 7292//7292
f 7290//7290 7292//7292 7294//7294
f 7293//7293 32//32 7292//7292
f 43//43 75//75 45//45
f 43//43 7295//7295 75//75
f 7//7 7292//7292 7278//7278
f 7294//7294 7289//7289 40//40
f 7280//7280 7294//7294 63//63
f 32//32 7293//7293 36//36
f 7276//7276 7277//7277 7288//7288
f 7279//7279 40//40 39//39
f 7285//7285 7287//7287 7284//7284
f 7283//7283 7281//7281 7285//7285
f 42//42 7291//7291 7281//7281
f 108//108 7280//7280 109//109
f 7283//7283 7295//7295 7281//7281
f 77//77 7295//7295 105//105
f 42//42 41//41 7291//7291
f 7281//7281 7295//7295 43//43
f 7289//7289 7280//7280 7286//7286
f 7292//7292 32//32 7278//7278
f 7290//7290 7279//7279 7293//7293
f 7294//7294 7292//7292 63//63
f 7277//7277 7287//7287 7288//7288
f 30//30 70//70 7278//7278
f 108//108 7286//7286 7280//7280
f 105//105 7283//7283 115//115
f 7290//7290 7294//7294 40//40
f 70//70 69//69 7278//7278
f 30//30 32//32 31//31
f 7281//7281 7287//7287 7285//7285
f 75//75 7295//7295 77//77
f 2615//2615 2614//2614 7296//7296
f 2614//2614 7297//7297 7298//7298
f 2614//2614 7298//7298 7296//7296
f 7297//7297 7299//7299 7298//7298
f 7297//7297 2600//2600 7299//7299
f 2600//2600 7300//7300 7299//7299
f 2600//2600 2640//2640 7300//7300
f 2618//2618 7300//7300 2640//2640
f 2618//2618 2619//2619 7300//7300
f 2503//2503 7301//7301 2619//2619
f 7298//7298 7302//7302 7296//7296
f 2503//2503 2504//2504 7301//7301
f 7298//7298 7299//7299 7303//7303
f 7303//7303 2504//2504 7302//7302
f 7303//7303 7301//7301 2504//2504
f 7302//7302 7298//7298 7303//7303
f 2457//2457 2464//2464 2504//2504
f 2325//2325 2419//2419 2406//2406
f 2419//2419 2452//2452 2464//2464
f 7299//7299 7300//7300 7303//7303
f 2464//2464 2406//2406 2419//2419
f 7301//7301 7303//7303 2619//2619
f 2581//2581 7296//7296 7302//7302
f 2495//2495 2581//2581 7302//7302
f 2464//2464 2495//2495 7302//7302
f 2464//2464 2452//2452 2495//2495
f 7303//7303 7300//7300 2619//2619
f 7302//7302 2504//2504 2464//2464
f 2614//2614 7304//7304 7297//7297
f 2600//2600 7297//7297 7305//7305
f 2477//2477 7306//7306 2555//2555
f 7304//7304 2603//2603 7306//7306
f 2460//2460 7307//7307 7306//7306
f 2371//2371 2445//2445 7308//7308
f 2445//2445 2479//2479 7307//7307
f 7306//7306 7307//7307 7304//7304
f 7308//7308 2418//2418 2371//2371
f 7297//7297 7304//7304 7305//7305
f 2418//2418 7308//7308 2460//2460
f 2555//2555 7306//7306 2603//2603
f 2479//2479 7305//7305 7304//7304
f 2614//2614 2603//2603 7304//7304
f 7305//7305 2479//2479 2531//2531
f 2559//2559 7305//7305 2531//2531
f 7306//7306 2477//2477 2460//2460
f 2354//2354 2445//2445 2371//2371
f 2600//2600 7305//7305 2559//2559
f 7308//7308 2445//2445 7307//7307
f 2460//2460 7308//7308 7307//7307
f 7304//7304 7307//7307 2479//2479
f 5237//5237 5344//5344 5222//5222
f 5490//5490 5442//5442 5577//5577
f 7309//7309 5276//5276 5336//5336
f 5222//5222 5305//5305 5261//5261
f 5240//5240 5214//5214 5285//5285
f 5343//5343 5316//5316 5369//5369
f 5148//5148 5168//5168 5151//5151
f 5233//5233 5151//5151 5168//5168
f 7310//7310 5276//5276 7309//7309
f 5304//5304 5305//5305 7310//7310
f 5284//5284 5369//5369 5316//5316
f 5211//5211 5233//5233 5209//5209
f 5157//5157 5211//5211 7311//7311
f 5283//5283 5285//5285 5214//5214
f 5276//5276 7310//7310 5210//5210
f 5284//5284 5283//5283 7312//7312
f 5210//5210 7312//7312 7311//7311
f 7309//7309 5395//5395 5304//5304
f 5340//5340 5395//5395 5442//5442
f 5304//5304 7310//7310 7309//7309
f 5157//5157 5155//5155 7250//7250
f 5151//5151 5233//5233 7251//7251
f 7312//7312 5369//5369 5284//5284
f 5407//5407 5515//5515 5336//5336
f 5536//5536 5609//5609 5577//5577
f 7251//7251 5211//5211 7250//7250
f 7312//7312 7310//7310 5305//5305
f 5283//5283 7311//7311 7312//7312
f 7309//7309 5442//5442 5395//5395
f 5344//5344 5305//5305 5222//5222
f 7310//7310 7312//7312 5210//5210
f 5211//5211 5157//5157 7250//7250
f 5344//5344 7312//7312 5305//5305
f 5209//5209 5276//5276 5210//5210
f 5577//5577 5442//5442 5515//5515
f 5515//5515 5536//5536 5577//5577
f 5157//5157 7311//7311 5283//5283
f 5157//5157 5283//5283 5214//5214
f 5442//5442 5336//5336 5515//5515
f 5344//5344 5369//5369 7312//7312
f 5210//5210 7311//7311 5211//5211
f 7251//7251 5233//5233 5211//5211
f 7309//7309 5336//5336 5442//5442
f 5017//5017 5139//5139 5080//5080
f 5120//5120 5152//5152 5175//5175
f 4957//4957 7313//7313 4942//4942
f 5152//5152 7314//7314 5100//5100
f 7315//7315 7316//7316 7317//7317
f 5050//5050 5048//5048 7317//7317
f 5066//5066 5197//5197 5138//5138
f 4922//4922 4924//4924 4943//4943
f 5100//5100 7316//7316 5039//5039
f 5140//5140 5207//5207 5197//5197
f 7318//7318 7319//7319 7316//7316
f 7320//7320 7321//7321 4957//4957
f 7322//7322 7316//7316 7315//7315
f 7314//7314 7317//7317 7316//7316
f 5138//5138 5197//5197 5207//5207
f 5039//5039 7319//7319 4955//4955
f 5175//5175 5152//5152 5194//5194
f 7318//7318 7316//7316 7322//7322
f 7322//7322 7321//7321 7318//7318
f 7323//7323 5080//5080 5140//5140
f 4989//4989 4988//4988 7320//7320
f 7321//7321 7320//7320 4988//4988
f 7323//7323 5140//5140 5197//5197
f 7321//7321 7313//7313 4957//4957
f 7314//7314 5152//5152 5120//5120
f 7319//7319 4941//4941 4955//4955
f 7319//7319 5039//5039 7316//7316
f 5066//5066 5042//5042 5197//5197
f 7317//7317 5120//5120 5050//5050
f 7324//7324 5080//5080 7323//7323
f 7317//7317 7314//7314 5120//5120
f 4988//4988 7324//7324 7321//7321
f 5197//5197 5042//5042 7323//7323
f 5100//5100 7314//7314 7316//7316
f 7313//7313 7321//7321 7322//7322
f 4957//4957 4924//4924 4989//4989
f 7323//7323 7318//7318 7321//7321
f 7323//7323 7321//7321 7324//7324
f 7319//7319 5042//5042 4941//4941
f 7319//7319 7318//7318 5042//5042
f 5048//5048 5014//5014 7315//7315
f 4957//4957 4989//4989 7320//7320
f 7322//7322 7315//7315 7313//7313
f 5048//5048 7315//7315 7317//7317
f 7318//7318 7323//7323 5042//5042
f 4941//4941 4799//4799 4955//4955
f 5014//5014 7313//7313 7315//7315
f 3457//3457 3456//3456 3460//3460
f 3400//3400 3499//3499 3413//3413
f 3854//3854 7325//7325 3920//3920
f 3514//3514 3415//3415 3459//3459
f 3444//3444 3417//3417 3456//3456
f 3518//3518 3482//3482 3634//3634
f 3581//3581 3499//3499 3498//3498
f 3413//3413 3499//3499 3482//3482
f 3399//3399 3355//3355 3461//3461
f 3460//3460 3417//3417 3416//3416
f 3455//3455 3480//3480 3456//3456
f 3748//3748 3851//3851 3733//3733
f 3416//3416 3415//3415 3399//3399
f 3461//3461 3460//3460 3399//3399
f 3920//3920 7325//7325 4043//4043
f 4043//4043 4062//4062 4142//4142
f 3399//3399 3415//3415 3514//3514
f 3399//3399 3514//3514 3400//3400
f 3851//3851 3978//3978 7325//7325
f 3399//3399 3356//3356 3355//3355
f 3401//3401 3461//3461 3355//3355
f 3499//3499 3581//3581 3482//3482
f 7325//7325 4062//4062 4043//4043
f 7325//7325 3978//3978 4062//4062
f 3736//3736 3733//3733 3854//3854
f 3456//3456 3476//3476 3444//3444
f 3456//3456 3480//3480 3476//3476
f 3354//3354 3413//3413 3482//3482
f 4129//4129 4142//4142 4062//4062
f 3634//3634 3482//3482 3699//3699
f 3733//3733 3851//3851 7325//7325
f 3480//3480 3479//3479 3476//3476
f 3581//3581 3699//3699 3482//3482
f 3413//3413 3354//3354 3356//3356
f 3417//3417 3460//3460 3456//3456
f 3733//3733 3634//3634 3699//3699
f 7325//7325 3854//3854 3733//3733
f 3634//3634 3733//3733 3736//3736
f 3460//3460 3416//3416 3399//3399
f 3478//3478 3476//3476 3479//3479
f 43//43 74//74 7281//7281
f 2581//2581 2615//2615 7296//7296
f 5080//5080 7324//7324 4988//4988
f 3480//3480 3455//3455 3481//3481
f 4923//4923 4989//4989 4924//4924
f 4942//4942 7313//7313 4943//4943
f 7313//7313 5014//5014 4943//4943
f 5034//5034 4975//4975 5015//5015
