# Created by Open3D 
# object name: mesh_0100
# number of vertices: 6996
# number of triangles: 13988
v 0.207283 -0.461079 0.176611
vn -0.0610316 -0.981301 -0.182548
v 0.18698 -0.45871 0.172729
vn -0.166153 -0.982349 -0.0859225
v 0.326515 -0.478275 0.207806
vn -0.0675336 -0.972867 -0.221291
v 0.354929 -0.478002 0.206707
vn 0.158365 -0.696095 0.700266
v 0.344159 -0.476066 0.210199
vn 0.0911153 -0.408232 0.90832
v 0.373525 -0.477675 0.199002
vn 0.0117846 -0.972461 -0.232766
v 0.383129 -0.4758 0.200729
vn 0.302328 -0.850961 0.429492
v -0.141021 -0.321937 -0.0165261
vn -0.700112 -0.684399 -0.203571
v -0.129201 -0.331181 -0.0208542
vn -0.684683 -0.639737 -0.349209
v -0.132723 -0.32817 -0.0171185
vn -0.323293 -0.279147 0.90419
v -0.11764 -0.350173 -0.0210766
vn -0.803468 -0.52202 0.286241
v -0.106027 -0.373821 -0.0309878
vn -0.901383 -0.429775 -0.0529277
v -0.103053 -0.377707 -0.0282863
vn -0.519706 -0.370388 0.769882
v -0.0930615 -0.398475 -0.0307298
vn -0.8763 -0.480597 -0.033526
v -0.0908511 -0.398955 -0.0252808
vn -0.74889 -0.271261 0.604633
v -0.0615834 -0.448246 -0.0132703
vn -0.827424 -0.559831 0.0442638
v -0.0658102 -0.439187 -0.0113709
vn -0.12003 0.0317942 0.992261
v -0.0565232 -0.45145 -0.0113405
vn 0.124732 -0.101221 0.987014
v -0.0533388 -0.459701 -0.0161979
vn -0.824881 -0.560491 0.0736231
v -0.0487425 -0.464411 -0.0153208
vn 0.125635 -0.369677 0.920627
v -0.0310447 -0.477659 -0.0282904
vn 0.0948258 -0.744588 0.660755
v -0.0372371 -0.469767 -0.0215648
vn 0.261884 -0.473469 0.840978
v -0.0313912 -0.4783 -0.0325234
vn -0.486431 -0.872996 0.0355426
v -0.0261804 -0.481693 -0.0394435
vn -0.315662 -0.948731 -0.0163311
v -0.0214471 -0.480846 -0.0357389
vn 0.453035 -0.75915 0.467387
v -0.0176298 -0.48263 -0.0491689
vn 0.191625 -0.981458 0.00445029
v -0.0205414 -0.480676 -0.0607527
vn -0.286785 -0.930126 -0.229392
v 0.398641 -0.458247 0.150742
vn 0.563179 -0.105831 -0.81953
v 0.406377 -0.463133 0.162006
vn 0.591193 -0.710903 -0.38093
v 0.398322 -0.464701 0.156766
vn 0.147319 -0.94571 -0.289706
v 0.390077 -0.461271 0.146176
vn 0.376324 -0.589751 -0.714544
v 0.377401 -0.461114 0.141923
vn 0.0387417 -0.946071 -0.321634
v 0.37089 -0.4569 0.13588
vn 0.369354 0.0229104 -0.929006
v 0.348786 -0.457878 0.131407
vn 0.110042 -0.639695 -0.760711
v 0.324727 -0.455444 0.129537
vn -0.0380761 0.201105 -0.978829
v 0.332284 -0.458895 0.131389
vn -0.026622 -0.954934 -0.295623
v 0.307509 -0.45613 0.131895
vn -0.157429 -0.343336 -0.925925
v 0.262267 -0.458036 0.138461
vn 0.0440528 -0.40771 -0.912048
v 0.2972 -0.459063 0.139009
vn -0.0318841 -0.946068 -0.322396
v 0.263705 -0.460031 0.141918
vn -0.0464953 -0.982709 -0.179226
v 0.247816 -0.458111 0.138308
vn -0.148862 -0.977918 -0.146684
v 0.236551 -0.454029 0.134353
vn 0.083361 -0.40194 -0.911864
v 0.207168 -0.451802 0.124442
vn -0.102199 -0.993952 0.0401719
v 0.186123 -0.45009 0.121036
vn -0.0163857 -0.997834 0.063707
v 0.193853 -0.449083 0.11976
vn 0.247721 -0.0171147 -0.96868
v 0.176854 -0.448872 0.117837
vn -0.0643141 -0.171779 -0.983034
v -0.0323238 -0.463432 -0.0862112
vn 0.355475 -0.319998 -0.878202
v -0.0239361 -0.474664 -0.0755496
vn -0.00303048 -0.842921 -0.538029
v -0.0317141 -0.469715 -0.078734
vn -0.423768 -0.837694 -0.344512
v -0.0396065 -0.457576 -0.0904516
vn -0.484631 -0.682373 -0.547266
v -0.0471996 -0.446345 -0.0965413
vn 0.250662 -0.200373 -0.947111
v -0.0588291 -0.435167 -0.0978459
vn -0.684383 -0.567532 -0.457741
v -0.0561348 -0.433018 -0.100595
vn 0.167803 0.0210027 -0.985597
v -0.0681757 -0.418914 -0.0991202
vn -0.19729 0.0414242 -0.97947
v -0.0752642 -0.41115 -0.0947838
vn -0.841296 -0.455252 -0.29149
v -0.113851 -0.342902 -0.0733901
vn -0.10781 0.120986 -0.986782
v -0.0989109 -0.372765 -0.0782425
vn -0.896401 -0.3119 -0.314934
v -0.105992 -0.356342 -0.0730487
vn -0.816899 -0.497719 0.291464
v -0.124453 -0.328746 -0.0694426
vn -0.733345 -0.613047 0.293903
v -0.132091 -0.318616 -0.0695009
vn -0.134772 0.0934558 -0.98646
v 0.202019 -0.457642 0.178294
vn -0.255606 -0.274822 0.926897
v 0.228037 -0.460784 0.184519
vn -0.29316 -0.434995 0.851374
v 0.264498 -0.467302 0.18932
vn -0.095458 -0.978902 -0.180659
v 0.301219 -0.474484 0.20238
vn -0.197315 -0.978818 0.0546084
v 0.281177 -0.470135 0.202306
vn -0.274538 -0.88962 0.364972
v 0.295625 -0.470499 0.208198
vn -0.257578 -0.487551 0.834234
v 0.31509 -0.477635 0.208633
vn -0.10809 -0.492663 0.863481
v 0.3821 -0.471374 0.20401
vn 0.282264 -0.319402 0.904605
v 0.400282 -0.470742 0.191628
vn 0.529919 -0.820656 0.2138
v 0.395236 -0.47262 0.18861
vn 0.168672 -0.964649 -0.20249
v 0.405038 -0.467654 0.177551
vn 0.315511 -0.93284 -0.173962
v 0.344482 -0.45457 0.130324
vn 0.141089 0.211711 -0.967095
v 0.276001 -0.456385 0.137618
vn -0.116034 -0.0954575 -0.988648
v 0.215873 -0.450676 0.128852
vn 0.300582 -0.185322 -0.935578
v 0.162653 -0.450414 0.125525
vn -0.227852 -0.926484 -0.299517
v 0.168722 -0.447054 0.120636
vn -0.449943 0.0598151 -0.891052
v 0.157244 -0.451958 0.143045
vn -0.277913 -0.959139 -0.0530819
v 0.157515 -0.44968 0.132082
vn -0.921152 -0.229894 -0.31405
v -0.101216 -0.370817 -0.0260131
vn -0.547918 -0.330868 0.768318
v -0.0788527 -0.420316 -0.0165015
vn -0.63687 -0.202264 0.743966
v -0.0216133 -0.469702 -0.0788333
vn 0.45523 -0.34633 -0.820257
v -0.0728093 -0.403234 -0.0952494
vn -0.223154 0.146113 -0.96377
v -0.0902653 -0.382652 -0.0861866
vn -0.396272 0.139581 -0.907461
v -0.0933036 -0.384534 -0.0842904
vn -0.819414 -0.317759 -0.477064
v -0.0999127 -0.364553 -0.0784042
vn -0.171636 0.25505 -0.951573
v -0.135244 -0.317466 -0.0669048
vn -0.632374 -0.773915 0.0340419
v -0.13963 -0.312402 -0.0668786
vn -0.222752 0.311033 -0.923927
v -0.145804 -0.308027 -0.0617865
vn -0.695224 0.206025 -0.688634
v -0.148395 -0.306995 -0.0493047
vn -0.609903 -0.791724 -0.0345005
v -0.150063 -0.303431 -0.0503882
vn -0.925965 0.294703 -0.236091
v -0.151461 -0.30439 -0.0376302
vn -0.999825 -0.0125169 0.0138735
v -0.150168 -0.307437 -0.0287638
vn -0.939548 0.0314211 0.340973
v -0.142621 -0.317483 -0.0228283
vn -0.711283 -0.674995 -0.196108
v -0.145826 -0.312375 -0.0218626
vn -0.712163 0.0476842 0.700393
v -0.140127 -0.316229 -0.0189228
vn -0.280107 0.0207789 0.959744
v -0.125075 -0.331356 -0.017253
vn -0.118982 -0.195212 0.973517
v -0.0128505 -0.479286 -0.0625808
vn 0.627864 -0.718381 -0.299525
v 0.332727 -0.458185 0.217852
vn -0.00286075 -0.333801 0.942639
v 0.396678 -0.468495 0.198709
vn 0.591875 -0.33184 0.734552
v 0.412251 -0.460977 0.173124
vn 0.943122 -0.311023 -0.117411
v 0.36058 -0.449659 0.13529
vn 0.226985 0.39626 -0.889638
v 0.256702 -0.449781 0.138511
vn 0.0876569 0.0527575 -0.994753
v 0.185977 -0.439428 0.120078
vn 0.109127 0.153487 -0.982106
v 0.161207 -0.452117 0.151668
vn 0.155296 -0.979128 -0.131119
v 0.157931 -0.452176 0.154348
vn -0.883636 -0.350837 0.310001
v 0.177496 -0.455871 0.170408
vn -0.403123 -0.57739 0.710009
v 0.243435 -0.466454 0.186047
vn -0.112197 -0.983125 -0.144492
v 0.25405 -0.465139 0.192435
vn -0.323427 -0.687819 0.649846
v 0.343145 -0.448754 0.132815
vn 0.0426414 0.527647 -0.848393
v 0.30517 -0.446825 0.134791
vn -0.0899903 0.300868 -0.949411
v 0.199407 -0.441878 0.122789
vn 0.293405 0.105286 -0.950173
v 0.173501 -0.445228 0.17058
vn -0.464554 -0.140064 0.874398
v 0.164769 -0.454327 0.163683
vn -0.588844 -0.493957 0.639742
v 0.232689 -0.456283 0.186893
vn -0.382964 -0.293479 0.875905
v 0.223911 -0.448603 0.185012
vn -0.276853 -0.242028 0.929933
v 0.267465 -0.463444 0.200109
vn -0.373997 -0.327526 0.867671
v 0.408638 -0.463953 0.186881
vn 0.870564 -0.295532 0.393419
v 0.408208 -0.457732 0.160448
vn 0.844005 -0.0878021 -0.529099
v -0.0123443 -0.468738 -0.0319884
vn 0.564671 -0.393416 0.725514
v -0.0110704 -0.478706 -0.0499525
vn 0.754637 -0.643747 0.126935
v -0.0147931 -0.474062 -0.0719936
vn 0.639963 -0.424441 -0.640545
v -0.0302491 -0.441698 -0.0898748
vn 0.465253 -0.106295 -0.878772
v -0.0558896 -0.416802 -0.0973019
vn 0.198052 0.187522 -0.962087
v -0.103263 -0.340823 -0.0713921
vn 0.133103 0.266677 -0.954551
v -0.083548 -0.395558 -0.0185232
vn -0.575986 -0.154657 0.802696
v -0.063856 -0.424823 -0.0135271
vn -0.0560969 0.0679077 0.996113
v -0.0502504 -0.437921 -0.013427
vn 0.171853 0.0218927 0.984879
v -0.0380817 -0.448249 -0.0171103
vn 0.307944 -0.0819872 0.947865
v -0.0397728 -0.430253 -0.0943087
vn 0.397115 0.0719151 -0.914947
v -0.125704 -0.311618 -0.0672043
vn 0.107793 0.277975 -0.954521
v -0.128889 -0.301452 -0.0635371
vn -0.0321113 0.444559 -0.895174
v -0.138209 -0.296113 -0.058132
vn -0.439563 0.42502 -0.791291
v -0.1467 -0.295934 -0.0418115
vn -0.933486 0.355062 -0.050348
v -0.142716 -0.301366 -0.0239639
vn -0.795928 0.273951 0.539861
v -0.115972 -0.34053 -0.018236
vn -0.276651 -0.318976 0.906487
v -0.0218076 -0.464872 -0.023968
vn 0.390919 -0.235833 0.889699
v -0.0092933 -0.470365 -0.0368359
vn 0.754707 -0.530749 0.385646
v 0.271307 -0.451098 0.138936
vn -0.0624559 -0.043936 -0.99708
v 0.241362 -0.448327 0.136464
vn 0.224029 -0.108479 -0.968527
v 0.156028 -0.443857 0.140156
vn -0.982578 -0.161519 -0.0919327
v 0.187739 -0.447241 0.176679
vn -0.292272 -0.152829 0.944045
v -0.0986262 -0.34279 -0.0714274
vn -0.280296 0.193837 -0.940139
v -0.143638 -0.291211 -0.0498433
vn -0.801245 0.375096 -0.466164
v 0.386357 -0.444342 0.145782
vn 0.322072 0.361704 -0.874894
v 0.160347 -0.442316 0.160991
vn -0.746508 -0.12597 0.653343
v 0.40285 -0.447333 0.154648
vn 0.726772 0.196921 -0.658046
v -0.0766115 -0.387985 -0.0910801
vn -0.157042 0.300585 -0.940737
v -0.145762 -0.29549 -0.0331781
vn -0.938647 0.252799 0.234593
v -0.0719241 -0.408368 -0.014337
vn -0.288519 -0.130769 0.948502
v 0.173786 -0.431675 0.12116
vn -0.19363 0.17536 -0.965275
v 0.158651 -0.441403 0.13119
vn -0.88967 -0.1034 -0.444742
v 0.155058 -0.43619 0.153763
vn -0.946206 -0.170257 0.275147
v 0.310535 -0.45871 0.21514
vn -0.136868 -0.257683 0.956487
v 0.371616 -0.463806 0.209007
vn 0.201932 -0.288043 0.936085
v 0.394186 -0.458985 0.202032
vn 0.436042 -0.0659697 0.897505
v -0.0649779 -0.400854 -0.0954369
vn 0.0369295 0.288652 -0.956722
v -0.140186 -0.30307 -0.0201022
vn -0.503789 0.163684 0.848177
v -0.114935 -0.336025 -0.0158016
vn -0.572083 -0.391994 0.720459
v -0.00577373 -0.468564 -0.0460362
vn 0.924923 -0.35469 0.136791
v -0.0147268 -0.456426 -0.0781391
vn 0.609479 -0.130124 -0.782051
v 0.317031 -0.442094 0.137112
vn 0.0213785 0.2744 -0.961378
v 0.164818 -0.439506 0.124544
vn -0.602795 0.0338155 -0.797179
v 0.233038 -0.444855 0.190804
vn -0.369472 -0.270631 0.88896
v 0.396751 -0.444745 0.150764
vn 0.49519 0.253515 -0.830973
v -0.0812534 -0.363133 -0.0815811
vn -0.133628 0.252326 -0.958371
v -0.0073255 -0.463953 -0.0672773
vn 0.848496 -0.198592 -0.490526
v 0.290819 -0.442145 0.136508
vn 0.0325836 -0.257792 -0.965651
v 0.256018 -0.444565 0.137441
vn 0.0635074 -0.492709 -0.867873
v 0.292874 -0.458216 0.212131
vn -0.321552 -0.19808 0.925942
v 0.403758 -0.453805 0.194402
vn 0.719623 0.153259 0.67724
v 0.411697 -0.451897 0.176473
vn 0.98299 0.105944 0.150021
v 0.409655 -0.446647 0.164898
vn 0.909075 0.279962 -0.308551
v -0.0953597 -0.362907 -0.0144896
vn -0.610619 -0.395669 0.685996
v -0.0552964 -0.423701 -0.0135263
vn -0.0321587 -0.0750837 0.996659
v -0.00489727 -0.465955 -0.05762
vn 0.938271 -0.315814 -0.141097
v 0.366273 -0.442273 0.141076
vn 0.168547 0.442139 -0.880968
v 0.340451 -0.44169 0.138358
vn 0.087214 0.36675 -0.926222
v 0.21507 -0.438451 0.127812
vn 0.184465 -0.286267 -0.940225
v 0.151561 -0.427358 0.146775
vn -0.977924 -0.205464 -0.0380539
v 0.350639 -0.46164 0.213435
vn 0.183033 -0.315246 0.931192
v 0.377738 -0.457905 0.208044
vn 0.316345 -0.0769862 0.945515
v 0.408264 -0.451467 0.186593
vn 0.851669 0.307979 0.424039
v -0.12452 -0.320659 -0.015475
vn -0.226781 -0.126015 0.965759
v 0.185446 -0.4413 0.175866
vn -0.303444 -0.221353 0.926782
v -0.0399187 -0.416143 -0.0926415
vn 0.464403 0.266121 -0.844695
v -0.057761 -0.395676 -0.0930681
vn 0.298241 0.375538 -0.87751
v -0.0791425 -0.386115 -0.0121413
vn -0.553822 -0.280126 0.784099
v -0.0409284 -0.429774 -0.0149688
vn 0.263692 -0.0308084 0.964115
v -0.0285338 -0.442652 -0.018835
vn 0.345954 -0.041724 0.937323
v -0.0193944 -0.456185 -0.0251143
vn 0.422747 -0.125063 0.897577
v -0.0227223 -0.435223 -0.0843651
vn 0.637772 0.152949 -0.754886
v 0.350554 -0.455594 0.216801
vn 0.214063 -0.0510212 0.975487
v -0.113247 -0.319505 -0.0671662
vn 0.125207 0.318563 -0.939596
v -0.056907 -0.411127 -0.0110025
vn -0.00732916 -0.0956789 0.995385
v 0.374588 -0.431702 0.147061
vn 0.191464 0.54932 -0.813381
v 0.347703 -0.435065 0.141097
vn 0.129041 0.469977 -0.873195
v 0.183706 -0.430837 0.120679
vn 0.121702 0.0804616 -0.9893
v 0.156729 -0.428278 0.131109
vn -0.760296 -0.0466066 -0.647902
v 0.28143 -0.452562 0.208527
vn -0.275646 0.150961 0.949331
v 0.409859 -0.444881 0.174191
vn 0.850415 0.491535 0.187583
v 0.401099 -0.435217 0.160666
vn 0.634712 0.565072 -0.527099
v -0.132241 -0.310937 -0.0158606
vn -0.253211 -0.0244214 0.967103
v -0.105016 -0.343168 -0.0112068
vn -0.430023 -0.26162 0.86408
v -0.0710474 -0.390237 -0.0103387
vn -0.139852 -0.115093 0.983461
v -0.00965369 -0.454461 -0.0317152
vn 0.686349 -0.0813574 0.722708
v -0.013361 -0.443223 -0.0761995
vn 0.842472 0.195663 -0.501953
v 0.247505 -0.437046 0.130077
vn 0.0810172 -0.502333 -0.86087
v 0.217005 -0.439852 0.187906
vn -0.395726 -0.817517 0.418409
v 0.30588 -0.452128 0.214683
vn -0.170253 0.244579 0.954565
v 0.334649 -0.451899 0.218456
vn -0.0721998 0.189234 0.979274
v 0.39697 -0.451789 0.198999
vn 0.414949 0.534356 0.736397
v -0.0668723 -0.377404 -0.0853554
vn -0.030236 0.164452 -0.985922
v -0.0908675 -0.346217 -0.0802437
vn -0.447379 -0.101903 -0.88852
v -0.0992165 -0.335092 -0.0712391
vn -0.516514 0.00903434 -0.856231
v -0.0892818 -0.361668 -0.0105832
vn -0.28276 -0.210398 0.935831
v -0.00627193 -0.457165 -0.0650177
vn 0.9529 0.128837 -0.274559
v 0.299751 -0.434025 0.135635
vn 0.109372 0.165731 -0.980087
v 0.255884 -0.444343 0.198928
vn -0.276539 -0.32385 0.904791
v 0.282474 -0.442688 0.206642
vn -0.221102 0.249099 0.942902
v 0.383801 -0.45064 0.204534
vn 0.338129 0.48763 0.804913
v 0.385569 -0.431496 0.152038
vn 0.314095 0.793482 -0.521277
v -0.113128 -0.329933 -0.0129134
vn -0.471654 -0.245113 0.847031
v -0.0155085 -0.447905 -0.02549
vn 0.568016 0.0166503 0.822849
v -0.00556251 -0.458803 -0.0379149
vn 0.911609 -0.0308945 0.409897
v -0.00338394 -0.459155 -0.0478905
vn 0.99672 -0.0801428 -0.0112778
v 0.262343 -0.433228 0.130892
vn 0.143063 -0.0269893 -0.989345
v 0.164857 -0.437027 0.166676
vn -0.529851 -0.00486571 0.848077
v 0.188327 -0.436803 0.177985
vn -0.375531 0.0463775 0.925649
v 0.208153 -0.438534 0.183963
vn -0.353845 0.00896036 0.935261
v 0.232558 -0.442847 0.193277
vn -0.183475 -0.947748 0.260981
v 0.364334 -0.451265 0.212391
vn 0.27094 0.4815 0.833516
v 0.402121 -0.439425 0.182818
vn 0.578218 0.580393 0.573417
v 0.402021 -0.432664 0.169905
vn 0.683773 0.728773 0.0366714
v -0.0453753 -0.399434 -0.0858157
vn 0.632057 0.461909 -0.622209
v -0.0328829 -0.416784 -0.0864902
vn 0.701863 0.444938 -0.556255
v -0.0523925 -0.391406 -0.0865378
vn 0.296169 0.0829935 -0.951523
v -0.144324 -0.282293 -0.0418759
vn -0.9763 0.198305 -0.0866806
v -0.0441606 -0.416103 -0.0134197
vn 0.302644 0.0670119 0.950745
v 0.19966 -0.429912 0.12273
vn 0.107766 -0.163509 -0.980638
v -0.0974561 -0.334367 -0.0766753
vn -0.763845 -0.0678339 -0.641825
v -0.142438 -0.285966 -0.0274654
vn -0.901758 0.132661 0.411379
v -0.0234655 -0.42508 -0.079173
vn 0.824607 0.368552 -0.429176
v 0.33568 -0.421849 0.149134
vn 0.175167 0.728534 -0.662235
v 0.216899 -0.430721 0.124307
vn 0.115184 -0.125868 -0.985337
v 0.163558 -0.427938 0.125254
vn -0.484881 0.128524 -0.865085
v 0.215752 -0.439853 0.196818
vn -0.156987 -0.733284 0.661551
v 0.266587 -0.440818 0.202942
vn -0.0959032 -0.429782 0.897825
v 0.340473 -0.449363 0.217075
vn 0.0727631 0.556756 0.827483
v 0.351967 -0.446731 0.21192
vn 0.257364 0.552505 0.792781
v 0.379228 -0.440946 0.197144
vn 0.333178 0.590374 0.735153
v -0.0614135 -0.375364 -0.087378
vn -0.0336379 0.120367 -0.992159
v -0.0903071 -0.337595 -0.0815778
vn -0.244174 0.353189 -0.903126
v -0.0236077 -0.43073 -0.0227545
vn 0.543255 0.112986 0.83193
v -0.0031647 -0.448892 -0.0474639
vn 0.981866 0.188844 0.0166676
v -0.0116154 -0.4392 -0.06679
vn 0.903378 0.28189 -0.323182
v 0.289454 -0.427869 0.136027
vn 0.170025 0.325207 -0.930232
v 0.152316 -0.427302 0.138761
vn -0.970371 -0.0100683 -0.241409
v 0.158353 -0.427444 0.160359
vn -0.674869 -0.0469605 0.736442
v 0.311784 -0.443681 0.211775
vn -0.0303745 0.503444 0.863494
v -0.08451 -0.346888 -0.0808607
vn 0.224957 0.225968 -0.947804
v -0.137645 -0.285474 -0.0542051
vn -0.466585 0.363643 -0.806264
v -0.130335 -0.302669 -0.0167866
vn -0.490931 -0.0812306 0.867403
v -0.0667858 -0.378154 -0.0102369
vn 0.214568 0.0542573 0.975201
v -0.0226306 -0.415344 -0.0699111
vn 0.774984 0.501972 -0.383957
v 0.393916 -0.430391 0.162411
vn 0.294601 0.925174 -0.239298
v 0.302708 -0.423677 0.140714
vn 0.157938 0.523024 -0.837557
v 0.206246 -0.437404 0.194583
vn -0.466232 -0.827133 0.313814
v -0.0406397 -0.39808 -0.0804808
vn 0.584093 -0.199527 -0.786781
v -0.0509884 -0.383724 -0.0872245
vn 0.131607 -0.0029354 -0.991298
v -0.066451 -0.362388 -0.0848984
vn 0.0783491 0.336941 -0.93826
v -0.0858706 -0.332594 -0.0813596
vn -0.0527595 0.208544 -0.976589
v -0.0303337 -0.418117 -0.0189088
vn 0.525398 0.112167 0.843431
v -0.0128722 -0.444321 -0.0296713
vn 0.844464 0.316463 0.432126
v -0.00726319 -0.43835 -0.0562235
vn 0.886379 0.380317 -0.26399
v -0.030937 -0.40515 -0.0714127
vn 0.751129 0.478267 -0.455045
v 0.262329 -0.423369 0.132231
vn 0.192834 0.277263 -0.941244
v 0.19435 -0.421762 0.122752
vn 0.0689062 0.00712425 -0.997598
v 0.300435 -0.432865 0.206365
vn 0.0267772 0.0082524 0.999607
v 0.325208 -0.437301 0.208356
vn 0.0319581 0.645412 0.763166
v 0.349124 -0.439477 0.207564
vn 0.129503 0.680483 0.721229
v -0.10187 -0.320123 -0.0699079
vn -0.30874 0.121686 -0.94333
v -0.115478 -0.306236 -0.0628647
vn -0.480885 -0.0658332 -0.874309
v 0.240746 -0.421048 0.128058
vn 0.197012 -0.283568 -0.938496
v 0.18595 -0.418554 0.123271
vn -0.0747656 0.144009 -0.986748
v 0.168674 -0.421477 0.124884
vn -0.225719 0.216717 -0.949781
v 0.152554 -0.421779 0.152739
vn -0.938664 -0.0261629 0.34384
v 0.172968 -0.426784 0.170047
vn -0.425816 0.101829 0.899061
v 0.191344 -0.428463 0.186345
vn -0.566946 -0.795986 0.212083
v 0.273014 -0.431583 0.207737
vn -0.0275458 -0.368224 0.929329
v 0.366151 -0.433998 0.198371
vn 0.195872 0.737001 0.646887
v 0.389303 -0.433542 0.188726
vn 0.392883 0.567443 0.723638
v 0.396379 -0.432335 0.181127
vn 0.458835 0.829946 0.31727
v -0.130383 -0.288783 -0.0567093
vn 0.00737479 0.378955 -0.925386
v -0.0839942 -0.350863 -0.00813563
vn 0.0350451 -0.0829032 0.995941
v -0.0243926 -0.421811 -0.0251524
vn 0.776859 0.287605 0.560154
v 0.357383 -0.421943 0.157285
vn 0.229723 0.957032 -0.176966
v 0.373186 -0.425846 0.163371
vn 0.190943 0.98092 -0.0365535
v 0.179421 -0.423919 0.173514
vn -0.562745 -0.541876 0.624251
v 0.213511 -0.428034 0.204548
vn -0.133756 -0.472558 0.87109
v 0.322166 -0.430339 0.202254
vn 0.151644 0.618091 0.771342
v 0.390858 -0.428637 0.1702
vn 0.234347 0.971049 0.0463165
v -0.137576 -0.290682 -0.021358
vn -0.637426 0.0302066 0.769919
v -0.0397316 -0.400501 -0.0172612
vn 0.51077 0.181323 0.840379
v -0.00628048 -0.43974 -0.0487086
vn 0.860311 0.429796 0.274118
v -0.014698 -0.426418 -0.059595
vn 0.880047 0.383525 -0.280045
v -0.0176709 -0.41929 -0.0628269
vn 0.854216 0.500627 -0.140317
v -0.0321794 -0.399872 -0.0705019
vn 0.882734 -0.297284 -0.363872
v 0.313184 -0.428214 0.202137
vn 0.285186 0.249076 0.925543
v 0.33369 -0.43177 0.201119
vn 0.134529 0.803419 0.580017
v -0.0784623 -0.343831 -0.0766516
vn 0.204786 0.265407 -0.942137
v -0.129881 -0.281388 -0.0618218
vn -0.532015 -0.138602 -0.835314
v -0.141407 -0.276654 -0.0458696
vn -0.805216 0.334881 -0.489369
v -0.119 -0.307769 -0.00892741
vn -0.515628 -0.157946 0.842129
v -0.0517678 -0.37906 -0.0150426
vn 0.364696 0.0858152 0.927164
v -0.0341081 -0.403801 -0.0220185
vn 0.862002 0.387503 0.326794
v -0.0366562 -0.38398 -0.0840656
vn 0.31174 -0.225573 -0.923003
v 0.203776 -0.432019 0.196137
vn -0.612857 -0.322221 0.721512
v 0.385225 -0.429157 0.184302
vn 0.158195 0.943447 0.291344
v -0.0969687 -0.327811 -0.00480932
vn -0.279285 -0.264022 0.923197
v -0.015072 -0.424672 -0.0522367
vn 0.856381 0.501842 0.121517
v 0.282597 -0.418215 0.139464
vn 0.308719 -0.0881388 -0.947061
v 0.224412 -0.419439 0.125089
vn 0.0708389 -0.296929 -0.952268
v 0.161773 -0.411552 0.130989
vn -0.524462 0.243653 -0.815826
v 0.342383 -0.418944 0.158117
vn 0.296776 0.925961 -0.233496
v 0.30825 -0.416922 0.147095
vn 0.226824 0.572653 -0.787794
v 0.156069 -0.418426 0.132533
vn -0.762646 0.202225 -0.614391
v 0.186301 -0.423985 0.182039
vn -0.567843 -0.113369 0.815292
v 0.200131 -0.42682 0.193297
vn -0.683924 0.137981 0.716386
v 0.212553 -0.41003 0.214305
vn -0.155063 -0.479147 0.863929
v 0.248062 -0.422279 0.209549
vn -0.0682567 -0.497141 0.864981
v 0.268116 -0.420473 0.211206
vn 0.0231931 -0.542243 0.839902
v 0.353793 -0.421545 0.169262
vn 0.235991 0.9643 0.120145
v -0.0316897 -0.401124 -0.0618776
vn 0.901034 0.419118 -0.111709
v -0.0955165 -0.318586 -0.0670172
vn 0.285864 0.440362 -0.851095
v -0.140578 -0.263359 -0.0347371
vn -0.98992 0.13792 -0.032189
v -0.0784723 -0.343833 -0.00705011
vn -0.347939 -0.535054 0.769842
v -0.0607975 -0.364268 -0.0133179
vn 0.161669 -0.0773878 0.983806
v -0.0295679 -0.386041 -0.0778437
vn 0.696192 -0.43316 -0.572442
v -0.0577958 -0.356769 -0.0815803
vn 0.0991892 0.360584 -0.927438
v 0.206375 -0.414249 0.122236
vn -0.0475068 -0.316562 -0.947381
v 0.329333 -0.423837 0.191993
vn 0.389078 0.690983 0.60923
v 0.350313 -0.427375 0.189977
vn 0.114891 0.901532 0.417181
v 0.34405 -0.422621 0.182084
vn 0.245257 0.887107 0.391013
v -0.0925077 -0.317375 -0.0673971
vn -0.459002 0.491988 -0.739773
v -0.0908864 -0.332062 -0.00503495
vn -0.618028 -0.66815 0.414268
v 0.322309 -0.412995 0.155964
vn 0.292032 0.753474 -0.589063
v 0.239511 -0.413673 0.119796
vn 0.0601483 -0.402647 -0.913377
v 0.204806 -0.423817 0.199376
vn -0.884686 -0.164047 0.43637
v 0.207507 -0.421791 0.204181
vn -0.561591 -0.472765 0.679049
v 0.308541 -0.421396 0.206229
vn 0.384444 -0.146131 0.911509
v 0.324989 -0.420489 0.195041
vn 0.666377 0.169296 0.726141
v -0.0789714 -0.325366 -0.0765851
vn 0.164013 -0.0884824 -0.982482
v -0.116348 -0.292852 -0.0651609
vn 0.143207 0.227007 -0.963307
v -0.0371923 -0.386282 -0.0234306
vn 0.654874 -0.0417303 0.754585
v -0.0334779 -0.392395 -0.0313263
vn 0.954014 -0.0758841 0.289997
v -0.0304085 -0.401586 -0.0388084
vn 0.906908 0.386983 0.16662
v -0.0311879 -0.396214 -0.0481474
vn 0.991036 -0.0974102 0.0914272
v -0.0287338 -0.39474 -0.0593735
vn 0.941802 -0.33606 0.00849172
v -0.0375971 -0.37118 -0.0846334
vn 0.151719 0.253266 -0.955426
v 0.309534 -0.411107 0.14932
vn 0.529851 0.00685334 -0.848063
v 0.261948 -0.414124 0.127281
vn 0.26078 -0.636309 -0.726019
v 0.163701 -0.413388 0.165849
vn -0.550151 -0.684555 0.478245
v 0.173968 -0.418791 0.177979
vn -0.438975 -0.792906 0.422613
v 0.195893 -0.406714 0.18338
vn -0.777642 0.024961 0.628212
v 0.332163 -0.416733 0.182494
vn 0.739981 0.526328 0.418817
v 0.340603 -0.417745 0.170538
vn 0.425027 0.899096 0.104777
v -0.0660891 -0.341828 -0.0761322
vn 0.137847 0.236014 -0.961923
v -0.104034 -0.319315 -0.00380913
vn -0.61077 -0.432658 0.663149
v 0.152304 -0.414018 0.149386
vn -0.997444 0.049527 0.0515123
v 0.180444 -0.416477 0.179259
vn -0.164882 0.240657 0.956503
v 0.192077 -0.41926 0.184548
vn -0.495296 0.260041 0.828891
v 0.319612 -0.417877 0.20068
vn 0.554951 -0.00782252 0.831846
v 0.331756 -0.41145 0.170646
vn 0.8545 0.508803 -0.104635
v 0.326859 -0.410783 0.162913
vn 0.520116 0.76173 -0.386326
v 0.284554 -0.410579 0.134119
vn 0.417872 -0.123781 -0.900034
v -0.129594 -0.284345 -0.0562564
vn -0.817079 -0.337452 -0.467449
v -0.136793 -0.274561 -0.0495898
vn -0.805621 0.115599 -0.581043
v -0.133769 -0.280709 -0.0165417
vn -0.816063 -0.142758 0.560055
v -0.0284908 -0.389463 -0.0411222
vn 0.95913 -0.253124 0.126482
v 0.194478 -0.409107 0.12298
vn -0.189884 -0.1094 -0.975692
v 0.172689 -0.411004 0.126397
vn -0.243033 0.302906 -0.921511
v 0.156665 -0.412849 0.159927
vn -0.849998 -0.364444 0.380374
v 0.287258 -0.416344 0.211833
vn 0.111845 -0.39893 0.910135
v 0.246938 -0.410638 0.120627
vn 0.295168 -0.11018 -0.949071
v -0.0538428 -0.367922 -0.0126426
vn -0.491623 -0.716087 0.495506
v -0.0423672 -0.376751 -0.0173097
vn 0.0910902 -0.449395 0.888677
v -0.0259869 -0.383947 -0.0702763
vn 0.989687 -0.139717 -0.0315985
v 0.214397 -0.409362 0.1196
vn -0.0108416 0.0884065 -0.996025
v 0.299629 -0.412446 0.210383
vn 0.336091 -0.203734 0.91953
v -0.0521501 -0.35426 -0.0786696
vn 0.318834 0.583674 -0.746773
v -0.0883699 -0.317368 -0.0722824
vn -0.865014 0.264139 -0.426593
v -0.138902 -0.278515 -0.0219939
vn -0.79489 0.0551729 0.60424
v -0.128989 -0.289061 -0.014698
vn -0.784569 -0.506062 0.358263
v -0.0698632 -0.348456 3.40991e-05
vn -0.496106 -0.682137 0.537186
v -0.0302994 -0.384416 -0.0286801
vn 0.900551 -0.140568 0.411399
v -0.0264271 -0.376712 -0.0829776
vn 0.766612 -0.192318 -0.612634
v 0.327563 -0.412243 0.19196
vn 0.72272 0.259048 0.640757
v 0.323193 -0.406841 0.159375
vn 0.686232 0.270974 -0.675025
v -0.0864045 -0.311635 -0.0762183
vn -0.808769 0.0965259 -0.580151
v -0.105844 -0.29571 -0.0625135
vn 0.515147 0.345979 -0.784169
v -0.0933126 -0.323628 0.00205417
vn -0.441195 -0.33301 0.833337
v -0.0505339 -0.365187 -0.0074218
vn -0.0230097 -0.589927 0.807129
v -0.0362779 -0.375621 -0.0180071
vn 0.620283 -0.257063 0.741058
v 0.245549 -0.398649 0.120773
vn 0.0301563 0.0389637 -0.998785
v 0.201693 -0.413396 0.202178
vn -0.787179 -0.578987 0.212421
v 0.198723 -0.410454 0.192264
vn -0.858612 -0.512025 0.0248145
v 0.260062 -0.408945 0.220932
vn -0.0718733 -0.569452 0.818876
v 0.331092 -0.407176 0.184004
vn 0.958852 0.25472 0.125382
v 0.257382 -0.399357 0.123752
vn 0.34867 -0.0680738 -0.93477
v -0.0613481 -0.332238 -0.0732539
vn 0.308171 0.0893321 -0.947127
v -0.0947805 -0.305598 -0.0589246
vn 0.308506 0.488283 -0.816336
v -0.139289 -0.268772 -0.0256113
vn -0.945442 0.0531579 0.321426
v -0.0849265 -0.332673 0.00407014
vn -0.580968 -0.593978 0.556476
v -0.0562803 -0.356087 -0.00227561
vn 0.298677 -0.221963 0.928183
v -0.0275392 -0.378833 -0.0395739
vn 0.994556 -0.0113618 0.103582
v 0.20109 -0.404905 0.118996
vn -0.00285675 0.199682 -0.979857
v 0.168536 -0.401087 0.131062
vn -0.533463 0.156923 -0.831139
v 0.163239 -0.415992 0.177087
vn -0.287464 -0.956241 0.0544748
v 0.187287 -0.406039 0.177254
vn -0.428385 0.151268 0.890844
v 0.236171 -0.403823 0.220485
vn -0.120655 -0.463031 0.878091
v 0.310988 -0.396252 0.153225
vn 0.713579 0.271539 -0.645811
v 0.298892 -0.398648 0.142383
vn 0.574519 0.0306893 -0.817915
v -0.0574495 -0.342882 -0.074405
vn 0.395995 0.37186 -0.839588
v -0.0879687 -0.310716 -0.0635588
vn -0.795622 0.309072 -0.521018
v -0.122796 -0.293334 -0.000845475
vn -0.557584 -0.366916 0.744629
v -0.080133 -0.332252 0.00598847
vn -0.128766 -0.0227682 0.991414
v -0.0694869 -0.343388 0.00285662
vn 0.152018 -0.226851 0.961992
v 0.221691 -0.403071 0.122336
vn -0.114637 0.491327 -0.863398
v 0.177104 -0.406051 0.12834
vn -0.355488 -0.315094 -0.879968
v 0.154118 -0.409663 0.141693
vn -0.908442 0.133903 -0.395984
v 0.165331 -0.413321 0.179208
vn -0.0312583 0.152602 0.987793
v 0.27497 -0.407225 0.222458
vn 0.134855 -0.558456 0.818499
v 0.30969 -0.407323 0.205921
vn 0.524217 0.0729073 0.848458
v 0.328311 -0.403517 0.170134
vn 0.797309 0.486208 -0.357632
v -0.135646 -0.271648 -0.0578629
vn -0.758104 0.151049 -0.634399
v -0.0426993 -0.363231 -0.0101705
vn 0.563214 -0.162669 0.810141
v 0.182963 -0.401429 0.120222
vn -0.158735 -0.0374772 -0.98661
v -0.0266873 -0.367097 -0.0797974
vn 0.437862 0.551312 -0.710163
v -0.132683 -0.282389 -0.00551659
vn -0.837546 -0.207679 0.505358
v -0.0912769 -0.318621 0.00162013
vn 0.0610635 0.202129 0.977453
v -0.0270123 -0.372847 -0.0629558
vn 0.92481 -0.354427 0.138234
v 0.152867 -0.412253 0.169616
vn -0.450911 -0.892521 -0.00924227
v 0.3285 -0.400349 0.182927
vn 0.761236 0.556851 0.33232
v -0.0418614 -0.34716 -0.0670665
vn 0.38426 0.353559 -0.852843
v -0.0662457 -0.322648 -0.07547
vn 0.124152 -0.358583 -0.925205
v -0.0806955 -0.31403 -0.0806638
vn -0.288628 0.032789 -0.95688
v -0.11979 -0.276578 -0.0620483
vn 0.029462 0.431639 -0.901565
v -0.12263 -0.283173 -0.00193264
vn 0.0793679 0.229041 0.970176
v -0.0533783 -0.327365 0.00175141
vn 0.396004 -0.0256998 0.917889
v -0.0343568 -0.354832 -0.0174754
vn 0.80628 -0.114403 0.580366
v 0.209859 -0.40026 0.123435
vn 0.0897023 0.631529 -0.770146
v 0.153446 -0.406753 0.155357
vn -0.999507 -0.0155021 -0.0273117
v 0.155346 -0.411948 0.176088
vn -0.47333 -0.0336598 0.880242
v 0.178357 -0.403043 0.174505
vn -0.000795414 0.196967 0.98041
v 0.306366 -0.401232 0.206855
vn 0.538846 0.516836 0.665226
v -0.0431247 -0.348517 -0.00767205
vn 0.542862 -0.169972 0.822442
v -0.0296958 -0.357991 -0.0284521
vn 0.941475 -0.0891641 0.325076
v -0.0228138 -0.373882 -0.0779151
vn 0.88009 -0.380229 -0.284372
v 0.237208 -0.395986 0.121758
vn -0.338482 0.192539 -0.921064
v 0.15764 -0.401484 0.135754
vn -0.673134 0.343154 -0.655085
v 0.298339 -0.383123 0.142506
vn 0.491996 0.11779 -0.862592
v -0.0921984 -0.296292 -0.0545062
vn -0.485348 0.251174 -0.837465
v -0.070042 -0.328691 0.00606971
vn 0.000967908 -0.0777809 0.99697
v -0.028041 -0.365359 -0.0391858
vn 0.979625 -0.145228 0.138718
v 0.189349 -0.393906 0.126302
vn 0.100893 0.680917 -0.725377
v 0.175228 -0.400123 0.122768
vn -0.570595 -0.0825542 -0.817072
v 0.153776 -0.40236 0.142893
vn -0.965607 0.220939 -0.137072
v 0.150285 -0.408307 0.166475
vn -0.955598 -0.182911 -0.231034
v 0.151123 -0.406205 0.171542
vn -0.888347 0.084388 0.451352
v 0.162538 -0.401954 0.176103
vn -0.0438668 0.21247 0.976182
v 0.183666 -0.392697 0.207929
vn -0.712192 -0.642895 0.281902
v 0.276201 -0.391005 0.131411
vn 0.423332 0.0623196 -0.903829
v -0.0475733 -0.332749 -0.0681216
vn 0.109526 -0.276685 -0.954699
v -0.0878554 -0.312127 0.000276145
vn -0.398699 -0.0786481 0.913703
v -0.019924 -0.36934 -0.0570194
vn 0.396838 -0.881929 0.254403
v 0.194364 -0.404283 0.191999
vn -0.839895 -0.479499 -0.254278
v 0.278301 -0.403456 0.222378
vn 0.432632 0.15488 0.888167
v 0.31463 -0.38612 0.166902
vn 0.646721 0.751257 -0.131773
v -0.0979066 -0.291015 -0.0521727
vn 0.535169 0.32713 -0.778832
v -0.113287 -0.27808 -0.0612934
vn 0.475035 0.284496 -0.832709
v -0.136024 -0.266887 -0.0146652
vn -0.932498 0.0290664 0.360003
v -0.101701 -0.294411 -0.00384195
vn 0.140915 0.241565 0.960099
v 0.220032 -0.394976 0.129046
vn -0.174802 0.545786 -0.819489
v 0.207047 -0.393435 0.131021
vn 0.0782417 0.697061 -0.71273
v 0.194888 -0.402021 0.208212
vn -0.587179 -0.556833 0.587502
v 0.320791 -0.392708 0.183921
vn 0.340975 0.853458 0.394139
v 0.248188 -0.3872 0.117273
vn 0.28016 -0.170321 -0.944723
v -0.0619142 -0.312818 -0.0797588
vn 0.0856142 -0.160232 -0.983359
v -0.0868371 -0.298622 -0.0705922
vn -0.929734 -0.0405962 -0.365988
v -0.0890829 -0.296798 -0.0592939
vn -0.964424 -0.0192226 -0.263659
v -0.129767 -0.272265 -0.00582838
vn -0.463158 0.290339 0.83737
v -0.0251272 -0.363476 -0.040529
vn 0.280872 -0.841328 0.46182
v -0.0160909 -0.366123 -0.0602645
vn 0.915978 -0.39834 -0.0480535
v 0.178696 -0.394417 0.125078
vn -0.0752831 0.690095 -0.719792
v 0.167544 -0.391646 0.131886
vn -0.576814 0.452904 -0.679826
v 0.296502 -0.39828 0.207881
vn 0.298844 0.810248 0.504173
v 0.274469 -0.399292 0.222531
vn 0.491438 0.532559 0.689108
v 0.310776 -0.385555 0.157749
vn 0.713423 0.64091 -0.283305
v -0.138613 -0.255652 -0.0446947
vn -0.780586 0.436058 -0.447816
v 0.159866 -0.395887 0.140742
vn -0.710677 0.309364 -0.631848
v 0.156262 -0.395863 0.148045
vn -0.948285 0.139214 -0.285264
v 0.156177 -0.390683 0.172785
vn -0.418704 0.190927 0.887825
v 0.182629 -0.394199 0.17538
vn -0.259816 0.0573746 0.963952
v 0.200643 -0.397541 0.216156
vn -0.413003 -0.459898 0.786081
v -0.130632 -0.262724 -0.0524394
vn 0.159059 0.670775 -0.724404
v -0.0219856 -0.35646 -0.0647198
vn 0.391461 0.615587 -0.683967
v -0.0329807 -0.348387 -0.0656372
vn 0.012144 -0.204328 -0.978827
v 0.222228 -0.386917 0.131435
vn -0.330937 -0.571984 -0.750543
v 0.150801 -0.39401 0.161928
vn -0.97047 0.209827 -0.119
v 0.263546 -0.397981 0.227195
vn 0.0419049 -0.307206 0.95072
v 0.282693 -0.392608 0.207483
vn 0.654938 0.482188 0.581851
v 0.292664 -0.391744 0.195846
vn 0.264474 0.866206 0.423958
v 0.251731 -0.382396 0.1194
vn 0.411523 0.377273 -0.829647
v -0.0529781 -0.31824 -0.0776772
vn 0.0932687 -0.419517 -0.902943
v -0.1174 -0.271639 -0.0555343
vn -0.104477 0.604859 -0.789449
v -0.0866434 -0.301639 0.00596673
vn -0.287163 -0.301136 0.909316
v -0.0752246 -0.314608 0.00583504
vn -0.262712 -0.156537 0.952092
v -0.0651535 -0.322446 0.00629206
vn 0.238147 0.0677508 0.968863
v -0.0381272 -0.329747 -0.00652826
vn 0.470381 -0.203221 0.858745
v -0.0285605 -0.352904 -0.0267807
vn 0.429299 -0.591153 0.682818
v -0.0131393 -0.355456 -0.0555269
vn 0.912665 0.130919 -0.387174
v 0.242915 -0.383758 0.116127
vn -0.16628 -0.441658 -0.88164
v 0.23701 -0.388477 0.123979
vn -0.581941 -0.100042 -0.807054
v 0.208561 -0.387273 0.13525
vn -0.180192 0.114806 -0.976909
v 0.191109 -0.392301 0.180843
vn -0.842134 -0.270253 0.466662
v 0.210355 -0.397312 0.219116
vn -0.16766 -0.274795 0.946772
v 0.238196 -0.395958 0.223237
vn -0.122788 -0.0590443 0.990675
v 0.296886 -0.386849 0.184286
vn 0.777828 0.349351 0.522435
v 0.273673 -0.379094 0.132954
vn 0.387957 0.355244 -0.850465
v -0.0679644 -0.299835 -0.0792829
vn -0.173661 0.0551041 -0.983263
v -0.0970245 -0.281345 -0.0497621
vn 0.386679 0.352045 -0.852375
v -0.139634 -0.255429 -0.0306748
vn -0.935651 0.299611 0.186522
v -0.0328739 -0.339078 -0.0144461
vn 0.289755 -0.532733 0.795134
v -0.0153856 -0.362914 -0.0462717
vn 0.676123 -0.69697 0.238936
v 0.272861 -0.392328 0.22198
vn 0.690484 -0.458388 0.559564
v 0.285512 -0.389064 0.209184
vn 0.394388 -0.908286 0.139552
v 0.300309 -0.387579 0.181001
vn 0.38533 0.862672 0.327592
v 0.300019 -0.383083 0.170683
vn 0.363829 0.898893 0.244172
v 0.299919 -0.380165 0.146007
vn 0.769038 0.461653 -0.442106
v -0.104312 -0.2819 -0.00542962
vn -0.718717 -0.472208 0.510359
v -0.020765 -0.352666 -0.024754
vn -0.0444501 -0.771255 0.634972
v -0.0140761 -0.354679 -0.0302063
vn 0.371554 -0.791317 0.485557
v -0.0411173 -0.324874 -0.0724112
vn -0.0218419 -0.352402 -0.935594
v -0.0923739 -0.282378 -0.053159
vn -0.918488 -0.269777 -0.289135
v 0.299332 -0.380441 0.159512
vn 0.400385 0.906064 0.136892
v 0.193118 -0.384 0.137633
vn -0.00188613 -0.0499996 -0.998747
v 0.156974 -0.391936 0.145604
vn -0.817802 0.365629 -0.444426
v 0.158439 -0.38233 0.170901
vn -0.102179 0.377194 0.920481
v 0.26621 -0.390587 0.227846
vn -0.03363 0.221292 0.974628
v -0.121736 -0.263045 -0.0457211
vn -0.12408 0.526463 -0.841095
v -0.135344 -0.260432 -0.016819
vn -0.703898 0.412998 0.577894
v -0.0921623 -0.295706 0.00527382
vn -0.68059 -0.461889 0.568732
v -0.0753094 -0.305492 0.00615832
vn 0.15006 -0.0498929 0.987417
v -0.0111855 -0.352312 -0.0316692
vn 0.878216 -0.468019 0.0984607
v 0.174995 -0.389903 0.172639
vn -0.0926543 0.288235 0.953067
v 0.183883 -0.391827 0.200213
vn -0.735844 -0.612987 -0.287716
v 0.297781 -0.381143 0.180534
vn 0.756317 -0.472895 -0.452056
v 0.292528 -0.377411 0.165261
vn 0.861804 0.505305 -0.0442752
v 0.236403 -0.375225 0.118244
vn 0.245557 0.637924 -0.7299
v -0.028086 -0.338889 -0.0688691
vn 0.259063 -0.236342 -0.936498
v -0.0232336 -0.350548 -0.0629246
vn 0.496576 -0.063754 -0.865649
v -0.0910874 -0.279705 -0.0654575
vn -0.905144 -0.283999 -0.316321
v -0.112044 -0.272061 -0.0584151
vn 0.441956 0.475341 -0.76074
v -0.0655347 -0.309168 0.00326031
vn 0.514318 0.238963 0.823634
v 0.175954 -0.38416 0.136677
vn -0.354677 0.404528 -0.842948
v 0.154362 -0.388621 0.17022
vn -0.921596 0.345251 0.177379
v 0.183538 -0.38587 0.175652
vn -0.654814 -0.0399816 0.754731
v 0.188314 -0.384981 0.184603
vn -0.841341 -0.513708 -0.168074
v 0.284305 -0.387189 0.218007
vn 0.41467 -0.835624 0.360252
v 0.303446 -0.383595 0.20703
vn 0.410012 -0.851825 0.326013
v 0.315268 -0.380608 0.194012
vn 0.491496 -0.86457 -0.104646
v 0.313829 -0.377263 0.188922
vn 0.739783 -0.20646 -0.640387
v 0.297615 -0.37749 0.151128
vn 0.693433 0.706764 0.140127
v 0.294259 -0.374914 0.142942
vn 0.420942 0.401209 -0.813535
v -0.0815514 -0.290806 -0.07483
vn -0.291384 0.128684 -0.947911
v -0.0869071 -0.282089 -0.0710508
vn -0.623772 -0.0416248 -0.780497
v -0.123029 -0.263312 -0.00740456
vn -0.0337713 0.155536 0.987253
v -0.0409474 -0.323289 -0.00542305
vn 0.227462 0.231475 0.945876
v -0.0112881 -0.350342 -0.0392605
vn 0.982399 -0.0900907 -0.163632
v 0.186362 -0.387656 0.214346
vn -0.504241 -0.41269 0.758569
v 0.284392 -0.384468 0.221133
vn 0.474333 -0.422469 0.772352
v 0.29211 -0.369622 0.145941
vn 0.330503 0.707514 -0.624653
v 0.257622 -0.375471 0.128387
vn 0.286497 0.670146 -0.684708
v -0.127896 -0.25947 -0.0112683
vn -0.739715 0.188694 0.645923
v -0.0541406 -0.308203 -0.0048208
vn 0.43136 0.344525 0.833805
v -0.0214924 -0.339346 -0.0101614
vn -0.10973 -0.67341 0.73108
v -0.0148093 -0.342591 -0.0139111
vn 0.226054 -0.697514 0.679981
v 0.16476 -0.385523 0.142014
vn -0.622843 0.455953 -0.635747
v 0.175916 -0.378514 0.1688
vn -0.195124 0.314716 0.928914
v 0.243427 -0.385152 0.222711
vn -0.0798878 0.289908 0.953715
v 0.315897 -0.376418 0.205754
vn 0.545052 -0.597769 0.58787
v 0.322816 -0.369144 0.20445
vn 0.914309 -0.373242 0.157255
v 0.295986 -0.370913 0.169179
vn 0.770341 -0.238026 -0.591539
v 0.227013 -0.381139 0.114877
vn -0.139753 -0.638581 -0.756758
v -0.131346 -0.247422 -0.0383194
vn -0.293812 0.451338 -0.842597
v -0.13386 -0.245621 -0.0346312
vn -0.914965 0.357645 -0.186892
v -0.134556 -0.253563 -0.0233001
vn -0.929386 0.217852 0.297964
v -0.109375 -0.271793 0.00802578
vn -0.648579 -0.514213 0.561186
v -0.0146878 -0.345568 -0.0576348
vn 0.771783 0.0287742 -0.635235
v 0.203977 -0.381973 0.132207
vn -0.25959 -0.829808 -0.493996
v 0.157733 -0.384236 0.153757
vn -0.871114 0.412618 -0.266285
v 0.188612 -0.378234 0.219254
vn -0.251836 -0.18702 0.949527
v 0.31735 -0.370761 0.197744
vn 0.705343 0.418312 -0.572281
v 0.290495 -0.371419 0.158733
vn 0.967067 0.24818 -0.0564594
v 0.198641 -0.366779 0.114277
vn 0.0312636 0.138254 -0.989903
v 0.209958 -0.376056 0.11608
vn -0.30792 -0.769082 -0.560088
v -0.0720058 -0.282435 -0.0790458
vn -0.284199 0.0487486 -0.957525
v -0.118257 -0.256067 -0.0504259
vn 0.426606 0.559301 -0.710767
v -0.120717 -0.256494 -0.0500025
vn -0.75798 -0.0161062 -0.652079
v -0.0338322 -0.32902 -0.00560848
vn -0.363431 -0.614265 0.700426
v -0.00851756 -0.33939 -0.0142648
vn 0.617327 -0.625146 0.477598
v -0.0241239 -0.334451 -0.067174
vn 0.603479 -0.00990983 -0.797318
v -0.0388821 -0.315177 -0.075253
vn 0.305918 -0.0777498 -0.948878
v 0.179085 -0.381477 0.134115
vn 0.0182185 -0.812129 -0.583193
v 0.278918 -0.382084 0.223656
vn 0.220895 0.297008 0.928974
v 0.272117 -0.379256 0.222541
vn -0.0655719 0.626263 0.77685
v 0.309788 -0.367861 0.190859
vn 0.573815 0.8056 -0.147464
v 0.290915 -0.366847 0.152056
vn 0.708537 0.665539 -0.234593
v -0.061058 -0.292165 -0.0814023
vn -0.0394309 0.000893634 -0.999222
v -0.135296 -0.244234 -0.0228086
vn -0.933971 -0.331024 0.134619
v -0.123977 -0.258951 -0.00460419
vn -0.788368 -0.552044 0.27152
v -0.0909528 -0.281379 0.0116889
vn -0.00479439 -0.123048 0.992389
v 0.163343 -0.379144 0.145731
vn -0.784392 0.349001 -0.512764
v 0.17305 -0.379378 0.208126
vn -0.692299 -0.581218 0.427677
v 0.251467 -0.379202 0.219955
vn -0.0372016 0.587298 0.808516
v 0.317433 -0.368167 0.208194
vn 0.420391 -0.0600858 0.905352
v -0.107443 -0.261705 -0.0454381
vn 0.328786 0.466889 -0.820923
v -0.0704252 -0.294655 0.00477167
vn 0.547942 0.237806 0.802002
v -0.0375963 -0.321037 -0.003828
vn -0.941243 -0.220915 0.255458
v -0.0327548 -0.318327 0.00645944
vn -0.132254 -0.572697 0.809029
v -0.00682679 -0.339542 -0.0275758
vn 0.911285 -0.229408 -0.341953
v 0.173101 -0.374935 0.127405
vn -0.813469 -0.371023 -0.447896
v 0.169879 -0.375718 0.140975
vn -0.824538 -0.194937 -0.531165
v 0.214684 -0.381221 0.220552
vn -0.0231731 0.110797 0.993573
v 0.321808 -0.365629 0.200855
vn 0.227941 -0.103401 -0.968169
v 0.299396 -0.358694 0.198092
vn 0.346845 0.433913 -0.831515
v 0.25197 -0.370437 0.133152
vn 0.153187 0.893236 -0.422685
v 0.277336 -0.364904 0.147323
vn 0.0271761 0.86304 -0.504403
v 0.216111 -0.368099 0.11987
vn 0.181626 0.930677 -0.317572
v -0.0978327 -0.260284 -0.0658415
vn -0.729779 -0.25541 -0.634183
v -0.103476 -0.256404 -0.0582141
vn -0.874255 -0.424702 -0.235175
v -0.104236 -0.259599 -0.0449548
vn -0.836816 -0.416669 -0.355142
v -0.0366673 -0.308788 0.0106474
vn -0.487001 -0.553918 0.675282
v -0.0151209 -0.329316 -0.0503356
vn 0.933727 -0.0542703 -0.353848
v 0.175127 -0.377084 0.123759
vn -0.309179 -0.581586 -0.75244
v 0.299008 -0.364293 0.172423
vn 0.803326 0.322505 -0.500657
v -0.128885 -0.24945 -0.0133392
vn -0.873568 -0.453605 0.176414
v -0.128419 -0.250001 0.00269745
vn -0.817554 -0.519828 0.247759
v -0.0140449 -0.327167 -0.00181203
vn 0.238662 -0.444 0.863658
v -0.0077512 -0.330373 -0.00610981
vn 0.415676 -0.550008 0.724365
v -0.0047984 -0.33855 -0.020444
vn 0.858044 -0.502129 0.107825
v -0.0205135 -0.330493 -0.061126
vn 0.854503 0.0761989 -0.513827
v -0.0518569 -0.297052 -0.0797539
vn 0.352338 0.108877 -0.929518
v 0.17928 -0.375127 0.171468
vn -0.763193 -0.286551 0.579159
v 0.179807 -0.378915 0.185658
vn -0.518518 -0.749523 -0.411527
v 0.180221 -0.37372 0.176504
vn -0.552011 -0.803195 -0.223967
v 0.17219 -0.380558 0.200579
vn -0.630583 -0.764112 -0.136003
v 0.218242 -0.377555 0.218506
vn 0.10383 0.488094 0.866593
v 0.25698 -0.370915 0.212583
vn -0.0530155 0.645758 0.761699
v 0.289917 -0.369771 0.215
vn 0.0428794 0.595328 0.802338
v 0.325192 -0.356865 0.20309
vn 0.150386 0.433002 0.888759
v 0.265008 -0.367102 0.143241
vn -0.0346961 0.950436 -0.308978
v -0.0906657 -0.260065 -0.0709803
vn -0.386336 -0.0159354 -0.922221
v -0.135731 -0.237882 -0.0310924
vn -0.909051 -0.0935273 -0.406053
v -0.100577 -0.267978 0.0113304
vn 0.139438 0.188153 0.972191
v -0.0612602 -0.296766 -0.00591125
vn 0.64851 0.461467 0.605378
v -0.0402646 -0.300902 0.0114149
vn -0.993571 -0.111586 0.0191207
v -0.0239373 -0.318927 -0.0665783
vn 0.75003 -0.190361 -0.633417
v 0.164703 -0.372324 0.151085
vn -0.868249 -0.245433 -0.431168
v 0.157683 -0.377977 0.164614
vn -0.968175 0.092336 -0.232618
v 0.19352 -0.371914 0.221583
vn 0.057086 0.0745325 0.995583
v 0.326265 -0.356854 0.199583
vn 0.393771 -0.45939 -0.796182
v 0.289967 -0.355167 0.191496
vn 0.39458 0.917633 -0.0474926
v 0.289158 -0.359142 0.158106
vn 0.667364 0.551069 -0.500947
v -0.0565875 -0.289411 -0.079895
vn 0.341187 0.0843356 -0.936205
v -0.129266 -0.241132 -0.0403378
vn -0.423557 0.392992 -0.816185
v -0.123509 -0.249306 0.00879376
vn -0.396461 -0.174283 0.901357
v -0.0443261 -0.30273 -0.010502
vn 0.0658913 0.181125 0.98125
v 0.175484 -0.367238 0.1254
vn -0.822241 0.203114 -0.531662
v 0.179648 -0.368707 0.1209
vn -0.35346 -0.313167 -0.881472
v 0.163617 -0.363402 0.210014
vn -0.514584 -0.237023 0.824029
v 0.294857 -0.35738 0.204474
vn -0.0272684 0.611001 0.79116
v 0.311822 -0.355437 0.197366
vn -0.0109875 -0.455388 -0.890225
v 0.296067 -0.358339 0.176118
vn 0.611353 0.781313 -0.125686
v 0.254138 -0.363749 0.153481
vn -0.00102071 0.919781 -0.39243
v 0.240412 -0.364183 0.149772
vn 0.151808 0.918 -0.366374
v 0.211419 -0.364933 0.134653
vn 0.192327 0.954884 -0.226289
v 0.202004 -0.363859 0.118495
vn 0.490806 0.785904 -0.376118
v -0.140746 -0.233185 -0.013546
vn -0.866577 -0.484593 0.119225
v -0.134904 -0.23735 0.00203038
vn -0.816963 -0.217703 0.53402
v -0.0876534 -0.276228 0.00792896
vn 0.617255 0.50255 0.605343
v -0.0588377 -0.29055 -0.0119723
vn 0.187376 0.0142948 0.982184
v -0.0358646 -0.308379 -0.00859429
vn -0.967098 -0.0909982 0.237573
v -0.0141471 -0.323485 -0.0512062
vn 0.737313 -0.412615 -0.5349
v -0.0267728 -0.313858 -0.0689151
vn 0.566055 0.140407 -0.812322
v 0.191005 -0.363395 0.115919
vn -0.15061 0.134511 -0.9794
v 0.167667 -0.370415 0.135121
vn -0.793425 -0.46588 -0.391704
v 0.166977 -0.363878 0.135921
vn -0.553314 0.531443 -0.641414
v 0.166324 -0.370124 0.164015
vn -0.192809 0.390368 0.900243
v 0.236073 -0.365637 0.208486
vn 0.0331733 0.505928 0.861938
v -0.059844 -0.279499 -0.080201
vn 0.0773509 0.171329 -0.982173
v -0.1438 -0.225967 -0.0204481
vn -0.98406 -0.0890339 -0.153945
v -0.0244684 -0.310193 0.00819562
vn 0.483526 -0.316889 0.815956
v -0.0360006 -0.302329 -0.0728871
vn 0.518949 0.187452 -0.833998
v 0.224197 -0.361476 0.209369
vn 0.247328 0.22184 0.943194
v 0.298444 -0.349817 0.199694
vn 0.0186687 0.337654 0.941085
v 0.281323 -0.35591 0.162161
vn -0.0324779 0.948863 -0.314014
v 0.1802 -0.357592 0.119145
vn -0.374208 0.271117 -0.886828
v 0.156381 -0.369426 0.154736
vn -0.96076 -0.252373 -0.115098
v 0.15731 -0.374798 0.164762
vn -0.57056 0.526981 0.629883
v 0.171836 -0.369203 0.170718
vn -0.61156 -0.787622 -0.0751416
v -0.000894731 -0.32731 -0.0271762
vn 0.834796 -0.414349 -0.362534
v -0.126456 -0.232077 -0.0328179
vn -0.316929 0.20456 -0.926127
v -0.139802 -0.229968 -0.00662509
vn -0.887514 0.209448 0.410427
v -0.126718 -0.237448 0.00764671
vn -0.210258 0.184334 0.960111
v -0.11761 -0.247029 0.0081546
vn 0.220945 0.233225 0.94699
v 0.259856 -0.356474 0.166853
vn 0.0230665 0.909794 -0.414419
v 0.227841 -0.361042 0.148233
vn 0.631171 -0.273996 -0.725637
v 0.212076 -0.363119 0.137456
vn 0.666065 0.0146928 -0.745749
v 0.196698 -0.35761 0.119401
vn 0.583242 0.123027 -0.802928
v 0.168143 -0.367233 0.163895
vn -0.671508 0.106877 0.733249
v 0.158375 -0.361337 0.145019
vn -0.775114 0.255522 -0.577847
v 0.15766 -0.365623 0.148009
vn -0.836783 -0.443221 -0.321479
v 0.163134 -0.371773 0.202761
vn -0.822069 -0.524715 0.221082
v 0.165519 -0.370339 0.188003
vn -0.991794 -0.0316438 -0.123865
v 0.166469 -0.376395 0.195316
vn -0.596779 -0.759075 -0.260114
v 0.206608 -0.367128 0.217052
vn 0.275374 0.294708 0.91505
v 0.325989 -0.345885 0.199817
vn 0.198031 0.00704135 0.98017
v 0.312682 -0.333056 0.182934
vn 0.0289977 -0.506961 -0.861481
v 0.289015 -0.35539 0.168342
vn 0.257317 0.959986 -0.110522
v -0.0157982 -0.310665 0.00232781
vn 0.394889 -0.154131 0.905708
v -0.0733359 -0.262398 -0.0754298
vn -0.118228 0.131911 -0.984186
v -0.138682 -0.223227 -0.0252185
vn -0.65703 0.16529 -0.735521
v -0.102324 -0.24258 -0.0667653
vn -0.506598 -0.0270392 -0.861758
v -0.117204 -0.233707 -0.0543627
vn -0.837597 -0.447512 -0.313311
v -0.117619 -0.240411 -0.0390775
vn -0.735855 -0.334451 -0.588778
v -0.135687 -0.229766 -0.00147316
vn -0.427771 0.602211 0.674058
v -0.103654 -0.253817 0.00440819
vn 0.58044 0.446378 0.681055
v -0.0907961 -0.260812 -0.0025234
vn 0.425916 0.127626 0.895716
v -0.0510885 -0.291925 -0.0107153
vn -0.540852 -0.660298 0.521043
v -0.041587 -0.298462 -0.00647001
vn -0.660449 -0.59444 0.458746
v -0.0406457 -0.287797 0.0126102
vn -0.91509 -0.349892 0.200465
v 0.00212615 -0.325464 -0.0193133
vn 0.939725 -0.3369 -0.0584379
v -0.00513362 -0.311531 -0.0515672
vn 0.728134 -0.124145 -0.674098
v 0.242663 -0.354889 0.162936
vn 0.419542 0.659152 -0.624101
v 0.217977 -0.353937 0.133357
vn 0.57037 -0.275241 -0.7739
v 0.194508 -0.353223 0.119621
vn -0.00560166 0.610585 -0.791931
v 0.167964 -0.371131 0.183223
vn -0.506117 -0.784847 -0.357576
v -0.117504 -0.228347 -0.0563007
vn -0.685513 -0.0585785 -0.7257
v -0.139558 -0.216372 -0.0211947
vn -0.302366 0.844811 0.44144
v -0.109353 -0.243768 0.006658
vn 0.0324438 -0.257084 0.965844
v -0.0017057 -0.316128 -0.00158803
vn 0.183115 -0.291102 0.939004
v 0.0045081 -0.316106 -0.00488645
vn 0.773537 -0.502138 0.38665
v 0.278301 -0.353165 0.183214
vn 0.0972631 0.979667 -0.175476
v 0.241499 -0.352687 0.156638
vn 0.797128 -0.589186 -0.13209
v 0.176009 -0.355012 0.123316
vn -0.853018 -0.211423 -0.477139
v 0.176755 -0.358879 0.135223
vn -0.86135 0.336785 -0.380331
v 0.160762 -0.362863 0.155641
vn -0.599525 0.449125 0.662463
v 0.16131 -0.366023 0.203618
vn -0.914021 -0.19505 -0.355697
v 0.185519 -0.366052 0.219849
vn -0.372084 -0.119839 0.92043
v 0.32858 -0.340803 0.194585
vn 0.908853 -0.131622 -0.395805
v 0.324789 -0.341732 0.191114
vn 0.461645 -0.316886 -0.828533
v -0.0283971 -0.293407 -0.0645672
vn 0.503611 0.152316 -0.850397
v -0.0388952 -0.286361 -0.0684613
vn 0.496468 0.0775308 -0.864586
v -0.047616 -0.279167 -0.0756637
vn 0.359094 -0.112456 -0.926501
v -0.128986 -0.220075 -0.042161
vn -0.831357 -0.428771 -0.353555
v -0.119129 -0.232648 0.00738579
vn -0.0180275 0.716815 0.697031
v 0.329286 -0.338663 0.198544
vn 0.958418 0.00861876 0.285238
v 0.273597 -0.350316 0.190607
vn 0.40685 0.6928 -0.595401
v 0.244052 -0.347731 0.150683
vn 0.703732 -0.407874 -0.581721
v 0.158242 -0.356188 0.152988
vn -0.962738 -0.223601 0.152113
v 0.164606 -0.36413 0.1752
vn -0.946713 -0.314488 0.0695196
v 0.196651 -0.366603 0.220988
vn 0.247673 -0.0457806 0.967761
v -0.0313342 -0.292298 0.0208818
vn 0.374611 -0.464297 0.802555
v -0.0379475 -0.296344 0.0202833
vn -0.370371 -0.48915 0.789657
v -0.0328527 -0.305274 0.0147796
vn 0.158505 -0.557177 0.815126
v -0.00326568 -0.316048 -0.0468411
vn 0.667129 -0.567232 -0.482894
v -0.0527501 -0.266495 -0.0755874
vn 0.11533 0.17547 -0.977706
v -0.0897172 -0.242631 -0.0714307
vn -0.251777 0.208166 -0.945132
v -0.12991 -0.227599 -0.00220423
vn 0.0594521 0.885112 0.461565
v -0.0750221 -0.267626 -0.00192034
vn -0.540205 -0.663186 0.518038
v 0.259121 -0.352034 0.176517
vn 0.386925 0.724282 -0.570706
v 0.23282 -0.349265 0.143698
vn 0.338588 0.528206 -0.778689
v 0.202041 -0.349111 0.125881
vn 0.158525 0.860307 -0.484501
v 0.250702 -0.352716 0.203144
vn 0.121267 0.176613 0.976782
v -0.0394957 -0.282441 0.0268172
vn -0.7679 -0.406338 0.495195
v -0.0108793 -0.30415 0.00122465
vn 0.0363083 -0.228342 0.972904
v 0.000868295 -0.3142 -0.0413684
vn 0.93227 -0.235737 -0.27441
v -0.0208782 -0.301191 -0.0602711
vn 0.597098 0.168986 -0.784167
v -0.136996 -0.214441 -0.0303671
vn -0.858279 -0.251555 -0.447301
v -0.0849804 -0.258078 -0.000780657
vn -0.317189 -0.596002 0.737681
v 0.24165 -0.343679 0.148763
vn 0.142392 0.10199 -0.984542
v 0.181408 -0.350308 0.125702
vn -0.0819997 0.84585 -0.52708
v 0.162156 -0.355288 0.14879
vn -0.647239 0.00369659 -0.762278
v 0.208057 -0.359712 0.214888
vn 0.405489 -0.0685104 0.911529
v 0.256601 -0.346915 0.202096
vn 0.145492 -0.0839986 0.985787
v 0.296966 -0.343999 0.199
vn 0.01904 -0.0735914 0.997107
v 0.320695 -0.339523 0.201296
vn 0.0530726 -0.307503 0.950066
v 0.00401724 -0.313972 -0.0203726
vn 0.957061 -0.238593 -0.164644
v -0.110246 -0.228776 -0.0600709
vn -0.143603 0.512385 -0.846664
v -0.122338 -0.225277 -0.0118008
vn 0.0615055 0.892394 0.447047
v 0.285486 -0.348156 0.195711
vn 0.00934911 -0.448583 -0.893692
v 0.243344 -0.347799 0.16847
vn 0.936953 -0.169921 -0.305363
v 0.220266 -0.347752 0.138147
vn 0.324327 0.71583 -0.618385
v 0.171535 -0.356317 0.144015
vn -0.733971 -0.394453 -0.552895
v 0.166972 -0.361397 0.191304
vn -0.96075 -0.0255868 -0.276234
v 0.312946 -0.317964 0.1771
vn 0.35735 -0.323354 -0.876209
v -0.0224927 -0.288064 0.0147516
vn 0.692302 -0.317044 0.648229
v -0.0142126 -0.289775 0.00506377
vn 0.324098 -0.216826 0.92084
v -0.000517383 -0.300044 -0.0447488
vn 0.645546 0.140857 -0.750619
v -0.135498 -0.210793 -0.0299642
vn -0.434249 0.683396 0.586855
v -0.135476 -0.20811 -0.0366948
vn -0.797021 0.0790535 -0.598755
v -0.127129 -0.218856 -0.0218347
vn -0.247295 0.651689 0.71704
v -0.102969 -0.239134 0.0100334
vn -0.110795 -0.090994 0.989669
v -0.0945991 -0.24992 0.00459854
vn -0.260683 -0.653284 0.71082
v -0.0623545 -0.275523 0.00495382
vn -0.626127 -0.652725 0.426514
v -0.0700975 -0.266533 0.00512859
vn -0.496592 -0.542931 0.677217
v 0.264711 -0.341578 0.188662
vn 0.497952 0.226073 -0.837219
v 0.2274 -0.343487 0.148125
vn -0.0208025 0.692343 -0.721269
v 0.160117 -0.354481 0.158337
vn -0.48753 -0.872499 0.0325586
v 0.167912 -0.356016 0.17973
vn -0.996126 -0.0488502 0.0731213
v 0.159873 -0.36031 0.206548
vn -0.902848 -0.153164 0.401754
v 0.19222 -0.357506 0.223723
vn -0.123684 -0.0697326 0.989868
v 0.223461 -0.352435 0.20993
vn 0.350571 -0.381113 0.855484
v 0.322299 -0.315615 0.205975
vn 0.425555 -0.171964 0.888443
v -0.0415369 -0.279763 0.0187686
vn -0.597466 -0.672172 0.437287
v 0.00220315 -0.307696 0.00235283
vn 0.078896 -0.368582 0.926241
v 0.00992021 -0.305411 -0.00822916
vn 0.892808 -0.392444 -0.221089
v -0.0150573 -0.29423 -0.0561128
vn 0.601694 -0.0786973 -0.79484
v -0.0289459 -0.284467 -0.0643047
vn 0.33376 -0.385638 -0.860167
v -0.077811 -0.244145 -0.0737281
vn -0.0441239 0.135422 -0.989805
v -0.0926537 -0.234717 -0.0648692
vn -0.191237 0.621167 -0.759986
v -0.0811204 -0.25295 0.00857305
vn -0.261224 -0.427763 0.865321
v -0.067968 -0.257195 0.0104425
vn -0.799721 -0.502286 0.32887
v -0.0598272 -0.272228 0.0142791
vn -0.586954 -0.710319 0.3885
v 0.249435 -0.3423 0.177637
vn 0.615274 0.295616 -0.730786
v 0.218063 -0.345406 0.143554
vn -0.00280758 0.969171 -0.246373
v 0.183227 -0.347275 0.134817
vn 0.0538647 0.976797 -0.207282
v 0.170451 -0.345991 0.132648
vn -0.11373 0.855864 -0.504541
v 0.163518 -0.347943 0.137167
vn -0.75448 -0.377802 -0.53668
v 0.165187 -0.354504 0.172291
vn -0.570589 -0.808986 0.141318
v 0.283363 -0.336726 0.200557
vn 0.0496825 -0.327722 0.943467
v 0.3241 -0.323731 0.185885
vn 0.711648 -0.0312496 -0.701841
v -0.0365063 -0.274068 0.0358389
vn -0.173638 -0.626161 0.760113
v -0.0289833 -0.281526 0.0269976
vn 0.645791 -0.474725 0.597989
v 0.00572852 -0.295808 -0.0349988
vn 0.945651 -0.158598 -0.283884
v -0.123662 -0.213509 -0.0476132
vn -0.409928 0.404096 -0.817719
v -0.0670634 -0.260703 0.0220072
vn -0.830323 -0.54316 0.124665
v 0.243743 -0.333154 0.146743
vn 0.549946 -0.0597035 -0.833063
v 0.164186 -0.354595 0.19118
vn -0.642359 -0.685556 -0.342619
v -0.0434489 -0.271927 0.0312066
vn -0.510844 -0.709358 0.485643
v -0.0124245 -0.286967 -0.0565624
vn 0.473421 -0.43097 -0.768204
v -0.105198 -0.22288 -0.0539237
vn 0.240478 0.769061 -0.592213
v -0.130025 -0.210157 -0.0273936
vn -0.860971 -0.0306742 0.507728
v -0.115534 -0.225376 -0.00901603
vn -0.483415 0.418185 0.769046
v -0.0745454 -0.24305 0.0312525
vn -0.722769 -0.465518 0.510782
v -0.0632458 -0.262988 0.0271096
vn -0.548471 -0.632007 0.54749
v 0.235814 -0.337665 0.148067
vn -0.17495 -0.223819 -0.9588
v 0.206384 -0.342058 0.154249
vn -0.062359 0.646322 -0.760513
v 0.154886 -0.350184 0.153325
vn -0.765336 -0.528831 -0.366877
v 0.200541 -0.353452 0.22099
vn 0.374252 -0.489813 0.787413
v 0.252565 -0.339062 0.2054
vn 0.25479 -0.344719 0.903466
v 0.327266 -0.320042 0.190681
vn 0.889273 0.0713877 -0.451771
v 0.0126749 -0.300455 0.000386092
vn 0.724392 -0.556183 0.40733
v 0.00804184 -0.292701 -0.021719
vn 0.897272 -0.317767 -0.306475
v -0.0353512 -0.27378 -0.0730996
vn 0.286843 -0.293327 -0.911965
v -0.0672686 -0.238369 -0.0727156
vn 0.0872574 0.197294 -0.976453
v -0.095299 -0.224038 -0.0535208
vn -0.27301 0.683188 -0.677289
v -0.117574 -0.213897 -0.0485297
vn 0.109346 0.710125 -0.695533
v -0.132441 -0.201391 -0.0357324
vn -0.612423 0.748763 -0.253557
v -0.119555 -0.2173 -0.0143895
vn -0.743371 -0.227742 0.628914
v -0.097987 -0.233637 0.00596058
vn -0.0348763 0.824202 0.565221
v -0.0844913 -0.241453 0.00964544
vn -0.337995 -0.380164 0.86095
v -0.0702772 -0.253939 0.00774681
vn -0.574206 -0.573129 0.584646
v 0.251396 -0.335484 0.177193
vn 0.816867 -0.572599 -0.0697021
v 0.255491 -0.322565 0.15785
vn 0.712834 -0.213235 -0.66813
v 0.252754 -0.336194 0.159546
vn 0.866065 -0.486503 -0.115095
v 0.203037 -0.345227 0.14794
vn -0.0228794 0.960944 -0.275795
v 0.157776 -0.355181 0.200137
vn -0.636898 -0.769695 -0.0439294
v -0.0790953 -0.242294 0.0210079
vn -0.759066 -0.605954 0.237988
v -0.0617364 -0.251947 0.0366165
vn -0.482412 -0.299046 0.823317
v -0.0451569 -0.26169 0.0418504
vn -0.414876 -0.554058 0.721733
v -0.0364383 -0.269433 -0.073747
vn 0.208458 0.230098 -0.950579
v -0.0758097 -0.230826 -0.0702697
vn -0.204853 0.377901 -0.902899
v -0.1017 -0.227586 -0.00110312
vn -0.729637 -0.306793 0.611153
v -0.0929343 -0.23342 0.00753184
vn -0.703972 -0.419721 0.572938
v 0.223334 -0.337773 0.152933
vn -0.243594 0.175115 -0.953938
v 0.16705 -0.340635 0.148294
vn 0.188462 0.920037 -0.343532
v 0.14972 -0.344437 0.158104
vn -0.972351 -0.0074199 -0.233408
v 0.151591 -0.349095 0.159831
vn -0.719463 -0.692223 -0.0565625
v 0.15577 -0.353039 0.175441
vn -0.462713 -0.886312 -0.0186527
v 0.168893 -0.344326 0.214663
vn -0.401635 -0.073378 0.912855
v 0.307996 -0.324467 0.207512
vn -0.0302622 -0.356782 0.933698
v 0.326451 -0.314841 0.201988
vn 0.923745 0.0377721 0.381142
v 0.00431766 -0.296603 0.00505146
vn -0.0737771 -0.175026 0.981796
v -0.123418 -0.205216 -0.00877644
vn -0.77418 -0.43207 0.462559
v 0.225602 -0.333317 0.150309
vn -0.345793 -0.509951 -0.78764
v 0.206257 -0.335018 0.155745
vn -0.130838 -0.0709979 -0.988858
v 0.182124 -0.342083 0.153518
vn 0.0700932 0.703135 -0.707593
v 0.183477 -0.345022 0.149523
vn 0.119765 0.958415 -0.259033
v 0.160504 -0.342164 0.144658
vn -0.349036 0.804771 -0.480123
v 0.151743 -0.348025 0.176721
vn -0.969372 -0.218791 0.111575
v 0.157426 -0.345486 0.201042
vn -0.8925 0.158627 0.422233
v 0.161548 -0.351016 0.210016
vn -0.75295 0.0434349 0.656642
v 0.200981 -0.346984 0.224174
vn 0.0541639 -0.248399 0.967142
v 0.23735 -0.339212 0.2124
vn 0.428728 -0.493935 0.756452
v -0.0326808 -0.269486 0.038833
vn 0.21358 -0.499087 0.839819
v -0.00901925 -0.278194 0.00541166
vn 0.182466 -0.189863 0.964706
v 0.00189981 -0.292773 -0.0417105
vn 0.715183 -0.246911 -0.653872
v -0.0192415 -0.274777 -0.0687879
vn 0.343979 -0.361718 -0.866509
v -0.0516864 -0.255311 -0.0721954
vn 0.210587 0.205434 -0.955746
v -0.0829797 -0.226296 -0.0651243
vn -0.595168 0.386816 -0.704378
v -0.124478 -0.201176 -0.0112273
vn -0.830363 0.480151 0.282758
v 0.256199 -0.333326 0.182496
vn 0.385882 -0.547347 -0.742634
v 0.267961 -0.337889 0.188374
vn 0.051831 -0.606443 -0.793436
v 0.2343 -0.328991 0.142712
vn -0.12329 -0.51439 -0.848647
v 0.154653 -0.351114 0.196437
vn -0.969114 -0.0765367 0.234435
v 0.218226 -0.338634 0.224476
vn 0.33311 -0.530235 0.779672
v -0.0467723 -0.243529 -0.0703329
vn 0.0925657 0.0573617 -0.994053
v -0.123002 -0.201012 -0.0342456
vn 0.321245 0.817133 -0.478639
v -0.125684 -0.19962 -0.0299856
vn -0.0621462 0.997184 -0.041985
v 0.0114417 -0.296688 0.00443937
vn 0.306377 -0.498342 0.811041
v 0.152793 -0.3373 0.159558
vn -0.150564 0.707792 -0.690189
v 0.179692 -0.345323 0.218388
vn -0.329379 0.1308 0.935094
v -0.109432 -0.205698 -0.0293448
vn 0.136202 0.832523 -0.536986
v -0.108024 -0.212777 0.00864509
vn -0.748428 -0.505335 0.429524
v -0.041054 -0.257888 0.0440946
vn -0.167923 -0.0542598 0.984306
v -0.0247425 -0.266507 0.0354009
vn 0.695526 -0.513612 0.50244
v -0.00952513 -0.269833 0.00912279
vn 0.693857 -0.407461 0.593749
v 0.260272 -0.32447 0.173111
vn 0.655046 -0.643681 -0.395714
v 0.245085 -0.320459 0.150837
vn 0.523654 -0.243911 -0.816268
v 0.221405 -0.319326 0.1394
vn -0.249081 -0.541031 -0.803271
v 0.187195 -0.335348 0.156167
vn -0.0706945 0.155796 -0.985256
v 0.264916 -0.314571 0.211356
vn 0.228442 -0.331506 0.915379
v -0.118193 -0.198575 -0.00551987
vn -0.35104 0.934846 -0.0532279
v -0.117541 -0.200044 0.00280739
vn -0.781856 0.0594159 0.620622
v -0.0799869 -0.230451 0.0310962
vn -0.392607 -0.0231158 0.919416
v 0.231524 -0.320208 0.139712
vn 0.427926 -0.172199 -0.887258
v 0.175685 -0.335999 0.157883
vn -0.116754 0.686109 -0.718069
v 0.248775 -0.326001 0.212484
vn 0.415558 -0.355135 0.837371
v 0.293458 -0.316633 0.209159
vn -0.0114378 -0.409327 0.912316
v -0.102901 -0.204733 -0.0324085
vn -0.702619 0.316101 -0.637501
v -0.114555 -0.201254 -0.0228062
vn 0.204836 0.957648 -0.202368
v -0.0999833 -0.212533 0.0200602
vn -0.682252 -0.196749 0.704146
v 0.00859855 -0.289718 0.00778455
vn -0.191264 -0.182529 0.964417
v 0.148452 -0.317572 0.172837
vn -0.999038 -0.0104512 0.0425893
v 0.197744 -0.336987 0.223799
vn -0.279488 -0.0573153 0.958437
v 0.226998 -0.33317 0.223187
vn 0.49689 -0.41622 0.761486
v -0.0305482 -0.26281 -0.0687789
vn 0.165989 0.171506 -0.971099
v -0.0840084 -0.207341 -0.0554182
vn -0.461855 0.406808 -0.78816
v -0.0497517 -0.245822 0.0399591
vn -0.175699 0.210214 0.961738
v -0.0749086 -0.227378 0.0322528
vn -0.0573612 0.283924 0.957129
v -0.0260888 -0.258838 0.0420492
vn 0.262693 -0.344296 0.901362
v 0.00897963 -0.286937 -0.0314801
vn 0.82616 -0.536856 -0.171011
v 0.00523084 -0.28443 -0.0446159
vn 0.55259 -0.6602 -0.508705
v -0.0186993 -0.264975 -0.0678484
vn 0.262989 0.11074 -0.958422
v 0.261943 -0.313382 0.162592
vn 0.691457 -0.459434 -0.557502
v 0.193195 -0.323502 0.155835
vn -0.179287 -0.167451 -0.969441
v 0.182087 -0.321809 0.157753
vn -0.294547 0.0241349 -0.955332
v 0.153146 -0.338025 0.186598
vn -0.927474 0.107378 0.358137
v 0.185851 -0.337658 0.218703
vn -0.272512 -0.313769 0.909553
v 0.312465 -0.308057 0.175018
vn 0.611944 -0.0538794 -0.789064
v 0.310046 -0.311828 0.210936
vn 0.149764 -0.333564 0.930756
v 0.190582 -0.314615 0.153942
vn -0.34271 -0.530458 -0.775348
v 0.0167831 -0.288429 -0.0113462
vn 0.863971 -0.380233 -0.330117
v 0.00148617 -0.277184 -0.0554441
vn 0.404297 -0.553151 -0.728401
v -0.00745821 -0.273269 -0.061908
vn 0.419447 -0.387964 -0.8207
v -0.0920864 -0.205685 -0.0473109
vn -0.748018 0.190447 -0.635767
v -0.111359 -0.19854 -0.0133909
vn -0.521527 0.768198 -0.371323
v -0.11123 -0.195357 0.00457722
vn -0.499238 0.722597 0.478136
v -0.103364 -0.20355 0.0150374
vn -0.364897 0.554807 0.747689
v -0.0897853 -0.211539 0.0257384
vn -0.362217 0.209854 0.908163
v -0.0123024 -0.260389 0.0218954
vn 0.737009 -0.472065 0.483707
v -0.107006 -0.200286 -0.0240517
vn -0.854416 0.345751 -0.387853
v -0.0498702 -0.240071 0.037376
vn -0.113734 0.345213 0.931608
v 0.272317 -0.319247 0.172431
vn 0.0904487 -0.661526 -0.744448
v 0.16939 -0.331897 0.162858
vn -0.254576 0.279518 -0.925776
v 0.210904 -0.333688 0.227715
vn -0.105146 -0.328244 0.938723
v -0.0739162 -0.210991 -0.0617701
vn -0.147053 0.509996 -0.847513
v -0.00276034 -0.272966 0.00642498
vn -0.110241 -0.0422511 0.993006
v 0.0245838 -0.280318 0.00860013
vn 0.797983 -0.602632 -0.00760554
v 0.298427 -0.311791 0.169009
vn 0.223156 -0.510117 -0.830651
v 0.271359 -0.30656 0.160381
vn 0.213125 -0.638997 -0.739095
v 0.251671 -0.308335 0.145745
vn 0.519817 -0.462145 -0.718479
v 0.226359 -0.304283 0.131722
vn 0.210286 -0.371909 -0.904137
v 0.15153 -0.328915 0.161589
vn -0.38691 0.0572872 -0.920336
v 0.326315 -0.299435 0.194343
vn 0.992314 0.0943266 -0.0800972
v 0.279845 -0.293195 0.152383
vn 0.364943 -0.432162 -0.824653
v -0.028875 -0.255891 -0.0693819
vn 0.0697331 -0.12087 -0.990216
v -0.0592628 -0.216718 -0.0657274
vn 0.0284558 0.428481 -0.903103
v -0.107664 -0.190999 -0.0123366
vn -0.871085 0.451309 -0.193728
v -0.106793 -0.189177 -0.00533608
vn -0.532481 0.840284 0.101915
v -0.104771 -0.191259 0.00207551
vn -0.172217 0.783927 0.59649
v -0.082166 -0.204967 0.0255627
vn -0.134798 0.351691 0.92636
v -0.0279507 -0.247737 0.0444499
vn -0.0264599 -0.101311 0.994503
v 0.205899 -0.31036 0.141136
vn -0.389007 -0.619938 -0.681432
v 0.165112 -0.327492 0.163642
vn 0.0647593 -0.0907671 -0.993764
v 0.224032 -0.323036 0.230757
vn 0.431456 -0.372379 0.821693
v 0.237228 -0.321267 0.221267
vn 0.544222 -0.271353 0.793845
v -0.102983 -0.189379 -0.0305304
vn -0.801237 0.256602 -0.540533
v -0.0924035 -0.199166 0.0133164
vn -0.284479 0.71956 0.633487
v 0.019005 -0.282043 0.0117512
vn -0.0812655 -0.179951 0.980313
v 0.0204078 -0.272628 -0.0156375
vn 0.837323 -0.455988 -0.301605
v -0.00657835 -0.265942 -0.0633623
vn 0.359917 -0.00162449 -0.932983
v 0.153066 -0.326018 0.18451
vn -0.845345 0.248623 0.47284
v 0.270527 -0.308565 0.212774
vn 0.0317858 -0.428765 0.902857
v -0.0287789 -0.248961 -0.0706841
vn 0.00152741 -0.00152748 -0.999998
v -0.0504328 -0.227283 -0.0687583
vn 0.0329418 0.161906 -0.986256
v 0.0228763 -0.268782 -0.0214515
vn 0.675668 -0.734883 -0.058485
v 0.24675 -0.297293 0.136176
vn 0.409788 -0.354898 -0.84031
v 0.211525 -0.30394 0.133234
vn -0.254522 -0.468933 -0.845766
v 0.169967 -0.323542 0.215745
vn -0.846214 0.172126 0.504277
v 0.176955 -0.331684 0.219244
vn -0.342827 -0.378358 0.859834
v 0.314421 -0.273647 0.178827
vn 0.760746 0.0491541 -0.647186
v -0.0934127 -0.18691 -0.0021271
vn -0.322155 0.809236 0.491278
v -0.0313495 -0.242874 0.0438587
vn -0.415558 0.0779382 0.906221
v 0.0101209 -0.267821 0.00775419
vn -0.235534 0.0336723 0.971283
v 0.016361 -0.276946 -0.0414722
vn 0.708178 -0.703314 -0.0619145
v -0.0165476 -0.258145 -0.0663379
vn 0.321444 -0.0275901 -0.946526
v 0.258856 -0.295567 0.145158
vn 0.454699 -0.513238 -0.727897
v 0.175007 -0.318274 0.160523
vn -0.194407 -0.228615 -0.953908
v 0.172063 -0.326567 0.218086
vn -0.624727 -0.166082 0.762977
v 0.190042 -0.329214 0.225184
vn -0.178002 -0.508534 0.842442
v 0.247287 -0.307719 0.220031
vn 0.398493 -0.319951 0.859555
v 0.300021 -0.278346 0.224877
vn 0.395524 -0.271549 0.877395
v 0.15213 -0.321442 0.161797
vn -0.615461 -0.0791109 -0.784187
v 0.213874 -0.326695 0.231547
vn -0.00921177 -0.477851 0.878392
v 0.299253 -0.269652 0.165134
vn 0.642557 0.0141023 -0.766108
v 0.29029 -0.288045 0.157651
vn 0.600079 -0.0522107 -0.798235
v -0.0987566 -0.182953 -0.0293874
vn -0.780279 0.618635 -0.0919519
v -0.0865679 -0.201242 0.0214884
vn -0.61745 0.39181 0.682085
v 0.000524522 -0.259021 0.00739728
vn 0.128644 -0.162946 0.978212
v -0.0943185 -0.180982 -0.0157269
vn -0.667276 0.68049 0.302779
v -0.0391323 -0.230928 0.0369235
vn -0.496559 0.201013 0.844406
v 0.000263381 -0.25282 0.0106575
vn 0.595877 -0.492854 0.634055
v -0.0189013 -0.25122 -0.0691071
vn 0.115558 -0.337447 -0.934225
v 0.161464 -0.316777 0.159327
vn 0.0264312 -0.368366 -0.929305
v 0.184255 -0.319704 0.231622
vn -0.323847 -0.421281 0.847139
v 0.322612 -0.299642 0.207681
vn 0.701081 -0.0278727 0.712537
v 0.3257 -0.290489 0.199641
vn 0.988132 0.122131 0.09316
v 0.169455 -0.318135 0.211513
vn -0.874573 0.289993 0.388621
v 0.022655 -0.270024 -0.0503496
vn 0.591579 -0.619016 -0.516579
v 0.012552 -0.26426 -0.0572008
vn 0.337998 -0.260862 -0.904272
v -0.0941963 -0.182789 -0.0362681
vn -0.609728 0.418098 -0.673368
v -0.0887211 -0.193142 0.0108781
vn -0.744256 0.504029 0.438221
v -0.0533192 -0.207814 0.0257451
vn -0.0646497 0.292751 0.954001
v -0.0138969 -0.243182 0.043676
vn 0.439323 -0.446045 0.779769
v 0.270084 -0.283745 0.142752
vn 0.448563 -0.297576 -0.842757
v 0.230166 -0.292627 0.129998
vn 0.120632 -0.0562892 -0.9911
v 0.202949 -0.288862 0.129343
vn -0.122499 -0.135009 -0.983243
v 0.177737 -0.312726 0.157481
vn -0.207738 -0.594348 -0.776914
v 0.151236 -0.313412 0.163998
vn -0.85201 0.0878562 -0.5161
v 0.283614 -0.282514 0.226354
vn 0.0731154 -0.439451 0.895286
v -0.00566364 -0.256556 -0.0617833
vn 0.21198 -0.364349 -0.906816
v -0.0174611 -0.240981 -0.0705602
vn 0.0791344 0.21493 -0.973418
v -0.00175467 -0.244613 0.0218959
vn 0.698257 -0.58443 0.413375
v -0.0584339 -0.209958 -0.0607839
vn 0.0967787 0.648844 -0.754742
v -0.0772285 -0.19436 -0.0488103
vn 0.0928773 0.688616 -0.719154
v -0.0896597 -0.180128 -0.0368909
vn -0.234578 0.563967 -0.791779
v -0.0702878 -0.190717 0.0222089
vn -0.0206159 0.310656 0.950299
v 0.25064 -0.286727 0.13493
vn 0.305146 -0.101577 -0.946873
v 0.190097 -0.302251 0.141401
vn -0.33849 -0.602851 -0.722492
v 0.150731 -0.318292 0.179433
vn -0.785986 0.0239892 0.617779
v 0.220011 -0.307481 0.238718
vn 0.462286 -0.305743 0.832354
v -0.0407942 -0.223593 -0.0675899
vn 0.106856 0.410278 -0.905679
v -0.075691 -0.176274 0.014949
vn -0.312557 0.433171 0.845382
v -0.0841528 -0.184904 0.0136558
vn -0.847171 0.301356 0.437591
v 0.166282 -0.306411 0.15401
vn -0.212651 -0.390156 -0.895856
v 0.156596 -0.306918 0.158163
vn -0.49448 -0.156991 -0.854894
v 0.16161 -0.312554 0.188205
vn -0.708692 0.0351576 0.704642
v 0.16493 -0.313698 0.193481
vn -0.820736 0.422163 0.384929
v 0.259917 -0.303787 0.216443
vn 0.176123 -0.433716 0.883669
v -0.0891986 -0.180545 -0.007238
vn -0.88084 0.312497 0.355622
v 0.0222268 -0.265118 0.0129384
vn -0.378091 -0.000979046 0.925768
v 0.0264253 -0.270849 -0.00378697
vn 0.672885 -0.646443 -0.359635
v 0.150071 -0.302119 0.173934
vn -0.948568 0.240658 -0.205677
v 0.211462 -0.311236 0.23925
vn 0.00670786 -0.469298 0.883014
v 0.193546 -0.290499 0.132379
vn -0.35553 -0.370577 -0.858062
v 0.170798 -0.300105 0.148908
vn -0.37241 -0.492337 -0.786711
v 0.174132 -0.316732 0.221606
vn -0.785131 0.161434 0.59792
v 0.233419 -0.302307 0.229355
vn 0.519505 -0.288488 0.804294
v 0.311751 -0.285238 0.216652
vn 0.625838 -0.0876371 0.775014
v 0.321458 -0.274367 0.18943
vn 0.900785 0.113746 -0.419103
v 0.273838 -0.273663 0.143721
vn 0.623713 0.0189355 -0.781424
v -0.0902201 -0.16908 -0.0257838
vn -0.59183 0.637657 -0.493082
v -0.0457654 -0.200197 0.0264409
vn -0.48126 0.22182 0.848048
v -0.0281532 -0.215899 0.0448808
vn -0.646312 0.0659125 0.760222
v -0.0182288 -0.23165 0.049044
vn -0.0765906 -0.221892 0.972059
v 0.15141 -0.307902 0.180813
vn -0.756088 -0.309498 0.576664
v 0.16814 -0.307165 0.196976
vn -0.865444 -0.0905353 0.492758
v 0.322438 -0.282052 0.206356
vn 0.856443 0.0285435 0.515452
v 0.0346448 -0.269041 0.0118501
vn 0.539619 -0.628149 0.560571
v 0.00450942 -0.251321 -0.0675046
vn 0.126897 -0.479872 -0.868113
v -0.00364879 -0.243072 -0.0697167
vn 0.133336 0.144371 -0.980499
v -0.0368852 -0.214287 -0.0598559
vn 0.165262 0.722532 -0.671295
v -0.0847305 -0.173445 -0.0320688
vn 0.10138 0.625223 -0.773833
v -0.0571967 -0.199978 -0.0459853
vn 0.180072 0.679408 -0.711322
v -0.0917881 -0.168092 -0.0186635
vn -0.908128 0.376361 0.183453
v -0.0842805 -0.164721 -0.0249731
vn -0.248789 0.636552 -0.730004
v -0.0867623 -0.163267 -0.00748497
vn -0.907304 0.293449 0.301143
v -0.0825194 -0.171568 0.00801593
vn -0.73555 0.390786 0.5534
v -0.00263873 -0.237196 0.0363454
vn 0.665998 -0.604267 0.437387
v 0.0124351 -0.25016 0.00833101
vn -0.079124 -0.197885 0.977027
v 0.0331992 -0.262593 0.0160982
vn 0.0644814 -0.366822 0.928054
v 0.039778 -0.269382 0.00107941
vn 0.436779 -0.855639 -0.277679
v 0.0317806 -0.265252 -0.0118197
vn 0.413627 -0.863255 -0.289315
v 0.00823441 -0.256568 -0.0605853
vn 0.174115 -0.611213 -0.772077
v 0.166261 -0.292574 0.148322
vn -0.612017 -0.139215 -0.778495
v 0.171089 -0.310658 0.205701
vn -0.923052 0.231036 0.307566
v 0.00550427 -0.223902 -0.0611154
vn 0.100229 0.393161 -0.913991
v -0.0206453 -0.218918 -0.061803
vn 0.0440658 0.604239 -0.795584
v 0.0303493 -0.262897 -0.0357455
vn 0.695271 -0.70807 -0.123431
v 0.236065 -0.280888 0.13154
vn 0.143051 0.119964 -0.982418
v 0.150073 -0.298891 0.181292
vn -0.97807 0.207602 -0.016744
v 0.192492 -0.311331 0.238698
vn -0.223843 -0.408615 0.884832
v 0.245349 -0.28471 0.230373
vn 0.399715 -0.34454 0.849423
v 0.267949 -0.269944 0.139833
vn 0.41397 0.0583008 -0.908421
v 0.162904 -0.306706 0.192128
vn -0.481351 -0.53787 0.692096
v 0.174999 -0.305181 0.216111
vn -0.891231 0.240983 0.384232
v 0.179354 -0.307295 0.222848
vn -0.854837 0.0557213 0.515896
v 0.186863 -0.313417 0.233607
vn -0.779337 -0.127586 0.613478
v -0.0781433 -0.160289 0.00474131
vn -0.491102 0.516837 0.701212
v 0.0369415 -0.259243 -0.0293665
vn 0.558604 -0.770777 -0.306372
v 0.0251685 -0.258825 -0.0527077
vn 0.423514 -0.434291 -0.795002
v 0.156707 -0.288193 0.16389
vn -0.950738 0.227923 -0.210114
v 0.320089 -0.258621 0.193046
vn 0.973942 0.197079 -0.112234
v 0.287927 -0.267881 0.156525
vn 0.618003 0.0316168 -0.78554
v -0.0614859 -0.188855 -0.0394944
vn -0.210764 0.37625 -0.902228
v -0.0737599 -0.171673 -0.0297854
vn -0.0199036 0.517157 -0.855659
v -0.0839321 -0.157781 -0.0154922
vn -0.723307 0.660215 -0.202345
v -0.0669099 -0.176721 0.0166597
vn 0.00377165 0.399604 0.91668
v -0.0523863 -0.183362 0.0190632
vn -0.0803277 0.376096 0.923092
v 0.00223987 -0.226112 0.0429181
vn 0.510797 -0.546284 0.663823
v 0.181042 -0.284818 0.136547
vn -0.469171 -0.275983 -0.838876
v -0.0406898 -0.202818 -0.0475262
vn -0.0324813 0.509243 -0.86001
v -0.0361256 -0.193304 0.0321483
vn -0.691385 0.128215 0.711018
v -0.0172136 -0.212439 0.0514973
vn -0.353312 -0.094421 0.930729
v 0.00947993 -0.237511 0.0159303
vn 0.438677 -0.579727 0.686643
v 0.022 -0.247586 0.0114985
vn -0.395672 -0.0398452 0.917527
v 0.0325565 -0.256757 -0.0478196
vn 0.674405 -0.565247 -0.475051
v 0.245821 -0.267811 0.135308
vn 0.126192 0.0855165 -0.988313
v 0.199788 -0.273129 0.129186
vn -0.00395302 0.142458 -0.989793
v 0.179487 -0.2728 0.135065
vn -0.440189 -0.075133 -0.894756
v 0.160635 -0.279893 0.156183
vn -0.899572 0.189994 -0.393285
v 0.175548 -0.297314 0.215532
vn -0.895349 -0.0453317 0.443053
v 0.18522 -0.299646 0.237019
vn -0.802295 -0.122961 0.584126
v 0.207479 -0.295758 0.246723
vn -0.0165971 -0.441821 0.89695
v 0.319241 -0.254091 0.205796
vn 0.972149 0.223207 0.0714512
v -0.0626679 -0.17196 -0.0314461
vn -0.270118 0.43314 -0.859899
v 0.0185768 -0.253482 -0.0625061
vn 0.374827 -0.528744 -0.761534
v 0.314395 -0.270156 0.217651
vn 0.63495 -0.162373 0.755297
v -0.080231 -0.152319 -0.00599658
vn -0.778786 0.552574 0.296908
v -0.00649202 -0.218721 0.0524168
vn 0.181992 -0.383888 0.905267
v 0.157172 -0.297197 0.197385
vn -0.681465 -0.45011 0.577067
v 0.161711 -0.283954 0.210054
vn -0.362836 -0.554285 0.749078
v 0.169504 -0.294873 0.205113
vn -0.61373 -0.393626 0.684393
v 0.305381 -0.255122 0.169672
vn 0.646053 0.0552104 -0.761294
v 0.0382983 -0.237217 0.0205595
vn -0.475659 -0.0432333 0.878567
v 0.0150282 -0.243696 -0.0661647
vn 0.173775 0.105551 -0.979112
v 0.192484 -0.296869 0.243615
vn -0.303515 -0.40951 0.860337
v 0.229167 -0.2862 0.238734
vn 0.525535 -0.262937 0.809121
v 0.25297 -0.282895 0.228562
vn 0.132706 -0.493773 0.859405
v 0.255817 -0.252107 0.137291
vn 0.288071 0.0854591 -0.953788
v 0.275941 -0.252659 0.148243
vn 0.556636 0.107833 -0.823728
v 0.0445925 -0.265679 0.00628713
vn 0.437241 -0.804507 0.401981
v 0.0500754 -0.257071 -0.0119743
vn 0.426931 -0.82827 -0.362903
v -0.0498161 -0.181869 -0.0407899
vn -0.150521 0.244243 -0.957961
v 0.0198478 -0.237279 0.0136323
vn -0.0166263 -0.402006 0.915486
v -0.0697886 -0.150627 -0.0176305
vn -0.312917 0.459471 -0.831246
v -0.0720421 -0.144408 -0.0105216
vn -0.570711 0.730187 -0.375655
v 0.31528 -0.247655 0.184436
vn 0.967387 0.162307 -0.194471
v -0.0682049 -0.148825 0.000985883
vn -0.16561 0.486351 0.857925
v 0.0343016 -0.229745 0.0186017
vn -0.25672 -0.284633 0.923623
v 0.0269512 -0.24395 -0.062333
vn 0.50439 -0.288486 -0.813859
v 0.159514 -0.276603 0.172011
vn -0.963889 0.232191 -0.130404
v 0.187199 -0.285832 0.238504
vn -0.863267 -0.157329 0.479601
v 0.216416 -0.288845 0.247083
vn 0.517872 -0.249936 0.818132
v -0.0146568 -0.198272 -0.046348
vn -0.0870275 0.324956 -0.941716
v 0.0178173 -0.224088 0.0250323
vn 0.582934 -0.694679 0.421436
v 0.0219113 -0.225606 0.0201227
vn 0.162112 -0.571835 0.804192
v 0.0458958 -0.259572 0.0148359
vn 0.328986 -0.6846 0.650454
v 0.0574516 -0.25956 0.00123039
vn 0.484393 -0.842829 -0.234526
v 0.183747 -0.26387 0.133643
vn -0.252622 0.12724 -0.959162
v 0.154207 -0.280991 0.201229
vn -0.98167 -0.0175083 0.189781
v 0.173132 -0.287878 0.210545
vn -0.615398 -0.426117 0.663105
v -0.0453261 -0.163188 -0.0344434
vn -0.354205 0.36058 -0.862856
v 0.0403648 -0.245061 0.0208766
vn -0.251785 -0.182927 0.950338
v 0.0550713 -0.238458 -0.0371477
vn 0.639896 -0.666601 -0.382329
v 0.268207 -0.277544 0.229901
vn 0.165162 -0.442715 0.88132
v 0.286832 -0.262479 0.235645
vn 0.151288 -0.409429 0.899711
v -0.0725492 -0.145368 -0.00477404
vn -0.560804 0.663787 0.494859
v -0.057414 -0.152273 0.00510644
vn -0.447985 0.322712 0.833766
v -0.0249919 -0.184978 0.0444993
vn -0.758412 0.0208884 0.651441
v 0.015143 -0.219314 0.0377506
vn 0.519485 -0.712967 0.47097
v 0.224526 -0.256206 0.133948
vn 0.00146181 0.197388 -0.980324
v 0.206324 -0.284767 0.252627
vn 0.18387 -0.37516 0.908541
v 0.284687 -0.243843 0.154515
vn 0.594717 0.082732 -0.799667
v -0.00943014 -0.211228 -0.0556074
vn 0.134927 0.572219 -0.808925
v -0.00821724 -0.194112 0.0573926
vn -0.361371 -0.103442 0.926667
v 0.0636603 -0.240403 -0.0211471
vn 0.541817 -0.668555 -0.509381
v 0.238906 -0.242034 0.134682
vn -0.00325686 0.00925907 -0.999952
v 0.176245 -0.258057 0.137386
vn -0.643186 0.0425886 -0.764525
v 0.17826 -0.285328 0.224494
vn -0.86414 -0.272125 0.423331
v 0.312316 -0.249318 0.177471
vn 0.80707 0.103226 -0.581363
v -0.0343159 -0.162638 -0.0376515
vn -0.22939 0.34646 -0.909585
v 0.00624773 -0.216059 0.0496485
vn 0.31154 -0.593716 0.74192
v 0.0481629 -0.249472 0.0202969
vn 0.0468223 -0.432429 0.900451
v 0.156687 -0.27472 0.2126
vn -0.919221 -0.237265 0.314226
v 0.195972 -0.284986 0.252466
vn -0.440942 -0.3892 0.808761
v 0.301095 -0.241841 0.235039
vn 0.607933 -0.140642 0.781433
v -0.0150853 -0.194324 0.0535447
vn -0.589128 0.00742284 0.808005
v -0.00251642 -0.207064 0.0568075
vn -0.0195583 -0.327505 0.944647
v 0.0380485 -0.24537 -0.0516476
vn 0.63881 -0.360943 -0.679442
v 0.160181 -0.269079 0.164541
vn -0.97743 0.0832246 -0.194178
v 0.0261005 -0.228854 -0.0626916
vn 0.142946 0.18892 -0.971533
v -0.0275901 -0.170676 -0.041722
vn -0.118526 0.289524 -0.949804
v -0.0232348 -0.181009 -0.0440391
vn -0.17578 0.084109 -0.98083
v 0.0920353 -0.236957 0.0120123
vn 0.473276 -0.786564 0.396644
v 0.182782 -0.245998 0.137752
vn -0.0627358 0.308454 -0.949168
v 0.172662 -0.258595 0.141455
vn -0.869162 0.236183 -0.434482
v -0.000659461 -0.208524 -0.0511167
vn -0.0246119 0.473578 -0.880408
v -0.05743 -0.140395 -0.0202044
vn -0.459356 0.438352 -0.772554
v 0.26157 -0.235764 0.142454
vn 0.461916 0.191577 -0.865986
v 0.157004 -0.271608 0.193763
vn -0.967811 0.217696 -0.126298
v 0.17491 -0.274044 0.224673
vn -0.867315 -0.317522 0.383333
v 0.221329 -0.267892 0.248531
vn 0.477468 -0.275475 0.834349
v 0.0189174 -0.220827 -0.0602973
vn -0.0370892 0.422462 -0.905621
v -0.0518277 -0.150889 0.00916463
vn -0.683952 0.231803 0.69172
v 0.0480292 -0.239896 0.0254716
vn -0.149533 -0.366705 0.918241
v 0.0867734 -0.242187 0.00678108
vn 0.522575 -0.8506 0.0582758
v 0.236333 -0.271009 0.239414
vn 0.299695 -0.439294 0.846879
v 0.307586 -0.243431 0.227939
vn 0.79128 -0.00285412 0.611447
v -0.0592365 -0.13504 -0.00483557
vn -0.443729 0.762925 0.470159
v -0.0463698 -0.155219 0.0162597
vn -0.799155 0.0363104 0.600028
v 0.182941 -0.275447 0.243035
vn -0.813797 -0.361102 0.455345
v 0.302111 -0.213957 0.172751
vn 0.653988 0.147416 -0.742003
v 0.276537 -0.232111 0.151412
vn 0.484746 0.232585 -0.843164
v 0.0334754 -0.211624 0.0294772
vn 0.454377 -0.743594 0.490519
v 0.033376 -0.232359 -0.0600102
vn 0.535316 -0.223811 -0.81446
v 0.172421 -0.258389 0.233597
vn -0.656344 -0.428978 0.620637
v 0.212482 -0.273992 0.254412
vn 0.47215 -0.212169 0.855604
v 0.0573064 -0.250218 -0.0168001
vn 0.511927 -0.695055 -0.504806
v 0.0475385 -0.239439 -0.0453732
vn 0.614862 -0.444551 -0.651398
v 0.163302 -0.261193 0.161669
vn -0.847258 0.371023 -0.380126
v 0.191344 -0.276722 0.253064
vn -0.5804 -0.292768 0.759883
v 0.315692 -0.242966 0.21314
vn 0.971318 0.197786 0.131995
v 0.0218303 -0.209847 -0.0556607
vn -0.148719 0.18202 -0.971983
v -0.0445243 -0.136518 -0.0245932
vn -0.32484 0.403537 -0.855358
v -0.0204482 -0.174934 0.0495703
vn -0.604729 -0.0236037 0.796081
v 0.000248325 -0.195939 0.0593029
vn -0.0878216 -0.246561 0.96514
v 0.15753 -0.265685 0.187715
vn -0.988606 -0.113971 -0.0983305
v 0.158039 -0.267223 0.218914
vn -0.682075 -0.336482 0.649271
v 0.244856 -0.259576 0.245475
vn 0.228222 -0.46831 0.853581
v 0.0292796 -0.221357 -0.0589181
vn 0.0662527 0.231847 -0.970493
v 0.00233648 -0.189711 -0.0497728
vn -0.101264 0.217294 -0.970839
v -0.045695 -0.127981 -0.0166073
vn -0.494918 0.795547 -0.349516
v -0.0481168 -0.144633 0.00923437
vn -0.800209 0.457441 0.387832
v 0.0180193 -0.195092 0.0594137
vn 0.0989172 -0.398228 0.911937
v 0.177586 -0.23831 0.141407
vn -0.593038 0.195938 -0.78097
v 0.17433 -0.248738 0.144728
vn -0.963359 0.0687475 -0.259255
v 0.155959 -0.264426 0.207355
vn -0.993568 -0.102025 -0.0491285
v 0.202631 -0.263241 0.261039
vn 0.142434 -0.291173 0.946008
v 0.31367 -0.246178 0.219112
vn 0.873201 0.0954469 0.477923
v 0.313116 -0.226779 0.198264
vn 0.985653 0.160885 0.0510413
v -0.0462994 -0.135554 0.00223222
vn -0.478662 0.634814 0.606542
v -0.0416607 -0.14718 0.0244725
vn -0.807107 0.0422176 0.588894
v 0.0551721 -0.219755 0.0319839
vn -0.439166 -0.0879684 0.894089
v 0.219016 -0.238498 0.138025
vn -0.19754 0.0415642 -0.979413
v 0.20754 -0.237753 0.140049
vn -0.101623 0.301428 -0.948058
v 0.249399 -0.221979 0.26157
vn 0.263822 -0.379387 0.886828
v 0.0354084 -0.196196 0.0537447
vn 0.448536 -0.724013 0.524043
v 0.0374331 -0.21459 0.0258137
vn -0.0718659 -0.465253 0.882255
v 0.0637866 -0.239644 0.0239446
vn 0.174836 -0.540738 0.822821
v 0.0912222 -0.23673 -0.00617545
vn 0.509502 -0.801185 -0.313864
v 0.288814 -0.243685 0.242458
vn 0.405242 -0.277223 0.871164
v 0.293339 -0.224535 0.164161
vn 0.507143 0.233844 -0.829532
v -0.0301974 -0.134846 -0.0276947
vn -0.150408 0.354738 -0.922788
v 0.0442217 -0.220562 0.0258246
vn -0.419412 -0.16575 0.892536
v 0.0694672 -0.245449 -0.0153749
vn 0.44447 -0.742447 -0.501218
v 0.0413542 -0.227719 -0.0582206
vn 0.328234 -0.0881252 -0.940477
v 0.169171 -0.247093 0.169366
vn -0.826413 0.42682 -0.367242
v 0.15959 -0.252376 0.176449
vn -0.807844 0.417666 -0.415864
v -0.00751343 -0.17095 -0.0436129
vn -0.045447 0.340859 -0.939015
v -0.0360713 -0.135271 0.0262235
vn -0.81301 0.484585 0.322789
v -0.019353 -0.150725 0.050895
vn -0.719203 0.00616036 0.694773
v -0.00367845 -0.169634 0.0611268
vn -0.50417 -0.0402143 0.862668
v 0.246545 -0.213919 0.140346
vn 0.576333 0.279063 -0.768091
v 0.155314 -0.252047 0.188798
vn -0.968413 0.0746908 -0.237901
v 0.306353 -0.21543 0.177032
vn 0.784369 0.190614 -0.590281
v -0.0376916 -0.12956 0.00415138
vn -0.765458 0.60703 0.213514
v 0.0676713 -0.236323 -0.0246441
vn 0.533029 -0.68097 -0.502154
v 0.177724 -0.252052 0.248584
vn -0.760203 -0.25214 0.598762
v 0.258392 -0.219922 0.146724
vn 0.481389 0.427045 -0.765439
v 0.0509287 -0.227248 -0.0499196
vn 0.547179 -0.380924 -0.745314
v 0.153461 -0.251184 0.198662
vn -0.983888 -0.16262 -0.0742925
v 0.193984 -0.253858 0.262189
vn -0.512154 -0.277736 0.812749
v 0.0214042 -0.193754 -0.0517071
vn -0.0310336 0.301979 -0.952809
v -0.0329957 -0.124024 -0.0217666
vn -0.378436 0.703744 -0.601274
v -0.0366645 -0.124003 -0.00981765
vn -0.457863 0.87025 0.181732
v 0.0249725 -0.16954 0.0683164
vn -0.0330872 -0.25076 0.967484
v 0.0601315 -0.231522 -0.0389405
vn 0.587628 -0.600197 -0.542639
v 0.214762 -0.229192 0.139726
vn -0.458659 0.0290153 -0.888138
v 0.170556 -0.228879 0.149508
vn -0.807962 -0.0574041 -0.586432
v 0.17152 -0.239165 0.164763
vn -0.954072 -0.240591 -0.178499
v 0.276433 -0.238348 0.247841
vn 0.176891 -0.409105 0.895177
v 0.308414 -0.222209 0.220935
vn 0.916384 0.240889 0.319709
v 0.308743 -0.191698 0.192067
vn 0.985335 0.138691 -0.099401
v 0.0411694 -0.211299 -0.0568947
vn 0.0139244 0.172076 -0.984985
v 0.0552653 -0.207318 0.0325307
vn -0.310269 -0.241843 0.919372
v 0.150037 -0.2341 0.21782
vn -0.996555 -0.0600577 -0.0571978
v 0.238734 -0.245665 0.255072
vn 0.28649 -0.485832 0.825767
v 0.310439 -0.213221 0.185085
vn 0.903063 0.158071 -0.399363
v 0.0740173 -0.236675 -0.0190417
vn 0.435906 -0.567803 -0.698273
v 0.171527 -0.236927 0.151365
vn -0.947787 -0.288958 -0.134919
v 0.156915 -0.237211 0.230405
vn -0.624448 -0.308692 0.717478
v 0.277165 -0.222519 0.156172
vn 0.424863 0.357669 -0.831604
v -0.00340441 -0.14477 0.0630102
vn -0.522599 0.0991751 0.846791
v 0.236664 -0.212349 0.13466
vn 0.221328 0.0856562 -0.97143
v -0.0140508 -0.147141 -0.0337049
vn -0.133798 0.25781 -0.956887
v 0.012603 -0.17021 0.0667749
vn -0.19305 -0.148527 0.969882
v 0.0741988 -0.215842 0.0375783
vn 0.202741 -0.542646 0.815126
v 0.052285 -0.210302 -0.0552894
vn 0.354578 -0.118246 -0.92752
v 0.173681 -0.214796 0.150921
vn -0.0901749 0.333833 -0.938309
v 0.163395 -0.236437 0.191187
vn -0.884433 0.219991 -0.411562
v 0.284979 -0.22447 0.248887
vn 0.517543 -0.132218 0.84538
v 0.301192 -0.222043 0.234361
vn 0.794278 0.126274 0.594288
v 0.154076 -0.235343 0.206063
vn -0.804095 0.41106 -0.42949
v 0.215031 -0.242352 0.263385
vn 0.240585 -0.470748 0.848832
v 0.0825577 -0.229741 0.0249252
vn 0.27486 -0.589525 0.759547
v 0.104222 -0.226071 0.0183862
vn 0.382032 -0.699567 0.603868
v -0.0259873 -0.135462 0.0437278
vn -0.700338 0.329167 0.633384
v 0.00736053 -0.158367 0.066826
vn -0.288425 -0.0577912 0.955757
v -0.031681 -0.121187 -0.00768025
vn -0.709495 0.704449 0.019191
v 0.0484899 -0.198027 0.036396
vn 0.284112 -0.722288 0.63054
v 0.0694692 -0.212937 0.0389458
vn -0.237219 -0.258279 0.936493
v 0.064225 -0.223944 -0.0419156
vn 0.529683 -0.511438 -0.676659
v 0.220436 -0.210201 0.135555
vn -0.187414 -0.0332187 -0.981719
v 0.169522 -0.217049 0.151815
vn -0.459873 0.151771 -0.874918
v 0.270908 -0.213681 0.157763
vn 0.339023 0.458313 -0.821592
v 0.297708 -0.204679 0.172438
vn 0.408529 0.311132 -0.85808
v 0.0104854 -0.164596 -0.0412478
vn -0.0263614 0.312661 -0.949499
v -0.0300923 -0.117914 0.00964627
vn -0.687774 0.716345 0.117543
v 0.0959351 -0.235957 8.41479e-05
vn 0.556773 -0.822693 -0.114809
v 0.164925 -0.224167 0.158172
vn -0.87861 -0.369092 -0.30301
v 0.0465017 -0.193451 -0.0534589
vn -0.0425665 0.299888 -0.953024
v -0.0266505 -0.12194 0.0271364
vn -0.722153 0.575745 0.383423
v 0.0935811 -0.231919 -0.0105454
vn 0.497728 -0.657249 -0.565942
v 0.203616 -0.212834 0.146876
vn -0.469204 0.0942536 -0.878046
v 0.15087 -0.237448 0.220817
vn -0.872813 -0.260795 0.412533
v 0.16998 -0.240391 0.240344
vn -0.69159 -0.285586 0.663434
v 0.309556 -0.214195 0.205922
vn 0.946444 0.20403 0.25023
v 0.310613 -0.203689 0.197517
vn 0.962391 0.112977 0.247061
v -0.0232725 -0.127246 -0.0271155
vn -0.2539 0.369182 -0.894002
v 0.0444527 -0.181766 0.0614534
vn 0.24316 -0.540134 0.805685
v 0.0817552 -0.228188 -0.0207274
vn 0.461424 -0.655316 -0.598037
v 0.165946 -0.234049 0.182934
vn -0.90807 -0.391507 -0.148766
v 0.270869 -0.218079 0.257238
vn 0.309668 -0.286009 0.90681
v 0.26297 -0.203309 0.161638
vn 0.392944 0.46513 -0.793252
v 0.0354123 -0.175542 -0.0448941
vn -0.100857 0.244421 -0.96441
v 0.0427622 -0.166091 0.0688885
vn 0.0652118 -0.363949 0.929133
v 0.19694 -0.234498 0.269399
vn -0.254452 -0.289642 0.922692
v 0.205271 -0.239592 0.2675
vn 0.287148 -0.333718 0.897875
v 0.226071 -0.237197 0.265213
vn 0.185765 -0.447449 0.874804
v 0.286542 -0.213947 0.248403
vn 0.665964 0.0606406 0.743515
v 0.286685 -0.201272 0.169578
vn 0.228197 0.412977 -0.881689
v 0.252261 -0.208131 0.150364
vn 0.594608 0.435622 -0.675777
v 0.0122035 -0.153844 -0.0393549
vn -0.186866 0.0947434 -0.977806
v -0.00320565 -0.12839 -0.0324906
vn -0.236846 0.208159 -0.948986
v 0.298781 -0.162819 0.187364
vn 0.512858 0.305089 -0.802432
v -0.0102 -0.115395 -0.0223762
vn -0.289058 0.785664 -0.546971
v -0.0246993 -0.116006 -0.0130463
vn -0.370602 0.918046 -0.140877
v 0.0607394 -0.207575 -0.0520054
vn 0.396985 -0.379311 -0.835779
v 0.190199 -0.205324 0.152791
vn -0.13451 0.2835 -0.949492
v 0.153746 -0.220206 0.215787
vn -0.918908 0.0748662 -0.387302
v 0.185279 -0.232821 0.263252
vn -0.618581 -0.24007 0.748147
v 0.235641 -0.193755 0.138762
vn 0.625471 0.268666 -0.732533
v 0.227494 -0.197238 0.134931
vn 0.0301438 0.0801745 -0.996325
v 0.0585838 -0.197584 0.0371292
vn 0.0620247 -0.615628 0.785592
v 0.0808484 -0.218591 -0.033029
vn 0.423162 -0.648238 -0.633026
v 0.0725444 -0.215475 -0.0429019
vn 0.399766 -0.542705 -0.738687
v 0.160991 -0.224873 0.177575
vn -0.877738 -0.461099 -0.130245
v 0.234961 -0.223793 0.267741
vn 0.392209 -0.248787 0.885594
v -0.0142549 -0.111738 0.0319755
vn -0.496946 0.792784 0.3529
v -0.0122858 -0.123916 0.0479317
vn -0.460071 0.570051 0.680717
v -0.00094118 -0.131022 0.0602479
vn -0.387412 0.583871 0.713447
v 0.217118 -0.198227 0.136992
vn -0.55599 -0.0326545 -0.830547
v 0.301697 -0.198142 0.218105
vn 0.918907 0.178637 0.351707
v 0.0564716 -0.198533 -0.053954
vn 0.109891 0.120039 -0.986668
v 0.0529528 -0.185903 -0.0507188
vn -0.122969 0.195216 -0.973021
v -0.00303399 -0.119334 -0.0291901
vn -0.262924 0.572354 -0.776712
v 0.117623 -0.220678 0.00683318
vn 0.623936 -0.778509 -0.0680189
v 0.174556 -0.217765 0.256574
vn -0.769823 -0.233811 0.59389
v 0.303743 -0.163659 0.191892
vn 0.888067 0.2192 -0.40409
v -0.0150958 -0.111006 0.0209513
vn -0.374351 0.925546 -0.0567906
v 0.01343 -0.141862 0.0686601
vn -0.267899 0.139799 0.95325
v 0.124616 -0.206033 0.028355
vn 0.361003 -0.673837 0.644687
v 0.0968188 -0.223506 -0.0194667
vn 0.342414 -0.760767 -0.551349
v 0.156042 -0.211594 0.168135
vn -0.891966 -0.394275 -0.221232
v 0.149258 -0.207216 0.202242
vn -0.888737 -0.450263 -0.086082
v 0.159302 -0.225153 0.198645
vn -0.904041 -0.419102 -0.0840411
v 0.206218 -0.219824 0.274773
vn 0.0293478 -0.376162 0.926089
v 0.294225 -0.19927 0.235969
vn 0.835664 0.183641 0.51763
v 0.0590783 -0.18317 0.0514347
vn 0.332423 -0.728507 0.598976
v 0.0731262 -0.198054 -0.0502618
vn 0.167485 -0.157223 -0.973257
v 0.252216 -0.19272 0.158825
vn 0.691626 0.209705 -0.691142
v 0.197387 -0.191106 0.152445
vn -0.558915 0.0146129 -0.829096
v 0.160668 -0.20913 0.159148
vn -0.733895 -0.103496 -0.671332
v 0.152219 -0.224991 0.233299
vn -0.736298 -0.308455 0.602263
v 0.111496 -0.224666 0.00112618
vn 0.617406 -0.592566 -0.517374
v 0.087237 -0.220764 -0.0269038
vn 0.267376 -0.677399 -0.685304
v 0.266892 -0.185405 0.172679
vn 0.419385 0.34856 -0.838226
v 0.191482 -0.196059 0.154853
vn -0.259087 0.137748 -0.955981
v -0.00720202 -0.111802 -0.0134549
vn -0.302568 0.944242 -0.129845
v 0.0291428 -0.148503 0.0718536
vn -0.133046 -0.0423554 0.990204
v 0.0750807 -0.206728 -0.0486889
vn 0.402365 -0.43308 -0.806563
v 0.167205 -0.214574 0.2467
vn -0.693876 -0.298822 0.655165
v 0.0109463 -0.133099 0.0658862
vn -0.294146 0.304888 0.905826
v 0.227316 -0.184001 0.136846
vn 0.237368 0.162446 -0.957741
v 0.0907053 -0.18367 0.0513691
vn -0.301782 -0.233635 0.924306
v 0.0875537 -0.174627 0.0532378
vn -0.126876 -0.480477 0.867781
v 0.104018 -0.221914 -0.0138906
vn 0.603197 -0.736506 -0.306125
v 0.293189 -0.175801 0.180885
vn 0.185574 0.342496 -0.92101
v 0.174427 -0.19017 0.158421
vn -0.121083 0.210786 -0.970004
v 0.216778 -0.211862 0.278324
vn 0.225353 -0.255048 0.940301
v 0.264802 -0.19837 0.264174
vn 0.465233 -0.108319 0.878536
v 0.246925 -0.180537 0.153458
vn 0.538377 -0.0142059 -0.842584
v 0.167237 -0.194111 0.158067
vn -0.185825 0.197271 -0.962576
v 0.149275 -0.219817 0.230031
vn -0.988304 -0.133392 0.0739093
v 0.150038 -0.21849 0.223946
vn -0.951494 0.0661846 -0.300464
v 0.30608 -0.182271 0.205954
vn 0.907442 0.15192 0.391751
v 0.0678958 -0.18787 -0.0518191
vn 0.0097237 -0.0078161 -0.999922
v 0.0251284 -0.13698 0.070766
vn -0.187986 0.177675 0.965967
v 0.0836703 -0.207814 -0.0414069
vn 0.346797 -0.534128 -0.770998
v 0.273563 -0.177679 0.177725
vn 0.182617 0.34103 -0.922144
v 0.239977 -0.180538 0.148309
vn 0.666666 0.194739 -0.719467
v 0.213634 -0.182271 0.137078
vn -0.469818 -0.0836154 -0.878794
v 0.197536 -0.178658 0.151672
vn -0.644663 -0.139886 -0.75156
v 0.148544 -0.191922 0.169035
vn -0.825742 -0.313616 -0.468823
v 0.0551926 -0.164788 -0.0477568
vn -0.214075 0.0325463 -0.976275
v 0.10698 -0.197301 -0.0408712
vn 0.234961 -0.607579 -0.75871
v 0.14853 -0.199775 0.180802
vn -0.899958 -0.413575 -0.137951
v 0.00219023 -0.107654 -0.0149696
vn -0.34663 0.915647 -0.203562
v 0.192328 -0.218184 0.271347
vn -0.533197 -0.249661 0.808313
v 0.0139599 -0.124878 0.0625832
vn -0.302276 0.653917 0.693557
v 0.0523564 -0.145352 0.0742863
vn -0.0867132 -0.101044 0.991096
v 0.0890618 -0.19462 0.0481631
vn 0.182245 -0.542812 0.819843
v 0.102695 -0.216545 -0.0267741
vn 0.378952 -0.721523 -0.579482
v 0.261661 -0.178626 0.168911
vn 0.789541 0.0334741 -0.612785
v 0.228913 -0.172165 0.141671
vn 0.540578 0.246763 -0.804291
v 0.155403 -0.190803 0.161958
vn -0.552133 -0.0701622 -0.830799
v 0.155794 -0.198524 0.246667
vn -0.589173 -0.379038 0.713586
v 0.279959 -0.185809 0.25038
vn 0.746866 0.183458 0.639167
v 0.306699 -0.176758 0.1995
vn 0.969412 0.210928 0.125495
v 0.00807203 -0.118107 0.0509773
vn -0.33906 0.735073 0.587116
v 0.10833 -0.220681 -0.00611966
vn 0.714953 -0.596598 -0.364574
v 0.0842061 -0.196505 -0.0468198
vn 0.276712 -0.420484 -0.864074
v 0.255844 -0.172795 0.159498
vn 0.715582 -0.0669948 -0.695308
v 0.149233 -0.208177 0.226073
vn -0.936545 -0.340335 -0.0840003
v 0.198225 -0.196381 0.282182
vn -0.135005 -0.295788 0.945665
v 0.219311 -0.17903 0.28125
vn 0.436604 -0.105922 0.893397
v 0.232242 -0.200723 0.272652
vn 0.240925 -0.221562 0.944916
v 0.0313926 -0.135556 -0.0426795
vn -0.242741 0.0526216 -0.968663
v 0.00491761 -0.106238 0.0346783
vn -0.231162 0.816539 0.528988
v 0.177367 -0.211728 0.262283
vn -0.612828 -0.261487 0.745698
v 0.249075 -0.200484 0.269459
vn 0.255247 -0.270597 0.928238
v 0.293492 -0.185222 0.232291
vn 0.812556 0.298538 0.500628
v 0.0689507 -0.177315 -0.0521005
vn -0.142861 0.0683643 -0.987379
v 0.0611879 -0.168674 0.0648654
vn 0.158612 -0.518536 0.840216
v 0.101777 -0.205085 0.0350978
vn 0.239363 -0.552826 0.798178
v 0.0442802 -0.126316 -0.0444637
vn -0.305047 0.20704 -0.929559
v 0.0176174 -0.106571 -0.0225428
vn -0.264463 0.834718 -0.483017
v 0.0684535 -0.172774 0.0593588
vn 0.263061 -0.687162 0.677206
v 0.150899 -0.18952 0.0286601
vn 0.529451 -0.774953 0.34515
v 0.0924168 -0.180671 -0.0528242
vn 0.0480976 -0.303054 -0.951759
v 0.216062 -0.167864 0.136734
vn 0.133698 0.108265 -0.985091
v 0.144804 -0.198037 0.207536
vn -0.915059 -0.399886 -0.0525169
v 0.297185 -0.178307 0.220047
vn 0.776476 0.469983 0.419763
v 0.302897 -0.17343 0.204462
vn 0.758636 0.43887 0.481523
v 0.0866922 -0.17172 -0.0536948
vn -0.0991908 -0.112982 -0.988634
v 0.000376504 -0.10438 0.0114278
vn -0.367924 0.928791 -0.0444852
v 0.00877536 -0.102062 0.022141
vn -0.151077 0.977206 0.149148
v 0.0165345 -0.118724 0.0571669
vn -0.284569 0.829934 0.479823
v 0.028332 -0.124494 0.0665936
vn -0.23088 0.492082 0.839375
v 0.125962 -0.198966 0.0342387
vn 0.22734 -0.553394 0.801293
v 0.284295 -0.130285 0.196042
vn 0.252996 0.343266 -0.904523
v 0.269506 -0.162425 0.180667
vn 0.489874 0.258934 -0.832452
v 0.258522 -0.163387 0.162665
vn 0.834309 0.022572 -0.550835
v 0.249285 -0.165062 0.15421
vn 0.448557 -0.020116 -0.893528
v 0.237663 -0.165911 0.150037
vn 0.478705 0.0981754 -0.872469
v 0.147778 -0.205164 0.235678
vn -0.933183 -0.273888 0.232712
v 0.0655198 -0.161276 -0.0503463
vn -0.23115 -0.0763123 -0.969921
v 0.113721 -0.197398 -0.0383744
vn 0.260557 -0.631808 -0.730019
v 0.0951138 -0.187778 -0.0494232
vn 0.0704136 -0.554749 -0.829033
v 0.199988 -0.152838 0.143405
vn -0.620468 -0.148008 -0.770138
v 0.137751 -0.178087 0.183573
vn -0.885982 -0.457604 0.0750671
v 0.0297072 -0.111072 -0.0335433
vn -0.28038 0.661398 -0.695658
v 0.120929 -0.217123 0.0141292
vn 0.553503 -0.785351 0.277233
v 0.112838 -0.212748 -0.0139489
vn 0.763894 -0.640684 -0.0773932
v 0.135469 -0.172341 0.199313
vn -0.923944 -0.381735 -0.0246044
v 0.19244 -0.201463 0.277987
vn -0.534344 -0.357127 0.766118
v 0.243412 -0.175474 0.277047
vn 0.253782 -0.174548 0.951382
v 0.263846 -0.161856 0.1747
vn 0.864628 0.145875 -0.480769
v 0.0130286 -0.111579 0.0434368
vn -0.0995663 0.847231 0.521811
v 0.121483 -0.202493 -0.026857
vn 0.723321 -0.651809 -0.227931
v 0.221274 -0.157475 0.140802
vn 0.464335 0.137123 -0.87498
v 0.290346 -0.164808 0.213353
vn 0.768847 0.435521 0.468183
v 0.0735286 -0.154029 0.0721756
vn 0.0497226 -0.461546 0.885722
v 0.115644 -0.204119 -0.0324782
vn 0.468188 -0.647071 -0.601747
v 0.187245 -0.173238 0.157838
vn -0.475569 -0.0408914 -0.878728
v 0.172321 -0.19192 0.265933
vn -0.636091 -0.397134 0.661569
v 0.301668 -0.161093 0.197681
vn 0.841769 0.21592 0.494776
v 0.0412868 -0.130672 0.071546
vn -0.133746 0.195864 0.971468
v 0.0787062 -0.175176 0.0526428
vn 0.161141 -0.68526 0.710248
v 0.269269 -0.160659 0.253613
vn 0.769328 0.284089 0.572213
v 0.284433 -0.167399 0.231049
vn 0.80475 0.44576 0.392016
v 0.301191 -0.15324 0.194279
vn 0.891792 0.316907 -0.322919
v 0.252955 -0.149133 0.156325
vn 0.686344 0.0227963 -0.72692
v 0.0139612 -0.100614 0.00556427
vn -0.208891 0.977076 -0.0410835
v 0.148198 -0.171023 0.165254
vn -0.298052 0.0660569 -0.952261
v 0.141112 -0.18929 0.221007
vn -0.937073 -0.349062 0.00709115
v 0.0371293 -0.11556 -0.0389528
vn -0.274702 0.39289 -0.877597
v 0.251388 -0.170731 0.273224
vn 0.534526 0.0131861 0.845049
v 0.294378 -0.157794 0.205784
vn 0.723085 -0.0389491 0.68966
v 0.0766666 -0.164122 0.0653118
vn 0.136086 -0.652683 0.745309
v 0.109296 -0.173508 0.0582419
vn 0.174693 -0.646182 0.742921
v 0.258768 -0.165735 0.267728
vn 0.660904 0.13143 0.738872
v 0.226824 -0.146621 0.145433
vn 0.457218 0.108062 -0.882765
v 0.205876 -0.155268 0.139349
vn -0.348807 -0.0350986 -0.936537
v 0.126537 -0.154634 0.177762
vn -0.799038 -0.36317 -0.479214
v 0.147953 -0.187388 0.244496
vn -0.747055 -0.319741 0.582816
v 0.298995 -0.142566 0.203352
vn 0.970358 0.0850957 0.226194
v 0.257126 -0.143766 0.163131
vn 0.911488 0.0821532 -0.403038
v 0.0976401 -0.165371 -0.0574855
vn -0.278443 -0.243962 -0.928952
v 0.0572932 -0.137026 -0.0501994
vn -0.293199 -0.0171848 -0.955897
v 0.025509 -0.0989888 -0.0063453
vn -0.171142 0.971748 -0.162533
v 0.023315 -0.104208 0.0313184
vn -0.12498 0.913102 0.388104
v 0.128648 -0.207898 0.0035163
vn 0.477194 -0.497447 -0.724453
v 0.125578 -0.196476 -0.0116697
vn 0.775436 -0.617766 -0.13063
v 0.233316 -0.142338 0.148557
vn 0.284211 0.0374652 -0.95803
v 0.13904 -0.152326 0.169749
vn -0.141708 0.133079 -0.980922
v 0.125755 -0.156101 0.183657
vn -0.874315 -0.484329 -0.0316054
v 0.208746 -0.180351 0.286359
vn 0.183249 -0.131191 0.974273
v 0.027115 -0.110585 0.0508904
vn -0.325387 0.85157 0.411037
v 0.0626111 -0.148196 0.0743426
vn -0.0502685 -0.272817 0.960752
v 0.116261 -0.184251 0.0461764
vn 0.241722 -0.593188 0.767918
v 0.272318 -0.157576 0.245928
vn 0.843135 0.374328 0.386008
v 0.280339 -0.151329 0.220901
vn 0.79681 0.217915 0.563567
v 0.295807 -0.141444 0.195747
vn 0.563685 0.404063 -0.720411
v 0.271866 -0.124128 0.194389
vn 0.382856 0.335662 -0.86067
v 0.26502 -0.124661 0.189615
vn 0.718423 0.230745 -0.65622
v 0.0295562 -0.102332 0.0256805
vn -0.162202 0.968318 0.18987
v 0.147724 -0.19552 0.018211
vn 0.655285 -0.755237 -0.0147934
v 0.294449 -0.142351 0.210939
vn 0.693766 -0.182785 0.69662
v 0.245263 -0.139705 0.151806
vn 0.396869 0.0196696 -0.917665
v 0.159421 -0.1725 0.266147
vn -0.673153 -0.398314 0.623066
v 0.0731003 -0.142123 -0.0549034
vn -0.310886 -0.118173 -0.943072
v 0.121741 -0.19076 -0.0396831
vn 0.593646 -0.640712 -0.4869
v 0.108758 -0.180599 -0.0545128
vn -0.0687513 -0.400476 -0.913724
v 0.212834 -0.148476 0.138304
vn 0.189639 0.0724678 -0.979176
v 0.134103 -0.155675 0.171105
vn -0.508103 -0.110715 -0.854151
v 0.140395 -0.176762 0.236706
vn -0.888808 -0.317835 0.330153
v 0.191967 -0.18141 0.286299
vn -0.134189 -0.252259 0.95831
v 0.275166 -0.14951 0.229921
vn 0.845314 0.403089 0.350663
v 0.0641523 -0.116546 -0.0504981
vn -0.383302 0.333428 -0.861339
v 0.174318 -0.157158 0.163586
vn -0.363683 -0.00686723 -0.931497
v 0.180099 -0.177082 0.282675
vn -0.494144 -0.382019 0.78095
v 0.0424733 -0.100022 -0.0242174
vn -0.180598 0.929145 -0.322603
v 0.044619 -0.117838 0.0666897
vn -0.127 0.503182 0.854798
v 0.117129 -0.186477 -0.0494167
vn 0.230179 -0.642206 -0.731156
v 0.133093 -0.165597 0.221341
vn -0.941465 -0.320377 0.104896
v 0.281384 -0.140778 0.219642
vn 0.532314 -0.173073 0.828666
v 0.261325 -0.135422 0.180006
vn 0.936232 0.120473 -0.330085
v 0.251526 -0.118993 0.156945
vn 0.678377 0.0503215 -0.732989
v 0.0377706 -0.110066 0.056633
vn -0.254001 0.760842 0.597163
v 0.129562 -0.195554 -0.00202043
vn 0.602197 -0.60589 -0.519861
v 0.182976 -0.148115 0.157389
vn -0.566905 -0.20226 -0.798567
v 0.0545975 -0.112233 -0.0444354
vn -0.347012 0.403387 -0.846677
v 0.0688085 -0.136945 0.0770297
vn -0.158425 0.152079 0.975589
v 0.0451512 -0.0972838 0.00151182
vn 0.00221753 0.997878 0.0650667
v 0.0965768 -0.164413 0.0602464
vn -0.0240253 -0.583197 0.811975
v 0.204158 -0.135188 0.138472
vn -0.295814 -0.0435299 -0.954253
v 0.214359 -0.16212 0.284761
vn 0.242539 -0.0850538 0.966406
v 0.145301 -0.189156 0.0333133
vn 0.355788 -0.677976 0.643244
v 0.162606 -0.153256 0.16744
vn -0.166836 0.122194 -0.978384
v 0.286665 -0.122815 0.222309
vn 0.434685 -0.257334 0.863034
v 0.294629 -0.12596 0.204496
vn 0.785757 0.384594 -0.484432
v 0.256437 -0.119909 0.164725
vn 0.966883 -0.0429977 -0.251571
v 0.111456 -0.170385 -0.0588615
vn -0.193338 -0.442949 -0.875452
v 0.0509637 -0.104415 -0.0367687
vn -0.30304 0.69253 -0.654652
v 0.133839 -0.189967 0.03737
vn 0.237518 -0.580056 0.779179
v 0.142257 -0.19587 0.00290339
vn 0.420536 -0.656919 -0.625785
v 0.29457 -0.120877 0.21358
vn 0.968204 0.142463 0.205632
v 0.129381 -0.187575 -0.0322419
vn 0.72107 -0.611677 -0.325438
v 0.0743246 -0.123409 -0.0559438
vn -0.354249 0.0782509 -0.931872
v 0.127227 -0.181192 -0.0470799
vn 0.515309 -0.645483 -0.563744
v 0.11834 -0.173892 -0.0571729
vn 0.258962 -0.613596 -0.745948
v 0.242349 -0.116939 0.152104
vn 0.277892 0.0735358 -0.957794
v 0.191724 -0.136016 0.146431
vn -0.623124 -0.187598 -0.759291
v 0.141977 -0.163673 0.250165
vn -0.805654 -0.383471 0.451522
v 0.0939667 -0.14078 -0.0629681
vn -0.375622 -0.17979 -0.909166
v 0.114378 -0.163408 0.0644737
vn -0.104923 -0.493316 0.863499
v 0.130052 -0.161687 0.194896
vn -0.913554 -0.391523 0.110131
v 0.146336 -0.161083 0.257973
vn -0.710368 -0.429966 0.557231
v 0.16684 -0.169027 0.277717
vn -0.646764 -0.453926 0.6129
v 0.0356985 -0.103811 0.0429363
vn -0.294111 0.905138 0.306958
v 0.0951991 -0.153228 0.0719185
vn 0.0313551 -0.583503 0.811505
v 0.186536 -0.142661 0.293161
vn 0.0299593 -0.157146 0.987121
v 0.185581 -0.1636 0.289334
vn -0.302332 -0.294119 0.906691
v 0.232416 -0.152142 0.282451
vn 0.225489 -0.0614497 0.972306
v 0.242359 -0.137682 0.276023
vn 0.676406 0.285538 0.678928
v 0.286225 -0.100773 0.228309
vn 0.721384 -0.0855591 0.68723
v 0.141518 -0.173366 0.0474833
vn 0.180522 -0.703384 0.687505
v 0.152007 -0.188703 0.00305887
vn 0.641019 -0.734127 -0.223946
v 0.149354 -0.164628 -0.0269534
vn 0.658521 -0.673955 -0.334865
v 0.131041 -0.188484 -0.0233543
vn 0.805793 -0.585731 -0.0872785
v 0.206843 -0.10017 0.141268
vn 0.40377 0.121318 -0.906781
v 0.196469 -0.12594 0.141172
vn -0.401345 -0.108503 -0.909478
v 0.130347 -0.152776 0.232937
vn -0.937933 -0.323567 0.124843
v 0.140509 -0.191187 -0.0010424
vn 0.26388 -0.610566 -0.74671
v 0.281716 -0.105348 0.20681
vn 0.43311 0.421643 -0.796638
v 0.259887 -0.117992 0.182539
vn 0.940877 0.0573789 -0.333853
v 0.110083 -0.156136 -0.0661286
vn -0.323397 -0.336901 -0.884258
v 0.0795169 -0.140962 0.0784385
vn -0.0473449 -0.337099 0.940278
v 0.174426 -0.168984 0.00297478
vn 0.675881 -0.720092 -0.157014
v 0.225633 -0.111277 0.149525
vn 0.33808 0.0996375 -0.935828
v 0.161083 -0.133509 0.16729
vn -0.404416 -0.106502 -0.908353
v 0.160293 -0.152246 0.281538
vn -0.498779 -0.389056 0.774503
v 0.256747 -0.131573 0.256779
vn 0.766564 0.361614 0.530673
v 0.269555 -0.118113 0.229458
vn 0.482142 -0.108526 0.869345
v 0.040568 -0.0993941 0.0269127
vn -0.035813 0.994541 0.0980046
v 0.0528767 -0.103038 0.0508106
vn -0.0347344 0.8407 0.540386
v 0.122591 -0.165284 0.0627189
vn 0.0679021 -0.644511 0.761574
v 0.183599 -0.129828 0.294705
vn 0.246406 0.00981755 0.969117
v 0.232493 -0.138725 0.282708
vn 0.469505 0.0794152 0.879351
v 0.258088 -0.103339 0.165432
vn 0.883105 -0.0295777 -0.468243
v 0.0639919 -0.126241 0.0725696
vn -0.148082 0.477993 0.865791
v 0.120709 -0.166569 -0.0634374
vn 0.0188477 -0.495814 -0.868224
v 0.0923102 -0.124931 -0.0631633
vn -0.391405 0.0108869 -0.920154
v 0.114399 -0.154529 0.0697502
vn -0.0478423 -0.635363 0.77073
v 0.206162 -0.121905 0.139017
vn 0.0193607 0.0413557 -0.998957
v 0.249332 -0.115692 0.255131
vn 0.768232 0.384478 0.511857
v 0.287132 -0.100213 0.214401
vn 0.72964 0.474874 -0.492057
v 0.147648 -0.173024 -0.0167345
vn 0.31192 -0.694565 -0.648295
v 0.137242 -0.171574 -0.0497695
vn 0.546529 -0.643908 -0.535433
v 0.118509 -0.138335 0.17784
vn -0.669682 -0.34423 -0.658051
v 0.0855464 -0.10941 -0.0575971
vn -0.419221 0.390374 -0.819672
v 0.10689 -0.14124 0.078813
vn -0.0944352 -0.383757 0.918593
v 0.140612 -0.173526 -0.0389175
vn 0.728261 -0.633678 -0.260936
v 0.244769 -0.105368 0.15404
vn 0.37713 0.125097 -0.917673
v 0.25334 -0.106637 0.24366
vn 0.719408 0.263622 0.642616
v 0.262555 -0.0945507 0.176798
vn 0.97497 -0.131923 -0.178966
v 0.0562629 -0.0985755 -0.0222649
vn -0.0281313 0.992015 -0.122946
v 0.0873999 -0.129813 0.0800427
vn -0.233289 0.102316 0.96701
v 0.133123 -0.165588 -0.0601398
vn 0.377833 -0.643777 -0.665427
v 0.154694 -0.109785 0.165985
vn -0.526952 -0.251027 -0.811978
v 0.281189 -0.107119 0.229917
vn 0.276226 -0.299746 0.913155
v 0.272682 -0.0973396 0.206526
vn 0.500047 0.417052 -0.758961
v 0.143264 -0.17103 -0.0296024
vn 0.79087 -0.592259 -0.154124
v 0.184456 -0.11311 0.145578
vn -0.534459 -0.212665 -0.818002
v 0.150499 -0.129061 0.170652
vn -0.17827 0.0549796 -0.982444
v 0.198908 -0.122728 0.28961
vn 0.210226 -0.00731032 0.977625
v 0.256258 -0.0911399 0.163543
vn 0.642994 0.135725 -0.753749
v 0.119376 -0.14681 -0.072449
vn -0.138062 -0.362793 -0.921586
v 0.0466108 -0.10065 0.0411955
vn -0.0926879 0.990723 0.0993794
v 0.0483535 -0.10885 0.0579576
vn -0.047101 0.696548 0.715963
v 0.157845 -0.185955 0.0230215
vn 0.654274 -0.755566 -0.0323214
v 0.152255 -0.179959 -0.00886177
vn 0.321989 -0.707228 -0.629405
v 0.139894 -0.146389 0.262675
vn -0.751231 -0.446518 0.486079
v 0.286001 -0.0893865 0.227852
vn 0.931731 0.357188 -0.0655313
v 0.268351 -0.0933971 0.204651
vn 0.805396 0.220562 -0.550173
v 0.133677 -0.156929 -0.0656979
vn 0.197608 -0.502256 -0.841837
v 0.13012 -0.142897 0.246615
vn -0.868203 -0.389522 0.307402
v 0.172338 -0.138248 0.294295
vn -0.282609 -0.285008 0.915916
v 0.258722 -0.0943912 0.237677
vn 0.158554 -0.28972 0.943887
v 0.114364 -0.141285 -0.0716317
vn -0.340428 -0.0375257 -0.939521
v 0.160213 -0.178381 0.0385648
vn 0.308978 -0.731904 0.60733
v 0.19838 -0.105862 0.139199
vn -0.111564 0.000804298 -0.993757
v 0.118963 -0.145563 0.186413
vn -0.843652 -0.536884 -0.00282893
v 0.213647 -0.117946 0.28757
vn 0.237523 0.0659781 0.969139
v 0.264863 -0.091848 0.197171
vn 0.975721 -0.116886 -0.185218
v 0.0943253 -0.137293 0.079853
vn -0.124233 -0.228556 0.965572
v 0.136262 -0.151598 0.0743797
vn 0.00622734 -0.622718 0.782422
v 0.221208 -0.0947198 0.148973
vn 0.313664 0.0835665 -0.94585
v 0.179501 -0.0906254 0.144023
vn -0.310505 -0.203305 -0.928576
v 0.234504 -0.0968683 0.25617
vn 0.593463 0.488235 0.639866
v 0.26192 -0.0834551 0.173061
vn 0.90661 0.0447238 -0.419592
v 0.0777693 -0.103218 -0.0464112
vn -0.214144 0.898224 -0.383843
v 0.140817 -0.156746 0.0677544
vn 0.125028 -0.742246 0.658361
v 0.122337 -0.14336 0.200493
vn -0.779594 -0.496999 0.381085
v 0.125451 -0.143255 0.208153
vn -0.924593 -0.357552 0.131472
v 0.140984 -0.136612 0.27349
vn -0.693895 -0.487434 0.530017
v 0.222286 -0.117753 0.283756
vn 0.508601 0.351701 0.785895
v 0.120328 -0.131877 0.175988
vn -0.343742 -0.0266632 -0.938685
v 0.25566 -0.101149 0.238976
vn 0.601043 0.121786 0.789883
v 0.272452 -0.0827097 0.241187
vn 0.399159 -0.215956 0.891087
v 0.0700125 -0.119924 0.0696237
vn -0.0906636 0.683657 0.72415
v 0.164418 -0.168228 0.0497489
vn 0.221072 -0.75481 0.617567
v 0.171313 -0.167426 -0.00975448
vn 0.6237 -0.703943 -0.339797
v 0.162644 -0.162689 -0.022382
vn 0.199301 -0.626962 -0.753125
v 0.146776 -0.158752 -0.0513391
vn 0.75595 -0.566604 -0.32787
v 0.139797 -0.156281 -0.0619055
vn 0.528804 -0.594026 -0.606218
v 0.114938 -0.140055 0.192338
vn -0.763582 -0.606898 0.220494
v 0.132829 -0.135719 0.260398
vn -0.778986 -0.487324 0.394584
v 0.271545 -0.0907395 0.238541
vn 0.108574 -0.400982 0.909629
v 0.243934 -0.0566953 0.16279
vn 0.506356 0.134236 -0.851813
v 0.115155 -0.145898 0.0777522
vn -0.0512508 -0.58167 0.811809
v 0.172396 -0.101099 0.14968
vn -0.530215 -0.278415 -0.800848
v 0.111912 -0.135666 0.185567
vn -0.784432 -0.605806 -0.132916
v 0.223411 -0.105348 0.27591
vn 0.620033 0.457822 0.637149
v 0.278491 -0.0855794 0.220012
vn 0.631522 0.49934 -0.59316
v 0.26788 -0.0758876 0.196208
vn 0.976417 -0.154464 -0.150832
v 0.119451 -0.119789 0.24108
vn -0.913921 -0.392548 0.103219
v 0.270577 -0.0781932 0.214086
vn 0.948572 -0.0140568 -0.31625
v 0.261312 -0.0569603 0.177761
vn 0.856386 0.136639 -0.497929
v 0.137667 -0.144771 -0.0734122
vn 0.255756 -0.407973 -0.87644
v 0.268681 -0.0651169 0.192839
vn 0.964354 0.059366 -0.257869
v 0.0826422 -0.123969 0.0769147
vn -0.333684 0.495636 0.801873
v 0.19687 -0.154282 0.032345
vn 0.655336 -0.7552 0.0143888
v 0.231611 -0.0687407 0.154981
vn 0.380967 0.0894088 -0.920255
v 0.0583981 -0.101824 0.018738
vn 0.0938462 0.993078 0.0706332
v 0.17862 -0.16792 0.0371802
vn 0.565466 -0.790236 0.236168
v 0.203674 -0.0877849 0.142175
vn 0.36019 0.099845 -0.92752
v 0.276521 -0.0673618 0.237846
vn 0.857206 0.313139 0.408831
v 0.277326 -0.0746799 0.226607
vn 0.837119 0.329838 -0.436393
v 0.0704389 -0.0990828 -0.0160038
vn 0.0572649 0.997588 0.0392281
v 0.0555838 -0.0995542 0.0432696
vn 0.104359 0.965877 0.237045
v 0.178555 -0.163901 0.0462702
vn 0.450177 -0.760862 0.467364
v 0.158251 -0.150255 -0.0353164
vn 0.742066 -0.580822 -0.334638
v 0.129855 -0.119186 0.277486
vn -0.639707 -0.527758 0.558789
v 0.152445 -0.136147 0.284672
vn -0.492553 -0.431042 0.756039
v 0.245608 -0.0891133 0.243208
vn 0.448131 0.104432 0.887847
v 0.275736 -0.0613139 0.229495
vn 0.971095 0.223669 -0.0833482
v 0.129773 -0.139264 -0.0758655
vn -0.144853 -0.0898294 -0.985367
v 0.158185 -0.157378 -0.0278625
vn 0.371567 -0.636418 -0.675951
v 0.196865 -0.0866239 0.140574
vn 0.0614836 0.034515 -0.997511
v 0.183492 -0.0839564 0.142188
vn -0.121835 -0.0701531 -0.990068
v 0.119023 -0.116579 0.176562
vn -0.190145 0.0492052 -0.980522
v 0.0816215 -0.100241 -0.0357098
vn -0.0574639 0.991121 -0.119903
v 0.0751618 -0.115718 0.0656134
vn -0.0881685 0.776552 0.623854
v 0.158946 -0.158248 0.0630037
vn 0.171192 -0.772091 0.612021
v 0.214284 -0.0692214 0.148413
vn 0.36737 0.0543762 -0.928484
v 0.275046 -0.0737699 0.24102
vn 0.627801 -0.018704 0.778149
v 0.172 -0.160033 -0.0210634
vn 0.510761 -0.669914 -0.538831
v 0.111297 -0.132181 0.196695
vn -0.680166 -0.586006 0.440421
v 0.170203 -0.120763 0.29651
vn -0.177946 -0.137635 0.974367
v 0.258376 -0.0739389 0.247267
vn 0.0728178 -0.398292 0.914364
v 0.103291 -0.117129 -0.0675579
vn -0.379132 -0.0516746 -0.923899
v 0.184089 -0.161275 0.013731
vn 0.651306 -0.744822 -0.145052
v 0.143911 -0.150072 -0.0667112
vn 0.638541 -0.534562 -0.553633
v 0.115363 -0.123245 0.209142
vn -0.711277 -0.509961 0.483762
v 0.183608 -0.109495 0.292335
vn 0.242423 0.137318 0.960403
v 0.2548 -0.0434934 0.17254
vn 0.670599 0.19326 -0.716204
v 0.0565899 -0.0995119 0.0344956
vn 0.00542763 0.996084 -0.0882491
v 0.0834848 -0.116548 0.0721452
vn -0.637506 0.456141 0.620904
v 0.0917785 -0.115908 0.0787433
vn -0.542107 -0.0250215 0.839937
v 0.141231 -0.147609 0.0764316
vn -0.031112 -0.651738 0.757806
v 0.123169 -0.122415 0.257279
vn -0.853525 -0.477248 0.209114
v 0.200528 -0.106197 0.288489
vn 0.214132 0.168807 0.962108
v 0.24618 -0.0759804 0.243962
vn -0.0316318 -0.383711 0.922911
v 0.265323 -0.0563523 0.187802
vn 0.905694 0.368309 -0.209922
v 0.100913 -0.106671 -0.0667522
vn -0.510151 0.109979 -0.853024
v 0.0656456 -0.101952 0.0164184
vn -0.0326846 0.999458 -0.00404416
v 0.129782 -0.136902 0.084561
vn -0.153975 -0.477398 0.865091
v 0.143823 -0.123359 0.287278
vn -0.395918 -0.301449 0.867397
v 0.203925 -0.0996772 0.284861
vn 0.389405 0.414903 0.822325
v 0.215437 -0.0884708 0.266516
vn 0.561103 0.577883 0.592634
v 0.230524 -0.0808762 0.250273
vn 0.505401 0.330732 0.796986
v 0.271018 -0.0552906 0.218244
vn 0.855487 0.493894 -0.155597
v 0.164341 -0.147864 0.0752498
vn 0.148015 -0.740543 0.655506
v 0.207906 -0.134618 0.000481274
vn 0.699086 -0.6605 -0.273894
v 0.141023 -0.106007 0.172248
vn -0.391798 -0.259976 -0.882557
v 0.0991129 -0.120415 0.195633
vn -0.70797 -0.687862 0.160078
v 0.201397 -0.0880557 0.278922
vn 0.50738 0.535952 0.674775
v 0.178965 -0.15619 0.0566338
vn 0.364839 -0.749372 0.552571
v 0.194207 -0.153338 0.0459637
vn 0.576879 -0.754662 0.312563
v 0.116185 -0.116735 0.221201
vn -0.885303 -0.436369 0.160685
v 0.163716 -0.102997 0.29686
vn 0.177383 0.133234 0.975081
v 0.235202 -0.0731841 0.246389
vn 0.266989 -0.0372494 0.962979
v 0.258519 -0.058484 0.251486
vn 0.401539 -0.196602 0.894491
v 0.119904 -0.120307 -0.0735423
vn -0.286622 -0.0893883 -0.953864
v 0.0792749 -0.0998118 -0.00736846
vn -0.0566821 0.996934 0.053945
v 0.102385 -0.120899 0.0840186
vn -0.394333 0.000723089 0.918967
v 0.155443 -0.137275 0.0867874
vn 0.0108073 -0.682577 0.730734
v 0.203015 -0.14743 0.040895
vn 0.686027 -0.700609 0.196251
v 0.122937 -0.114886 0.272184
vn -0.761788 -0.549385 0.3433
v 0.253516 -0.0478683 0.256176
vn 0.605218 0.135633 0.78442
v 0.13348 -0.131338 -0.0759394
vn -0.0151599 -0.103045 -0.994561
v 0.0998743 -0.103474 -0.0636351
vn -0.538035 0.586924 -0.605011
v 0.191173 -0.152661 0.00466665
vn 0.670437 -0.704998 -0.231283
v 0.156788 -0.141297 -0.0552152
vn 0.807022 -0.408121 -0.426794
v 0.156617 -0.0943899 0.156686
vn -0.462498 -0.479011 -0.746086
v 0.131961 -0.109169 0.17502
vn -0.188722 -0.00791525 -0.981999
v 0.250934 -0.0588688 0.256107
vn -0.00627258 -0.479807 0.877352
v 0.262056 -0.0500582 0.19005
vn 0.839287 0.540568 0.0581678
v 0.264875 -0.0527733 0.202726
vn 0.629743 0.770331 -0.100071
v 0.258611 -0.0431972 0.179444
vn 0.928769 0.279703 -0.243218
v 0.161604 -0.138393 -0.0453749
vn 0.756772 -0.494141 -0.427926
v 0.149367 -0.139782 -0.0675038
vn 0.687985 -0.192794 -0.699648
v 0.163476 -0.0892577 0.149156
vn -0.386095 -0.418443 -0.822093
v 0.105705 -0.116508 0.180365
vn -0.363895 -0.118046 -0.923929
v 0.260047 -0.0458737 0.245402
vn 0.749444 0.566482 0.342683
v 0.0727262 -0.105641 0.0504633
vn -0.0225735 0.872174 0.488674
v 0.236125 -0.0302259 0.159625
vn 0.53597 0.100574 -0.838225
v 0.199831 -0.0658669 0.142783
vn 0.345724 0.0333811 -0.937742
v 0.266617 -0.0492074 0.230638
vn 0.635354 0.771322 -0.0372565
v 0.212136 -0.140571 0.0260568
vn 0.691715 -0.701845 -0.170131
v 0.0968537 -0.11618 0.187347
vn -0.706424 -0.474601 -0.52509
v 0.255724 -0.0453921 0.205224
vn 0.806177 0.584364 0.0927181
v 0.140519 -0.133758 -0.0737576
vn 0.476122 -0.214572 -0.852799
v 0.131948 -0.129289 0.0896024
vn -0.346963 -0.530911 0.773143
v 0.187791 -0.0924273 0.287655
vn 0.290443 0.320483 0.901628
v 0.0760201 -0.100293 0.0110807
vn -0.605882 0.512521 -0.608465
v 0.200636 -0.135728 -0.0158672
vn 0.680698 -0.647855 -0.341956
v 0.170806 -0.127144 -0.0467681
vn 0.303798 -0.538873 -0.785699
v 0.224608 -0.0457342 0.152667
vn 0.389462 0.0338402 -0.920421
v 0.191076 -0.0639338 0.14016
vn 0.00336344 -0.0559728 -0.998427
v 0.102024 -0.119052 0.201388
vn -0.510275 -0.596521 0.619502
v 0.161521 -0.107791 0.296656
vn -0.267107 -0.271519 0.924625
v 0.212518 -0.0634398 0.253414
vn 0.378396 0.209003 0.901739
v 0.255034 -0.0440202 0.219351
vn 0.642834 0.76385 -0.0574178
v 0.257219 -0.0394434 0.187434
vn 0.975938 0.153756 0.15461
v 0.254403 -0.0307158 0.178018
vn 0.746178 0.416072 -0.519714
v 0.0944295 -0.100027 -0.0485322
vn -0.166398 0.980421 -0.105293
v 0.175683 -0.14612 0.0730024
vn 0.277669 -0.776634 0.565455
v 0.253155 -0.0396186 0.242435
vn 0.627586 0.778447 -0.012521
v 0.25332 -0.0388043 0.204026
vn 0.958893 0.151471 0.239959
v 0.136655 -0.123607 -0.078069
vn -0.121973 -0.164574 -0.978794
v 0.112936 -0.108468 -0.0741679
vn -0.409792 -0.102203 -0.906435
v 0.197991 -0.146256 0.0537317
vn 0.572014 -0.652231 0.497388
v 0.107984 -0.102969 0.22217
vn -0.773862 -0.552023 0.310497
v 0.129978 -0.110045 0.285345
vn -0.426627 -0.432206 0.794473
v 0.183048 -0.143279 0.0717283
vn 0.420243 -0.718787 0.553842
v 0.184631 -0.141723 -0.029074
vn 0.561994 -0.564367 -0.604692
v 0.111144 -0.0916494 0.177914
vn -0.248565 -0.0472188 -0.967464
v 0.104952 -0.103951 0.215774
vn -0.507219 -0.592495 0.625843
v 0.199304 -0.0687517 0.263049
vn 0.509231 0.489952 0.707553
v 0.0883217 -0.0985892 -0.0199828
vn -0.170777 0.983074 -0.0663337
v 0.256132 -0.0281172 0.186262
vn 0.95095 0.270218 -0.150589
v 0.152199 -0.0642513 0.142903
vn -0.115154 -0.0842411 -0.989769
v 0.118202 -0.110682 0.266738
vn -0.828872 -0.514463 0.21977
v 0.221877 -0.0566494 0.251484
vn -0.0560283 -0.415683 0.907782
v 0.233701 -0.0601233 0.250554
vn -0.107401 -0.474916 0.873453
v 0.145133 -0.12475 -0.075781
vn 0.537663 -0.286404 -0.793027
v 0.100382 -0.0994159 -0.0576717
vn -0.600142 0.764114 -0.236558
v 0.0658387 -0.101094 0.0363853
vn -0.327687 0.83539 0.441299
v 0.108586 -0.113516 0.0891208
vn -0.266721 -0.389828 0.881416
v 0.15208 -0.12953 -0.0642169
vn 0.736126 -0.253852 -0.627437
v 0.248367 -0.0356133 0.219802
vn 0.869506 0.441556 0.221331
v 0.253704 -0.0197645 0.208422
vn 0.934221 0.0127621 0.356467
v 0.146647 -0.0680797 0.144966
vn -0.329855 -0.349969 -0.876765
v 0.187091 -0.075989 0.278917
vn 0.460315 0.518093 0.720895
v 0.0855131 -0.109134 0.0719823
vn -0.83801 0.0214337 0.545234
v 0.143762 -0.126028 0.095456
vn -0.105478 -0.651509 0.751273
v 0.111485 -0.102774 0.253822
vn -0.855304 -0.512646 0.0751644
v 0.179469 -0.131397 -0.0430143
vn 0.366163 -0.560295 -0.742963
v 0.245237 -0.0339732 0.233696
vn 0.739805 0.671449 0.0429549
v 0.0911381 -0.112831 0.19467
vn -0.737809 -0.671145 -0.0721227
v 0.107465 -0.0968137 0.235615
vn -0.86538 -0.493901 0.084729
v 0.131208 -0.0993638 0.292403
vn -0.321389 -0.422308 0.847564
v 0.25493 -0.0173605 0.19949
vn 0.974934 0.220683 0.0283209
v 0.229518 -0.0163758 0.159032
vn 0.643006 0.334623 -0.688891
v 0.222057 -0.129483 0.02855
vn 0.80842 -0.588605 -0.000717633
v 0.196281 -0.134082 -0.0248837
vn 0.638686 -0.551878 -0.536201
v 0.164198 -0.12799 -0.0505096
vn 0.729526 -0.303313 -0.613019
v 0.204361 -0.0498371 0.254904
vn 0.250246 0.0182637 0.96801
v 0.249381 -0.0297172 0.214834
vn 0.854871 0.0131939 0.518673
v 0.129031 -0.119615 0.0932488
vn -0.380931 -0.544723 0.747107
v 0.244155 -0.0381659 0.260488
vn 0.581955 0.327233 0.744478
v 0.232581 -0.0421199 0.264532
vn -0.0293748 -0.431231 0.901763
v 0.245387 -0.0242445 0.173503
vn 0.672971 0.564659 -0.477776
v 0.221039 -0.0216599 0.152451
vn 0.387113 0.163922 -0.907344
v 0.208065 -0.0409162 0.14661
vn 0.349159 0.0593737 -0.935181
v 0.0941702 -0.103449 0.183145
vn -0.533055 -0.278211 -0.799031
v 0.0949296 -0.105111 0.209626
vn -0.349166 -0.634159 0.689874
v 0.11832 -0.101947 0.281434
vn -0.704567 -0.547341 0.451667
v 0.144202 -0.099363 0.295199
vn -0.139812 -0.15914 0.977306
v 0.0604755 -0.101636 0.0263198
vn -0.91003 -0.340414 0.236565
v 0.229935 -0.119321 0.0344329
vn 0.809763 -0.585966 0.0304679
v 0.180605 -0.0496357 0.138769
vn 0.0671572 0.020389 -0.997534
v 0.11186 -0.100526 -0.0726976
vn -0.520697 0.273868 -0.808622
v 0.216228 -0.127961 0.0522368
vn 0.629218 -0.617585 0.471883
v 0.153896 -0.116827 -0.0703165
vn 0.752937 -0.109175 -0.648973
v 0.251026 -0.00942624 0.19771
vn 0.751857 0.540352 -0.377797
v 0.160668 -0.0866387 0.293544
vn 0.244095 0.26113 0.933932
v 0.170236 -0.0672822 0.282854
vn 0.35727 0.390825 0.8483
v 0.236428 -0.026788 0.258951
vn 0.689621 0.564777 0.453265
v 0.237155 -0.0206015 0.234016
vn 0.802444 0.279478 0.527234
v 0.194638 -0.0416178 0.140925
vn 0.287498 0.0679439 -0.955368
v 0.0877469 -0.106602 0.203306
vn -0.55016 -0.711481 0.437172
v 0.0844777 -0.0986434 -0.00218782
vn -0.64841 0.715344 -0.260474
v 0.23708 -0.0159164 0.168681
vn 0.807449 0.355071 -0.471117
v 0.143034 -0.0715234 0.148008
vn -0.410908 -0.496357 -0.764712
v 0.184447 -0.0566141 0.264879
vn 0.478888 0.433603 0.763318
v 0.120326 -0.10295 -0.0768173
vn -0.257924 0.0419259 -0.965255
v 0.072951 -0.101943 0.0473802
vn -0.819173 -0.435144 0.373639
v 0.171716 -0.132848 0.0893873
vn 0.234793 -0.61691 0.751196
v 0.193388 -0.116567 -0.0417524
vn 0.635372 -0.449787 -0.62769
v 0.165903 -0.056445 0.141853
vn -0.127567 -0.0384157 -0.991086
v 0.235109 -0.0234076 0.254708
vn 0.69433 0.717837 0.0511485
v 0.243015 -0.0110919 0.187005
vn 0.78275 0.484719 -0.39032
v 0.0615785 -0.101558 0.0173846
vn -0.63571 -0.674509 -0.37538
v 0.160904 -0.127698 0.0947705
vn 0.0247775 -0.654883 0.755324
v 0.180644 -0.134894 0.0837668
vn 0.519907 -0.615266 0.592575
v 0.219707 -0.129078 0.0156709
vn 0.728929 -0.627952 -0.272653
v 0.21048 -0.121068 -0.0185006
vn 0.733391 -0.502635 -0.457707
v 0.145111 -0.0899756 0.296336
vn 0.00251118 0.0419772 0.999115
v 0.229743 -0.032447 0.265753
vn 0.444483 0.106875 0.889389
v 0.241787 0.00296332 0.227727
vn 0.783874 -0.0151293 0.620735
v 0.119408 -0.085188 0.174008
vn -0.468596 -0.421537 -0.776353
v 0.139703 -0.113619 -0.078981
vn 0.0400522 0.095951 -0.99458
v 0.0931947 -0.0934258 0.181865
vn -0.30337 -0.0339067 -0.952269
v 0.232367 -0.0200846 0.243263
vn 0.76951 0.615166 0.171538
v 0.24656 0.00540019 0.21837
vn 0.931129 0.357804 0.0705286
v 0.0907069 -0.10619 0.0806935
vn -0.590211 -0.591012 0.549869
v 0.136774 -0.116605 0.101636
vn -0.368218 -0.597944 0.711954
v 0.226241 -0.122604 0.0427161
vn 0.779244 -0.578224 0.241736
v 0.220722 -0.0336482 0.267686
vn -0.125151 -0.564078 0.816182
v 0.238032 -0.00906522 0.230618
vn 0.71964 0.0150073 0.694185
v 0.0857388 -0.10541 0.0744259
vn -0.665822 -0.684972 0.295795
v 0.16202 -0.114998 -0.058452
vn 0.776791 -0.0637282 -0.626525
v 0.144763 -0.113045 -0.0769412
vn 0.447157 0.148836 -0.881985
v 0.243838 0.00782073 0.224319
vn 0.85172 0.224524 0.473458
v 0.112183 -0.0985753 0.272934
vn -0.794683 -0.568155 0.213725
v 0.139489 -0.0786269 0.295547
vn 0.0624964 0.0855846 0.994369
v 0.209186 -0.0462298 0.254341
vn -0.151946 -0.541037 0.827159
v 0.108354 -0.0953138 -0.0670402
vn -0.779915 0.383544 -0.494598
v 0.210309 -0.0163431 0.150473
vn 0.324821 0.224434 -0.91876
v 0.128836 -0.0646222 0.152293
vn -0.500304 -0.483505 -0.718275
v 0.111433 -0.0846091 0.289408
vn -0.556368 -0.507732 0.657771
v 0.179703 -0.120033 -0.0482811
vn 0.280496 -0.214264 -0.935635
v 0.0925924 -0.0963993 -0.0209609
vn -0.73264 0.624653 -0.270273
v 0.0996274 -0.107735 0.0879268
vn -0.486471 -0.530893 0.6939
v 0.201801 -0.0307888 0.26577
vn -0.172164 -0.621458 0.764297
v 0.227201 -0.0179758 0.264405
vn 0.715947 0.520546 0.465244
v 0.244436 0.00807504 0.211882
vn 0.700711 0.61999 -0.353009
v 0.172202 -0.0494413 0.139414
vn -0.18589 -0.148166 -0.971335
v 0.117982 -0.0821579 0.294491
vn -0.179941 -0.184557 0.966209
v 0.184136 -0.043587 0.261031
vn 0.375709 0.206649 0.903404
v 0.087525 -0.0904006 -0.00309529
vn -0.77013 -0.0589519 -0.635156
v 0.186143 -0.120188 0.0902005
vn 0.52291 -0.336028 0.783358
v 0.216934 -0.0265911 0.272055
vn 0.0233329 -0.350019 0.936452
v 0.234695 0.00361973 0.176919
vn 0.798219 0.467575 -0.379764
v 0.188899 -0.0277316 0.141364
vn 0.181935 0.150476 -0.971729
v 0.20921 -0.119589 0.071716
vn 0.623172 -0.477282 0.619564
v 0.236681 -0.106983 0.0185933
vn 0.831576 -0.548004 -0.0904091
v 0.238702 0.00799298 0.203744
vn 0.825143 0.530578 -0.193972
v 0.167902 -0.113129 -0.053328
vn 0.50313 -0.145197 -0.851926
v 0.145476 -0.108493 -0.0739972
vn 0.660786 0.202347 -0.722784
v 0.080931 -0.0937942 0.00298708
vn -0.20093 -0.584923 -0.785807
v 0.0657009 -0.10058 0.0118057
vn -0.186243 -0.738177 -0.648389
v 0.144722 -0.112704 0.108595
vn -0.0550977 -0.619336 0.78319
v 0.164007 -0.114885 0.104999
vn 0.309446 -0.385694 0.869185
v 0.237961 -0.102163 0.0110501
vn 0.80176 -0.523563 -0.288207
v 0.0998711 -0.0852766 0.237106
vn -0.767966 -0.609176 0.197821
v 0.0960246 -0.0766819 0.25397
vn -0.810752 -0.5849 0.0239233
v 0.225483 -0.117441 0.051878
vn 0.727803 -0.491463 0.478296
v 0.205061 -0.106099 -0.0348282
vn 0.684679 -0.148066 -0.713646
v 0.18908 -0.114569 -0.0454602
vn 0.510888 -0.178105 -0.840994
v 0.0976348 -0.0800644 0.271656
vn -0.796314 -0.592087 0.123765
v 0.163745 -0.0537119 0.278084
vn 0.466362 0.498045 0.731066
v 0.142847 -0.0465678 0.284758
vn 0.377404 0.446061 0.811539
v 0.230204 0.00180641 0.169405
vn 0.647902 0.44117 -0.62096
v 0.222186 -0.000400704 0.161509
vn 0.428105 0.425296 -0.797402
v 0.22639 -0.112678 0.00050753
vn 0.772088 -0.468521 -0.429382
v 0.223947 -0.00881082 0.245699
vn 0.769464 0.54929 0.325893
v 0.096155 -0.0847384 0.229058
vn -0.563114 -0.651182 0.508788
v 0.110649 -0.104351 0.0970088
vn -0.39314 -0.552588 0.734906
v 0.0912862 -0.0865894 0.224206
vn -0.316598 -0.612239 0.724519
v 0.103064 -0.0829226 0.279715
vn -0.699899 -0.60644 0.377323
v 0.153118 -0.109006 -0.066177
vn 0.683317 0.165046 -0.711223
v 0.130572 -0.0476206 0.146004
vn -0.173589 -0.0910732 -0.980598
v 0.144114 -0.0597295 0.290654
vn 0.331719 0.340428 0.879813
v 0.156989 -0.0379805 0.272369
vn 0.432116 0.408003 0.804245
v 0.183881 -0.0325159 0.260308
vn -0.052962 -0.420768 0.905621
v 0.131896 -0.0957597 -0.0757474
vn 0.0594113 0.192486 -0.9795
v 0.232137 0.0167888 0.235871
vn 0.620195 0.100538 0.777978
v 0.0801134 -0.0903682 0.188336
vn -0.54782 -0.34611 -0.761644
v 0.105861 -0.0914747 -0.0579187
vn -0.978121 0.108795 -0.177319
v 0.105157 -0.0884224 -0.0381963
vn -0.940682 0.261136 -0.216623
v 0.251212 -0.0811626 0.0227885
vn 0.961466 -0.239475 -0.135036
v 0.203592 -0.0169913 0.273975
vn 0.165605 -0.0836831 0.982635
v 0.209703 -0.0130118 0.272768
vn 0.380997 0.223393 0.897183
v 0.215083 -0.00592264 0.264406
vn 0.648038 0.664498 0.372141
v 0.216588 -0.0115513 0.270461
vn 0.482399 0.341669 0.806569
v 0.211673 0.0113037 0.249818
vn 0.641827 0.313936 0.699645
v 0.225368 0.00342284 0.240244
vn 0.58109 0.078498 0.810045
v 0.236268 0.0214082 0.225294
vn 0.758018 0.649081 -0.0640509
v 0.165318 -0.0287162 0.138826
vn 0.103894 0.114638 -0.98796
v 0.140337 -0.0992194 -0.0751336
vn 0.213944 0.207326 -0.954591
v 0.0965009 -0.0877402 -0.0176895
vn -0.872122 0.189895 -0.450936
v 0.069695 -0.096947 0.060552
vn -0.645155 -0.73482 0.209321
v 0.227525 0.0260523 0.215297
vn 0.689094 0.672744 -0.269379
v 0.227582 0.0241733 0.192428
vn 0.822293 0.555406 -0.123928
v 0.189759 0.00462073 0.149126
vn 0.274552 0.315221 -0.908437
v 0.124476 -0.0514096 0.148886
vn -0.386607 -0.339017 -0.857673
v 0.0830016 -0.0954303 0.213928
vn -0.380631 -0.672863 0.634331
v 0.128956 -0.104237 0.107632
vn -0.444303 -0.53755 0.716683
v 0.158406 -0.0284782 0.138807
vn -0.127777 -0.186249 -0.974158
v 0.0762136 -0.0964781 0.202026
vn -0.717415 -0.695289 -0.0434652
v 0.123117 -0.0474335 0.29294
vn 0.210193 0.232302 0.94966
v 0.16672 -0.031053 0.264787
vn 0.287012 0.192772 0.93833
v 0.236269 -0.0981864 0.00325703
vn 0.789624 -0.282508 -0.544686
v 0.227452 -0.0949044 -0.00978156
vn 0.775522 -0.264441 -0.573268
v 0.212578 -0.105811 -0.0259553
vn 0.780397 -0.282194 -0.557985
v 0.208684 -0.00112275 0.268443
vn 0.719784 0.523995 0.455347
v 0.186936 -0.0118467 0.144551
vn 0.186738 0.203978 -0.961
v 0.0798984 -0.0977622 0.194116
vn -0.718785 -0.54536 -0.431197
v 0.164056 -0.103531 -0.0559815
vn 0.629267 0.0915453 -0.771779
v 0.120237 -0.0868155 -0.0732416
vn -0.192364 0.179318 -0.964801
v 0.239935 -0.0968326 0.0481928
vn 0.83976 -0.265086 0.473848
v 0.201591 -0.00244379 0.274899
vn 0.428487 0.259199 0.865572
v 0.219933 0.023402 0.242481
vn 0.477874 0.0918211 0.873616
v 0.215112 0.0248502 0.175498
vn 0.553397 0.550365 -0.625179
v 0.226692 -0.100929 0.0641873
vn 0.719824 -0.253949 0.646036
v 0.211906 0.00241362 0.255514
vn 0.748673 0.489683 0.446877
v 0.228756 0.0280625 0.234847
vn 0.725976 0.53874 0.427454
v 0.16398 -0.0940273 -0.0555442
vn 0.297905 -0.055184 -0.952999
v 0.0613806 -0.094161 0.0388408
vn -0.829835 -0.493832 0.259815
v 0.0823575 -0.0859896 0.0947362
vn -0.491398 -0.562853 0.664624
v 0.143493 -0.101809 0.114524
vn 0.2293 -0.18674 0.955275
v 0.204713 -0.104823 0.0807976
vn 0.602388 -0.124169 0.788486
v 0.244764 -0.0922566 0.0380999
vn 0.899942 -0.372076 0.227298
v 0.250518 -0.0820611 0.0288051
vn 0.982368 -0.0424644 0.182069
v 0.129888 -0.0353647 0.146763
vn -0.114617 -0.039635 -0.992619
v 0.118115 -0.0546457 0.154558
vn -0.505418 -0.523545 -0.685895
v 0.0834504 -0.0809075 0.185972
vn -0.277803 -0.0277241 -0.960238
v 0.114266 -0.0694861 0.295652
vn -0.0609778 0.00299709 0.998135
v 0.183877 -0.00736673 0.276673
vn -0.13262 -0.434951 0.890635
v 0.214525 0.0425771 0.219024
vn 0.795824 0.604931 -0.0268754
v 0.064482 -0.0918201 0.00474911
vn -0.266045 -0.547663 -0.793275
v 0.0956701 -0.0723923 0.182245
vn -0.33977 -0.238631 -0.909732
v 0.108128 -0.0877882 -0.0652605
vn -0.887932 -0.143748 -0.436935
v 0.171201 -0.105399 0.102699
vn 0.501306 -0.115185 0.857569
v 0.108328 -0.0670319 0.171631
vn -0.527188 -0.46457 -0.711511
v 0.0674452 -0.0878829 0.208999
vn -0.628442 -0.735161 0.254163
v 0.198033 -0.0076047 0.276718
vn 0.15202 0.00508585 0.988364
v 0.209208 0.0225159 0.247811
vn 0.486279 0.170888 0.85693
v 0.113321 -0.0975431 0.102421
vn -0.374416 -0.426881 0.823155
v 0.137006 -0.102291 0.113304
vn -0.264394 -0.465068 0.844871
v 0.189884 -0.100047 0.0921942
vn 0.563993 -0.0447351 0.824567
v 0.237363 -0.074181 0.0527714
vn 0.743787 0.1111 0.659118
v 0.247682 -0.0857631 0.0141224
vn 0.91803 -0.126471 -0.375801
v 0.105533 -0.0718286 0.293494
vn -0.396206 -0.29815 0.868405
v 0.116942 -0.055106 0.294289
vn 0.0110817 0.0352605 0.999317
v 0.236679 -0.0875749 -0.000289999
vn 0.791982 -0.117353 -0.59916
v 0.181542 -0.0954188 -0.0519266
vn 0.314228 -0.113999 -0.942478
v 0.191987 -0.0902878 -0.0468095
vn 0.553845 -0.0408644 -0.831616
v 0.0665329 -0.0858743 0.198523
vn -0.695696 -0.642149 -0.32195
v 0.173684 -0.0254752 0.263352
vn -0.0662849 -0.317487 0.945943
v 0.0573638 -0.0942566 0.0232129
vn -0.905137 -0.38389 0.182634
v 0.225573 -0.0936129 0.0651929
vn 0.593011 0.125463 0.79536
v 0.221126 -0.0854235 -0.0198996
vn 0.737191 -0.085547 -0.670247
v 0.0731231 -0.0836857 0.219931
vn -0.338987 -0.62173 0.706074
v 0.181286 -0.0137831 0.272652
vn -0.204675 -0.53578 0.819175
v 0.200573 0.00776331 0.269948
vn 0.556779 0.588153 0.586577
v 0.244488 -0.0754897 0.0414133
vn 0.885128 0.0861345 0.457307
v 0.0922724 -0.0765826 0.237654
vn -0.665639 -0.68664 0.29232
v 0.214695 0.036128 0.242645
vn 0.496776 0.248485 0.831546
v 0.218312 0.039771 0.229911
vn 0.716022 0.697525 -0.0277727
v 0.210109 0.0472375 0.192753
vn 0.632089 0.610165 -0.477663
v 0.202346 0.022922 0.165614
vn 0.419904 0.498867 -0.758163
v 0.112922 -0.084914 -0.0702172
vn -0.516683 0.101031 -0.850195
v 0.211051 -0.0864097 0.0747105
vn 0.600162 0.169343 0.781747
v 0.0863738 -0.0668116 0.249658
vn -0.707055 -0.68811 0.163027
v 0.16252 -0.017861 0.264777
vn -0.0239393 -0.249164 0.968165
v 0.171244 -0.0170158 0.266079
vn -0.229512 -0.52568 0.819137
v 0.200505 0.0174205 0.25623
vn 0.672486 0.589175 0.447923
v 0.208929 0.0506262 0.199692
vn 0.753313 0.65139 -0.0906093
v 0.152848 -0.0875986 -0.0625734
vn 0.633898 0.213647 -0.743322
v 0.0942441 -0.0686048 0.2873
vn -0.618044 -0.530962 0.579742
v 0.175351 -0.0815097 -0.0545387
vn 0.227539 0.0492961 -0.97252
v 0.162302 -0.0931141 0.108395
vn 0.369333 0.0416335 0.928364
v 0.153465 -0.0158179 0.13867
vn 0.135052 0.161255 -0.977629
v 0.14095 -0.0345261 0.144804
vn -0.205271 -0.27213 -0.940111
v 0.0772558 -0.0551899 0.278688
vn -0.709418 -0.651943 0.267761
v 0.0675131 -0.0915666 0.0670473
vn -0.713553 -0.688727 0.128444
v 0.1738 -0.0885927 0.10177
vn 0.489026 0.0512501 0.870762
v 0.151076 -0.0273624 0.268989
vn 0.369352 0.412627 0.832657
v 0.168545 -0.00629188 0.274223
vn -0.206731 -0.495152 0.843853
v 0.18751 0.0127027 0.274793
vn 0.372421 0.346453 0.860972
v 0.0991581 -0.0791179 -0.0236603
vn -0.897225 -0.283923 -0.338195
v 0.243934 -0.0699923 0.00698292
vn 0.858217 0.0563328 -0.510187
v 0.190994 0.0123909 0.153711
vn 0.362697 0.428435 -0.827583
v 0.0853211 -0.0546596 0.178554
vn -0.4718 -0.45835 -0.753206
v 0.141474 -0.0869291 -0.0725901
vn 0.462963 0.365072 -0.807705
v 0.0864665 -0.0664502 0.275192
vn -0.752426 -0.658553 -0.0127457
v 0.190209 -0.0857123 0.0908182
vn 0.577476 0.109578 0.809021
v 0.203658 -0.0783828 -0.0374144
vn 0.629944 0.0798911 -0.77252
v 0.160203 -0.0844627 -0.0559618
vn 0.168043 0.159898 -0.972725
v 0.133466 -0.0184107 0.139047
vn -0.167698 -0.408829 -0.897071
v 0.0975609 -0.0540164 0.169347
vn -0.509734 -0.547389 -0.663729
v 0.101423 -0.0763397 -0.0446139
vn -0.935651 -0.340486 -0.0928785
v 0.0939799 -0.0766375 -0.0165064
vn -0.760572 -0.268178 -0.591279
v 0.080275 -0.079378 -0.00547351
vn -0.252901 -0.422983 -0.87013
v 0.0540691 -0.089352 0.0127362
vn -0.799899 -0.530907 -0.279821
v 0.228983 -0.0595285 0.0547199
vn 0.577557 0.237433 0.781059
v 0.0963704 -0.0554637 0.292939
vn -0.178051 -0.0888981 0.979998
v 0.122869 -0.0730355 -0.071658
vn 0.00582412 0.26055 -0.965443
v 0.0667581 -0.0876146 0.0770742
vn -0.628476 -0.707 0.324296
v 0.0970202 -0.0768927 0.10505
vn -0.420973 -0.450055 0.787548
v 0.121882 -0.0828922 0.118183
vn -0.354328 -0.362854 0.861852
v 0.132621 -0.0837817 0.118325
vn 0.260687 0.0268776 0.965049
v 0.239396 -0.040314 0.010424
vn 0.899306 0.331671 -0.28503
v 0.134478 -0.00907344 0.137
vn 0.140029 0.221959 -0.964949
v 0.154988 0.015197 0.281281
vn -0.018316 -0.207849 0.977989
v 0.201038 0.0445709 0.181576
vn 0.476952 0.561252 -0.676397
v 0.183477 0.00671302 0.148953
vn 0.192209 0.281972 -0.939972
v 0.105439 -0.0423259 0.152501
vn -0.445992 -0.598431 -0.665561
v 0.0722162 -0.0635592 0.234538
vn -0.379825 -0.580764 0.720032
v 0.142709 -0.0111903 0.267408
vn 0.222324 0.081659 0.971547
v 0.205495 0.0526119 0.224272
vn 0.704055 0.706317 0.0736421
v 0.22832 -0.0576766 -0.0153437
vn 0.692699 0.108071 -0.713084
v 0.136125 -0.0145215 0.137402
vn -0.0378479 -0.188237 -0.981394
v 0.18321 0.0353567 0.25897
vn 0.491656 0.236705 0.838
v 0.0890044 -0.0827519 0.100601
vn -0.359677 -0.427259 0.829507
v 0.184738 -0.0740956 -0.0506507
vn 0.498602 0.160207 -0.851898
v 0.0803313 -0.0589299 0.261223
vn -0.715188 -0.69694 0.0527295
v 0.147052 0.00232334 0.273374
vn -0.145288 -0.464235 0.873714
v 0.150977 -0.00780981 0.266807
vn -0.117734 -0.455466 0.882434
v 0.166505 0.0290306 0.276808
vn 0.496436 0.550783 0.670962
v 0.200495 0.0517586 0.244029
vn 0.566046 0.535863 0.626453
v 0.0630223 -0.0891617 0.0458991
vn -0.860739 -0.466476 0.203787
v 0.154254 -0.0728403 0.109022
vn 0.345829 0.10839 0.932016
v 0.066709 -0.071932 0.188971
vn -0.284982 -0.223512 -0.932109
v 0.0646493 -0.0830473 0.214615
vn -0.614747 -0.67222 0.412561
v 0.069491 -0.0537169 0.2424
vn -0.54159 -0.663391 0.516326
v 0.0763514 -0.0429937 0.288684
vn -0.370328 -0.284948 0.884116
v 0.116803 -0.00522119 0.273864
vn 0.330478 0.322567 0.886981
v 0.171089 0.0184462 0.279433
vn 0.272771 0.235662 0.93277
v 0.102961 -0.0726356 -0.0614608
vn -0.793876 -0.0837326 -0.602287
v 0.234406 -0.037809 0.00197622
vn 0.808463 0.36549 -0.461307
v 0.106728 -0.0319801 0.292642
vn 0.324482 0.374683 0.868518
v 0.184186 0.0287763 0.261695
vn 0.559342 0.561614 0.609694
v 0.207683 0.0525544 0.207138
vn 0.715437 0.695219 0.0694357
v 0.173247 0.026561 0.153248
vn 0.358695 0.393392 -0.846511
v 0.0869753 -0.0732842 -0.0114546
vn -0.547348 -0.329857 -0.769158
v 0.0623169 -0.0773071 -0.0029435
vn -0.251957 -0.324298 -0.911783
v 0.16811 -0.0712395 0.10349
vn 0.482873 0.146306 0.863382
v 0.243241 -0.0559544 0.0343666
vn 0.879793 0.374142 0.293227
v 0.243059 -0.0481194 0.0187611
vn 0.920512 0.377354 0.101304
v 0.230542 -0.0406094 -0.00507024
vn 0.758433 0.2627 -0.596463
v 0.124303 -0.0259593 0.144963
vn -0.203374 -0.473867 -0.85679
v 0.0639438 -0.074414 0.223015
vn -0.467359 -0.563366 0.681318
v 0.0942748 -0.0315105 0.295108
vn 0.102901 0.118116 0.987654
v 0.125042 -0.0651374 -0.0675235
vn 0.361957 0.527852 -0.768348
v 0.238673 -0.0557033 0.0423735
vn 0.767517 0.373009 0.521328
v 0.165537 0.0158329 0.148035
vn 0.149523 0.253123 -0.955809
v 0.182377 0.0535226 0.255536
vn 0.468309 0.321348 0.823057
v 0.203248 0.0531451 0.237802
vn 0.646859 0.725396 0.235319
v 0.14918 -0.0725367 -0.0569251
vn 0.457519 0.470047 -0.754806
v 0.0605167 -0.0783311 0.083356
vn -0.583854 -0.605073 0.541296
v 0.198558 -0.0559954 0.0752413
vn 0.597198 0.24191 0.764744
v 0.233246 -0.0548065 0.048619
vn 0.643118 0.348345 0.68195
v 0.103192 -0.0343818 0.147802
vn -0.152468 -0.175175 -0.97266
v 0.0584939 -0.0740292 0.194828
vn -0.59471 -0.521817 -0.611577
v 0.112307 -0.0205563 0.284139
vn 0.386108 0.449579 0.805481
v 0.0566392 -0.0841661 0.003472
vn -0.546001 -0.524271 -0.65347
v 0.143823 0.0141221 0.279301
vn -0.151619 -0.4257 0.892071
v 0.0495354 -0.0699579 0.206588
vn -0.723266 -0.685062 -0.0870472
v 0.150591 -0.0633274 -0.0532021
vn 0.0600716 0.25652 -0.96467
v 0.0531454 -0.0777132 0.0451352
vn -0.730416 -0.68264 -0.0222269
v 0.182998 -0.0677409 0.0927126
vn 0.606783 0.211609 0.766182
v 0.183336 0.032206 0.161446
vn 0.445696 0.513064 -0.733567
v 0.095673 -0.0655895 -0.0294436
vn -0.911646 -0.390297 -0.128722
v 0.134173 -0.0596901 0.113472
vn 0.319014 0.12308 0.939724
v 0.0568327 -0.0378418 0.250008
vn -0.66446 -0.694872 0.275039
v 0.156533 0.0242061 0.281544
vn 0.106447 -0.017472 0.994165
v 0.187455 0.0686362 0.19645
vn 0.639718 0.672186 -0.372729
v 0.0948718 -0.0631096 -0.0476776
vn -0.911966 -0.395911 -0.107575
v 0.134034 0.00027214 0.139822
vn 0.133906 0.249389 -0.959101
v 0.0825819 -0.0361319 0.164969
vn -0.513691 -0.783034 -0.350684
v 0.0667359 -0.045228 0.27112
vn -0.70771 -0.703925 0.0602956
v 0.19405 0.0628599 0.226814
vn 0.697374 0.699003 0.158318
v 0.0500433 -0.0821521 0.0174968
vn -0.870075 -0.445396 0.211169
v 0.0440797 -0.070844 0.0682271
vn -0.644373 -0.74006 0.1926
v 0.0657308 -0.0441318 0.183208
vn -0.288001 -0.2505 -0.924286
v 0.0446247 -0.0637188 0.212984
vn -0.688875 -0.694702 0.206979
v 0.159687 0.0409689 0.273419
vn 0.504609 0.399002 0.765615
v 0.191306 0.0621789 0.236784
vn 0.625268 0.732709 0.268659
v 0.127733 -0.0692104 0.118731
vn 0.183914 0.101089 0.97773
v 0.170662 -0.0453831 0.0955991
vn 0.562296 0.186828 0.805555
v 0.154986 -0.0428584 0.104145
vn 0.437732 0.135889 0.888777
v 0.186231 -0.0523142 -0.0429068
vn 0.542512 0.204098 -0.814877
v 0.179764 0.0803304 0.209038
vn 0.693998 0.71471 -0.0869266
v 0.0442742 -0.0712288 0.0588997
vn -0.653253 -0.75338 -0.0753574
v 0.0546194 -0.054123 0.0986343
vn -0.526591 -0.484301 0.69868
v 0.100483 -0.00600471 0.138635
vn -0.190425 -0.519981 -0.832681
v 0.0982924 -0.0187882 0.147605
vn -0.175672 -0.267948 -0.947282
v 0.0886499 -0.0354017 0.294712
vn -0.152852 -0.153651 0.976231
v 0.130988 -4.78986e-05 0.271451
vn 0.0437482 -0.238915 0.970054
v 0.178515 0.0666014 0.183761
vn 0.576178 0.572822 -0.583004
v 0.183849 0.0555328 0.179164
vn 0.494832 0.513326 -0.701169
v 0.131699 -0.0643309 -0.0619092
vn 0.407446 0.573979 -0.710306
v 0.0783894 -0.0623143 0.105306
vn -0.35728 -0.404553 0.841836
v 0.0995314 -0.0653696 0.113511
vn -0.439867 -0.439692 0.783063
v 0.219283 -0.00433096 0.0243431
vn 0.866934 0.474452 0.15271
v 0.173097 -0.0531795 -0.050805
vn 0.279503 0.213806 -0.936037
v 0.0719179 -0.0345081 0.17393
vn -0.533662 -0.593624 -0.602341
v 0.0503016 -0.0541712 0.189338
vn -0.303546 -0.239763 -0.922157
v 0.180013 0.0665603 0.247214
vn 0.588544 0.655542 0.473161
v 0.110104 -0.0550305 -0.0634546
vn -0.304181 0.223646 -0.925989
v 0.118807 -0.0668564 0.119173
vn -0.0476852 -0.019152 0.998679
v 0.0838889 -0.0324312 0.155705
vn -0.448389 -0.755562 -0.47757
v 0.0502375 -0.0558416 0.227593
vn -0.487245 -0.54709 0.68065
v 0.168097 0.0506591 0.26401
vn 0.481321 0.302172 0.822814
v 0.0799124 -0.064321 -0.010296
vn -0.359011 -0.235572 -0.903115
v 0.0911557 -0.0542494 0.11447
vn -0.249055 -0.226896 0.941536
v 0.207826 -0.0429782 -0.027296
vn 0.538385 0.254954 -0.803206
v 0.083625 -0.0274326 0.150803
vn -0.241639 -0.322742 -0.915122
v 0.119067 -0.00148377 0.272656
vn 0.174548 -0.0193336 0.984459
v 0.17061 0.0432827 0.160357
vn 0.49492 0.440942 -0.748748
v 0.0520912 -0.0775754 0.034256
vn -0.838108 -0.522482 0.156806
v 0.182054 -0.0472677 0.0867042
vn 0.651545 0.237937 0.72033
v 0.119462 -0.00334223 0.136617
vn 0.118159 0.0690306 -0.990592
v 0.043613 -0.0607252 0.19912
vn -0.67276 -0.628245 -0.390772
v 0.0521927 -0.042229 0.238566
vn -0.477503 -0.572012 0.666928
v 0.0837983 -0.0548373 -0.0160842
vn -0.7096 -0.330757 -0.622148
v 0.226376 -0.0163758 0.0149895
vn 0.863004 0.499986 -0.0723801
v 0.0428947 -0.0543445 0.193268
vn -0.523283 -0.467634 -0.712386
v 0.182966 0.0761151 0.219742
vn 0.687272 0.68958 0.228335
v 0.1586 0.0371044 0.153122
vn 0.181997 0.249534 -0.95111
v 0.0945296 -0.0581004 -0.0512345
vn -0.836785 -0.161628 -0.523132
v 0.191484 -0.025787 0.070688
vn 0.607069 0.286225 0.741311
v 0.206807 -0.0285767 -0.0219102
vn 0.587971 0.385518 -0.711102
v 0.162102 -0.0513251 -0.0520456
vn -0.0131348 0.193653 -0.980982
v 0.0491223 -0.065377 0.217762
vn -0.589201 -0.635108 0.49948
v 0.153732 0.0801499 0.258921
vn 0.497632 0.44168 0.746513
v 0.205073 0.0145488 0.00475116
vn 0.764367 0.48559 -0.424199
v 0.225499 -0.0316831 -0.00548213
vn 0.680678 0.413235 -0.604908
v 0.0851521 -0.0128354 0.292783
vn 0.263895 0.313295 0.912253
v 0.105437 0.0225815 0.276983
vn -0.0695841 -0.349496 0.93435
v 0.163695 0.080993 0.248045
vn 0.659677 0.657544 0.363954
v 0.134822 0.0184092 0.144194
vn 0.18683 0.231452 -0.954738
v 0.131972 -0.0513989 -0.0520882
vn 0.275407 0.482787 -0.831305
v 0.10183 -0.0566116 -0.0593652
vn -0.597969 0.0423994 -0.800397
v 0.185032 -0.0234158 -0.0330066
vn 0.457097 0.414994 -0.786665
v 0.075909 0.00256132 0.289646
vn 0.368097 0.432249 0.823204
v 0.170455 0.0572969 0.169164
vn 0.584602 0.451457 -0.674112
v 0.088887 -0.0560495 -0.022624
vn -0.819823 -0.39631 -0.413313
v 0.139066 -0.0416973 0.110631
vn 0.362184 0.0797336 0.92869
v 0.0412528 -0.0210978 0.255223
vn -0.686501 -0.723128 0.0761685
v 0.135193 0.048534 0.281064
vn 0.302575 0.343225 0.889182
v 0.149936 0.0495924 0.274408
vn 0.376983 0.419178 0.825938
v 0.117874 -0.0524796 0.118332
vn 0.27366 -0.0231924 0.961547
v 0.107059 -0.046951 0.118982
vn -0.128051 -0.11615 0.984943
v 0.0440044 -0.0206056 0.275872
vn -0.643769 -0.565409 0.51563
v 0.0838192 0.0227251 0.278516
vn 0.144648 -0.0426922 0.988562
v 0.158446 0.0622937 0.263564
vn 0.404496 0.343915 0.847411
v 0.0447168 -0.0643163 -0.000319125
vn -0.559791 -0.493238 -0.665846
v 0.183334 -0.0376006 -0.0401827
vn 0.469109 0.305428 -0.828644
v 0.0518466 -0.0111411 0.153014
vn -0.380057 -0.728599 -0.569825
v 0.0675644 -0.0361622 0.179085
vn -0.440677 -0.429353 -0.788327
v 0.0749926 -0.0286752 0.293416
vn -0.293636 -0.243122 0.924483
v 0.120828 0.0464663 0.285488
vn 0.182842 0.168642 0.96857
v 0.150776 0.0580148 0.156649
vn 0.406435 0.411142 -0.815949
v 0.109464 -0.0496057 -0.0610986
vn 0.200962 0.544507 -0.814326
v 0.0818053 -0.0156702 0.150837
vn -0.163751 -0.34016 -0.926
v 0.0561788 -0.0167594 0.159003
vn -0.484662 -0.832619 -0.268047
v 0.0882495 -0.0490056 -0.0305862
vn -0.877004 -0.452855 -0.160582
v 0.077048 -0.0521071 -0.0109007
vn -0.299582 -0.14768 -0.942572
v 0.118103 -0.0399612 0.120683
vn 0.2467 0.0558815 0.967479
v 0.216121 -0.00519248 0.0339285
vn 0.746342 0.444688 0.495204
v 0.163519 -0.0365019 -0.0477617
vn -0.0237164 0.23858 -0.970833
v 0.056652 -0.0392432 0.185399
vn -0.303898 -0.2344 -0.923419
v 0.061907 -0.0267142 0.288199
vn -0.540292 -0.424142 0.726765
v 0.0789106 -0.0212332 0.294948
vn -0.112183 -0.00750021 0.993659
v 0.135766 -0.0432604 -0.0470988
vn -0.0183291 0.325456 -0.94538
v 0.18298 -0.0179512 0.0754595
vn 0.689934 0.253667 0.67797
v 0.214906 0.00113366 0.028545
vn 0.798782 0.493822 0.343639
v 0.15851 0.0663635 0.165006
vn 0.446482 0.483491 -0.752921
v 0.0917994 -0.00166017 0.137141
vn -0.0504029 -0.455579 -0.888767
v 0.0352629 -0.0461888 0.225171
vn -0.528876 -0.596242 0.603975
v 0.166171 0.068628 0.172242
vn 0.548786 0.536464 -0.641124
v 0.168645 -0.0110508 0.0884168
vn 0.68712 0.264106 0.676841
v 0.210156 -0.0126508 0.0476166
vn 0.678763 0.410514 0.6089
v 0.116982 -0.0514679 -0.0603195
vn 0.340396 0.572089 -0.74622
v 0.044501 -0.0717203 0.0119248
vn -0.863673 -0.497487 0.081088
v 0.0768474 -0.0450503 0.113107
vn -0.360181 -0.377462 0.853107
v 0.106533 0.0472375 0.286851
vn 0.0371013 -0.0662585 0.997112
v 0.0992278 0.0438161 0.285655
vn -0.0769312 -0.353431 0.932292
v 0.166049 0.082872 0.185442
vn 0.577011 0.590099 -0.56466
v 0.134778 -0.00763757 0.109554
vn 0.416281 0.0699781 0.906539
v 0.188937 -0.00808877 0.0650405
vn 0.638632 0.350127 0.685245
v 0.168067 -0.0275593 -0.0440375
vn 0.356885 0.350319 -0.865973
v 0.11259 -0.0325118 -0.0465679
vn 0.327478 0.511636 -0.794347
v 0.0534309 -0.0646566 -0.00455332
vn -0.197708 -0.197453 -0.960169
v 0.0371044 -0.0576077 0.0189659
vn -0.781962 -0.622544 0.0312104
v 0.0552325 -0.0106898 0.290801
vn -0.305414 -0.13359 0.942802
v 0.11889 0.032928 0.144448
vn 0.256248 0.169292 -0.951671
v 0.124618 0.0637707 0.277633
vn 0.35712 0.33074 0.873543
v 0.116216 0.0169037 0.138354
vn 0.204693 0.193336 -0.959543
v 0.148925 0.0061551 0.10003
vn 0.554475 0.133949 0.82135
v 0.0402432 -0.0626579 0.00516387
vn -0.771718 -0.575326 -0.271018
v 0.0400599 -0.0627165 0.0381393
vn -0.657839 -0.735143 -0.163744
v 0.0665773 -0.00294429 0.292714
vn -0.0435136 0.0696603 0.996621
v 0.163414 0.094679 0.226351
vn 0.71242 0.653826 0.254891
v 0.140963 0.042971 0.151129
vn 0.285509 0.0636303 -0.956261
v 0.0716886 -0.0482917 0.108887
vn -0.38046 -0.370223 0.847458
v 0.0847008 -0.00728476 0.142798
vn -0.209551 -0.693697 -0.689111
v 0.118462 -0.0227594 -0.0398808
vn 0.136021 0.359864 -0.923036
v 0.103842 -0.033311 0.120623
vn -0.101521 -0.0832878 0.991341
v 0.103166 0.00613045 0.13569
vn 0.126303 -0.0554278 -0.990442
v 0.027114 -0.0452165 0.203707
vn -0.641192 -0.708043 -0.295884
v 0.0877359 0.00867404 0.279076
vn 0.36628 0.375568 0.851345
v 0.131986 -0.028852 -0.0417848
vn -0.127419 0.139932 -0.981928
v 0.0847451 -0.0426245 -0.0383502
vn -0.895964 -0.358855 -0.26167
v 0.0460114 -0.0257378 0.269678
vn -0.685286 -0.71931 0.11391
v 0.152445 0.10098 0.236879
vn 0.654188 0.644416 0.395938
v 0.20318 0.0111027 -0.000598508
vn 0.629708 0.428851 -0.64773
v 0.145732 0.0947959 0.254238
vn 0.594723 0.584874 0.551567
v 0.16467 0.0951138 0.211334
vn 0.721845 0.688436 -0.0706761
v 0.161065 0.094642 0.195721
vn 0.679554 0.668053 -0.303169
v 0.145695 0.0528744 0.15383
vn 0.332631 0.150137 -0.931029
v 0.200659 0.0256871 0.0218058
vn 0.838572 0.535655 0.0993476
v 0.0979847 -0.039628 -0.0559142
vn -0.261287 0.275676 -0.925058
v 0.0901481 -0.038168 -0.0506068
vn -0.715716 -0.100987 -0.691051
v 0.0163779 -0.0488333 0.0573876
vn -0.639579 -0.768624 -0.0124751
v 0.0556952 -0.045571 0.103652
vn -0.417253 -0.383039 0.824124
v 0.0839205 -0.0335129 0.11761
vn -0.15931 -0.170673 0.972364
v 0.0529812 -0.00859749 0.150775
vn -0.0534389 -0.255835 -0.965242
v 0.0242308 -0.0424571 0.215737
vn -0.668864 -0.696155 0.260748
v 0.0410287 -0.0235881 0.248168
vn -0.58664 -0.687692 0.427708
v 0.11782 -0.0174877 0.116171
vn 0.274753 0.0567282 0.95984
v 0.181334 9.15803e-05 0.0671573
vn 0.673072 0.380638 0.634105
v 0.194541 -0.00472475 -0.016138
vn 0.429517 0.475586 -0.767681
v 0.150924 -0.025065 -0.0458286
vn -0.170688 -0.0204116 -0.985114
v 0.0585589 -0.0219881 0.114776
vn -0.305096 -0.28157 0.909744
v 0.0436422 -0.0164825 0.181033
vn -0.367937 -0.538334 -0.758168
v 0.153465 -0.0203553 -0.0450114
vn 0.139563 0.194533 -0.970917
v 0.0332562 -0.0616495 0.0555715
vn -0.594792 -0.78693 -0.164205
v 0.0889888 0.00247104 0.134775
vn 0.0781404 -0.394163 -0.915713
v 0.0943737 0.008354 0.132217
vn 0.18125 -0.0105664 -0.98338
v 0.0373084 -0.0244824 0.243811
vn -0.465688 -0.575816 0.67199
v 0.0881994 0.0317629 0.28022
vn -0.000316761 -0.3204 0.947282
v 0.109625 0.0590527 0.284628
vn 0.234908 0.302402 0.923781
v 0.156568 0.0153037 0.0908424
vn 0.719457 0.219898 0.658807
v 0.158866 -0.0142097 -0.0412765
vn 0.387863 0.450554 -0.804091
v 0.0731854 -0.0312146 -0.0180358
vn -0.758142 -0.423728 -0.495656
v 0.0945288 -0.0239655 0.11958
vn -0.0178908 -0.0457166 0.998794
v 0.0178933 -0.0381819 0.207021
vn -0.666208 -0.744559 -0.0424087
v 0.0272236 -0.0326394 0.230845
vn -0.448737 -0.560546 0.696005
v 0.121384 0.0791715 0.275073
vn 0.315891 0.279361 0.906736
v 0.10762 0.0193323 0.138028
vn 0.221281 0.126837 -0.966927
v 0.064021 -0.0441129 -0.00755472
vn -0.161165 -0.110244 -0.980751
v 0.0451519 -0.0134672 0.174801
vn -0.515113 -0.812247 -0.273702
v 0.0281724 -0.0331289 0.191266
vn -0.258676 -0.347822 -0.90117
v 0.0412654 -0.0051514 0.284832
vn -0.511688 -0.377973 0.771564
v 0.157601 0.102466 0.221119
vn 0.715919 0.68701 0.124405
v 0.184759 0.0292686 0.0466925
vn 0.661508 0.408709 0.62878
v 0.206398 0.0167642 0.0123799
vn 0.829012 0.537659 -0.153824
v 0.196719 0.0107663 -0.00570859
vn 0.478651 0.425972 -0.76775
v 0.0611925 -0.00396172 0.149631
vn -0.177408 -0.663021 -0.727275
v 0.132367 0.0870565 0.267879
vn 0.406775 0.287053 0.867257
v 0.102243 -0.0324273 -0.050887
vn 0.239663 0.48775 -0.839441
v 0.0747902 -0.0148703 0.119343
vn -0.135961 -0.0926268 0.986375
v 0.0383057 -0.0233665 0.186962
vn -0.261199 -0.304034 -0.916154
v 0.120281 0.00478486 0.115965
vn 0.346723 -0.0476322 0.936757
v 0.166802 0.0206697 0.0733454
vn 0.767771 0.353482 0.534396
v 0.0714428 -0.0402566 -0.0109737
vn -0.534828 -0.331926 -0.777035
v 0.0297537 -0.0494043 0.00955745
vn -0.795814 -0.602808 -0.0574669
v 0.069714 -0.000343289 0.138371
vn -0.183173 -0.823731 -0.536577
v 0.114058 0.0684065 0.27995
vn 0.250622 0.267505 0.930392
v 0.181452 0.00974067 -0.0140244
vn 0.420641 0.424009 -0.802046
v 0.122356 -0.0164579 -0.0400162
vn -0.257811 -0.133196 -0.95697
v 0.0522752 -0.0510839 -0.00706733
vn 0.0466042 -0.172107 -0.983975
v 0.0432211 -0.0517083 -0.00620499
vn -0.250318 -0.412892 -0.875706
v 0.0235122 -0.0492025 0.0731311
vn -0.643119 -0.50215 0.578138
v 0.0260091 -0.0396412 0.196304
vn -0.484094 -0.588092 -0.64792
v 0.0668649 0.0239271 0.282338
vn 0.293304 0.289199 0.911228
v 0.137518 -0.0135287 -0.0441491
vn -0.140491 -0.146725 -0.97915
v 0.0810759 0.010676 0.131569
vn 0.126454 -0.0247812 -0.991663
v 0.0534977 0.00237254 0.29074
vn -0.230843 -0.107258 0.967061
v 0.0532982 0.0132278 0.291579
vn 0.156943 0.272789 0.949187
v 0.0779054 0.0708598 0.287615
vn 0.100808 0.179447 0.978589
v 0.14607 0.088837 0.17563
vn 0.466981 0.543365 -0.697627
v 0.166125 -0.00249299 -0.0291068
vn 0.476525 0.416286 -0.774358
v 0.0320807 -0.0328704 0.0942627
vn -0.632438 -0.467893 0.617332
v 0.0300012 -0.011338 0.256998
vn -0.63971 -0.744421 0.191333
v 0.116406 0.0450878 0.142563
vn 0.407873 -0.0811782 -0.909423
v 0.109017 0.034889 0.139468
vn 0.458654 -0.0869866 -0.884347
v 0.17286 0.025084 0.0619736
vn 0.698168 0.394262 0.597594
v 0.168138 0.0633276 0.0402808
vn 0.74103 0.422973 0.521506
v 0.132941 -0.00104068 -0.0456703
vn 0.101079 0.103619 -0.989468
v 0.0198906 -0.00440887 0.102204
vn -0.511031 -0.438114 0.739529
v 0.133816 0.106576 0.253831
vn 0.624934 0.577965 0.524799
v 0.143572 0.115356 0.224263
vn 0.678664 0.680877 0.275358
v 0.138961 0.0747244 0.15972
vn 0.597592 0.46153 -0.655647
v 0.133513 0.066265 0.150307
vn 0.603922 0.239122 -0.760328
v 0.128671 0.057502 0.146437
vn 0.419035 -0.013204 -0.907874
v 0.130069 0.0135313 0.111156
vn 0.520444 0.0183978 0.853697
v 0.149087 -0.00338116 -0.0408402
vn 0.423257 0.213982 -0.880378
v 0.0201734 -0.0511167 0.0498144
vn -0.611318 -0.759952 -0.220823
v 0.0639538 0.0382039 0.282253
vn 0.010581 -0.222976 0.974766
v 0.0849306 0.0804925 0.283473
vn 0.190439 0.189348 0.963266
v 0.124884 0.0961476 0.267582
vn 0.399121 0.275899 0.874404
v 0.0906445 -0.0225953 -0.0485847
vn -0.237528 0.184013 -0.953792
v 0.0388352 -0.0191492 0.10663
vn -0.412282 -0.355773 0.838719
v 0.10442 0.0878195 0.277343
vn 0.296007 0.191957 0.935699
v 0.142087 0.118219 0.202736
vn 0.726466 0.64683 -0.232073
v 0.172859 0.0641891 0.0315071
vn 0.81364 0.45791 0.358202
v 0.185644 0.0444478 0.00930412
vn 0.79242 0.517129 -0.323495
v 0.185563 0.0300563 -0.00292463
vn 0.490884 0.390364 -0.778877
v 0.168413 0.0132935 -0.0204226
vn 0.641646 0.340891 -0.687084
v 0.0226127 -0.00265711 0.269789
vn -0.662228 -0.692821 0.285401
v 0.121314 0.0184052 0.117813
vn 0.293977 -0.0904847 0.95152
v 0.183915 0.0508477 0.0178518
vn 0.838552 0.535725 -0.0991443
v 0.0590149 -0.0276496 -0.00960433
vn -0.138156 -0.268895 -0.95321
v 0.0261261 -0.0399751 -0.00553218
vn -0.55876 -0.612513 -0.55912
v 0.0207862 -0.0512898 0.0661186
vn -0.673952 -0.662834 0.32625
v 0.0497605 -0.00595551 0.115906
vn -0.228279 -0.160203 0.960325
v 0.0548261 0.00871502 0.129989
vn -0.00514506 -0.555699 -0.831368
v 0.0256325 0.000961319 0.153737
vn -0.328026 -0.836123 -0.439657
v 0.0233809 -0.000129962 0.160958
vn -0.440005 -0.890289 -0.117396
v -0.00175722 -0.0149482 0.22061
vn -0.631474 -0.664603 0.39943
v 0.0459651 0.00673766 0.290706
vn -0.265996 -0.195031 0.944039
v 0.124317 0.105091 0.264181
vn 0.545238 0.446151 0.709693
v 0.133888 0.114568 0.243939
vn 0.667511 0.62503 0.40468
v 0.130655 0.0378593 0.110451
vn 0.618573 0.0493155 0.784179
v 0.158152 0.0078535 -0.0329476
vn 0.575576 0.255098 -0.776941
v 0.0982227 -0.00689909 -0.0382423
vn 0.286711 0.297665 -0.9106
v 0.0821647 -0.0306583 -0.0424588
vn -0.828544 -0.386753 -0.404892
v 0.0746131 -0.0274937 -0.0247508
vn -0.824971 -0.474898 -0.306422
v 0.0285062 -0.00593086 0.178386
vn -0.370816 -0.749632 -0.548222
v 0.0151367 -0.013299 0.186516
vn -0.166099 -0.352076 -0.921115
v -0.00406291 0.00942063 0.243839
vn -0.449322 -0.596741 0.664838
v 0.14962 0.111425 0.211965
vn 0.753836 0.65647 0.0278969
v 0.155491 0.0271025 0.0867851
vn 0.802409 0.335447 0.493574
v 0.172768 0.0241487 -0.0110271
vn 0.454068 0.377769 -0.806916
v 0.0810315 -0.0216763 -0.0451558
vn -0.515143 -0.150189 -0.843843
v 0.0421727 -0.0401089 -0.0101676
vn 0.06238 -0.167499 -0.983897
v 0.0255156 -0.0471217 0.0278067
vn -0.700794 -0.680551 -0.213863
v 0.0700093 -0.00123768 0.117812
vn -0.153845 -0.0509814 0.986779
v 0.0246949 -0.00199249 0.174875
vn -0.449196 -0.878909 -0.160442
v 0.0508252 0.00636021 0.133173
vn -0.208134 -0.808206 -0.550893
v 0.0231459 0.0020034 0.274931
vn -0.559067 -0.4877 0.670518
v 0.0631283 0.0545195 0.287558
vn -0.0441062 -0.220907 0.974297
v 0.113683 0.0493053 0.140424
vn 0.615271 -0.269578 -0.74079
v 0.115697 0.0330511 0.120024
vn 0.447228 -0.107553 0.88793
v 0.128719 -0.00611963 -0.0451427
vn -0.27652 -0.13841 -0.950989
v 0.100645 0.000173644 -0.0366365
vn -0.013679 -0.0330346 -0.999361
v 0.0399768 0.00628636 0.141729
vn -0.218429 -0.854927 -0.470519
v 0.0276388 0.00657354 0.14407
vn -0.181454 -0.711208 -0.679159
v -0.00216748 -0.0189206 0.196967
vn -0.591362 -0.751921 -0.291387
v 0.0291893 0.00743506 0.282634
vn -0.484859 -0.441327 0.755077
v 0.135915 0.0501832 0.102405
vn 0.769138 0.195128 0.608565
v 0.16202 0.0537031 0.0543513
vn 0.743505 0.390161 0.543116
v 0.0641464 -0.0192394 -0.0171919
vn -0.564563 -0.484767 -0.668034
v 0.054993 -5.61148e-05 0.11675
vn -0.130719 -0.185447 0.973921
v -0.012023 -0.00612785 0.189091
vn -0.452459 -0.669268 -0.589374
v 0.125945 0.0659696 0.14357
vn 0.664092 -0.16524 -0.729163
v 0.181162 0.0451781 0.00310852
vn 0.653408 0.453577 -0.606074
v -0.00702012 -0.0165728 0.205214
vn -0.663009 -0.731474 0.159261
v 0.13023 0.0812473 0.152974
vn 0.742776 0.417039 -0.523797
v 0.144352 0.0491821 0.0902613
vn 0.838836 0.288652 0.461556
v 0.132222 0.0152093 -0.0444342
vn 0.120185 0.0428887 -0.991825
v 0.052771 -0.0294218 -0.00888639
vn 0.119576 -0.0650869 -0.990689
v 0.034721 -0.00141408 0.111528
vn -0.388203 -0.318462 0.864801
v 0.0557571 0.0128504 0.127866
vn 0.204486 -0.852802 -0.480535
v 0.00827322 -0.0164005 0.230777
vn -0.576094 -0.644338 0.502936
v 0.0410544 0.0224256 0.28938
vn 0.00309964 0.212139 0.977235
v 0.0499715 0.0374285 0.28323
vn 0.163239 0.229789 0.959453
v 0.0915258 0.0951466 0.280839
vn 0.25242 0.114885 0.960773
v 0.118916 0.119556 0.259448
vn 0.629798 0.529758 0.568076
v 0.137067 0.10016 0.177401
vn 0.573984 0.526002 -0.627587
v 0.144993 0.0100935 -0.040081
vn 0.554404 0.260166 -0.790538
v 0.0196589 -0.0350406 -0.00029492
vn -0.751132 -0.647776 -0.127228
v 0.033136 0.0154103 0.289067
vn -0.178558 -0.0871467 0.980063
v 0.134549 0.118687 0.23409
vn 0.716129 0.613588 0.332669
v 0.139905 0.113698 0.192542
vn 0.632502 0.563932 -0.530963
v 0.17841 0.0594343 0.0240729
vn 0.852167 0.502538 0.145829
v 0.088476 -0.00811342 -0.0434221
vn 0.327153 0.34393 -0.880161
v 0.0131513 -0.0440103 0.0483151
vn -0.581231 -0.744945 -0.327456
v 0.0241876 0.015919 0.131065
vn -0.222383 -0.88507 -0.408897
v 0.0571033 0.0692844 0.28877
vn 0.00709002 0.0508408 0.998682
v 0.109896 0.11282 0.270434
vn 0.459088 0.333018 0.823613
v 0.113591 0.11794 0.265284
vn 0.513412 0.420667 0.747962
v 0.117287 0.0468191 0.123906
vn 0.551335 -0.301418 0.777931
v 0.164507 0.0396807 -0.00954279
vn 0.590211 0.344572 -0.730015
v 0.139843 0.0186103 -0.0422479
vn 0.482641 0.197872 -0.853173
v 0.00136422 -0.0356954 0.0515082
vn -0.695253 -0.705495 0.137474
v 0.0664234 0.00545771 0.119089
vn -0.090381 -0.319698 0.943199
v 0.122642 0.0531944 0.115021
vn 0.749229 0.120196 0.651313
v 0.158496 0.0295476 -0.0244702
vn 0.674785 0.341944 -0.654018
v 0.11599 0.016518 -0.0424121
vn -0.192532 -0.119837 -0.973946
v 0.103853 0.0113407 -0.038449
vn -0.253813 -0.149757 -0.95559
v 0.0791616 -0.00763757 -0.0451755
vn 0.00696892 0.0762379 -0.997065
v -0.0101024 -0.0208435 0.0536745
vn -0.715998 -0.572955 0.398835
v 0.169468 0.0518898 -0.00300504
vn 0.541893 0.351371 -0.763472
v 0.146734 0.0244112 -0.0333439
vn 0.56269 0.273778 -0.780016
v 0.0692718 -0.0118508 -0.0384359
vn -0.778601 -0.521722 -0.348694
v 0.057941 0.0116196 0.122355
vn 0.0437183 -0.596336 0.801544
v 0.131632 0.131901 0.215529
vn 0.772388 0.611034 0.173364
v 0.116351 0.0588476 0.136005
vn 0.888177 -0.422329 -0.181051
v 0.108957 0.0466878 0.135246
vn 0.653396 -0.411403 -0.63547
v 0.000604615 0.00308231 0.183537
vn -0.301535 -0.557748 -0.7733
v 0.0208648 0.0162062 0.284437
vn -0.491743 -0.474985 0.729779
v 0.0483578 0.0464581 0.283293
vn 0.00728288 -0.205781 0.978571
v 0.122254 0.0765377 0.139902
vn 0.825313 0.0860438 -0.558081
v 0.117546 0.065625 0.13444
vn 0.947202 -0.150899 -0.28291
v 0.0192089 -0.0377524 0.0284543
vn -0.720986 -0.6656 -0.192757
v 0.038815 0.0083294 0.115725
vn -0.254169 -0.396844 0.881994
v 0.155187 0.0600087 0.0612345
vn 0.836261 0.341007 0.429396
v 0.0511386 -0.0120682 -0.0152272
vn -0.243182 -0.464363 -0.851604
v 0.0433886 0.0134575 0.119258
vn -0.240394 -0.61927 0.747473
v 0.100686 0.10921 0.2759
vn 0.350493 0.201011 0.91474
v 0.13045 0.133206 0.206312
vn 0.788631 0.595186 -0.154318
v 0.0302909 0.0421833 0.284893
vn 0.0342958 0.112441 0.993066
v 0.125243 0.13129 0.23152
vn 0.677804 0.616394 0.400799
v 0.123668 0.0862154 0.145709
vn 0.902745 0.242729 -0.355154
v 0.11867 0.0610384 0.124052
vn 0.974299 -0.0544575 0.218575
v 0.115464 0.0518406 0.128154
vn 0.834843 -0.356737 0.419257
v 0.165759 0.0763818 0.0081948
vn 0.780518 0.454488 -0.429222
v 0.0225601 -0.0289131 -0.0129741
vn -0.163795 -0.449333 -0.87822
v -0.0175717 0.00139619 0.186669
vn -0.201239 -0.374428 -0.905156
v -0.0182128 0.00504739 0.228214
vn -0.599099 -0.69011 0.405991
v 0.0735411 0.0850052 0.284175
vn 0.0651113 0.0910389 0.993716
v 0.0753746 0.124553 0.280581
vn 0.231955 0.178308 0.956244
v 0.0389979 -0.0187471 -0.0119542
vn 0.147673 -0.192051 -0.970211
v 0.00901019 -0.0315436 0.0296022
vn -0.48386 -0.768227 -0.419174
v -0.0179694 0.0105775 0.236777
vn -0.474307 -0.63635 0.608351
v 0.117349 0.0288502 -0.0446274
vn -0.00307611 -0.0688323 -0.997624
v 0.0503472 0.00263101 -0.0236406
vn -0.326595 -0.538666 -0.776643
v 0.017678 -0.0189604 0.090695
vn -0.639923 -0.550339 0.536307
v 0.0368082 0.0191437 0.123581
vn -0.209738 -0.955842 0.205855
v -0.0111698 0.0155498 0.173531
vn -0.416658 -0.888841 -0.190677
v 0.0109977 0.0293999 0.284672
vn -0.442362 -0.357098 0.822677
v 0.0969476 0.123774 0.271849
vn 0.393875 0.315109 0.863464
v -0.00960581 -0.0220722 0.031958
vn -0.393666 -0.749013 -0.532923
v 0.0321069 0.017519 0.126622
vn -0.100089 -0.797974 -0.594323
v -0.00527238 0.0200215 0.262884
vn -0.601702 -0.748145 0.279704
v 0.00661375 0.0210718 0.274881
vn -0.540501 -0.499548 0.676986
v 0.0196992 0.0360624 0.287674
vn -0.0398845 0.109009 0.99324
v 0.130481 0.0380438 -0.042035
vn 0.507946 0.207157 -0.836108
v 0.065288 0.0132524 -0.0459205
vn 0.323021 0.167927 -0.931374
v 0.0697058 -0.00675961 -0.0432719
vn -0.446017 -0.370225 -0.814863
v 0.04035 -0.0133811 -0.0135911
vn -0.0498746 -0.443984 -0.894646
v 0.0292726 -0.0268783 -0.0132449
vn 0.190407 -0.18172 -0.96474
v 0.054779 0.0871796 0.28437
vn 0.0769244 0.140246 0.987124
v 0.105249 0.138436 0.255884
vn 0.6563 0.614465 0.437839
v 0.11968 0.0780556 0.131185
vn 0.988473 0.00227797 -0.15138
v 0.121241 0.0706793 0.11537
vn 0.852196 0.069197 0.518626
v 0.142642 0.041732 -0.0315166
vn 0.597838 0.22594 -0.769117
v 0.00795609 0.0184873 0.133656
vn -0.200722 -0.821699 -0.533406
v 0.0431681 0.0629666 0.287816
vn -0.0896338 -0.123431 0.988297
v 0.125276 0.118761 0.179642
vn 0.738779 0.452996 -0.499
v 0.13547 0.0720208 0.0950809
vn 0.860826 0.268338 0.432403
v 0.164284 0.0848248 0.0182713
vn 0.877662 0.469826 -0.0947227
v 0.017194 0.00624122 0.107174
vn -0.400855 -0.556167 0.728007
v -0.00597267 0.0150657 0.248949
vn -0.531996 -0.73516 0.420142
v 0.122899 0.105912 0.162508
vn 0.895771 0.339173 -0.287325
v 0.146188 0.0658793 -0.0129208
vn 0.725665 0.396965 -0.561987
v 0.0912304 0.0386552 -0.0418287
vn -0.0882813 -0.152835 -0.984301
v 0.0611646 -0.00422425 -0.0279868
vn -0.732034 -0.553535 -0.397146
v -0.00286934 0.0207395 0.267646
vn -0.535707 -0.574196 0.619126
v 0.0264811 0.0538344 0.283366
vn -0.129639 -0.0454792 0.990518
v 0.144171 0.0556723 -0.0252316
vn 0.717062 0.331853 -0.61294
v 0.0802899 0.0214656 -0.0400158
vn 0.0649617 -0.0870816 -0.994081
v -0.014053 -0.0121257 0.0573296
vn -0.677707 -0.481885 0.555427
v 0.0319078 0.0164524 0.120292
vn -0.126365 -0.752043 0.646887
v 0.00765813 0.0084566 0.152385
vn -0.365447 -0.878401 -0.307995
v 0.127318 0.132299 0.196328
vn 0.778094 0.498004 -0.382833
v 0.118704 0.0902564 0.122295
vn 0.992985 0.0402456 0.11118
v 0.123936 0.0853745 0.108316
vn 0.871934 0.135165 0.470597
v 0.00960145 -0.0213399 -0.0093631
vn -0.7141 -0.644591 -0.273063
v 0.0162387 0.0130637 0.11213
vn -0.286241 -0.705986 0.647804
v -0.00303319 0.0123827 0.157059
vn -0.37593 -0.922283 -0.089836
v 0.0616073 0.00914583 -0.0474175
vn -0.119361 -0.199555 -0.97259
v 0.00218298 -0.0178199 0.0114443
vn -0.664353 -0.723296 -0.188354
v 0.0247632 0.0182903 0.122745
vn -0.141669 -0.97711 0.158701
v 0.0755405 0.0175682 -0.040762
vn 0.322596 0.198615 -0.925464
v 0.00245094 -0.0161133 0.00184166
vn -0.68657 -0.69469 -0.214541
v -0.0145033 -0.0207861 0.0350857
vn -0.553545 -0.78646 -0.273987
v 0.00652596 -0.00672675 0.0902065
vn -0.550639 -0.555194 0.623342
v -0.00781959 0.0234266 0.132419
vn -0.272426 -0.909098 -0.315159
v 0.0445621 0.0813786 0.286697
vn 0.0365241 0.0940053 0.994902
v 0.114223 0.154018 0.217962
vn 0.692971 0.618543 0.370398
v 0.119357 0.0979691 0.139201
vn 0.967706 0.177223 -0.179266
v 0.143139 0.0844144 0.065437
vn 0.856314 0.331302 0.396187
v 0.161616 0.0762669 0.00301826
vn 0.656399 0.409385 -0.633675
v 0.151123 0.0700311 -0.00734467
vn 0.527025 0.325962 -0.784852
v 0.0562546 0.0106351 -0.0447821
vn -0.650447 -0.49975 -0.571987
v 0.046829 0.0168339 -0.0345701
vn -0.696751 -0.561136 -0.446838
v 0.16002 0.0922748 0.0266311
vn 0.879033 0.429477 0.207002
v 0.14276 0.102293 0.00111142
vn 0.561623 0.387256 -0.731172
v 0.106955 0.0447186 -0.0463923
vn -0.0983199 -0.101642 -0.989951
v 0.0389828 -0.0031494 -0.0197867
vn -0.0302973 -0.472239 -0.88095
v -0.00777082 -0.00168071 0.079746
vn -0.601334 -0.713203 0.360193
v -0.0235955 -0.00175451 0.193874
vn -0.558212 -0.797636 -0.228422
v 0.00883428 0.0369813 0.286037
vn -0.200911 0.0482703 0.97842
v 0.00909598 0.0515288 0.28319
vn -0.0542734 0.133637 0.989543
v 0.0257607 0.077752 0.286327
vn -0.10597 -0.0653338 0.992221
v 0.115812 0.130412 0.174147
vn 0.823675 0.399122 -0.402817
v 0.0109275 0.0207395 0.124924
vn -0.220152 -0.974406 -0.0454454
v -0.0261838 0.00592945 0.214935
vn -0.595814 -0.723292 0.349077
v 0.0947191 0.158563 0.24158
vn 0.65739 0.626594 0.418592
v 0.149563 0.098724 0.0442105
vn 0.814331 0.330823 0.476888
v 0.121778 0.0444314 -0.0443558
vn 0.249993 0.0928391 -0.963786
v 0.0166633 0.0181508 0.119171
vn -0.281548 -0.869884 0.405008
v -0.00860152 0.0342285 0.273308
vn -0.492243 -0.462587 0.737367
v 0.0645673 0.122022 0.282531
vn 0.0597689 0.0840454 0.994668
v 0.118571 0.111934 0.156416
vn 0.926396 0.326147 -0.1882
v 0.135016 0.0864247 0.0820638
vn 0.872934 0.342869 0.347027
v 0.147929 0.111475 0.0366969
vn 0.869907 0.358479 0.338754
v 0.132579 0.0592456 -0.03559
vn 0.605056 0.202774 -0.769928
v -0.00779002 -0.011059 0.0126105
vn -0.588163 -0.736733 -0.3336
v 0.0774983 0.14418 0.274274
vn 0.391887 0.31813 0.86326
v 0.0868079 0.157176 0.255568
vn 0.652454 0.624488 0.429323
v 0.000435719 0.00165871 -0.0266059
vn -0.182571 -0.495373 -0.849278
v -0.0241979 -0.00171353 0.20317
vn -0.593677 -0.772665 0.224804
v 0.0404544 0.115996 0.283443
vn 0.0819664 0.0976787 0.991837
v 0.113759 0.157677 0.209858
vn 0.816628 0.566764 0.109078
v 0.127565 0.0931199 0.098667
vn 0.916827 0.247089 0.313648
v 0.14391 0.0906666 0.0573675
vn 0.822503 0.304557 0.480347
v -0.0252697 0.00285463 0.05737
vn -0.673641 -0.590513 0.444412
v -0.00295682 0.0428478 0.282687
vn -0.363886 -0.202124 0.909248
v 0.0805206 0.153825 0.267119
vn 0.564274 0.504127 0.653797
v 0.140314 0.0667491 -0.0241141
vn 0.79541 0.336633 -0.503985
v 0.0231893 -0.00452785 -0.0187505
vn 0.259015 -0.223742 -0.939601
v -0.00456866 -0.0036007 -0.0116593
vn -0.686358 -0.652099 -0.321993
v -0.0448709 0.00574488 0.0275461
vn -0.718787 -0.658175 0.223946
v -0.0078464 0.00960119 0.0922822
vn -0.493132 -0.617926 0.612363
v -0.00505744 0.0150657 0.149758
vn -0.306311 -0.889463 -0.33916
v -0.0142216 0.0088053 0.184939
vn -0.122612 -0.262424 -0.957131
v -0.0106507 -0.0127575 0.021213
vn -0.504101 -0.712494 -0.488093
v 0.0127072 0.0622692 0.283396
vn -0.0519299 -0.0584263 0.99694
v 0.116785 0.153492 0.201077
vn 0.855615 0.501581 -0.127828
v 0.117698 0.11195 0.142385
vn 0.995962 0.0895584 -0.00631893
v -0.0256625 -0.0120149 0.0344154
vn -0.647756 -0.759259 -0.0627453
v -0.0231107 0.0201447 0.179815
vn -0.427072 -0.864431 -0.26527
v 0.129259 0.100595 0.0830498
vn 0.894994 0.30857 0.322133
v 0.139985 0.079114 -0.0110952
vn 0.755617 0.452687 -0.473411
v 0.106855 0.0510775 -0.045603
vn 0.0179769 0.0450299 -0.998824
v -0.0323643 0.0292604 0.247704
vn -0.421653 -0.698172 0.578589
v 0.117332 0.129345 0.127175
vn 0.996129 0.0474922 0.0739642
v 0.0155072 0.0140565 -0.0263647
vn 0.108231 -0.358848 -0.9271
v -0.00867543 0.0196031 0.105456
vn -0.418025 -0.748212 0.515203
v -0.0338902 0.0210677 0.235594
vn -0.545195 -0.733157 0.406502
v -0.0192515 0.0353403 0.267891
vn -0.390251 -0.422868 0.817855
v 0.00623819 0.0780023 0.283248
vn -0.100066 -0.0292112 0.994552
v 0.0244576 0.0904697 0.287967
vn 0.000264404 0.0048103 0.999988
v 0.116378 0.118112 0.152938
vn 0.983916 0.160575 0.0782566
v 0.120632 0.0649768 -0.0423801
vn 0.40044 0.176068 -0.899249
v 0.0694213 0.0287928 -0.0415358
vn 0.351082 0.0371858 -0.935606
v 0.0360179 0.0258635 -0.0344795
vn -0.248692 -0.424638 -0.870537
v 0.0306629 0.0122924 -0.0281427
vn -0.11584 -0.44858 -0.886204
v -0.0423116 0.0194472 0.184548
vn -0.155721 -0.373723 -0.914375
v -0.0147852 0.0483863 0.278799
vn -0.340079 -0.279343 0.89795
v 0.130663 0.0743798 -0.0330198
vn 0.650405 0.271338 -0.709471
v 0.0823833 0.0522467 -0.0442898
vn 0.0072667 -0.0833932 -0.99649
v 0.0561732 0.0215477 -0.0486856
vn 0.299516 0.000119647 -0.954091
v -0.000334255 -0.00344479 -0.0212259
vn -0.624964 -0.599357 -0.500191
v -0.0320531 0.0218923 0.182905
vn -0.22725 -0.555279 -0.800014
v 0.113714 0.128828 0.166975
vn 0.94249 0.293656 -0.159623
v 0.119921 0.112894 0.111599
vn 0.971937 0.0801111 0.22118
v 0.134312 0.103384 0.0717798
vn 0.863103 0.261204 0.432234
v 0.133608 0.0798771 -0.0257042
vn 0.777391 0.449816 -0.439692
v 0.0110703 -0.00263247 -0.0238942
vn 0.284014 -0.245721 -0.926799
v -0.0174544 0.00740229 0.0821703
vn -0.547853 -0.623477 0.557793
v -0.00597711 0.0546221 0.281957
vn -0.112922 -0.0793838 0.990428
v 0.0589119 0.141406 0.27993
vn 0.182003 0.199412 0.962865
v 0.113375 0.153632 0.188659
vn 0.843515 0.385676 -0.373813
v -0.00994735 0.0251169 0.121989
vn -0.257163 -0.965195 -0.0476041
v -0.0345605 0.025363 0.167279
vn -0.378221 -0.925709 0.00336603
v -0.058503 0.0240995 0.187141
vn -0.383518 -0.631818 -0.673587
v -0.0433253 0.0100196 0.196397
vn -0.536771 -0.832696 -0.135994
v -0.0129306 0.0698834 0.283852
vn -0.105328 -0.0691926 0.992027
v 0.0629586 0.0580025 -0.0448063
vn 0.0440102 -0.10862 -0.993109
v -0.010579 0.0246492 0.111834
vn -0.31698 -0.88922 0.329867
v -0.054235 0.0356521 0.136962
vn -0.296547 -0.922946 -0.245417
v -0.0503361 0.0162144 0.200556
vn -0.52646 -0.764143 0.372727
v -0.0426836 0.0466673 0.261225
vn -0.493284 -0.690979 0.528412
v 0.113203 0.130264 0.158232
vn 0.953745 0.256151 0.157346
v 0.122693 0.110958 0.0977306
vn 0.971901 0.21357 0.0989799
v 0.113468 0.0658794 -0.0442114
vn 0.127079 0.143517 -0.981455
v 0.0996003 0.0587984 -0.0452157
vn 0.026696 0.0109745 -0.999583
v -0.0484766 0.0759469 0.272234
vn -0.390565 -0.321224 0.862713
v 0.014086 0.0923897 0.286556
vn -0.151556 -0.0327444 0.987906
v 0.139005 0.116767 0.0544973
vn 0.872881 0.258088 0.414088
v -0.0414345 0.0111191 0.189704
vn -0.492022 -0.770072 -0.406083
v -0.0541134 0.0290266 0.219508
vn -0.535663 -0.745275 0.397028
v 0.039056 0.0390982 -0.0494298
vn -0.648163 -0.488785 -0.58393
v 0.00175554 0.0110124 -0.0310313
vn 0.282315 -0.295633 -0.912633
v -0.0113885 -0.00273918 -0.00294432
vn -0.62483 -0.705636 -0.334163
v -0.0359382 0.0176257 -0.00019072
vn -0.280556 -0.697519 -0.65936
v -0.0276671 0.0634917 0.278136
vn -0.510763 -0.449849 0.732637
v 0.0187068 0.104336 0.286715
vn 0.0826264 0.0803237 0.993338
v 0.121677 0.121074 0.0832409
vn 0.887906 0.334173 0.316152
v 0.12811 0.100373 -0.00986606
vn 0.608669 0.399429 -0.685549
v -0.0463965 0.00754588 0.0213223
vn -0.618141 -0.755524 -0.216994
v -0.0558665 0.0512416 0.258154
vn -0.478658 -0.647553 0.592927
v 0.12965 0.0857765 -0.0237424
vn 0.788154 0.488206 -0.374791
v 0.12465 0.0837827 -0.0334194
vn 0.638964 0.318091 -0.700388
v -0.0280959 0.00898586 0.0639336
vn -0.590355 -0.771505 0.237195
v 0.0487951 0.133111 0.282184
vn 0.0417699 0.135495 0.989897
v 0.108011 0.151572 0.149183
vn 0.934669 0.316703 0.161535
v 0.115531 0.0824781 -0.0392474
vn 0.428803 0.184504 -0.884357
v 0.110865 0.072312 -0.0427444
vn 0.191534 0.116764 -0.974516
v -0.0531909 0.025125 -0.00243315
vn -0.346552 -0.725269 -0.594884
v -0.0445885 0.00957659 0.0133125
vn -0.528208 -0.751021 -0.396186
v -0.0329762 0.0142534 0.074859
vn -0.47786 -0.815276 0.327069
v 0.0459228 0.0356931 -0.0517116
vn -0.257221 -0.289956 -0.921826
v -0.0375781 0.0324849 0.126383
vn -0.252325 -0.965508 -0.0642327
v 0.142118 0.12233 0.0141721
vn 0.695548 0.433941 -0.572632
v 0.0311864 0.0448868 -0.043235
vn -0.660012 -0.482613 -0.575734
v -0.0235231 0.0296543 0.110434
vn -0.326193 -0.938281 0.115011
v 0.0115193 0.128795 0.285943
vn 0.0828212 0.110639 0.990404
v 0.116332 0.144147 0.126166
vn 0.970207 0.201399 0.134672
v 0.137575 0.138346 0.0357236
vn 0.916215 0.371478 0.150182
v -0.0265493 0.0103068 0.00219202
vn -0.636719 -0.706775 -0.308314
v 0.0350203 0.130362 0.281901
vn 0.0273007 0.121088 0.992266
v 0.100018 0.164315 0.221479
vn 0.578273 0.697232 0.423635
v 0.105807 0.155568 0.163936
vn 0.954092 0.287744 -0.0831355
v 0.12994 0.123081 0.0685062
vn 0.827316 0.299852 0.475012
v 0.0470544 0.0505196 -0.0513933
vn 0.481766 0.0125919 -0.87621
v 0.0101679 0.0288829 -0.0316914
vn 0.153556 -0.312707 -0.937355
v -0.0127911 0.010233 -0.0205215
vn -0.588425 -0.620758 -0.518089
v -0.0566362 0.0182246 0.0254732
vn -0.700655 -0.667379 0.252367
v -0.0461509 0.0308152 0.17754
vn -0.360179 -0.925926 -0.11372
v 0.0544942 0.174932 0.272587
vn 0.468419 0.507513 0.723198
v 0.11968 0.131667 0.078141
vn 0.762551 0.368427 0.531769
v 0.0555213 0.0634588 -0.0464325
vn 0.34975 -0.0438766 -0.935815
v 0.044529 0.0447679 -0.0522466
vn 0.21739 -0.119397 -0.968755
v -0.0327428 0.0306553 0.100101
vn -0.428328 -0.784537 0.448371
v -0.0424538 0.025363 0.0865426
vn -0.429834 -0.766909 0.476543
v -0.0614136 0.0361156 0.14732
vn -0.358606 -0.931104 -0.0666928
v -0.0396857 0.0789254 0.279082
vn -0.35572 -0.176814 0.917715
v -0.0214301 0.0935959 0.282163
vn -0.00375206 0.00754398 0.999965
v 0.00375726 0.111483 0.285303
vn -0.146117 -0.0657948 0.987077
v 0.0564649 0.163658 0.276233
vn 0.210481 0.210146 0.954744
v 0.134243 0.13481 0.0520647
vn 0.879811 0.304032 0.365373
v 0.0852251 0.0830484 -0.0442389
vn 0.0560803 -0.00748212 -0.998398
v -0.0641751 0.0508232 0.248296
vn -0.606526 -0.671516 0.425667
v -0.0516681 0.0599389 0.266494
vn -0.392829 -0.379 0.837881
v 0.0702884 0.167982 0.264176
vn 0.610527 0.630603 0.479162
v 0.117939 0.128541 0.0938529
vn 0.949427 0.307664 -0.0626934
v 0.0723199 0.0662486 -0.0452887
vn 0.0785904 -0.0473112 -0.995784
v -0.00642389 0.018479 -0.0338025
vn -0.410729 -0.455627 -0.78975
v 0.117453 0.101563 -0.0315659
vn 0.864864 0.364185 -0.345513
v -0.0319441 0.0315086 0.111359
vn -0.268277 -0.961126 -0.0653036
v -0.0609634 0.0401894 0.230786
vn -0.579526 -0.716218 0.38882
v -0.01149 0.104394 0.282153
vn -0.0522832 -0.0424607 0.997729
v 0.084252 0.166957 0.244537
vn 0.636575 0.68103 0.361899
v 0.105727 0.170526 0.20376
vn 0.6995 0.625313 0.345954
v 0.104318 0.174805 0.195329
vn 0.875311 0.483413 -0.0119228
v 0.119652 0.107979 -0.0155087
vn 0.843747 0.408539 -0.348119
v 0.104142 0.0986747 -0.042115
vn 0.311083 0.0730501 -0.947571
v -0.0278171 0.0210267 -0.0194388
vn -0.505844 -0.652899 -0.563778
v 0.108442 0.163195 0.185201
vn 0.912394 0.341502 -0.22564
v 0.134627 0.145091 0.0263572
vn 0.893879 0.421461 -0.15281
v -0.0511558 0.0173713 0.0353598
vn -0.665646 -0.659753 0.34877
v -0.0795216 0.0349793 0.201148
vn -0.528311 -0.741568 0.413479
v 0.0893814 0.170981 0.223981
vn 0.607413 0.719342 0.337039
v 0.135093 0.140291 0.0203068
vn 0.81687 0.432152 -0.382058
v -0.0640169 0.0360869 0.180219
vn -0.322227 -0.739366 -0.591191
v 0.0218542 0.0456868 -0.038225
vn -0.135166 -0.334867 -0.93252
v -0.0085647 0.0559923 -0.0496021
vn 0.251069 -0.303584 -0.919131
v -0.0144093 0.0186924 -0.0267331
vn -0.451553 -0.586203 -0.672656
v -0.0507538 0.0221056 0.0535153
vn -0.506504 -0.854971 0.111709
v 0.116832 0.143023 0.110116
vn 0.955524 0.27909 -0.0953049
v 0.0499414 0.072066 -0.0501362
vn 0.343292 -0.218128 -0.913548
v -0.0600554 0.0262081 0.0626368
vn -0.463735 -0.882062 0.0831647
v -0.0684027 0.0331988 0.0727597
vn -0.503411 -0.827087 0.250008
v 0.00808106 0.157595 0.28036
vn 0.179689 0.146705 0.972723
v 0.0949183 0.182548 0.203357
vn 0.546269 0.652272 0.525482
v 0.0969575 0.104098 -0.0435435
vn 0.116229 -0.0135783 -0.99313
v 0.0381943 0.0523903 -0.0555113
vn -0.0812977 -0.303976 -0.949204
v -0.0372244 0.0281117 -0.0186315
vn -0.675707 -0.653228 -0.341633
v -0.0800591 0.0338142 0.196192
vn -0.561531 -0.827375 0.0115436
v 0.0423871 0.167318 0.277302
vn 0.0224301 0.0847576 0.996149
v 0.0667136 0.0776371 -0.0467328
vn 0.223002 -0.200255 -0.954027
v 0.0366571 0.0674465 -0.0583027
vn 0.195658 -0.173645 -0.965176
v 0.0129849 0.0501586 -0.0398652
vn 0.0644581 -0.323962 -0.943872
v -0.0386587 0.0271517 -0.00924823
vn -0.682149 -0.655063 -0.324909
v -0.0547839 0.0362346 0.115381
vn -0.290281 -0.947769 -0.132178
v -0.0355217 0.0975794 0.281722
vn -0.20998 -0.102005 0.97237
v 0.0309608 0.0594138 -0.0557747
vn -0.473096 -0.399854 -0.785046
v -0.0186515 0.0295722 -0.0323351
vn -0.342431 -0.437256 -0.831594
v -0.0192202 0.119122 0.282667
vn -0.0233925 -0.100093 0.994703
v 0.111479 0.145927 0.0907688
vn 0.907879 0.378458 -0.180349
v 0.112179 0.143433 0.0823138
vn 0.890666 0.410988 0.194433
v 0.132158 0.137288 0.0131131
vn 0.679484 0.395812 -0.617765
v 0.123326 0.126055 0.00171284
vn 0.540198 0.389996 -0.745714
v 0.110745 0.111967 -0.0368679
vn 0.66703 0.210957 -0.714541
v -0.0529834 0.0300398 -0.00773112
vn -0.180019 -0.651217 -0.737231
v -0.0767588 0.040649 0.212501
vn -0.559556 -0.680978 0.472404
v -0.000872184 0.128656 0.286147
vn -0.0708477 -0.00204136 0.997485
v 0.080696 0.186329 0.2096
vn 0.543479 0.702536 0.459428
v 0.102918 0.174866 0.181225
vn 0.93428 0.330963 -0.132602
v -0.0206127 0.0586015 -0.0451542
vn -0.45519 -0.380966 -0.804778
v -0.0579945 0.0343639 0.16729
vn -0.376241 -0.926456 0.0110769
v -0.077738 0.0346101 0.189124
vn -0.462934 -0.745469 -0.47955
v -0.079609 0.0778504 0.25849
vn -0.603129 -0.404262 0.68761
v 0.121983 0.152889 0.062656
vn 0.749352 0.313257 0.583387
v 0.125359 0.137571 0.00759461
vn 0.52717 0.362468 -0.768576
v 0.103179 0.115872 -0.0425343
vn 0.545434 0.0853693 -0.833795
v 0.0796703 0.0918235 -0.0458746
vn 0.281306 -0.101279 -0.954259
v -0.0482692 0.0387208 0.103141
vn -0.35754 -0.928401 -0.101178
v -0.0303747 0.108595 0.284325
vn 0.0185734 -0.0846951 0.996234
v 0.109503 0.143786 -0.00128034
vn 0.712103 0.409169 -0.570517
v 0.0856313 0.107077 -0.0447997
vn 0.17272 -0.0976209 -0.980121
v 0.0667161 0.0858011 -0.049813
vn 0.441501 -0.186377 -0.87769
v -0.0100966 0.0444232 -0.0447529
vn -0.391798 -0.383278 -0.836416
v 0.11004 0.162846 0.121559
vn 0.954336 0.298188 0.0180625
v 0.109868 0.161644 0.110911
vn 0.923812 0.318844 -0.211921
v 0.115202 0.122133 -0.0124654
vn 0.924582 0.358263 -0.129597
v 0.109259 0.130223 -0.0286317
vn 0.918248 0.271013 -0.288745
v -0.0550032 0.0370716 0.130381
vn -0.273587 -0.96166 -0.0190003
v -0.0704369 0.050216 0.234274
vn -0.705123 -0.618644 0.346527
v 0.0797729 0.179773 0.224972
vn 0.702736 0.637299 0.316246
v 0.130214 0.154391 0.045739
vn 0.912246 0.292708 0.286581
v 0.058679 0.0843817 -0.0537506
vn 0.276654 -0.298279 -0.913505
v 0.00475557 0.0564272 -0.0435509
vn 0.355671 -0.251325 -0.900185
v -0.0667816 0.0360665 -0.00488891
vn -0.563284 -0.704574 -0.431609
v -0.0580096 0.0308275 0.0803955
vn -0.433672 -0.752523 0.495619
v 0.110119 0.159269 0.130507
vn 0.917883 0.324927 0.227845
v 0.112635 0.14994 0.0736832
vn 0.738484 0.392007 0.548608
v -0.0833369 0.0434551 0.00699851
vn -0.634919 -0.731662 -0.248091
v -0.0657054 0.0263969 0.0164965
vn -0.686688 -0.726795 0.0151506
v 0.0635056 0.182296 0.251914
vn 0.620554 0.632282 0.463823
v 0.0430519 0.0843488 -0.0544907
vn 0.283772 -0.213757 -0.934763
v -0.0438199 0.0490878 -0.0355399
vn -0.451396 -0.527546 -0.719678
v -0.0621587 0.0266594 0.0371702
vn -0.56676 -0.814666 0.122888
v -0.0721623 0.0325506 0.0504166
vn -0.52126 -0.853208 0.0180265
v -0.0778723 0.0550979 0.230059
vn -0.600813 -0.592313 0.536832
v -0.00186817 0.149333 0.283772
vn 0.182085 0.0878402 0.979351
v 0.0791321 0.107823 -0.0470438
vn 0.402936 -0.211202 -0.890526
v 0.0162104 0.0752331 -0.0506655
vn -0.561905 -0.425961 -0.709098
v 0.0110496 0.0766033 -0.0489555
vn -0.178577 -0.365025 -0.91371
v -0.0607567 0.0434304 0.102745
vn -0.315511 -0.926809 -0.203658
v -0.0905139 0.0474919 0.162598
vn -0.405075 -0.913523 0.0372704
v -0.0734499 0.0415679 0.178116
vn -0.431644 -0.844097 -0.318092
v -0.00501319 0.134112 0.285344
vn 0.12923 -0.1339 0.982533
v 0.0156126 0.172782 0.27726
vn 0.0660233 0.0587922 0.996085
v 0.0660396 0.107179 -0.0549046
vn 0.486932 -0.201973 -0.849767
v 0.0224612 0.0906174 -0.064847
vn -0.143119 -0.27175 -0.951666
v 0.0216374 0.0765705 -0.0579113
vn -0.648573 -0.416111 -0.637341
v -0.0605058 0.0428725 0.0958692
vn -0.38845 -0.858111 0.335787
v -0.0750855 0.0430899 0.129707
vn -0.343195 -0.935728 -0.0814282
v 0.0334109 0.085875 -0.0616782
vn 0.434102 -0.136423 -0.890474
v -0.0780819 0.044333 0.0841707
vn -0.464982 -0.796665 0.386156
v -0.0945507 0.0571657 0.214427
vn -0.59558 -0.61328 0.518818
v 0.0990194 0.184101 0.136503
vn 0.915141 0.315391 0.251088
v -0.0245859 0.0479432 -0.0390533
vn -0.194998 -0.368995 -0.908746
v -0.0751124 0.0872247 0.264881
vn -0.404861 -0.201859 0.891819
v 0.0693709 0.18276 0.241192
vn 0.697066 0.618341 0.362979
v 0.0987207 0.179437 0.14607
vn 0.957815 0.281318 0.0587474
v 0.105988 0.159695 0.0968404
vn 0.882674 0.408804 -0.231874
v 0.104692 0.157816 0.0844559
vn 0.913672 0.40617 -0.0151409
v 0.100651 0.170994 0.0763426
vn 0.887111 0.375135 0.268903
v 0.108463 0.137919 -0.012568
vn 0.947512 0.314506 -0.0574991
v -0.0733796 0.03429 0.0271675
vn -0.626272 -0.777893 0.0516356
v -0.0962369 0.0504211 0.137195
vn -0.426777 -0.903015 -0.0492532
v -0.0972592 0.0524395 0.175557
vn -0.451178 -0.887972 0.0891316
v -0.0620519 0.0929805 0.269875
vn -0.401659 -0.177065 0.898509
v -0.0272871 0.120451 0.285132
vn 0.0865027 -0.232135 0.968829
v 0.124512 0.165131 0.0213931
vn 0.828285 0.408258 -0.383758
v 0.09861 0.168245 0.000502603
vn 0.900926 0.391278 -0.187707
v 0.0939265 0.123134 -0.0468592
vn 0.299955 -0.190658 -0.934707
v -0.0477846 0.045334 -0.0238441
vn -0.597413 -0.623589 -0.504216
v -0.0804474 0.0710731 0.250794
vn -0.738561 -0.537277 0.407261
v -0.0350907 0.13163 0.28573
vn -0.171892 -0.0949995 0.980524
v 0.0244025 0.183884 0.279043
vn 0.17396 0.128592 0.976321
v 0.126452 0.153911 0.0547599
vn 0.856076 0.262582 0.445179
v 0.125712 0.171228 0.0405917
vn 0.934299 0.349943 0.0680144
v 0.0978288 0.18326 0.160951
vn 0.96557 0.2562 -0.0451161
v 0.100651 0.198177 0.115475
vn 0.957938 0.267186 0.104721
v 0.000576234 0.0804391 -0.0501674
vn 0.223781 -0.238462 -0.945017
v -0.0817503 0.0405751 0.0193679
vn -0.589969 -0.804806 -0.0649898
v -0.0825219 0.0476355 0.108877
vn -0.363424 -0.912511 -0.187739
v -0.104106 0.0521688 0.194792
vn -0.615431 -0.707654 0.347088
v -0.0213819 0.137132 0.289234
vn 0.0958141 -0.104732 0.989874
v 0.109494 0.152951 0.00434829
vn 0.514765 0.404567 -0.755872
v 0.103526 0.132947 -0.0367088
vn 0.745634 0.175109 -0.642937
v 0.0530856 0.117161 -0.0651145
vn 0.222851 -0.202358 -0.953619
v 0.0535933 0.181562 0.264432
vn 0.53819 0.643101 0.544769
v 0.10474 0.150953 -0.0258781
vn 0.968477 0.249082 -0.00324035
v -0.0935579 0.0445299 0.190234
vn -0.520932 -0.771103 -0.366101
v 0.0780146 0.136442 -0.0562572
vn 0.403564 -0.180136 -0.897044
v -0.0428404 0.0640414 -0.042899
vn -0.12497 -0.311928 -0.941851
v -0.0784793 0.0485832 0.0923166
vn -0.396806 -0.879705 0.262038
v -0.0939985 0.0516272 0.121244
vn -0.399929 -0.910613 -0.104116
v -0.0940658 0.0830935 0.239965
vn -0.733569 -0.510431 0.448706
v -0.0564191 0.124184 0.278336
vn -0.417159 -0.17069 0.892661
v 0.096507 0.189693 0.17583
vn 0.930525 0.365893 0.0156599
v 0.104268 0.17046 0.0716285
vn 0.6745 0.288264 0.679672
v -0.0309619 0.0669214 -0.044186
vn -0.0838754 -0.243628 -0.966235
v -0.0922271 0.0453833 0.0582799
vn -0.555598 -0.826736 0.088422
v -0.0695456 0.115667 0.270643
vn -0.387601 -0.127016 0.913035
v -0.0451784 0.129936 0.284511
vn -0.233348 -0.144196 0.961643
v -0.0197194 0.0771366 -0.0544537
vn -0.39279 -0.319732 -0.862257
v -0.0566245 0.0493462 -0.02299
vn -0.225237 -0.6446 -0.730588
v 0.0997644 0.171347 0.0909911
vn 0.918374 0.325215 -0.225443
v 0.0923684 0.132758 -0.0480834
vn 0.614635 0.0728687 -0.785439
v -0.0829954 0.0517995 0.0982902
vn -0.359709 -0.919635 -0.157738
v -0.0969679 0.078072 0.23117
vn -0.624665 -0.471091 0.62279
v -0.0134238 0.154485 0.286894
vn 0.308932 0.0395329 0.950262
v -0.0244537 0.150703 0.290023
vn 0.0142857 -0.0679445 0.997587
v 0.035767 0.186616 0.274218
vn 0.433752 0.606521 0.666327
v 0.0793827 0.191814 0.203708
vn 0.4437 0.618431 0.648593
v 0.120896 0.158867 0.0135539
vn 0.546943 0.388834 -0.741392
v -0.0535412 0.0603573 -0.0330567
vn -0.394757 -0.535873 -0.746329
v 0.0898954 0.199867 0.183029
vn 0.789959 0.585932 0.180688
v 0.103432 0.184397 0.111472
vn 0.903425 0.262896 -0.338686
v -0.0252007 0.067709 -0.046051
vn -0.492461 -0.29859 -0.817512
v -0.0695732 0.0491247 -0.0198015
vn -0.338799 -0.621263 -0.706575
v -0.0949364 0.052579 0.0790838
vn -0.519331 -0.817524 0.248899
v -0.097781 0.0525708 0.180292
vn -0.504238 -0.816954 -0.279874
v -0.111888 0.0853827 0.223821
vn -0.597347 -0.515403 0.61444
v -0.0990364 0.102785 0.250208
vn -0.756724 -0.424384 0.49726
v 0.0765098 0.187584 0.216724
vn 0.718186 0.664422 0.206767
v 0.117884 0.172233 0.0596079
vn 0.655703 0.230361 0.719018
v 0.114707 0.193935 0.0536623
vn 0.916299 -0.208305 0.342061
v 0.0925104 0.150301 -0.0454085
vn 0.688412 0.135334 -0.712582
v 0.0243268 0.0978461 -0.0659809
vn -0.00358202 -0.239155 -0.970975
v -0.116013 0.0624332 0.188755
vn -0.634208 -0.770897 -0.0591458
v -0.113638 0.0650506 0.200957
vn -0.634087 -0.596326 0.492269
v -0.0975685 0.12009 0.259275
vn -0.51737 -0.275932 0.810055
v -0.0910062 0.126399 0.264357
vn -0.315569 -0.190555 0.929572
v 0.00471708 0.177377 0.280127
vn 0.251172 -0.0099595 0.967891
v 0.11005 0.169767 0.0133444
vn 0.458262 0.404171 -0.791607
v 0.0406258 0.111655 -0.0629705
vn 0.275968 -0.200759 -0.939967
v -0.0102855 0.0702362 -0.0536422
vn 0.291287 -0.189275 -0.937725
v -0.104631 0.0549175 0.164198
vn -0.510314 -0.858129 0.0565188
v -0.0530227 0.139429 0.284478
vn -0.233665 -0.144982 0.961447
v 0.0478372 0.196671 0.2535
vn 0.537967 0.613915 0.577668
v 0.0657747 0.193705 0.234454
vn 0.710984 0.602193 0.363133
v 0.0992803 0.159777 -0.0363822
vn 0.764043 0.178029 -0.620116
v 0.0150814 0.100226 -0.064143
vn -0.503772 -0.316922 -0.803601
v -0.0852328 0.0634917 -0.0220366
vn -0.584304 -0.624451 -0.518315
v 0.0626586 0.123126 -0.059837
vn 0.359117 -0.0840869 -0.929497
v -0.090655 0.0607677 -0.0108121
vn -0.6119 -0.609645 -0.503896
v -0.103813 0.116471 0.25337
vn -0.610894 -0.43453 0.66181
v 0.0929551 0.184639 0.00991359
vn 0.917736 -0.113487 -0.380632
v 0.00297631 0.103524 -0.0570367
vn -0.267008 -0.320275 -0.908917
v -0.0965117 0.0584948 0.0924057
vn -0.549938 -0.810126 0.203138
v -0.0365224 0.145501 0.285676
vn -0.157859 -0.119877 0.980158
v -0.117006 0.0650342 0.0397678
vn -0.658352 -0.746403 -0.0972374
v -0.0980231 0.057018 0.100265
vn -0.468351 -0.823811 -0.319347
v -0.107495 0.0596353 0.109489
vn -0.50455 -0.852852 -0.134438
v -0.0264694 0.158481 0.291761
vn -0.0183565 -0.0853928 0.996178
v 0.10187 0.186879 0.0677961
vn 0.633412 0.0870633 0.768901
v 0.117211 0.191547 0.040779
vn 0.943782 0.312764 -0.107026
v 0.0282709 0.114584 -0.0694533
vn 0.339341 -0.149 -0.928788
v -0.0719367 0.0763818 -0.0372142
vn -0.318849 -0.470945 -0.822524
v -0.093087 0.057182 -0.00297878
vn -0.633996 -0.669718 -0.386686
v -0.107169 0.056017 0.0467254
vn -0.609786 -0.792479 -0.011741
v -0.0765927 0.138896 0.269738
vn -0.339275 -0.26425 0.902809
v 0.0699279 0.195404 0.209305
vn 0.687325 0.669955 0.280614
v 0.0940824 0.184179 0.0846452
vn 0.946381 0.3196 0.0471106
v -0.0604432 0.079155 -0.0416375
vn -0.317893 -0.431679 -0.844155
v -0.108834 0.0608825 0.0743638
vn -0.60461 -0.773744 0.189125
v -0.123199 0.0694485 0.179543
vn -0.590109 -0.805454 0.0549067
v 0.0641397 0.137247 -0.0589985
vn 0.350291 0.0640592 -0.934448
v -0.00673182 0.100381 -0.0569825
vn 0.260987 -0.168065 -0.9506
v -0.0364004 0.101817 -0.0514786
vn -0.24033 -0.385946 -0.890667
v -0.0544688 0.0791058 -0.045068
vn -0.472039 -0.418598 -0.775857
v -0.0799913 0.0644106 -0.026322
vn -0.392659 -0.502181 -0.770476
v -0.121589 0.064862 0.142422
vn -0.558776 -0.827995 -0.0468284
v 0.0812244 0.201582 0.195421
vn 0.494005 0.546212 0.676469
v -0.110519 0.108759 0.237904
vn -0.611839 -0.486389 0.623761
v 0.0934137 0.200975 0.159224
vn 0.852137 0.504862 0.137759
v 0.0519891 0.135027 -0.0665545
vn 0.311393 0.0194432 -0.950082
v -0.0185929 0.0950645 -0.0598141
vn 0.12663 -0.178771 -0.975708
v -0.0458161 0.0947405 -0.0501641
vn 0.00548637 -0.242212 -0.970208
v -0.0425361 0.154854 0.286872
vn -0.162208 -0.0853394 0.983059
v 0.027507 0.191875 0.273804
vn 0.439827 0.528795 0.725898
v -0.119431 0.0667245 0.117298
vn -0.604817 -0.788931 -0.108559
v -0.126687 0.0690219 0.162278
vn -0.622447 -0.77933 0.0721476
v 0.0930043 0.205799 0.13408
vn 0.977697 0.184274 0.100761
v 0.079727 0.152065 -0.0563245
vn 0.346524 0.0833754 -0.934329
v 0.037192 0.132791 -0.0667744
vn 0.189854 -0.0861353 -0.978027
v -0.0647539 0.151696 0.281567
vn -0.318752 -0.33452 0.886845
v -0.0226236 0.17051 0.289715
vn 0.330211 0.0340423 0.943293
v 0.0937583 0.191293 0.0932324
vn 0.932973 0.190367 -0.305486
v 0.0956758 0.188495 0.0745331
vn 0.856174 0.118227 0.50298
v 0.0198529 0.121386 -0.0722701
vn -0.117101 -0.197697 -0.973244
v -0.0253366 0.106863 -0.0610473
vn -0.396661 -0.349742 -0.848729
v -0.124924 0.0749295 0.0285358
vn -0.641173 -0.743387 -0.190453
v -0.113862 0.0634506 0.0637255
vn -0.683653 -0.725872 0.0756864
v -0.122625 0.0717788 0.102427
vn -0.51638 -0.76558 -0.383717
v -0.126016 0.0723531 0.193074
vn -0.701251 -0.625424 0.342188
v 0.0582816 0.203781 0.228543
vn 0.757632 0.608694 0.235556
v 0.111964 0.187666 0.0615276
vn 0.655984 0.03105 0.754135
v -0.115277 0.0733459 0.0933196
vn -0.576556 -0.805204 -0.138673
v -0.0127332 0.185664 0.285096
vn 0.36298 -0.132352 0.922349
v 0.0505068 0.203362 0.242831
vn 0.751951 0.276294 0.598524
v 0.0817954 0.206013 0.18783
vn 0.770521 0.542419 0.334781
v 0.0997283 0.168532 -0.0308176
vn 0.935892 0.258549 -0.239289
v -0.120926 0.0733541 0.0811351
vn -0.610733 -0.756956 0.232429
v -0.0291029 0.167466 0.290486
vn -0.181438 -0.00331786 0.983397
v 0.00747372 0.185147 0.280738
vn 0.16289 0.04709 0.98552
v 0.0929575 0.191039 0.0813396
vn 0.414752 -0.887071 0.202699
v -0.139281 0.082954 0.105419
vn -0.556151 -0.825179 -0.0988774
v -0.0546547 0.159942 0.285852
vn -0.0851337 -0.203758 0.975313
v 0.113495 0.191432 0.0591148
vn 0.915384 0.0415187 0.400435
v -0.0918496 0.0785725 -0.0276422
vn -0.524196 -0.497336 -0.691286
v -0.128397 0.0968779 0.216733
vn -0.606305 -0.588421 0.534935
v -0.121764 0.0995773 0.224449
vn -0.460535 -0.553323 0.694076
v 0.0626436 0.203855 0.211588
vn 0.857002 -0.425554 0.290605
v 0.0805294 0.159958 -0.0538457
vn 0.575116 0.239202 -0.78232
v -4.02819e-06 0.121173 -0.0608183
vn -0.1913 -0.51463 -0.835799
v -0.00639825 0.115027 -0.0587999
vn 0.189671 -0.205171 -0.960172
v -0.0559631 0.0918235 -0.0496062
vn -0.157066 -0.418344 -0.894605
v -0.118976 0.0754792 0.0117767
vn -0.633448 -0.711575 -0.30398
v -0.0271124 0.179305 0.29152
vn 0.236891 -0.274132 0.932059
v 0.0261613 0.200105 0.269437
vn 0.596864 0.381157 0.706026
v 0.0961887 0.18559 0.0138205
vn 0.550725 0.163839 -0.818449
v 0.0998497 0.171568 -0.0203496
vn 0.966025 0.254654 0.0441137
v 0.00906098 0.126728 -0.0692638
vn -0.367256 -0.376042 -0.850715
v -0.0733085 0.0852185 -0.039866
vn -0.298448 -0.503118 -0.811049
v -0.10801 0.0764803 -0.00906033
vn -0.607724 -0.652073 -0.453291
v -0.127899 0.0763079 0.0466462
vn -0.621402 -0.783147 0.0232527
v -0.146808 0.0854483 0.136037
vn -0.600997 -0.798422 -0.0364045
v -0.134958 0.0797294 0.177668
vn -0.705376 -0.692016 0.153492
v -0.0430602 0.167022 0.287043
vn -0.0246238 -0.283844 0.958554
v 0.098605 0.168516 -0.0061254
vn 0.947701 0.308558 0.0815739
v 0.0584439 0.154715 -0.0607781
vn 0.563347 -0.177686 -0.806888
v 0.0687262 0.161993 -0.0548377
vn 0.350141 -0.0197873 -0.936488
v 0.0277929 0.136114 -0.0718008
vn 0.3141 -0.141049 -0.938854
v -0.0159197 0.112213 -0.0618653
vn 0.278984 -0.384432 -0.879989
v -0.106819 0.123544 0.256358
vn -0.59385 -0.323856 0.736518
v -0.097082 0.131437 0.26535
vn -0.381785 -0.357211 0.852432
v 0.0137201 0.196651 0.277718
vn 0.357983 0.0305906 0.933227
v 0.0675436 0.204085 0.201057
vn 0.604179 0.418655 0.678008
v 0.113187 0.18797 0.0254244
vn 0.655234 0.383367 -0.650921
v 0.0385281 0.1434 -0.0669196
vn 0.411799 -0.334931 -0.847492
v 0.0185342 0.131421 -0.0724145
vn -0.0395352 -0.160704 -0.986211
v -0.0478873 0.0991752 -0.0525346
vn 0.184268 -0.678133 -0.711464
v -0.0879678 0.140102 0.271673
vn -0.152019 -0.429339 0.890258
v -0.0621537 0.161903 0.286879
vn -0.233924 -0.301989 0.924166
v 0.0994456 0.203994 0.114902
vn 0.947858 -0.0482324 0.315023
v 0.0991179 0.196651 0.107216
vn 0.898011 -0.429667 -0.0946706
v 0.11623 0.190604 0.0333436
vn 0.935982 0.169497 -0.308559
v 0.0483321 0.148192 -0.0661377
vn 0.263383 -0.0770611 -0.961609
v -0.0309116 0.111516 -0.0631617
vn -0.0979331 -0.441055 -0.892121
v -0.0983431 0.078031 -0.0191976
vn -0.537481 -0.642444 -0.546242
v -0.129442 0.0799017 0.0780641
vn -0.51333 -0.85352 0.0894207
v -0.12771 0.0815509 0.0929951
vn -0.410674 -0.911292 -0.0299018
v -0.137782 0.0838155 0.100427
vn -0.471775 -0.810193 -0.347872
v -0.119021 0.113616 0.23971
vn -0.61323 -0.401722 0.680124
v 0.103466 0.1898 0.0713138
vn 0.266389 -0.928699 0.257984
v -0.0154917 0.117875 -0.066849
vn -0.000544606 -0.338374 -0.941011
v -0.0521876 0.101391 -0.0557222
vn -0.197506 -0.336601 -0.920701
v -0.0722532 0.0928821 -0.0467591
vn -0.345433 -0.373307 -0.860998
v -0.147003 0.0873806 0.161081
vn -0.604858 -0.78582 0.128973
v -0.140224 0.0907651 0.193841
vn -0.640871 -0.689971 0.33649
v -0.00292311 0.126104 -0.0699111
vn -0.021615 -0.343876 -0.938766
v -0.0954877 0.0829868 -0.0300758
vn -0.482159 -0.509789 -0.712487
v -0.130136 0.106814 0.226589
vn -0.585153 -0.413572 0.697535
v -0.09689 0.154346 0.273903
vn -0.289933 -0.320085 0.901934
v -0.0546816 0.176187 0.292353
vn -0.149598 -0.214672 0.965161
v 0.094848 0.177492 -0.0357832
vn 0.807584 0.109044 -0.579584
v -0.142487 0.0851037 0.120454
vn -0.533765 -0.844119 -0.0505696
v -0.0292685 0.184548 0.29527
vn 0.0990264 -0.340701 0.934942
v 0.091927 0.18157 0.00337764
vn 0.988602 0.116244 0.095676
v 0.097083 0.179449 -0.0226921
vn 0.992778 0.103574 0.0605316
v 0.0833273 0.170821 -0.0480243
vn 0.654108 -0.123997 -0.746169
v 0.0331613 0.146305 -0.0731554
vn 0.303598 -0.199227 -0.931739
v -0.113663 0.081116 -0.0111231
vn -0.620635 -0.57821 -0.529608
v -0.137575 0.101924 0.216641
vn -0.699731 -0.476667 0.532132
v -0.111058 0.146338 0.260419
vn -0.654114 -0.314799 0.687777
v -0.102094 0.151392 0.269993
vn -0.519921 -0.303652 0.798422
v -0.0170044 0.189545 0.292025
vn 0.395334 -0.159858 0.90452
v 0.0238039 0.203026 0.273546
vn 0.642421 -0.170534 0.747137
v 0.103069 0.192565 0.0889189
vn 0.195183 -0.946455 0.25715
v 0.0482419 0.154173 -0.069912
vn 0.409473 -0.189344 -0.892458
v 0.0229883 0.14797 -0.0747956
vn 0.0787624 -0.0273781 -0.996517
v -0.138946 0.0821662 0.0586927
vn -0.399011 -0.916426 0.0308855
v -0.0984809 0.164963 0.276577
vn -0.347363 -0.0882962 0.933564
v 0.00630681 0.198858 0.283839
vn 0.452351 -0.0995006 0.886272
v 0.0564529 0.205775 0.237375
vn 0.36311 -0.914478 0.178554
v 0.0791768 0.206517 0.195489
vn 0.269459 -0.946326 0.17849
v 0.100953 0.200007 0.100316
vn 0.560694 -0.728939 0.392772
v 0.111599 0.193016 0.0812474
vn 0.738328 -0.660182 0.137954
v -0.064422 0.113727 -0.0555983
vn -0.332181 -0.250727 -0.909281
v -0.131586 0.083233 0.014755
vn -0.662737 -0.649053 -0.37351
v -0.135221 0.0809274 0.0338299
vn -0.594378 -0.797476 -0.103666
v -0.149383 0.0868677 0.0824161
vn -0.593843 -0.803087 -0.0490178
v -0.117806 0.139601 0.249873
vn -0.723105 -0.296462 0.623883
v 0.0665092 0.205602 0.205534
vn 0.184387 -0.979519 0.0809011
v 0.0903426 0.206727 0.159425
vn 0.975358 -0.0846796 0.203732
v 0.109729 0.194969 0.0919628
vn 0.281326 -0.847376 0.450343
v 0.0745363 0.169591 -0.059124
vn 0.623362 -0.104494 -0.77492
v -0.0398317 0.12891 -0.0660064
vn -0.170673 -0.297812 -0.939244
v -0.0990126 0.0995199 -0.0359514
vn -0.420157 -0.29118 -0.859466
v -0.151676 0.0882791 0.103396
vn -0.395447 -0.918486 0.00229755
v -0.126292 0.123987 0.235387
vn -0.703193 -0.176722 0.688686
v 0.0629548 0.208491 0.238277
vn 0.72035 -0.00471367 0.693595
v 0.0683254 0.20726 0.228812
vn 0.242756 -0.960125 0.138669
v 0.109144 0.187379 0.0209118
vn 0.613315 -0.432617 -0.660823
v 0.0103571 0.149997 -0.0745494
vn -0.0649008 -0.123647 -0.990202
v -0.00957392 0.134769 -0.0700194
vn -0.140291 -0.0864996 -0.986325
v -0.110287 0.105981 -0.0320573
vn -0.526132 -0.402622 -0.749053
v -0.156329 0.0912492 0.123976
vn -0.487076 -0.873202 -0.0166021
v -0.159918 0.0932349 0.14313
vn -0.656193 -0.754069 0.0281349
v -0.155302 0.0927508 0.164019
vn -0.600787 -0.781647 0.167583
v -0.149969 0.0953189 0.189665
vn -0.675694 -0.653377 0.341374
v -0.0300394 0.192835 0.29602
vn 0.103908 0.0661962 0.992382
v 0.110322 0.196511 0.0888237
vn -0.0727038 -0.993582 0.0866542
v -0.0244586 0.135597 -0.0691308
vn 0.0174036 -0.302506 -0.952989
v -0.140742 0.0875898 0.0275523
vn -0.770841 -0.606761 -0.194024
v -0.138769 0.1221 0.224181
vn -0.680315 -0.257132 0.686334
v 0.0399001 0.210837 0.256957
vn 0.558701 0.483729 0.673691
v 0.107078 0.197529 0.0740292
vn 0.311842 -0.949645 0.0304932
v -0.125169 0.100324 -0.0141696
vn -0.684001 -0.476845 -0.552052
v -0.160318 0.094441 0.114387
vn -0.776852 -0.62685 -0.0596674
v -0.164491 0.114568 0.184612
vn -0.764446 -0.471739 0.439414
v 0.00359751 0.204552 0.282359
vn 0.315417 0.320496 0.893193
v 0.0244184 0.208507 0.269652
vn 0.379623 0.592847 0.710225
v 0.0802644 0.209319 0.217326
vn 0.628125 0.614743 0.477021
v 0.0862073 0.207531 0.2048
vn 0.105927 -0.991701 0.072855
v 0.0942457 0.207637 0.15801
vn 0.00977562 -0.999939 0.00511861
v 0.1082 0.201713 0.103693
vn -0.245112 -0.957417 0.152556
v 0.0986321 0.182177 -0.0143148
vn 0.476284 -0.872372 0.110097
v 0.0954199 0.18116 -0.0373512
vn 0.729925 0.226974 -0.644742
v 0.0399152 0.160188 -0.0711977
vn 0.191024 0.153526 -0.969505
v 0.100768 0.184261 -0.02336
vn 0.955777 -0.0470983 -0.290296
v 0.0651704 0.172758 -0.0621664
vn 0.304166 0.263299 -0.915509
v -0.159358 0.100098 0.0776129
vn -0.781352 -0.610819 -0.128018
v -0.162793 0.0975425 0.154084
vn -0.773146 -0.61249 0.164622
v -0.160445 0.10016 0.171579
vn -0.769308 -0.582543 0.262314
v -0.154903 0.11963 0.203285
vn -0.736826 -0.369933 0.565895
v -0.12944 0.138067 0.234118
vn -0.774832 -0.200519 0.599522
v 0.0481962 0.215046 0.244515
vn 0.580645 0.617875 0.530172
v 0.0949702 0.207326 0.130369
vn 0.0236357 -0.993967 0.107107
v 0.206394 0.291214 0.349782
vn 0.595052 -0.784662 0.173836
v 0.221528 0.297326 0.319636
vn 0.43245 -0.88163 -0.188988
v 0.226364 0.301675 0.321401
vn 0.859033 -0.469621 0.20376
v 0.112871 0.196602 0.0669063
vn -0.253033 -0.964514 0.0754098
v 0.114893 0.190489 0.0234082
vn 0.554323 -0.826274 -0.0999844
v 0.105039 0.18733 0.00790024
vn 0.270278 -0.960596 0.0648415
v -0.0567525 0.187658 0.292678
vn -0.201464 -0.106379 0.973702
v 0.0868686 0.210107 0.204743
vn 0.663566 0.69861 0.267626
v 0.0959392 0.207305 0.185126
vn 0.815955 0.459561 0.350744
v 0.100489 0.205278 0.171807
vn -0.259778 -0.965548 0.0152856
v 0.0973612 0.207293 0.142024
vn -0.34314 -0.939259 0.00688064
v -0.0028726 0.155412 -0.0721774
vn -0.200379 -0.114576 -0.972996
v -0.00920521 0.145173 -0.0699998
vn 0.208422 -0.269015 -0.940315
v -0.0754722 0.180602 0.285529
vn -0.467822 0.105505 0.877503
v -0.0319138 0.199637 0.295081
vn 0.214731 -0.108269 0.970654
v -0.0122233 0.204733 0.287484
vn 0.368408 0.0898506 0.925312
v 0.122498 0.19343 0.0452251
vn 0.484519 -0.866829 -0.117679
v 0.107632 0.188237 -0.00179439
vn 0.937646 0.154009 -0.31161
v 0.0791452 0.185714 -0.0488448
vn 0.575028 0.348939 -0.73999
v 0.208503 0.293019 0.337116
vn 0.0297748 -0.968924 -0.245562
v -0.246809 0.267805 -0.0608126
vn -0.596716 0.640277 0.48371
v -0.251779 0.259805 -0.0686377
vn -0.911485 0.316005 -0.263318
v -0.251373 0.256203 -0.0619638
vn -0.606177 -0.422515 0.673818
v 0.208092 0.295529 0.326584
vn -0.00620886 -0.995978 -0.0893861
v 0.219407 0.300346 0.336997
vn 0.840803 -0.142047 0.522373
v 0.227534 0.313839 0.324441
vn 0.893897 -0.0776445 0.441498
v 0.026896 0.159482 -0.0729199
vn 0.209518 -0.0347693 -0.977186
v -0.0640905 0.126613 -0.0590301
vn -0.226417 -0.388904 -0.893022
v -0.141167 0.0970255 0.0116806
vn -0.730152 -0.510409 -0.45427
v -0.112842 0.163667 0.268711
vn -0.599295 -0.273629 0.752312
v 0.00534994 0.208778 0.278501
vn 0.490491 0.228053 0.841077
v 0.047032 0.170034 -0.0670911
vn 0.314123 0.0824663 -0.945794
v -0.081351 0.119105 -0.0501354
vn -0.343575 -0.375671 -0.860713
v -0.125888 0.153755 0.251989
vn -0.662546 -0.408233 0.627995
v -0.109107 0.171667 0.272896
vn -0.380711 -0.107658 0.918405
v -0.0845964 0.187338 0.277872
vn -0.428405 0.203712 0.880324
v 0.0383529 0.214029 0.254572
vn 0.571691 0.326055 0.752899
v 0.070413 0.21608 0.216888
vn 0.669531 0.510652 0.53941
v 0.0803604 0.214521 0.20298
vn 0.720296 0.579826 0.380756
v 0.110547 0.20342 0.161999
vn 0.816258 0.435391 0.37968
v 0.129225 0.191917 0.07656
vn -0.0975861 -0.995149 0.0124585
v 0.128822 0.194386 0.0664115
vn 0.943627 0.272342 -0.188143
v 0.212362 0.295193 0.315824
vn 0.509675 -0.860055 0.0231586
v 0.196714 0.288424 0.350858
vn 0.0771489 -0.995715 -0.0509953
v 0.206393 0.292904 0.358414
vn 0.616851 -0.515795 0.594517
v 0.195597 0.290278 0.356966
vn -0.296214 -0.724405 0.622491
v 0.213022 0.301256 0.344831
vn 0.8744 -0.126351 0.468466
v -0.243108 0.269035 -0.0685081
vn -0.540967 0.748135 -0.384252
v -0.0364287 0.142407 -0.0731464
vn -0.211011 -0.390848 -0.895942
v -0.146443 0.140192 0.222914
vn -0.575227 -0.132584 0.807178
v 0.0868251 0.213652 0.187553
vn 0.677482 0.689081 0.257264
v 0.124211 0.196585 0.122132
vn -0.261182 -0.963077 0.065323
v 0.124246 0.198554 0.131622
vn 0.903863 0.284567 0.319459
v 0.129967 0.195338 0.108256
vn 0.97665 0.155858 0.147862
v 0.129377 0.192819 0.0989854
vn -0.00682929 -0.996156 0.0873325
v 0.131381 0.195322 0.0867537
vn 0.973809 0.226273 -0.022281
v 0.123834 0.19661 0.051035
vn 0.811035 0.495315 -0.311263
v 0.0933957 0.192942 -0.0303712
vn 0.789332 0.376777 -0.484762
v 0.0673931 0.180815 -0.057428
vn 0.433628 0.215596 -0.87492
v 0.196958 0.30156 0.365139
vn 0.322984 -0.209531 0.922918
v 0.207658 0.30261 0.356033
vn 0.798102 0.0303078 0.60176
v 0.2314 0.32126 0.316395
vn 0.919784 -0.0385618 0.390526
v 0.229731 0.311012 0.310561
vn 0.825714 -0.560531 -0.0632649
v -0.247682 0.248096 -0.0721675
vn -0.859853 -0.372024 0.349645
v -0.237767 0.250353 -0.0634628
vn -0.340765 -0.584174 0.736627
v -0.243461 0.263037 -0.077134
vn -0.688722 0.705859 -0.165607
v -0.0271924 0.151564 -0.0786052
vn 0.073328 -0.353878 -0.932412
v -0.158283 0.109399 0.0346769
vn -0.801067 -0.567267 -0.191047
v -0.168115 0.112065 0.172371
vn -0.786799 -0.566925 0.244014
v -0.0677484 0.192368 0.289666
vn -0.536242 0.173941 0.825947
v -0.0378206 0.206045 0.297627
vn 0.0950732 -0.18482 0.978163
v -0.00708671 0.213438 0.286876
vn 0.442886 -0.0947362 0.891559
v 0.232154 0.314811 0.301497
vn 0.485418 -0.606772 -0.629442
v 0.236462 0.320407 0.306975
vn 0.941388 -0.221632 0.254299
v -0.241268 0.261618 -0.0569833
vn -0.399773 -0.155938 0.903252
v -0.244825 0.232154 -0.085801
vn -0.652348 -0.749604 0.111966
v -0.240741 0.234427 -0.0752625
vn -0.722923 -0.519387 0.455652
v -0.249039 0.237184 -0.0857895
vn -0.937958 -0.252806 0.237324
v -0.248261 0.237364 -0.0960982
vn -0.59567 -0.772704 -0.219331
v -0.253122 0.243001 -0.100724
vn -0.97501 -0.190466 0.11436
v 0.204006 0.285823 0.304869
vn 0.490618 -0.70585 -0.510949
v 0.205371 0.285774 0.310029
vn 0.0827329 -0.832662 0.547567
v 0.197771 0.288801 0.308309
vn -0.765906 -0.419711 0.487063
v 0.209003 0.295086 0.318201
vn -0.30605 -0.845995 0.436608
v -0.0992243 0.123085 -0.0449203
vn -0.376755 -0.420056 -0.825596
v -0.174086 0.111516 0.148868
vn -0.809102 -0.583947 0.0660309
v -0.130372 0.159006 0.248797
vn -0.93862 -0.222067 0.263967
v -0.128944 0.164126 0.254112
vn -0.707278 -0.247962 0.662022
v 0.124513 0.201836 0.122815
vn 0.808892 0.570537 0.142062
v 0.19689 0.297211 0.324836
vn -0.218215 -0.946483 -0.237807
v 0.236362 0.322278 0.301187
vn 0.915264 -0.008348 -0.402768
v -0.238607 0.271669 -0.066808
vn -0.174202 0.980385 -0.0921902
v -0.134875 0.115077 -0.0123571
vn -0.724221 -0.396691 -0.56404
v -0.141509 0.110063 3.65627e-05
vn -0.67992 -0.408078 -0.609246
v -0.157043 0.140947 0.213878
vn -0.691489 -0.214241 0.689887
v -0.137747 0.154141 0.229145
vn -0.55995 -0.122243 0.819459
v -0.0488169 0.205061 0.297096
vn -0.226969 -0.061184 0.971978
v 0.00623829 0.215153 0.279077
vn 0.571883 0.0217015 0.820048
v 0.126646 0.203379 0.0985762
vn 0.951483 0.279052 0.129652
v 0.11308 0.201016 0.0310951
vn 0.928883 0.142378 -0.341913
v 0.0989825 0.19647 -0.00724539
vn 0.904355 0.26006 -0.338396
v 0.0235934 0.16877 -0.0766753
vn 0.28267 -0.108796 -0.953027
v 0.197794 0.298696 0.311542
vn -0.906735 -0.356508 0.22524
v 0.189637 0.291025 0.344594
vn -0.40797 -0.866185 -0.28859
v -0.238746 0.228256 -0.092758
vn -0.489491 -0.842338 -0.225534
v -0.249315 0.240999 -0.107168
vn -0.623739 -0.701975 -0.343774
v -0.252654 0.247825 -0.111646
vn -0.715211 -0.661452 -0.225729
v 0.206099 0.298188 0.296493
vn 0.519738 -0.632247 -0.574575
v -0.100548 0.182907 0.27606
vn -0.105799 -0.0235516 0.994109
v -0.057219 0.205693 0.293487
vn -0.560097 0.320882 0.763758
v -0.0248099 0.212511 0.294696
vn 0.342992 0.0453057 0.938245
v 0.0469994 0.178313 -0.0673668
vn 0.362539 0.1398 -0.921424
v 0.190506 0.291853 0.353073
vn -0.868811 -0.356652 0.343462
v 0.202612 0.318946 0.361656
vn 0.738872 0.0114039 0.673749
v 0.225343 0.329646 0.328388
vn 0.886762 -0.00831933 0.462151
v 0.214519 0.309338 0.298735
vn 0.592345 -0.60013 -0.537561
v 0.222866 0.307148 0.307083
vn 0.464473 -0.740129 -0.486286
v 0.215093 0.298311 0.312332
vn 0.665782 -0.598628 -0.445398
v 0.196131 0.292584 0.302326
vn -0.514142 -0.633899 -0.577781
v -0.25911 0.271177 -0.105833
vn -0.874881 0.280701 0.394702
v -0.253847 0.25288 -0.10527
vn -0.947456 -0.123452 0.295104
v -0.250678 0.265909 -0.0976777
vn -0.836998 0.145241 0.527579
v -0.236639 0.227477 -0.0827848
vn -0.532617 -0.844295 0.059031
v -0.233184 0.22783 -0.0671264
vn -0.532915 -0.411848 0.739177
v -0.248863 0.253897 -0.0890075
vn -0.97412 0.0817412 0.210734
v -0.248301 0.255669 -0.0759189
vn -0.972636 0.21536 -0.0871735
v -0.245902 0.26426 -0.0873681
vn -0.832249 0.437615 0.340374
v -0.0451133 0.152344 -0.0749851
vn -0.188214 -0.37848 -0.906272
v -0.120762 0.11698 -0.0296959
vn -0.658321 -0.302515 -0.689274
v -0.170163 0.114912 0.0714227
vn -0.814211 -0.558232 -0.159489
v -0.181625 0.123634 0.107254
vn -0.81683 -0.57077 -0.0837235
v -0.0691505 0.210123 0.27904
vn -0.582295 0.365549 0.726159
v 0.0203425 0.218476 0.267919
vn 0.567535 0.408214 0.715028
v 0.0941235 0.212519 0.170779
vn 0.77602 0.463577 0.427656
v 0.107497 0.20984 0.150617
vn 0.788927 0.48155 0.38171
v 0.215129 0.326224 0.346861
vn 0.816501 -0.0546488 0.574752
v 0.234369 0.334552 0.308868
vn 0.935835 0.162812 0.312577
v 0.229923 0.326495 0.295184
vn 0.244219 0.0597635 -0.967877
v -0.230421 0.222989 -0.0712264
vn -0.283097 -0.959019 0.0117864
v -0.256151 0.251829 -0.119012
vn -0.882892 -0.457295 -0.106693
v -0.245203 0.247678 -0.1288
vn -0.465588 -0.796997 -0.384738
v -0.253348 0.256629 -0.130285
vn -0.805467 -0.195143 -0.559592
v -0.256975 0.259994 -0.121362
vn -0.965544 0.0919183 -0.243464
v -0.257916 0.266385 -0.108487
vn -0.997358 -0.0559012 -0.0463869
v -0.253469 0.273556 -0.121446
vn -0.701206 0.574133 -0.422708
v -0.228458 0.270324 -0.0534593
vn -0.153551 0.638059 0.754521
v 0.191516 0.302799 0.361572
vn -0.618931 -0.495921 0.609086
v 0.209681 0.315049 0.350176
vn 0.802969 -0.0494722 0.593965
v 0.215504 0.315377 0.295153
vn 0.373912 -0.231968 -0.897987
v 0.206597 0.304735 0.288073
vn 0.601846 -0.287362 -0.745121
v -0.0388052 0.217861 0.298495
vn -0.0126015 0.187647 0.982156
v 0.118409 0.207014 0.127173
vn 0.883073 0.356111 0.305559
v 0.127044 0.202329 0.0824414
vn 0.981328 0.156931 -0.111208
v 0.0768207 0.196737 -0.0468132
vn 0.598892 0.323955 -0.732381
v -0.00433898 0.166087 -0.0740448
vn 0.0479801 -0.0782574 -0.995778
v -0.0842402 0.144426 -0.0635039
vn -0.330221 -0.365364 -0.870323
v -0.158707 0.120123 0.0159393
vn -0.800615 -0.512021 -0.311208
v -0.180522 0.121526 0.127711
vn -0.857811 -0.513948 0.00411687
v -0.17726 0.125374 0.175737
vn -0.839678 -0.445683 0.310334
v -0.149467 0.161948 0.223996
vn -0.568098 -0.138853 0.811162
v -0.120789 0.190399 0.267661
vn -0.596939 -0.00736529 0.802253
v -0.225178 0.253233 -0.053991
vn 0.0914921 -0.669534 0.737125
v -0.228816 0.260256 -0.0504489
vn -0.261182 -0.221231 0.939596
v -0.223952 0.229471 -0.0663912
vn 0.363213 -0.21515 0.906525
v -0.238361 0.236478 -0.115213
vn -0.503121 -0.759889 -0.411629
v -0.241526 0.244035 -0.12218
vn -0.508488 -0.752503 -0.418544
v -0.25186 0.275427 -0.106972
vn -0.477865 0.812296 0.334395
v 0.19369 0.301732 0.32065
vn -0.789815 -0.473009 -0.390454
v 0.196752 0.310044 0.365255
vn 0.284595 -0.161723 0.944908
v 0.23368 0.33356 0.301112
vn 0.798559 0.342892 -0.494701
v -0.0816932 0.200097 0.275614
vn -0.149465 0.163023 0.975235
v 0.0405909 0.222037 0.249306
vn 0.638693 0.44677 0.626473
v 0.0814016 0.221684 0.200982
vn 0.814237 0.235832 0.530474
v 0.123291 0.203092 0.0639927
vn 0.957502 0.121633 -0.261525
v 0.0637539 0.188848 -0.058027
vn 0.356216 0.40249 -0.843275
v 0.0301029 0.173693 -0.0736855
vn 0.253189 0.429674 -0.866761
v 0.0132466 0.175039 -0.0789391
vn -0.0945848 0.038651 -0.994766
v -0.127952 0.183851 0.26109
vn -0.687753 -0.140934 0.712133
v -0.22767 0.245503 -0.0639256
vn -0.075156 -0.367986 0.926789
v -0.237173 0.241245 -0.0670189
vn -0.523496 -0.305915 0.795216
v -0.234828 0.232679 -0.107399
vn -0.449053 -0.835505 -0.316675
v -0.238185 0.265803 -0.0743624
vn -0.041706 0.89949 -0.434946
v -0.222177 0.273359 -0.0609882
vn -0.25785 0.965036 0.0471036
v 0.192625 0.305023 0.298929
vn -0.906217 -0.0967802 0.411587
v 0.185046 0.300518 0.340908
vn -0.931898 -0.359811 -0.0458439
v -0.0063994 0.223957 0.285582
vn 0.477841 0.253762 0.840995
v -0.1085 0.13289 -0.0447595
vn -0.493358 -0.324786 -0.806915
v -0.182132 0.124168 0.149806
vn -0.881818 -0.467021 0.065486
v -0.172283 0.130683 0.188579
vn -0.765978 -0.365196 0.529065
v -0.163986 0.140077 0.205363
vn -0.743808 -0.329286 0.581653
v -0.24086 0.253298 -0.140043
vn -0.494707 -0.471452 -0.730067
v -0.244179 0.278676 -0.113005
vn 0.300573 0.788081 -0.537201
v -0.239921 0.267805 -0.0834584
vn -0.332345 0.833619 0.441165
v -0.133996 0.122929 -0.0171907
vn -0.709204 -0.28098 -0.646591
v -0.163231 0.119474 0.0322535
vn -0.889086 -0.381716 -0.252623
v -0.177983 0.129361 0.0673033
vn -0.890989 -0.38612 -0.238852
v -0.109998 0.194353 0.274451
vn -0.350258 -0.00908373 0.936609
v 0.0887861 0.216228 0.180285
vn 0.928221 0.276338 0.249084
v 0.091785 0.203691 -0.0292118
vn 0.858817 0.0488393 -0.509949
v 0.210762 0.312145 0.290475
vn 0.693183 0.158403 -0.70314
v -0.223428 0.222242 -0.0717039
vn 0.191521 -0.809109 0.555574
v -0.225482 0.224802 -0.100437
vn -0.366263 -0.903181 -0.223866
v -0.246352 0.259682 -0.137944
vn -0.508734 0.447767 -0.735319
v -0.240061 0.275025 -0.0958537
vn -0.1952 0.845145 0.497622
v -0.0168877 0.163297 -0.0782286
vn 0.363221 -0.183472 -0.91346
v -0.0232238 0.171076 -0.0825346
vn 0.235499 -0.12404 -0.963927
v -0.0372134 0.163716 -0.0798162
vn -0.133096 -0.190652 -0.972593
v -0.114266 0.138346 -0.0420305
vn -0.651069 -0.0625267 -0.756439
v -0.126725 0.134129 -0.0275552
vn -0.674067 -0.154435 -0.722346
v -0.137844 0.177148 0.234303
vn -0.655113 -0.0890788 0.750261
v 0.0582472 0.228421 0.222354
vn 0.70301 0.362258 0.612002
v 0.105962 0.204351 0.0103957
vn 0.931107 -0.0310828 -0.36342
v 0.103483 0.204478 0.00175879
vn 0.968107 -0.194525 -0.157888
v 0.0484096 0.186116 -0.0636179
vn 0.150872 0.513541 -0.844697
v 0.227233 0.337006 0.319851
vn 0.928429 0.0853353 0.361577
v 0.217856 0.323394 0.296237
vn -0.18533 0.306618 -0.933616
v -0.247086 0.269782 -0.125926
vn 0.315158 0.829256 -0.461531
v 0.0209719 0.179839 -0.0754389
vn 0.463928 0.207294 -0.861278
v -0.182985 0.129764 0.0904377
vn -0.872344 -0.463673 -0.154997
v -0.190666 0.143285 0.15878
vn -0.916916 -0.325071 0.231501
v -0.135487 0.178928 0.239328
vn -0.957354 -0.190837 0.216921
v -0.133873 0.180512 0.252775
vn -0.911904 -0.171774 0.372725
v -0.0946492 0.202304 0.276836
vn 0.031052 -0.0522198 0.998153
v 0.11351 0.207153 0.02604
vn 0.936292 -0.0663474 -0.3449
v 0.192338 0.305096 0.293979
vn -0.829558 -0.553584 -0.0733372
v 0.198268 0.312867 0.306107
vn -0.981362 -0.0994984 -0.164402
v 0.188049 0.30467 0.327825
vn -0.902958 -0.182588 -0.389011
v 0.216996 0.342577 0.343254
vn 0.806035 0.119735 0.57963
v -0.221989 0.244494 -0.0668433
vn 0.566533 -0.496912 0.657358
v -0.224196 0.271218 -0.068138
vn -0.276503 0.813051 -0.512342
v 0.184717 0.306097 0.357128
vn -0.611955 -0.790641 0.0199345
v 0.185531 0.304801 0.349893
vn -0.843115 -0.51352 0.159544
v 0.211243 0.325904 0.297422
vn 0.453328 0.435405 -0.777764
v -0.0501711 0.2244 0.289044
vn -0.547898 0.543352 0.636063
v -0.0265018 0.22737 0.291902
vn 0.282536 0.364584 0.887272
v 0.103189 0.217139 0.154032
vn 0.763154 0.353335 0.541064
v 0.109904 0.222086 0.140614
vn 0.848656 0.0846316 0.52213
v 0.128733 0.209393 0.0941261
vn 0.999415 -0.0325843 0.0104165
v 0.101177 0.207457 -0.0143173
vn 0.916193 -0.157358 -0.368549
v 0.0369282 0.192946 -0.0601209
vn 0.274683 0.491472 -0.826441
v -0.156444 0.133341 -0.000687119
vn -0.726242 -0.313586 -0.611748
v -0.177969 0.161476 0.197479
vn -0.758907 -0.180151 0.625784
v -0.213363 0.25288 -0.0615322
vn 0.405681 -0.768782 0.494365
v -0.214416 0.26339 -0.0520505
vn 0.30989 -0.203647 0.928707
v -0.211758 0.220035 -0.0852164
vn -0.149933 -0.988563 -0.0162393
v -0.237883 0.280071 -0.109832
vn 0.349776 0.741539 -0.572518
v -0.227297 0.263349 -0.0757679
vn -0.131772 0.9798 0.150428
v -0.236247 0.264449 -0.11343
vn 0.452119 0.837218 -0.307661
v -0.234273 0.279685 -0.103017
vn -0.134773 0.962507 0.235405
v 0.00285553 0.18495 -0.0736395
vn -0.116021 0.193384 -0.974239
v -0.063755 0.16155 -0.0752756
vn -0.190849 -0.284844 -0.939383
v -0.160666 0.129731 0.00854188
vn -0.873004 -0.284434 -0.396184
v -0.201212 0.164545 0.145323
vn -0.938558 -0.332029 0.0941554
v 0.0107864 0.225368 0.270309
vn 0.62848 0.343371 0.697932
v 0.0222941 0.22792 0.257794
vn 0.625883 0.394774 0.672625
v 0.120048 0.217102 0.124575
vn 0.902272 0.0124135 0.430988
v 0.125229 0.209295 0.0632626
vn 0.971258 -0.0154906 -0.237523
v 0.178802 0.312485 0.364896
vn -0.268657 -0.570391 0.776195
v 0.199569 0.327406 0.364923
vn 0.676819 0.0202632 0.735871
v 0.231546 0.344768 0.309257
vn 0.94763 0.319249 -0.00876977
v -0.209313 0.222521 -0.0787988
vn 0.257238 -0.772891 0.580058
v -0.142635 0.142276 -0.0176805
vn -0.635094 -0.24281 -0.733279
v -0.190618 0.138961 0.116888
vn -0.891052 -0.453014 0.0283662
v -0.189772 0.163585 0.182633
vn -0.846396 -0.169592 0.50483
v -0.0822101 0.213684 0.274749
vn 0.276939 -0.0198213 0.960683
v 0.0589702 0.20264 -0.0508082
vn 0.167794 0.617646 -0.768348
v 0.196241 0.316198 0.304554
vn -0.501725 -0.766156 0.401593
v 0.224127 0.344702 0.333452
vn 0.930599 0.0221934 0.365367
v 0.204866 0.321621 0.286072
vn 0.686905 0.155507 -0.709915
v -0.215406 0.239924 -0.0730504
vn 0.543819 0.0273415 0.838757
v -0.212869 0.226747 -0.0736789
vn 0.456376 -0.214474 0.863552
v -0.238961 0.267903 -0.132413
vn -0.370731 0.889995 -0.265456
v 0.0276069 0.188856 -0.0691366
vn 0.73783 0.0220214 -0.674628
v -0.0889114 0.156504 -0.0616019
vn -0.629563 -0.0653363 -0.774197
v 0.127602 0.210772 0.103547
vn 0.954628 -0.0983069 0.281109
v 0.128123 0.210993 0.0843616
vn 0.994048 0.0275738 -0.105394
v 0.193178 0.315935 0.317282
vn -0.89408 -0.186648 -0.407165
v 0.178491 0.309182 0.362315
vn -0.342116 -0.939197 0.0294067
v 0.193594 0.317896 0.280977
vn 0.180076 -0.188747 -0.965374
v -0.208486 0.252043 -0.0771307
vn 0.407833 -0.791872 0.454545
v -0.216088 0.223645 -0.0989511
vn -0.215952 -0.972407 -0.0882574
v -0.231416 0.243707 -0.129158
vn -0.442636 -0.780166 -0.442057
v -0.22894 0.247473 -0.142163
vn -0.408794 -0.663455 -0.626669
v -0.0786761 0.160434 -0.0706192
vn -0.46316 -0.237079 -0.853977
v -0.190961 0.147052 0.0936242
vn -0.941675 -0.27903 -0.188124
v -0.192442 0.143729 0.107851
vn -0.922594 -0.377338 -0.0802299
v -0.0939222 0.214472 0.278635
vn 0.0698267 -0.078185 0.99449
v 0.0745615 0.205832 -0.0421651
vn 0.381131 0.633246 -0.673601
v 0.190265 0.313564 0.301421
vn -0.0125734 -0.915479 0.402169
v 0.182324 0.312965 0.345719
vn -0.93924 -0.277463 -0.202093
v 0.187752 0.315344 0.36811
vn -0.0578838 -0.313553 0.947805
v 0.191772 0.323115 0.368699
vn 0.115445 0.179087 0.977037
v 0.225781 0.347114 0.302444
vn 0.229645 0.268053 -0.935634
v -0.211929 0.231612 -0.135043
vn -0.302394 -0.806796 -0.507581
v -0.23209 0.260412 -0.145204
vn -0.467216 0.219764 -0.856395
v -0.214705 0.276842 -0.0727361
vn -0.67929 0.731902 0.0537155
v -0.226262 0.278135 -0.0969819
vn 0.248918 0.920607 0.300869
v -0.222008 0.268199 -0.0809543
vn -0.0988195 0.849219 0.518712
v -0.209669 0.277011 -0.0590034
vn -0.119671 0.790985 0.600018
v -0.180238 0.147806 0.0543584
vn -0.92807 -0.204584 -0.311177
v -0.19316 0.16045 0.16976
vn -0.927338 -0.246693 0.281401
v -0.14045 0.205159 0.246871
vn -0.91884 -0.0988416 0.382052
v -0.111508 0.205931 0.270877
vn -0.698893 0.359892 0.618083
v -0.0651628 0.238152 0.269867
vn -0.259081 0.422351 0.868618
v -0.040462 0.226771 0.294574
vn -0.160484 0.561658 0.811656
v 0.106017 0.216023 -0.000148463
vn 0.967957 -0.191057 -0.162964
v 0.212225 0.341559 0.350517
vn 0.515941 0.463348 0.720496
v 0.226624 0.352866 0.320306
vn 0.902921 0.310271 0.297431
v 0.212483 0.335923 0.302851
vn 0.0626444 0.0901098 -0.99396
v -0.0335456 0.184836 -0.0823737
vn -0.137287 0.0284368 -0.990123
v -0.123731 0.151745 -0.0319983
vn -0.612709 -0.0772544 -0.786523
v -0.161196 0.17499 0.217366
vn -0.626254 -0.0959797 0.773688
v -0.134231 0.198743 0.254619
vn -0.673071 0.127858 0.728442
v -0.122623 0.198341 0.264011
vn -0.623379 0.396637 0.673853
v -0.100467 0.215366 0.27742
vn -0.395957 0.131784 0.908763
v 0.086373 0.225171 0.173654
vn 0.953612 0.197577 0.227131
v 0.0898774 0.229307 0.161754
vn 0.791765 0.264675 0.550504
v 0.107375 0.215777 0.0196492
vn 0.897048 0.26394 -0.354458
v 0.0928706 0.208072 -0.0256837
vn 0.583737 0.520585 -0.623091
v 0.18704 0.31331 0.296196
vn -0.449199 -0.89222 -0.0465123
v 0.192384 0.305909 0.286505
vn -0.600037 -0.613196 -0.513756
v 0.189708 0.322187 0.320632
vn -0.773049 -0.506529 -0.381869
v 0.179833 0.312235 0.350949
vn -0.194799 -0.881317 -0.430505
v -0.210027 0.248999 -0.0777797
vn 0.170886 -0.0812389 0.981936
v -0.215384 0.222841 -0.110057
vn -0.32737 -0.921076 -0.210827
v -0.228449 0.271152 -0.125286
vn -0.38344 0.848368 0.365027
v -0.227611 0.273622 -0.136061
vn -0.532749 0.841641 -0.0884236
v -0.228745 0.276773 -0.103177
vn 0.697129 0.337811 -0.632372
v -0.217742 0.269003 -0.0785289
vn -0.726561 0.645168 -0.236364
v -0.0464355 0.174547 -0.0804062
vn -0.160988 -0.0868961 -0.983123
v -0.0844041 0.235994 0.277871
vn 0.331001 -0.0356611 0.942956
v -0.0538092 0.231596 0.279593
vn -0.452436 0.492144 0.743705
v 0.0820678 0.228757 0.196526
vn 0.867053 0.22308 0.445482
v 0.105165 0.226492 0.146105
vn 0.735635 0.170486 0.655573
v 0.117001 0.212831 0.0385001
vn 0.892308 0.293288 -0.343175
v 0.187869 0.314163 0.285898
vn -0.623073 -0.633909 -0.458191
v 0.185023 0.319685 0.328862
vn -0.893302 -0.303728 -0.331301
v 0.205925 0.332296 0.29994
vn 0.797388 0.218091 -0.56268
v -0.202828 0.258238 -0.0612746
vn 0.299407 -0.518201 0.801139
v -0.226198 0.27066 -0.143531
vn -0.572971 0.515692 -0.636998
v -0.0685169 0.169878 -0.0753913
vn -0.3031 0.0717599 -0.950253
v -0.172971 0.150186 0.0278046
vn -0.946081 -0.155547 -0.284141
v -0.170907 0.187863 0.209866
vn -0.721252 -0.116703 0.682771
v 0.0241931 0.19871 -0.0719
vn 0.171097 0.284796 -0.943195
v 0.22226 0.350626 0.334494
vn 0.666073 0.586568 0.460743
v -0.222865 0.260412 -0.102927
vn 0.623575 0.598182 -0.503322
v -0.221348 0.262348 -0.109058
vn -0.265044 0.819123 0.508714
v -0.220012 0.270881 -0.0894694
vn 0.605955 0.787841 0.110116
v -0.207196 0.280514 -0.0674628
vn -0.424584 0.800868 0.422302
v -0.1006 0.164618 -0.0544447
vn -0.633015 -0.346099 -0.692465
v -0.122943 0.208113 0.257881
vn -0.421499 0.377675 0.824439
v -0.0753408 0.231957 0.271947
vn 0.378815 0.0499546 0.924123
v 0.035848 0.233721 0.243374
vn 0.548386 0.493895 0.674789
v 0.102374 0.215744 -0.00804866
vn 0.719235 0.38008 -0.581584
v 0.182471 0.316551 0.292372
vn -0.539478 -0.755957 -0.370799
v 0.186989 0.321605 0.317345
vn 0.225101 -0.893954 0.387524
v 0.181609 0.321072 0.337817
vn -0.192668 -0.89989 -0.39125
v 0.167751 0.315377 0.347222
vn -0.2297 -0.93649 -0.264999
v 0.196942 0.333519 0.363411
vn 0.293518 0.486006 0.823192
v 0.222853 0.358232 0.306751
vn 0.523981 0.630582 -0.572547
v 0.199811 0.34046 0.285641
vn 0.866432 0.277629 -0.414992
v 0.195806 0.339943 0.281355
vn 0.429465 0.156519 -0.889416
v -0.205356 0.268994 -0.0564615
vn 0.230641 0.161713 0.959507
v -0.201915 0.25466 -0.0664298
vn 0.122435 -0.906421 0.40424
v -0.198799 0.230029 -0.0796735
vn 0.292131 -0.102482 0.950872
v -0.22026 0.240244 -0.13821
vn -0.501388 -0.677033 -0.538736
v -0.054042 0.179076 -0.0783287
vn -0.36209 0.363089 -0.85852
v -0.090248 0.169681 -0.0666825
vn -0.517651 -0.200603 -0.831743
v -0.140738 0.17211 -0.0254679
vn -0.591397 -0.181001 -0.785804
v -0.190628 0.157398 0.0766522
vn -0.927083 -0.244724 -0.283949
v -0.0135858 0.239776 0.280737
vn 0.266793 0.545981 0.794183
v 0.00699767 0.23487 0.27187
vn 0.645196 0.250119 0.721916
v -0.0037732 0.235395 0.279373
vn 0.411263 0.431197 0.803077
v 0.0647169 0.213799 -0.0371666
vn 0.267402 0.695833 -0.666568
v 0.0473812 0.207055 -0.0475763
vn 0.237463 0.589408 -0.772146
v 0.0405683 0.208991 -0.0511652
vn 0.730622 0.185736 -0.657034
v 0.166328 0.316403 0.315916
vn -0.397435 -0.917602 0.00720732
v 0.170035 0.3214 0.367111
vn -0.165127 -0.181446 0.969438
v 0.215461 0.355877 0.333855
vn 0.449668 0.715206 0.53505
v 0.219738 0.361859 0.314608
vn 0.479291 0.853417 0.20484
v 0.225867 0.357953 0.311802
vn 0.822234 0.569139 -0.00343703
v 0.207543 0.345424 0.297243
vn 0.400062 -0.0941708 -0.911637
v -0.201926 0.220043 -0.103342
vn -0.157399 -0.985892 -0.0569474
v -0.223684 0.255793 -0.149016
vn -0.246204 -0.118527 -0.961943
v -0.218097 0.266877 -0.0930263
vn 0.695617 0.510264 -0.505716
v -0.213727 0.271538 -0.0888819
vn -0.874008 0.288962 -0.390654
v -0.210684 0.284559 -0.0884594
vn -0.913635 0.381937 -0.139264
v -0.0209788 0.193065 -0.082848
vn 0.0646205 0.0879578 -0.994026
v -0.118385 0.163781 -0.0380314
vn -0.601092 -0.229412 -0.765545
v -0.167997 0.194033 0.212638
vn -0.613509 0.046916 0.788293
v -0.0990717 0.226952 0.27463
vn -0.749031 0.350543 0.562203
v 0.121636 0.221069 0.0579117
vn 0.909741 0.226881 -0.347701
v 0.00623657 0.198661 -0.0717097
vn 0.273251 0.120012 -0.954427
v -0.00419559 0.184663 -0.0743968
vn 0.345388 -0.0694401 -0.935888
v 0.169561 0.316419 0.305329
vn -0.505482 -0.774536 -0.380238
v 0.175445 0.318011 0.31978
vn 0.200305 -0.920257 0.336163
v 0.182564 0.331508 0.366225
vn 0.122025 0.22137 0.967525
v 0.214584 0.355081 0.300814
vn 0.365488 0.406587 -0.837321
v 0.184218 0.331705 0.27736
vn -0.11992 -0.134345 -0.983652
v -0.197209 0.270898 -0.0572607
vn 0.351726 0.33154 0.875426
v -0.217689 0.247514 -0.14732
vn -0.0833485 -0.550027 -0.830977
v -0.205336 0.292526 -0.0878383
vn -0.72417 0.683123 0.0944485
v -0.195529 0.282516 -0.0654287
vn -0.104352 0.751581 0.651335
v -0.0669286 0.177369 -0.0730775
vn -0.226284 0.485688 -0.844335
v -0.162224 0.173833 -0.00518839
vn -0.866138 -0.0294523 -0.498936
v -0.204001 0.172782 0.124366
vn -0.983018 -0.134943 -0.124362
v -0.202865 0.196224 0.158811
vn -0.961678 -0.0140893 0.273821
v -0.143372 0.192614 0.230033
vn -0.635471 0.0196565 0.771874
v -0.143346 0.209844 0.232919
vn -0.929609 -0.143423 0.339496
v -0.143757 0.224449 0.240177
vn -0.940731 -0.131524 0.312614
v 0.0502656 0.237545 0.226673
vn 0.699316 0.321896 0.638232
v 0.0892366 0.217426 -0.0187472
vn 0.469538 0.620258 -0.628342
v 0.0342886 0.207875 -0.0628409
vn 0.858522 -0.113866 -0.499974
v 0.181723 0.322187 0.326973
vn 0.0970396 -0.993535 0.0589138
v 0.186788 0.343959 0.359707
vn 0.287758 0.556333 0.779544
v -0.194356 0.266008 -0.0587548
vn 0.474202 -0.302699 0.826744
v -0.19711 0.24959 -0.0758516
vn 0.0296644 -0.704162 0.709419
v -0.194274 0.21837 -0.0936852
vn 0.246826 -0.967968 0.045979
v -0.206157 0.227518 -0.127637
vn -0.0326254 -0.848596 -0.528034
v -0.219852 0.279891 -0.133447
vn -0.723414 0.686159 0.0765348
v -0.155597 0.170838 -0.0125261
vn -0.69811 -0.156165 -0.698753
v -0.168603 0.168869 0.00857387
vn -0.925178 -0.0661121 -0.373732
v -0.197167 0.192622 0.172022
vn -0.915985 -0.0327284 0.399874
v -0.132588 0.215596 0.251012
vn -0.385483 0.305459 0.870688
v -0.0415414 0.240851 0.275701
vn -0.367535 0.63581 0.678722
v 0.0852834 0.236626 0.18663
vn 0.970297 0.0499507 0.236703
v 0.11233 0.222012 0.0396961
vn 0.892582 0.274574 -0.357642
v 0.16456 0.319603 0.337565
vn -0.0684983 -0.957326 -0.280774
v 0.201342 0.345309 0.293096
vn 0.794071 0.143539 -0.590633
v -0.193657 0.2239 -0.0835881
vn 0.41571 -0.544495 0.728499
v -0.203197 0.219887 -0.117212
vn -0.191348 -0.946998 -0.258033
v -0.218872 0.277511 -0.125135
vn -0.641554 0.602466 0.474809
v -0.213949 0.260781 -0.100626
vn -0.701086 0.583048 0.410528
v -0.215049 0.260986 -0.0931765
vn -0.0440883 0.771188 -0.635079
v -0.0101848 0.199531 -0.0800058
vn 0.405632 -0.0887557 -0.909717
v -0.0529892 0.192286 -0.069368
vn -0.473423 0.692292 -0.544612
v -0.200763 0.18038 0.108552
vn -0.986476 -0.0879715 -0.138299
v -0.177987 0.203363 0.202659
vn -0.787241 -0.0232596 0.616207
v -0.0890082 0.23647 0.277791
vn -0.284355 0.283403 0.915874
v -0.0206832 0.244781 0.27836
vn 0.0884578 0.65914 0.7468
v 0.0123218 0.240892 0.263626
vn 0.722864 0.180869 0.666899
v 0.0864985 0.235653 0.169697
vn 0.974759 0.000752181 0.223256
v 0.125979 0.22417 0.0742876
vn 0.968364 0.164434 -0.187704
v 0.108603 0.222029 0.0248462
vn 0.977316 -0.197534 -0.0763726
v 0.159934 0.318356 0.3616
vn -0.457718 -0.640204 0.616955
v -0.191625 0.257811 -0.0652548
vn 0.454218 -0.570185 0.684525
v -0.189036 0.242623 -0.0787299
vn 0.200196 -0.284627 0.937502
v -0.210653 0.264916 -0.0970911
vn -0.957672 0.248891 -0.144632
v -0.208097 0.282549 -0.100202
vn -0.96666 0.101761 -0.234973
v -0.115797 0.188634 -0.0532205
vn -0.660484 -0.287721 -0.693526
v -0.189752 0.179781 0.0645816
vn -0.91577 -0.0815586 -0.393336
v -0.108206 0.240277 0.248898
vn -0.520646 0.465913 0.715439
v 0.0124188 0.250976 0.259842
vn 0.488822 0.388142 0.78128
v 0.0496506 0.217894 -0.0395981
vn 0.387892 0.56768 -0.72614
v 0.181517 0.321178 0.282565
vn -0.527739 -0.519207 -0.672247
v 0.176097 0.325355 0.287381
vn -0.566914 -0.587912 -0.577034
v 0.155287 0.318011 0.351812
vn -0.409529 -0.90649 -0.102773
v 0.195005 0.356148 0.346093
vn 0.349144 0.65916 0.666038
v -0.212814 0.269175 -0.150755
vn -0.353996 0.217408 -0.909626
v -0.025461 0.19876 -0.0811085
vn -0.223926 0.330333 -0.916917
v -0.0617923 0.190505 -0.0652515
vn -0.230451 0.674844 -0.701055
v -0.180867 0.16411 0.0512811
vn -0.880647 -0.115084 -0.459584
v -0.0437488 0.244962 0.27326
vn -0.287877 0.639509 0.71285
v -0.0324503 0.242894 0.280575
vn -0.284349 0.6993 0.655839
v 0.0473552 0.246291 0.223982
vn 0.686293 0.195541 0.700547
v 0.106836 0.225951 0.00363856
vn 0.752572 0.36772 -0.546276
v 0.0805577 0.222472 -0.0184042
vn 0.36259 0.696996 -0.618648
v 0.166776 0.319751 0.329438
vn -0.0580933 -0.982289 0.178141
v -0.214368 0.284928 -0.142665
vn -0.679897 0.630674 -0.374152
v -0.20725 0.283452 -0.110368
vn -0.905109 0.422243 0.0498767
v -0.197219 0.295267 -0.0833698
vn -0.309462 0.826313 0.470575
v -0.0315251 0.202074 -0.0771865
vn -0.42174 0.593765 -0.685258
v -0.0786749 0.189381 -0.0637935
vn -0.0751213 0.558809 -0.825887
v -0.197725 0.176622 0.0874284
vn -0.966685 -0.140727 -0.213813
v -0.0688225 0.243854 0.267631
vn 0.435372 0.106941 0.893876
v 0.0646686 0.218632 -0.0339117
vn 0.349757 0.644104 -0.680294
v 0.0492058 0.229746 -0.0326247
vn 0.874925 -0.0199372 -0.483847
v -0.188939 0.222767 -0.0900348
vn 0.710806 -0.656636 0.252158
v -0.199106 0.221668 -0.117822
vn 0.388051 -0.839014 -0.381407
v -0.205745 0.283107 -0.150204
vn -0.370949 0.358209 -0.856786
v -0.207746 0.289737 -0.12021
vn -0.784229 0.510138 0.353191
v -0.141021 0.226558 0.244557
vn -0.462514 0.197797 0.864267
v -0.103823 0.23583 0.257621
vn -0.782679 0.433682 0.446468
v 0.0797155 0.23834 0.194883
vn 0.730122 0.224045 0.645543
v 0.1249 0.231424 0.115508
vn 0.89916 -0.0628571 0.433083
v 0.127472 0.232215 0.0949629
vn 0.985424 0.113038 -0.127127
v 0.0356685 0.216946 -0.0603224
vn 0.290065 0.347855 -0.891549
v 0.16811 0.33127 0.368615
vn -0.0143435 0.041398 0.99904
v 0.179606 0.341904 0.363729
vn 0.197649 0.442555 0.874689
v 0.196321 0.353399 0.292157
vn 0.433967 0.427928 -0.792812
v -0.0106382 0.219239 -0.0709975
vn -0.454234 0.750075 -0.480686
v -0.0331407 0.210058 -0.060578
vn -0.470044 0.72747 -0.499845
v -0.0473769 0.205332 -0.0543085
vn -0.283028 0.541106 -0.791896
v -0.0572672 0.203962 -0.0523147
vn -0.0163923 0.427429 -0.9039
v -0.130691 0.185771 -0.0368934
vn -0.634995 -0.26582 -0.725342
v -0.177209 0.194222 0.0369308
vn -0.94446 -0.034019 -0.326862
v -0.206203 0.19597 0.141903
vn -0.99325 0.0545275 0.102377
v -0.190128 0.208105 0.185527
vn -0.847814 0.0238911 0.529756
v -0.164059 0.219124 0.213211
vn -0.62735 0.100163 0.772269
v -0.150776 0.225631 0.223185
vn -0.715523 0.0298334 0.697952
v 0.127817 0.242115 0.106822
vn 0.997409 -0.0709831 0.0116762
v 0.0188921 0.214201 -0.0648421
vn 0.429937 0.0379052 -0.902063
v 0.17128 0.332928 0.2856
vn -0.588057 -0.230094 -0.775401
v 0.179296 0.335931 0.277844
vn -0.234195 0.37225 -0.8981
v 0.156803 0.323648 0.327567
vn -0.478308 -0.863947 -0.157537
v 0.154474 0.329679 0.363897
vn -0.425826 -0.162616 0.890072
v 0.197557 0.366987 0.331405
vn 0.405594 0.815752 0.412362
v 0.21082 0.363483 0.308236
vn 0.332216 0.835758 -0.437197
v -0.18361 0.252281 -0.0762462
vn 0.518439 -0.465027 0.717614
v -0.198041 0.298163 -0.0938353
vn -0.458093 0.883487 0.0979854
v -0.112429 0.193098 -0.0571704
vn -0.390039 0.177513 -0.903526
v -0.15393 0.187724 -0.0158639
vn -0.754745 0.0892246 -0.649922
v -0.0772515 0.247095 0.274824
vn 0.507735 -0.0087463 0.861469
v 0.0377377 0.246939 0.233399
vn 0.710006 0.200899 0.674931
v 0.110693 0.225639 0.016629
vn 0.958587 -0.284001 -0.0213421
v 0.0971487 0.223489 -0.00936556
vn 0.458606 0.620264 -0.636359
v 0.162892 0.328522 0.29551
vn -0.589593 -0.584571 -0.557366
v 0.1558 0.328899 0.305274
vn -0.715969 -0.623446 -0.314169
v 0.200703 0.361333 0.298577
vn 0.240805 0.69118 -0.681383
v 0.191373 0.345358 0.283052
vn 0.128433 0.513833 -0.848222
v -0.182851 0.272777 -0.0674094
vn 0.678318 -0.0236616 0.734387
v -0.191539 0.23953 -0.140509
vn 0.27549 -0.605058 -0.747
v -0.199178 0.296883 -0.108814
vn -0.757277 0.65134 0.0478219
v -0.186389 0.293732 -0.0760329
vn 0.128345 0.830091 0.542656
v -0.00537026 0.215892 -0.076823
vn -0.0655588 0.464869 -0.882949
v -0.0815706 0.19917 -0.0567774
vn 0.0365279 0.375951 -0.925919
v -0.17409 0.195404 0.0252677
vn -0.956523 0.0108985 -0.291452
v -0.120168 0.235961 0.246554
vn -0.217102 0.454811 0.863721
v -0.0935825 0.244568 0.271203
vn -0.729746 0.452187 0.512833
v -0.0459753 0.250484 0.26608
vn -0.164945 0.780161 0.603442
v 0.0997894 0.238377 0.149926
vn 0.729343 0.0416241 0.68288
v 0.114522 0.232179 0.0486181
vn 0.923479 0.0731194 -0.376617
v 0.109317 0.225664 0.00857715
vn 0.922231 0.132718 -0.363147
v 0.147074 0.324583 0.353433
vn -0.720749 -0.542771 0.431184
v 0.149246 0.326832 0.359029
vn -0.654517 -0.385303 0.650499
v -0.18135 0.261479 -0.0732087
vn 0.702992 -0.299558 0.645032
v -0.183163 0.235239 -0.085732
vn 0.662128 -0.402274 0.632267
v -0.202636 0.257212 -0.152008
vn 0.0835263 -0.300801 -0.950022
v -0.197964 0.276715 -0.153702
vn -0.114846 0.025271 -0.993062
v -0.202029 0.299533 -0.134613
vn -0.679986 0.733219 0.00290211
v -0.197523 0.300756 -0.115957
vn -0.667748 0.727814 0.156201
v -0.193817 0.189135 0.0755592
vn -0.913353 0.0782215 -0.399583
v -0.203025 0.227379 0.128856
vn -0.999531 -0.0295503 -0.00799026
v -0.201289 0.204552 0.111448
vn -0.998535 -0.0529315 0.0112722
v -0.191232 0.225721 0.178847
vn -0.884811 0.217342 0.412155
v -0.147507 0.227666 0.228857
vn -0.921993 -0.129292 0.364982
v -0.0751394 0.270045 0.269558
vn -0.224492 0.447378 0.865711
v -0.0299099 0.249688 0.273171
vn -0.116338 0.780642 0.614056
v -0.00699698 0.250451 0.270524
vn 0.257909 0.534927 0.804572
v 0.0725398 0.227017 -0.0192772
vn 0.432302 0.626232 -0.648805
v 0.00825697 0.216105 -0.0732785
vn 0.480996 0.0403414 -0.875794
v -0.00216711 0.209861 -0.0787127
vn 0.248418 0.114022 -0.961919
v 0.147581 0.331984 0.322653
vn -0.697318 -0.670571 -0.253142
v -0.184891 0.226681 -0.105582
vn 0.587419 -0.789097 -0.179625
v -0.204202 0.294208 -0.143165
vn -0.517854 0.659438 -0.544949
v -0.191814 0.299312 -0.0918161
vn -0.0730211 0.959685 0.271427
v -0.0306486 0.219789 -0.0532509
vn -0.269257 0.49868 -0.823905
v -0.0687603 0.205873 -0.0561677
vn 0.235443 -0.426154 -0.873476
v -0.143454 0.183802 -0.0260964
vn -0.672226 -0.0997247 -0.733598
v -0.1981 0.196011 0.0857454
vn -0.877751 0.0243011 -0.478501
v -0.202733 0.215268 0.0978633
vn -0.995089 -0.0842272 -0.0520052
v 0.0812465 0.245249 0.192517
vn 0.726408 0.0877296 0.681641
v 0.0540298 0.228314 -0.0297616
vn 0.446435 0.547826 -0.707519
v 0.162908 0.339155 0.367364
vn -0.101411 0.263586 0.959291
v 0.198221 0.370679 0.316351
vn 0.342432 0.939281 -0.0221534
v 0.184946 0.355139 0.289881
vn 0.0357536 0.588331 -0.80783
v -0.0948535 0.202345 -0.0565526
vn -0.00925881 -0.304874 -0.952348
v -0.105829 0.198062 -0.0569858
vn -0.0586669 0.339815 -0.938661
v -0.180484 0.195281 0.0465514
vn -0.923421 0.0988676 -0.370834
v -0.1782 0.224105 0.199353
vn -0.742373 0.197441 0.640233
v -0.0984998 0.248662 0.250353
vn -0.771129 0.411857 0.485524
v -0.0733334 0.259899 0.272033
vn 0.427789 -0.0163399 0.903731
v -0.0527512 0.255825 0.259207
vn 0.0114131 0.522117 0.852797
v 0.112532 0.241249 0.137041
vn 0.771474 -0.127475 0.62336
v 0.101313 0.228765 0.000781573
vn 0.429942 0.65519 -0.62119
v -0.177627 0.233073 -0.10259
vn 0.76566 -0.642782 0.0244229
v -0.191319 0.301626 -0.105318
vn -0.330565 0.932731 0.144012
v -0.135968 0.197504 -0.0332905
vn -0.713516 0.0773406 -0.696357
v -0.16954 0.21165 0.016174
vn -0.825743 0.319548 -0.464798
v -0.0599134 0.256457 0.261478
vn 0.543886 -0.0590533 0.837079
v 0.0240073 0.253589 0.250179
vn 0.690615 0.0351926 0.722366
v 0.120722 0.232529 0.062193
vn 0.955188 0.113915 -0.273204
v 0.0884284 0.232113 -0.00238474
vn 0.367699 0.695424 -0.6174
v 0.045971 0.227141 -0.0477396
vn 0.896696 -0.288086 -0.336069
v 0.142858 0.327234 0.3456
vn -0.725443 -0.676017 -0.129358
v -0.185707 0.230816 -0.119444
vn 0.539878 -0.770915 -0.337967
v -0.177623 0.243903 -0.133257
vn 0.538779 -0.664909 -0.517313
v -0.182766 0.303677 -0.108888
vn -0.0994724 0.956242 0.275148
v 0.0318011 0.229385 -0.0563753
vn 0.517168 0.0637575 -0.853506
v -0.0510977 0.217089 -0.0534921
vn 0.361578 -0.211796 -0.907967
v -0.0794566 0.212667 -0.0629837
vn 0.0114198 -0.425667 -0.904808
v -0.0677946 0.219305 -0.0642521
vn 0.324457 -0.411788 -0.851562
v -0.112088 0.204478 -0.055915
vn -0.632441 0.316234 -0.707117
v -0.201432 0.219108 0.0920957
vn -0.955351 0.0172705 -0.294967
v -0.203371 0.218977 0.13036
vn -0.993978 0.108077 0.0180825
v -0.141691 0.240416 0.24069
vn -0.205463 0.419314 0.884286
v 0.0907619 0.240703 0.160702
vn 0.840766 -0.0957293 0.532869
v 0.17504 0.343365 0.284032
vn -0.314222 0.378812 -0.870498
v 0.156559 0.337186 0.29659
vn -0.742499 -0.285601 -0.60591
v 0.191692 0.369547 0.30647
vn 0.206311 0.855521 -0.474889
v -0.172624 0.25489 -0.0869817
vn 0.754641 -0.373156 0.539696
v -0.176296 0.238628 -0.093608
vn 0.808028 -0.471665 0.35302
v -0.195126 0.303702 -0.136164
vn -0.396704 0.879777 -0.26195
v -0.191976 0.30508 -0.125654
vn -0.34353 0.931205 0.121834
v -0.00680497 0.231785 -0.0533157
vn -0.435306 0.737669 -0.516094
v -0.0348283 0.231522 -0.0484542
vn 0.104517 0.234283 -0.966534
v -0.160019 0.207531 -0.00156095
vn -0.759894 0.303509 -0.574843
v -0.158695 0.242361 0.212178
vn -0.729403 0.142088 0.669165
v -0.150661 0.244888 0.233084
vn -0.897207 -0.0715172 0.435781
v -0.0859673 0.256728 0.268646
vn -0.765791 0.449984 0.459432
v 0.0679483 0.231719 -0.0191812
vn 0.443031 0.63996 -0.627834
v 0.0433185 0.228806 -0.0512841
vn 0.532748 0.231496 -0.813996
v -0.173651 0.240983 -0.121216
vn 0.647574 -0.709576 -0.277759
v -0.196628 0.294381 -0.147997
vn -0.321332 0.548997 -0.771588
v -0.10885 0.254086 0.236957
vn -0.437065 0.510902 0.740239
v 0.114048 0.241089 0.0269735
vn 0.974541 -0.144665 -0.171293
v 0.1469 0.338729 0.312819
vn -0.792755 -0.430748 -0.431273
v 0.162538 0.350774 0.361499
vn 0.133895 0.446879 0.884517
v 0.163111 0.366084 0.351854
vn 0.334825 0.625593 0.704646
v -0.165016 0.266615 -0.0901611
vn 0.774149 -0.217358 0.594516
v -0.174223 0.293166 -0.081353
vn 0.468459 0.616298 0.633027
v -0.101733 0.209968 -0.0589985
vn -0.239557 0.0531875 -0.969424
v -0.00681904 0.261799 0.260185
vn -0.122276 0.837371 0.532783
v -0.0136238 0.255136 0.269158
vn 0.0569776 0.671886 0.738459
v 0.0842143 0.242779 0.184575
vn 0.959017 -0.186707 0.213138
v 0.159333 0.346245 0.292833
vn -0.589996 0.0365236 -0.80658
v 0.145941 0.336801 0.358445
vn -0.60021 -0.234141 0.764805
v 0.15297 0.343118 0.362838
vn -0.333264 0.0473879 0.941642
v -0.162351 0.272826 -0.146116
vn 0.449452 -0.562989 -0.693568
v -0.190363 0.30197 -0.143506
vn -0.337338 0.764754 -0.548958
v -0.176505 0.302783 -0.103919
vn 0.0773768 0.869607 0.487644
v -0.0748221 0.220339 -0.0641102
vn -0.252175 0.202737 -0.946206
v -0.138685 0.203748 -0.0270457
vn -0.691437 0.368427 -0.621431
v -0.120674 0.254832 0.233967
vn -0.099984 0.570605 0.815116
v 0.112411 0.233639 0.0425668
vn 0.962085 -0.252352 -0.103497
v 0.0494599 0.233007 -0.0335531
vn 0.861428 -0.500975 -0.0834624
v 0.0172209 0.232515 -0.065158
vn 0.163543 0.438435 -0.883758
v 0.00612589 0.230702 -0.0664314
vn -0.156135 0.671095 -0.724744
v -0.0137277 0.231908 -0.0498401
vn -0.11304 0.531339 -0.839583
v 0.155055 0.358511 0.298271
vn -0.364801 0.342134 -0.865947
v -0.168056 0.279415 -0.0824574
vn 0.751783 0.0423865 0.658046
v -0.167947 0.250451 -0.0995509
vn 0.798722 -0.476506 0.367403
v -0.177555 0.280777 -0.15377
vn 0.0396726 -0.189931 -0.980996
v -0.177362 0.213832 0.0414586
vn -0.94105 0.117665 -0.317143
v -0.188972 0.224269 0.0737845
vn -0.84086 0.127882 -0.525929
v -0.100955 0.260822 0.243423
vn -0.853836 0.183858 0.48699
v -0.087401 0.261306 0.263705
vn -0.815909 0.14426 0.559894
v 0.0889904 0.246578 0.0135255
vn 0.436038 0.629815 -0.642809
v 0.0627768 0.239501 -0.0134414
vn 0.599561 0.450717 -0.661347
v -0.0637749 0.227485 -0.0651924
vn 0.427217 -0.205761 -0.880425
v 0.17862 0.372681 0.336867
vn 0.341416 0.744071 0.574277
v 0.180246 0.37625 0.327649
vn 0.374598 0.905015 0.201553
v 0.171869 0.36601 0.297326
vn -0.0348001 0.660993 -0.749585
v -0.166799 0.248055 -0.10752
vn 0.807505 -0.578087 0.117266
v -0.173977 0.270471 -0.150222
vn 0.248018 -0.411584 -0.876975
v -0.180069 0.290729 -0.153886
vn -0.324049 0.288593 -0.900947
v -0.180834 0.308551 -0.128486
vn -0.364161 0.926952 0.0902601
v -0.0815584 0.225015 -0.0587121
vn -0.426526 0.47757 -0.768116
v -0.0732691 0.226345 -0.062831
vn -0.537772 0.138904 -0.831569
v -0.101881 0.21512 -0.0567183
vn -0.427231 0.535929 -0.728185
v -0.113173 0.218919 -0.0456982
vn -0.485854 0.554944 -0.675266
v -0.19768 0.226082 0.153266
vn -0.96236 0.138959 0.233565
v -0.191509 0.241984 0.164428
vn -0.927973 0.253458 0.273176
v -0.14738 0.253249 0.233135
vn -0.165077 0.549979 0.818702
v -0.0441131 0.265331 0.25428
vn 0.488631 -0.06098 0.870357
v -0.0134192 0.265499 0.250276
vn -0.0914466 0.80838 0.581515
v 0.000915638 0.256449 0.264642
vn 0.246648 0.554298 0.794933
v 0.0102066 0.25649 0.260276
vn 0.498772 0.319237 0.8058
v 0.123468 0.244634 0.0880742
vn 0.9853 0.0668305 -0.15722
v 0.102332 0.23944 0.012094
vn 0.332681 0.637645 -0.694789
v 0.0508868 0.241294 -0.0434377
vn 0.656604 -0.146579 -0.739855
v 0.0232947 0.25274 -0.0488161
vn -0.357412 0.7369 -0.57379
v -0.0157576 0.245717 -0.0417113
vn 0.0249422 0.466297 -0.884277
v 0.147676 0.349469 0.304341
vn -0.713522 -0.219386 -0.665399
v 0.130833 0.349354 0.350863
vn -0.720279 -0.541181 0.43396
v 0.153971 0.35184 0.362825
vn -0.097275 0.209948 0.972862
v -0.167721 0.247103 -0.120705
vn 0.738324 -0.667743 -0.0948489
v -0.179914 0.308001 -0.139293
vn -0.477958 0.845541 -0.237941
v -0.0433031 0.230341 -0.0518642
vn 0.510161 -0.138502 -0.848854
v -0.185369 0.220987 0.0655578
vn -0.898896 0.189331 -0.395146
v -0.0833432 0.26778 0.265426
vn -0.613668 0.369915 0.697549
v -0.0385706 0.262496 0.254223
vn 0.0576973 0.654941 0.753474
v 0.0881346 0.245331 0.168562
vn 0.890525 -0.37802 0.253113
v 0.0982178 0.246627 0.152026
vn 0.727064 -0.170674 0.665018
v 0.0532784 0.237815 -0.0390283
vn 0.839949 -0.518036 -0.161628
v 0.1388 0.346688 0.317018
vn -0.663444 -0.571992 -0.482356
v 0.184095 0.374699 0.320067
vn 0.313315 0.933715 -0.173232
v 0.180114 0.37314 0.310649
vn 0.221612 0.889988 -0.398509
v -0.122001 0.224942 -0.0320294
vn -0.640112 0.476198 -0.602903
v -0.136129 0.218952 -0.0184075
vn -0.672531 0.4238 -0.606709
v -0.1988 0.231013 0.0880469
vn -0.816321 0.170109 -0.551981
v -0.179919 0.23921 0.187601
vn -0.768186 0.393263 0.505208
v -0.160846 0.251477 0.206589
vn -0.796559 0.307422 0.520563
v -0.0949721 0.268346 0.253348
vn -0.744692 0.227707 0.627362
v 0.135904 0.343266 0.328413
vn -0.710078 -0.653484 -0.262199
v 0.132809 0.344891 0.337885
vn -0.722201 -0.690966 -0.0314721
v 0.138157 0.350921 0.357795
vn -0.399774 -0.232016 0.886763
v -0.15404 0.266155 -0.10698
vn 0.752771 -0.454909 0.475808
v -0.179642 0.302036 -0.148
vn -0.435217 0.579502 -0.689031
v 0.124801 0.240876 0.119786
vn 0.742659 -0.364738 0.561627
v 0.126981 0.240129 0.113905
vn 0.90202 -0.380941 0.203085
v -0.0388888 0.241729 -0.0501748
vn 0.530592 -0.236739 -0.813896
v -0.171734 0.310586 -0.116028
vn -0.409977 0.841366 0.352169
v -0.161632 0.294553 -0.0984531
vn 0.297759 0.670066 0.679964
v -0.172839 0.223473 0.0354946
vn -0.870204 0.351013 -0.345737
v -0.205681 0.241508 0.115418
vn -0.991203 0.131447 0.0154605
v -0.156336 0.255866 0.214898
vn -0.942133 -0.0765413 0.326383
v -0.127135 0.272966 0.21865
vn -0.153159 0.643749 0.749753
v 0.0376341 0.255062 0.235752
vn 0.729652 -0.105961 0.675559
v 0.108556 0.24273 0.0190038
vn 0.695687 0.403727 -0.594158
v 0.155709 0.361867 0.357792
vn 0.279834 0.444171 0.85112
v 0.172036 0.372812 0.306969
vn 0.177727 0.784492 -0.594126
v -0.155702 0.263891 -0.132145
vn 0.597102 -0.646568 -0.474783
v -0.097772 0.244182 -0.040191
vn -0.665035 0.180867 -0.724579
v -0.0999545 0.234008 -0.0419132
vn -0.52316 0.478903 -0.704951
v -0.20203 0.23761 0.133963
vn -0.957675 0.127111 0.258264
v -0.156595 0.264219 0.221192
vn -0.789652 0.276126 0.547909
v -0.0993113 0.27313 0.2451
vn -0.943802 0.103324 0.313945
v -0.0643924 0.234238 -0.0666743
vn 0.187072 -0.00337865 -0.98234
v -0.048018 0.243559 -0.0591692
vn 0.517768 -0.302064 -0.800421
v 0.136789 0.354466 0.312987
vn -0.501178 -0.492902 -0.711244
v 0.15042 0.356115 0.360285
vn -0.0693105 0.111365 0.99136
v -0.159091 0.286611 -0.0954451
vn 0.735618 0.0825021 0.672353
v -0.167095 0.305933 -0.106672
vn -0.164373 0.661385 0.731814
v -0.139364 0.229471 -0.00876413
vn -0.678707 0.430142 -0.59526
v -0.202821 0.246291 0.103467
vn -0.881482 0.221647 -0.416967
v -0.14886 0.263095 0.224972
vn -0.130895 0.656708 0.742699
v 0.0216767 0.264178 0.249418
vn 0.541033 0.138563 0.829508
v 0.0953005 0.249815 0.157769
vn 0.760992 -0.344181 0.549937
v 0.0395312 0.243707 -0.0532837
vn 0.505274 0.0078465 -0.862923
v -0.0144212 0.25345 -0.0394365
vn 0.392235 -0.0970254 -0.914734
v 0.162881 0.379787 0.335571
vn 0.401033 0.757563 0.515044
v 0.164994 0.370146 0.303871
vn -0.0921001 0.571713 -0.815268
v -0.152714 0.273491 -0.104704
vn 0.678808 -0.276803 0.680147
v -0.170958 0.313753 -0.125332
vn -0.65727 0.721502 0.217788
v -0.160145 0.316936 -0.113402
vn -0.447694 0.545297 0.708676
v -0.155868 0.26056 -0.112993
vn 0.747788 -0.651303 0.128907
v -0.0726128 0.235567 -0.0638435
vn -0.606409 -0.164136 -0.778028
v -0.118958 0.238283 -0.0231705
vn -0.632225 0.42299 -0.649131
v -0.186038 0.242673 0.079388
vn -0.81669 0.216905 -0.534762
v -0.183313 0.252141 0.17151
vn -0.770953 0.464459 0.435787
v -0.103527 0.28586 0.220441
vn -0.874913 0.276327 0.397707
v -0.0498517 0.280711 0.259736
vn 0.268223 0.306903 0.913163
v 0.0172791 0.272055 0.247697
vn 0.151234 0.627578 0.763724
v 0.0605988 0.257975 0.211346
vn 0.702112 -0.129488 0.700194
v 0.0299407 0.245774 -0.0554638
vn 0.106074 0.483327 -0.86899
v 0.00776098 0.249614 -0.039688
vn -0.262985 0.678678 -0.685736
v -0.0429671 0.260256 -0.058594
vn 0.235558 0.0549665 -0.970305
v 0.12479 0.352513 0.323857
vn -0.474212 -0.827455 -0.300735
v -0.173768 0.288334 -0.155842
vn -0.100868 -0.231438 -0.967606
v 0.14314 0.361145 0.305096
vn -0.484224 -0.0874743 -0.870561
v 0.144402 0.357871 0.361479
vn -0.0620963 0.14883 0.986911
v 0.161112 0.383544 0.318579
vn 0.374053 0.892768 -0.251098
v -0.0971993 0.250763 -0.0419747
vn -0.778351 -0.25592 -0.573302
v -0.165924 0.239227 0.0379324
vn -0.769669 0.438991 -0.46357
v -0.176063 0.234542 0.057623
vn -0.848798 0.349269 -0.39693
v -0.168964 0.257885 0.186377
vn -0.799943 0.395951 0.450904
v -0.0904056 0.285413 0.249124
vn -0.450095 0.527673 0.720399
v 0.0905453 0.251723 0.179377
vn 0.861303 -0.439861 0.25432
v 0.0656472 0.251148 -0.00681708
vn 0.850271 -0.155292 -0.502914
v 0.0639904 0.252556 -0.0143095
vn 0.844285 -0.521615 -0.122885
v -0.170285 0.31614 -0.137008
vn -0.777956 0.628294 -0.00564328
v -0.157291 0.309158 -0.107704
vn -0.0456594 0.49204 0.869374
v -0.200049 0.244486 0.133968
vn -0.881064 0.402937 0.247725
v -0.160018 0.263316 0.204556
vn -0.860134 0.351786 0.369346
v -0.158229 0.268207 0.209554
vn -0.9958 -0.0848367 -0.0344298
v -0.0691413 0.275329 0.265783
vn -0.109496 0.679463 0.725494
v -0.0159968 0.275714 0.24089
vn 0.241036 0.390451 0.88851
v 0.00684645 0.278176 0.235891
vn -0.0737178 0.777496 0.624552
v 0.0877246 0.253977 0.186519
vn 0.732768 -0.124608 0.668972
v 0.118468 0.248933 0.0551169
vn 0.941 -0.287135 -0.179088
v 0.122633 0.35134 0.345427
vn -0.441181 -0.883471 0.157603
v -0.064545 0.25169 -0.0645467
vn 0.131077 0.192274 -0.972548
v -0.0732347 0.251493 -0.0644663
vn -0.182352 0.100789 -0.978054
v -0.0896458 0.251608 -0.0528948
vn -0.736424 -0.324539 -0.593595
v -0.175506 0.242837 0.0619741
vn -0.878798 0.0468109 -0.474893
v -0.188676 0.252707 0.157444
vn -0.726796 0.659305 0.192575
v -0.107906 0.281704 0.219697
vn -0.380956 0.623487 0.682742
v -0.0302777 0.288014 0.250024
vn 0.528057 -0.183098 0.829235
v 0.0379615 0.263719 0.236861
vn 0.681142 -0.138839 0.718867
v 0.117564 0.247579 0.038279
vn 0.912518 -0.402201 -0.074465
v 0.147795 0.371106 0.305576
vn -0.0448575 0.139648 -0.989185
v -0.151203 0.282615 -0.102715
vn 0.502762 -0.170743 0.847394
v -0.152317 0.294438 -0.157666
vn 0.187772 -0.413634 -0.890869
v -0.169348 0.313597 -0.146224
vn -0.690127 0.599279 -0.405698
v -0.0178903 0.258746 -0.0445068
vn 0.525825 -0.514265 -0.677525
v -0.199339 0.249475 0.123984
vn -0.684241 0.706545 0.180576
v -0.196879 0.259353 0.100244
vn -0.825045 0.561397 -0.0642976
v -0.172309 0.262529 0.174343
vn -0.744516 0.607693 0.276413
v -0.152054 0.2782 0.210249
vn -0.108507 0.742296 0.661228
v 0.0537621 0.251985 -0.0451501
vn 0.606948 -0.156794 -0.779121
v 0.142707 0.382314 0.350732
vn 0.414807 0.689226 0.594055
v 0.156142 0.379073 0.309277
vn 0.230886 0.594022 -0.770604
v -0.158106 0.329514 -0.123762
vn -0.745733 0.566961 0.349911
v -0.151018 0.29653 -0.102123
vn 0.241189 0.245345 0.938953
v 0.132507 0.366675 0.308182
vn -0.203652 -0.344109 -0.916578
v 0.123638 0.357879 0.353823
vn -0.354677 -0.569872 0.741249
v 0.146716 0.370597 0.356461
vn 0.18629 0.308601 0.932771
v 0.122306 0.243054 0.0712832
vn 0.979879 -0.114362 -0.163582
v 0.0914864 0.257442 0.023672
vn 0.511644 0.462085 -0.724361
v -0.128567 0.249146 -0.00759369
vn -0.720147 0.401321 -0.565977
v -0.165385 0.247686 0.0435806
vn -0.844047 0.126629 -0.521104
v -0.166953 0.265991 0.186651
vn -0.813679 0.486407 0.318333
v -0.101538 0.289897 0.231027
vn -0.973085 0.0971093 0.208989
v -0.0992325 0.293421 0.236486
vn -0.763016 0.33647 0.551901
v -0.0173183 0.28433 0.239889
vn 0.483527 -0.137329 0.86449
v -0.163876 0.31381 -0.152915
vn -0.599351 0.41145 -0.686649
v 0.122162 0.361375 0.314347
vn -0.280593 -0.634296 -0.720372
v 0.130673 0.360095 0.357634
vn -0.171979 -0.158289 0.9723
v -0.0301161 0.258418 -0.0549961
vn 0.396716 -0.28326 -0.873144
v -0.0851478 0.262832 -0.0598165
vn -0.435686 -0.00970224 -0.900046
v -0.116136 0.253922 -0.0184534
vn -0.751012 0.0584655 -0.657695
v -0.152261 0.248572 0.0257176
vn -0.799085 0.117581 -0.589608
v -0.185697 0.251091 0.0770203
vn -0.862497 -0.285104 -0.418108
v -0.184177 0.260379 0.128415
vn -0.652557 0.748137 0.120253
v -0.175089 0.265154 0.158666
vn -0.715977 0.684674 0.136379
v -0.157646 0.280752 0.205543
vn -0.258307 0.738477 0.62284
v -0.159805 0.278373 0.203513
vn -0.996781 -0.0800758 0.00383129
v 0.0973579 0.257827 0.162297
vn 0.797609 -0.532998 0.28237
v 0.117737 0.251456 0.0344785
vn 0.846977 0.0832459 -0.525072
v 0.0659569 0.258783 -0.0353484
vn 0.737153 -0.373187 -0.563327
v -0.14666 0.314828 -0.108717
vn -0.100069 0.342341 0.934232
v -0.141392 0.293872 -0.105039
vn 0.388337 -0.0604682 0.919532
v -0.142649 0.302257 -0.105153
vn 0.195424 0.167421 0.966323
v -0.129927 0.289774 -0.116369
vn 0.71114 -0.536898 0.453895
v 0.0381416 0.259608 -0.0468887
vn -0.122602 0.625725 -0.770349
v -0.16829 0.252601 0.0450138
vn -0.755586 -0.43792 -0.487151
v -0.192747 0.26147 0.091129
vn -0.953668 0.090973 -0.286776
v -0.183102 0.265113 0.111718
vn -0.575344 0.788823 0.216188
v 0.107328 0.357247 0.340588
vn -0.371366 -0.92319 -0.0990301
v 0.157132 0.385313 0.330079
vn 0.432808 0.859271 0.272637
v -0.161312 0.300904 -0.160277
vn -0.125821 -0.0946359 -0.987529
v -0.162423 0.3283 -0.139349
vn -0.882195 0.465384 0.0717668
v 0.0297983 0.269798 -0.029563
vn -0.326379 0.692174 -0.643717
v 0.0149335 0.264502 -0.0294047
vn 0.0500848 0.418357 -0.906901
v -0.182216 0.262627 0.0569612
vn -0.837474 -0.380467 -0.392278
v -0.126716 0.281778 0.208181
vn -0.159847 0.774251 0.61236
v -0.0846865 0.295193 0.242596
vn -0.0992335 0.689532 0.717425
v 0.0860826 0.263087 0.020616
vn 0.771535 0.041639 -0.634823
v -0.155104 0.270053 0.198684
vn -0.945381 0.30584 0.112766
v -0.156414 0.277913 0.195179
vn -0.985714 -0.168414 -0.00220408
v 0.11211 0.359996 0.321294
vn -0.335969 -0.822896 -0.458221
v 0.108227 0.359241 0.34766
vn -0.371913 -0.77382 0.512721
v -0.162468 0.324953 -0.14698
vn -0.852016 0.408308 -0.327647
v -0.132213 0.29411 -0.110158
vn 0.557412 -0.281789 0.780952
v -0.132291 0.285724 -0.128442
vn 0.689528 -0.701564 -0.179887
v -0.158967 0.274295 0.186858
vn -0.782514 0.554151 0.283881
v -0.117931 0.288251 0.203099
vn -0.285258 0.729571 0.621574
v -0.0418144 0.292723 0.251579
vn -0.0276076 0.682266 0.730583
v 0.0737238 0.260736 0.199906
vn 0.654899 -0.146878 0.741305
v 0.115307 0.252371 0.138177
vn 0.674773 -0.37108 0.63795
v 0.126716 0.249064 0.100963
vn 0.963122 -0.0347873 -0.266807
v -0.095482 0.26787 -0.0534585
vn -0.688969 -0.242244 -0.68311
v -0.147545 0.253093 0.0197043
vn -0.673464 -0.352593 -0.649711
v -0.154958 0.256556 0.0242399
vn -0.61597 -0.532795 -0.580268
v -0.175551 0.268084 0.134505
vn -0.781425 0.614013 0.111187
v -0.166109 0.275115 0.164997
vn -0.794823 0.57416 0.19646
v -0.137826 0.340308 -0.116459
vn -0.19013 0.325174 0.926344
v -0.160319 0.290245 0.189172
vn -0.944454 0.158753 0.287757
v -0.135899 0.295693 0.189621
vn -0.104325 0.760545 0.640849
v 0.0479274 0.254722 -0.0482672
vn 0.279578 0.281953 -0.91779
v -0.0721843 0.26938 -0.0606854
vn 0.0932244 0.302963 -0.948432
v -0.1073 0.269462 -0.0393409
vn -0.758439 -0.400381 -0.514262
v -0.116966 0.263998 -0.0183205
vn -0.775908 -0.284407 -0.563097
v -0.182731 0.266459 0.0572353
vn -0.915952 0.263458 -0.302692
v -0.169967 0.26714 0.0309181
vn -0.733843 -0.461212 -0.498756
v -0.186311 0.269987 0.0899192
vn -0.546274 0.813054 0.201317
v -0.176592 0.270422 0.10816
vn -0.770559 0.629824 0.0977784
v 0.136266 0.369563 0.360937
vn 0.00133287 -0.0248552 0.99969
v -0.144659 0.339779 -0.118975
vn -0.533299 0.461433 0.708993
v -0.162195 0.28172 0.161279
vn -0.936777 0.297681 0.183943
v -0.112397 0.293339 0.201582
vn -0.557097 0.542304 0.628927
v 0.0211695 0.279677 0.23897
vn -0.131353 0.787657 0.601949
v 0.125413 0.252724 0.0761782
vn 0.94511 -0.301091 -0.126932
v 0.0659181 0.255866 -0.0289394
vn 0.77194 -0.633556 -0.0521108
v 0.00132273 0.264014 -0.0357069
vn 0.499368 -0.452939 -0.738565
v -0.00788473 0.270348 -0.0481531
vn 0.50035 -0.495923 -0.709725
v -0.0497757 0.269782 -0.0577292
vn 0.0952356 0.280123 -0.955228
v -0.12948 0.25818 -0.00309447
vn -0.752212 -0.055429 -0.656586
v -0.165933 0.274705 0.0200693
vn -0.892756 0.0396735 -0.448789
v -0.18553 0.273573 0.0827378
vn -0.700456 0.705735 -0.106298
v -0.152104 0.340132 -0.126837
vn -0.763797 0.456786 0.456028
v -0.129257 0.33036 -0.112923
vn 0.109442 0.192645 0.975146
v -0.147609 0.289728 -0.153095
vn 0.477271 -0.609932 -0.632609
v -0.0856485 0.280104 -0.0577538
vn -0.135734 0.201424 -0.970054
v -0.122371 0.270307 -0.0170151
vn -0.626118 -0.50258 -0.596146
v -0.142087 0.278176 -0.00682775
vn -0.563804 -0.52976 -0.633624
v -0.157868 0.272153 0.0116583
vn -0.621451 -0.490155 -0.611185
v -0.17409 0.272637 0.0430955
vn -0.654781 0.742877 -0.139264
v -0.184087 0.269889 0.071422
vn -0.612182 0.766362 -0.194737
v -0.170779 0.275599 0.139285
vn -0.874594 0.455549 0.166015
v -0.163067 0.296137 0.176311
vn -0.978634 -0.205044 -0.0152388
v -0.157712 0.304842 0.176433
vn -0.184751 0.677675 0.711775
v 0.0482499 0.275005 0.23141
vn 0.645268 -0.226719 0.729539
v 0.0840509 0.37977 0.31126
vn -0.228367 -0.60532 -0.76252
v 0.117427 0.366814 0.356406
vn -0.197607 -0.268674 0.942744
v -0.156537 0.310323 -0.159728
vn -0.489108 0.133572 -0.861935
v -0.158958 0.325863 -0.152495
vn -0.742216 0.248154 -0.622523
v -0.135771 0.287337 -0.138545
vn 0.584705 -0.68424 -0.435816
v -0.157319 0.283804 0.00454768
vn -0.86909 0.0630726 -0.490616
v -0.164399 0.278455 0.0216077
vn -0.70117 0.711111 -0.0517913
v -0.176978 0.274164 0.0694715
vn -0.483647 0.867274 -0.117986
v -0.173941 0.276814 0.0909644
vn -0.860722 0.506258 0.0534831
v -0.172746 0.277101 0.116117
vn -0.954393 0.287757 0.0795667
v -0.163782 0.302471 0.176645
vn -0.725501 0.438797 0.530195
v -0.102024 0.315004 0.213704
vn -0.934739 0.258144 0.244183
v -0.0911465 0.300871 0.237072
vn -0.340154 0.540927 0.769216
v 0.116642 0.261429 0.0388682
vn 0.458402 0.554696 -0.694392
v 0.0894843 0.364328 0.339902
vn -0.413054 -0.886011 0.210646
v -0.148046 0.354958 -0.152631
vn -0.865159 0.362015 -0.347052
v 0.107245 0.383618 0.306126
vn -0.0602406 -0.179569 -0.981899
v 0.103745 0.375774 0.309456
vn -0.160389 -0.437056 -0.885018
v 0.0884546 0.366946 0.326223
vn -0.370344 -0.886019 -0.278955
v 0.0904398 0.370445 0.349876
vn -0.318437 -0.604708 0.730018
v 0.136127 0.374379 0.357982
vn 0.0879029 0.261995 0.961058
v 0.143417 0.390232 0.313456
vn 0.41205 0.804963 -0.426906
v -0.103769 0.28515 -0.0496694
vn -0.557353 0.0154062 -0.830133
v -0.159029 0.284092 0.179362
vn -0.990261 -0.122681 0.0658154
v -0.162995 0.313162 0.166543
vn -0.874019 0.349987 0.337044
v -0.129121 0.30444 0.182025
vn -0.321039 0.603327 0.730021
v 0.101879 0.256137 0.152909
vn 0.608734 -0.505867 0.61118
v 0.0120753 0.26764 -0.0288163
vn 0.505678 -0.38182 -0.77363
v -0.138397 0.362778 -0.12746
vn -0.595084 0.433969 0.676421
v 0.140212 0.394359 0.325467
vn 0.463687 0.885791 0.0192192
v 0.136572 0.387918 0.3078
vn 0.201884 0.395603 -0.895958
v -0.125357 0.283394 -0.0261456
vn -0.669508 -0.428502 -0.606749
v -0.145487 0.289129 -0.0110139
vn -0.671302 -0.293922 -0.680414
v -0.165346 0.278799 0.0450243
vn -0.680111 0.723359 -0.119169
v -0.173346 0.276945 0.0832286
vn -0.59726 0.800431 -0.05089
v -0.170399 0.282976 0.125915
vn -0.950522 0.253863 0.179056
v -0.164213 0.287013 0.140893
vn -0.948589 0.254459 0.188229
v -0.162933 0.302881 0.160735
vn -0.989941 -0.140869 -0.0131605
v 0.0315502 0.27697 0.242202
vn 0.394012 0.25859 0.881978
v 0.0224902 0.272802 -0.026208
vn 0.38908 -0.122229 -0.913059
v 0.00530087 0.274188 -0.0404814
vn 0.576697 -0.450264 -0.681676
v -0.0158851 0.279086 -0.0531237
vn 0.139123 0.128738 -0.981871
v -0.0969794 0.290943 -0.0530548
vn -0.329725 0.185045 -0.925764
v -0.153044 0.291903 0.00363856
vn -0.778359 0.621273 0.0904267
v -0.157012 0.283509 0.0284266
vn -0.777354 0.619661 -0.108357
v -0.169133 0.28337 0.0741097
vn -0.963937 0.131831 -0.231184
v -0.172717 0.29068 0.0957393
vn -0.99247 0.121943 0.0115534
v -0.16273 0.296202 0.150303
vn -0.995702 -0.0206997 0.0902754
v 0.000456568 0.288908 0.232211
vn 0.421931 -0.0503136 0.905231
v -0.145716 0.358248 -0.132822
vn -0.845435 0.467306 0.258583
v 0.0566912 0.268043 -0.0409438
vn 0.161723 0.43626 -0.885168
v -0.159012 0.286315 0.0405034
vn -0.918619 0.242311 -0.312128
v -0.0983119 0.312547 0.223805
vn -0.646449 0.45141 0.615088
v -0.0109213 0.297355 0.241782
vn 0.393736 0.0130191 0.919132
v 0.125549 0.254709 0.0943971
vn 0.935488 -0.324772 -0.139229
v 0.0750627 0.267411 -0.00805522
vn 0.714185 -0.699091 0.034802
v 0.115479 0.379032 0.358279
vn 0.0075219 0.0176024 0.999817
v 0.130594 0.379606 0.357197
vn 0.176775 0.492732 0.852036
v -0.0555398 0.28629 -0.0518806
vn 0.117398 0.384179 -0.915764
v -0.0357524 0.282738 -0.0526166
vn 0.0118183 0.408593 -0.91264
v -0.117692 0.295218 -0.0386222
vn -0.678486 -0.0122401 -0.734511
v -0.168874 0.3006 0.115684
vn -0.982211 0.124288 0.140761
v -0.167021 0.292805 0.124422
vn -0.934031 0.212396 0.287184
v -0.134668 0.31262 0.17481
vn -0.186695 0.52679 0.829239
v -0.108688 0.308928 0.193968
vn -0.768498 0.386419 0.509991
v -0.1052 0.310659 0.200157
vn -0.947469 0.220665 0.231538
v 0.0722605 0.273023 0.203954
vn 0.679606 -0.305181 0.667083
v 0.0905965 0.261762 0.185595
vn 0.655043 -0.272124 0.704888
v 0.1252 0.258389 0.0494762
vn 0.868636 -0.479942 -0.122991
v 0.101318 0.264752 0.0338318
vn 0.401609 0.488699 -0.774522
v 0.0757156 0.264875 0.00105972
vn 0.82044 -0.466483 -0.330563
v 0.0705491 0.272038 -0.0348413
vn 0.458873 0.120066 -0.880352
v -0.143163 0.367327 -0.149956
vn -0.88727 0.460915 -0.0175774
v -0.109383 0.328579 -0.117399
vn 0.346357 -0.00310287 0.938098
v -0.122959 0.294266 -0.124014
vn 0.724801 -0.686094 0.0627572
v -0.146448 0.305236 -0.160238
vn 0.128137 -0.359048 -0.924481
v 0.126714 0.388623 0.351698
vn 0.379212 0.593323 0.710046
v 0.119795 0.387401 0.30553
vn 0.0877468 0.17873 -0.979978
v -0.131562 0.295218 -0.0251996
vn -0.693546 -0.210341 -0.689021
v -0.147731 0.295259 0.0151181
vn -0.805225 0.589975 0.059521
v -0.151078 0.322581 0.165557
vn -0.256827 0.543004 0.799492
v -0.0245375 0.310807 0.233125
vn -0.045666 0.664236 0.746127
v 0.0153768 0.285257 0.229584
vn 0.0218301 0.563759 0.825651
v 0.0406613 0.287341 0.232387
vn 0.0454938 0.631671 0.773901
v 0.0859636 0.267961 0.0174004
vn 0.836649 -0.355631 -0.416587
v -0.078234 0.30213 -0.0498819
vn 0.187154 0.285641 -0.939884
v -0.0897016 0.303496 -0.0509231
vn 0.0132422 0.272267 -0.962131
v -0.144202 0.299689 -0.0129708
vn -0.745262 0.124601 -0.655026
v -0.144861 0.305933 -0.00843019
vn -0.859097 0.477695 -0.183742
v -0.164564 0.301421 0.131252
vn -0.983942 0.0278889 0.176294
v 0.0957087 0.261159 0.175333
vn 0.785383 -0.521352 0.333716
v 0.0881281 0.278085 -0.0204267
vn 0.736534 -0.599227 -0.31376
v 0.0696167 0.380287 0.316567
vn -0.343066 -0.781783 -0.520692
v 0.0760052 0.371081 0.333997
vn -0.452163 -0.885007 -0.110958
v -0.135643 0.326996 -0.166683
vn -0.123211 -0.238687 -0.963248
v -0.12031 0.352874 -0.11847
vn 0.0226338 0.186927 0.982113
v -0.130959 0.297466 -0.146399
vn 0.475325 -0.655565 -0.586772
v -0.133662 0.303472 -0.154177
vn 0.366461 -0.558222 -0.744376
v 0.062802 0.378137 0.340649
vn -0.450814 -0.816981 0.359595
v 0.0898322 0.385136 0.357213
vn -0.118088 -0.291971 0.949109
v 0.127056 0.397952 0.339107
vn 0.50556 0.77998 0.368837
v 0.127513 0.395475 0.310768
vn 0.359932 0.648224 -0.67101
v -0.162194 0.303414 0.0523135
vn -0.930302 0.0951319 -0.354243
v -0.171421 0.303759 0.0894911
vn -0.991412 0.118781 -0.0547104
v -0.164497 0.319045 0.136811
vn -0.992211 0.0757808 0.0988674
v -0.0809812 0.313564 0.229956
vn -0.0148037 0.566263 0.824092
v -0.0591062 0.306951 0.234391
vn -0.0271538 0.569352 0.821645
v 0.127562 0.263464 0.0693087
vn 0.819318 -0.572608 -0.0289475
v 0.100887 0.272231 0.0359115
vn 0.588615 0.141501 -0.795933
v -0.140645 0.334282 -0.165907
vn -0.380471 -0.035023 -0.924129
v -0.132417 0.363664 -0.124253
vn -0.333373 0.34627 0.876903
v 0.00420083 0.287136 -0.0482819
vn 0.35462 -0.173278 -0.918814
v -0.103346 0.301544 -0.0471997
vn -0.443463 0.256016 -0.858951
v -0.114338 0.302824 -0.0401081
vn -0.569302 0.254004 -0.781906
v -0.151247 0.298426 0.0304223
vn -0.833211 0.266696 -0.484389
v -0.161306 0.326643 0.146295
vn -0.896552 0.40645 0.176045
v -0.113382 0.315656 0.183994
vn -0.588557 0.508659 0.628384
v -0.0868487 0.330163 0.219027
vn -0.144551 0.540046 0.829129
v 0.0651607 0.281056 0.21859
vn 0.628859 -0.484017 0.608493
v 0.0555196 0.383659 0.324328
vn -0.444606 -0.857601 -0.258548
v -0.111328 0.312686 -0.119263
vn 0.641325 -0.346594 0.684525
v -0.00781981 0.291525 -0.0492862
vn -0.0196557 0.423767 -0.905558
v -0.141241 0.307025 0.00869449
vn -0.852769 0.482981 0.19878
v -0.166354 0.315993 0.0691099
vn -0.961036 0.163528 -0.222863
v -0.166696 0.315993 0.121337
vn -0.989349 0.024955 0.143405
v -0.0220129 0.30005 0.244321
vn 0.100823 0.608539 0.787093
v 0.0829815 0.272518 -0.0170044
vn 0.657732 -0.751853 0.0458842
v 0.0713692 0.389789 0.356158
vn -0.200552 -0.42886 0.880828
v 0.115506 0.384849 0.357453
vn 0.26595 0.311905 0.912133
v 0.124852 0.40185 0.31911
vn 0.493269 0.843956 -0.210771
v -0.128971 0.309486 -0.0251979
vn -0.664458 0.220794 -0.713965
v -0.137573 0.311349 -0.0156194
vn -0.723121 0.392277 -0.56852
v -0.166923 0.325748 0.110569
vn -0.967815 0.22077 0.120811
v -0.166758 0.332386 0.0986058
vn -0.980523 0.195727 0.0162947
v -0.156564 0.33182 0.151974
vn -0.712057 0.624171 0.321538
v 0.10521 0.263448 0.158411
vn 0.663719 -0.65523 0.360763
v 0.0847501 0.275837 0.0057678
vn 0.784891 -0.582166 -0.212199
v 0.0565992 0.275903 -0.0362435
vn -0.0582788 0.623929 -0.779305
v -0.0993252 0.318914 -0.140019
vn 0.667895 -0.706997 -0.232534
v 0.0598583 0.292477 -0.0199033
vn -0.263173 0.699923 -0.663964
v 0.0361623 0.282578 -0.0226212
vn 0.266985 -0.0257401 -0.963357
v -0.113108 0.321424 0.177817
vn -0.607213 0.583332 0.539458
v -0.0649109 0.324838 0.221574
vn -0.0257206 0.539085 0.841859
v 0.13585 0.262783 0.12215
vn 0.941338 -0.313893 -0.123912
v 0.130376 0.262988 0.0856372
vn 0.861664 -0.504363 -0.0561534
v -0.111865 0.377259 -0.12301
vn -0.148552 0.186556 0.971148
v 0.0982251 0.398354 0.305654
vn 0.0883318 0.137478 -0.986558
v 0.0442328 0.388586 0.332649
vn -0.524635 -0.849573 -0.054624
v 0.0143449 0.289884 -0.0444157
vn 0.53259 -0.460444 -0.710168
v 0.0225238 0.287308 -0.0306223
vn 0.573413 -0.447165 -0.68647
v -0.0296013 0.29996 -0.0428084
vn 0.00460495 0.443574 -0.896226
v -0.139669 0.316083 -0.00118763
vn -0.877412 0.470586 0.0932542
v -0.138235 0.310643 0.0182295
vn -0.836263 0.48195 -0.261513
v -0.103104 0.330187 0.18664
vn -0.849311 0.40945 0.3332
v 0.0499433 0.298155 0.223982
vn -0.114839 0.697062 0.707754
v 0.123399 0.263357 0.0448277
vn 0.592548 0.25681 -0.763502
v -0.134091 0.380221 -0.138117
vn -0.823831 0.495003 0.276179
v -0.115887 0.325978 -0.163972
vn 0.300967 -0.558927 -0.77267
v -0.144075 0.311431 0.0277397
vn -0.699334 0.429019 -0.571729
v -0.160079 0.320005 0.0548429
vn -0.870786 0.305021 -0.385608
v -0.160604 0.337244 0.123684
vn -0.876495 0.454099 0.159847
v -0.141021 0.348292 0.14873
vn -0.47888 0.620327 0.621183
v 0.129726 0.254028 0.126288
vn 0.658019 -0.530354 0.534542
v 0.10941 0.402391 0.308602
vn 0.224193 0.37644 -0.898905
v 0.0690133 0.395401 0.306002
vn -0.0542468 -0.276532 -0.959472
v 0.0627024 0.38738 0.351893
vn -0.371602 -0.60404 0.705016
v 0.107585 0.400184 0.353348
vn 0.409495 0.440613 0.798858
v -0.0411017 0.304383 -0.0415694
vn 0.142677 0.349735 -0.92592
v -0.100192 0.333683 -0.0377836
vn -0.502255 0.320035 -0.803317
v -0.121342 0.323361 -0.0262744
vn -0.620968 0.341814 -0.705381
v 0.0465261 0.284485 0.232883
vn 0.440526 0.146889 0.885641
v -0.130047 0.322877 -0.164943
vn 0.103085 -0.411157 -0.905717
v 0.0586523 0.385062 0.347581
vn -0.41713 -0.703906 0.574908
v 0.0979856 0.393801 0.358303
vn 0.16037 0.106809 0.981261
v -0.153747 0.348255 0.119476
vn -0.746413 0.638473 0.18767
v -0.089876 0.340128 0.211689
vn -0.346288 0.484614 0.803264
v 0.0516414 0.290565 -0.0181523
vn 0.00341277 0.342707 -0.939436
v -0.132364 0.364882 -0.168295
vn -0.64464 0.169585 -0.74544
v -0.124377 0.392865 -0.13444
vn -0.678185 0.480733 0.555843
v -0.109263 0.39499 -0.126615
vn -0.374173 0.30449 0.875945
v -0.103975 0.35568 -0.120758
vn 0.180319 0.0794897 0.980391
v 0.0792831 0.403655 0.304702
vn 0.0725885 -0.0169396 -0.997218
v -0.00460825 0.313978 -0.0365721
vn -0.0421337 0.433228 -0.900299
v -0.155158 0.324715 0.0492694
vn -0.797068 0.428227 -0.425797
v -0.0960514 0.343291 0.195612
vn -0.932166 0.311541 0.184413
v -0.0406562 0.322553 0.225543
vn -0.0861492 0.469408 0.878769
v 0.0098261 0.311361 0.23294
vn 0.433168 -0.158981 0.887181
v 0.0808092 0.274402 0.196873
vn 0.576802 -0.270339 0.770854
v 0.0938896 0.282311 0.0240075
vn 0.780055 -0.523084 -0.343363
v -0.127177 0.388935 -0.166011
vn -0.761742 0.307021 -0.570515
v -0.0967603 0.332591 -0.124085
vn 0.619726 -0.300352 0.725071
v -0.100284 0.323787 -0.151932
vn 0.596536 -0.683027 -0.421448
v 0.119346 0.405698 0.330199
vn 0.58301 0.808983 0.07514
v -0.0898025 0.33036 -0.0434984
vn -0.224465 0.278372 -0.933876
v -0.164845 0.337843 0.0940494
vn -0.876581 0.461884 -0.13516
v -0.126309 0.373313 0.132811
vn -0.690422 0.650903 0.315662
v -0.0935678 0.346667 0.202567
vn -0.830368 0.42983 0.354591
v -0.125189 0.398412 -0.146071
vn -0.832216 0.526486 0.173866
v -0.0961487 0.325732 -0.129509
vn 0.758127 -0.505306 0.412201
v 0.0418247 0.393325 0.317918
vn -0.461421 -0.810783 -0.36017
v 0.0474832 0.394785 0.311034
vn -0.309693 -0.677545 -0.667101
v -0.14972 0.334593 0.0522024
vn -0.639232 0.540841 -0.546693
v -0.11535 0.35879 0.151983
vn -0.199766 0.499567 0.842927
v -0.00630695 0.306179 0.236627
vn 0.0754043 0.592449 0.802071
v 0.129764 0.264826 0.0594598
vn 0.744758 -0.66686 -0.0251689
v 0.0979593 0.277782 0.0327084
vn 0.745606 -0.223703 -0.627718
v -0.104131 0.371651 -0.121808
vn 0.044566 0.0549657 0.997493
v 0.0421502 0.392447 0.343185
vn -0.479474 -0.724468 0.495227
v 0.0275063 0.295415 -0.0381299
vn 0.527582 -0.659366 -0.535625
v 0.00887817 0.302996 -0.0440276
vn -0.0847536 0.420018 -0.90355
v -0.0475533 0.326126 -0.0358505
vn 0.26124 0.247472 -0.933012
v -0.129298 0.325691 0.0216176
vn -0.761561 0.605667 -0.230635
v -0.106392 0.350314 0.1591
vn -0.237529 0.513749 0.824404
v 0.0665606 0.287513 0.221289
vn 0.523372 -0.102719 0.84589
v 0.101427 0.269298 0.178048
vn 0.687 -0.537687 0.488797
v 0.0449971 0.288276 -0.0208337
vn 0.440992 -0.2062 -0.873503
v -0.110107 0.322319 -0.158549
vn 0.419892 -0.633175 -0.650216
v 0.0217233 0.299295 -0.0441294
vn 0.258294 -0.0391746 -0.965272
v -0.113669 0.344185 -0.0209231
vn -0.692656 0.444277 -0.568194
v -0.136236 0.324009 0.0288297
vn -0.540417 0.614948 -0.574272
v -0.158381 0.348115 0.0918021
vn -0.774791 0.62075 -0.119871
v -0.102084 0.335783 0.176388
vn -0.79242 0.530012 0.301924
v 0.0184035 0.299656 0.224206
vn 0.359921 -0.00309753 0.932978
v 0.107926 0.410055 0.344989
vn 0.564904 0.630329 0.532511
v -0.125447 0.35998 -0.173924
vn -0.477408 0.0294945 -0.878186
v -0.12875 0.392258 -0.15927
vn -0.859655 0.445699 -0.24969
v -0.116059 0.397838 -0.131235
vn -0.493431 0.371951 0.786243
v -0.0987451 0.319414 -0.132917
vn 0.763792 -0.605924 0.222435
v 0.0749553 0.283804 -0.0297419
vn 0.158952 0.44853 -0.87952
v 0.0331914 0.294085 -0.0282978
vn 0.497196 -0.426091 -0.755806
v 0.00800065 0.296982 -0.0468739
vn 0.162193 0.146061 -0.975889
v -0.123365 0.337728 -0.0128264
vn -0.756372 0.496833 -0.425509
v -0.152323 0.346589 0.0730526
vn -0.704004 0.640035 -0.307788
v -0.0715542 0.342175 0.211509
vn -0.0759624 0.446967 0.891319
v -0.0978467 0.341838 0.185646
vn -0.897329 0.439745 0.0377547
v 0.00404001 0.310577 0.234096
vn -0.0701341 0.323586 0.943596
v 0.0401096 0.299361 0.221017
vn 0.0287361 0.471658 0.881313
v 0.087685 0.28634 0.196393
vn 0.599027 -0.484203 0.637741
v 0.0856272 0.280006 -0.0247852
vn 0.605914 -0.185517 -0.773596
v 0.110648 0.412426 0.320457
vn 0.516656 0.77478 -0.364393
v -0.123673 0.402309 -0.154204
vn -0.861417 0.506741 -0.0342651
v -0.0230662 0.34197 -0.0254958
vn 0.0598779 0.246242 -0.967357
v -0.118628 0.349633 -0.00587433
vn -0.778322 0.553156 -0.297041
v 0.0556775 0.295127 0.226206
vn 0.143401 0.377051 0.915024
v 0.0353135 0.411507 0.302067
vn -0.148329 -0.487894 -0.860208
v -0.115152 0.352579 -0.176271
vn -0.140983 -0.255503 -0.956474
v 0.106026 0.417185 0.328208
vn 0.590573 0.805665 -0.0461294
v -0.0785266 0.339205 -0.0413298
vn 0.105288 0.217781 -0.970302
v -0.0649844 0.334191 -0.0396117
vn 0.253798 0.182048 -0.949971
v -0.115931 0.355894 0.000232662
vn -0.826212 0.556272 -0.089075
v -0.114779 0.352841 0.0451972
vn -0.474776 0.677111 -0.562236
v -0.0993999 0.352054 0.161538
vn -0.520408 0.564011 0.641145
v 0.131545 0.265786 0.0988099
vn 0.839442 -0.542292 -0.0354485
v 0.131639 0.268613 0.0535475
vn 0.766049 -0.177042 -0.61792
v -0.105435 0.419503 -0.1356
vn -0.638935 0.497275 0.586923
v -0.0870048 0.354975 -0.124619
vn 0.282003 -0.109364 0.95316
v 0.0247079 0.400947 0.337273
vn -0.559509 -0.820466 0.117409
v -0.106446 0.34384 -0.0286194
vn -0.600577 0.39444 -0.695503
v -0.118111 0.352792 0.00679339
vn -0.822548 0.517346 0.236154
v -0.144938 0.34704 0.0611871
vn -0.568498 0.664762 -0.484666
v -0.0178829 0.339041 0.219087
vn -0.251068 0.478022 0.841701
v -0.0137625 0.324797 0.228567
vn -0.193131 0.343461 0.919095
v 0.0956923 0.287374 0.00214853
vn 0.660183 -0.749977 0.0411501
v 0.0623105 0.411359 0.302828
vn 0.105156 -0.159482 -0.981584
v 0.00590476 0.422305 0.303799
vn -0.442352 -0.75249 -0.487939
v 0.0863599 0.420738 0.311768
vn 0.434771 0.610555 -0.661964
v 0.0415035 0.298344 -0.0236464
vn 0.46787 -0.416009 -0.779765
v -0.108356 0.378105 0.142164
vn -0.325704 0.531443 0.781975
v 0.0966637 0.283714 -0.0133565
vn 0.594589 -0.802341 0.052087
v 0.0807074 0.303234 -0.0145462
vn -0.0508876 0.577621 -0.814717
v -0.108693 0.342798 -0.172992
vn 0.161157 -0.473323 -0.866022
v 0.0845064 0.414281 0.3073
vn 0.255188 0.267581 -0.929128
v 0.0502029 0.403146 0.356965
vn -0.31737 -0.462634 0.827796
v 0.0381949 0.305416 -0.0382546
vn 0.405255 -0.305582 -0.861619
v -0.016511 0.337596 -0.0269809
vn -0.00519129 0.311525 -0.950224
v -0.0879514 0.351373 -0.0371863
vn -0.366494 0.339142 -0.866409
v -0.136889 0.346261 0.053007
vn -0.448354 0.655288 -0.607928
v -0.0804643 0.362129 0.203531
vn -0.413221 0.402656 0.816772
v -0.0786941 0.353137 0.207209
vn -0.127379 0.266029 0.955512
v 0.00901167 0.327832 0.232281
vn -0.127733 0.195495 0.972351
v 0.13727 0.271813 0.11389
vn 0.88624 -0.442871 -0.135807
v 0.054284 0.295045 -0.0186946
vn 0.199551 -0.000873536 -0.979887
v -0.119309 0.359126 -0.176632
vn -0.317295 -0.0994987 -0.943093
v 0.0458439 0.410161 0.302167
vn 0.025499 -0.281575 -0.9592
v 0.0147479 0.40916 0.319357
vn -0.526859 -0.817142 -0.233877
v 0.0768482 0.40512 0.361651
vn 0.10809 -0.0627077 0.992161
v 0.0209093 0.312596 -0.0416474
vn -0.0446776 0.362435 -0.930938
v 0.0357686 0.312231 -0.0402078
vn 0.148114 0.147704 -0.977878
v -0.11554 0.347163 0.0224636
vn -0.831993 0.509559 0.219401
v -0.131321 0.374568 0.0951611
vn -0.686179 0.717292 -0.121043
v -0.130254 0.370088 0.126836
vn -0.724102 0.676155 0.135981
v -0.0818434 0.374691 0.164544
vn -0.864149 0.462551 0.198224
v -0.078903 0.377981 0.173736
vn -0.923324 0.382565 -0.0334174
v 0.0993837 0.280309 0.186214
vn 0.552802 -0.382559 0.74031
v 0.121845 0.277897 0.156142
vn 0.584858 -0.635141 0.504516
v 0.113184 0.283969 0.0453651
vn 0.617901 -0.305339 -0.724546
v -0.114852 0.413755 -0.164553
vn -0.807211 0.472018 -0.354415
v -0.0788741 0.400636 -0.122552
vn 0.0190006 0.00873294 0.999781
v -0.0894439 0.36889 -0.123301
vn 0.130312 -0.0332064 0.990917
v 0.00360365 0.329211 -0.0306186
vn -0.109211 0.374691 -0.920695
v -0.0782539 0.385136 0.186435
vn -0.902397 0.417273 0.107526
v 0.116552 0.280092 0.168335
vn 0.644023 -0.614973 0.45502
v 0.094297 0.291644 -0.0209765
vn 0.426949 0.101457 -0.898566
v 0.0128606 0.422658 0.29975
vn -0.268725 -0.600685 -0.75297
v 0.0260471 0.403794 0.343543
vn -0.510509 -0.65888 0.552502
v 0.0243241 0.412504 0.350272
vn -0.435529 -0.569987 0.696727
v 0.0538759 0.412196 0.361743
vn -0.152489 -0.298393 0.942183
v 0.0917292 0.411712 0.355917
vn 0.348471 0.239898 0.9061
v -0.106902 0.424931 -0.144406
vn -0.781585 0.563562 0.267437
v -0.00683301 0.423659 0.324285
vn -0.607069 -0.792465 -0.0588769
v 0.0799854 0.430436 0.353134
vn 0.559802 0.459753 0.689383
v 0.100375 0.420869 0.3364
vn 0.632152 0.759503 0.153423
v -0.0875976 0.381362 -0.0216813
vn -0.700891 0.502525 -0.506183
v -0.0519066 0.344645 0.213337
vn -0.077805 0.362068 0.928899
v 0.128248 0.27994 0.0537228
vn 0.497847 0.197499 -0.844478
v 0.0677705 0.301806 -0.0148777
vn 0.234156 -0.0171084 -0.972049
v -0.0833269 0.347369 -0.129098
vn 0.61161 -0.421142 0.669756
v -0.0901807 0.330655 -0.140372
vn 0.7675 -0.638914 -0.0522708
v -0.0227969 0.348074 0.213219
vn -0.0574559 0.424333 0.903682
v 0.0342218 0.311127 0.219463
vn 0.341102 -0.267997 0.901015
v 0.111906 0.287058 0.179956
vn 0.599832 -0.496561 0.627399
v -0.111235 0.396139 -0.17866
vn -0.584896 0.188996 -0.788782
v -0.108875 0.425562 -0.160302
vn -0.828488 0.558754 -0.0374357
v 0.0653789 0.421964 0.302885
vn 0.255186 0.0403407 -0.96605
v -0.136709 0.369219 0.103128
vn -0.706157 0.698029 0.118734
v 0.0828645 0.292854 0.209704
vn 0.581506 -0.619175 0.527705
v 0.098866 0.288649 -0.0172403
vn 0.641383 -0.492264 -0.588476
v -0.0906689 0.340583 -0.162705
vn 0.509289 -0.665557 -0.545581
v -0.0909586 0.363073 -0.0302042
vn -0.493211 0.385138 -0.780007
v -0.113234 0.347976 0.0330304
vn -0.751934 0.656462 -0.0604404
v 0.0193291 0.326585 0.231415
vn 0.321488 -0.240578 0.915843
v 0.0678286 0.297663 0.223103
vn 0.387341 -0.168974 0.906319
v 0.139132 0.270069 0.127424
vn 0.864464 -0.453827 0.2162
v 0.103059 0.293568 0.0200211
vn 0.652706 -0.754903 -0.063997
v 0.0957899 0.422494 0.321958
vn 0.58821 0.746732 -0.310484
v -0.0799132 0.345342 -0.136214
vn 0.748195 -0.574413 0.332046
v 0.0714195 0.429575 0.306771
vn 0.466539 0.307374 -0.829375
v 0.0785134 0.295045 0.217388
vn 0.497109 -0.359039 0.78992
v -0.0829988 0.418719 -0.123794
vn -0.173522 0.161735 0.971459
v -0.0708384 0.366675 -0.12849
vn 0.48337 -0.336046 0.808348
v 0.00256196 0.417251 0.335676
vn -0.608994 -0.736397 0.294696
v 0.020465 0.422313 0.355067
vn -0.419117 -0.432531 0.798285
v 0.0912739 0.424955 0.346439
vn 0.674649 0.66362 0.323199
v -0.0553854 0.357055 -0.0325152
vn 0.352346 0.171202 -0.920077
v -0.0662682 0.369526 -0.0339338
vn 0.18637 0.202281 -0.96143
v -0.0740581 0.373149 -0.0333898
vn -0.161825 0.304874 -0.938544
v -0.0949848 0.368595 0.15158
vn -0.329801 0.480356 0.812705
v 0.0481108 0.307468 0.21663
vn -0.0300129 0.392153 0.91941
v 0.130621 0.2734 0.14326
vn 0.56313 -0.575851 0.592689
v 0.104776 0.291669 0.0289626
vn 0.615668 -0.607606 -0.501764
v -0.104463 0.421649 -0.174308
vn -0.696522 0.375306 -0.611557
v -0.0912999 0.44267 -0.141435
vn -0.702571 0.603337 0.377332
v -0.116462 0.372402 0.0664093
vn -0.426306 0.656711 -0.622088
v -0.120371 0.382864 0.0857761
vn -0.64133 0.70009 -0.313958
v -0.0796763 0.377095 0.194289
vn -0.678105 0.479226 0.55724
v -0.086668 0.428245 -0.12755
vn -0.393737 0.329995 0.857948
v 0.0249598 0.428139 0.295221
vn 0.00468714 -0.313325 -0.949634
v 0.0611595 0.422797 0.364652
vn 0.131781 0.00520183 0.991265
v 0.0584746 0.308895 -0.020686
vn 0.537199 -0.659238 -0.526139
v -0.0318838 0.350027 -0.0245785
vn 0.142412 0.19582 -0.970244
v -0.0394995 0.358289 -0.0250174
vn 0.353642 0.165988 -0.920535
v -0.121362 0.382338 0.113785
vn -0.730009 0.681556 0.0506775
v -0.116038 0.380287 0.136381
vn -0.482576 0.573334 0.662124
v -0.050407 0.360579 0.209077
vn -0.0603089 0.190378 0.979857
v -0.0860722 0.439724 -0.133021
vn -0.492679 0.463302 0.736626
v -0.0900134 0.389633 0.00934514
vn -0.781588 0.617307 0.089732
v -0.105314 0.359323 0.0443178
vn -0.564973 0.716709 -0.40882
v -0.0555403 0.375553 0.206313
vn -0.180688 0.250058 0.951222
v 0.000741364 0.343028 0.224808
vn -0.344862 0.396625 0.85074
v 0.0736077 0.305384 0.220796
vn 0.0617083 0.236768 0.969605
v 0.141941 0.276494 0.0651676
vn 0.767106 -0.628133 -0.130374
v 0.143034 0.27923 0.074405
vn 0.721229 -0.671873 0.168571
v 0.104921 0.293486 0.0081948
vn 0.46575 -0.852902 0.235868
v 0.0280155 0.435417 0.294002
vn 0.162312 -0.110965 -0.98048
v 0.0272588 0.425497 0.359368
vn -0.290047 -0.317081 0.902957
v -0.101123 0.436467 -0.157813
vn -0.767564 0.638241 0.059108
v 0.143184 0.281368 0.104209
vn 0.847008 -0.531425 -0.0128364
v 0.142763 0.282254 0.0884466
vn 0.818262 -0.574846 -0.000518686
v -0.00143341 0.425447 0.342502
vn -0.583849 -0.582104 0.565929
v 0.0846532 0.4349 0.3335
vn 0.740745 0.67008 0.0478506
v -0.102457 0.388102 -0.18429
vn -0.410191 0.0287753 -0.911546
v -0.0708457 0.397591 -0.123362
vn 0.207358 -0.064814 0.976116
v -0.0711297 0.364804 -0.17422
vn 0.392075 -0.611603 -0.687182
v -0.0811381 0.377325 -0.186047
vn 0.076957 -0.380159 -0.921714
v -0.0981027 0.374708 -0.184678
vn -0.178491 -0.193741 -0.964679
v 0.0162578 0.340042 -0.0292282
vn -0.0707145 0.132649 -0.988637
v -0.0718496 0.384275 0.196653
vn -0.564733 0.411712 0.715241
v -0.0354788 0.362892 0.208061
vn 0.128109 0.235336 0.963434
v 0.10082 0.296752 0.195044
vn 0.523376 -0.60848 0.596515
v 0.0956439 0.301913 -0.0163644
vn 0.0693171 0.520509 -0.851038
v -0.00147982 0.430871 0.299881
vn -0.462606 -0.556519 -0.690132
v -0.00843756 0.428237 0.309708
vn -0.588958 -0.738385 -0.328505
v 0.0635939 0.428623 0.362773
vn 0.287779 0.161895 0.943914
v 0.0750255 0.428713 0.357663
vn 0.454914 0.315092 0.832929
v -0.0693673 0.362006 -0.132476
vn 0.612608 -0.490647 0.619659
v 0.0558256 0.319188 -0.0351449
vn 0.348694 -0.246598 -0.904213
v 0.0547113 0.340698 -0.0309447
vn -0.00904145 0.25267 -0.96751
v 0.0278358 0.331049 -0.033197
vn -0.0950502 0.396973 -0.912895
v -0.0100475 0.345539 -0.0280139
vn -0.133293 -0.288143 -0.948265
v -0.106754 0.39961 0.120986
vn -0.763802 0.634713 0.117242
v -0.0863959 0.37433 0.154155
vn -0.734058 0.507887 0.450787
v -0.0102087 0.373395 0.203065
vn -0.360292 0.357606 0.861573
v 0.0601993 0.315057 0.214474
vn 0.138266 0.0345385 0.989793
v 0.0507736 0.321679 0.216242
vn 0.317501 -0.287232 0.90371
v 0.0861892 0.432003 0.325148
vn 0.754649 0.617058 -0.223034
v 0.081665 0.430961 0.315909
vn 0.65198 0.518093 -0.553627
v -0.0935538 0.440955 -0.172751
vn -0.714424 0.58202 -0.388396
v -0.0730516 0.351028 -0.145808
vn 0.719616 -0.692433 0.0518542
v 0.0702776 0.31166 -0.0152814
vn 0.327306 -0.0330827 -0.944339
v -0.0176019 0.349477 -0.0273829
vn -0.312174 -0.191659 -0.930491
v -0.0836252 0.393637 -0.0116978
vn -0.763449 0.582809 -0.278353
v -0.082342 0.390527 0.145409
vn -0.553944 0.44319 0.70479
v 0.113813 0.294561 -0.00356667
vn 0.536286 -0.844033 -0.0025178
v -0.0735909 0.439199 -0.127582
vn -0.224626 0.370301 0.901344
v -0.0615635 0.363487 -0.140183
vn 0.693338 -0.640997 0.32925
v -0.0764465 0.348985 -0.154745
vn 0.653433 -0.714166 -0.250983
v 0.0767124 0.324616 -0.0266675
vn 0.550002 -0.670431 -0.498016
v -0.0979468 0.379065 0.00181951
vn -0.784659 0.601367 -0.150556
v -0.09881 0.366929 0.0311881
vn -0.774475 0.574695 0.264414
v -0.0958077 0.376546 0.0586455
vn -0.412041 0.666157 -0.621657
v 0.142385 0.283045 0.0623859
vn 0.611915 -0.02513 -0.790524
v 0.005623 0.433152 0.295175
vn -0.191945 -0.378398 -0.905523
v 0.045062 0.426342 0.363759
vn -0.127222 -0.180985 0.975223
v 0.0591021 0.448717 0.306545
vn 0.551779 0.406183 -0.728392
v -0.0720432 0.419376 -0.123355
vn 0.116472 0.0387323 0.992438
v -0.0146874 0.43234 0.333397
vn -0.682571 -0.65678 0.320526
v -0.00190373 0.431027 0.346546
vn -0.507098 -0.486153 0.711692
v 0.0775075 0.437796 0.34975
vn 0.687447 0.51956 0.507418
v 0.0289317 0.345843 -0.030409
vn -0.0171994 -0.114662 -0.993256
v -0.0211726 0.357198 -0.026683
vn -0.526509 -0.0278446 -0.849714
v -0.026783 0.363705 -0.0236226
vn -0.175757 0.113931 -0.977819
v -0.092511 0.370917 0.0449348
vn -0.708205 0.704091 -0.0519746
v -0.111176 0.39362 0.0964587
vn -0.705242 0.707672 -0.0428322
v -0.0598676 0.387352 0.200851
vn -0.290424 0.318352 0.902389
v 0.0882134 0.303533 0.215584
vn 0.413636 -0.393329 0.821095
v 0.140555 0.296998 0.15578
vn 0.747523 -0.494704 0.443257
v 0.117388 0.303833 0.0258133
vn 0.585055 -0.781317 -0.217379
v -0.0819558 0.448988 -0.137861
vn -0.524766 0.654847 0.543871
v -0.0716091 0.428401 -0.124545
vn -0.0452537 0.207068 0.977279
v -0.0606867 0.385337 -0.127392
vn 0.358871 -0.203742 0.910879
v -0.0197464 0.435786 0.3262
vn -0.752396 -0.651236 0.0989534
v 0.0724505 0.318446 -0.0161728
vn 0.649153 -0.676161 -0.348434
v 0.06575 0.335274 -0.0322403
vn -0.0105027 0.0659533 -0.997767
v -0.0874367 0.402153 0.137174
vn -0.362642 0.444987 0.818826
v 0.0286234 0.341929 0.230982
vn 0.0962664 -0.00885683 0.995316
v 0.10029 0.308961 0.212016
vn 0.510913 -0.571301 0.642326
v 0.134111 0.294098 0.0559225
vn 0.56089 -0.601476 -0.568884
v -0.0825999 0.453492 -0.145249
vn -0.669358 0.698928 0.251911
v -0.0689239 0.455502 -0.135027
vn -0.388116 0.556033 0.734978
v 0.0310217 0.442284 0.294063
vn 0.203043 0.0434733 -0.978204
v -0.0228074 0.439938 0.316862
vn -0.770349 -0.600976 -0.213048
v 0.0116786 0.348632 -0.030802
vn 0.020037 -0.441426 -0.897074
v -0.0904392 0.386273 0.0174011
vn -0.753324 0.586447 0.29763
v 0.13693 0.290902 0.0595111
vn 0.539923 -0.127106 -0.832062
v -0.0860174 0.392603 -0.190064
vn -0.0985081 -0.170287 -0.980458
v -0.086296 0.452303 -0.15692
vn -0.69693 0.708134 0.113291
v 0.0780942 0.318758 -0.0117015
vn 0.234707 0.125191 -0.963971
v 0.0827259 0.307861 -0.012426
vn 0.108472 0.291697 -0.95034
v -0.0366989 0.390658 -0.0198204
vn 0.196487 0.129481 -0.97192
v -0.100876 0.405698 0.103531
vn -0.757984 0.647786 -0.0763792
v -0.0418819 0.383364 0.206009
vn -0.0652252 0.202189 0.977172
v 0.0468811 0.444762 0.2987
vn 0.367133 0.203775 -0.907573
v -0.0170458 0.440758 0.304131
vn -0.646904 -0.498682 -0.576915
v 0.0517701 0.456709 0.360719
vn 0.366513 0.325622 0.871572
v -0.0940937 0.426547 -0.181939
vn -0.544166 0.287618 -0.788137
v -0.088004 0.450366 -0.165816
vn -0.718627 0.677614 -0.156253
v -0.0589024 0.36304 -0.151082
vn 0.683078 -0.730117 0.0182691
v -0.10234 0.395376 0.0810982
vn -0.555585 0.668545 -0.49434
v -0.109237 0.393587 0.0891921
vn -0.675102 0.690958 -0.258486
v 0.117304 0.300682 0.0320452
vn 0.52701 -0.691226 -0.494436
v 0.116805 0.299004 -0.00686549
vn 0.60651 -0.369282 -0.704114
v 0.014799 0.439995 0.292289
vn 0.00296722 -0.155255 -0.98787
v -0.0881668 0.419807 -0.187683
vn -0.454212 0.170336 -0.874458
v -0.0758793 0.390888 -0.0257641
vn -0.451637 0.41296 -0.790878
v -0.0720208 0.404545 0.148397
vn -0.830705 0.43767 0.344056
v -0.0708538 0.40377 0.158104
vn -0.946665 0.321768 -0.0170411
v -0.0738657 0.396779 0.175478
vn -0.960246 0.276562 -0.0379738
v -0.0674276 0.407622 0.185784
vn -0.758496 0.415049 0.502413
v 0.0767805 0.443203 0.342574
vn 0.77591 0.591837 0.218385
v -0.0619461 0.365707 -0.166914
vn 0.567492 -0.710986 -0.415273
v 0.107738 0.305736 -0.0122521
vn 0.311681 0.272815 -0.91018
v 0.0141054 0.369448 -0.0423161
vn -0.0329076 -0.357025 -0.933515
v -0.00272917 0.37072 -0.0382406
vn -0.318448 -0.165169 -0.93344
v -0.0972838 0.412237 0.11455
vn -0.77259 0.631206 -0.0684423
v 0.0914929 0.321305 0.216974
vn -0.0560677 0.256464 0.964926
v 0.110905 0.297942 0.189061
vn 0.552171 -0.552936 0.623994
v 0.121867 0.307394 0.0189791
vn 0.491138 -0.846018 0.207453
v -0.00837651 0.445611 0.295722
vn -0.421938 -0.266741 -0.866497
v 0.0224828 0.444557 0.36342
vn -0.209616 -0.208884 0.955211
v 0.0966178 0.308227 -0.0119071
vn 0.0960431 0.356657 -0.929286
v 0.0753075 0.329736 -0.031499
vn 0.260406 -0.308576 -0.91486
v -0.0815375 0.38489 0.0392984
vn -0.725878 0.610257 0.317311
v -0.0959292 0.409226 0.126953
vn -0.647836 0.598031 0.471876
v -0.0636745 0.402597 0.192776
vn -0.552488 0.365279 0.749219
v -0.0178921 0.374215 0.201242
vn 0.0595916 0.301281 0.951672
v 0.0677393 0.326327 0.2134
vn 0.0513937 0.00308214 0.998674
v 0.0913301 0.314343 0.21814
vn 0.27364 -0.178524 0.945119
v 0.131794 0.28677 0.15644
vn 0.632478 -0.615884 0.469743
v -0.0315923 0.454305 0.336165
vn -0.699916 -0.539904 0.467569
v 0.0453537 0.438731 0.365872
vn -0.0146627 -0.0783289 0.99682
v -0.0805994 0.445558 -0.18245
vn -0.608902 0.415623 -0.675644
v -0.028726 0.459818 0.344663
vn -0.632593 -0.467537 0.617442
v 0.045425 0.445857 0.365298
vn 0.149438 0.0802298 0.985511
v -0.0721189 0.400094 0.182461
vn -0.909326 0.371527 0.187333
v 0.0244446 0.351414 0.229757
vn -0.26865 0.301936 0.914692
v 0.063083 0.348575 0.224192
vn 0.304812 -0.328864 0.893834
v 0.0742012 0.322229 0.213631
vn -0.135814 0.302906 0.943294
v -0.0882649 0.402654 -0.189869
vn -0.328911 0.0628147 -0.94227
v -0.0529563 0.377547 -0.135228
vn 0.594445 -0.463558 0.657077
v 0.002948 0.450506 0.291279
vn -0.0758171 0.0056372 -0.997106
v 0.0669578 0.457669 0.325047
vn 0.744906 0.58272 -0.32489
v -0.0540518 0.394297 -0.025506
vn 0.302962 0.171088 -0.93752
v 0.146585 0.288637 0.117765
vn 0.902596 -0.42983 -0.0237819
v -0.0518491 0.467145 -0.135321
vn -0.238556 0.49659 0.834559
v -0.0686084 0.374683 -0.180861
vn 0.332919 -0.505971 -0.795713
v 0.0426167 0.355048 -0.0316487
vn 0.122512 -0.361389 -0.924332
v -0.0126384 0.38288 -0.0331404
vn -0.660295 0.13405 -0.738946
v -0.00744798 0.379942 -0.0367481
vn -0.432592 0.0076923 -0.901557
v -0.0221736 0.377547 -0.0240829
vn -0.602749 0.14852 -0.783987
v -0.0265622 0.396759 -0.0183012
vn -0.0948432 0.160079 -0.982537
v -0.0566465 0.409185 0.0480949
vn -0.709943 0.668191 0.22249
v -0.0703505 0.398843 0.0644606
vn -0.560186 0.708026 -0.42999
v -0.0943637 0.403819 0.132835
vn -0.485438 0.486501 0.726406
v 0.00926914 0.379434 0.211371
vn -0.412619 0.284811 0.865233
v 0.0670565 0.459211 0.334716
vn 0.784252 0.617623 0.0590745
v -0.0432783 0.462427 -0.131219
vn -0.0673405 0.269242 0.960715
v -0.0358983 0.396156 0.203143
vn 0.155738 0.142136 0.977519
v 0.0642502 0.458473 0.347881
vn 0.727858 0.576535 0.371255
v -0.0179305 0.456093 0.351049
vn -0.493194 -0.414279 0.764939
v -0.0615521 0.410014 -0.0224419
vn -0.146541 0.358268 -0.922046
v -0.0523917 0.399643 0.200147
vn -0.32483 0.255143 0.910707
v -0.0229018 0.39024 0.199559
vn 0.301645 0.151273 0.941343
v 0.0339223 0.456454 0.297357
vn 0.302076 0.259506 -0.917282
v -0.0275485 0.46132 0.302582
vn -0.519808 -0.271624 -0.80995
v 0.0541659 0.461106 0.357247
vn 0.596973 0.502018 0.625781
v 0.0512097 0.470157 0.315348
vn 0.66681 0.513037 -0.540516
v 0.0339643 0.360628 -0.0354862
vn 0.0916808 -0.46915 -0.878347
v -0.0483889 0.374482 -0.161597
vn 0.641447 -0.73195 -0.229771
v 0.0203245 0.457217 0.293375
vn 0.14842 0.257723 -0.954752
v -0.0342016 0.461714 0.309655
vn -0.710235 -0.439211 -0.550145
v 0.0896825 0.32901 -0.0080704
vn 0.345558 -0.204142 -0.915924
v 0.0544792 0.351849 -0.030107
vn -0.0605634 -0.0698894 -0.995715
v -0.0713068 0.40587 -0.0183886
vn -0.656723 0.55613 -0.509348
v -0.0709683 0.413649 -0.00285981
vn -0.773994 0.621006 -0.123636
v -0.0922919 0.397124 0.0758085
vn -0.359953 0.58682 -0.725311
v 0.068676 0.335283 0.215482
vn 0.291342 -0.367476 0.883222
v 0.15267 0.301667 0.130244
vn 0.895302 -0.445098 0.0179737
v -0.0468073 0.448356 -0.128329
vn 0.0871892 0.0881788 0.992281
v 0.0410025 0.465348 0.303458
vn 0.458873 0.401545 -0.792589
v -0.086285 0.422055 0.101639
vn -0.719563 0.644949 -0.257431
v -0.0753716 0.411778 0.139003
vn -0.540227 0.422369 0.727845
v -0.0685587 0.416217 0.167325
vn -0.951764 0.30642 0.0158751
v -0.0176471 0.393218 0.198494
vn -0.130716 0.242351 0.961342
v 0.125523 0.30851 0.184098
vn 0.608947 -0.52919 0.590883
v 0.126588 0.302951 0.00435158
vn 0.429365 -0.873873 0.228018
v -0.0536999 0.485221 -0.164489
vn -0.696987 0.715249 -0.0512655
v -0.0721321 0.386818 -0.188159
vn 0.20139 -0.336832 -0.919775
v 0.101824 0.318946 -0.00713462
vn 0.181313 0.285396 -0.941103
v 0.0456793 0.374404 0.226752
vn -0.0789392 0.167834 0.98265
v 0.0603419 0.361809 0.228452
vn 0.0538853 -0.0133996 0.998457
v 0.11197 0.316854 0.208502
vn 0.571084 -0.602894 0.557119
v 0.134811 0.297983 0.167564
vn 0.636125 -0.528722 0.561959
v 0.153906 0.291328 0.0708441
vn 0.682276 -0.409954 -0.605341
v 0.11382 0.305039 -0.00987345
vn 0.265033 0.148259 -0.952773
v -0.0376927 0.459736 0.331743
vn -0.823565 -0.547432 0.148521
v -0.0748083 0.408849 -0.193006
vn -0.117607 -0.0482925 -0.991885
v -0.0421352 0.428861 -0.128565
vn 0.184555 -0.0208228 0.982602
v -0.0367391 0.41449 -0.131283
vn 0.304285 -0.118171 0.945223
v -0.0163658 0.396032 -0.0242043
vn -0.751945 0.269471 -0.601634
v -0.0487304 0.417571 0.065776
vn -0.643683 0.727526 -0.23744
v -0.0782937 0.434362 0.120244
vn -0.725698 0.636225 0.261878
v -0.0414863 0.408406 0.201684
vn -0.179236 0.196065 0.964071
v -0.0151979 0.464479 0.296203
vn -0.282248 -0.0994761 -0.95417
v -0.0136594 0.465677 0.358131
vn -0.388724 -0.334024 0.858674
v 0.0188415 0.455109 0.364526
vn -0.143202 -0.0497603 0.988442
v -0.0298336 0.394584 -0.147071
vn 0.695715 -0.660171 0.283117
v -0.00195535 0.467309 0.295019
vn 0.0346416 0.182792 -0.982541
v -0.00958179 0.472077 0.361373
vn -0.186823 -0.0908728 0.978182
v 0.0153092 0.376816 -0.0434196
vn -0.202378 0.100434 -0.974144
v -0.0862363 0.414863 0.0874434
vn -0.60957 0.605294 -0.511902
v -0.0606354 0.436803 0.166983
vn -0.856526 0.425221 0.292491
v 0.147695 0.290336 0.091985
vn 0.888386 -0.458434 0.02465
v 0.151592 0.295739 0.0889121
vn 0.733626 -0.587909 0.340816
v 0.141278 0.308871 0.0443441
vn 0.537049 -0.680489 -0.498511
v -0.0632544 0.408008 -0.192624
vn 0.0552941 -0.176254 -0.982791
v -0.0439637 0.484917 -0.146361
vn -0.403767 0.669193 0.623821
v -0.0307601 0.407872 -0.135495
vn 0.533881 -0.326866 0.779827
v -0.0331473 0.388459 -0.155122
vn 0.705883 -0.699341 0.112479
v 0.0317259 0.457168 0.366607
vn 0.130574 0.192404 0.97259
v -0.0211358 0.394785 -0.0203603
vn -0.508756 0.260221 -0.820641
v -0.00696625 0.389313 0.202921
vn -0.431245 0.167399 0.886569
v -0.0486782 0.381304 -0.173968
vn 0.504727 -0.636921 -0.582737
v 0.0945731 0.341867 -0.0277698
vn 0.537831 -0.747801 -0.389271
v 0.0446367 0.378244 -0.0431784
vn 0.205198 -0.391002 -0.897224
v 0.0043678 0.385875 -0.0400441
vn -0.183643 0.0865861 -0.979172
v -0.00551057 0.406519 -0.0334157
vn -0.67066 0.224131 -0.707093
v -0.0712206 0.403565 0.0715106
vn -0.380437 0.616211 -0.689602
v -0.0728951 0.421747 0.0833234
vn -0.384068 0.490657 -0.782142
v -0.0455379 0.424816 0.195523
vn -0.434287 0.30648 0.847033
v -0.0275233 0.41172 0.198826
vn 0.411619 0.0982347 0.906046
v 0.0308118 0.378605 0.22271
vn -0.342424 0.261601 0.902392
v 0.153945 0.290303 0.075595
vn 0.714172 -0.678628 0.171529
v -0.059326 0.44557 -0.195431
vn -0.332258 0.120883 -0.93541
v -0.0484759 0.487149 -0.154249
vn -0.60581 0.730581 0.315033
v -0.0510749 0.4285 0.0800529
vn -0.282908 0.442433 -0.851009
v 0.129082 0.307369 -0.00235684
vn 0.461343 -0.394646 -0.794617
v -0.0540876 0.482497 -0.175924
vn -0.728035 0.659049 -0.188732
v -0.0579351 0.475063 -0.181404
vn -0.699716 0.551747 -0.453842
v -0.0317197 0.446912 -0.1292
vn 0.129705 0.0110706 0.991491
v -0.0235813 0.421644 -0.188686
vn 0.307181 -0.39338 -0.86654
v -0.033208 0.478649 0.300766
vn -0.542569 -0.257954 -0.799424
v 0.0454788 0.476031 0.313251
vn 0.577429 0.52989 -0.621122
v 0.0901867 0.332895 -0.0119649
vn 0.558317 -0.751752 -0.350929
v -0.0700739 0.439983 0.125162
vn -0.590531 0.549376 0.59115
v -0.0461577 0.438182 0.188281
vn -0.608039 0.41677 0.675715
v -0.032782 0.421858 0.199275
vn 0.057238 0.156918 0.985952
v 0.0292752 0.468524 0.300528
vn 0.233114 0.480494 -0.845449
v 0.0229873 0.464782 0.364511
vn 0.0167576 0.180067 0.983512
v 0.0454779 0.481947 0.344521
vn 0.740762 0.567074 0.360136
v 0.00103244 0.405296 -0.0380954
vn -0.205694 0.113947 -0.97196
v -0.0529348 0.433989 0.0127
vn -0.719022 0.620305 0.313416
v 0.00863225 0.39721 0.210904
vn -0.479598 0.236243 0.845089
v 0.11545 0.325908 0.213133
vn 0.363086 -0.305024 0.880414
v 0.139196 0.310101 0.171856
vn 0.713663 -0.471163 0.518354
v 0.135233 0.315213 0.0277449
vn 0.457294 -0.847481 -0.269552
v -0.0210694 0.467835 -0.131537
vn -0.10463 0.210913 0.971889
v -0.0371584 0.479978 -0.139594
vn -0.164396 0.536067 0.828013
v 0.0207522 0.395417 -0.0398874
vn -0.135657 0.220748 -0.965851
v -0.0616152 0.407602 0.0398661
vn -0.67775 0.635305 0.370192
v -0.0614468 0.427302 0.149094
vn -0.911503 0.407749 -0.0538831
v -0.0620052 0.434391 0.161145
vn -0.914319 0.355388 -0.194215
v 0.149825 0.301806 0.0635338
vn 0.558592 -0.41744 -0.716742
v -0.0422867 0.475055 0.308643
vn -0.701587 -0.335842 -0.628479
v -0.0564 0.468204 -0.189735
vn -0.646588 0.455871 -0.611642
v -0.00236698 0.419745 -0.153737
vn 0.613488 -0.594098 0.52027
v -0.0138432 0.47604 0.294754
vn -0.0631296 -0.216334 -0.974276
v -0.0521999 0.480856 0.31859
vn -0.897787 -0.37498 -0.231017
v 0.0221305 0.491982 0.355813
vn 0.263668 0.332077 0.905651
v 0.0538964 0.473143 0.325528
vn 0.780688 0.592553 -0.198513
v -0.00836245 0.46132 -0.0891166
vn -0.729069 -0.150843 0.667611
v -0.00698728 0.479305 -0.0921918
vn -0.410524 0.277366 0.868641
v -0.00989791 0.474924 -0.0944236
vn -0.0687868 -0.23173 -0.970345
v 0.0855935 0.349207 -0.0344811
vn -0.0571059 -0.115023 -0.99172
v 0.0921682 0.346606 -0.0334079
vn 0.153093 -0.432515 -0.888534
v 0.0591403 0.3688 -0.0337041
vn 0.129172 -0.273758 -0.953085
v -0.0484234 0.41236 -0.0205211
vn 0.219443 0.118975 -0.968344
v -0.0623153 0.428976 0.139496
vn -0.710334 0.493017 0.502355
v -0.055962 0.432668 0.181793
vn -0.740997 0.474087 0.475568
v -0.0114241 0.420147 0.189857
vn 0.157232 0.253141 0.954567
v -0.00876777 0.400775 0.196247
vn -0.399541 0.39112 0.829091
v 0.0195027 0.388468 0.215037
vn -0.38913 0.115991 0.913851
v 0.0821835 0.340969 0.213907
vn 0.220947 -0.314207 0.923286
v 0.150817 0.306344 0.14651
vn 0.786114 -0.484409 0.383891
v -0.0623414 0.430707 -0.194758
vn -0.0701711 -0.0670353 -0.99528
v -0.0278871 0.431757 -0.132304
vn 0.423928 -0.205702 0.882027
v -0.0247803 0.487543 0.294098
vn -0.376948 -0.231573 -0.896819
v 0.0788088 0.359947 -0.0338436
vn -0.149173 -0.101109 -0.983628
v 0.0327554 0.389739 -0.0450212
vn -0.231538 0.151604 -0.960941
v -0.0740541 0.429066 0.130427
vn -0.508686 0.454403 0.73127
v 0.104198 0.325904 -0.00488563
vn 0.0983956 0.175523 -0.979546
v -0.0238871 0.474563 -0.13455
vn -0.355192 0.461441 0.812964
v -0.00167703 0.468688 -0.0904614
vn -0.292815 -0.0198975 -0.955962
v -0.00303722 0.458661 -0.0918784
vn -0.572509 -0.135343 -0.80865
v 0.0472093 0.39216 -0.0476378
vn 0.141257 -0.205 -0.968515
v -0.017081 0.420992 -0.0151493
vn -0.204564 0.244943 -0.947711
v -0.0525212 0.436106 0.00633226
vn -0.758339 0.6507 0.0388803
v -0.0733825 0.433923 0.0947385
vn -0.686265 0.623501 -0.374548
v 0.0924295 0.336821 0.212584
vn -0.0308232 0.134898 0.99038
v -0.0464406 0.483383 0.340563
vn -0.738588 -0.428166 0.520731
v -0.0379288 0.484753 0.351355
vn -0.601338 -0.361516 0.71253
v 0.0507016 0.478312 0.335048
vn 0.820158 0.557308 0.129419
v 0.0381501 0.478411 0.309936
vn 0.362246 0.558167 -0.746476
v -3.6356e-05 0.481988 -0.0932831
vn -0.74713 -0.461075 -0.478755
v -0.0318212 0.415778 -0.0160707
vn 0.153989 0.0886816 -0.984085
v -0.0499457 0.424701 -0.0193584
vn -0.11909 0.294987 -0.948051
v -0.0357547 0.431191 0.19816
vn -0.144913 0.262951 0.953864
v 0.071187 0.362146 0.2267
vn 0.200169 -0.245729 0.948446
v 0.135878 0.308132 0.00243981
vn 0.448884 -0.694082 -0.562808
v 0.124428 0.314434 -0.00583166
vn 0.183058 0.108287 -0.97712
v 0.00425178 0.464889 -0.0845259
vn -0.35485 0.305078 0.883747
v 0.154064 0.306618 0.138839
vn 0.84866 -0.506304 0.153079
v 0.150781 0.30739 0.0589538
vn 0.582305 -0.662846 -0.470697
v -0.0518224 0.485877 0.332709
vn -0.879341 -0.397632 0.262008
v 0.0461484 0.482907 0.322048
vn 0.733556 0.567422 -0.37407
v 0.00544987 0.456676 -0.0793428
vn -0.587854 0.213959 0.780159
v -0.0484828 0.488774 -0.169952
vn -0.673582 0.738969 0.0145899
v -0.0429669 0.492605 -0.161139
vn -0.566729 0.798859 0.2016
v -0.0255324 0.490538 -0.146423
vn -0.31508 0.59699 0.737785
v 0.00117802 0.453484 -0.091012
vn -0.603425 -0.743679 0.287784
v -0.0531199 0.462649 -0.195015
vn -0.489093 0.278644 -0.826526
v -0.0345411 0.494534 -0.153826
vn -0.414743 0.714581 0.563349
v -0.0204261 0.451539 -0.131116
vn 0.17321 -0.091915 0.980586
v 0.00735171 0.473266 0.298517
vn 0.211566 0.435443 -0.875002
v 0.0294973 0.486655 0.313318
vn 0.312 0.478956 -0.820523
v -0.00512626 0.476384 0.295333
vn 0.198758 -0.258941 -0.945222
v 0.00286177 0.477434 0.29756
vn 0.466515 -0.038835 -0.88366
v -0.0452619 0.495313 0.306741
vn -0.727801 -0.142771 -0.670762
v -0.00965494 0.485237 0.360689
vn -0.0184701 0.173333 0.98469
v -0.015505 0.481521 0.360688
vn -0.192168 0.059915 0.979531
v 0.000604472 0.497586 -0.100099
vn -0.393575 0.635429 0.664326
v -0.0121494 0.49807 -0.107513
vn -0.898555 0.409923 0.156721
v -0.0117623 0.489865 -0.0995411
vn -0.786756 0.272454 0.55388
v 0.00157991 0.490308 -0.094166
vn -0.378351 0.443058 0.812742
v 0.000361078 0.448389 -0.0985819
vn -0.921762 -0.0105001 -0.387614
v 0.105917 0.340202 -0.00804455
vn 0.363648 -0.611761 -0.702502
v -0.0475333 0.438543 -0.0112847
vn -0.663635 0.61698 -0.422996
v 0.109453 0.331328 0.215237
vn 0.0189575 0.0999492 0.994812
v 0.129733 0.313794 0.183268
vn 0.642588 -0.526832 0.556353
v 0.137845 0.315689 0.0220738
vn 0.298164 -0.892287 0.339001
v -0.0304365 0.394047 -0.170897
vn 0.587354 -0.688176 -0.425944
v 0.112443 0.333695 -0.0034637
vn 0.158181 0.0216494 -0.987173
v 0.113035 0.348977 -0.0162451
vn 0.416535 -0.838281 -0.351829
v -0.0486882 0.423889 0.0760042
vn -0.484025 0.638708 -0.598141
v -0.00138562 0.415667 0.19361
vn -0.364095 0.385486 0.847842
v 0.0395483 0.392595 0.222594
vn -0.291072 0.0907953 0.952383
v 0.124872 0.319874 0.197173
vn 0.641598 -0.604038 0.472747
v -0.0352864 0.501606 0.296305
vn -0.563799 -0.252339 -0.78642
v -0.0293616 0.484154 0.356966
vn -0.428041 -0.158561 0.889741
v 0.00412099 0.480823 -0.089179
vn -0.323591 0.272622 0.906072
v 0.00288523 0.444483 -0.0989339
vn -0.429558 -0.766513 0.477428
v -0.0182427 0.415519 -0.142272
vn 0.543252 -0.266445 0.796169
v -0.0431546 0.494517 -0.185338
vn -0.687949 0.642606 -0.337319
v 0.0577095 0.38665 -0.0395949
vn 0.330644 -0.282731 -0.90041
v 0.0236473 0.409128 -0.0368425
vn 0.0566132 0.138922 -0.988684
v 0.0113583 0.420914 -0.0374484
vn 0.104381 0.0233343 -0.994264
v -0.045091 0.443605 -0.00501034
vn -0.677735 0.71556 -0.169259
v -0.0670067 0.447068 0.10582
vn -0.727137 0.636744 -0.256571
v -0.0650184 0.450682 0.11395
vn -0.754438 0.656248 0.0127432
v 0.153687 0.303759 0.105164
vn 0.878817 -0.476377 0.0272983
v 0.00424776 0.453648 -0.0968884
vn -0.722309 -0.00138348 -0.691569
v 0.0115346 0.447199 -0.09034
vn -0.369902 -0.835293 0.406765
v 0.0466191 0.486788 0.331913
vn 0.839981 0.532139 -0.106116
v -0.00248371 0.50689 -0.113495
vn -0.396858 0.834009 0.383319
v 0.00896277 0.507071 -0.106225
vn -0.35055 0.82255 0.447802
v -0.0160955 0.444393 -0.133963
vn 0.254949 -0.363928 0.895856
v 0.0652941 0.37959 -0.0356593
vn -0.0812935 -0.236243 -0.968287
v 0.0456675 0.399651 -0.047948
vn -0.407891 0.0544722 -0.911404
v -0.0397636 0.428163 -0.0181285
vn 0.223413 -0.028132 -0.974318
v -0.0290581 0.437427 0.0459918
vn -0.668249 0.708029 0.228339
v 0.0124108 0.417037 0.201506
vn -0.532482 0.404169 0.743714
v 0.149937 0.314721 0.0130767
vn 0.318639 -0.928363 0.191344
v 0.00459508 0.445328 -0.104841
vn -0.372094 0.509827 -0.775643
v -0.0171643 0.490653 0.290715
vn -0.185234 -0.366716 -0.911706
v -0.0495331 0.504125 0.310987
vn -0.850682 0.0561094 -0.522678
v -0.0519538 0.495666 0.34169
vn -0.810441 -0.302599 0.501616
v 0.0379465 0.487477 0.348799
vn 0.618659 0.465758 0.632717
v 0.0362866 0.400094 -0.0421946
vn -0.378176 0.23236 -0.896098
v 0.00689207 0.42804 -0.0366448
vn -0.410257 0.179812 -0.894068
v -0.0452877 0.435384 0.0236267
vn -0.639984 0.631902 0.437173
v -0.0505304 0.450005 0.170014
vn -0.674125 0.537033 0.5071
v 0.028804 0.405903 0.218716
vn -0.378907 0.137051 0.91523
v 0.0529933 0.385382 0.225708
vn -0.106843 0.0948391 0.989742
v 0.160702 0.318618 0.0510972
vn 0.47448 -0.803486 -0.359554
v 0.0122677 0.446198 -0.0829456
vn -0.545711 -0.756718 -0.359968
v 0.0079017 0.450104 -0.0813596
vn -0.677227 -0.670241 0.303546
v -0.0570229 0.503239 0.332616
vn -0.999819 -0.00169172 0.0189324
v 0.0297617 0.49039 0.353055
vn 0.455153 0.393478 0.798756
v 0.0166155 0.469984 -0.0810437
vn -0.599696 0.542909 0.58789
v 0.0169137 0.461082 -0.0713388
vn -0.573455 0.0730293 0.815976
v -0.0115472 0.454099 -0.131254
vn -0.38207 -0.216656 0.898378
v -0.0461103 0.446748 -0.197582
vn -0.0113306 -0.109169 -0.993959
v -0.0363117 0.499908 -0.172977
vn -0.531011 0.845673 0.0535213
v -0.0194943 0.483104 -0.13608
vn -0.735022 0.406757 0.542487
v -0.00645601 0.421763 -0.0226265
vn -0.778947 0.393169 -0.488528
v -0.042996 0.440208 -0.0136149
vn -0.367747 0.534927 -0.760668
v -0.0531988 0.454288 0.161462
vn -0.870024 0.492093 0.0300371
v -0.0447547 0.44587 0.182629
vn -0.700774 0.556232 0.446679
v 0.143047 0.335488 0.190275
vn 0.673414 -0.611596 0.415287
v 0.0219766 0.434875 -0.0744075
vn -0.636009 -0.392044 0.664676
v 0.0139468 0.447757 -0.0986369
vn -0.320433 0.647497 -0.691426
v 0.0263183 0.433119 -0.10313
vn -0.365195 -0.788179 0.495385
v 0.00749711 0.438846 -0.105737
vn -0.61041 -0.701139 0.368517
v -0.0501862 0.50168 0.346167
vn -0.659864 0.00796266 0.751343
v 0.081985 0.371061 -0.0376511
vn -0.160673 -0.157318 -0.97439
v 0.0294459 0.418047 -0.0353869
vn -0.348522 0.180228 -0.91981
v -0.0108732 0.418867 -0.019027
vn -0.57373 0.370943 -0.73023
v 0.0738663 0.383503 0.228073
vn -0.0508207 0.0445397 0.997714
v -0.0360096 0.49935 0.354524
vn -0.369236 0.0683827 0.926816
v 0.0098606 0.499087 0.357009
vn 0.112651 0.246244 0.962639
v 0.0137951 0.492819 -0.0883839
vn -0.362549 0.368456 0.856036
v 0.0191115 0.478423 -0.0836533
vn -0.354385 0.249814 0.901113
v -0.00751498 0.425218 -0.145551
vn 0.40887 -0.384172 0.827791
v -0.0419688 0.466809 -0.198288
vn -0.167518 0.116765 -0.97893
v -0.0251075 0.503978 -0.158455
vn -0.442963 0.837657 0.319555
v -0.0155002 0.500819 -0.147188
vn -0.505127 0.628161 0.591828
v 0.117931 0.355877 -0.0298034
vn 0.337568 -0.837497 -0.429706
v 0.0512793 0.408578 -0.048807
vn 0.150452 -0.348197 -0.925269
v 0.00192076 0.42955 -0.0321394
vn -0.770737 0.363357 -0.523389
v -0.0188975 0.433882 -0.0125938
vn 0.142429 0.0396258 -0.989012
v -0.0476714 0.459433 0.0931118
vn -0.548132 0.583483 -0.599249
v -0.0495165 0.449628 0.141399
vn -0.848721 0.528732 0.0107647
v -0.0244841 0.437722 0.195163
vn 0.276798 0.198647 0.940171
v -0.00712129 0.434481 0.185288
vn 0.36937 0.0662148 0.926921
v -0.012791 0.441751 0.188321
vn 0.378799 0.086772 0.921402
v 0.0880206 0.366732 0.22391
vn 0.226812 -0.328491 0.91687
v 0.134568 0.322754 -0.00361138
vn 0.128975 0.0664275 -0.98942
v 0.0104889 0.483153 0.300319
vn 0.501678 -0.802134 -0.323884
v 0.00704755 0.485475 0.294962
vn 0.167892 -0.752339 -0.637023
v -0.00188919 0.49021 0.289911
vn -0.0191119 -0.512563 -0.858437
v 0.0354512 0.504716 0.337849
vn 0.888205 0.38618 0.24891
v -0.000895962 0.509943 -0.12268
vn -0.88261 0.470049 -0.0073059
v 0.0192159 0.466407 -0.0695682
vn -0.512578 0.18696 0.838039
v -0.00140764 0.431757 0.185321
vn -0.40473 0.312855 0.859253
v 0.0448857 0.402777 0.223394
vn -0.183011 0.0635816 0.981053
v 0.162307 0.318347 0.103853
vn 0.812333 -0.569706 0.1247
v 0.141687 0.320493 -0.00213489
vn 0.0583347 -0.177903 -0.982317
v -0.0424171 0.485385 -0.193201
vn -0.40879 0.374417 -0.832287
v 0.0942613 0.356222 -0.037174
vn -0.147361 -0.258497 -0.954706
v -0.0304099 0.434046 0.0587101
vn -0.695686 0.718136 0.0173423
v -0.0505295 0.443901 0.0855435
vn -0.259232 0.331883 -0.907002
v -0.0494876 0.451162 0.146483
vn -0.861754 0.422101 -0.281443
v 0.0294697 0.428007 -0.0746307
vn -0.528014 -0.849174 0.0102198
v 0.021281 0.443622 -0.086596
vn -0.402318 -0.817438 -0.412232
v 0.0307881 0.429993 -0.0788333
vn -0.36837 -0.692802 -0.619942
v 0.0237875 0.441759 -0.0932446
vn -0.396194 -0.824873 0.403256
v 0.00888507 0.449447 -0.102972
vn -0.856158 -0.402381 0.324166
v -0.0532121 0.50598 0.319367
vn -0.942995 0.0789484 -0.323306
v -0.0296085 0.503912 0.355606
vn -0.130579 0.302698 0.944099
v 0.0359553 0.493516 0.322669
vn 0.626704 0.506263 -0.592401
v 0.110972 0.355549 -0.0336713
vn 0.248828 -0.716544 -0.651651
v -0.0352167 0.444024 0.192794
vn -0.325667 0.359409 0.874509
v -0.00692532 0.450358 -0.129861
vn -0.468758 -0.50561 0.724309
v -0.0140231 0.406346 -0.163827
vn 0.6708 -0.740642 -0.0384196
v -0.0544264 0.449004 0.131399
vn -0.607322 0.539169 0.583486
v -0.0382423 0.461517 0.170972
vn -0.684064 0.580838 0.44123
v -0.0545459 0.509787 0.336406
vn -0.901368 0.395474 0.176453
v 0.0287896 0.418547 0.213735
vn -0.587695 0.274542 0.761079
v 0.0931725 0.391626 0.228181
vn -0.0172697 -0.111772 0.993584
v 0.13644 0.350327 0.212338
vn 0.163467 -0.0946786 0.981995
v 0.146241 0.349403 0.207356
vn 0.545208 -0.544815 0.637122
v -0.0040919 0.435088 -0.141772
vn -0.0715031 -0.603519 0.794136
v 0.0243318 0.472881 -0.0706471
vn -0.64768 0.608729 0.458214
v 0.0155821 0.425669 0.200135
vn -0.677077 0.146516 0.721179
v 0.119782 0.354031 0.211886
vn 0.0111753 0.0128721 0.999855
v 0.173622 0.314934 0.0747894
vn 0.636833 -0.542115 -0.548229
v 0.0362987 0.414666 -0.04121
vn -0.641676 -0.0115103 -0.76689
v 0.0236807 0.423577 -0.0340749
vn 0.192466 0.0156597 -0.981179
v 0.00644924 0.437419 -0.115461
vn -0.820374 -0.494743 0.286735
v 0.0152661 0.428524 -0.118031
vn -0.391133 -0.825707 0.406476
v -0.0335313 0.500277 -0.183162
vn -0.270693 0.932979 -0.237224
v 0.0245912 0.467416 -0.0691194
vn -0.38821 -0.0956476 0.916594
v 0.0692898 0.392529 -0.0396839
vn -0.0174969 -0.200612 -0.979514
v 0.0465962 0.414215 -0.0488916
vn -0.656167 -0.169315 -0.735375
v 0.0368509 0.418014 0.219764
vn -0.418822 0.160731 0.89373
v 0.150891 0.316813 0.158939
vn 0.747121 -0.531678 0.398908
v 0.119999 0.338236 -0.0022871
vn 0.125297 -0.220003 -0.967419
v -0.0209132 0.50136 0.288484
vn -0.368978 -0.37733 -0.849399
v -0.0370496 0.512207 0.294892
vn -0.76313 0.00537579 -0.646222
v -0.0488388 0.51366 0.342704
vn -0.519591 0.657846 0.545219
v 0.0354792 0.498472 0.344532
vn 0.775872 0.41444 0.47567
v -0.028289 0.433193 -0.194064
vn 0.190921 -0.230059 -0.954265
v -0.0199976 0.506316 -0.165404
vn -0.25161 0.96676 -0.0454621
v -0.00862465 0.50753 -0.152574
vn -0.371775 0.908635 0.19017
v 0.00115135 0.513906 -0.128197
vn -0.236162 0.945306 0.225
v -0.00243506 0.513011 -0.132632
vn -0.848006 0.486053 0.211279
v 0.0204257 0.502492 -0.0917726
vn -0.287679 0.570627 0.769172
v 0.0283799 0.446411 -0.0701556
vn -0.443994 -0.0858444 0.891908
v 0.0409068 0.446854 -0.0636991
vn -0.510773 0.0170533 0.859547
v -0.029503 0.45396 0.191372
vn -0.1078 0.330483 0.937635
v 0.152496 0.327644 0.170608
vn 0.640565 -0.561964 0.523329
v -0.0482321 0.517229 0.315899
vn -0.826178 0.52608 -0.201667
v -0.0401844 0.510435 0.349867
vn -0.37055 0.397261 0.839569
v -0.00517136 0.491219 0.254942
vn -0.647059 -0.614142 -0.451823
v -0.00157644 0.493286 0.261322
vn -0.679205 -0.68653 0.259532
v -0.00940794 0.500113 0.258521
vn -0.876865 -0.443599 0.185275
v 0.00662803 0.483974 0.253388
vn -0.736934 -0.672157 -0.0716484
v 2.73264e-06 0.440602 -0.131075
vn -0.771728 -0.533233 0.346552
v -0.0326778 0.457907 -0.198755
vn 0.115161 -0.0495152 -0.992112
v -0.032435 0.496864 -0.189052
vn -0.0452607 0.711958 -0.700761
v 0.0351833 0.461353 0.281532
vn -0.23832 -0.95449 -0.179311
v 0.0285486 0.466456 0.271738
vn -0.329161 -0.927482 -0.177287
v 0.0367431 0.465455 0.270221
vn 0.131963 -0.917783 -0.374514
v 0.0350035 0.469065 0.260159
vn -0.290343 -0.940386 -0.177129
v 0.0401946 0.427934 -0.0619482
vn -0.320173 -0.849073 0.420195
v -0.035067 0.436639 0.0355934
vn -0.619402 0.649689 0.440732
v -0.0322181 0.462969 0.184039
vn -0.701601 0.50616 0.501555
v 0.00846743 0.438338 0.190844
vn -0.676462 0.136023 0.723808
v 0.111351 0.358232 0.213381
vn 0.203831 -0.363322 0.909093
v 0.151042 0.34942 0.201182
vn 0.658722 -0.659814 0.361566
v 0.17214 0.313539 0.0854206
vn 0.628168 -0.577743 0.52117
v 0.168427 0.319324 0.0648767
vn 0.554937 -0.744198 -0.371771
v 0.0683195 0.403524 -0.0423686
vn 0.0268588 -0.412129 -0.91073
v 0.0447316 0.430448 -0.0568443
vn -0.93749 -0.294477 -0.185461
v -0.0067775 0.499293 0.253027
vn -0.621985 -0.136138 -0.771104
v 0.0067987 0.496692 0.246501
vn -0.691066 -0.223613 -0.687332
v -0.0213431 0.519575 0.278402
vn -0.725267 -0.228107 -0.649581
v -0.00431876 0.506226 0.356547
vn -0.00951678 0.280695 0.95975
v 0.0330816 0.492909 0.316876
vn 0.476391 -0.867331 -0.144181
v 0.0160999 0.485475 0.298151
vn 0.113151 -0.983892 0.138393
v 0.037796 0.439773 -0.0627137
vn -0.520206 0.122187 0.845255
v 0.00747626 0.431339 -0.121991
vn -0.716599 -0.656674 0.235085
v -0.0314599 0.479059 -0.196502
vn 0.108783 0.168992 -0.979596
v 0.0490226 0.460737 0.286661
vn 0.190426 -0.911271 -0.365135
v 0.0432764 0.422502 -0.0738791
vn -0.349774 -0.936325 0.0308805
v 0.0366648 0.430822 -0.0441212
vn -0.812109 -0.0305788 -0.582704
v 0.032836 0.428959 -0.0365906
vn -0.912636 0.194786 -0.359381
v -0.0334466 0.453336 0.014813
vn -0.655882 0.682737 0.322008
v -0.0468909 0.466957 0.121471
vn -0.624176 0.643358 0.443276
v -0.0470455 0.455174 0.134918
vn -0.755794 0.565828 0.329568
v 0.0244781 0.439289 0.207942
vn -0.60358 0.137124 0.785423
v 0.0610228 0.409768 0.224902
vn -0.0875378 0.0439237 0.995192
v 0.160355 0.324153 0.030575
vn 0.244311 -0.936633 0.251058
v 0.152067 0.317839 0.00512941
vn 0.462169 -0.769725 -0.440368
v 0.121795 0.348337 -0.00863203
vn 0.232 -0.7365 -0.635409
v 0.10691 0.359553 -0.0383826
vn -0.00633163 -0.490883 -0.871202
v 0.0864091 0.389239 -0.0390652
vn -0.176937 -0.192257 -0.965262
v -7.24335e-05 0.494706 0.286075
vn -0.318316 -0.689723 -0.650351
v -0.00660033 0.504314 0.282144
vn -0.529257 -0.649372 -0.54608
v -0.0394292 0.516794 0.298987
vn -0.828118 0.251545 -0.500945
v -0.0502118 0.516433 0.33312
vn -0.73803 0.670849 0.0726188
v 0.028231 0.468031 -0.0665536
vn -0.335234 0.0913361 0.937697
v 0.00240253 0.433447 -0.140715
vn -0.670024 -0.691743 0.269367
v -0.0204921 0.412598 -0.182093
vn 0.443881 -0.551482 -0.706284
v -0.0316972 0.489865 -0.193609
vn 0.146175 0.404024 -0.902994
v -0.0102175 0.501147 -0.139658
vn -0.794847 0.525477 0.303468
v 0.0212139 0.517401 -0.11803
vn -0.330115 0.899114 0.287432
v 0.0289018 0.480035 -0.0792821
vn -0.433733 0.520073 0.735798
v -0.035146 0.453968 0.00815378
vn -0.695914 0.71414 0.0755501
v -0.0498026 0.462157 0.0999049
vn -0.61047 0.69875 -0.372927
v -0.0136635 0.51361 0.259106
vn -0.925651 -0.230459 -0.300097
v -0.0189106 0.511387 0.280782
vn -0.442003 -0.528828 -0.724551
v -0.000951338 0.513463 -0.140305
vn -0.517136 0.841872 -0.154345
v 0.0138862 0.460122 0.194805
vn -0.698001 0.150288 0.700149
v 0.168095 0.321531 0.0954992
vn 0.680915 -0.560611 0.471243
v 0.0131836 0.484532 0.23631
vn -0.876196 -0.363995 -0.315893
v 0.020715 0.476384 0.244531
vn -0.478144 -0.847896 -0.229022
v 0.0515185 0.459974 0.294059
vn 0.253258 -0.965356 0.0628421
v 0.0380452 0.460007 0.290597
vn -0.352394 -0.919554 0.173893
v 0.0419929 0.467482 0.266846
vn -0.0263547 -0.977068 0.211292
v 0.0460923 0.43085 -0.0858186
vn -0.340322 -0.764124 -0.547992
v -0.018909 0.503937 -0.176557
vn -0.0526863 0.902844 -0.426728
v -0.0268757 0.439396 0.0743554
vn -0.530422 0.664606 -0.526262
v -0.0531665 0.463625 0.110349
vn -0.656973 0.730676 -0.185739
v -0.00425453 0.51215 0.251005
vn -0.591406 0.0143337 -0.806246
v 0.0270582 0.485139 0.296759
vn -0.065399 -0.925838 0.372218
v 0.000667256 0.443203 0.18526
vn 0.0673231 0.11385 0.991214
v 0.0477691 0.431946 0.221571
vn -0.379547 0.0267116 0.924787
v 0.16407 0.320645 0.116464
vn 0.840233 -0.542089 0.0121751
v 0.129635 0.338138 -0.00233715
vn -0.0107566 -0.118587 -0.992885
v 0.0138471 0.424463 -0.13131
vn -0.471 -0.855731 0.214202
v 0.00605918 0.425283 -0.149469
vn -0.245051 -0.845164 0.475023
v 0.0048217 0.427548 -0.176193
vn 0.522705 -0.680656 -0.51331
v 0.00302483 0.511629 -0.157439
vn -0.256721 0.965052 -0.0526159
v 0.0136541 0.515424 -0.126179
vn -0.300522 0.933702 0.194646
v 0.0335034 0.48196 -0.0688236
vn -0.704975 0.627566 0.33041
v -0.0136955 0.449381 0.0723818
vn -0.642916 0.740674 -0.19509
v -0.0195331 0.453123 0.0812867
vn -0.318518 0.428484 -0.845546
v 0.0110694 0.484581 0.247748
vn -0.760222 -0.520782 -0.388392
v -0.00604525 0.50232 0.269487
vn -0.794649 -0.590336 0.141551
v 0.0178128 0.512544 0.351505
vn 0.327676 0.359065 0.8739
v 0.0376494 0.499424 0.331536
vn 0.875561 0.402185 -0.267656
v 0.0579633 0.427507 0.224687
vn -0.14483 -0.016208 0.989324
v 0.0672254 0.417292 -0.0508866
vn -0.000803223 -0.534787 -0.844987
v 0.0481131 0.428574 -0.0572672
vn -0.253326 -0.954324 -0.158402
v 0.0377509 0.435285 -0.0889525
vn -0.386543 -0.833422 0.394959
v 0.0517103 0.470313 0.272093
vn 0.258705 -0.933455 -0.248462
v 0.0441928 0.435704 -0.054192
vn -0.946263 -0.113816 -0.30271
v 0.0184064 0.44605 -0.03764
vn 0.103565 -0.0694916 -0.992192
v 0.00240961 0.445304 -0.0138291
vn -0.487227 0.457274 -0.743983
v -0.041584 0.471863 0.153319
vn -0.816177 0.496846 -0.294956
v -0.0284106 0.519895 0.346961
vn -0.266759 0.599697 0.754455
v 0.0353932 0.492154 0.313877
vn 0.0978196 -0.873949 0.476072
v 0.127641 0.343742 -0.00378944
vn 0.0520251 -0.492681 -0.868653
v 0.0536584 0.420241 -0.080729
vn -0.324333 -0.752399 -0.573327
v 0.00261619 0.508449 -0.146066
vn -0.400032 0.902624 -0.158888
v 0.0489963 0.460663 0.302735
vn 0.07492 -0.902106 0.424962
v 0.0032913 0.441578 -0.0180645
vn -0.764346 0.544334 -0.345652
v 0.00582591 0.459219 -0.00890854
vn 0.0551119 0.0665932 -0.996257
v -0.00991789 0.465215 -0.010713
vn -0.219986 0.400939 -0.8893
v -0.0489267 0.467186 0.116194
vn -0.65166 0.748518 0.122723
v -0.0158603 0.514636 0.273359
vn -0.814162 -0.538815 -0.216376
v -0.0362374 0.526599 0.300292
vn -0.816806 0.367965 -0.44433
v -0.0403499 0.526558 0.325752
vn -0.643799 0.747936 0.161602
v 0.00509501 0.45341 0.184287
vn -0.625945 0.128316 0.769239
v 0.0367278 0.442941 0.213889
vn -0.576852 0.0882763 0.812065
v 0.169741 0.322516 0.0128381
vn 0.409366 -0.830082 -0.378661
v 0.0632278 0.464553 0.286474
vn 0.14361 -0.947582 -0.285419
v -0.00777478 0.460503 -0.194318
vn 0.217119 -0.0371785 -0.975437
v -0.0121895 0.497988 -0.182987
vn 0.116834 0.625797 -0.771186
v 0.00370541 0.509057 -0.16813
vn -0.195519 0.901366 -0.386409
v 0.0433294 0.495005 -0.0821177
vn -0.308744 0.530174 0.789679
v 0.0381523 0.487752 -0.0770856
vn -0.66521 0.737599 0.115945
v 0.00769977 0.516137 -0.141475
vn -0.399675 0.907568 -0.128765
v 0.011496 0.446309 -0.0326904
vn -0.790509 0.536736 -0.294974
v 0.00866681 0.474907 -0.009295
vn 0.102731 0.0534856 -0.99327
v -0.0399576 0.465808 0.143013
vn -0.80156 0.502937 -0.323351
v 0.0131121 0.496035 0.229783
vn -0.922325 -0.166799 -0.348561
v 0.0207835 0.482464 0.223961
vn -0.810382 -0.517413 -0.274892
v 0.00912785 0.513717 0.238986
vn -0.901293 -0.0693644 -0.427621
v 0.0291646 0.511854 0.345072
vn 0.600338 0.265362 0.754438
v 0.0713761 0.416397 0.225946
vn -0.167227 -0.00646321 0.985897
v 0.105693 0.370695 0.220607
vn 0.204795 -0.373285 0.90483
v 0.0724544 0.42059 -0.0556549
vn -0.213065 -0.889682 -0.403819
v 0.0706498 0.469894 0.303245
vn 0.267884 -0.847621 0.458014
v 0.0431868 0.463469 0.253492
vn -0.441788 -0.881626 0.166011
v 0.0501645 0.46013 0.251605
vn -0.487936 -0.725533 0.485305
v 0.0564962 0.464881 0.259106
vn -0.0654097 -0.87471 0.480213
v 0.0429898 0.442465 -0.053049
vn -0.916646 0.0965675 -0.38786
v 0.0459826 0.460204 -0.0523221
vn -0.953161 0.242262 -0.181092
v 0.0106055 0.441595 -0.0354764
vn -0.501921 0.275972 -0.819704
v 0.0032424 0.51151 0.246248
vn -0.673352 -0.117638 -0.729903
v -0.0316538 0.525606 0.339008
vn -0.4526 0.743157 0.49282
v -0.0114122 0.522127 0.349677
vn -0.0802164 0.494379 0.865537
v 0.158736 0.352435 0.190214
vn 0.623329 -0.623168 0.472359
v 0.162096 0.33511 0.166694
vn 0.69993 -0.625065 0.34553
v 0.0904484 0.403745 -0.0451517
vn -0.219796 -0.443302 -0.869007
v 0.0372876 0.423445 -0.107418
vn -0.346324 -0.810281 0.472763
v 0.0278512 0.422436 -0.121201
vn -0.389678 -0.858037 0.33455
v -0.0107013 0.488355 -0.188644
vn 0.108777 0.424362 -0.898935
v 0.0102576 0.516347 -0.154261
vn -0.327354 0.930745 -0.162948
v 0.0246283 0.512609 -0.10251
vn -0.322099 0.834323 0.447389
v 0.028777 0.50895 -0.0957717
vn -0.241065 0.756158 0.608369
v 0.00401162 0.476294 0.0833558
vn -0.244728 0.297835 -0.922715
v -0.0343863 0.482325 0.157863
vn -0.628262 0.598628 0.496922
v -0.0223686 0.474727 0.184426
vn -0.248405 0.440924 0.862486
v -0.0223784 0.48093 0.178613
vn -0.759037 0.603381 0.244528
v 0.0396758 0.499904 0.326414
vn 0.529209 -0.709448 0.465426
v 0.0367952 0.455502 0.216416
vn -0.898587 -0.281989 0.336191
v 0.0440414 0.445353 0.222135
vn -0.669364 -0.380619 0.638029
v 0.0555072 0.467383 0.309748
vn 0.0834373 -0.648198 0.756887
v 0.064568 0.465348 0.295857
vn 0.195422 -0.956172 0.218051
v 0.170195 0.329748 0.134002
vn 0.812596 -0.579176 0.0651468
v 0.168055 0.326663 0.038577
vn 0.345671 -0.932058 -0.108535
v 0.000256259 0.420475 -0.168906
vn 0.581536 -0.779758 -0.231935
v -0.0141852 0.478969 -0.192389
vn 0.179101 0.220321 -0.958844
v -0.0146255 0.523268 0.263106
vn -0.824517 0.0717572 -0.561269
v -0.0214225 0.530258 0.27718
vn -0.843719 0.180929 -0.505375
v 0.0564779 0.471962 0.271088
vn -0.102122 -0.983732 0.147794
v 0.0725709 0.46164 0.259906
vn -0.201416 -0.596616 0.776841
v 0.063413 0.451359 0.252811
vn -0.343564 -0.623013 0.702722
v 0.108687 0.383741 0.224508
vn 0.164528 -0.292846 0.941898
v 0.101943 0.368094 -0.040735
vn -0.271023 -0.185329 -0.944563
v 0.0577836 0.417612 -0.0770241
vn -0.261925 -0.904522 0.336503
v 0.063439 0.424135 -0.0937426
vn -0.237732 -0.90443 0.354245
v 0.00803084 0.423913 -0.155927
vn 0.249744 -0.967714 0.0340226
v 0.0324964 0.445123 -0.0329369
vn 0.11021 -0.106499 -0.988186
v -0.0373733 0.469156 0.130714
vn -0.64907 0.663914 0.371384
v -0.0192161 0.460335 0.188378
vn 0.225146 0.166686 0.959961
v 0.0383179 0.443966 -0.0362271
vn -0.889547 0.376232 -0.259144
v -0.016321 0.466481 -0.0062333
vn -0.51545 0.672081 -0.531619
v -0.0307364 0.468688 0.0889245
vn -0.390461 0.461541 -0.796568
v 0.0749428 0.428057 0.225532
vn -0.109134 -0.266133 0.957738
v 0.133587 0.356402 -0.0189367
vn 0.287022 -0.846762 -0.447897
v 0.139095 0.352349 -0.00983079
vn 0.0632477 -0.74476 -0.664328
v 0.00482949 0.437369 -0.183875
vn 0.397967 -0.475382 -0.784624
v 0.016776 0.51809 -0.142086
vn -0.243835 0.969809 -0.0039479
v 0.0300203 0.521938 -0.128046
vn -0.288397 0.953847 0.0836813
v 0.0438089 0.469377 -0.0629968
vn -0.377866 0.0684015 0.92333
v -0.00991139 0.458522 0.0380528
vn -0.645723 0.691729 0.323346
v -0.015221 0.447281 0.0603965
vn -0.641968 0.764473 0.0588039
v -0.0313101 0.474546 0.134468
vn -0.777533 0.627545 -0.0403737
v -0.0219738 0.482661 0.165681
vn -0.693107 0.664652 0.279
v 0.0192482 0.499424 0.211451
vn -0.925573 -0.14516 -0.349632
v -0.00398696 0.521947 0.251349
vn -0.751911 0.0539165 -0.657057
v 0.00549755 0.463297 0.183876
vn -0.74308 0.341601 0.575449
v 0.0296251 0.465 0.205405
vn -0.686789 0.175628 0.70532
v 0.0507953 0.473061 0.311676
vn -0.709607 -0.247362 0.65975
v 0.0569081 0.483022 0.319563
vn -0.0477956 -0.451288 0.891097
v 0.0732256 0.444815 0.247717
vn -0.308172 -0.853574 0.420049
v 0.0580322 0.437287 0.226778
vn -0.387541 -0.478217 0.788112
v 0.18025 0.320034 0.0799054
vn 0.753715 -0.656732 -0.024834
v 0.0694658 0.421164 -0.0615215
vn -0.259626 -0.895504 0.361478
v 0.0175853 0.421296 -0.142109
vn -0.266007 -0.962854 0.0463966
v 0.0445407 0.493672 -0.0655748
vn -0.439316 0.276734 0.854646
v 0.0175669 0.500056 0.22161
vn -0.853583 0.115199 -0.50806
v -0.0164418 0.538381 0.270753
vn -0.820762 0.329788 -0.466464
v -0.0278997 0.537151 0.324693
vn -0.457353 0.838799 0.295372
v -0.0160916 0.52783 0.344173
vn -0.173882 0.684572 0.707903
v 0.0450583 0.490735 0.311433
vn -0.234146 -0.774047 0.588241
v 0.0383833 0.484663 0.30004
vn -0.467653 -0.58446 0.663104
v 0.0485068 0.487871 0.311335
vn -0.719202 -0.265961 0.641882
v 0.09088 0.407134 0.231542
vn -0.125261 0.0494391 0.990891
v 0.136483 0.382133 0.219295
vn 0.162101 -0.376772 0.912012
v 0.170936 0.333658 0.143663
vn 0.757082 -0.591626 0.277139
v 0.161748 0.329412 -0.000206306
vn 0.365379 -0.69675 -0.617282
v 0.0752688 0.412262 -0.0727107
vn -0.283609 -0.878047 0.385486
v 0.0107482 0.424578 -0.163011
vn 0.139008 -0.944066 -0.299027
v 0.0126591 0.510353 0.227839
vn -0.902492 -0.00984386 -0.430595
v -0.0276216 0.537126 0.296515
vn -0.726197 0.661684 -0.186579
v 0.00611218 0.519346 0.351394
vn 0.121384 0.50243 0.856055
v 0.0708582 0.475588 0.30959
vn 0.270557 -0.586784 0.763206
v 0.0727193 0.4679 0.277501
vn 0.0273806 -0.991548 -0.126817
v 0.0620731 0.443884 0.236105
vn -0.498187 -0.753298 0.429362
v 0.0716828 0.437082 0.230275
vn -0.271512 -0.760018 0.590469
v 0.16016 0.334347 -0.00477568
vn 0.0575414 -0.35918 -0.931493
v 0.102676 0.396549 -0.046933
vn -0.387938 -0.26575 -0.882543
v 0.0862573 0.415257 -0.0519955
vn -0.159356 -0.619838 -0.76838
v 0.0386233 0.417595 -0.117683
vn -0.25464 -0.909419 0.328809
v 0.0301187 0.418884 -0.134742
vn -0.23841 -0.97104 0.0155483
v 8.6194e-05 0.463872 0.181648
vn 0.211831 0.185733 0.959495
v -0.00622371 0.483481 0.0866953
vn -0.222737 0.288746 -0.931136
v 0.00119505 0.499748 0.0925069
vn -0.507237 0.622567 -0.59592
v -0.0067497 0.500745 0.106829
vn -0.607748 0.775116 -0.172735
v -0.0221388 0.487083 0.120975
vn -0.608422 0.741333 0.283279
v -0.0282382 0.479904 0.138659
vn -0.703187 0.565452 -0.431035
v -0.0198573 0.54035 0.283091
vn -0.814299 0.512798 -0.271946
v -0.0263574 0.540326 0.308021
vn -0.641097 0.767458 0.00129496
v 0.0844399 0.421345 0.227139
vn -0.0862357 0.151915 0.984624
v 0.101542 0.396508 0.230375
vn 0.0266739 -0.269188 0.962718
v 0.17957 0.342667 0.122271
vn 0.799572 -0.598108 0.0543291
v 0.143248 0.344263 -0.0050366
vn -0.108102 -0.273905 -0.955662
v 0.0452694 0.450916 -0.0594539
vn -0.946381 0.135318 0.293345
v 0.0475318 0.468959 -0.059778
vn -0.778012 0.183557 0.600837
v 0.0124735 0.471519 0.188144
vn -0.65721 0.330939 0.677166
v 0.0431031 0.456897 -0.0346427
vn -0.535892 0.19606 -0.821207
v -0.0151399 0.466875 0.0212576
vn -0.597532 0.635808 0.488573
v -0.00566638 0.502402 0.172001
vn -0.646505 0.691975 0.321251
v 0.0305263 0.471322 0.209587
vn -0.964144 -0.265026 0.0136717
v 0.000594544 0.532375 0.244643
vn -0.768081 -0.000684678 -0.640352
v -0.0200216 0.53523 0.334891
vn -0.237173 0.810827 0.535078
v 0.0789122 0.46516 0.292247
vn 0.134194 -0.979912 0.147526
v 0.0762923 0.466366 0.267704
vn -0.0135392 -0.93946 0.34239
v 0.116637 0.376283 -0.0487594
vn -0.322261 -0.304628 -0.896297
v 0.0730573 0.422358 -0.0883441
vn -0.259931 -0.783864 -0.563908
v 0.0527722 0.423281 -0.101557
vn -0.16272 -0.895901 0.41338
v 0.0135709 0.485705 -0.187171
vn 0.0681085 0.249832 -0.965891
v 0.032077 0.522455 -0.146211
vn -0.23872 0.950685 -0.198018
v 0.0478107 0.467465 -0.0486823
vn -0.903471 0.409026 0.128209
v -0.00486037 0.4623 0.0793885
vn -0.512099 0.594449 -0.619988
v -0.0273341 0.49071 0.149466
vn -0.749686 0.571969 -0.3329
v -0.00702474 0.540843 0.259308
vn -0.79496 0.245423 -0.554803
v 0.0494157 0.50264 0.325709
vn -0.029727 -0.669951 0.74181
v 0.0926252 0.449324 0.259527
vn -0.173448 -0.452311 0.874832
v 0.0876185 0.443466 0.254189
vn -0.208637 -0.725407 0.655939
v 0.167042 0.320694 0.0183039
vn 0.286627 -0.928179 0.237337
v 0.084538 0.419265 -0.0589037
vn -0.121685 -0.992551 0.00588957
v 0.0128059 0.447716 -0.185081
vn 0.252316 -0.282162 -0.925592
v 0.00717678 0.502657 -0.179349
vn -0.0630378 0.719166 -0.691973
v 0.0199604 0.459449 -0.0263885
vn -0.761485 0.639757 -0.104172
v -0.0173359 0.469992 0.00759994
vn -0.641693 0.766905 -0.00936407
v -0.0140844 0.493894 0.160184
vn -0.37872 0.644843 0.663889
v -0.0037182 0.533934 0.33945
vn -0.0211552 0.732773 0.680144
v 0.0403543 0.508269 0.333997
vn 0.546208 -0.385553 0.743644
v 0.090103 0.439601 0.248752
vn -0.126379 -0.920487 0.369774
v 0.0842807 0.434227 0.232515
vn -0.142141 -0.869005 0.473948
v 0.0982604 0.430157 0.22775
vn -0.0520455 -0.479852 0.875805
v 0.139285 0.371335 0.213105
vn 0.116029 -0.264461 0.957391
v 0.172256 0.352784 0.176617
vn 0.596192 -0.619612 0.510525
v 0.175298 0.324066 0.0578995
vn 0.508407 -0.857989 -0.0733318
v 0.136823 0.37337 -0.0477002
vn 0.157661 -0.718841 -0.67706
v 0.0178137 0.502714 -0.180286
vn 0.0354751 0.537247 -0.842678
v 0.0130773 0.511674 -0.171111
vn -0.0788095 0.880769 -0.466943
v 0.0232923 0.517147 -0.154041
vn -0.105062 0.937181 -0.332648
v 0.044854 0.517902 -0.101245
vn -0.332691 0.821775 0.462604
v 0.0486232 0.498464 -0.071219
vn -0.700312 0.713781 0.0089458
v -0.0144114 0.548498 0.295293
vn -0.660909 0.750445 0.00554684
v 0.0573585 0.494115 0.324198
vn -0.18627 -0.46194 0.867131
v 0.180697 0.325822 0.0693701
vn 0.63163 -0.732937 -0.252679
v 0.0244912 0.420689 -0.153737
vn -0.0403333 -0.978952 -0.200064
v 0.0141033 0.429402 -0.172993
vn 0.199883 -0.810734 -0.550234
v 0.0140701 0.474997 -0.188803
vn 0.110809 0.066947 -0.991584
v 0.00240418 0.473123 0.0324582
vn -0.593811 0.662456 0.456664
v 0.0290581 0.482866 0.201227
vn -0.95159 -0.195626 -0.23708
v 0.0229022 0.512831 0.216301
vn -0.728966 0.218114 -0.648872
v 0.00889352 0.53514 0.23703
vn -0.779639 0.0271278 -0.625641
v 0.0860965 0.461763 0.261435
vn -0.125097 -0.393785 0.91065
v 0.190445 0.346318 0.0935839
vn 0.643286 -0.503214 0.577026
v 0.122678 0.368587 -0.0447636
vn 0.0133442 -0.604343 -0.796612
v 0.0615997 0.415257 -0.115595
vn -0.0913813 -0.940293 0.327871
v 0.0144003 0.436877 -0.179807
vn 0.16876 -0.586087 -0.792478
v 0.000669385 0.461787 0.0531597
vn -0.62001 0.730837 0.285422
v -0.00784134 0.487174 0.180335
vn 0.175432 0.243094 0.954007
v 0.0149375 0.520987 0.225386
vn -0.824278 0.0568689 -0.563322
v -0.00334261 0.550164 0.260795
vn -0.724128 0.557853 -0.405511
v 0.0308376 0.535419 0.333398
vn 0.185709 0.478669 0.858131
v 0.0359793 0.515645 0.339262
vn 0.537128 0.0261921 0.843094
v 0.0902491 0.471371 0.299682
vn 0.216657 -0.713106 0.666738
v 0.11259 0.404155 0.231146
vn 0.10449 -0.240509 0.965006
v 0.0954133 0.417809 -0.0568438
vn -0.213762 -0.760509 -0.613133
v 0.103165 0.410908 -0.0550322
vn -0.297451 -0.500105 -0.813276
v 0.0803095 0.411318 -0.0826593
vn -0.244163 -0.713094 -0.657177
v 0.0424495 0.415142 -0.125935
vn -0.164919 -0.979701 0.113961
v 0.0214692 0.425374 -0.166942
vn 0.0845343 -0.863007 -0.49807
v 0.0298506 0.469894 -0.0365274
vn -0.700697 0.503663 -0.505319
v -0.0130249 0.549819 0.277415
vn -0.699497 0.659496 -0.275261
v -0.00747718 0.551025 0.306377
vn -0.488236 0.845073 0.217894
v 0.0719716 0.490062 0.31817
vn 0.282911 -0.41772 0.863407
v 0.0906478 0.467433 0.29215
vn 0.195166 -0.979053 0.0580197
v 0.101427 0.424332 0.226893
vn -0.0595864 0.172155 0.983266
v 0.107804 0.412795 0.230692
vn -0.0663679 0.181304 0.981185
v 0.125465 0.391311 0.223209
vn 0.11308 -0.377294 0.919164
v 0.154318 0.361358 0.20949
vn 0.262729 -0.273654 0.92525
v 0.179262 0.327488 0.0495642
vn 0.38117 -0.907956 -0.174141
v 0.153461 0.352956 -0.0110336
vn -0.106707 -0.672743 -0.732141
v 0.0793487 0.409407 -0.0777781
vn -0.232537 -0.97248 0.0144748
v 0.038445 0.420303 -0.148896
vn 0.0260072 -0.950698 -0.309026
v 0.0125475 0.462559 -0.188848
vn 0.147874 -0.142397 -0.978701
v 0.041349 0.52529 -0.136433
vn -0.219792 0.975542 0.00318122
v 0.0459255 0.510049 -0.0908897
vn -0.295645 0.627839 0.720009
v 0.0206435 0.462116 -0.0188284
vn -0.7298 0.645565 -0.22503
v 0.0251847 0.469943 -0.013226
vn -0.674505 0.612412 -0.412303
v 0.0231597 0.472027 -0.00852291
vn -0.258686 0.319331 -0.911652
v -0.00183493 0.550877 0.313265
vn -0.303175 0.852794 0.425238
v 0.0272183 0.523071 0.342002
vn 0.422436 0.35766 0.832843
v 0.0822935 0.479387 0.309091
vn 0.325582 -0.473828 0.81822
v 0.104857 0.441308 0.254194
vn -0.0515791 -0.737375 0.673511
v 0.178035 0.338776 0.104874
vn 0.764111 -0.617589 0.18633
v 0.186443 0.329892 0.0854697
vn 0.703779 -0.542669 0.458482
v 0.0275504 0.484614 0.195784
vn -0.717458 0.305066 0.62625
v 0.044569 0.523423 -0.114445
vn -0.323796 0.9216 0.214031
v 0.00249565 0.484388 0.000282301
vn -0.608293 0.768224 -0.199529
v -0.0118931 0.552707 0.285954
vn -0.669566 0.740817 -0.0535855
v 0.0164453 0.534722 0.337493
vn 0.099954 0.670402 0.735235
v 0.106281 0.455921 0.264989
vn -0.152089 -0.165095 0.974481
v 0.115027 0.432939 0.232745
vn -0.00789845 -0.911584 0.411039
v 0.146153 0.363225 -0.0249645
vn 0.0303322 -0.774588 -0.631738
v 0.110278 0.400176 -0.0527676
vn -0.407573 -0.313935 -0.857513
v 0.045508 0.414994 -0.133053
vn -0.0724393 -0.964861 -0.252577
v 0.027779 0.509705 -0.171703
vn 0.0128727 0.830089 -0.557482
v 0.0511108 0.497463 -0.0764772
vn -0.62034 0.771527 -0.141155
v 0.0423875 0.480183 -0.0396224
vn 0.0670374 -0.146989 -0.986864
v 0.00659316 0.488101 0.0193937
vn -0.592179 0.727717 0.346052
v -0.000287585 0.502255 0.0967825
vn -0.578312 0.726065 -0.372001
v 0.016851 0.534984 0.226351
vn -0.688731 0.192145 -0.699092
v 0.00467696 0.541516 0.241559
vn -0.760365 0.238159 -0.604256
v 0.048124 0.511707 0.331089
vn 0.304933 -0.317856 0.897766
v 0.0971011 0.469672 0.276539
vn 0.102621 -0.993781 0.0432147
v 0.0952361 0.466169 0.263734
vn -0.00737964 -0.531517 0.847015
v 0.073095 0.423281 -0.0929877
vn -0.132066 -0.944245 0.301597
v 0.0226996 0.431495 -0.175038
vn 0.129873 -0.705478 -0.696731
v 0.0511488 0.478046 -0.05789
vn -0.882735 0.293973 0.366549
v 0.0462204 0.469115 -0.0353799
vn -0.0395193 -0.132697 -0.990368
v 0.00375669 0.462189 0.0648743
vn -0.643724 0.760252 -0.0873865
v -0.0154201 0.49016 0.128971
vn -0.681252 0.731145 0.0363526
v -0.0182837 0.499161 0.154051
vn -0.350975 0.649562 0.674453
v 0.0227426 0.506259 0.208048
vn -0.929462 0.285797 -0.233282
v 0.0246216 0.497405 0.202187
vn -0.831936 -0.0895525 -0.547598
v 0.112224 0.437681 0.248531
vn 0.0113856 -0.909394 0.415779
v 0.161032 0.345793 -0.00929664
vn -0.0655076 -0.393697 -0.916903
v 0.0912328 0.409965 -0.0714529
vn -0.00549404 -0.861382 0.507927
v 0.0241446 0.440528 -0.181788
vn 0.219661 -0.451852 -0.864626
v 0.0520571 0.470136 -0.0397298
vn -0.882549 0.469698 -0.0221845
v -0.0164605 0.502796 0.149561
vn -0.634269 0.755623 0.163515
v -0.00229342 0.502402 0.159394
vn -0.684988 0.728261 -0.0206783
v 0.017524 0.490817 0.180283
vn -0.852686 0.446681 0.27093
v 0.00982118 0.479519 0.175776
vn -0.105251 0.311602 0.944366
v 0.0246422 0.502 0.184031
vn -0.738261 0.38267 0.555458
v 0.0215118 0.451408 -0.186462
vn 0.189905 -0.222589 -0.956237
v 0.0226989 0.489315 -0.18755
vn 0.0935858 0.35003 -0.932052
v 0.0493498 0.494632 -0.0645081
vn -0.555655 0.364752 0.74713
v 0.00522028 0.468282 0.0750266
vn -0.6421 0.671224 -0.37036
v 0.0139346 0.49126 0.173034
vn -0.000100266 0.259949 0.965622
v 0.0242769 0.512462 0.201646
vn -0.866789 0.223654 -0.445709
v 0.0108691 0.552945 0.239821
vn -0.720855 0.429301 -0.544122
v 0.0568637 0.510328 0.331187
vn 0.289015 -0.195006 0.937253
v 0.183364 0.328218 0.0254929
vn 0.328515 -0.930323 0.163024
v 0.0713983 0.412295 -0.123947
vn 0.0440307 -0.99837 0.0363202
v 0.0358628 0.425562 -0.161734
vn 0.139053 -0.884528 -0.445281
v 0.0391025 0.432167 -0.170433
vn 0.209436 -0.689367 -0.693476
v 0.0228403 0.474842 -0.189928
vn 0.151 -0.0604491 -0.986684
v 0.0423023 0.518952 -0.158069
vn -0.104959 0.8662 -0.48855
v 0.0501814 0.525261 -0.148156
vn -0.121117 0.934167 -0.335653
v 0.0486898 0.526582 -0.127291
vn -0.29634 0.954497 0.0334379
v 0.00656469 0.549072 0.320253
vn -0.128472 0.809123 0.573424
v 0.015705 0.5425 0.328977
vn -0.0235617 0.716312 0.697382
v 0.0718867 0.497799 0.320951
vn 0.362986 -0.185658 0.913112
v 0.111114 0.45085 0.262765
vn -0.048847 -0.574246 0.817224
v 0.124397 0.427507 0.228949
vn -0.0939535 0.0155646 0.995455
v 0.164245 0.362523 0.204194
vn 0.588787 -0.636694 0.497947
v 0.124905 0.378039 -0.0511865
vn -0.0540342 -0.448549 -0.892123
v 0.0544008 0.500675 -0.0805563
vn -0.441915 0.625708 0.642806
v 0.00258107 0.508679 0.132371
vn -0.617023 0.644169 -0.452028
v -0.00887211 0.508753 0.143866
vn -0.638621 0.573056 -0.513586
v 0.0314436 0.496634 0.192392
vn -0.872156 0.277777 0.402721
v 0.000553953 0.558754 0.273167
vn -0.560407 0.813738 -0.154189
v 0.00364937 0.561134 0.280388
vn -0.451724 0.892118 -0.00840418
v 0.0421576 0.522554 0.335079
vn 0.271854 0.138916 0.952259
v 0.152594 0.37746 0.214338
vn 0.178677 -0.400992 0.898487
v 0.109234 0.405206 -0.0837875
vn -0.139602 -0.982631 -0.122262
v 0.0381896 0.454329 -0.181537
vn 0.271828 -0.225955 -0.935443
v 0.0190983 0.49238 -0.00629935
vn -0.297594 0.399954 -0.866877
v 0.0055133 0.50918 0.171733
vn -0.0147794 0.371151 0.928455
v 0.0292068 0.520478 0.21028
vn -0.839387 0.523324 -0.146839
v -0.0059329 0.556728 0.295291
vn -0.494992 0.860407 0.121169
v 0.0857937 0.419655 -0.0979797
vn -0.105385 -0.969448 0.221505
v 0.0532624 0.418522 -0.141122
vn 0.101901 -0.896376 -0.431424
v 0.032059 0.501918 -0.178463
vn 0.118787 0.590156 -0.798502
v 0.0462012 0.511616 -0.168414
vn 0.0637111 0.720964 -0.690037
v 0.0704779 0.531169 -0.102115
vn -0.343412 0.893701 0.288732
v 0.0543061 0.482136 -0.052281
vn -0.829608 0.423097 0.364335
v 0.0451509 0.489036 -0.0371633
vn -0.753398 0.645465 -0.125565
v 0.0302248 0.498546 0.196318
vn -0.851347 0.011396 -0.524479
v 0.00522325 0.559173 0.259831
vn -0.64222 0.714379 -0.277879
v 0.00145247 0.557704 0.305873
vn -0.296547 0.894443 0.33471
v 0.104496 0.475449 0.299951
vn 0.270745 -0.651453 0.708735
v 0.130601 0.41266 0.23242
vn 0.0251114 -0.184972 0.982423
v 0.175047 0.335611 -0.00413323
vn 0.180643 -0.667923 -0.721974
v 0.125778 0.391725 -0.0561152
vn -0.178106 -0.265795 -0.947434
v 0.115437 0.415265 -0.0598502
vn -0.225975 -0.404508 -0.886176
v 0.102186 0.417878 -0.0608003
vn -0.139753 -0.988442 -0.0587515
v 0.100791 0.408709 -0.0862974
vn -0.239555 -0.642139 -0.728197
v 0.0447461 0.428073 -0.164412
vn 0.195359 -0.853065 -0.483854
v 0.0350892 0.494181 -0.182408
vn 0.170115 0.364423 -0.915564
v 0.0540068 0.493131 -0.0606526
vn -0.730245 0.368362 0.575372
v 0.0342328 0.548428 0.215351
vn -0.619466 0.252364 -0.743354
v 0.081578 0.500425 0.319348
vn 0.33052 -0.302812 0.893902
v 0.0905264 0.484425 0.307423
vn 0.308723 -0.40143 0.86229
v 0.103951 0.471248 0.288634
vn 0.260713 -0.952031 0.160208
v 0.192097 0.374568 0.179527
vn 0.687261 -0.616998 0.383387
v 0.199278 0.361079 0.0984984
vn 0.741049 -0.572405 0.350998
v 0.159546 0.353818 -0.0140145
vn -0.0143626 -0.72065 -0.69315
v 0.0390504 0.442251 -0.176988
vn 0.257982 -0.414065 -0.872924
v 0.072609 0.526582 -0.0931551
vn -0.331008 0.722643 0.606812
v -0.00593922 0.501582 0.114663
vn -0.61923 0.780789 0.0831953
v 0.0233089 0.526312 0.145794
vn -0.372392 0.691081 0.619461
v 0.0497161 0.525951 0.333834
vn 0.349259 0.176237 0.920303
v 0.0687282 0.51416 0.324359
vn 0.330513 -0.0858597 0.939888
v 0.105986 0.469213 0.269201
vn 0.167178 -0.963103 0.210915
v 0.109669 0.467794 0.264485
vn -0.0783552 -0.234389 0.96898
v 0.155228 0.390125 0.220976
vn 0.117211 -0.384763 0.915543
v 0.192365 0.334815 0.0767312
vn 0.743162 -0.668701 -0.0234145
v 0.178199 0.332033 0.00547484
vn 0.371049 -0.791643 -0.485411
v 0.0319091 0.477902 -0.187656
vn 0.245302 0.029873 -0.968986
v 0.0542442 0.527288 -0.139014
vn -0.213506 0.968678 -0.126799
v 0.0562513 0.505594 -0.0674185
vn -0.733241 0.487964 0.473549
v 0.0196079 0.475843 0.0578604
vn -0.630357 0.766676 0.121892
v 0.0254243 0.506616 0.172597
vn -0.856413 0.502411 0.11891
v 0.028676 0.513028 0.198293
vn -0.866159 0.209255 -0.453851
v 0.041464 0.538127 0.206737
vn -0.673449 0.32027 -0.666253
v 0.118527 0.446428 0.259282
vn 0.137302 -0.696889 0.703913
v 0.173068 0.365748 0.192118
vn 0.604605 -0.679121 0.416229
v 0.185081 0.329383 0.0159142
vn 0.48759 -0.832946 -0.261643
v 0.0714101 0.414182 -0.131991
vn 0.114777 -0.875349 -0.469671
v 0.0569953 0.426641 -0.154334
vn 0.247489 -0.784462 -0.568655
v 0.0598136 0.48607 -0.0390144
vn -0.18706 -0.0778875 -0.979256
v 0.0513892 0.494427 -0.0224402
vn -0.73135 0.627502 -0.267148
v 0.0103319 0.563226 0.291256
vn -0.300939 0.938194 0.17096
v 0.010095 0.554324 0.316153
vn -0.117938 0.819433 0.560911
v 0.163021 0.373838 0.210956
vn 0.295436 -0.383631 0.874954
v 0.193441 0.368447 0.163655
vn 0.747972 -0.60922 0.263418
v 0.197106 0.339393 0.0681705
vn 0.60639 -0.794046 0.0422174
v 0.192941 0.334064 0.0536818
vn 0.525541 -0.848143 0.0667896
v 0.198706 0.336587 0.0362648
vn 0.417848 -0.908225 -0.0230353
v 0.165125 0.352431 -0.011594
vn -0.0811993 -0.634749 -0.76844
v 0.100852 0.41611 -0.0644753
vn -0.0306363 -0.86409 0.502404
v 0.0661299 0.418522 -0.141392
vn 0.0883484 -0.856138 -0.509139
v 0.0402592 0.478731 -0.18596
vn 0.115793 -0.0393311 -0.992494
v 0.0476434 0.502722 -0.175588
vn 0.206008 0.484479 -0.8502
v 0.0583177 0.508548 -0.0711517
vn -0.667172 0.60505 -0.434506
v 0.0479642 0.518681 -0.00350554
vn -0.572392 0.752451 -0.325862
v 0.0209249 0.548063 0.227104
vn -0.654149 0.322603 -0.684117
v 0.0258306 0.545774 0.327943
vn -0.150284 0.571193 0.806941
v 0.115091 0.475613 0.291711
vn 0.359709 -0.900222 0.245378
v 0.127854 0.439831 0.249699
vn 0.189783 -0.851439 0.488911
v 0.127458 0.431856 0.230556
vn 0.13809 -0.770335 0.622508
v 0.169943 0.418695 0.231677
vn 0.11036 -0.416136 0.902581
v 0.197905 0.370777 0.150676
vn 0.811139 -0.574801 0.107969
v 0.191075 0.332177 0.027227
vn 0.442912 -0.892518 0.0850963
v 0.166794 0.389723 -0.0579597
vn 0.235299 -0.780036 -0.579808
v 0.0978838 0.416808 -0.0915551
vn -0.3226 -0.758379 -0.566383
v 0.101677 0.416808 -0.0976457
vn -0.0807631 -0.990759 -0.10897
v 0.0851004 0.416578 -0.112768
vn 0.0709648 -0.987434 0.141202
v 0.0477078 0.434883 -0.171036
vn 0.313378 -0.613563 -0.7248
v 0.0307398 0.485172 -0.00638796
vn -0.0964881 0.111684 -0.989048
v 0.023257 0.514341 0.0902243
vn -0.360392 0.45428 -0.814707
v 0.0023922 0.510263 0.165613
vn -0.718873 0.673341 -0.172723
v 0.0307292 0.523423 0.203796
vn -0.853517 0.496868 0.156944
v 0.0336684 0.544002 0.33126
vn 0.00250353 0.704103 0.710093
v 0.0436639 0.535846 0.332273
vn 0.258527 0.359188 0.896743
v 0.108006 0.490283 0.305429
vn 0.268025 -0.295177 0.917079
v 0.123661 0.458735 0.26743
vn -0.103266 -0.139567 0.984813
v 0.130005 0.435769 0.236476
vn 0.153267 -0.913312 0.377319
v 0.0462841 0.487896 -0.183449
vn 0.177204 0.367014 -0.913181
v 0.062482 0.506788 -0.0777453
vn -0.658772 0.750459 -0.0532108
v 0.0433607 0.485845 -0.0261341
vn -0.713044 0.69285 0.107359
v 0.0331148 0.514406 0.187313
vn -0.834098 0.355507 0.421777
v 0.0198484 0.564916 0.242015
vn -0.598161 0.705889 -0.379374
v 0.0641394 0.526673 0.326536
vn 0.382639 0.126659 0.915175
v 0.111082 0.405657 -0.0815836
vn 0.0897787 -0.943119 0.320103
v 0.053048 0.447544 -0.175635
vn 0.285804 -0.335796 -0.897528
v 0.0619796 0.5212 -0.156452
vn 0.0341296 0.809499 -0.586129
v 0.0628492 0.489553 -0.0435164
vn -0.767346 0.512782 0.385012
v 0.00561709 0.509746 0.124698
vn -0.635603 0.77199 -0.00637676
v 0.159484 0.363853 -0.0247491
vn -0.0547373 -0.735627 -0.675171
v 0.049389 0.466858 -0.181558
vn 0.217951 -0.302192 -0.927996
v 0.0639331 0.512938 -0.0853193
vn -0.382523 0.632669 0.673354
v 0.0196225 0.498792 0.010124
vn -0.599805 0.799998 -0.0154018
v 0.0310451 0.527362 0.198483
vn -0.887506 0.452328 -0.0879391
v 0.0196319 0.567238 0.28869
vn -0.262507 0.935164 0.237821
v 0.0211016 0.562701 0.300889
vn -0.147436 0.909331 0.389074
v 0.0312251 0.558566 0.310859
vn -0.0831323 0.82926 0.552645
v 0.0898601 0.509434 0.318666
vn 0.356578 -0.205132 0.911468
v 0.0988701 0.499859 0.311245
vn 0.340503 -0.294564 0.892911
v 0.17306 0.374978 0.207548
vn 0.449128 -0.460324 0.765759
v 0.0686556 0.529376 -0.141419
vn -0.0820791 0.930057 -0.358129
v 0.0372983 0.487149 -0.00849747
vn -0.582701 0.484515 -0.65246
v 0.00984899 0.523908 0.140324
vn -0.596439 0.702787 -0.387751
v 0.0156002 0.523969 0.164847
vn -0.30135 0.620072 0.724361
v 0.033333 0.515013 0.191302
vn -0.899503 0.167887 -0.40337
v 0.0313531 0.562118 0.22528
vn -0.606001 0.510997 -0.609627
v 0.0273674 0.572145 0.250473
vn -0.48663 0.861038 -0.147666
v 0.0212431 0.5702 0.268306
vn -0.427981 0.903703 0.012396
v 0.133461 0.460368 0.268055
vn 0.173869 -0.592863 0.78631
v 0.131448 0.450448 0.257502
vn 0.366495 -0.654022 0.661768
v 0.154384 0.419983 0.233059
vn -0.0669189 -0.00297529 0.997754
v 0.195491 0.340452 0.0819054
vn 0.776159 -0.547766 0.312296
v 0.143858 0.398576 -0.0601308
vn -0.122081 -0.26049 -0.957727
v 0.107729 0.409087 -0.0903219
vn -0.205779 -0.725747 -0.656465
v 0.0615996 0.497405 -0.0529309
vn -0.758159 0.414413 0.503445
v 0.0314447 0.496979 -0.00662098
vn 0.00645983 0.0690214 -0.997594
v 0.0249446 0.480355 0.0619086
vn -0.649742 0.725195 -0.227877
v 0.019431 0.484794 0.0801089
vn -0.594458 0.649336 -0.474322
v 0.0584007 0.536223 0.325394
vn 0.340011 0.388377 0.856479
v 0.0738786 0.524736 0.324285
vn 0.324237 0.0592429 0.944119
v 0.085029 0.517401 0.320075
vn 0.298178 0.0521129 0.953087
v 0.125375 0.48317 0.297253
vn 0.406708 -0.699604 0.587488
v 0.139089 0.443039 0.247419
vn 0.292625 -0.747207 0.596701
v 0.167395 0.404976 0.224581
vn 0.101883 -0.394527 0.913219
v 0.175109 0.372796 0.20313
vn 0.66284 -0.59181 0.458697
v 0.181477 0.347221 -0.0103477
vn -0.0287982 -0.636375 -0.770842
v 0.0697006 0.533532 -0.12044
vn -0.267431 0.962247 0.0506058
v 0.017569 0.50072 0.0868631
vn -0.231379 0.284967 -0.930192
v 0.0187503 0.529577 0.141648
vn -0.404215 0.746102 0.529096
v 0.0165165 0.524638 0.160376
vn -0.673574 0.673892 -0.303591
v 0.120809 0.467547 0.266423
vn -0.0686424 -0.169033 0.983217
v 0.119008 0.472323 0.269441
vn 0.300539 -0.8901 0.342635
v 0.171237 0.388476 0.215187
vn 0.336517 -0.459797 0.821792
v 0.193831 0.339098 0.00699851
vn 0.460015 -0.821084 -0.337947
v 0.192329 0.342774 -0.00580951
vn 0.271877 -0.78259 -0.560032
v 0.0622324 0.439199 -0.167103
vn 0.337694 -0.631737 -0.697761
v 0.0476094 0.476392 -0.187077
vn 0.0842112 -0.0768835 -0.993477
v 0.091209 0.417439 -0.133359
vn 0.163638 -0.813533 -0.558021
v 0.0596541 0.513003 -0.0683013
vn -0.697418 0.707237 -0.11586
v 0.0264439 0.493106 0.0336114
vn -0.576103 0.695787 0.428935
v 0.0365597 0.530176 0.177513
vn -0.870776 0.483255 0.0906313
v 0.0375103 0.571316 0.230959
vn -0.488235 0.794967 -0.360075
v 0.0474119 0.552683 0.321484
vn 0.0214182 0.662573 0.748691
v 0.199452 0.369637 0.122158
vn 0.812823 -0.573324 0.103047
v 0.17269 0.386113 -0.0469207
vn 0.126943 -0.773631 -0.62079
v 0.0578311 0.477123 -0.184346
vn 0.250936 0.157268 -0.955143
v 0.0273289 0.528063 0.149313
vn -0.66876 0.722791 -0.174164
v 0.199984 0.35317 0.0874004
vn 0.766471 -0.482091 0.424395
v 0.178077 0.354737 -0.0191
vn -0.111754 -0.748844 -0.653257
v 0.0773007 0.426465 -0.145162
vn 0.291552 -0.619482 -0.728862
v 0.0702416 0.42731 -0.150584
vn 0.298684 -0.729012 -0.615898
v 0.07135 0.516564 -0.0781953
vn -0.627418 0.633968 -0.45214
v 0.0193716 0.5196 0.168101
vn 0.0585581 0.239582 0.969109
v 0.0441682 0.538865 0.200747
vn -0.72494 0.665162 0.178945
v 0.0528943 0.546734 0.322503
vn 0.316302 0.326728 0.890619
v 0.137584 0.458522 0.26419
vn 0.387598 -0.746211 0.541237
v 0.171148 0.398564 0.221246
vn 0.24729 -0.459532 0.853041
v 0.201259 0.339689 0.0198688
vn 0.608629 -0.772624 -0.18062
v 0.131361 0.414256 -0.0625668
vn -0.105657 -0.910107 -0.400676
v 0.121884 0.416438 -0.0656109
vn -0.00158489 -0.938073 0.346435
v 0.06843 0.512535 -0.163919
vn 0.237119 0.603069 -0.761632
v 0.0777668 0.519772 -0.0840574
vn -0.451802 0.780194 0.432634
v 0.031587 0.519666 0.167565
vn -0.419994 0.553917 0.718875
v 0.0469661 0.560108 0.31272
vn -0.121627 0.853499 0.506701
v 0.0728332 0.532777 0.322677
vn 0.29244 0.370039 0.881788
v 0.132928 0.47567 0.267463
vn 0.125888 -0.427567 0.895175
v 0.198117 0.364328 0.109877
vn 0.775045 -0.609368 0.16726
v 0.115703 0.4072 -0.0897533
vn -0.140954 -0.768886 -0.623655
v 0.0976705 0.417251 -0.128575
vn 0.236456 -0.971525 -0.0151215
v 0.100061 0.418924 -0.114761
vn 0.135594 -0.985326 -0.103666
v 0.0729796 0.503141 -0.168628
vn 0.235913 0.435906 -0.868522
v 0.0663341 0.508683 -0.0437076
vn -0.319518 0.116348 -0.94041
v 0.0458716 0.492195 -0.0141236
vn -0.718002 0.571089 -0.397908
v 0.0304914 0.526165 0.0994972
vn -0.5743 0.791653 -0.208484
v 0.0354242 0.524269 0.17101
vn -0.752464 0.528502 -0.393045
v 0.0387437 0.565154 0.302051
vn -0.107353 0.900211 0.422014
v 0.145269 0.455708 0.25326
vn 0.379437 -0.60021 0.704113
v 0.147159 0.434178 0.232174
vn -0.089542 -0.274319 0.957461
v 0.110116 0.4173 -0.095711
vn -0.0718598 -0.849361 -0.522898
v 0.0732823 0.436934 -0.15885
vn 0.452736 -0.601546 -0.658158
v 0.0711084 0.447002 -0.16811
vn 0.433883 -0.457728 -0.776035
v 0.0777102 0.465209 -0.173577
vn 0.305823 -0.308584 -0.900693
v 0.0638002 0.514619 -0.0648027
vn -0.584936 0.577229 0.569786
v 0.0430689 0.496626 0.0515767
vn -0.585509 0.732271 0.347791
v 0.0247485 0.524482 0.114435
vn -0.596857 0.799548 -0.0669685
v 0.0393079 0.529405 0.184456
vn -0.921336 0.388749 -0.00371676
v 0.0456716 0.548531 0.191026
vn -0.727456 0.648227 0.224968
v 0.0391259 0.536084 0.190852
vn -0.841847 0.324178 -0.431512
v 0.126071 0.491629 0.30089
vn 0.218409 -0.236806 0.946689
v 0.170209 0.366814 -0.0290584
vn -0.132214 -0.681454 -0.71982
v 0.163031 0.375684 -0.0373471
vn -0.0168717 -0.700554 -0.7134
v 0.154725 0.392258 -0.0596459
vn -0.146391 -0.395551 -0.906702
v 0.137416 0.412968 -0.0625447
vn -0.230188 -0.364307 -0.902382
v 0.12859 0.412664 -0.0729585
vn 0.0505954 -0.890166 0.452819
v 0.0767494 0.534484 -0.126293
vn -0.148761 0.976182 -0.157918
v 0.0268223 0.495288 0.082405
vn -0.433954 0.421767 -0.796114
v 0.035389 0.575952 0.26625
vn -0.32313 0.942773 0.0822575
v 0.0679825 0.5452 0.317328
vn 0.281496 0.286086 0.915923
v 0.137756 0.482858 0.277743
vn 0.441722 -0.846741 0.296497
v 0.204171 0.342306 0.0542638
vn 0.711428 -0.69013 0.132631
v 0.0929748 0.422904 -0.137593
vn 0.191009 -0.522738 -0.83082
v 0.0663077 0.479592 -0.182364
vn 0.322727 0.161904 -0.932542
v 0.0830557 0.52824 -0.143922
vn 0.12326 0.793098 -0.596492
v 0.0464405 0.575156 0.28108
vn -0.122734 0.915994 0.381957
v 0.05349 0.579993 0.268889
vn -0.208772 0.939653 0.271047
v 0.0567942 0.558057 0.319999
vn -0.0195581 0.751612 0.659316
v 0.0880518 0.5332 0.316708
vn 0.274607 0.263596 0.924721
v 0.0850208 0.533795 -0.133205
vn -0.0166439 0.958757 -0.28374
v 0.0945444 0.537019 -0.0978796
vn -0.283123 0.914199 0.289969
v 0.0327872 0.492794 0.0691027
vn -0.625504 0.695912 -0.352778
v 0.0311528 0.529815 0.124404
vn -0.62023 0.77619 -0.113331
v 0.10661 0.52426 0.313381
vn 0.335371 0.055547 0.940447
v 0.116282 0.515313 0.307791
vn 0.32521 -0.166811 0.930813
v 0.183556 0.389444 0.208782
vn 0.548572 -0.500672 0.669625
v 0.208674 0.35463 0.0701033
vn 0.811679 -0.491437 0.315701
v 0.204032 0.340641 0.0367281
vn 0.663928 -0.747625 0.0160109
v 0.128824 0.407339 -0.0940765
vn -0.1484 -0.748538 -0.646272
v 0.122587 0.417612 -0.100038
vn 0.00124515 -0.898097 -0.439795
v 0.0836317 0.444893 -0.157439
vn 0.421004 -0.526635 -0.73852
v 0.0493551 0.571694 0.218095
vn -0.494229 0.701396 -0.513596
v 0.133774 0.406601 -0.0899117
vn 0.196384 -0.967797 0.157487
v 0.075398 0.481644 -0.177482
vn 0.298693 0.202406 -0.932638
v 0.154804 0.451827 0.248636
vn 0.248732 -0.465337 0.849466
v 0.190578 0.365461 -0.0326481
vn 0.0269862 -0.697881 -0.715705
v 0.0663443 0.512142 -0.0404781
vn -0.693864 0.718951 0.0407681
v 0.0436132 0.515448 0.0178348
vn -0.566013 0.812884 0.137291
v 0.0468469 0.544798 0.1839
vn -0.861129 0.494331 -0.118718
v 0.0561396 0.567616 0.297472
vn -0.101848 0.899814 0.424219
v 0.148215 0.470591 0.270936
vn -0.0269816 -0.133089 0.990737
v 0.173137 0.427466 0.234264
vn -0.0325605 -0.220656 0.974808
v 0.19689 0.387557 0.188732
vn 0.749317 -0.52048 0.40942
v 0.193482 0.351364 -0.0146611
vn 0.14242 -0.757116 -0.637567
v 0.0933177 0.537167 -0.113033
vn -0.108778 0.990454 -0.0846676
v 0.0756112 0.523473 -0.0656749
vn -0.444398 0.778874 0.442566
v 0.0717339 0.510771 -0.054224
vn -0.550926 0.611255 0.568197
v 0.0720013 0.503912 -0.0439443
vn -0.770678 0.393593 -0.501138
v 0.0507974 0.512872 -0.00736682
vn -0.153411 0.0981026 -0.983281
v 0.0561211 0.525122 0.00330544
vn -0.563932 0.824692 0.0431705
v 0.0550684 0.557655 0.176614
vn -0.696462 0.5515 -0.459117
v 0.0575909 0.553142 0.195321
vn -0.551241 0.746132 0.373391
v 0.0600978 0.558328 0.199182
vn -0.632723 0.467454 -0.617373
v 0.050507 0.562816 0.208555
vn -0.571013 0.411789 -0.710193
v 0.04087 0.57779 0.243146
vn -0.408344 0.901003 -0.146455
v 0.0719872 0.557466 0.314329
vn 0.3051 0.292396 0.906321
v 0.164408 0.448401 0.243138
vn 0.129313 -0.682304 0.719541
v 0.197632 0.404188 0.206347
vn 0.703012 -0.507439 0.498276
v 0.114311 0.422691 -0.118587
vn 0.255669 -0.946051 -0.199053
v 0.0378643 0.529044 0.16406
vn -0.146013 0.442513 0.884795
v 0.0771826 0.568321 0.306772
vn 0.155719 0.685056 0.711653
v 0.139236 0.493918 0.29814
vn 0.429393 -0.571082 0.699634
v 0.148976 0.492987 0.287995
vn 0.496929 -0.775227 0.389982
v 0.164204 0.439913 0.237293
vn -0.091133 -0.420606 0.902655
v 0.181486 0.375389 -0.039903
vn -0.115301 -0.625248 -0.771862
v 0.0889945 0.47156 -0.171033
vn 0.402175 -0.397222 -0.824906
v 0.0753643 0.508031 -0.0494741
vn -0.549683 0.702845 0.451506
v 0.0617709 0.511001 0.0533632
vn -0.635963 0.768066 0.0750111
v 0.0295717 0.536609 0.135771
vn -0.570936 0.665072 -0.481364
v 0.0555907 0.583886 0.246389
vn -0.312856 0.947099 -0.0715825
v 0.0978141 0.551829 0.308199
vn 0.23594 0.326389 0.915316
v 0.211212 0.348558 0.0379792
vn 0.811794 -0.582402 0.0424002
v 0.0990571 0.447117 -0.151768
vn 0.324694 -0.533843 -0.78076
v 0.0863328 0.479921 -0.174952
vn 0.298466 -0.195077 -0.934271
v 0.0918306 0.53034 -0.085154
vn -0.588774 0.790749 -0.167517
v 0.0407976 0.521151 0.0865392
vn -0.345453 0.36508 -0.864511
v 0.0538732 0.580842 0.235158
vn -0.354625 0.923176 -0.14828
v 0.157062 0.470838 0.268171
vn 0.42902 -0.734497 0.52579
v 0.184584 0.407807 0.221387
vn 0.409635 -0.479892 0.775824
v 0.203274 0.386736 0.171403
vn 0.830164 -0.48919 0.267434
v 0.202742 0.379852 0.156063
vn 0.854593 -0.496486 0.152227
v 0.212561 0.354113 0.0561698
vn 0.838688 -0.51872 0.165928
v 0.210675 0.348164 0.0236572
vn 0.734334 -0.670564 -0.105343
v 0.151846 0.412426 -0.0677598
vn -0.318568 -0.589026 -0.742673
v 0.159483 0.398847 -0.0639067
vn -0.249699 -0.520772 -0.816362
v 0.112823 0.442727 -0.1443
vn 0.204997 -0.464246 -0.861656
v 0.0933711 0.483818 -0.172459
vn 0.281231 0.396273 -0.874001
v 0.0577118 0.512691 -0.00988165
vn -0.536496 0.417448 -0.733423
v 0.0522274 0.516232 0.0306811
vn -0.552681 0.707118 0.441052
v 0.0323071 0.536691 0.159169
vn -0.360311 0.677677 0.641038
v 0.0457363 0.536264 0.163671
vn -0.442836 0.583138 0.681063
v 0.0667456 0.584526 0.223205
vn -0.392704 0.840273 -0.373797
v 0.0798271 0.574844 0.290531
vn -0.173383 0.897691 0.40508
v 0.108086 0.535641 0.310566
vn 0.242987 0.220906 0.944541
v 0.143322 0.502 0.300615
vn 0.336009 -0.266666 0.90332
v 0.134398 0.51096 0.302963
vn 0.244342 -0.013003 0.969602
v 0.152286 0.485344 0.269901
vn 0.0190521 -0.224514 0.974285
v 0.200638 0.34869 -0.00817829
vn 0.526173 -0.75075 -0.399394
v 0.210516 0.354129 -0.000994809
vn 0.687788 -0.68368 -0.243987
v 0.120447 0.430329 -0.137674
vn 0.163919 -0.573527 -0.802619
v 0.0994772 0.533996 -0.130385
vn 0.0462729 0.938904 -0.341055
v 0.0690651 0.517352 -0.0252849
vn -0.714584 0.59564 -0.366855
v 0.0550924 0.545437 0.168543
vn -0.566718 0.563873 -0.600731
v 0.0613465 0.585224 0.251605
vn -0.256551 0.959109 0.119549
v 0.11461 0.530111 0.308858
vn 0.334008 0.0355112 0.941901
v 0.163801 0.498718 0.278575
vn 0.488389 -0.752357 0.44208
v 0.160801 0.465414 0.252821
vn 0.435444 -0.62664 0.646306
v 0.20557 0.366396 -0.0277874
vn 0.415235 -0.677786 -0.606783
v 0.138604 0.412648 -0.0755463
vn 0.171098 -0.950598 0.259014
v 0.128336 0.424557 -0.116077
vn 0.119123 -0.893457 -0.433063
v 0.113146 0.423421 -0.132247
vn 0.336842 -0.88868 -0.311104
v 0.0775838 0.519674 -0.0343211
vn -0.679043 0.726192 -0.107452
v 0.0671587 0.52865 0.0284006
vn -0.520244 0.790943 0.32211
v 0.0776355 0.582237 0.274
vn -0.156183 0.902456 0.401472
v 0.100105 0.502845 -0.15828
vn 0.268516 0.554473 -0.787692
v 0.0919245 0.518862 -0.150569
vn 0.304452 0.567512 -0.765009
v 0.0877301 0.533245 -0.0762142
vn -0.564598 0.811034 -0.153144
v 0.0414886 0.543985 0.152779
vn -0.587345 0.781156 -0.21171
v 0.169598 0.457156 0.246949
vn 0.279462 -0.293129 0.914317
v 0.179712 0.43723 0.236882
vn 0.145792 -0.373988 0.915903
v 0.182774 0.427384 0.232704
vn 0.27628 -0.413369 0.867638
v 0.208739 0.385169 0.134118
vn 0.833201 -0.546579 0.0838359
v 0.209923 0.376324 0.0998684
vn 0.800356 -0.535364 0.269845
v 0.13902 0.420746 -0.107082
vn -0.0993102 -0.720616 -0.686186
v 0.108604 0.529429 -0.135176
vn 0.236134 0.711723 -0.661582
v 0.0823058 0.517368 -0.0484649
vn -0.640309 0.554206 -0.531846
v 0.0555017 0.560444 0.185585
vn -0.545846 0.735205 0.401903
v 0.167796 0.401333 -0.0681717
vn -0.132293 -0.697489 -0.704278
v 0.154902 0.41465 -0.0754848
vn -0.0158537 -0.998071 -0.0600162
v 0.0998563 0.465734 -0.163784
vn 0.37369 -0.451621 -0.810182
v 0.0360024 0.540104 0.138649
vn -0.447274 0.719186 0.531712
v 0.044142 0.545109 0.156258
vn -0.41715 0.721328 0.552876
v 0.147102 0.511781 0.300701
vn 0.280835 -0.00291522 0.959752
v 0.157626 0.501647 0.291213
vn 0.560505 -0.535619 0.631622
v 0.171603 0.486558 0.272546
vn 0.0654504 -0.180573 0.981381
v 0.180661 0.392324 -0.0520562
vn 0.13827 -0.73861 -0.6598
v 0.065883 0.572416 0.204839
vn -0.470685 0.654984 -0.591144
v 0.195709 0.417989 0.22033
vn 0.618794 -0.459926 0.636838
v 0.160152 0.411827 -0.0725499
vn -0.358719 -0.634983 -0.684191
v 0.119488 0.521503 -0.136947
vn 0.263004 0.603671 -0.752602
v 0.0841872 0.520035 -0.0555762
vn -0.492578 0.757696 0.428092
v 0.0666657 0.519067 -0.0146783
vn -0.697454 0.637741 -0.326871
v 0.0407211 0.531308 0.0939035
vn -0.518685 0.720616 -0.460086
v 0.0600628 0.548941 0.16553
vn -0.669971 0.733781 0.11271
v 0.110172 0.458973 -0.154421
vn 0.35991 -0.408737 -0.838689
v 0.102425 0.540182 -0.101632
vn -0.269199 0.962291 -0.0390833
v 0.0825048 0.525298 -0.0459558
vn -0.606349 0.738036 -0.296047
v 0.049859 0.543362 0.113454
vn -0.582388 0.802863 -0.127419
v 0.0459846 0.542853 0.12614
vn -0.571332 0.726261 -0.382261
v 0.0463887 0.542746 0.143094
vn -0.569379 0.806002 0.161764
v 0.123447 0.548285 0.304769
vn 0.268886 0.152813 0.950972
v 0.137598 0.536108 0.301039
vn 0.300007 0.109453 0.947637
v 0.164472 0.414354 -0.094056
vn 0.209279 -0.976106 0.0584728
v 0.108811 0.485336 -0.167829
vn 0.38623 -0.0113887 -0.922332
v 0.0619615 0.512384 0.060286
vn -0.605106 0.721127 -0.337378
v 0.0601959 0.523764 0.0784007
vn -0.4254 0.461462 -0.778516
v 0.0681247 0.561782 0.194325
vn -0.5641 0.649449 -0.509909
v 0.171939 0.474579 0.254339
vn 0.590577 -0.730229 0.34349
v 0.178075 0.475674 0.248556
vn 0.456416 -0.368764 0.809751
v 0.192319 0.431478 0.230534
vn 0.485558 -0.343716 0.803799
v 0.226911 0.384061 0.0657428
vn 0.821734 -0.508668 0.256926
v 0.217318 0.358536 0.0115573
vn 0.802431 -0.58737 -0.10536
v 0.193247 0.396213 -0.0565714
vn 0.0697645 -0.580237 -0.811455
v 0.132589 0.430772 -0.128693
vn 0.299895 -0.906687 -0.296616
v 0.127185 0.490727 -0.15894
vn 0.361008 0.346569 -0.865773
v 0.0382609 0.545003 0.136658
vn -0.578267 0.813944 -0.0557005
v 0.0588423 0.549671 0.161195
vn -0.479081 0.695858 0.535035
v 0.0585513 0.564178 0.181147
vn -0.55117 0.819692 -0.155938
v 0.088878 0.572317 0.29743
vn 0.0629306 0.79653 0.601314
v 0.0944861 0.563882 0.30324
vn 0.254207 0.577986 0.775442
v 0.215212 0.392681 0.121478
vn 0.829796 -0.530905 0.171986
v 0.105042 0.539505 -0.0871786
vn -0.50105 0.853037 -0.145866
v 0.0559499 0.539444 0.0906361
vn -0.451043 0.628323 -0.633854
v 0.110753 0.554381 0.303752
vn 0.182244 0.509038 0.84123
v 0.214074 0.422978 0.198634
vn 0.805711 -0.47651 0.351807
v 0.220834 0.362802 0.0270053
vn 0.850396 -0.525474 0.0265387
v 0.214507 0.367389 -0.019155
vn 0.63685 -0.609746 -0.471838
v 0.15506 0.411614 -0.102543
vn 0.122032 -0.909965 -0.396323
v 0.0710543 0.531969 -0.00801174
vn -0.462763 0.547001 -0.697596
v 0.0736565 0.523649 0.0449187
vn -0.558312 0.746204 0.362584
v 0.0605495 0.517188 0.0728175
vn -0.584412 0.67305 -0.453283
v 0.0718441 0.564875 0.189665
vn -0.476315 0.766258 0.431246
v 0.0851357 0.591697 0.24521
vn -0.268058 0.96338 -0.0066714
v 0.174197 0.481463 0.26867
vn 0.58616 -0.705465 0.398417
v 0.180584 0.401251 -0.0665356
vn 0.245692 -0.814149 -0.526114
v 0.0719246 0.536125 -0.0030715
vn -0.528145 0.834605 -0.156519
v 0.0709415 0.544002 0.0852779
vn -0.380867 0.528337 -0.758815
v 0.0867094 0.591016 0.257554
vn -0.224589 0.931172 0.287191
v 0.161769 0.511731 0.292728
vn 0.517186 -0.186928 0.83521
v 0.186434 0.450694 0.240184
vn 0.343698 -0.270739 0.899206
v 0.173085 0.413165 -0.0812382
vn -0.184965 -0.830926 -0.524739
v 0.130533 0.437763 -0.140855
vn 0.126543 -0.393987 -0.910363
v 0.0711425 0.560953 0.15431
vn -0.578133 0.801004 0.15542
v 0.0952722 0.583476 0.281453
vn -0.162559 0.882314 0.441697
v 0.171026 0.501746 0.275765
vn 0.461194 -0.62523 0.629593
v 0.20931 0.423815 0.208143
vn 0.739427 -0.433397 0.515184
v 0.201667 0.383216 -0.0466483
vn 0.21024 -0.632642 -0.745361
v 0.169501 0.414445 -0.0891568
vn -0.0178025 -0.996593 -0.0805352
v 0.159924 0.415708 -0.107346
vn -0.0014388 -0.627312 -0.778766
v 0.143973 0.432668 -0.126124
vn 0.211301 -0.808561 -0.549165
v 0.111693 0.539555 -0.110565
vn -0.109363 0.93981 -0.323722
v 0.0735865 0.563406 0.146635
vn -0.570371 0.820167 -0.0447622
v 0.105819 0.589712 0.269849
vn -0.147385 0.898839 0.412753
v 0.169628 0.496741 0.272924
vn 0.114905 -0.195894 0.97387
v 0.231294 0.410654 0.10678
vn 0.791831 -0.555642 0.253508
v 0.226899 0.375635 0.0428996
vn 0.854818 -0.505332 0.118008
v 0.122763 0.487289 -0.160616
vn 0.376736 -0.332271 -0.864676
v 0.0952402 0.528289 -0.051751
vn -0.534288 0.548472 -0.643206
v 0.0810997 0.531239 -0.0180378
vn -0.588588 0.691844 -0.41823
v 0.0756944 0.576584 0.202744
vn -0.405329 0.77404 -0.486386
v 0.0800642 0.590352 0.228946
vn -0.295138 0.950643 -0.0957693
v 0.220504 0.369046 -0.00892741
vn 0.773722 -0.575559 -0.264737
v 0.130904 0.455535 -0.146069
vn 0.236483 -0.324798 -0.915741
v 0.0721703 0.569774 0.175707
vn -0.476656 0.653867 -0.587586
v 0.091248 0.590138 0.216308
vn -0.294066 0.901163 -0.318481
v 0.115828 0.566582 0.29406
vn 0.175627 0.606313 0.77559
v 0.128322 0.555333 0.301387
vn 0.21002 0.414341 0.885558
v 0.205776 0.434448 0.220321
vn 0.690222 -0.35944 0.62801
v 0.157026 0.425464 -0.11296
vn 0.0715019 -0.717726 -0.692645
v 0.142844 0.438354 -0.137177
vn 0.349881 -0.74581 -0.566878
v 0.124361 0.532039 -0.124535
vn 0.11314 0.761397 -0.638337
v 0.113864 0.547833 -0.075996
vn -0.425375 0.849075 0.313253
v 0.110826 0.538086 -0.0594165
vn -0.521039 0.838999 0.15684
v 0.0891545 0.533483 -0.0307938
vn -0.599745 0.728698 -0.330614
v 0.156334 0.522225 0.297562
vn 0.426427 0.0350915 0.903841
v 0.19769 0.469615 0.239761
vn 0.480627 -0.215107 0.850134
v 0.21456 0.403228 0.161551
vn 0.854481 -0.490163 0.172054
v 0.112697 0.543797 -0.099537
vn -0.317735 0.940698 -0.11888
v 0.0861904 0.575652 0.191895
vn -0.520065 0.782345 -0.342736
v 0.106054 0.58396 0.281878
vn 0.144449 0.723224 0.675338
v 0.152664 0.541671 0.296344
vn 0.306053 0.166518 0.937338
v 0.216245 0.413575 0.176534
vn 0.844315 -0.482366 0.233357
v 0.115703 0.53619 -0.120131
vn 0.0783724 0.905862 -0.41626
v 0.10466 0.535747 -0.0626751
vn -0.408201 0.781894 0.471183
v 0.116776 0.599582 0.252885
vn -0.147456 0.976621 0.156425
v 0.208784 0.394055 -0.051783
vn 0.431541 -0.546025 -0.718073
v 0.133221 0.470148 -0.150576
vn 0.36524 -0.252213 -0.896096
v 0.193741 0.404164 -0.0635802
vn 0.340223 -0.726125 -0.597487
v 0.143587 0.444434 -0.141455
vn 0.210035 -0.284849 -0.935279
v 0.133558 0.499883 -0.15004
vn 0.246331 0.561201 -0.790173
v 0.109238 0.545437 -0.0802544
vn -0.455262 0.850922 -0.262046
v 0.0963958 0.533155 -0.0380138
vn -0.557095 0.801659 -0.216766
v 0.0624463 0.559874 0.134266
vn -0.491314 0.786704 0.373774
v 0.0986518 0.589761 0.208409
vn -0.331739 0.884774 -0.327299
v 0.0909407 0.582565 0.199577
vn -0.407446 0.823049 -0.395699
v 0.117945 0.600534 0.227212
vn -0.234271 0.967908 -0.0909516
v 0.120905 0.577314 0.285063
vn 0.10552 0.66762 0.736986
v 0.174018 0.51032 0.281876
vn 0.583065 -0.557412 0.59104
v 0.204284 0.44669 0.22784
vn 0.61193 -0.270232 0.743314
v 0.18747 0.408906 -0.0794035
vn 0.0583048 -0.836415 -0.544987
v 0.107236 0.536117 -0.0549444
vn -0.495866 0.815848 -0.297505
v 0.096361 0.533885 -0.0476715
vn -0.498945 0.830603 -0.24729
v 0.0818406 0.540724 0.0186308
vn -0.521563 0.837172 0.164666
v 0.0779145 0.564703 0.166929
vn -0.604382 0.731502 -0.315638
v 0.178966 0.519748 0.283368
vn 0.58481 -0.235277 0.7763
v 0.183064 0.49368 0.271515
vn 0.305742 -0.25375 0.917678
v 0.187735 0.493746 0.266351
vn 0.703367 -0.596798 0.386144
v 0.19513 0.495978 0.253099
vn 0.663456 -0.652958 0.365337
v 0.227765 0.375947 0.00070363
vn 0.844805 -0.519019 -0.130092
v 0.0654072 0.560617 0.130126
vn -0.523131 0.715025 -0.463761
v 0.170451 0.544707 0.287888
vn 0.50329 0.124907 0.855043
v 0.169651 0.529446 0.289563
vn 0.53526 -0.000168658 0.844687
v 0.231217 0.417899 0.124428
vn 0.810012 -0.546457 0.212759
v 0.220746 0.379262 -0.0231623
vn 0.755888 -0.479884 -0.445358
v 0.183629 0.415093 -0.0873181
vn 0.050864 -0.904137 -0.424204
v 0.155327 0.440225 -0.130473
vn 0.344125 -0.663439 -0.664399
v 0.125218 0.540794 -0.110745
vn -0.0243925 0.851014 -0.524576
v 0.127914 0.548153 -0.0976646
vn -0.0712669 0.943681 -0.32309
v 0.0720498 0.563398 0.13899
vn -0.533969 0.794168 0.290128
v 0.0977324 0.586906 0.179575
vn -0.468263 0.862855 0.190293
v 0.131125 0.564531 0.294902
vn 0.0910941 0.613354 0.784537
v 0.148032 0.556629 0.29391
vn 0.338223 0.308358 0.889112
v 0.234793 0.395983 0.065512
vn 0.801332 -0.549951 0.235417
v 0.191967 0.407618 -0.070168
vn 0.454866 -0.828077 -0.327697
v 0.179943 0.419335 -0.0971994
vn 0.342343 -0.843857 -0.413165
v 0.215261 0.46068 0.222263
vn 0.684415 -0.231309 0.691427
v 0.219223 0.445952 0.21038
vn 0.756038 -0.319977 0.570983
v 0.238072 0.390798 0.014643
vn 0.862481 -0.505568 0.0229483
v 0.228138 0.383684 -0.0137405
vn 0.834948 -0.457068 -0.306516
v 0.0881953 0.538685 -0.0148104
vn -0.517141 0.699966 -0.492557
v 0.0823739 0.52801 0.0551475
vn -0.655965 0.752418 0.0598051
v 0.115256 0.582861 0.280371
vn 0.0862107 0.811055 0.578583
v 0.183693 0.511937 0.274719
vn 0.523129 -0.422189 0.740333
v 0.223925 0.431823 0.186975
vn 0.826216 -0.492408 0.27368
v 0.241919 0.40331 0.055775
vn 0.839271 -0.527624 0.13129
v 0.16969 0.433004 -0.117058
vn 0.22817 -0.639547 -0.73411
v 0.147173 0.465357 -0.144596
vn 0.29711 -0.184553 -0.936838
v 0.137904 0.487715 -0.15244
vn 0.408597 0.0107082 -0.912652
v 0.143477 0.502583 -0.146125
vn 0.251255 0.398826 -0.881935
v 0.133677 0.516351 -0.138387
vn 0.0955402 0.616442 -0.781583
v 0.120453 0.547144 -0.0892134
vn -0.394441 0.897901 -0.195426
v 0.0799969 0.537848 0.0775
vn -0.399131 0.537143 -0.743083
v 0.0912845 0.571899 0.108367
vn -0.549353 0.823915 -0.139195
v 0.097906 0.58684 0.175963
vn -0.514002 0.768836 -0.380385
v 0.0990973 0.58373 0.186878
vn -0.465123 0.801114 0.376665
v 0.112331 0.596161 0.261294
vn -0.0274056 0.863156 0.504193
v 0.188704 0.51032 0.272294
vn 0.304389 -0.179716 0.935441
v 0.201203 0.483096 0.240197
vn 0.502234 -0.220611 0.836117
v 0.216119 0.386909 -0.0364265
vn 0.758024 -0.402804 -0.51298
v 0.209078 0.412217 -0.0608007
vn 0.465639 -0.492223 -0.735456
v 0.0988069 0.552814 0.00779686
vn -0.497113 0.862115 0.0981631
v 0.148094 0.569175 0.28827
vn 0.207891 0.612571 0.762586
v 0.231749 0.425948 0.144689
vn 0.815381 -0.536733 0.216957
v 0.212544 0.393719 -0.0484452
vn 0.722026 -0.405966 -0.56024
v 0.177893 0.421411 -0.107586
vn 0.43056 -0.819211 -0.378829
v 0.154652 0.450858 -0.14
vn 0.413856 -0.422257 -0.806488
v 0.193132 0.504593 0.270003
vn 0.634124 -0.367863 0.68012
v 0.205699 0.417136 -0.0689282
vn 0.614078 -0.694511 -0.374917
v 0.176476 0.423847 -0.111068
vn 0.173733 -0.518713 -0.837111
v 0.0839936 0.530193 0.0613734
vn -0.663436 0.711953 -0.230165
v 0.201161 0.494928 0.244355
vn 0.640492 -0.371092 0.672354
v 0.222716 0.441882 0.201629
vn 0.807885 -0.393838 0.43842
v 0.243432 0.402917 0.00559874
vn 0.893492 -0.4226 -0.151927
v 0.226818 0.395343 -0.0274363
vn 0.782326 -0.369739 -0.501257
v 0.195951 0.412779 -0.0823376
vn 0.381345 -0.774515 -0.504682
v 0.155133 0.524498 -0.130783
vn 0.106458 0.621283 -0.776321
v 0.146576 0.531637 -0.123987
vn 0.019144 0.788008 -0.615367
v 0.0987043 0.552535 0.0773955
vn -0.542215 0.688726 -0.48131
v 0.0808002 0.572379 0.131644
vn -0.486571 0.868704 -0.0927428
v 0.13541 0.585498 0.273646
vn 0.103914 0.768033 0.631923
v 0.154439 0.478025 -0.143785
vn 0.405797 -0.0773108 -0.910688
v 0.125753 0.552198 -0.0806999
vn -0.284163 0.949254 -0.134787
v 0.105871 0.545618 -0.0251692
vn -0.470278 0.821003 -0.323716
v 0.0931241 0.54657 -0.00887572
vn -0.466549 0.793259 -0.391244
v 0.0969009 0.579931 0.163676
vn -0.61307 0.783695 -0.0998357
v 0.107182 0.587476 0.192977
vn -0.391133 0.895309 -0.213159
v 0.17859 0.560444 0.279717
vn 0.530075 0.279797 0.800458
v 0.112989 0.542065 -0.0481186
vn -0.476643 0.843491 -0.247656
v 0.0893416 0.571242 0.120264
vn -0.526279 0.818391 -0.230796
v 0.098331 0.581991 0.15468
vn -0.567397 0.822837 -0.0316148
v 0.103512 0.54291 -0.0330641
vn -0.514157 0.773274 -0.371065
v 0.140624 0.596103 0.258446
vn 0.112577 0.863149 0.49224
v 0.189444 0.526689 0.276224
vn 0.590213 0.0211069 0.806972
v 0.20588 0.510755 0.256263
vn 0.738227 -0.51752 0.43266
v 0.234218 0.451933 0.188979
vn 0.835122 -0.418224 0.357294
v 0.12484 0.550541 -0.0705003
vn -0.386564 0.893382 0.228989
v 0.127337 0.59859 0.209248
vn -0.296621 0.936691 -0.186082
v 0.219077 0.486632 0.225663
vn 0.728278 -0.190377 0.658307
v 0.233803 0.472159 0.2045
vn 0.811318 -0.265788 0.520692
v 0.247535 0.424684 0.0904176
vn 0.780083 -0.571165 0.255424
v 0.181517 0.441349 -0.11853
vn 0.391119 -0.479574 -0.785516
v 0.144784 0.544166 -0.107584
vn 0.0340648 0.866043 -0.498808
v 0.200701 0.520297 0.26839
vn 0.622463 0.00992674 0.782586
v 0.21992 0.412623 -0.0476124
vn 0.782957 -0.353301 -0.512013
v 0.188154 0.431462 -0.110839
vn 0.534986 -0.553969 -0.637894
v 0.162591 0.458005 -0.138223
vn 0.423964 -0.155597 -0.892213
v 0.165418 0.496651 -0.139276
vn 0.417942 0.108234 -0.902003
v 0.116279 0.546956 -0.0403025
vn -0.463118 0.840126 -0.282328
v 0.0886565 0.56307 0.0925476
vn -0.412085 0.674958 -0.61206
v 0.0868489 0.56604 0.0987069
vn -0.525792 0.782002 -0.334687
v 0.0946494 0.577429 0.138646
vn -0.53211 0.846623 0.00935061
v 0.237854 0.400135 -0.0100039
vn 0.852617 -0.387898 -0.350112
v 0.196324 0.430453 -0.0981323
vn 0.5021 -0.646992 -0.573843
v 0.0950112 0.541868 0.0374593
vn -0.584154 0.792177 0.176693
v 0.223236 0.470575 0.215667
vn 0.746367 -0.189672 0.637935
v 0.252016 0.416635 0.0422885
vn 0.872718 -0.486857 0.0365051
v 0.200974 0.417497 -0.0847433
vn 0.6577 -0.631249 -0.411043
v 0.161293 0.535075 -0.118532
vn 0.176528 0.810912 -0.557906
v 0.0916357 0.554676 0.0839615
vn -0.366508 0.601746 -0.709629
v 0.161469 0.584879 0.269712
vn 0.197358 0.748014 0.63366
v 0.202358 0.516121 0.265794
vn 0.819518 -0.144256 0.5546
v 0.212211 0.50086 0.236769
vn 0.702282 -0.261204 0.662248
v 0.24852 0.446149 0.135477
vn 0.801968 -0.543577 0.247731
v 0.240406 0.444311 0.158802
vn 0.824172 -0.50421 0.257901
v 0.217767 0.420803 -0.0578358
vn 0.738047 -0.421419 -0.526966
v 0.165515 0.51809 -0.132023
vn 0.330086 0.469497 -0.818911
v 0.162487 0.54858 -0.0936712
vn 0.0814626 0.942695 -0.323558
v 0.100116 0.548958 0.0685763
vn -0.62272 0.706935 -0.335355
v 0.114103 0.560666 -0.00158229
vn -0.468604 0.863135 -0.188173
v 0.107164 0.552453 0.0243377
vn -0.496723 0.841967 0.210613
v 0.129671 0.602651 0.237909
vn -0.0718875 0.99324 0.0911436
v 0.172101 0.573088 0.27574
vn 0.386206 0.525195 0.758297
v 0.194622 0.541614 0.269404
vn 0.684055 0.172777 0.708672
v 0.221386 0.429977 -0.0631059
vn 0.799072 -0.511414 -0.316131
v 0.179951 0.480831 -0.132298
vn 0.453691 -0.0570408 -0.889331
v 0.171012 0.510936 -0.132981
vn 0.406501 0.325349 -0.853759
v 0.135541 0.553938 -0.048981
vn -0.470376 0.866537 -0.166914
v 0.120271 0.594175 0.191713
vn -0.434481 0.895039 0.100652
v 0.237278 0.496298 0.206676
vn 0.807512 -0.0965298 0.581899
v 0.151931 0.600764 0.244342
vn 0.160502 0.950119 0.267421
v 0.238101 0.419778 -0.0278584
vn 0.8379 -0.309087 -0.449875
v 0.188927 0.457849 -0.122683
vn 0.517504 -0.31301 -0.796376
v 0.183323 0.467022 -0.128745
vn 0.510362 -0.15457 -0.845954
v 0.1119 0.590926 0.164986
vn -0.523834 0.839263 -0.145726
v 0.215627 0.510763 0.238838
vn 0.782135 -0.384019 0.490707
v 0.228354 0.497824 0.215598
vn 0.790399 -0.130658 0.598497
v 0.25142 0.426571 0.0825769
vn 0.782172 -0.597259 0.17745
v 0.13427 0.553347 -0.0783598
vn -0.0214532 0.978954 -0.202948
v 0.120729 0.589178 0.12122
vn -0.446913 0.888194 -0.106676
v 0.205908 0.534188 0.259349
vn 0.7503 0.131204 0.647947
v 0.240257 0.462518 0.18538
vn 0.870395 -0.253297 0.4222
v 0.248678 0.462624 0.164689
vn 0.851163 -0.428125 0.303696
v 0.244693 0.416414 -0.00906608
vn 0.907122 -0.275251 -0.318381
v 0.230375 0.428483 -0.0420814
vn 0.774214 -0.333608 -0.537865
v 0.207706 0.427934 -0.0867191
vn 0.647891 -0.484356 -0.587909
v 0.203151 0.438338 -0.0987641
vn 0.653984 -0.466381 -0.595646
v 0.194359 0.441004 -0.11157
vn 0.602166 -0.359877 -0.712661
v 0.111771 0.592912 0.176781
vn -0.376222 0.926481 -0.0094799
v 0.225977 0.431675 -0.0527889
vn 0.816694 -0.361528 -0.449786
v 0.218246 0.435974 -0.0787496
vn 0.773263 -0.482961 -0.410869
v 0.169974 0.528068 -0.122979
vn 0.401495 0.681513 -0.611835
v 0.138366 0.555415 -0.0621266
vn -0.45281 0.888719 0.0717075
v 0.138897 0.602963 0.222384
vn -0.161854 0.985448 -0.0519218
v 0.192716 0.561027 0.265631
vn 0.696054 0.317676 0.643887
v 0.258255 0.43028 0.0597216
vn 0.758142 -0.651456 0.0287345
v 0.247829 0.414904 0.00382974
vn 0.916075 -0.377778 -0.134505
v 0.107398 0.584567 0.137036
vn -0.427969 0.898519 -0.0975009
v 0.144637 0.603234 0.235341
vn 0.0110522 0.997181 0.0742219
v 0.172389 0.583353 0.265053
vn 0.433827 0.680743 0.590239
v 0.185706 0.575616 0.262581
vn 0.607794 0.552528 0.57035
v 0.219252 0.521635 0.239415
vn 0.835827 -0.244447 0.491567
v 0.224046 0.511534 0.226638
vn 0.805118 -0.2146 0.552931
v 0.107221 0.552297 0.0492269
vn -0.691891 0.719197 -0.0635863
v 0.240451 0.481151 0.194813
vn 0.906797 -0.105182 0.408235
v 0.215229 0.444475 -0.0904852
vn 0.755886 -0.339917 -0.559547
v 0.171699 0.591304 0.255028
vn 0.301281 0.824664 0.478705
v 0.211849 0.549716 0.248864
vn 0.732846 0.259699 0.628882
v 0.259412 0.430494 0.0419455
vn 0.879646 -0.469714 -0.0747829
v 0.188249 0.492737 -0.127813
vn 0.518356 0.0585886 -0.853156
v 0.10442 0.57893 0.104992
vn -0.459142 0.865628 -0.19969
v 0.116684 0.592214 0.148551
vn -0.443855 0.884557 -0.143356
v 0.137739 0.602003 0.198251
vn -0.313354 0.949636 0.000301769
v 0.257022 0.46196 0.140077
vn 0.830779 -0.449232 0.328629
v 0.199203 0.464774 -0.116666
vn 0.692419 -0.206512 -0.691309
v 0.187454 0.504478 -0.126135
vn 0.475345 0.274348 -0.835931
v 0.110531 0.579218 0.0977234
vn -0.389386 0.773314 -0.500363
v 0.108709 0.58442 0.127932
vn -0.423167 0.885477 -0.191991
v 0.225523 0.532785 0.232964
vn 0.855084 -0.117975 0.50489
v 0.25791 0.435203 0.0192884
vn 0.91917 -0.341309 -0.196559
v 0.204373 0.451761 -0.106338
vn 0.715263 -0.286028 -0.637642
v 0.17115 0.546242 -0.0945106
vn 0.366783 0.824726 -0.430461
v 0.248491 0.496076 0.182939
vn 0.825819 -0.221393 0.518659
v 0.265673 0.470534 0.132538
vn 0.807707 -0.482578 0.338715
v 0.25696 0.444401 0.102715
vn 0.740322 -0.587471 0.326804
v 0.260688 0.440635 0.0907734
vn 0.786474 -0.572746 0.231127
v 0.228536 0.449788 -0.0718529
vn 0.86887 -0.36006 -0.339739
v 0.196802 0.480249 -0.121648
vn 0.646737 -0.0571981 -0.760565
v 0.186095 0.517729 -0.119848
vn 0.459423 0.486051 -0.743428
v 0.135721 0.601244 0.179717
vn -0.296347 0.955035 -0.00928859
v 0.221144 0.539973 0.240161
vn 0.796762 0.0640332 0.600891
v 0.258124 0.483547 0.162321
vn 0.858232 -0.305107 0.412732
v 0.260931 0.431527 0.0738445
vn 0.696192 -0.695587 0.177413
v 0.241662 0.439404 -0.0278613
vn 0.864011 -0.385918 -0.323345
v 0.2382 0.439864 -0.0394829
vn 0.669599 -0.461406 -0.582015
v 0.15101 0.604553 0.196749
vn -0.121023 0.992386 0.0228611
v 0.11786 0.559764 0.0325423
vn -0.612537 0.788329 -0.0577569
v 0.117088 0.575599 0.0900644
vn -0.37144 0.684744 -0.627023
v 0.206494 0.561733 0.248028
vn 0.702726 0.439049 0.559833
v 0.230713 0.518935 0.218682
vn 0.868743 -0.152061 0.471342
v 0.260345 0.447995 0.0106346
vn 0.901023 -0.328664 -0.283087
v 0.237 0.455084 -0.0498261
vn 0.846991 -0.362312 -0.389019
v 0.224646 0.467826 -0.0886342
vn 0.784284 -0.142617 -0.603787
v 0.137439 0.55882 -0.0345455
vn -0.424183 0.857582 -0.290897
v 0.125294 0.56499 0.0148582
vn -0.458972 0.881933 0.107417
v 0.119201 0.567985 0.0719039
vn -0.656976 0.73628 -0.162097
v 0.127272 0.593433 0.137418
vn -0.367041 0.920865 -0.131485
v 0.173184 0.59411 0.247505
vn 0.409382 0.852893 0.324007
v 0.185676 0.582729 0.252762
vn 0.589964 0.691439 0.41696
v 0.237802 0.523735 0.206272
vn 0.907713 -0.0410736 0.417576
v 0.262396 0.434867 0.0720302
vn 0.930206 -0.282098 0.234814
v 0.266264 0.434785 0.0625036
vn 0.483784 -0.861234 -0.15566
v 0.261447 0.437271 0.0297303
vn 0.79988 -0.527411 -0.286409
v 0.249493 0.440692 -0.0124794
vn 0.883709 -0.301571 -0.35793
v 0.197739 0.503764 -0.119602
vn 0.656851 0.13126 -0.742508
v 0.12276 0.575739 0.0854005
vn -0.535074 0.759726 -0.369474
v 0.211953 0.474866 -0.104903
vn 0.72558 -0.0934303 -0.681766
v 0.185652 0.524786 -0.113501
vn 0.415861 0.7173 -0.559054
v 0.146277 0.558311 -0.0527085
vn -0.166237 0.958332 -0.232305
v 0.130767 0.598869 0.156844
vn -0.331493 0.937277 -0.107816
v 0.280209 0.469558 0.110151
vn 0.927753 -0.366067 -0.0725856
v 0.127939 0.56465 -0.0093553
vn -0.404651 0.849435 -0.3387
v 0.125812 0.566746 0.00174074
vn -0.391033 0.919825 -0.0318781
v 0.200704 0.571406 0.246058
vn 0.617831 0.596087 0.512801
v 0.248566 0.443031 -0.019598
vn 0.91923 -0.313252 -0.238516
v 0.245628 0.43746 -0.0400408
vn 0.863975 -0.349704 -0.36229
v 0.161437 0.603627 0.216902
vn 0.108443 0.984966 0.134468
v 0.244411 0.509967 0.189808
vn 0.845457 0.00705461 0.533997
v 0.271581 0.439478 0.0502475
vn 0.971006 -0.17791 0.159675
v 0.165767 0.554758 -0.0677844
vn 0.0570149 0.947424 -0.314861
v 0.258979 0.498341 0.170192
vn 0.875225 -0.174511 0.45114
v 0.263761 0.448856 0.0853349
vn 0.929522 -0.36712 0.0348003
v 0.2677 0.443564 0.0403963
vn 0.614608 -0.769917 -0.171709
v 0.267634 0.446329 0.0259131
vn 0.533149 -0.808311 -0.249772
v 0.239469 0.449505 -0.045603
vn 0.457641 -0.24974 -0.853343
v 0.192073 0.585043 0.238367
vn 0.531336 0.734268 0.422532
v 0.232311 0.541113 0.221292
vn 0.903617 -0.00114108 0.428339
v 0.263452 0.449956 0.0144752
vn 0.31806 -0.919309 -0.231751
v 0.25604 0.447617 -0.00440481
vn 0.579519 -0.795477 -0.177128
v 0.256242 0.450145 -0.0076663
vn 0.817665 -0.300781 -0.490871
v 0.206085 0.496125 -0.111465
vn 0.725529 0.109234 -0.679467
v 0.19694 0.51553 -0.115465
vn 0.594455 0.385061 -0.70594
v 0.129282 0.566787 0.024319
vn -0.473119 0.88001 -0.0417191
v 0.185033 0.596571 0.224364
vn 0.367337 0.907793 0.202425
v 0.184056 0.541335 -0.0919276
vn 0.235341 0.850764 -0.469909
v 0.124337 0.588071 0.103414
vn -0.373242 0.860896 -0.345757
v 0.226684 0.546135 0.230771
vn 0.829144 0.17039 0.532436
v 0.252972 0.501803 0.184939
vn 0.683977 -0.27967 0.673766
v 0.273725 0.466612 0.112228
vn 0.425581 -0.628186 0.651355
v 0.272334 0.47215 0.119164
vn 0.717219 -0.573953 0.395188
v 0.27123 0.463346 0.0824336
vn 0.947894 -0.295304 0.119551
v 0.27286 0.443794 0.0397802
vn 0.56077 -0.818452 -0.125189
v 0.247834 0.455724 -0.030084
vn 0.976032 -0.0355339 -0.214705
v 0.233047 0.467753 -0.0759894
vn 0.871173 -0.221324 -0.438262
v 0.194455 0.523678 -0.109986
vn 0.294628 0.701627 -0.648779
v 0.208738 0.572965 0.237026
vn 0.674246 0.493593 0.549325
v 0.271618 0.453804 0.0541773
vn 0.950715 -0.26769 0.156472
v 0.242164 0.472963 -0.0534658
vn 0.91435 -0.218337 -0.341016
v 0.150304 0.564252 -0.0348421
vn -0.336567 0.888117 -0.313003
v 0.124373 0.565794 0.0421306
vn -0.532042 0.834467 -0.14351
v 0.130321 0.574299 0.0654102
vn -0.530719 0.822949 -0.202712
v 0.140968 0.602963 0.164332
vn -0.238357 0.970614 -0.0330851
v 0.164289 0.605679 0.192273
vn 0.00582115 0.996823 0.0794366
v 0.253476 0.509787 0.183569
vn 0.783138 0.146382 0.604373
v 0.274995 0.453837 0.0273516
vn 0.990467 0.137487 0.00847097
v 0.250209 0.461689 -0.0242527
vn 0.896197 -0.133107 -0.423217
v 0.245391 0.461878 -0.0420691
vn 0.926342 -0.0778112 -0.368559
v 0.216696 0.486066 -0.101891
vn 0.82548 0.066538 -0.560496
v 0.159966 0.565039 -0.0393844
vn -0.16461 0.914219 -0.37028
v 0.220999 0.556998 0.233881
vn 0.740904 0.386206 0.549459
v 0.241469 0.53176 0.195791
vn 0.957192 0.0447287 0.285977
v 0.267942 0.494755 0.15256
vn 0.779792 -0.182179 0.598945
v 0.274796 0.446502 0.024658
vn 0.803903 -0.527817 -0.274132
v 0.141051 0.571882 0.0055413
vn -0.366556 0.93031 -0.0126591
v 0.169349 0.604095 0.210785
vn 0.232137 0.964779 0.123752
v 0.199833 0.585716 0.231722
vn 0.561562 0.723356 0.401751
v 0.271665 0.486731 0.138584
vn 0.683556 -0.570756 0.45496
v 0.268783 0.450145 0.00710272
vn 0.742173 -0.423194 -0.519698
v 0.213068 0.500154 -0.103212
vn 0.855024 0.286841 -0.432037
v 0.204987 0.524654 -0.10276
vn 0.782785 0.405227 -0.47227
v 0.188374 0.553109 -0.0672133
vn 0.154511 0.893253 -0.422169
v 0.224042 0.481988 -0.0881181
vn 0.819019 0.137204 -0.55712
v 0.197581 0.534919 -0.0968728
vn 0.379238 0.761786 -0.525225
v 0.144413 0.571743 -0.00741687
vn -0.257324 0.952131 -0.165017
v 0.136949 0.585125 0.0880869
vn -0.42611 0.83433 -0.349748
v 0.231864 0.559189 0.215885
vn 0.847267 0.25554 0.465659
v 0.253822 0.521873 0.17796
vn 0.88405 0.140058 0.445914
v 0.276872 0.484007 0.124099
vn 0.538454 -0.673176 0.506854
v 0.275827 0.468721 0.0645649
vn 0.97031 -0.202201 0.132717
v 0.272609 0.460901 0.0370492
vn 0.998412 0.0563321 -0.000709371
v 0.256373 0.465439 -0.0146356
vn 0.77601 -0.234577 -0.585475
v 0.159442 0.571751 -0.0248
vn -0.291845 0.910547 -0.292798
v 0.136118 0.595217 0.113141
vn -0.369 0.92391 -0.101141
v 0.155945 0.606023 0.170056
vn -0.136112 0.990462 -0.0213948
v 0.216999 0.570208 0.227186
vn 0.664629 0.59686 0.449473
v 0.244502 0.540449 0.183593
vn 0.872401 0.164536 0.460265
v 0.145311 0.574344 0.0165934
vn -0.383224 0.914034 -0.132975
v 0.147822 0.602495 0.148617
vn -0.30797 0.945897 -0.102144
v 0.172238 0.603586 0.196963
vn 0.267299 0.944732 0.189823
v 0.238244 0.553085 0.205501
vn 0.937715 0.0976199 0.333409
v 0.270449 0.461779 0.0923605
vn 0.940303 -0.226765 -0.253789
v 0.272335 0.472979 0.0955489
vn 0.973102 -0.0156531 -0.229842
v 0.269527 0.465734 0.00270565
vn 0.946861 -0.0272705 -0.320486
v 0.218014 0.500786 -0.090267
vn 0.770996 0.330041 -0.544645
v 0.202662 0.586151 0.220778
vn 0.548753 0.79362 0.262748
v 0.251384 0.535468 0.177421
vn 0.865304 0.287782 0.410402
v 0.258983 0.523366 0.166
vn 0.897168 0.182271 0.402327
v 0.26592 0.517122 0.155307
vn 0.838793 0.152972 0.522519
v 0.280524 0.490513 0.139761
vn 0.791573 -0.172988 0.586078
v 0.274794 0.46493 0.0517661
vn 0.985259 -0.0982418 -0.140044
v 0.19337 0.544683 -0.0820455
vn 0.441752 0.808628 -0.388555
v 0.231397 0.569396 0.208464
vn 0.801665 0.460204 0.381503
v 0.283375 0.479937 0.120965
vn 0.984701 -0.173583 0.0152737
v 0.27255 0.479953 0.0844354
vn 0.981604 -0.171445 0.0840203
v 0.270229 0.468532 0.0246595
vn 0.935421 0.340522 -0.0950323
v 0.251443 0.480355 -0.026034
vn 0.818413 -0.122815 -0.561353
v 0.246282 0.486329 -0.0374751
vn 0.960281 0.0180778 -0.278448
v 0.244749 0.483047 -0.0483238
vn 0.957352 0.0877705 -0.275271
v 0.237216 0.485853 -0.070259
vn 0.915155 0.0587196 -0.398803
v 0.232156 0.492679 -0.0775336
vn 0.786092 0.167213 -0.595063
v 0.210199 0.517598 -0.0881213
vn 0.882567 0.391439 -0.260483
v 0.202427 0.534156 -0.087515
vn 0.762965 0.585821 -0.273308
v 0.173548 0.564654 -0.0456547
vn -0.0140332 0.910102 -0.414147
v 0.139909 0.575099 0.0388188
vn -0.560532 0.8118 -0.163661
v 0.238789 0.55809 0.198387
vn 0.955285 0.263929 0.133313
v 0.28422 0.486279 0.128168
vn 0.999406 -0.0240576 -0.024664
v 0.269885 0.476885 0.033446
vn 0.943141 0.146714 -0.298263
v 0.276044 0.485861 0.110999
vn 0.965274 0.0479642 -0.2568
v 0.269956 0.468269 0.0102634
vn 0.933497 0.358474 -0.00892582
v 0.174364 0.607312 0.170692
vn 0.0432553 0.998387 0.036772
v 0.225953 0.575755 0.209693
vn 0.605669 0.682277 0.409467
v 0.206995 0.585683 0.215036
vn 0.389868 0.825932 0.407233
v 0.144171 0.58643 0.0803593
vn -0.510403 0.839074 -0.188263
v 0.184636 0.605408 0.180918
vn 0.168285 0.969937 0.175792
v 0.276682 0.476015 0.0619022
vn 0.990161 -0.136166 0.0322407
v 0.274912 0.477549 0.0483588
vn 0.948536 -0.11337 -0.295681
v 0.208056 0.530365 -0.0795274
vn 0.695898 0.508839 -0.506763
v 0.227384 0.509368 -0.0751
vn 0.701731 0.423596 -0.572835
v 0.165968 0.572268 -0.027689
vn -0.0774153 0.929523 -0.360547
v 0.154345 0.603111 0.126862
vn -0.197326 0.976014 -0.0919716
v 0.240707 0.553208 0.182015
vn 0.891791 0.377499 0.249407
v 0.281293 0.499358 0.134243
vn 0.954766 0.275894 -0.110924
v 0.275017 0.488806 0.0926833
vn 0.888841 -0.43183 0.153246
v 0.261252 0.485886 -0.0170405
vn 0.808407 -0.119604 -0.576344
v 0.149337 0.592477 0.0934559
vn -0.317068 0.887736 -0.333756
v 0.146824 0.598237 0.109203
vn -0.2056 0.938665 -0.276835
v 0.186984 0.596276 0.207125
vn 0.354807 0.900741 0.250556
v 0.255697 0.537536 0.160401
vn 0.862353 0.430773 0.266048
v 0.276499 0.495034 0.116446
vn 0.927006 0.259128 -0.271131
v 0.260461 0.486723 0.0179792
vn 0.906524 0.420138 -0.0411986
v 0.148225 0.580424 0.0344004
vn -0.441795 0.874701 -0.199284
v 0.147561 0.585478 0.0604751
vn -0.393183 0.903113 -0.172607
v 0.246911 0.549827 0.17443
vn 0.843317 0.491409 0.217564
v 0.27372 0.521298 0.141592
vn 0.852979 0.264805 0.449784
v 0.276058 0.496815 0.106565
vn 0.966678 -0.105846 0.23309
v 0.267076 0.477344 -0.00275478
vn 0.921211 0.388587 0.019267
v 0.200602 0.545437 -0.0673528
vn 0.59355 0.681505 -0.428077
v 0.202443 0.597876 0.195137
vn 0.294518 0.901507 0.317088
v 0.216691 0.586184 0.203933
vn 0.550302 0.766669 0.330737
v 0.277419 0.48294 0.0649684
vn 0.882476 -0.459812 0.0990451
v 0.277718 0.483399 0.049654
vn 0.896916 -0.340363 -0.282303
v 0.246576 0.495223 -0.0339748
vn 0.849615 0.109708 -0.515866
v 0.237709 0.499473 -0.0569768
vn 0.905163 0.31691 -0.283281
v 0.241778 0.497807 -0.0478134
vn 0.925979 0.244283 -0.287905
v 0.233558 0.505619 -0.0675251
vn 0.880784 0.368928 -0.296837
v 0.216857 0.528059 -0.0709499
vn 0.596886 0.565454 -0.5692
v 0.174188 0.607115 0.152475
vn -0.0211958 0.997187 -0.0718971
v 0.23637 0.562373 0.17859
vn 0.846592 0.527514 0.0707883
v 0.258896 0.53843 0.152467
vn 0.781701 0.37299 0.499822
v 0.260199 0.490784 0.0215206
vn 0.887105 0.0692255 -0.456346
v 0.195676 0.553405 -0.0584504
vn 0.432726 0.802638 -0.410512
v 0.233886 0.569995 0.194475
vn 0.86601 0.50002 -0.00270089
v 0.275573 0.517122 0.135899
vn 0.886571 0.423181 -0.186843
v 0.271727 0.513971 0.118628
vn 0.97506 0.196561 0.103064
v 0.26908 0.48751 0.0336364
vn 0.807013 -0.165263 -0.566937
v 0.171055 0.576083 -0.0139054
vn -0.0883057 0.985378 -0.145714
v 0.156319 0.576379 0.00805778
vn -0.0362535 0.983349 -0.178075
v 0.152298 0.589622 0.0767402
vn -0.0621013 0.976711 -0.205377
v 0.227269 0.579062 0.194482
vn 0.715096 0.672184 0.191848
v 0.260519 0.504265 0.0191101
vn 0.688636 -0.210875 -0.693766
v 0.252835 0.50401 0.00203858
vn 0.899145 0.434595 0.0516253
v 0.236842 0.512133 -0.0464022
vn 0.850782 0.35506 -0.387429
v 0.218804 0.537232 -0.0614345
vn 0.695536 0.566454 -0.441996
v 0.180593 0.569224 -0.0347617
vn 0.13947 0.929484 -0.341479
v 0.212229 0.594389 0.189784
vn 0.514255 0.819392 0.253256
v 0.279824 0.50072 0.0988031
vn 0.873826 -0.351949 0.335499
v 0.25435 0.499276 -0.0246482
vn 0.7872 0.153387 -0.597318
v 0.157936 0.595545 0.0967307
vn -0.0485789 0.957031 -0.285888
v 0.166711 0.603853 0.124904
vn -0.0158661 0.981393 -0.191353
v 0.193735 0.603792 0.175786
vn 0.270671 0.959147 0.0823006
v 0.233115 0.574631 0.159663
vn 0.797338 0.559493 0.226319
v 0.261562 0.543608 0.145799
vn 0.793509 0.438939 0.421517
v 0.267763 0.524006 0.125251
vn 0.865257 0.457749 -0.204441
v 0.25859 0.497684 -0.0173679
vn 0.908591 0.417357 0.0165936
v 0.224601 0.529922 -0.0534142
vn 0.846778 0.439198 -0.300121
v 0.189284 0.564842 -0.0402139
vn 0.312698 0.869772 -0.381727
v 0.187551 0.605843 0.157366
vn 0.217369 0.975978 -0.0147335
v 0.219809 0.589827 0.183689
vn 0.797276 0.603604 -0.00349372
v 0.242776 0.563296 0.154827
vn 0.737211 0.478088 0.477442
v 0.241776 0.513077 -0.0356068
vn 0.783802 0.265191 -0.561541
v 0.162788 0.586897 0.0709169
vn -0.00537197 0.974903 -0.222564
v 0.275354 0.497057 0.0362228
vn 0.704414 -0.335528 -0.625477
v 0.252215 0.50712 0.00476757
vn 0.907119 0.134997 -0.398636
v 0.21436 0.542976 -0.0585037
vn 0.536841 0.742727 -0.400198
v 0.164485 0.577855 0.0226546
vn -0.0463867 0.990846 -0.126781
v 0.169341 0.596924 0.100243
vn -0.266288 0.9468 -0.180721
v 0.211736 0.597416 0.18403
vn 0.462243 0.884635 0.061261
v 0.221675 0.586561 0.167014
vn 0.791529 0.596982 0.130746
v 0.263831 0.541023 0.141305
vn 0.861861 0.474126 -0.179998
v 0.279558 0.520281 0.109452
vn 0.831335 -0.188893 0.522687
v 0.256882 0.546192 0.126466
vn 0.865674 0.486487 -0.118064
v 0.266493 0.529389 0.122403
vn 0.708434 0.15458 0.688641
v 0.281171 0.499883 0.0447
vn 0.860277 -0.337895 -0.381773
v 0.256045 0.512601 0.0122537
vn 0.809486 0.0332814 -0.586195
v 0.2081 0.554406 -0.043921
vn 0.473843 0.774597 -0.418895
v 0.182486 0.574377 -0.0154471
vn 0.0994059 0.945676 -0.30954
v 0.176229 0.576091 -0.00495947
vn -0.243127 0.947086 -0.209565
v 0.167806 0.580772 0.0324227
vn -0.605761 0.771439 -0.194768
v 0.167183 0.591574 0.0815956
vn -0.674582 0.724464 -0.141742
v 0.178788 0.602274 0.119331
vn -0.0399782 0.978256 -0.203514
v 0.204542 0.600181 0.162198
vn 0.356383 0.934293 -0.00935516
v 0.28865 0.50159 0.0754713
vn 0.80936 -0.566089 0.15646
v 0.267165 0.513446 0.0213942
vn 0.545018 -0.318649 -0.775512
v 0.244711 0.520576 -0.00363354
vn 0.905485 0.383429 -0.181878
v 0.24824 0.51585 -0.0266117
vn 0.831869 0.317353 -0.455282
v 0.231166 0.533023 -0.037974
vn 0.734145 0.462806 -0.496832
v 0.190456 0.603898 0.134106
vn 0.137165 0.989198 -0.051701
v 0.214014 0.594454 0.167273
vn 0.601018 0.798449 0.0354411
v 0.217902 0.541663 -0.0504267
vn 0.720209 0.599135 -0.349765
v 0.197882 0.564974 -0.0323921
vn 0.254822 0.878391 -0.404345
v 0.174608 0.581687 0.0163288
vn -0.626935 0.732072 -0.266502
v 0.285407 0.498423 0.0603493
vn 0.861317 -0.48146 -0.162265
v 0.249948 0.524941 0.00782065
vn 0.70593 0.221848 -0.672641
v 0.176414 0.59539 0.0504728
vn -0.687772 0.701447 -0.186926
v 0.174352 0.59877 0.0902071
vn -0.591064 0.806293 -0.0231192
v 0.286583 0.505775 0.087599
vn 0.791177 -0.41327 0.45083
v 0.237257 0.536404 -0.00273919
vn 0.872924 0.483463 -0.0653311
v 0.183577 0.603028 0.116154
vn -0.21871 0.975643 0.0169419
v 0.179788 0.602118 0.0992129
vn -0.44909 0.891328 0.0620644
v 0.226556 0.587972 0.14761
vn 0.619046 0.730749 0.28773
v 0.236073 0.576182 0.149314
vn 0.681567 0.578882 0.447617
v 0.244058 0.57541 0.141992
vn 0.841689 0.533343 0.0842924
v 0.263111 0.542648 0.12306
vn 0.450712 0.0914912 0.887969
v 0.274041 0.530513 0.116697
vn 0.62228 -0.0489619 0.781262
v 0.260427 0.523366 0.0148911
vn 0.407072 -0.169164 -0.897594
v 0.24075 0.53066 -0.0280451
vn 0.737004 0.383631 -0.556464
v 0.21703 0.553651 -0.0341947
vn 0.590804 0.630702 -0.503156
v 0.181126 0.582877 0.00925653
vn -0.433002 0.814549 -0.386029
v 0.207892 0.599312 0.146891
vn 0.40209 0.913932 0.0552462
v 0.241394 0.571004 0.127109
vn 0.851604 0.48731 -0.193133
v 0.240985 0.534262 -0.0233543
vn 0.882498 0.469804 0.0219689
v 0.188858 0.580087 -0.00298452
vn -0.160876 0.874588 -0.4574
v 0.178336 0.601765 0.0768551
vn -0.643578 0.759537 -0.0943957
v 0.202154 0.601699 0.131253
vn 0.224297 0.957618 0.180717
v 0.249533 0.559263 0.125391
vn 0.516829 0.359282 0.777049
v 0.239337 0.541138 0.00362051
vn 0.561648 0.380767 -0.734553
v 0.190449 0.605219 0.111606
vn -0.315684 0.929719 0.189648
v 0.271271 0.543189 0.119739
vn 0.391533 -0.0859609 0.91614
v 0.28679 0.516876 0.0958479
vn 0.732944 -0.316802 0.602021
v 0.230687 0.549663 -0.0249518
vn 0.659782 0.525156 -0.537493
v 0.20909 0.566902 -0.0212464
vn 0.27705 0.77983 -0.561346
v 0.198939 0.57491 -0.0125507
vn 0.0073013 0.807647 -0.589621
v 0.282967 0.536322 0.0229945
vn 0.583851 -0.380534 -0.717156
v 0.228627 0.549122 -0.00601792
vn 0.851741 0.500126 0.156242
v 0.183199 0.591451 0.0218269
vn -0.580155 0.75134 -0.314496
v 0.199361 0.603619 0.123951
vn -0.0455355 0.983372 0.175799
v 0.218818 0.594676 0.139794
vn 0.308195 0.885473 0.347784
v 0.281149 0.539267 0.112299
vn 0.692413 -0.216989 0.688098
v 0.286854 0.507571 0.0499853
vn 0.690125 -0.569917 -0.446007
v 0.250271 0.537224 0.00944196
vn 0.400892 0.0844393 -0.912225
v 0.180212 0.600108 0.0602763
vn -0.335899 0.922709 -0.189154
v 0.184659 0.606557 0.0850738
vn -0.171939 0.973674 -0.14965
v 0.259564 0.555702 0.123062
vn 0.194091 0.138746 0.971122
v 0.294071 0.506956 0.0633458
vn 0.746614 -0.647541 -0.152507
v 0.284145 0.523128 0.0319182
vn 0.72043 -0.419039 -0.552619
v 0.225051 0.555563 0.000386917
vn 0.760735 0.56411 -0.321034
v 0.218072 0.560453 -0.0251856
vn 0.35816 0.602098 -0.713582
v 0.189553 0.589187 0.0106476
vn -0.0910082 0.931486 -0.352208
v 0.183409 0.59548 0.03296
vn -0.130473 0.964165 -0.231005
v 0.188636 0.608247 0.0947174
vn -0.267673 0.961717 0.0587577
v 0.236213 0.587825 0.139102
vn 0.684576 0.694894 0.220176
v 0.229862 0.554217 -0.0176378
vn 0.863231 0.487756 0.1301
v 0.210849 0.603439 0.125379
vn 0.196793 0.945045 0.261081
v 0.29362 0.50721 0.076386
vn 0.798445 -0.543464 0.2591
v 0.228846 0.594692 0.13657
vn 0.582494 0.810695 0.058944
v 0.196794 0.584912 -0.000947218
vn 0.0486436 0.878016 -0.476153
v 0.198086 0.607615 0.111158
vn -0.0234767 0.985877 0.165819
v 0.235623 0.582557 0.12448
vn 0.830223 0.556502 0.0321768
v 0.284305 0.555825 0.0149611
vn 0.323896 -0.260584 -0.909498
v 0.222487 0.565023 0.00767788
vn 0.391253 0.519408 -0.759695
v 0.218369 0.571447 -0.0185068
vn 0.446363 0.800745 -0.399459
v 0.18621 0.599303 0.0539703
vn 0.326472 0.91898 -0.221113
v 0.242183 0.58108 0.119171
vn -0.0369698 0.308433 0.950527
v 0.238332 0.555965 0.00870926
vn 0.217616 0.139699 -0.965985
v 0.190373 0.593084 0.0309569
vn 0.389007 0.910493 -0.140269
v 0.195978 0.606934 0.096646
vn 0.397918 0.885821 -0.238709
v 0.2637 0.562003 0.122834
vn 0.0190468 -0.0496573 0.998585
v 0.28171 0.555111 0.116872
vn 0.413796 -0.242973 0.877347
v 0.299948 0.525663 0.0864683
vn 0.685429 -0.517738 0.511991
v 0.219314 0.570446 -0.0141368
vn 0.826793 0.53671 0.168393
v 0.198574 0.586044 0.00903582
vn 0.509488 0.853234 -0.111419
v 0.205651 0.605703 0.11147
vn 0.398423 0.909376 -0.119558
v 0.300139 0.516055 0.0668587
vn 0.756212 -0.652231 0.0523221
v 0.300812 0.5196 0.0761946
vn 0.64095 -0.687772 0.340811
v 0.291071 0.544912 0.104643
vn 0.593555 -0.352705 0.723388
v 0.294587 0.52618 0.0927865
vn 0.594899 -0.389533 0.703107
v 0.298235 0.515333 0.0531154
vn 0.51518 -0.810256 -0.279418
v 0.258744 0.543444 0.0111516
vn 0.175928 -0.0940643 -0.979899
v 0.202615 0.59621 0.0662896
vn -0.31328 0.948745 -0.0417042
v 0.204158 0.600362 0.0887294
vn 0.345867 0.912245 -0.219512
v 0.211271 0.598343 0.0901624
vn 0.047625 0.998814 0.0101501
v 0.293398 0.518033 0.0433031
vn 0.409003 -0.629646 -0.660502
v 0.236566 0.563571 0.00897346
vn 0.0985182 0.394596 -0.913558
v 0.203272 0.587283 0.0287733
vn 0.35601 0.907004 -0.224948
v 0.203715 0.590426 0.0391845
vn -0.348654 0.829484 -0.436345
v 0.212322 0.586397 0.0288911
vn -0.0594642 0.801954 -0.594418
v 0.210025 0.600862 0.057028
vn -0.551191 0.824101 -0.13056
v 0.197557 0.590467 0.0471399
vn 0.0441007 0.97324 -0.225521
v 0.19758 0.593256 0.0561528
vn 0.252218 0.934209 -0.252268
v 0.209285 0.600066 0.0738134
vn -0.61965 0.771175 0.14602
v 0.227814 0.593708 0.108386
vn -0.269914 0.671618 0.689983
v 0.21799 0.597096 0.104952
vn 0.468326 0.872134 -0.141611
v 0.23005 0.59004 0.117361
vn 0.627571 0.778548 -0.00414395
v 0.276673 0.568814 0.122118
vn 0.147143 -0.206112 0.967402
v 0.216234 0.575058 0.0133234
vn 0.340836 0.738928 -0.58122
v 0.22599 0.577798 0.0180384
vn -0.0554786 0.599442 -0.798493
v 0.214625 0.60046 0.0466962
vn -0.602939 0.721785 -0.339839
v 0.216813 0.598319 0.0935355
vn -0.569553 0.694609 0.439464
v 0.262663 0.588567 0.122777
vn -0.217529 0.0245418 0.975745
v 0.254049 0.559657 0.0101886
vn 0.0341227 0.0904883 -0.995313
v 0.216609 0.596916 0.0383915
vn -0.515873 0.651109 -0.556715
v 0.239201 0.569667 0.01251
vn -0.0777179 0.38037 -0.921563
v 0.222702 0.593207 0.0301098
vn -0.36564 0.550253 -0.750685
v 0.228685 0.604768 0.0996608
vn -0.569906 0.526636 0.630763
v 0.222181 0.606942 0.0883085
vn -0.704798 0.605767 0.369196
v 0.252033 0.592838 0.118641
vn -0.329459 0.258365 0.908133
v 0.304716 0.517245 0.0677189
vn -0.25509 -0.933965 0.250278
v 0.247889 0.604468 0.112893
vn -0.443462 0.39073 0.806642
v 0.305263 0.526061 0.0859557
vn -0.384607 -0.744039 0.546337
v 0.303733 0.51704 0.0498283
vn -0.0917632 -0.976757 -0.193714
v 0.298993 0.521709 0.039612
vn -0.113223 -0.75688 -0.643672
v 0.234511 0.587418 0.0218387
vn -0.291023 0.443457 -0.847733
v 0.216149 0.606581 0.0592836
vn -0.727493 0.680883 -0.0845733
v 0.218217 0.607779 0.0764162
vn -0.747618 0.650249 0.135067
v 0.290071 0.557548 0.112988
vn 0.294176 -0.477079 0.828165
v 0.301412 0.532342 0.0920448
vn 0.211976 -0.580695 0.78604
v 0.24954 0.579767 0.0142313
vn -0.241051 0.305194 -0.921277
v 0.315955 0.521602 0.0932462
vn -0.410932 -0.715482 0.564995
v 0.326804 0.513495 0.0815129
vn -0.130107 -0.934253 0.33203
v 0.322663 0.511149 0.0660621
vn -0.189052 -0.980168 0.0594087
v 0.331936 0.513159 0.0740987
vn 0.503633 -0.857789 0.102724
v 0.327872 0.511231 0.0620892
vn 0.272717 -0.947666 -0.165996
v 0.319777 0.514234 0.0505164
vn -0.100604 -0.959378 -0.263576
v 0.309896 0.515251 0.0624705
vn -0.254427 -0.965598 -0.0537317
v 0.257173 0.570545 0.0112451
vn -0.122538 0.0939795 -0.988004
v 0.271002 0.582122 0.124041
vn -0.0437363 -0.064273 0.996973
v 0.325738 0.520855 0.0934851
vn 0.413725 -0.635615 0.651786
v 0.289957 0.538471 0.0259649
vn 0.236072 -0.532345 -0.812945
v 0.31946 0.519518 0.0410817
vn 0.235747 -0.789824 -0.566217
v 0.304161 0.519296 0.0374038
vn -0.152094 -0.768598 -0.62139
v 0.272733 0.56586 0.0108668
vn 0.0712384 -0.0851416 -0.993819
v 0.286296 0.573121 0.120902
vn 0.234452 -0.299443 0.92486
v 0.302832 0.545421 0.104232
vn -0.478203 -0.601736 0.639715
v 0.335465 0.518993 0.0834894
vn 0.687411 -0.594673 0.41693
v 0.334844 0.516219 0.0600011
vn 0.749875 -0.597229 -0.284614
v 0.328203 0.515071 0.0530173
vn 0.583002 -0.629217 -0.513999
v 0.296385 0.555103 0.110125
vn -0.0113884 -0.593184 0.804986
v 0.321941 0.536428 0.107952
vn -0.0315453 -0.62024 0.783777
v 0.31011 0.558426 0.122323
vn -0.417968 -0.565974 0.710617
v 0.296863 0.538389 0.0269325
vn -0.242961 -0.557305 -0.793965
v 0.231261 0.624936 0.0678524
vn -0.785672 0.618618 -0.00566452
v 0.231337 0.622433 0.0815824
vn -0.814314 0.543998 0.202382
v 0.33848 0.520133 0.0698813
vn 0.822657 -0.56735 0.0367459
v 0.312507 0.533951 0.0232553
vn -0.135959 -0.61872 -0.773758
v 0.229765 0.613843 0.0426519
vn -0.850423 0.342963 -0.398945
v 0.22897 0.618273 0.0504731
vn -0.921082 0.388834 -0.0203713
v 0.233682 0.619578 0.0912052
vn -0.720488 0.518663 0.46031
v 0.290508 0.555333 0.0167028
vn 0.0266899 -0.444605 -0.895329
v 0.233275 0.610848 0.0359047
vn -0.589803 0.177773 -0.787737
v 0.293271 0.569413 0.119246
vn -0.317146 -0.520756 0.79261
v 0.240377 0.607722 0.0290723
vn -0.377484 0.351074 -0.856886
v 0.240485 0.621596 0.0977993
vn -0.607313 0.38903 0.692695
v 0.338854 0.53455 0.0919337
vn 0.662191 -0.540775 0.518716
v 0.335924 0.528732 0.0504918
vn 0.721899 -0.534785 -0.439167
v 0.326106 0.533097 0.0318307
vn 0.569416 -0.581408 -0.581146
v 0.341436 0.528822 0.0802845
vn 0.767453 -0.574408 0.284731
v 0.34261 0.529405 0.0627143
vn 0.764131 -0.593423 -0.25289
v 0.317931 0.536814 0.0223292
vn 0.342208 -0.608078 -0.716334
v 0.27176 0.583189 0.0100589
vn -0.215759 -0.0132227 -0.976357
v 0.262991 0.590089 0.0133348
vn -0.276471 0.177364 -0.944514
v 0.281484 0.587406 0.125252
vn -0.0902736 -0.252876 0.963278
v 0.297863 0.553725 0.0159909
vn -0.261593 -0.426465 -0.86585
v 0.264346 0.601281 0.121465
vn -0.426773 0.2109 0.879424
v 0.289009 0.595164 0.128772
vn -0.223917 -0.101865 0.96927
v 0.284097 0.574081 0.0100502
vn -0.00572566 -0.233797 -0.972269
v 0.25661 0.596218 0.0175843
vn -0.409715 0.28918 -0.865164
v 0.313123 0.56444 0.127213
vn -0.177036 -0.480966 0.858679
v 0.328674 0.555144 0.12008
vn 0.341723 -0.557725 0.756418
v 0.337983 0.552879 0.112832
vn 0.514495 -0.54678 0.660551
v 0.340727 0.547251 0.104168
vn 0.633692 -0.583514 0.507883
v 0.347233 0.533015 0.0709389
vn 0.719563 -0.68669 0.103378
v 0.338821 0.539169 0.042286
vn 0.690233 -0.55603 -0.463043
v 0.312435 0.549327 0.0131681
vn -0.12241 -0.489486 -0.863377
v 0.241528 0.615804 0.0301078
vn -0.174634 -0.151915 -0.972844
v 0.231218 0.630983 0.0259159
vn -0.235831 -0.316354 -0.91886
v 0.22437 0.625321 0.0358518
vn -0.930701 -0.309565 -0.194847
v 0.226222 0.634199 0.0505339
vn -0.923105 -0.146344 0.355613
v 0.258904 0.613728 0.115471
vn -0.565438 0.238347 0.789601
v 0.351922 0.539555 0.0821667
vn 0.65599 -0.645041 0.391918
v 0.320775 0.550164 0.0139997
vn 0.378777 -0.512761 -0.770457
v 0.234282 0.628768 0.0576143
vn -0.93068 0.131745 0.341288
v 0.294038 0.582303 0.126917
vn -0.360085 -0.390452 0.847282
v 0.322339 0.562619 0.126256
vn 0.120702 -0.495497 0.860183
v 0.308539 0.563054 0.00787398
vn -0.223212 -0.288084 -0.931227
v 0.248033 0.61399 0.0281674
vn -0.440697 0.246615 -0.863115
v 0.223635 0.632608 0.0380026
vn -0.987102 0.153507 -0.0454558
v 0.236103 0.632484 0.0644376
vn -0.920886 0.278668 0.272606
v 0.239725 0.631533 0.0892204
vn -0.857219 0.347283 0.380224
v 0.272883 0.611578 0.12458
vn -0.354172 0.0283883 0.934749
v 0.35172 0.538316 0.0619937
vn 0.708485 -0.595519 -0.378689
v 0.227447 0.636333 0.0278335
vn -0.814758 0.2371 -0.529106
v 0.307651 0.574902 0.129568
vn -0.240034 -0.25376 0.937011
v 0.292833 0.582442 0.0073505
vn -0.20413 -0.206036 -0.957016
v 0.352784 0.546746 0.0870036
vn 0.63168 -0.613411 0.474032
v 0.355126 0.538332 0.0737719
vn 0.756253 -0.65239 0.049684
v 0.317237 0.56001 0.00846475
vn 0.0896293 -0.344067 -0.934658
v 0.26759 0.605506 0.0136002
vn -0.495182 0.172204 -0.851552
v 0.227524 0.648755 0.050045
vn -0.973144 0.203209 0.108149
v 0.241988 0.64393 0.0747849
vn -0.902373 0.407 0.141684
v 0.320474 0.573228 0.130851
vn 0.0917657 -0.242013 0.965924
v 0.342794 0.546381 0.0374143
vn 0.618332 -0.643945 -0.450556
v 0.334025 0.552395 0.0210138
vn 0.56638 -0.566274 -0.598789
v 0.250855 0.627684 0.029491
vn -0.0375032 -0.113677 -0.99281
v 0.228308 0.648172 0.0387304
vn -0.91871 0.280849 -0.27766
v 0.250333 0.633887 0.102641
vn -0.691125 0.181329 0.699619
v 0.336272 0.568247 0.124393
vn 0.42132 -0.363114 0.831046
v 0.348749 0.553889 0.102758
vn 0.625272 -0.5775 0.524909
v 0.274394 0.615964 0.0103892
vn -0.576503 0.0448614 -0.815863
v 0.256015 0.622917 0.0259782
vn -0.567624 0.152386 -0.809062
v 0.227975 0.643258 0.0595531
vn -0.702971 0.17104 0.690346
v 0.238916 0.63813 0.0619127
vn -0.570064 0.342162 0.746962
v 0.311818 0.583468 0.1322
vn -0.131445 -0.107921 0.985432
v 0.356708 0.544715 0.0637189
vn 0.669408 -0.655613 -0.349377
v 0.269017 0.62263 0.121521
vn -0.611028 0.0892642 0.78656
v 0.357615 0.543542 0.07397
vn 0.702249 -0.691288 0.170197
v 0.333096 0.56307 0.0126034
vn 0.454966 -0.466489 -0.758547
v 0.283125 0.606507 0.00618294
vn -0.320529 -0.091698 -0.94279
v 0.327327 0.568838 0.00735297
vn 0.275425 -0.300205 -0.913246
v 0.318384 0.576863 0.00383712
vn 0.0233131 -0.233446 -0.97209
v 0.234502 0.651553 0.0312572
vn -0.672274 0.392816 -0.627489
v 0.293368 0.605014 0.130661
vn -0.3183 -0.106904 0.941943
v 0.330514 0.581712 0.130585
vn 0.255425 -0.0973297 0.961917
v 0.353644 0.570857 0.113734
vn 0.611279 -0.481262 0.628271
v 0.362282 0.55027 0.082983
vn 0.746851 -0.549928 0.37389
v 0.362883 0.548211 0.0659222
vn 0.774379 -0.629057 -0.0680012
v 0.360295 0.550188 0.0566423
vn 0.744091 -0.558058 -0.367286
v 0.307934 0.589367 0.00221581
vn -0.221719 -0.238588 -0.945472
v 0.294718 0.598081 0.00429824
vn -0.348017 -0.189954 -0.918042
v 0.235912 0.641395 0.0233444
vn -0.0176746 0.0784476 -0.996762
v 0.231728 0.656115 0.0525585
vn -0.813467 0.161555 0.558723
v 0.235504 0.653982 0.0577435
vn -0.56758 0.1957 0.799722
v 0.353276 0.551575 0.0435784
vn 0.639093 -0.584391 -0.500048
v 0.305719 0.608641 0.133062
vn 0.0479768 -0.0805324 0.995597
v 0.319584 0.592756 0.132731
vn 0.0762114 -0.0283119 0.99669
v 0.228608 0.657264 0.045571
vn -0.997121 0.0666672 -0.0361276
v 0.239673 0.645005 0.0616024
vn -0.864701 0.21326 0.454766
v 0.355709 0.562233 0.100878
vn 0.784141 -0.43074 0.446752
v 0.259029 0.637317 0.0252251
vn -0.645723 0.0423873 -0.762395
v 0.232391 0.6592 0.0354364
vn -0.851766 0.0378274 -0.522556
v 0.24553 0.653916 0.0670858
vn -0.888456 0.311919 0.336678
v 0.254867 0.655122 0.102925
vn -0.733162 0.317629 0.60132
v 0.250729 0.655549 0.0953987
vn -0.859393 0.354945 0.368046
v 0.367345 0.556243 0.0681751
vn 0.805677 -0.564865 -0.17836
v 0.36592 0.557868 0.0799726
vn 0.816854 -0.386406 0.428298
v 0.366316 0.587644 0.0187478
vn 0.633167 -0.487294 -0.601368
v 0.252025 0.638187 0.0278936
vn 0.133945 0.0746477 -0.988173
v 0.257268 0.649001 0.108023
vn -0.709559 0.135217 0.69155
v 0.286446 0.625961 0.128965
vn -0.711184 -0.116748 0.693244
v 0.292616 0.611471 0.132791
vn -0.812361 -0.457243 0.361936
v 0.247471 0.651061 0.0286049
vn 0.248026 0.0712514 -0.96613
v 0.240484 0.653177 0.028339
vn -0.396845 0.106816 -0.911649
v 0.228376 0.670039 0.0530385
vn -0.879078 -0.0456104 0.47449
v 0.284543 0.642462 0.128992
vn -0.594717 0.0925534 0.79859
v 0.325836 0.608788 0.1317
vn 0.147124 0.00861985 0.989081
v 0.30063 0.600698 -0.00035236
vn -0.813375 -0.319194 -0.48635
v 0.29238 0.631385 -0.000838916
vn -0.468842 -0.123653 -0.874584
v 0.228224 0.669826 0.0479073
vn -0.986813 -0.0426543 -0.15614
v 0.235824 0.661817 0.0562547
vn -0.617199 -0.18147 0.765594
v 0.286509 0.629342 0.13949
vn -0.827163 -0.208196 0.521974
v 0.294304 0.615057 0.141848
vn 0.105894 -0.269581 0.957138
v 0.300434 0.607591 0.134064
vn -0.170631 -0.72609 0.666092
v 0.362944 0.57555 0.104607
vn 0.779963 -0.492938 0.385578
v 0.371311 0.556801 0.0731619
vn -0.0181501 -0.992715 0.119115
v 0.359744 0.562545 0.0415075
vn 0.785577 -0.507125 -0.354533
v 0.308931 0.5963 -0.000457378
vn 0.133151 -0.311811 -0.940768
v 0.281615 0.634573 0.0042166
vn -0.58503 -0.0135065 -0.810899
v 0.255372 0.650125 0.0315968
vn -0.312598 -0.0285875 -0.949455
v 0.35436 0.597334 0.124302
vn 0.378156 -0.157388 0.912265
v 0.364804 0.564284 0.0535958
vn 0.794346 -0.495326 -0.351664
v 0.300301 0.607771 -0.0126484
vn -0.170063 -0.438421 -0.882534
v 0.241663 0.663836 0.0243661
vn -0.293004 -0.397044 -0.869773
v 0.233077 0.666724 0.0334006
vn -0.82731 -0.355435 -0.435
v 0.254643 0.669579 0.0884601
vn -0.908949 0.370727 0.190716
v 0.270535 0.642503 0.121014
vn -0.587727 0.116084 0.800688
v 0.362659 0.592493 0.119135
vn 0.600601 -0.243056 0.76171
v 0.365381 0.565564 0.0856601
vn 0.335374 -0.674393 0.657814
v 0.30649 0.614122 -0.00887572
vn 0.708274 -0.0119481 -0.705837
v 0.233627 0.673624 0.0606149
vn -0.632292 0.123197 0.764872
v 0.295304 0.629613 0.141061
vn 0.44762 0.212456 0.868619
v 0.369502 0.578504 0.0914306
vn 0.809839 -0.409277 0.420302
v 0.38434 0.553667 0.0751433
vn -0.00275888 -0.994524 0.104473
v 0.369607 0.562192 0.0597828
vn 0.120343 -0.824882 -0.552346
v 0.28598 0.644923 0.138643
vn -0.936284 0.155746 0.314827
v 0.326236 0.598466 -1.75942e-05
vn 0.161775 -0.177695 -0.970697
v 0.34797 0.59484 0.00624857
vn 0.316425 -0.19767 -0.927794
v 0.288298 0.641198 0.140832
vn -0.0593458 0.0982898 0.993387
v 0.30849 0.624378 0.133129
vn 0.229949 0.120793 0.965677
v 0.356533 0.58821 0.0120086
vn 0.433195 -0.335276 -0.836619
v 0.313435 0.612267 -0.00292873
vn 0.262816 -0.074742 -0.961947
v 0.266011 0.647582 0.0178002
vn -0.700182 0.069612 -0.710563
v 0.261154 0.656849 0.0261714
vn -0.658005 0.019956 -0.752749
v 0.236601 0.674683 0.0211513
vn -0.541432 0.200161 -0.81657
v 0.22891 0.677563 0.0280495
vn -0.964534 0.0127234 -0.263653
v 0.230355 0.679516 0.0467903
vn -0.900338 0.404083 0.161582
v 0.246792 0.667085 0.0653627
vn -0.602631 -0.0523391 0.796302
v 0.272982 0.654154 0.119862
vn -0.570807 0.297563 0.765268
v 0.368533 0.570758 0.0885912
vn 0.251753 -0.172037 0.952378
v 0.38274 0.561749 0.0849047
vn 0.308908 -0.271005 0.911664
v 0.382598 0.56115 0.0622109
vn 0.369135 -0.479704 -0.796005
v 0.260039 0.673969 0.095728
vn -0.799306 0.347425 0.490312
v 0.366453 0.588251 0.112408
vn 0.798251 -0.407293 0.443743
v 0.388394 0.55836 0.0686358
vn 0.818324 -0.293834 -0.493971
v 0.390643 0.560379 0.0779005
vn 0.896327 -0.26552 0.355101
v 0.372085 0.569355 0.0558782
vn 0.536792 -0.318198 -0.781412
v 0.369314 0.583833 0.0286435
vn 0.805327 -0.510254 -0.30181
v 0.299867 0.629006 -0.0140999
vn 0.658292 -0.0659154 -0.749871
v 0.296325 0.628111 -0.0142237
vn -0.962426 -0.11582 -0.245604
v 0.246818 0.671885 0.0186626
vn -0.0380895 -0.427856 -0.903044
v 0.252119 0.676619 0.0697996
vn -0.516038 0.0992776 0.850793
v 0.292646 0.643586 0.138487
vn 0.63656 -0.0398835 0.770195
v 0.297893 0.640796 0.13025
vn 0.477175 0.123811 0.870043
v 0.338183 0.611389 0.000742192
vn 0.255559 -0.0234874 -0.966508
v 0.295773 0.628136 -0.00407661
vn -0.9543 -0.0559625 -0.293563
v 0.28028 0.65031 0.00631462
vn -0.566865 0.17145 -0.805772
v 0.256136 0.661473 0.0265862
vn 0.00367059 -0.447918 -0.894067
v 0.304589 0.62679 -0.00414635
vn 0.468916 0.0968591 -0.877916
v 0.27006 0.658765 0.0166497
vn -0.630964 0.2128 -0.746056
v 0.232605 0.680574 0.0323232
vn -0.560306 0.703367 -0.437415
v 0.235056 0.680147 0.0539461
vn -0.681889 0.446547 0.579329
v 0.352972 0.6195 0.126434
vn 0.248042 -0.0725801 0.966027
v 0.372973 0.57852 0.0503659
vn 0.806969 -0.44846 -0.384297
v 0.257343 0.683241 0.0716798
vn -0.853422 0.421404 0.30674
v 0.283625 0.656583 0.124005
vn -0.499101 0.280819 0.81978
v 0.378771 0.582483 0.0851768
vn 0.496288 -0.0415526 0.867163
v 0.385373 0.574615 0.0640892
vn 0.671244 -0.134505 -0.72893
v 0.233294 0.687343 0.0382655
vn -0.886033 0.456203 0.082608
v 0.236855 0.687868 0.0534339
vn -0.677059 0.581932 0.450496
v 0.265295 0.671434 0.104424
vn -0.686046 0.304917 0.660581
v 0.391414 0.573523 0.0717037
vn 0.964032 -0.132095 -0.230636
v 0.321583 0.61888 -0.002347
vn 0.152141 -0.00538919 -0.988344
v 0.252134 0.676504 0.0179222
vn 0.0622473 0.052056 -0.996702
v 0.241875 0.680024 0.0302056
vn -0.501516 0.430485 -0.750443
v 0.233582 0.686334 0.0334666
vn -0.5934 0.170503 -0.786641
v 0.247602 0.682945 0.0644479
vn -0.546594 0.497023 0.673946
v 0.28741 0.655097 0.129104
vn -0.871758 0.295623 0.390699
v 0.311185 0.639861 0.129838
vn 0.0869023 -0.0273723 0.995841
v 0.342941 0.630384 0.128579
vn 0.115915 0.0582507 0.99155
v 0.370773 0.594922 0.107335
vn 0.805954 -0.381953 0.452272
v 0.38066 0.581786 0.057876
vn 0.683273 -0.215741 -0.697562
v 0.24734 0.680377 0.0229072
vn -0.430612 0.529624 -0.730802
v 0.276613 0.662613 0.118381
vn -0.593575 0.272405 0.757275
v 0.293367 0.652021 0.137885
vn 0.026668 0.100499 0.99458
v 0.378311 0.593929 0.0879151
vn 0.811812 -0.421919 0.403666
v 0.389753 0.577946 0.0799416
vn 0.74796 -0.0214743 0.663397
v 0.306656 0.633436 -0.00420051
vn 0.463265 -0.417281 -0.781833
v 0.241321 0.691963 0.0487768
vn -0.654322 0.52898 0.540409
v 0.305459 0.649978 0.132647
vn 0.269327 -0.218155 0.938015
v 0.374913 0.58748 0.0417384
vn 0.816141 -0.530844 -0.228296
v 0.362925 0.606868 0.0110633
vn 0.545099 -0.191911 -0.816111
v 0.29911 0.642002 -0.0146225
vn -0.858015 0.201783 -0.472328
v 0.29317 0.645055 -0.00124424
vn -0.466452 0.116613 -0.876826
v 0.265721 0.670671 0.0219225
vn -0.190717 -0.127163 -0.973374
v 0.358242 0.612538 0.123423
vn 0.562083 -0.0952433 0.821578
v 0.306092 0.638171 -0.0118098
vn 0.533941 -0.328198 -0.779226
v 0.290318 0.66007 0.139378
vn -0.598151 0.499906 0.626346
v 0.374795 0.593199 0.0295194
vn 0.786078 -0.437858 -0.436306
v 0.296854 0.640706 -0.00529752
vn -0.85336 0.276504 -0.441954
v 0.239169 0.692061 0.0298614
vn -0.394545 0.404528 -0.82504
v 0.278539 0.674904 0.11596
vn -0.441667 0.381516 0.81202
v 0.394876 0.588415 0.0693706
vn 0.885336 -0.197891 -0.420737
v 0.323539 0.629227 -0.000884044
vn 0.209987 -0.0416047 -0.976819
v 0.323085 0.643036 0.128135
vn 0.0981493 0.0394443 0.99439
v 0.368986 0.608321 0.113284
vn 0.584147 -0.307375 0.751194
v 0.380658 0.591779 0.0547263
vn 0.852707 -0.43639 -0.287149
v 0.35951 0.617888 0.00812342
vn 0.366765 -0.10626 -0.924225
v 0.277226 0.679548 0.0177375
vn -0.560366 0.17353 -0.809863
v 0.250974 0.685727 0.0258109
vn -0.210824 0.597996 -0.773275
v 0.257038 0.682871 0.0215282
vn -0.0720821 0.0561441 -0.995817
v 0.386732 0.594405 0.0617713
vn 0.668587 -0.286734 -0.68613
v 0.270202 0.675725 0.0239962
vn -0.19648 -0.0065015 -0.980486
v 0.26518 0.68608 0.0992054
vn -0.764459 0.346067 0.543912
v 0.271375 0.680549 0.108058
vn -0.63172 0.309891 0.710561
v 0.291902 0.665272 0.125909
vn -0.383277 0.429671 0.817607
v 0.300031 0.662556 0.135204
vn 0.223211 0.44371 0.867928
v 0.313474 0.65335 0.132844
vn 0.215778 -0.104714 0.970811
v 0.394037 0.594003 0.0762403
vn 0.654993 -0.143485 0.741887
v 0.385847 0.603045 0.0360583
vn 0.596094 -0.749095 -0.289013
v 0.373876 0.603447 0.0231427
vn 0.684611 -0.33475 -0.647495
v 0.315094 0.638868 -0.00570202
vn 0.307052 -0.378544 -0.873169
v 0.302669 0.65262 -0.00207295
vn -0.626288 0.55861 -0.5438
v 0.241888 0.699257 0.0461661
vn -0.797975 0.425568 0.426764
v 0.301407 0.650257 -0.0172908
vn -0.311977 0.510366 -0.801372
v 0.29056 0.65792 0.00216576
vn -0.276897 0.154501 -0.948397
v 0.251065 0.691536 0.0323501
vn -0.271588 0.383961 -0.882504
v 0.254001 0.692008 0.0633251
vn -0.643804 0.452416 0.61712
v 0.3138 0.645965 -0.00834158
vn 0.332155 -0.46019 -0.823346
v 0.258782 0.688566 0.0209535
vn -0.537487 0.450945 -0.71257
v 0.239318 0.700504 0.0358473
vn -0.818049 0.510799 -0.26435
v 0.248208 0.69883 0.0539105
vn -0.49992 0.555833 0.664176
v 0.363043 0.619004 0.122551
vn 0.357551 -0.450236 0.818197
v 0.385496 0.601855 0.0558742
vn 0.374768 -0.893813 -0.246266
v 0.383526 0.603529 0.084699
vn 0.421928 -0.686677 0.591989
v 0.397513 0.597966 0.0706136
vn 0.623518 -0.778411 -0.0728077
v 0.326425 0.63927 -0.00231992
vn 0.409443 -0.246951 -0.878278
v 0.292544 0.670761 0.00366891
vn -0.388562 0.290086 -0.874568
v 0.265188 0.691273 0.0932744
vn -0.756855 0.622539 0.199039
v 0.35526 0.628103 0.00618621
vn 0.255849 -0.0320045 -0.966187
v 0.334665 0.634355 0.00204022
vn 0.234151 -0.0400189 -0.971376
v 0.305746 0.66674 0.128355
vn -0.115505 0.2944 0.948677
v 0.317533 0.656755 0.1304
vn 0.275104 0.243446 0.930082
v 0.378763 0.607861 0.107189
vn 0.363427 -0.651726 0.665713
v 0.382646 0.606983 0.101049
vn 0.555181 -0.768493 0.318107
v 0.264986 0.688155 0.0182893
vn -0.158756 -0.0465686 -0.986219
v 0.243771 0.701735 0.0304998
vn -0.159526 0.3752 -0.913114
v 0.267529 0.695273 0.0758614
vn -0.718566 0.612085 0.330176
v 0.376796 0.618183 0.118421
vn 0.332115 -0.293939 0.89627
v 0.370663 0.612702 0.0146613
vn 0.4246 -0.345301 -0.836948
v 0.313273 0.654695 -0.0169691
vn 0.221505 0.597234 -0.770874
v 0.313339 0.657797 -0.00205489
vn -0.292935 0.626464 -0.72231
v 0.254037 0.695597 0.030993
vn -0.0680233 0.608061 -0.790971
v 0.39524 0.598852 0.0788181
vn 0.342512 -0.809957 0.476083
v 0.316121 0.670744 -0.00197367
vn -0.160154 0.152357 -0.975263
v 0.257928 0.69961 0.0603078
vn -0.514974 0.714068 0.474245
v 0.27557 0.69467 0.102396
vn -0.500507 0.531447 0.683416
v 0.319513 0.666502 0.130052
vn -0.00653537 -0.0272303 0.999608
v 0.395448 0.599189 0.0632666
vn 0.223482 -0.881981 -0.414927
v 0.379372 0.607869 0.0232084
vn 0.307832 -0.742166 -0.595339
v 0.37395 0.6267 0.0121781
vn 0.326564 -0.192197 -0.925428
v 0.325684 0.653415 -0.00373364
vn 0.614175 0.218533 -0.758309
v 0.3198 0.65129 -0.0118796
vn 0.51078 -0.321658 -0.79727
v 0.279432 0.686744 0.0184132
vn -0.229263 0.313048 -0.921651
v 0.265345 0.693177 0.0210717
vn -0.435236 0.705839 -0.558893
v 0.248968 0.712336 0.0431403
vn -0.598892 0.429959 0.675621
v 0.350918 0.643036 0.127292
vn 0.02865 -0.0650683 0.997469
v 0.363792 0.647102 0.126464
vn 0.157553 -0.0718837 0.984891
v 0.388106 0.615484 0.113722
vn 0.548224 -0.229959 0.804095
v 0.392774 0.610602 0.106549
vn 0.588822 -0.520911 0.618014
v 0.331402 0.653169 -0.00115727
vn 0.149673 -0.119837 -0.981446
v 0.249779 0.713813 0.0414096
vn -0.552461 0.726967 -0.407807
v 0.267818 0.70203 0.0703864
vn -0.607084 0.645357 0.463641
v 0.396808 0.607156 0.0970674
vn 0.248102 -0.899201 0.360394
v 0.400881 0.603463 0.0857618
vn 0.272371 -0.862157 0.427199
v 0.261342 0.700635 0.0372309
vn -0.35155 0.651359 -0.672416
v 0.252476 0.708684 0.0386273
vn 0.129266 0.325925 -0.936516
v 0.398877 0.604907 0.0398237
vn 0.151981 -0.977428 -0.146751
v 0.397592 0.607492 0.0308579
vn 0.494859 -0.706669 -0.505702
v 0.386921 0.613424 0.0206662
vn 0.376313 -0.393521 -0.838767
v 0.358895 0.640312 0.00542807
vn 0.19305 -0.175413 -0.965382
v 0.319856 0.658314 -0.00231172
vn 0.0946194 0.241749 -0.965714
v 0.302035 0.697214 0.116244
vn -0.380542 0.430572 0.81841
v 0.37408 0.651692 0.124542
vn 0.3573 -0.109816 0.927511
v 0.405286 0.60366 0.0520913
vn 0.355449 -0.902314 -0.243899
v 0.291108 0.687146 0.012217
vn -0.417349 0.459075 -0.784264
v 0.261514 0.704951 0.051994
vn -0.438678 0.673279 0.595196
v 0.406619 0.605999 0.082042
vn 0.690825 -0.7016 0.174692
v 0.381618 0.629547 0.116929
vn 0.532579 -0.110991 0.839071
v 0.407857 0.604284 0.0607371
vn 0.656082 -0.754106 0.0296718
v 0.275974 0.702563 0.0214694
vn -0.35441 0.447074 -0.821291
v 0.318682 0.690625 0.125837
vn -0.2748 0.334554 0.90142
v 0.39647 0.612136 0.0267115
vn 0.679744 -0.126468 -0.722464
v 0.270285 0.708963 0.0369333
vn -0.487283 0.350871 -0.799653
v 0.292732 0.703269 0.106799
vn -0.412556 0.685313 0.60012
v 0.407433 0.613236 0.0908628
vn 0.767868 -0.364374 0.526888
v 0.383618 0.625978 0.0167212
vn 0.470523 -0.18434 -0.862918
v 0.253626 0.71428 0.0380576
vn -0.178102 0.518843 -0.836111
v 0.266246 0.708307 0.055317
vn -0.636516 0.399308 0.659849
v 0.280027 0.706133 0.0779017
vn -0.591957 0.763777 0.257356
v 0.350604 0.666453 0.130255
vn 0.0455918 -0.0250589 0.998646
v 0.394649 0.628013 0.106613
vn 0.63443 -0.119656 0.763663
v 0.40657 0.627627 0.0958989
vn 0.731442 -0.194501 0.653577
v 0.410102 0.612111 0.0832965
vn 0.930835 -0.307484 0.197483
v 0.410375 0.610503 0.0485806
vn 0.787485 -0.474353 -0.393518
v 0.408666 0.616148 0.0425088
vn 0.739111 -0.26282 -0.620195
v 0.374905 0.651372 0.00676139
vn 0.327433 -0.194002 -0.924744
v 0.338553 0.676168 -0.00262268
vn 0.0626046 0.00667051 -0.998016
v 0.318991 0.6917 0.00317334
vn -0.229509 0.321241 -0.918765
v 0.262905 0.715495 0.0400329
vn -0.0336016 0.481661 -0.875713
v 0.256708 0.7194 0.0480601
vn -0.532891 0.212872 0.818971
v 0.284334 0.705919 0.0960488
vn -0.499349 0.812707 0.300263
v 0.331011 0.688927 0.129069
vn -0.0270004 0.226508 0.973635
v 0.413216 0.611086 0.0568264
vn 0.921631 -0.38806 0.00246824
v 0.394733 0.623828 0.0247883
vn 0.634655 -0.200295 -0.746388
v 0.309733 0.697148 0.00868546
vn -0.333398 0.445913 -0.830667
v 0.28973 0.699823 0.0224469
vn -0.212625 0.282428 -0.935428
v 0.363332 0.657313 0.00248411
vn 0.200104 -0.100323 -0.974625
v 0.278585 0.708635 0.0211023
vn -0.651204 0.0576197 -0.756712
v 0.260916 0.724709 0.0490322
vn -0.484026 0.785927 0.384755
v 0.297074 0.702014 0.0188008
vn -0.407128 0.531586 -0.74274
v 0.269785 0.715618 0.0545877
vn -0.491037 0.506833 0.708521
v 0.277808 0.710834 0.0694007
vn -0.614852 0.590885 0.522314
v 0.387773 0.64736 0.0135239
vn 0.52557 -0.173573 -0.832856
v 0.271243 0.714789 0.0376615
vn -0.675939 0.33548 -0.656171
v 0.264063 0.722485 0.0446093
vn -0.297872 0.536566 -0.789538
v 0.294838 0.714805 0.0800168
vn -0.490139 0.790451 0.367357
v 0.41336 0.622327 0.0773886
vn 0.938068 -0.297762 0.177104
v 0.292545 0.703581 0.0205748
vn 0.0422727 -0.0495788 -0.997875
v 0.386992 0.648058 0.116624
vn 0.527121 -0.052477 0.848169
v 0.401908 0.644226 0.106759
vn 0.587538 -0.164504 0.792299
v 0.411275 0.625264 0.0861254
vn 0.883691 -0.245476 0.398537
v 0.416052 0.622729 0.0611636
vn 0.943675 -0.32848 -0.0397368
v 0.413273 0.623845 0.0452693
vn 0.88592 -0.316995 -0.338616
v 0.284347 0.710498 0.0172338
vn -0.161812 0.184716 -0.96938
v 0.280366 0.715864 0.0690402
vn -0.490735 0.735803 0.466662
v 0.406295 0.640722 0.0284165
vn 0.648169 -0.145234 -0.747519
v 0.331913 0.685891 -0.000991526
vn -0.0842918 0.248579 -0.964937
v 0.309186 0.70473 0.114387
vn -0.303563 0.644813 0.701474
v 0.353931 0.684061 0.128484
vn 0.147789 0.272975 0.950601
v 0.365145 0.673805 0.128358
vn 0.252644 0.0510805 0.96621
v 0.348974 0.672771 -0.00125162
vn 0.20477 0.0018452 -0.978808
v 0.278557 0.716479 0.0253676
vn -0.594317 0.496042 -0.633033
v 0.274964 0.717931 0.0522446
vn -0.474264 0.644748 0.599478
v 0.324194 0.7029 0.121141
vn -0.212498 0.526326 0.823301
v 0.314256 0.719782 0.0981119
vn -0.350851 0.815616 0.46008
v 0.410926 0.639992 0.0969396
vn 0.815149 -0.193801 0.545869
v 0.28028 0.721238 0.0310375
vn -0.650714 0.557943 -0.515045
v 0.277916 0.725062 0.0520292
vn -0.457544 0.536714 0.708937
v 0.374046 0.666798 0.125231
vn 0.488079 0.0164706 0.872644
v 0.412307 0.636086 0.035931
vn 0.741282 -0.276977 -0.611379
v 0.38119 0.661276 0.00813655
vn 0.542463 0.043832 -0.838936
v 0.30554 0.709923 0.0216427
vn -0.256192 0.625328 -0.73711
v 0.291771 0.716274 0.0203568
vn 0.0713191 0.19387 -0.978431
v 0.272485 0.725176 0.0396375
vn -0.503319 0.409175 -0.761082
v 0.288813 0.718481 0.0713603
vn -0.499876 0.745076 0.441572
v 0.319673 0.709398 0.0122422
vn -0.33185 0.620342 -0.71067
v 0.298048 0.725447 0.0728862
vn -0.599976 0.510136 0.616271
v 0.381206 0.673862 0.120138
vn 0.529897 0.153199 0.83411
v 0.396134 0.667323 0.11122
vn 0.585828 0.0910058 0.805309
v 0.418299 0.636981 0.080135
vn 0.935153 -0.215008 0.281532
v 0.41972 0.637481 0.0454332
vn 0.943152 -0.198326 -0.266703
v 0.42102 0.635709 0.0619668
vn 0.965526 -0.254455 0.0548903
v 0.353171 0.68681 0.000413992
vn 0.182664 0.17127 -0.968143
v 0.347478 0.696082 0.00188269
vn 0.0691014 0.303285 -0.950391
v 0.291186 0.723995 0.0211836
vn -0.146545 0.498446 -0.854445
v 0.282597 0.724594 0.0368746
vn -0.570118 0.400894 -0.717112
v 0.312646 0.71437 0.105484
vn -0.310515 0.744129 0.591484
v 0.349303 0.704508 0.12035
vn 0.248831 0.487758 0.836765
v 0.36392 0.683692 0.00269827
vn 0.357924 0.114403 -0.926716
v 0.33367 0.701128 0.00421373
vn -0.13349 0.423481 -0.896016
v 0.302422 0.714543 0.0233372
vn 0.237045 0.137333 -0.961743
v 0.274315 0.731256 0.0413804
vn -0.556492 0.487436 -0.672846
v 0.336483 0.705411 0.120964
vn -0.00344806 0.5537 0.832709
v 0.276198 0.733226 0.044814
vn -0.44317 0.68616 0.576875
v 0.406264 0.649272 0.103644
vn 0.721314 0.00747654 0.692568
v 0.283429 0.730009 0.033638
vn -0.366519 0.692329 -0.621566
v 0.318062 0.726489 0.0858009
vn -0.447891 0.843573 0.296274
v 0.416266 0.645875 0.0386672
vn 0.860121 0.0640354 -0.506054
v 0.28819 0.728097 0.0273799
vn -0.32386 0.842886 -0.429719
v 0.293492 0.731987 0.0576386
vn -0.712234 0.35784 0.603882
v 0.312917 0.717743 0.0274246
vn -0.111075 0.501043 -0.858265
v 0.308712 0.722338 0.078926
vn -0.465342 0.510896 0.722802
v 0.331137 0.714682 0.112602
vn -0.177987 0.719789 0.670988
v 0.3702 0.683889 0.123416
vn 0.40383 0.436886 0.803773
v 0.416272 0.645186 0.0882799
vn 0.906079 -0.0410758 0.42111
v 0.411293 0.653243 0.0333132
vn 0.703758 0.125077 -0.699343
v 0.38162 0.670548 0.00979371
vn 0.620535 0.233632 -0.748567
v 0.303821 0.726596 0.024783
vn 0.183939 0.265495 -0.946403
v 0.282484 0.736442 0.0413587
vn -0.0744863 0.910271 -0.407257
v 0.286213 0.736844 0.0506635
vn -0.609068 0.686963 0.396381
v 0.407339 0.662991 0.101232
vn 0.761488 0.187407 0.620495
v 0.41247 0.657567 0.0946846
vn 0.863138 0.11352 0.492042
v 0.422436 0.65038 0.0612615
vn 0.755874 -0.588922 -0.28605
v 0.293295 0.731954 0.0413807
vn -0.0995052 0.903094 -0.417756
v 0.360122 0.698945 0.0058654
vn 0.366584 0.369902 -0.853691
v 0.333135 0.7146 0.0116517
vn -0.0856952 0.633827 -0.768713
v 0.303622 0.733718 0.0320967
vn -0.296073 0.80346 -0.51652
v 0.421642 0.646901 0.0683709
vn 0.935947 -0.282015 0.210881
v 0.421184 0.655024 0.0543976
vn 0.533468 -0.232909 -0.813121
v 0.403669 0.665612 0.029272
vn 0.699702 0.257382 -0.666462
v 0.306631 0.732282 0.076733
vn -0.514807 0.132715 0.846971
v 0.344184 0.71378 0.113
vn 0.211309 0.777359 0.592505
v 0.388555 0.688287 0.109643
vn 0.580577 0.503586 0.63979
v 0.4182 0.653752 0.0826313
vn 0.898856 -0.114492 0.423024
v 0.376699 0.685374 0.0113731
vn 0.609399 0.339969 -0.716278
v 0.291264 0.736475 0.0464873
vn -0.388875 0.789185 -0.475355
v 0.29726 0.735392 0.0679706
vn -0.829656 -0.0347623 0.557192
v 0.369913 0.705247 0.10827
vn 0.431518 0.553607 0.712258
v 0.348716 0.707363 0.00727912
vn 0.123197 0.529633 -0.839232
v 0.31956 0.722264 0.0278229
vn -0.200174 0.406651 -0.891384
v 0.289366 0.741267 0.0570989
vn -0.867599 0.491473 0.0756677
v 0.308201 0.732216 0.0277915
vn -0.0825805 0.365394 -0.927182
v 0.315088 0.728606 0.0812159
vn -0.407695 0.288071 0.866487
v 0.331488 0.723133 0.102344
vn -0.155354 0.820379 0.550313
v 0.424319 0.649559 0.0755057
vn -0.285748 -0.908978 0.303493
v 0.424915 0.648 0.0669363
vn -0.413219 -0.910629 0.00216383
v 0.331364 0.723613 0.0228777
vn -0.14926 0.710531 -0.687653
v 0.397856 0.675799 0.106968
vn 0.713198 0.318867 0.624238
v 0.415129 0.664041 0.0438244
vn 0.835474 0.277469 -0.474335
v 0.388745 0.681854 0.0219732
vn 0.678872 0.394006 -0.61959
v 0.417934 0.663598 0.0509039
vn 0.698827 0.159443 -0.697294
v 0.298459 0.740512 0.0708595
vn -0.591974 0.321835 0.73891
v 0.421913 0.654244 0.0811402
vn -0.385525 -0.668071 0.636437
v 0.416184 0.662933 0.0846167
vn 0.439792 -0.0304208 0.897584
v 0.440484 0.638335 0.0615814
vn -0.268711 -0.956269 -0.115514
v 0.327411 0.729148 0.0881718
vn -0.211593 0.878009 0.429336
v 0.355669 0.708594 0.113843
vn 0.346143 0.693281 0.632097
v 0.443759 0.645325 0.0651713
vn 0.884735 -0.466094 -0.000765934
v 0.439572 0.644776 0.0720484
vn -0.0132544 -0.961663 0.273914
v 0.44417 0.643012 0.0571365
vn 0.364308 -0.386283 -0.847387
v 0.405856 0.675208 0.0378994
vn 0.740261 0.437802 -0.510239
v 0.368213 0.70276 0.0123936
vn 0.605536 0.479532 -0.635118
v 0.327208 0.729615 0.0263674
vn -0.0412157 0.273668 -0.960941
v 0.31156 0.739289 0.0339521
vn -0.44707 0.623728 -0.641165
v 0.304131 0.744877 0.0513115
vn -0.386469 0.898062 -0.210062
v 0.294241 0.745943 0.0628946
vn -0.289252 0.951867 0.1014
v 0.376178 0.695885 0.0196151
vn 0.696277 0.410167 -0.589034
v 0.359876 0.710867 0.0141169
vn 0.404335 0.669695 -0.622914
v 0.311345 0.739215 0.0776153
vn -0.119424 0.66356 0.73853
v 0.32158 0.732438 0.081375
vn -0.0635219 0.668025 0.741422
v 0.334991 0.726153 0.0972959
vn 0.161291 0.895192 0.415471
v 0.406997 0.676201 0.0942571
vn 0.815047 0.354746 0.458098
v 0.399059 0.685128 0.0990698
vn 0.725828 0.478945 0.493746
v 0.442259 0.653358 0.0553026
vn 0.410554 0.18916 -0.892
v 0.348421 0.716643 0.0151977
vn 0.156425 0.736535 -0.658063
v 0.303763 0.744885 0.066977
vn 0.0419832 0.925534 0.376329
v 0.371811 0.710785 0.10114
vn 0.437125 0.753708 0.49076
v 0.436347 0.647016 0.0865529
vn -0.27278 -0.781721 0.560807
v 0.427185 0.660373 0.0883311
vn 0.0145031 0.0465295 0.998812
v 0.443234 0.648821 0.0853016
vn 0.505521 0.197177 0.839982
v 0.445423 0.646769 0.0786852
vn 0.646227 -0.740724 0.183624
v 0.425246 0.660751 0.0532111
vn 0.252625 0.117461 -0.960408
v 0.320882 0.73691 0.0291506
vn -0.0473769 0.500597 -0.864383
v 0.307642 0.745287 0.059735
vn -0.176453 0.938069 0.298146
v 0.35038 0.722912 0.0953118
vn 0.335163 0.854702 0.396423
v 0.413855 0.671828 0.0827441
vn 0.168777 0.0789347 0.982489
v 0.444222 0.653768 0.06218
vn 0.960037 0.00209725 -0.279864
v 0.415889 0.671376 0.0528296
vn 0.637552 0.229721 -0.735361
v 0.391304 0.69211 0.0331577
vn 0.712642 0.422451 -0.560068
v 0.308449 0.745993 0.0427014
vn -0.529407 0.776336 -0.342098
v 0.408032 0.681477 0.0857667
vn 0.412872 0.0330134 0.910191
v 0.315911 0.741677 0.0678031
vn -0.0884266 0.893893 0.439472
v 0.332764 0.731864 0.0809129
vn 0.125191 0.817177 0.562627
v 0.436467 0.660062 0.0813776
vn 0.461913 0.277512 0.842391
v 0.445531 0.653325 0.0812072
vn 0.685148 0.134366 0.715903
v 0.448998 0.654704 0.073492
vn 0.99796 0.00345007 -0.0637488
v 0.422959 0.670137 0.0541738
vn 0.431304 -0.202549 -0.879176
v 0.430488 0.666568 0.0575941
vn 0.470688 0.304783 -0.827985
v 0.377293 0.702801 0.0235712
vn 0.681944 0.48734 -0.545391
v 0.344869 0.72621 0.0262806
vn 0.153671 0.58369 -0.797302
v 0.319457 0.740536 0.0734101
vn -0.136023 0.769853 0.623557
v 0.370531 0.712967 0.0271744
vn 0.586314 0.64729 -0.487084
v 0.312184 0.744434 0.0343365
vn -0.128571 0.688135 -0.714101
v 0.347143 0.728262 0.0828712
vn 0.277274 0.842362 0.46211
v 0.400608 0.689312 0.0898129
vn 0.627251 0.530962 0.569768
v 0.313114 0.750653 0.0557365
vn -0.392064 0.916868 0.0750851
v 0.320212 0.750103 0.0623094
vn -0.148999 0.864264 0.480466
v 0.426526 0.672738 0.0875426
vn 0.400349 0.135074 0.906353
v 0.445509 0.662917 0.0796919
vn 0.655536 0.232848 0.718369
v 0.39902 0.692824 0.0426742
vn 0.619158 0.313294 -0.720063
v 0.354853 0.725037 0.0292433
vn 0.391554 0.657901 -0.643313
v 0.337591 0.735416 0.0288949
vn 0.0711803 0.446734 -0.891831
v 0.333195 0.741652 0.0333027
vn 0.0189293 0.633113 -0.773828
v 0.329909 0.743014 0.0733698
vn 0.142634 0.772589 0.618677
v 0.384536 0.706321 0.0918198
vn 0.584079 0.572183 0.575724
v 0.44495 0.663778 0.0661314
vn 0.778536 0.28103 -0.561163
v 0.318526 0.751736 0.0435593
vn -0.294958 0.904325 -0.308537
v 0.341708 0.735958 0.0752376
vn 0.297296 0.781702 0.548231
v 0.378375 0.711704 0.0888463
vn 0.338357 0.801476 0.493103
v 0.421128 0.674379 0.0482784
vn 0.169036 -0.565925 -0.806942
v 0.411473 0.684709 0.0468399
vn 0.241428 0.0580696 -0.96868
v 0.384695 0.707179 0.0390938
vn 0.587077 0.475918 -0.654861
v 0.432664 0.670367 0.0816411
vn 0.442006 0.0308409 0.896482
v 0.436029 0.674732 0.0613509
vn 0.562952 -0.178955 -0.806883
v 0.42619 0.676677 0.0495231
vn 0.553207 0.177923 -0.813822
v 0.34373 0.739035 0.0320505
vn 0.194151 0.379479 -0.9046
v 0.407278 0.69458 0.0475887
vn 0.537677 0.407973 -0.737876
v 0.366365 0.719909 0.0327244
vn 0.511782 0.625871 -0.588527
v 0.329799 0.752056 0.0431636
vn -0.0461934 0.77491 -0.630381
v 0.325845 0.754058 0.0479634
vn -0.0850562 0.995036 0.0516632
v 0.423467 0.684726 0.05213
vn 0.487367 0.260787 -0.833345
v 0.407445 0.692168 0.088512
vn 0.305825 0.380387 0.872798
v 0.419625 0.679187 0.0867577
vn -0.129277 -0.0807363 0.988316
v 0.41931 0.685719 0.0845841
vn 0.241576 0.441168 0.864299
v 0.438351 0.677005 0.0798461
vn 0.68489 0.314843 0.657114
v 0.443559 0.67415 0.0711324
vn 0.911493 0.355815 0.206341
v 0.430471 0.685046 0.0848188
vn 0.357651 0.233464 0.904202
v 0.442689 0.673706 0.065572
vn 0.758868 0.0740918 -0.647016
v 0.355135 0.732192 0.0349645
vn 0.564427 0.508964 -0.649906
v 0.340691 0.745271 0.0351382
vn -0.339582 0.493751 -0.800558
v 0.331297 0.752319 0.0538967
vn 0.150909 0.89903 0.411061
v 0.334973 0.745722 0.0627727
vn 0.326901 0.797016 0.50784
v 0.355288 0.731601 0.074409
vn 0.196317 0.784149 0.588702
v 0.369411 0.724479 0.0782065
vn 0.266034 0.755723 0.598421
v 0.371504 0.722567 0.0376396
vn 0.510557 0.573878 -0.640309
v 0.347675 0.738165 0.0658992
vn 0.16823 0.771914 0.613064
v 0.418559 0.691331 0.053118
vn 0.31318 0.347466 -0.883847
v 0.39323 0.711532 0.0463065
vn 0.455432 0.326916 -0.828074
v 0.40017 0.700652 0.0827366
vn 0.509347 0.487926 0.708868
v 0.396154 0.714875 0.079888
vn 0.361825 0.606954 0.707594
v 0.413865 0.694736 0.0791585
vn 0.241808 0.567008 0.787421
v 0.343269 0.746994 0.0307761
vn 0.353794 0.452376 -0.818649
v 0.343103 0.748142 0.0579738
vn 0.0179312 0.748011 0.663444
v 0.429392 0.687934 0.0540715
vn 0.446053 -0.012139 -0.894924
v 0.406761 0.702071 0.0555783
vn 0.125743 -0.221933 -0.96692
v 0.35908 0.738575 0.0667622
vn 0.0512452 0.633996 0.771636
v 0.42318 0.691569 0.0840678
vn 0.252036 0.619925 0.743082
v 0.440577 0.680385 0.0615827
vn 0.649616 -0.00738079 -0.760227
v 0.352126 0.740577 0.0420719
vn 0.565429 0.518752 -0.641238
v 0.347327 0.747814 0.0384651
vn 0.70626 0.322132 -0.630418
v 0.340755 0.75181 0.0391913
vn -0.127734 0.81666 -0.562806
v 0.377246 0.724085 0.0722005
vn 0.111144 0.588244 0.80101
v 0.402208 0.707093 0.0759138
vn 0.368278 0.356793 0.858528
v 0.419662 0.698773 0.0770329
vn 0.262577 0.519894 0.812874
v 0.364551 0.739995 0.0501555
vn 0.464571 0.50104 -0.730159
v 0.34047 0.753771 0.0474544
vn -0.0621615 0.985453 0.15817
v 0.431742 0.688705 0.0781263
vn 0.694162 0.511653 0.50631
v 0.439891 0.686482 0.064537
vn 0.887231 0.327473 -0.324935
v 0.389937 0.718744 0.051601
vn 0.287463 0.471277 -0.833824
v 0.372706 0.737763 0.068344
vn 0.013903 0.557151 0.830295
v 0.419356 0.696795 0.0530185
vn -0.0969233 -0.370255 -0.92386
v 0.430419 0.695753 0.0547762
vn 0.615396 0.244656 -0.749287
v 0.35123 0.75332 0.0397532
vn 0.239742 0.689073 -0.683888
v 0.393041 0.722838 0.0743072
vn 0.171826 0.424086 0.889172
v 0.406992 0.711548 0.0742103
vn 0.376826 0.443283 0.813328
v 0.431003 0.69394 0.0755863
vn 0.543535 0.578435 0.608262
v 0.436774 0.691725 0.0690852
vn 0.809835 0.456496 0.368481
v 0.412362 0.715437 0.0686459
vn 0.453541 0.543348 0.706452
v 0.415426 0.701423 0.0477398
vn 0.176238 -0.243023 -0.953876
v 0.378614 0.737418 0.0533126
vn -0.0125976 -0.0627948 -0.997947
v 0.35993 0.746534 0.0488633
vn 0.411558 -0.194325 -0.890426
v 0.355028 0.750382 0.05731
vn -0.190006 0.664461 0.722765
v 0.422994 0.712303 0.0633604
vn 0.572813 0.667138 0.476247
v 0.404736 0.711195 0.0447044
vn -0.0983015 -0.437049 -0.89405
v 0.413476 0.709973 0.0492035
vn 0.571322 0.477088 -0.667816
v 0.422696 0.706182 0.0566167
vn 0.52836 0.422833 -0.736239
v 0.397767 0.71666 0.0458686
vn -0.0307019 0.342382 -0.939059
v 0.397248 0.724627 0.0482512
vn 0.0785839 0.252968 -0.964278
v 0.356189 0.755445 0.0509918
vn -0.0394546 0.998862 0.0268083
v 0.364129 0.746838 0.0595386
vn 0.0925596 0.522733 0.847457
v 0.42893 0.706428 0.0613771
vn 0.842013 0.53776 -0.0427486
v 0.363204 0.74966 0.0469327
vn 0.245328 -0.239005 -0.939516
v 0.385981 0.737845 0.0671207
vn 0.193496 0.666282 0.720158
v 0.361587 0.753057 0.0474003
vn 0.391379 0.737193 -0.550789
v 0.394374 0.732889 0.0701906
vn 0.379863 0.685763 0.620832
v 0.405779 0.725849 0.0682574
vn 0.598065 0.615764 0.512984
v 0.414514 0.719138 0.0604098
vn 0.691482 0.685595 -0.227621
v 0.380196 0.744405 0.0523253
vn 0.28689 0.400587 -0.870186
v 0.377785 0.747814 0.0559343
vn 0.213074 0.771966 0.598889
v 0.386301 0.744466 0.0583026
vn 0.293385 0.862217 0.412924
v 0.427489 0.710104 0.057535
vn 0.565459 0.598136 -0.567882
v 0.393716 0.739724 0.0552421
vn 0.62757 0.72925 -0.272673
v 0.371984 0.752704 0.0552064
vn 0.471663 0.879129 0.06831
v 0.36121 0.75556 0.0607453
vn -0.00754577 0.701088 0.713034
v 0.299534 -0.385018 0.192332
vn 0.366433 -0.925179 -0.0988485
v 0.191885 -0.371169 0.1205
vn -0.208875 -0.772063 -0.600242
v 0.182442 -0.373218 0.12362
vn 0.0641629 -0.760141 -0.646582
v 0.292242 -0.31835 0.171667
vn 0.0596226 -0.581216 -0.811562
v 0.300763 -0.325656 0.179111
vn 0.0285379 -0.594518 -0.803576
v -0.0484891 -0.286146 0.00402502
vn -0.553955 -0.704802 0.443157
v -0.0286584 -0.403716 -0.0493945
vn 0.851107 0.524992 -0.000768912
v 0.200854 0.303464 0.286147
vn 0.0172948 -0.645519 -0.763548
v 0.19751 0.300945 0.293707
vn -0.280125 -0.810084 -0.515068
v 0.371993 -0.427223 0.179557
vn 0.175815 0.96839 0.176947
v 0.117968 0.19574 0.095548
vn -0.311662 -0.94457 0.103224
v 0.113202 0.200581 0.120665
vn -0.371811 -0.926007 0.0653223
v 0.0781106 0.416734 -0.0658964
vn -0.098336 -0.827021 0.553503
v 0.116483 0.323377 -0.00620909
vn 0.0350614 0.143408 -0.989042
v 0.0115144 0.450661 -0.0764259
vn -0.486861 -0.226642 0.843564
v 0.0300902 0.430978 -0.0698726
vn -0.637005 -0.24771 0.729975
v 0.0383037 0.430994 -0.0618637
vn -0.60507 -0.06158 0.793787
v 0.0419263 0.477459 0.29942
vn -0.719158 -0.193829 0.667265
v 0.0439822 0.46438 0.299236
vn -0.670383 -0.233451 0.704334
v 0.0181877 0.48477 0.289659
vn -0.413399 -0.910479 -0.0113546
v 0.027802 0.46804 0.280992
vn -0.723019 -0.639701 0.260817
v 0.0344915 0.464356 0.291218
vn -0.725678 -0.393023 0.564734
v 0.0040035 0.492745 0.279891
vn -0.680905 -0.719576 0.136305
v 0.019483 0.48166 0.284566
vn -0.574279 -0.652698 0.494155
v 0.0127132 0.482243 0.270831
vn -0.707346 -0.663792 0.242984
v 0.025986 0.474997 0.285534
vn -0.643434 -0.288677 0.708984
v 0.016757 0.47238 0.259055
vn -0.530784 -0.847501 0.00331888
v 0.0100585 0.475941 0.256981
vn -0.61897 -0.66934 -0.410926
v -0.0811985 -0.41874 -0.0253087
vn -0.844217 -0.534095 -0.045169
v -0.117036 -0.348778 -0.0254137
vn -0.870758 -0.344133 -0.351217
v -0.145768 -0.311194 -0.0316372
vn -0.620223 -0.765715 -0.170305
v -0.0653992 -0.437406 -0.0607831
vn -0.836265 -0.537432 -0.108756
v -0.112923 -0.331819 -0.0533141
vn -0.794791 -0.606873 -0.00341546
v -0.129114 -0.320157 -0.0443041
vn -0.620773 -0.755903 -0.20797
v -0.127001 -0.321487 -0.0588853
vn -0.590448 -0.798237 0.119114
v -0.0422994 -0.473223 -0.0565197
vn -0.684491 -0.70701 -0.177789
v -0.0499781 -0.46613 -0.0231812
vn -0.766668 -0.641491 -0.0266558
v -0.0310713 -0.477337 -0.0537399
vn -0.38622 -0.905599 -0.175283
v -0.0608949 -0.437271 -0.0898534
vn -0.807472 -0.561743 -0.180093
v -0.0880459 -0.402288 -0.0542187
vn -0.8589 -0.494871 -0.131886
v -0.083602 -0.400164 -0.0838236
vn -0.860142 -0.490664 -0.139304
v -0.0567903 -0.453344 -0.0422545
vn -0.822392 -0.5643 -0.0723691
v -0.105411 -0.352819 -0.0666751
vn -0.941412 -0.292358 -0.168138
v -0.118839 -0.334898 -0.0314141
vn -0.905225 -0.318207 -0.281625
v -0.105119 -0.373471 -0.0375169
vn -0.915483 -0.357715 -0.184201
v -0.0940002 -0.384523 -0.0728838
vn -0.908691 -0.39852 -0.124348
v 0.215208 0.57093 -0.00134106
vn 0.851288 0.484891 0.200472
v 0.212518 0.57381 0.00506869
vn 0.615154 0.766162 -0.185959
v 0.218122 0.600157 0.122161
vn 0.536966 0.836667 -0.107961
v 0.226171 -0.461897 0.180333
vn -0.136914 -0.96476 -0.224705
v 0.380614 -0.470946 0.177427
vn 0.0550006 -0.962917 -0.264133
v 0.170094 -0.453486 0.16193
vn 0.071975 -0.928737 -0.363685
v 0.225121 -0.453377 0.138719
vn -0.174391 -0.980709 -0.0883054
v 0.186968 -0.446839 0.151657
vn -0.0439196 -0.950424 -0.30784
v 0.208746 -0.454232 0.161329
vn -0.0855298 -0.914541 -0.395348
v 0.210396 -0.451748 0.1506
vn -0.19332 -0.965128 -0.176509
v 0.24102 -0.458132 0.157954
vn -0.152596 -0.971231 -0.182824
v 0.22264 -0.45635 0.164589
vn -0.121867 -0.963432 -0.238637
v 0.352045 -0.462878 0.14702
vn -0.0151079 -0.965416 -0.260275
v 0.261593 -0.46196 0.165454
vn -0.0875878 -0.982762 -0.162809
v 0.304667 -0.464001 0.159685
vn -0.0441945 -0.97049 -0.237057
v 0.343789 -0.472387 0.182505
vn -0.0419521 -0.964195 -0.261856
v 0.292348 -0.465781 0.171552
vn -0.084953 -0.975728 -0.201839
v 0.173845 -0.448856 0.134735
vn 0.105222 -0.992995 0.0537587
v 0.190479 -0.446489 0.143564
vn -0.0229927 -0.998162 0.0560729
v 0.0782271 0.0250594 0.126201
vn 0.365047 -0.61469 0.699212
v 0.110172 0.0484273 0.130245
vn 0.544504 -0.731459 0.410467
v 0.0719192 0.0200544 0.131104
vn 0.244417 -0.109828 -0.96343
v 0.0957374 0.0378182 0.130881
vn 0.428333 -0.517954 -0.740442
v 0.100081 0.0301793 0.136543
vn 0.317971 -0.201286 -0.926487
v 0.0727438 0.01852 0.123913
vn 0.0612283 -0.19953 0.977977
v 0.0986772 0.0324767 0.123793
vn 0.162861 -0.180598 0.96998
v 0.0802956 -0.00110632 0.12064
vn -0.0833628 -0.114183 0.989956
v 0.0910901 0.00221673 0.120597
vn 0.101827 -0.0513413 0.993476
v 0.103907 -0.0212989 0.118649
vn 0.120405 0.0872528 0.988883
v 0.106637 0.00571202 0.119027
vn 0.139183 -0.104253 0.984764
v 0.0254269 0.480708 0.213857
vn -0.888301 -0.407299 -0.212198
v 0.0354487 0.462042 0.222539
vn -0.826407 -0.505308 0.248424
v 0.0331166 0.471617 0.241857
vn -0.543223 -0.839564 0.00639882
v 0.0293404 0.47302 0.227153
vn -0.654943 -0.748335 0.105095
v 0.0451142 0.460466 0.236597
vn -0.658278 -0.655398 0.370302
v 0.000474742 0.467424 -0.0974447
vn -0.993138 -0.107734 0.0455032
v -0.00405786 0.452081 -0.124365
vn -0.839019 -0.415165 0.351689
v 0.00101725 0.462542 -0.102671
vn -0.870942 -0.369928 0.32344
v -0.0046361 0.462001 -0.113947
vn -0.866884 -0.314211 0.387018
v 0.00271695 0.448348 -0.112269
vn -0.838354 -0.363368 0.406357
v -0.00971795 0.467613 -0.122582
vn -0.82837 -0.228377 0.511514
v -0.00791773 0.481964 -0.118134
vn -0.855085 0.141701 0.498748
v -0.0153441 0.474226 -0.127623
vn -0.698692 -0.0234526 0.715038
v -0.0061596 0.48728 -0.102888
vn -0.7375 -0.664101 -0.122738
v -0.00476215 0.48413 -0.110571
vn -0.981106 -0.152818 0.118651
v -0.00522521 0.4722 -0.111823
vn -0.918936 -0.0956071 0.382642
v -0.00584226 0.496888 -0.123772
vn -0.865368 0.352697 0.35601
v -0.00481488 0.500146 -0.12011
vn -0.932628 -0.0290361 -0.35967
f 3//3 4//4 5//5
f 4//4 6//6 7//7
f 8//8 9//9 10//10
f 9//9 11//11 10//10
f 11//11 12//12 13//13
f 12//12 14//14 13//13
f 15//15 13//13 14//14
f 18//18 17//17 16//16
f 16//16 19//19 18//18
f 20//20 18//18 19//19
f 21//21 22//22 20//20
f 21//21 24//24 25//25
f 26//26 25//25 24//24
f 27//27 26//26 24//24
f 28//28 29//29 30//30
f 31//31 28//28 30//30
f 31//31 32//32 33//33
f 32//32 34//34 33//33
f 35//35 34//34 36//36
f 37//37 35//35 36//36
f 38//38 39//39 40//40
f 40//40 41//41 38//38
f 42//42 38//38 41//41
f 43//43 44//44 45//45
f 46//46 45//45 44//44
f 47//47 48//48 49//49
f 49//49 50//50 47//47
f 51//51 52//52 53//53
f 52//52 54//54 53//53
f 56//56 57//57 58//58
f 58//58 59//59 56//56
f 60//60 56//56 59//59
f 2//2 1//1 61//61
f 63//63 64//64 65//65
f 66//66 65//65 64//64
f 5//5 67//67 3//3
f 4//4 7//7 68//68
f 69//69 7//7 70//70
f 71//71 69//69 70//70
f 72//72 33//33 34//34
f 34//34 35//35 72//72
f 73//73 37//37 39//39
f 39//39 38//38 73//73
f 45//45 74//74 43//43
f 75//75 76//76 46//46
f 75//75 77//77 78//78
f 13//13 15//15 79//79
f 17//17 80//80 16//16
f 47//47 81//81 48//48
f 54//54 55//55 82//82
f 84//84 57//57 83//83
f 85//85 83//83 57//57
f 56//56 85//85 57//57
f 59//59 86//86 60//60
f 87//87 60//60 86//86
f 86//86 88//88 87//87
f 90//90 88//88 89//89
f 91//91 90//90 89//89
f 55//55 84//84 82//82
f 83//83 82//82 84//84
f 92//92 93//93 94//94
f 95//95 94//94 93//93
f 93//93 8//8 95//95
f 8//8 10//10 95//95
f 96//96 95//95 10//10
f 11//11 13//13 96//96
f 27//27 48//48 97//97
f 5//5 98//98 67//67
f 69//69 99//99 7//7
f 29//29 100//100 71//71
f 72//72 101//101 33//33
f 73//73 38//38 102//102
f 42//42 102//102 38//38
f 45//45 46//46 103//103
f 77//77 104//104 105//105
f 62//62 61//61 1//1
f 62//62 107//107 108//108
f 72//72 35//35 109//109
f 37//37 73//73 110//110
f 74//74 45//45 111//111
f 112//112 113//113 106//106
f 114//114 115//115 62//62
f 108//108 114//114 62//62
f 66//66 116//116 65//65
f 7//7 99//99 68//68
f 69//69 71//71 117//117
f 71//71 100//100 117//117
f 29//29 28//28 118//118
f 28//28 31//31 33//33
f 21//21 25//25 119//119
f 25//25 26//26 120//120
f 26//26 27//27 97//97
f 121//121 97//97 48//48
f 51//51 122//122 50//50
f 53//53 54//54 123//123
f 54//54 82//82 123//123
f 124//124 85//85 56//56
f 10//10 11//11 96//96
f 15//15 80//80 125//125
f 126//126 80//80 17//17
f 18//18 127//127 17//17
f 18//18 20//20 128//128
f 129//129 122//122 51//51
f 51//51 53//53 129//129
f 123//123 129//129 53//53
f 88//88 131//131 87//87
f 90//90 91//91 133//133
f 94//94 134//134 92//92
f 96//96 13//13 79//79
f 127//127 126//126 17//17
f 21//21 136//136 22//22
f 21//21 119//119 136//136
f 120//120 137//137 25//25
f 97//97 120//120 26//26
f 81//81 121//121 48//48
f 47//47 50//50 122//122
f 109//109 101//101 72//72
f 35//35 37//37 110//110
f 102//102 138//138 73//73
f 74//74 139//139 42//42
f 78//78 77//77 140//140
f 106//106 2//2 112//112
f 141//141 2//2 61//61
f 61//61 62//62 115//115
f 108//108 65//65 116//116
f 118//118 100//100 29//29
f 124//124 142//142 85//85
f 56//56 60//60 130//130
f 60//60 87//87 130//130
f 131//131 88//88 132//132
f 88//88 90//90 143//143
f 79//79 135//135 96//96
f 125//125 79//79 15//15
f 128//128 127//127 18//18
f 136//136 20//20 22//22
f 101//101 144//144 33//33
f 110//110 109//109 35//35
f 138//138 110//110 73//73
f 139//139 102//102 42//42
f 103//103 111//111 45//45
f 145//145 105//105 113//113
f 99//99 69//69 117//117
f 146//146 118//118 28//28
f 82//82 83//83 147//147
f 83//83 85//85 147//147
f 130//130 87//87 131//131
f 90//90 133//133 143//143
f 92//92 148//148 91//91
f 126//126 149//149 80//80
f 46//46 76//76 150//150
f 75//75 78//78 151//151
f 140//140 151//151 78//78
f 152//152 140//140 77//77
f 77//77 105//105 152//152
f 61//61 115//115 141//141
f 116//116 114//114 108//108
f 66//66 67//67 153//153
f 154//154 5//5 4//4
f 68//68 154//154 4//4
f 155//155 68//68 99//99
f 123//123 82//82 156//156
f 82//82 147//147 156//156
f 142//142 147//147 85//85
f 143//143 132//132 88//88
f 157//157 134//134 94//94
f 94//94 95//95 157//157
f 135//135 79//79 158//158
f 125//125 80//80 149//149
f 128//128 20//20 136//136
f 159//159 137//137 120//120
f 160//160 121//121 81//81
f 47//47 160//160 81//81
f 109//109 110//110 161//161
f 150//150 76//76 162//162
f 76//76 75//75 162//162
f 151//151 162//162 75//75
f 114//114 116//116 163//163
f 28//28 33//33 164//164
f 165//165 156//156 147//147
f 148//148 133//133 91//91
f 137//137 119//119 25//25
f 97//97 121//121 166//166
f 144//144 164//164 33//33
f 167//167 110//110 138//138
f 138//138 102//102 168//168
f 141//141 112//112 2//2
f 116//116 66//66 169//169
f 153//153 169//169 66//66
f 170//170 155//155 99//99
f 117//117 170//170 99//99
f 117//117 100//100 171//171
f 171//171 100//100 172//172
f 100//100 118//118 172//172
f 164//164 146//146 28//28
f 134//134 148//148 92//92
f 173//173 158//158 79//79
f 126//126 127//127 174//174
f 175//175 120//120 97//97
f 122//122 160//160 47//47
f 101//101 109//109 176//176
f 177//177 176//176 109//109
f 109//109 161//161 177//177
f 74//74 178//178 139//139
f 103//103 46//46 150//150
f 152//152 179//179 140//140
f 145//145 152//152 105//105
f 163//163 115//115 114//114
f 180//180 98//98 5//5
f 5//5 154//154 180//180
f 154//154 68//68 181//181
f 155//155 181//181 68//68
f 117//117 171//171 182//182
f 56//56 130//130 124//124
f 135//135 183//183 96//96
f 174//174 149//149 126//126
f 166//166 175//175 97//97
f 144//144 101//101 176//176
f 167//167 161//161 110//110
f 168//168 167//167 138//138
f 102//102 139//139 168//168
f 111//111 178//178 74//74
f 115//115 184//184 141//141
f 169//169 163//163 116//116
f 182//182 170//170 117//117
f 146//146 172//172 118//118
f 185//185 129//129 123//123
f 123//123 156//156 186//186
f 187//187 173//173 79//79
f 149//149 187//187 125//125
f 174//174 127//127 188//188
f 189//189 188//188 127//127
f 127//127 128//128 189//189
f 190//190 128//128 136//136
f 175//175 159//159 120//120
f 160//160 166//166 121//121
f 191//191 160//160 122//122
f 178//178 168//168 139//139
f 112//112 141//141 184//184
f 98//98 153//153 67//67
f 180//180 192//192 98//98
f 154//154 181//181 180//180
f 156//156 165//165 186//186
f 147//147 142//142 165//165
f 124//124 130//130 193//193
f 79//79 125//125 187//187
f 174//174 194//194 149//149
f 190//190 189//189 128//128
f 195//195 144//144 176//176
f 176//176 177//177 196//196
f 197//197 178//178 111//111
f 111//111 103//103 197//197
f 162//162 151//151 198//198
f 112//112 145//145 113//113
f 171//171 172//172 200//200
f 201//201 172//172 146//146
f 186//186 185//185 123//123
f 193//193 142//142 124//124
f 95//95 96//96 202//202
f 183//183 202//202 96//96
f 183//183 135//135 158//158
f 187//187 149//149 204//204
f 194//194 204//204 149//149
f 205//205 190//190 136//136
f 119//119 205//205 136//136
f 206//206 166//166 160//160
f 160//160 191//191 206//206
f 122//122 129//129 191//191
f 207//207 167//167 168//168
f 168//168 178//178 207//207
f 163//163 208//208 115//115
f 209//209 199//199 169//169
f 169//169 153//153 209//209
f 153//153 98//98 210//210
f 180//180 181//181 192//192
f 181//181 155//155 211//211
f 170//170 211//211 155//155
f 200//200 182//182 171//171
f 164//164 201//201 146//146
f 186//186 165//165 212//212
f 213//213 165//165 142//142
f 214//214 213//213 142//142
f 157//157 95//95 202//202
f 158//158 173//173 203//203
f 173//173 187//187 215//215
f 174//174 188//188 194//194
f 166//166 206//206 216//216
f 185//185 191//191 129//129
f 196//196 195//195 176//176
f 177//177 161//161 217//217
f 167//167 217//217 161//161
f 150//150 197//197 103//103
f 179//179 151//151 140//140
f 208//208 184//184 115//115
f 163//163 169//169 218//218
f 169//169 199//199 218//218
f 199//199 209//209 219//219
f 210//210 209//209 153//153
f 192//192 210//210 98//98
f 211//211 220//220 181//181
f 221//221 201//201 164//164
f 164//164 144//144 221//221
f 131//131 193//193 130//130
f 183//183 158//158 222//222
f 215//215 203//203 173//173
f 190//190 205//205 223//223
f 119//119 137//137 224//224
f 159//159 175//175 225//225
f 175//175 166//166 216//216
f 195//195 221//221 144//144
f 226//226 217//217 167//167
f 167//167 207//207 226//226
f 145//145 112//112 227//227
f 229//229 228//228 184//184
f 184//184 208//208 229//229
f 230//230 208//208 163//163
f 192//192 181//181 231//231
f 220//220 231//231 181//181
f 232//232 211//211 170//170
f 170//170 182//182 232//232
f 182//182 200//200 232//232
f 200//200 172//172 233//233
f 234//234 235//235 185//185
f 185//185 186//186 234//234
f 236//236 234//234 186//186
f 186//186 212//212 236//236
f 213//213 212//212 165//165
f 142//142 193//193 214//214
f 148//148 237//237 133//133
f 158//158 203//203 222//222
f 187//187 204//204 215//215
f 188//188 238//238 194//194
f 189//189 190//190 223//223
f 205//205 119//119 224//224
f 137//137 159//159 224//224
f 225//225 224//224 159//159
f 216//216 225//225 175//175
f 191//191 185//185 235//235
f 178//178 197//197 239//239
f 228//228 112//112 184//184
f 230//230 163//163 218//218
f 218//218 199//199 219//219
f 201//201 233//233 172//172
f 240//240 213//213 214//214
f 241//241 148//148 134//134
f 134//134 157//157 241//241
f 242//242 206//206 191//191
f 191//191 235//235 242//242
f 243//243 195//195 196//196
f 177//177 217//217 196//196
f 226//226 207//207 244//244
f 207//207 178//178 244//244
f 239//239 244//244 178//178
f 245//245 150//150 162//162
f 112//112 228//228 227//227
f 230//230 218//218 246//246
f 219//219 247//247 218//218
f 210//210 192//192 248//248
f 249//249 248//248 192//192
f 192//192 231//231 249//249
f 220//220 211//211 250//250
f 251//251 236//236 212//212
f 213//213 251//251 212//212
f 213//213 240//240 252//252
f 143//143 133//133 237//237
f 188//188 189//189 253//253
f 223//223 253//253 189//189
f 225//225 216//216 254//254
f 255//255 254//254 216//216
f 216//216 206//206 255//255
f 162//162 198//198 245//245
f 151//151 179//179 257//257
f 227//227 258//258 145//145
f 247//247 246//246 218//218
f 209//209 210//210 259//259
f 248//248 259//259 210//210
f 231//231 220//220 250//250
f 250//250 211//211 232//232
f 233//233 232//232 200//200
f 261//261 131//131 132//132
f 157//157 202//202 262//262
f 183//183 262//262 202//202
f 204//204 194//194 263//263
f 224//224 225//225 254//254
f 242//242 235//235 264//264
f 250//250 249//249 231//231
f 201//201 221//221 265//265
f 196//196 217//217 266//266
f 217//217 226//226 256//256
f 152//152 145//145 258//258
f 208//208 246//246 267//267
f 234//234 236//236 268//268
f 251//251 269//269 236//236
f 260//260 270//270 213//213
f 252//252 271//271 260//260
f 260//260 213//213 252//252
f 143//143 261//261 132//132
f 238//238 188//188 272//272
f 253//253 272//272 188//188
f 253//253 223//223 273//273
f 223//223 205//205 273//273
f 205//205 224//224 273//273
f 254//254 273//273 224//224
f 255//255 274//274 254//254
f 242//242 255//255 206//206
f 275//275 235//235 234//234
f 195//195 243//243 221//221
f 276//276 256//256 226//226
f 239//239 197//197 277//277
f 198//198 151//151 257//257
f 219//219 209//209 278//278
f 259//259 278//278 209//209
f 248//248 279//279 259//259
f 249//249 280//280 248//248
f 201//201 265//265 233//233
f 251//251 213//213 270//270
f 281//281 240//240 214//214
f 214//214 193//193 282//282
f 238//238 263//263 194//194
f 275//275 264//264 235//235
f 217//217 256//256 266//266
f 239//239 277//277 244//244
f 197//197 150//150 284//284
f 150//150 245//245 285//285
f 179//179 152//152 286//286
f 227//227 228//228 287//287
f 229//229 287//287 228//228
f 208//208 267//267 288//288
f 278//278 289//289 247//247
f 247//247 219//219 278//278
f 280//280 279//279 248//248
f 290//290 249//249 250//250
f 250//250 232//232 291//291
f 292//292 291//291 232//232
f 233//233 292//292 232//232
f 281//281 252//252 240//240
f 293//293 193//193 131//131
f 222//222 262//262 183//183
f 215//215 204//204 294//294
f 253//253 273//273 295//295
f 255//255 242//242 274//274
f 268//268 275//275 234//234
f 296//296 297//297 221//221
f 221//221 243//243 296//296
f 196//196 266//266 243//243
f 283//283 276//276 226//226
f 226//226 244//244 283//283
f 208//208 298//298 229//229
f 267//267 246//246 299//299
f 259//259 279//279 300//300
f 290//290 280//280 249//249
f 291//291 290//290 250//250
f 297//297 301//301 265//265
f 265//265 221//221 297//297
f 214//214 282//282 281//281
f 261//261 293//293 131//131
f 302//302 241//241 157//157
f 272//272 303//303 238//238
f 295//295 272//272 253//253
f 273//273 254//254 304//304
f 274//274 304//304 254//254
f 274//274 242//242 305//305
f 306//306 305//305 242//242
f 264//264 306//306 242//242
f 275//275 268//268 307//307
f 277//277 197//197 284//284
f 284//284 150//150 285//285
f 287//287 258//258 227//227
f 246//246 247//247 299//299
f 308//308 278//278 259//259
f 300//300 308//308 259//259
f 279//279 280//280 309//309
f 290//290 309//309 280//280
f 310//310 270//270 260//260
f 260//260 271//271 310//310
f 311//311 281//281 282//282
f 143//143 237//237 312//312
f 157//157 262//262 302//302
f 262//262 222//222 313//313
f 294//294 204//204 263//263
f 263//263 238//238 314//314
f 295//295 273//273 315//315
f 268//268 236//236 316//316
f 258//258 286//286 152//152
f 298//298 287//287 229//229
f 298//298 208//208 288//288
f 317//317 288//288 267//267
f 299//299 317//317 267//267
f 299//299 247//247 289//289
f 279//279 309//309 300//300
f 290//290 291//291 318//318
f 291//291 292//292 318//318
f 293//293 282//282 193//193
f 203//203 215//215 319//319
f 215//215 294//294 319//319
f 303//303 314//314 238//238
f 315//315 303//303 272//272
f 295//295 315//315 272//272
f 274//274 305//305 320//320
f 306//306 320//320 305//305
f 316//316 236//236 269//269
f 321//321 266//266 256//256
f 276//276 321//321 256//256
f 283//283 244//244 322//322
f 277//277 322//322 244//244
f 323//323 285//285 245//245
f 296//296 243//243 324//324
f 325//325 243//243 266//266
f 266//266 321//321 325//325
f 257//257 326//326 198//198
f 298//298 288//288 327//327
f 288//288 317//317 328//328
f 299//299 289//289 330//330
f 324//324 332//332 296//296
f 275//275 307//307 333//333
f 312//312 261//261 143//143
f 222//222 203//203 319//319
f 281//281 334//334 252//252
f 148//148 241//241 335//335
f 336//336 319//319 294//294
f 337//337 263//263 314//314
f 307//307 268//268 338//338
f 316//316 338//338 268//268
f 339//339 251//251 270//270
f 276//276 283//283 321//321
f 322//322 277//277 340//340
f 326//326 323//323 245//245
f 245//245 198//198 326//326
f 330//330 329//329 299//299
f 331//331 330//330 289//289
f 300//300 309//309 341//341
f 309//309 342//342 343//343
f 271//271 252//252 344//344
f 334//334 344//344 252//252
f 319//319 336//336 345//345
f 337//337 294//294 263//263
f 243//243 325//325 346//346
f 322//322 347//347 283//283
f 286//286 257//257 179//179
f 298//298 258//258 287//287
f 328//328 327//327 288//288
f 328//328 317//317 348//348
f 349//349 348//348 317//317
f 317//317 299//299 349//349
f 278//278 308//308 350//350
f 308//308 300//300 351//351
f 341//341 351//351 300//300
f 343//343 341//341 309//309
f 352//352 310//310 271//271
f 281//281 311//311 353//353
f 303//303 315//315 354//354
f 355//355 354//354 315//315
f 315//315 356//356 355//355
f 357//357 355//355 356//356
f 358//358 357//357 333//333
f 307//307 358//358 333//333
f 269//269 251//251 359//359
f 321//321 360//360 325//325
f 321//321 283//283 361//361
f 347//347 361//361 283//283
f 258//258 298//298 362//362
f 298//298 327//327 363//363
f 348//348 364//364 328//328
f 341//341 343//343 365//365
f 366//366 365//365 343//343
f 339//339 310//310 367//367
f 335//335 237//237 148//148
f 313//313 222//222 368//368
f 319//319 368//368 222//222
f 337//337 336//336 294//294
f 314//314 303//303 354//354
f 316//316 269//269 359//359
f 322//322 340//340 347//347
f 284//284 340//340 277//277
f 257//257 286//286 369//369
f 370//370 363//363 327//327
f 371//371 327//327 328//328
f 372//372 350//350 308//308
f 308//308 351//351 372//372
f 365//365 366//366 373//373
f 366//366 324//324 374//374
f 346//346 374//374 324//324
f 324//324 243//243 346//346
f 360//360 346//346 325//325
f 375//375 360//360 321//321
f 293//293 376//376 282//282
f 293//293 261//261 377//377
f 261//261 312//312 377//377
f 302//302 262//262 378//378
f 357//357 358//358 379//379
f 359//359 251//251 339//339
f 284//284 285//285 380//380
f 323//323 381//381 285//285
f 286//286 258//258 382//382
f 371//371 370//370 327//327
f 289//289 278//278 383//383
f 365//365 351//351 341//341
f 361//361 375//375 321//321
f 361//361 347//347 384//384
f 334//334 281//281 353//353
f 262//262 313//313 378//378
f 385//385 336//336 337//337
f 386//386 385//385 337//337
f 337//337 314//314 386//386
f 354//354 386//386 314//314
f 355//355 357//357 379//379
f 358//358 307//307 387//387
f 347//347 340//340 388//388
f 380//380 340//340 284//284
f 362//362 382//382 258//258
f 364//364 371//371 328//328
f 349//349 299//299 329//329
f 289//289 383//383 331//331
f 389//389 383//383 278//278
f 350//350 389//389 278//278
f 366//366 374//374 373//373
f 360//360 374//374 346//346
f 384//384 375//375 361//361
f 339//339 367//367 390//390
f 352//352 367//367 310//310
f 271//271 344//344 391//391
f 376//376 311//311 282//282
f 377//377 376//376 293//293
f 241//241 302//302 392//392
f 354//354 355//355 395//395
f 379//379 395//395 355//355
f 387//387 379//379 358//358
f 338//338 387//387 307//307
f 359//359 396//396 316//316
f 359//359 339//339 390//390
f 381//381 380//380 285//285
f 369//369 286//286 382//382
f 363//363 362//362 298//298
f 372//372 351//351 397//397
f 351//351 365//365 397//397
f 398//398 374//374 360//360
f 391//391 399//399 271//271
f 334//334 353//353 400//400
f 302//302 378//378 392//392
f 393//393 378//378 313//313
f 313//313 368//368 393//393
f 368//368 319//319 401//401
f 394//394 385//385 402//402
f 385//385 386//386 402//402
f 403//403 386//386 354//354
f 338//338 316//316 396//396
f 388//388 404//404 347//347
f 405//405 406//406 348//348
f 348//348 349//349 405//405
f 330//330 331//331 407//407
f 408//408 397//397 365//365
f 373//373 408//408 365//365
f 375//375 384//384 409//409
f 352//352 410//410 367//367
f 344//344 334//334 411//411
f 400//400 411//411 334//334
f 335//335 241//241 412//412
f 392//392 412//412 241//241
f 319//319 345//345 401//401
f 413//413 401//401 345//345
f 345//345 394//394 413//413
f 394//394 402//402 414//414
f 403//403 402//402 386//386
f 395//395 403//403 354//354
f 387//387 415//415 379//379
f 384//384 347//347 404//404
f 416//416 388//388 340//340
f 323//323 417//417 381//381
f 371//371 364//364 419//419
f 406//406 364//364 348//348
f 329//329 330//330 420//420
f 407//407 420//420 330//330
f 398//398 373//373 374//374
f 398//398 360//360 421//421
f 360//360 375//375 422//422
f 390//390 367//367 423//423
f 424//424 391//391 344//344
f 411//411 424//424 344//344
f 401//401 425//425 368//368
f 413//413 394//394 426//426
f 427//427 426//426 394//394
f 394//394 414//414 427//427
f 395//395 379//379 415//415
f 338//338 396//396 387//387
f 404//404 388//388 428//428
f 380//380 416//416 340//340
f 380//380 381//381 429//429
f 430//430 323//323 326//326
f 326//326 257//257 430//430
f 257//257 369//369 430//430
f 418//418 362//362 363//363
f 418//418 363//363 431//431
f 363//363 370//370 431//431
f 432//432 407//407 331//331
f 350//350 372//372 389//389
f 433//433 389//389 372//372
f 434//434 408//408 373//373
f 398//398 434//434 373//373
f 421//421 360//360 422//422
f 410//410 423//423 367//367
f 311//311 376//376 435//435
f 237//237 335//335 312//312
f 368//368 425//425 393//393
f 426//426 401//401 413//413
f 436//436 414//414 402//402
f 403//403 436//436 402//402
f 437//437 416//416 380//380
f 417//417 429//429 381//381
f 419//419 370//370 371//371
f 331//331 383//383 432//432
f 372//372 397//397 433//433
f 359//359 390//390 438//438
f 424//424 399//399 391//391
f 377//377 435//435 376//376
f 439//439 378//378 393//393
f 425//425 439//439 393//393
f 440//440 425//425 401//401
f 396//396 441//441 387//387
f 362//362 418//418 442//442
f 389//389 432//432 383//383
f 408//408 434//434 443//443
f 421//421 434//434 398//398
f 404//404 409//409 384//384
f 396//396 359//359 438//438
f 390//390 423//423 444//444
f 410//410 352//352 445//445
f 353//353 311//311 447//447
f 435//435 447//447 311//311
f 392//392 378//378 412//412
f 425//425 440//440 448//448
f 427//427 414//414 449//449
f 450//450 403//403 395//395
f 415//415 387//387 441//441
f 428//428 388//388 451//451
f 388//388 416//416 451//451
f 369//369 382//382 452//452
f 362//362 442//442 382//382
f 431//431 453//453 418//418
f 370//370 419//419 454//454
f 443//443 455//455 397//397
f 397//397 408//408 443//443
f 414//414 436//436 456//456
f 395//395 415//415 457//457
f 441//441 396//396 458//458
f 404//404 428//428 459//459
f 380//380 429//429 437//437
f 417//417 323//323 460//460
f 430//430 460//460 323//323
f 453//453 442//442 418//418
f 454//454 431//431 370//370
f 433//433 397//397 455//455
f 422//422 375//375 461//461
f 462//462 424//424 411//411
f 427//427 463//463 426//426
f 449//449 463//463 427//427
f 457//457 450//450 395//395
f 464//464 457//457 415//415
f 465//465 451//451 416//416
f 416//416 437//437 465//465
f 437//437 429//429 466//466
f 417//417 466//466 429//429
f 430//430 369//369 467//467
f 382//382 442//442 468//468
f 469//469 468//468 442//442
f 442//442 453//453 469//469
f 454//454 470//470 431//431
f 406//406 405//405 471//471
f 375//375 409//409 472//472
f 410//410 444//444 423//423
f 445//445 473//473 410//410
f 335//335 435//435 377//377
f 312//312 335//335 377//377
f 448//448 439//439 425//425
f 440//440 426//426 474//474
f 449//449 414//414 456//456
f 436//436 403//403 450//450
f 415//415 441//441 464//464
f 441//441 458//458 475//475
f 460//460 430//430 467//467
f 452//452 467//467 369//369
f 468//468 452//452 382//382
f 470//470 453//453 431//431
f 471//471 476//476 406//406
f 389//389 433//433 477//477
f 455//455 477//477 433//433
f 443//443 434//434 478//478
f 421//421 478//478 434//434
f 462//462 411//411 479//479
f 480//480 400//400 353//353
f 447//447 480//480 353//353
f 378//378 439//439 481//481
f 482//482 448//448 440//440
f 463//463 474//474 426//426
f 459//459 428//428 483//483
f 451//451 465//465 484//484
f 485//485 471//471 405//405
f 405//405 349//349 485//485
f 477//477 432//432 389//389
f 455//455 443//443 486//486
f 443//443 478//478 486//486
f 472//472 461//461 375//375
f 487//487 472//472 409//409
f 445//445 352//352 488//488
f 352//352 446//446 488//488
f 446//446 399//399 489//489
f 490//490 489//489 399//399
f 399//399 424//424 490//490
f 424//424 462//462 490//490
f 412//412 378//378 481//481
f 448//448 491//491 439//439
f 474//474 482//482 440//440
f 456//456 436//436 450//450
f 464//464 441//441 492//492
f 475//475 458//458 493//493
f 451//451 483//483 428//428
f 466//466 494//494 437//437
f 495//495 466//466 417//417
f 496//496 497//497 477//477
f 477//477 455//455 496//496
f 486//486 496//496 455//455
f 498//498 478//478 421//421
f 409//409 404//404 487//487
f 487//487 404//404 459//459
f 444//444 410//410 473//473
f 435//435 335//335 499//499
f 492//492 457//457 464//464
f 475//475 492//492 441//441
f 483//483 451//451 484//484
f 494//494 465//465 437//437
f 417//417 460//460 500//500
f 452//452 468//468 501//501
f 502//502 469//469 453//453
f 453//453 470//470 502//502
f 503//503 454//454 419//419
f 485//485 349//349 504//504
f 329//329 504//504 349//349
f 447//447 435//435 505//505
f 491//491 481//481 439//439
f 438//438 390//390 506//506
f 506//506 390//390 444//444
f 473//473 507//507 444//444
f 459//459 483//483 508//508
f 501//501 460//460 467//467
f 467//467 452//452 501//501
f 509//509 468//468 469//469
f 503//503 470//470 454//454
f 510//510 420//420 407//407
f 407//407 432//432 510//510
f 432//432 477//477 510//510
f 497//497 510//510 477//477
f 497//497 496//496 511//511
f 512//512 511//511 496//496
f 461//461 421//421 422//422
f 487//487 513//513 472//472
f 488//488 514//514 445//445
f 515//515 480//480 447//447
f 517//517 516//516 474//474
f 474//474 463//463 517//517
f 449//449 518//518 463//463
f 449//449 456//456 519//519
f 450//450 457//457 520//520
f 457//457 492//492 520//520
f 493//493 458//458 521//521
f 438//438 521//521 458//458
f 487//487 459//459 522//522
f 523//523 522//522 459//459
f 483//483 484//484 524//524
f 495//495 494//494 466//466
f 460//460 501//501 500//500
f 525//525 503//503 419//419
f 419//419 364//364 525//525
f 364//364 406//406 525//525
f 329//329 420//420 526//526
f 510//510 527//527 420//420
f 528//528 511//511 512//512
f 461//461 472//472 529//529
f 507//507 506//506 444//444
f 473//473 445//445 514//514
f 488//488 446//446 530//530
f 531//531 462//462 479//479
f 515//515 447//447 505//505
f 532//532 499//499 335//335
f 412//412 532//532 335//335
f 481//481 532//532 412//412
f 518//518 517//517 463//463
f 456//456 450//450 533//533
f 492//492 475//475 534//534
f 508//508 523//523 459//459
f 524//524 508//508 483//483
f 468//468 509//509 501//501
f 406//406 476//476 525//525
f 526//526 504//504 329//329
f 510//510 497//497 535//535
f 511//511 535//535 497//497
f 511//511 528//528 536//536
f 537//537 486//486 538//538
f 486//486 478//478 538//538
f 498//498 421//421 539//539
f 461//461 539//539 421//421
f 499//499 505//505 435//435
f 474//474 540//540 482//482
f 520//520 533//533 450//450
f 520//520 492//492 541//541
f 534//534 542//542 492//492
f 493//493 534//534 475//475
f 514//514 543//543 473//473
f 489//489 490//490 544//544
f 490//490 462//462 544//544
f 538//538 478//478 545//545
f 472//472 513//513 529//529
f 487//487 522//522 513//513
f 522//522 523//523 508//508
f 546//546 524//524 484//484
f 484//484 465//465 546//546
f 417//417 500//500 495//495
f 547//547 495//495 500//500
f 502//502 470//470 548//548
f 527//527 526//526 420//420
f 549//549 527//527 510//510
f 536//536 535//535 511//511
f 515//515 505//505 550//550
f 532//532 481//481 551//551
f 552//552 540//540 474//474
f 474//474 516//516 552//552
f 517//517 518//518 553//553
f 519//519 456//456 533//533
f 542//542 534//534 554//554
f 506//506 521//521 438//438
f 507//507 473//473 543//543
f 465//465 494//494 546//546
f 500//500 501//501 547//547
f 509//509 547//547 501//501
f 555//555 470//470 503//503
f 471//471 556//556 476//476
f 557//557 538//538 558//558
f 478//478 498//498 545//545
f 559//559 513//513 522//522
f 560//560 561//561 507//507
f 489//489 544//544 562//562
f 531//531 544//544 462//462
f 480//480 515//515 563//563
f 481//481 491//491 551//551
f 564//564 553//553 518//518
f 449//449 564//564 518//518
f 541//541 533//533 520//520
f 541//541 492//492 542//542
f 546//546 494//494 565//565
f 494//494 495//495 565//565
f 509//509 469//469 566//566
f 502//502 566//566 469//469
f 555//555 503//503 567//567
f 525//525 567//567 503//503
f 525//525 476//476 568//568
f 476//476 556//556 568//568
f 504//504 471//471 485//485
f 535//535 536//536 569//569
f 570//570 569//569 536//536
f 571//571 557//557 572//572
f 538//538 545//545 558//558
f 573//573 545//545 498//498
f 498//498 539//539 573//573
f 574//574 539//539 461//461
f 461//461 529//529 574//574
f 575//575 530//530 446//446
f 576//576 575//575 446//446
f 446//446 489//489 576//576
f 491//491 448//448 577//577
f 517//517 553//553 516//516
f 519//519 578//578 449//449
f 579//579 554//554 534//534
f 534//534 493//493 579//579
f 561//561 521//521 506//506
f 543//543 560//560 507//507
f 470//470 555//555 548//548
f 471//471 504//504 580//580
f 510//510 535//535 581//581
f 569//569 581//581 535//535
f 545//545 573//573 558//558
f 539//539 574//574 582//582
f 529//529 513//513 583//583
f 562//562 576//576 489//489
f 551//551 491//491 584//584
f 482//482 577//577 448//448
f 564//564 449//449 585//585
f 586//586 533//533 541//541
f 542//542 587//587 541//541
f 521//521 579//579 493//493
f 565//565 495//495 588//588
f 555//555 567//567 589//589
f 527//527 549//549 590//590
f 581//581 549//549 510//510
f 569//569 570//570 581//581
f 591//591 581//581 570//570
f 592//592 591//591 571//571
f 593//593 572//572 557//557
f 582//582 573//573 539//539
f 583//583 582//582 529//529
f 559//559 583//583 513//513
f 522//522 594//594 559//559
f 505//505 499//499 595//595
f 596//596 595//595 499//499
f 532//532 596//596 499//499
f 532//532 551//551 597//597
f 584//584 597//597 551//551
f 540//540 552//552 598//598
f 585//585 449//449 578//578
f 521//521 561//561 599//599
f 546//546 600//600 524//524
f 495//495 547//547 588//588
f 601//601 588//588 547//547
f 526//526 527//527 602//602
f 603//603 592//592 571//571
f 571//571 572//572 603//603
f 557//557 558//558 593//593
f 558//558 573//573 604//604
f 574//574 529//529 582//582
f 605//605 594//594 606//606
f 530//530 575//575 607//607
f 563//563 515//515 608//608
f 609//609 608//608 515//515
f 550//550 609//609 515//515
f 577//577 584//584 491//491
f 540//540 577//577 482//482
f 519//519 533//533 610//610
f 587//587 586//586 541//541
f 542//542 611//611 587//587
f 561//561 560//560 599//599
f 612//612 599//599 560//560
f 613//613 560//560 543//543
f 565//565 614//614 546//546
f 547//547 509//509 601//601
f 548//548 555//555 589//589
f 580//580 504//504 602//602
f 504//504 526//526 602//602
f 615//615 616//616 549//549
f 549//549 581//581 615//615
f 604//604 573//573 618//618
f 605//605 559//559 594//594
f 488//488 530//530 619//619
f 575//575 576//576 607//607
f 595//595 550//550 505//505
f 597//597 596//596 532//532
f 597//597 584//584 620//620
f 577//577 540//540 621//621
f 598//598 621//621 540//540
f 552//552 516//516 622//622
f 516//516 553//553 622//622
f 610//610 578//578 519//519
f 610//610 533//533 586//586
f 543//543 514//514 613//613
f 514//514 488//488 613//613
f 588//588 601//601 623//623
f 566//566 601//601 509//509
f 567//567 525//525 568//568
f 624//624 556//556 471//471
f 580//580 624//624 471//471
f 590//590 549//549 625//625
f 616//616 625//625 549//549
f 626//626 615//615 581//581
f 581//581 591//591 626//626
f 592//592 626//626 591//591
f 573//573 582//582 618//618
f 608//608 627//627 531//531
f 531//531 563//563 608//608
f 584//584 577//577 621//621
f 598//598 552//552 622//622
f 553//553 564//564 628//628
f 578//578 610//610 629//629
f 630//630 629//629 610//610
f 610//610 586//586 630//630
f 554//554 579//579 631//631
f 614//614 565//565 632//632
f 633//633 632//632 565//565
f 565//565 588//588 633//633
f 566//566 502//502 548//548
f 590//590 634//634 527//527
f 592//592 603//603 635//635
f 603//603 617//617 636//636
f 637//637 638//638 582//582
f 582//582 583//583 637//637
f 583//583 559//559 637//637
f 639//639 637//637 559//559
f 607//607 619//619 530//530
f 576//576 562//562 640//640
f 562//562 544//544 641//641
f 642//642 641//641 544//544
f 628//628 622//622 553//553
f 629//629 630//630 643//643
f 611//611 542//542 554//554
f 579//579 521//521 644//644
f 645//645 614//614 632//632
f 588//588 623//623 633//633
f 602//602 527//527 634//634
f 636//636 635//635 603//603
f 646//646 603//603 572//572
f 572//572 593//593 646//646
f 558//558 604//604 593//593
f 559//559 605//605 639//639
f 642//642 544//544 531//531
f 627//627 642//642 531//531
f 595//595 609//609 550//550
f 620//620 584//584 647//647
f 584//584 621//621 647//647
f 598//598 648//648 621//621
f 649//649 630//630 586//586
f 586//586 587//587 649//649
f 650//650 649//649 587//587
f 631//631 651//651 554//554
f 599//599 612//612 652//652
f 560//560 613//613 612//612
f 613//613 488//488 653//653
f 619//619 653//653 488//488
f 589//589 567//567 654//654
f 567//567 568//568 654//654
f 568//568 655//655 656//656
f 556//556 624//624 657//657
f 634//634 590//590 658//658
f 625//625 658//658 590//590
f 625//625 616//616 659//659
f 660//660 616//616 615//615
f 661//661 626//626 592//592
f 646//646 617//617 603//603
f 638//638 637//637 662//662
f 663//663 607//607 576//576
f 576//576 640//640 663//663
f 562//562 641//641 640//640
f 596//596 597//597 664//664
f 620//620 664//664 597//597
f 648//648 647//647 621//621
f 622//622 665//665 598//598
f 666//666 628//628 564//564
f 564//564 585//585 666//666
f 629//629 643//643 667//667
f 650//650 587//587 611//611
f 611//611 554//554 651//651
f 644//644 631//631 579//579
f 599//599 644//644 521//521
f 623//623 601//601 669//669
f 670//670 601//601 566//566
f 656//656 654//654 568//568
f 655//655 556//556 657//657
f 634//634 671//671 602//602
f 661//661 660//660 615//615
f 615//615 626//626 661//661
f 672//672 661//661 592//592
f 592//592 635//635 672//672
f 636//636 617//617 673//673
f 674//674 646//646 593//593
f 593//593 604//604 674//674
f 618//618 674//674 604//604
f 619//619 607//607 675//675
f 609//609 595//595 676//676
f 596//596 676//676 595//595
f 648//648 598//598 677//677
f 665//665 677//677 598//598
f 678//678 585//585 578//578
f 599//599 652//652 644//644
f 668//668 652//652 612//612
f 679//679 680//680 645//645
f 670//670 669//669 601//601
f 548//548 670//670 566//566
f 624//624 580//580 681//681
f 682//682 659//659 616//616
f 616//616 660//660 682//682
f 683//683 672//672 635//635
f 635//635 636//636 683//683
f 684//684 617//617 646//646
f 638//638 618//618 582//582
f 662//662 637//637 685//685
f 686//686 685//685 637//637
f 637//637 639//639 686//686
f 688//688 687//687 639//639
f 639//639 605//605 688//688
f 675//675 653//653 619//619
f 676//676 608//608 609//609
f 676//676 596//596 664//664
f 620//620 647//647 689//689
f 690//690 648//648 677//677
f 665//665 622//622 691//691
f 622//622 628//628 691//691
f 666//666 585//585 692//692
f 693//693 578//578 629//629
f 667//667 693//693 629//629
f 644//644 652//652 694//694
f 668//668 694//694 652//652
f 612//612 613//613 695//695
f 605//605 680//680 696//696
f 645//645 632//632 679//679
f 632//632 697//697 698//698
f 548//548 589//589 699//699
f 625//625 700//700 658//658
f 659//659 700//700 625//625
f 684//684 673//673 617//617
f 618//618 638//638 674//674
f 685//685 638//638 662//662
f 687//687 686//686 639//639
f 675//675 607//607 701//701
f 664//664 620//620 702//702
f 689//689 702//702 620//620
f 703//703 643//643 630//630
f 704//704 695//695 613//613
f 613//613 653//653 704//704
f 602//602 681//681 580//580
f 700//700 705//705 658//658
f 682//682 660//660 661//661
f 706//706 682//682 661//661
f 646//646 674//674 684//684
f 707//707 674//674 638//638
f 708//708 696//696 680//680
f 679//679 708//708 680//680
f 698//698 679//679 632//632
f 669//669 697//697 633//633
f 633//633 623//623 669//669
f 709//709 669//669 670//670
f 670//670 548//548 710//710
f 548//548 699//699 710//710
f 589//589 654//654 699//699
f 654//654 656//656 711//711
f 631//631 644//644 712//712
f 694//694 712//712 644//644
f 668//668 612//612 695//695
f 713//713 627//627 608//608
f 608//608 676//676 713//713
f 714//714 702//702 689//689
f 689//689 690//690 714//714
f 690//690 677//677 715//715
f 716//716 715//715 677//677
f 677//677 665//665 716//716
f 666//666 691//691 628//628
f 678//678 692//692 585//585
f 678//678 578//578 693//693
f 658//658 671//671 634//634
f 682//682 700//700 659//659
f 717//717 707//707 638//638
f 638//638 685//685 717//717
f 719//719 718//718 686//686
f 686//686 687//687 719//719
f 687//687 688//688 719//719
f 720//720 719//719 688//688
f 688//688 605//605 720//720
f 696//696 720//720 605//605
f 710//710 709//709 670//670
f 711//711 721//721 654//654
f 686//686 717//717 685//685
f 722//722 698//698 697//697
f 697//697 669//669 723//723
f 709//709 723//723 669//669
f 699//699 654//654 721//721
f 724//724 725//725 726//726
f 726//726 657//657 724//724
f 624//624 724//724 657//657
f 671//671 658//658 727//727
f 672//672 728//728 661//661
f 672//672 683//683 729//729
f 684//684 674//674 730//730
f 703//703 649//649 731//731
f 607//607 663//663 732//732
f 676//676 664//664 733//733
f 702//702 733//733 664//664
f 640//640 734//734 663//663
f 640//640 641//641 735//735
f 641//641 642//642 735//735
f 642//642 627//627 736//736
f 733//733 713//713 676//676
f 714//714 690//690 737//737
f 716//716 665//665 738//738
f 665//665 691//691 738//738
f 739//739 738//738 666//666
f 692//692 739//739 666//666
f 692//692 678//678 740//740
f 741//741 740//740 678//678
f 678//678 693//693 741//741
f 693//693 667//667 742//742
f 712//712 743//743 651//651
f 651//651 631//631 712//712
f 694//694 668//668 744//744
f 695//695 744//744 668//668
f 730//730 673//673 684//684
f 707//707 730//730 674//674
f 686//686 718//718 745//745
f 746//746 718//718 719//719
f 720//720 746//746 719//719
f 747//747 720//720 696//696
f 710//710 699//699 721//721
f 748//748 726//726 725//725
f 705//705 727//727 658//658
f 706//706 700//700 682//682
f 640//640 735//735 749//749
f 714//714 750//750 702//702
f 690//690 715//715 737//737
f 751//751 715//715 716//716
f 716//716 738//738 751//751
f 752//752 731//731 649//649
f 651//651 743//743 753//753
f 673//673 730//730 754//754
f 745//745 717//717 686//686
f 755//755 745//745 718//718
f 708//708 747//747 696//696
f 708//708 679//679 756//756
f 757//757 756//756 679//679
f 697//697 723//723 722//722
f 710//710 758//758 709//709
f 710//710 721//721 758//758
f 759//759 725//725 724//724
f 760//760 602//602 671//671
f 706//706 661//661 728//728
f 761//761 728//728 672//672
f 762//762 761//761 672//672
f 672//672 729//729 762//762
f 753//753 752//752 649//649
f 649//649 650//650 753//753
f 611//611 753//753 650//650
f 653//653 675//675 764//764
f 765//765 764//764 675//675
f 675//675 701//701 765//765
f 732//732 701//701 607//607
f 749//749 734//734 640//640
f 766//766 735//735 642//642
f 713//713 736//736 627//627
f 750//750 714//714 737//737
f 767//767 737//737 715//715
f 728//728 761//761 768//768
f 754//754 769//769 673//673
f 770//770 755//755 718//718
f 718//718 746//746 770//770
f 698//698 757//757 679//679
f 758//758 771//771 709//709
f 721//721 711//711 771//771
f 772//772 771//771 711//711
f 711//711 748//748 772//772
f 725//725 772//772 748//748
f 727//727 773//773 671//671
f 774//774 775//775 776//776
f 611//611 651//651 753//753
f 712//712 694//694 777//777
f 694//694 744//744 777//777
f 778//778 765//765 701//701
f 732//732 778//778 701//701
f 779//779 732//732 663//663
f 736//736 766//766 642//642
f 733//733 702//702 750//750
f 780//780 750//750 737//737
f 692//692 740//740 781//781
f 769//769 636//636 673//673
f 745//745 782//782 717//717
f 770//770 746//746 783//783
f 746//746 720//720 784//784
f 720//720 747//747 784//784
f 771//771 722//722 723//723
f 723//723 709//709 771//771
f 681//681 724//724 624//624
f 760//760 671//671 773//773
f 705//705 700//700 785//785
f 700//700 706//706 785//785
f 786//786 775//775 774//774
f 776//776 703//703 774//774
f 731//731 752//752 787//787
f 712//712 777//777 788//788
f 695//695 704//704 789//789
f 704//704 653//653 763//763
f 764//764 763//763 653//653
f 663//663 734//734 779//779
f 736//736 713//713 766//766
f 790//790 713//713 733//733
f 750//750 790//790 733//733
f 767//767 780//780 737//737
f 739//739 692//692 791//791
f 781//781 791//791 692//692
f 782//782 769//769 754//754
f 783//783 792//792 770//770
f 747//747 708//708 793//793
f 698//698 722//722 794//794
f 758//758 721//721 771//771
f 760//760 681//681 602//602
f 795//795 773//773 727//727
f 727//727 705//705 795//795
f 785//785 706//706 796//796
f 706//706 728//728 797//797
f 786//786 742//742 667//667
f 667//667 775//775 786//786
f 743//743 712//712 799//799
f 788//788 799//799 712//712
f 800//800 779//779 734//734
f 734//734 749//749 800//800
f 735//735 766//766 749//749
f 790//790 766//766 713//713
f 801//801 750//750 780//780
f 751//751 767//767 715//715
f 636//636 769//769 802//802
f 745//745 755//755 803//803
f 783//783 746//746 804//804
f 746//746 784//784 804//804
f 756//756 793//793 708//708
f 757//757 698//698 805//805
f 794//794 805//805 698//698
f 759//759 806//806 725//725
f 797//797 728//728 798//798
f 762//762 729//729 807//807
f 774//774 703//703 808//808
f 809//809 808//808 703//703
f 731//731 809//809 703//703
f 789//789 810//810 695//695
f 789//789 704//704 763//763
f 811//811 812//812 790//790
f 790//790 750//750 811//811
f 750//750 801//801 813//813
f 814//814 767//767 751//751
f 781//781 816//816 817//817
f 782//782 818//818 769//769
f 803//803 782//782 745//745
f 804//804 819//819 783//783
f 793//793 784//784 747//747
f 757//757 805//805 756//756
f 771//771 794//794 722//722
f 772//772 725//725 821//821
f 806//806 821//821 725//725
f 759//759 724//724 822//822
f 681//681 822//822 724//724
f 760//760 773//773 823//823
f 824//824 795//795 705//705
f 785//785 824//824 705//705
f 796//796 706//706 797//797
f 798//798 728//728 825//825
f 728//728 768//768 825//825
f 742//742 786//786 826//826
f 827//827 787//787 752//752
f 753//753 827//827 752//752
f 799//799 828//828 753//753
f 753//753 743//743 799//799
f 744//744 788//788 777//777
f 763//763 829//829 789//789
f 763//763 764//764 830//830
f 765//765 830//830 764//764
f 831//831 732//732 779//779
f 779//779 800//800 832//832
f 812//812 749//749 766//766
f 766//766 790//790 812//812
f 811//811 750//750 813//813
f 751//751 815//815 814//814
f 833//833 814//814 815//815
f 791//791 833//833 815//815
f 791//791 817//817 833//833
f 817//817 816//816 834//834
f 816//816 835//835 834//834
f 782//782 803//803 836//836
f 819//819 792//792 783//783
f 837//837 819//819 804//804
f 804//804 784//784 837//837
f 784//784 793//793 838//838
f 793//793 756//756 839//839
f 756//756 805//805 840//840
f 794//794 840//840 805//805
f 771//771 772//772 841//841
f 821//821 841//841 772//772
f 795//795 823//823 773//773
f 796//796 824//824 785//785
f 796//796 797//797 842//842
f 798//798 842//842 797//797
f 843//843 761//761 762//762
f 807//807 843//843 762//762
f 786//786 774//774 844//844
f 774//774 808//808 845//845
f 846//846 788//788 744//744
f 732//732 831//831 778//778
f 847//847 800//800 749//749
f 834//834 833//833 817//817
f 835//835 848//848 834//834
f 802//802 769//769 818//818
f 836//836 818//818 782//782
f 792//792 849//849 770//770
f 838//838 837//837 784//784
f 756//756 840//840 839//839
f 841//841 820//820 771//771
f 850//850 821//821 806//806
f 806//806 759//759 850//850
f 826//826 786//786 851//851
f 845//845 844//844 774//774
f 731//731 787//787 809//809
f 744//744 695//695 810//810
f 810//810 789//789 829//829
f 829//829 763//763 852//852
f 832//832 800//800 853//853
f 812//812 847//847 749//749
f 811//811 813//813 854//854
f 813//813 801//801 855//855
f 767//767 801//801 780//780
f 856//856 848//848 857//857
f 819//819 858//858 792//792
f 859//859 819//819 837//837
f 860//860 840//840 794//794
f 860//860 794//794 771//771
f 771//771 820//820 860//860
f 823//823 795//795 861//861
f 795//795 824//824 861//861
f 824//824 796//796 862//862
f 863//863 761//761 843//843
f 844//844 851//851 786//786
f 827//827 809//809 787//787
f 753//753 864//864 827//827
f 865//865 828//828 799//799
f 852//852 763//763 830//830
f 765//765 866//866 830//830
f 867//867 778//778 831//831
f 853//853 868//868 832//832
f 869//869 853//853 800//800
f 800//800 847//847 869//869
f 812//812 811//811 870//870
f 854//854 870//870 811//811
f 871//871 854//854 813//813
f 855//855 871//871 813//813
f 801//801 767//767 872//872
f 767//767 814//814 872//872
f 873//873 814//814 833//833
f 833//833 834//834 874//874
f 875//875 836//836 803//803
f 876//876 877//877 770//770
f 770//770 849//849 876//876
f 858//858 849//849 792//792
f 878//878 859//859 837//837
f 839//839 838//838 793//793
f 821//821 850//850 841//841
f 850//850 759//759 879//879
f 822//822 879//879 759//759
f 761//761 863//863 768//768
f 856//856 880//880 848//848
f 856//856 857//857 881//881
f 851//851 882//882 857//857
f 799//799 788//788 846//846
f 810//810 846//846 744//744
f 765//765 883//883 866//866
f 765//765 778//778 883//883
f 831//831 779//779 884//884
f 779//779 832//832 884//884
f 847//847 812//812 870//870
f 885//885 871//871 855//855
f 885//885 855//855 801//801
f 886//886 872//872 814//814
f 814//814 873//873 886//886
f 874//874 873//873 833//833
f 858//858 819//819 887//887
f 819//819 859//859 887//887
f 839//839 888//888 838//838
f 840//840 860//860 889//889
f 860//860 820//820 890//890
f 891//891 890//890 820//820
f 681//681 760//760 892//892
f 760//760 823//823 892//892
f 842//842 798//798 893//893
f 857//857 882//882 881//881
f 844//844 882//882 851//851
f 809//809 827//827 895//895
f 846//846 865//865 799//799
f 831//831 884//884 867//867
f 870//870 869//869 847//847
f 854//854 871//871 896//896
f 872//872 885//885 801//801
f 858//858 887//887 897//897
f 898//898 887//887 859//859
f 899//899 859//859 878//878
f 878//878 900//900 899//899
f 900//900 838//838 888//888
f 901//901 839//839 840//840
f 860//860 890//890 889//889
f 891//891 879//879 902//902
f 879//879 822//822 903//903
f 822//822 681//681 904//904
f 861//861 905//905 823//823
f 862//862 906//906 824//824
f 768//768 894//894 825//825
f 845//845 907//907 844//844
f 895//895 908//908 809//809
f 864//864 753//753 828//828
f 829//829 909//909 810//810
f 910//910 852//852 830//830
f 830//830 866//866 910//910
f 778//778 867//867 911//911
f 868//868 912//912 832//832
f 870//870 854//854 913//913
f 886//886 885//885 872//872
f 914//914 915//915 818//818
f 818//818 836//836 914//914
f 849//849 858//858 916//916
f 901//901 888//888 839//839
f 889//889 901//901 840//840
f 890//890 891//891 902//902
f 902//902 879//879 917//917
f 904//904 903//903 822//822
f 892//892 904//904 681//681
f 918//918 861//861 824//824
f 842//842 862//862 796//796
f 778//778 911//911 883//883
f 919//919 911//911 867//867
f 884//884 832//832 912//912
f 853//853 869//869 920//920
f 869//869 870//870 920//920
f 896//896 913//913 854//854
f 885//885 896//896 871//871
f 922//922 895//895 827//827
f 827//827 864//864 922//922
f 836//836 875//875 914//914
f 897//897 916//916 858//858
f 888//888 899//899 900//900
f 923//923 901//901 889//889
f 902//902 889//889 890//890
f 892//892 823//823 924//924
f 824//824 906//906 918//918
f 925//925 868//868 853//853
f 853//853 920//920 925//925
f 870//870 921//921 920//920
f 913//913 921//921 870//870
f 856//856 926//926 880//880
f 881//881 882//882 927//927
f 882//882 844//844 907//907
f 928//928 907//907 845//845
f 845//845 808//808 929//929
f 808//808 809//809 908//908
f 909//909 846//846 810//810
f 875//875 877//877 930//930
f 931//931 876//876 849//849
f 916//916 897//897 932//932
f 887//887 898//898 897//897
f 899//899 933//933 859//859
f 917//917 879//879 903//903
f 934//934 862//862 842//842
f 921//921 913//913 935//935
f 936//936 913//913 896//896
f 896//896 926//926 936//936
f 856//856 881//881 937//937
f 927//927 937//937 881//881
f 907//907 927//927 882//882
f 908//908 929//929 808//808
f 829//829 852//852 909//909
f 938//938 931//931 849//849
f 849//849 916//916 938//938
f 932//932 938//938 916//916
f 933//933 898//898 859//859
f 939//939 933//933 899//899
f 901//901 939//939 888//888
f 918//918 905//905 861//861
f 940//940 906//906 862//862
f 942//942 912//912 868//868
f 943//943 925//925 920//920
f 943//943 920//920 921//921
f 913//913 936//936 935//935
f 944//944 936//936 926//926
f 856//856 944//944 926//926
f 928//928 845//845 929//929
f 908//908 895//895 945//945
f 914//914 875//875 930//930
f 899//899 888//888 939//939
f 901//901 923//923 939//939
f 947//947 924//924 823//823
f 823//823 905//905 947//947
f 918//918 906//906 948//948
f 941//941 842//842 893//893
f 949//949 883//883 911//911
f 919//919 949//949 911//911
f 884//884 912//912 950//950
f 925//925 942//942 868//868
f 937//937 944//944 856//856
f 951//951 952//952 937//937
f 937//937 927//927 951//951
f 927//927 907//907 953//953
f 922//922 945//945 895//895
f 954//954 865//865 846//846
f 955//955 909//909 852//852
f 956//956 910//910 866//866
f 866//866 883//883 956//956
f 957//957 930//930 877//877
f 877//877 876//876 957//957
f 958//958 897//897 898//898
f 939//939 959//959 933//933
f 917//917 960//960 902//902
f 947//947 961//961 924//924
f 962//962 843//843 807//807
f 941//941 893//893 963//963
f 965//965 828//828 865//865
f 846//846 909//909 954//954
f 955//955 954//954 909//909
f 949//949 956//956 883//883
f 942//942 968//968 912//912
f 925//925 943//943 969//969
f 943//943 935//935 969//969
f 935//935 936//936 970//970
f 971//971 970//970 936//936
f 936//936 944//944 971//971
f 944//944 937//937 972//972
f 952//952 972//972 937//937
f 928//928 929//929 973//973
f 968//968 950//950 912//912
f 942//942 925//925 974//974
f 925//925 969//969 974//974
f 972//972 971//971 944//944
f 910//910 967//967 852//852
f 898//898 933//933 958//958
f 933//933 959//959 958//958
f 977//977 959//959 939//939
f 923//923 977//977 939//939
f 903//903 960//960 917//917
f 961//961 892//892 924//924
f 978//978 947//947 905//905
f 905//905 918//918 978//978
f 906//906 940//940 948//948
f 893//893 798//798 963//963
f 798//798 825//825 963//963
f 979//979 884//884 950//950
f 951//951 975//975 952//952
f 907//907 928//928 953//953
f 980//980 929//929 908//908
f 864//864 828//828 981//981
f 966//966 955//955 852//852
f 967//967 966//966 852//852
f 982//982 976//976 983//983
f 876//876 931//931 984//984
f 931//931 938//938 985//985
f 897//897 958//958 964//964
f 923//923 889//889 986//986
f 946//946 986//986 889//889
f 768//768 863//863 987//987
f 807//807 982//982 962//962
f 988//988 962//962 982//982
f 919//919 989//989 949//949
f 990//990 867//867 884//884
f 974//974 969//969 991//991
f 992//992 991//991 969//969
f 969//969 935//935 992//992
f 970//970 992//992 935//935
f 970//970 971//971 993//993
f 994//994 971//971 972//972
f 995//995 951//951 927//927
f 983//983 988//988 982//982
f 932//932 897//897 996//996
f 897//897 964//964 996//996
f 977//977 923//923 997//997
f 986//986 997//997 923//923
f 902//902 960//960 946//946
f 998//998 918//918 948//948
f 948//948 940//940 999//999
f 940//940 862//862 934//934
f 979//979 990//990 884//884
f 942//942 974//974 1000//1000
f 991//991 1000//1000 974//974
f 992//992 970//970 993//993
f 993//993 971//971 1001//1001
f 980//980 945//945 1002//1002
f 945//945 922//922 1002//1002
f 922//922 864//864 981//981
f 1003//1003 965//965 865//865
f 865//865 954//954 1003//1003
f 967//967 910//910 1004//1004
f 910//910 956//956 1004//1004
f 989//989 956//956 949//949
f 876//876 984//984 957//957
f 985//985 984//984 931//931
f 985//985 938//938 932//932
f 1005//1005 946//946 960//960
f 934//934 842//842 1006//1006
f 941//941 1006//1006 842//842
f 768//768 987//987 894//894
f 1007//1007 989//989 919//919
f 1008//1008 919//919 867//867
f 990//990 1008//1008 867//867
f 1000//1000 968//968 942//942
f 994//994 1001//1001 971//971
f 981//981 828//828 965//965
f 984//984 985//985 1010//1010
f 932//932 996//996 1011//1011
f 904//904 892//892 1012//1012
f 892//892 961//961 1013//1013
f 999//999 998//998 948//948
f 1014//1014 863//863 843//843
f 843//843 962//962 1014//1014
f 1001//1001 1015//1015 993//993
f 972//972 952//952 994//994
f 975//975 951//951 1016//1016
f 1002//1002 1017//1017 980//980
f 955//955 1018//1018 954//954
f 1019//1019 1004//1004 956//956
f 989//989 1019//1019 956//956
f 957//957 984//984 1020//1020
f 1021//1021 959//959 977//977
f 997//997 1021//1021 977//977
f 903//903 904//904 1012//1012
f 1022//1022 1012//1012 892//892
f 1013//1013 1022//1022 892//892
f 961//961 947//947 1023//1023
f 999//999 940//940 1024//1024
f 963//963 825//825 1025//1025
f 959//959 964//964 958//958
f 986//986 946//946 1026//1026
f 960//960 903//903 1012//1012
f 947//947 978//978 1023//1023
f 1027//1027 1023//1023 978//978
f 978//978 918//918 1027//1027
f 998//998 1027//1027 918//918
f 1029//1029 962//962 988//988
f 981//981 1002//1002 922//922
f 1018//1018 1009//1009 954//954
f 1000//1000 950//950 968//968
f 1000//1000 991//991 1030//1030
f 992//992 1030//1030 991//991
f 1031//1031 1001//1001 994//994
f 995//995 1016//1016 951//951
f 1032//1032 929//929 980//980
f 1007//1007 919//919 1008//1008
f 1033//1033 1030//1030 992//992
f 975//975 1016//1016 1034//1034
f 973//973 929//929 1035//1035
f 1019//1019 989//989 1036//1036
f 989//989 1007//1007 1036//1036
f 1020//1020 983//983 957//957
f 984//984 1010//1010 1020//1020
f 1011//1011 985//985 932//932
f 1021//1021 964//964 959//959
f 997//997 986//986 1037//1037
f 1013//1013 961//961 1038//1038
f 1023//1023 1038//1038 961//961
f 825//825 894//894 1039//1039
f 894//894 987//987 1040//1040
f 1028//1028 962//962 1029//1029
f 1020//1020 988//988 983//983
f 1037//1037 1021//1021 997//997
f 1026//1026 1037//1037 986//986
f 1005//1005 960//960 1041//1041
f 1012//1012 1041//1041 960//960
f 934//934 1024//1024 940//940
f 1025//1025 825//825 1039//1039
f 955//955 966//966 1042//1042
f 966//966 967//967 1043//1043
f 950//950 1000//1000 1044//1044
f 993//993 1015//1015 992//992
f 1001//1001 1031//1031 1045//1045
f 952//952 975//975 1046//1046
f 928//928 1047//1047 953//953
f 929//929 1032//1032 1035//1035
f 988//988 1020//1020 1048//1048
f 1049//1049 1010//1010 985//985
f 985//985 1011//1011 1050//1050
f 964//964 1021//1021 1051//1051
f 1037//1037 1051//1051 1021//1021
f 1026//1026 946//946 1052//1052
f 1053//1053 1006//1006 941//941
f 894//894 1040//1040 1039//1039
f 955//955 1042//1042 1018//1018
f 1054//1054 1004//1004 1019//1019
f 1036//1036 1054//1054 1019//1019
f 1008//1008 1055//1055 1007//1007
f 1030//1030 1044//1044 1000//1000
f 1015//1015 1033//1033 992//992
f 928//928 973//973 1056//1056
f 990//990 979//979 1057//1057
f 1058//1058 1057//1057 979//979
f 979//979 950//950 1058//1058
f 1059//1059 1058//1058 950//950
f 1044//1044 1059//1059 950//950
f 1045//1045 1015//1015 1001//1001
f 1034//1034 1046//1046 975//975
f 995//995 953//953 1047//1047
f 1004//1004 1043//1043 967//967
f 1020//1020 1010//1010 1061//1061
f 1062//1062 996//996 964//964
f 946//946 1005//1005 1063//1063
f 1038//1038 1022//1022 1013//1013
f 1027//1027 998//998 1064//1064
f 999//999 1064//1064 998//998
f 941//941 963//963 1053//1053
f 1008//1008 990//990 1065//1065
f 1066//1066 1067//1067 1031//1031
f 994//994 1066//1066 1031//1031
f 1009//1009 1003//1003 954//954
f 966//966 1043//1043 1042//1042
f 1054//1054 1043//1043 1004//1004
f 1055//1055 1036//1036 1007//1007
f 1061//1061 1010//1010 1049//1049
f 1062//1062 1011//1011 996//996
f 1051//1051 1062//1062 964//964
f 1051//1051 1037//1037 1068//1068
f 1052//1052 1069//1069 1026//1026
f 1070//1070 1063//1063 1005//1005
f 1071//1071 1070//1070 1005//1005
f 1027//1027 1038//1038 1023//1023
f 1006//1006 1072//1072 934//934
f 988//988 1048//1048 1029//1029
f 1065//1065 1055//1055 1008//1008
f 1033//1033 1015//1015 1073//1073
f 1045//1045 1073//1073 1015//1015
f 1045//1045 1031//1031 1067//1067
f 1060//1060 1066//1066 994//994
f 994//994 952//952 1046//1046
f 1002//1002 1074//1074 1017//1017
f 981//981 965//965 1075//1075
f 965//965 1003//1003 1075//1075
f 1061//1061 1048//1048 1020//1020
f 985//985 1050//1050 1049//1049
f 1052//1052 946//946 1076//1076
f 1005//1005 1041//1041 1071//1071
f 1064//1064 1077//1077 1027//1027
f 1024//1024 934//934 1072//1072
f 1011//1011 1062//1062 1078//1078
f 1079//1079 1062//1062 1051//1051
f 1068//1068 1079//1079 1051//1051
f 1037//1037 1026//1026 1068//1068
f 1026//1026 1069//1069 1068//1068
f 1080//1080 1012//1012 1022//1022
f 1038//1038 1027//1027 1077//1077
f 1064//1064 999//999 1081//1081
f 1039//1039 1082//1082 1025//1025
f 1083//1083 987//987 863//863
f 962//962 1028//1028 1014//1014
f 1029//1029 1048//1048 1084//1084
f 1085//1085 1059//1059 1044//1044
f 1044//1044 1030//1030 1085//1085
f 1067//1067 1073//1073 1045//1045
f 1046//1046 1060//1060 994//994
f 1046//1046 1034//1034 1086//1086
f 1034//1034 1016//1016 1087//1087
f 1016//1016 995//995 1088//1088
f 995//995 1047//1047 1088//1088
f 1056//1056 973//973 1035//1035
f 1078//1078 1050//1050 1011//1011
f 1063//1063 1070//1070 1089//1089
f 1070//1070 1071//1071 1090//1090
f 1041//1041 1012//1012 1080//1080
f 1022//1022 1038//1038 1080//1080
f 1091//1091 1082//1082 1039//1039
f 1002//1002 981//981 1092//1092
f 1075//1075 1003//1003 1009//1009
f 1054//1054 1036//1036 1093//1093
f 1094//1094 1093//1093 1036//1036
f 1036//1036 1055//1055 1094//1094
f 1065//1065 990//990 1095//1095
f 1057//1057 1095//1095 990//990
f 1057//1057 1058//1058 1095//1095
f 1096//1096 1097//1097 1058//1058
f 1085//1085 1096//1096 1059//1059
f 1098//1098 1085//1085 1030//1030
f 1030//1030 1033//1033 1098//1098
f 1073//1073 1098//1098 1033//1033
f 1095//1095 1058//1058 1097//1097
f 1058//1058 1059//1059 1096//1096
f 1099//1099 1096//1096 1085//1085
f 1073//1073 1067//1067 1100//1100
f 1066//1066 1101//1101 1067//1067
f 928//928 1056//1056 1102//1102
f 1032//1032 1017//1017 1103//1103
f 1074//1074 1002//1002 1104//1104
f 1075//1075 1009//1009 1106//1106
f 1054//1054 1107//1107 1043//1043
f 1062//1062 1079//1079 1078//1078
f 1068//1068 1069//1069 1108//1108
f 1109//1109 1071//1071 1041//1041
f 863//863 1014//1014 1083//1083
f 1055//1055 1065//1065 1110//1110
f 1111//1111 1110//1110 1065//1065
f 1095//1095 1111//1111 1065//1065
f 1101//1101 1100//1100 1067//1067
f 1047//1047 928//928 1102//1102
f 1103//1103 1035//1035 1032//1032
f 1074//1074 1103//1103 1017//1017
f 1104//1104 1002//1002 1092//1092
f 1105//1105 1092//1092 981//981
f 1093//1093 1107//1107 1054//1054
f 1049//1049 1113//1113 1061//1061
f 1063//1063 1114//1114 946//946
f 1077//1077 1115//1115 1038//1038
f 1024//1024 1081//1081 999//999
f 1072//1072 1116//1116 1024//1024
f 1039//1039 1040//1040 1091//1091
f 1040//1040 987//987 1083//1083
f 1100//1100 1098//1098 1073//1073
f 981//981 1075//1075 1105//1105
f 1048//1048 1061//1061 1117//1117
f 1108//1108 1079//1079 1068//1068
f 1114//1114 1076//1076 946//946
f 1114//1114 1063//1063 1089//1089
f 1118//1118 1089//1089 1070//1070
f 1109//1109 1090//1090 1071//1071
f 1109//1109 1041//1041 1119//1119
f 1080//1080 1038//1038 1120//1120
f 1038//1038 1115//1115 1121//1121
f 1072//1072 1006//1006 1053//1053
f 1066//1066 1122//1122 1101//1101
f 1106//1106 1009//1009 1123//1123
f 1112//1112 1123//1123 1009//1009
f 1009//1009 1018//1018 1112//1112
f 1042//1042 1112//1112 1018//1018
f 1043//1043 1124//1124 1042//1042
f 1052//1052 1076//1076 1125//1125
f 1090//1090 1118//1118 1070//1070
f 1041//1041 1080//1080 1119//1119
f 1083//1083 1126//1126 1040//1040
f 1028//1028 1029//1029 1127//1127
f 1084//1084 1127//1127 1029//1029
f 1084//1084 1048//1048 1117//1117
f 1097//1097 1096//1096 1129//1129
f 1099//1099 1129//1129 1096//1096
f 1085//1085 1098//1098 1130//1130
f 1046//1046 1131//1131 1060//1060
f 1046//1046 1086//1086 1132//1132
f 1078//1078 1079//1079 1134//1134
f 1052//1052 1108//1108 1069//1069
f 1038//1038 1121//1121 1120//1120
f 1110//1110 1094//1094 1055//1055
f 1097//1097 1128//1128 1135//1135
f 1128//1128 1097//1097 1129//1129
f 1099//1099 1085//1085 1130//1130
f 1132//1132 1131//1131 1046//1046
f 1087//1087 1136//1136 1034//1034
f 1087//1087 1016//1016 1137//1137
f 1088//1088 1137//1137 1016//1016
f 1056//1056 1035//1035 1138//1138
f 1103//1103 1138//1138 1035//1035
f 1103//1103 1074//1074 1139//1139
f 1124//1124 1140//1140 1042//1042
f 1061//1061 1113//1113 1141//1141
f 1142//1142 1049//1049 1050//1050
f 1143//1143 1050//1050 1078//1078
f 1134//1134 1143//1143 1078//1078
f 1090//1090 1109//1109 1145//1145
f 1109//1109 1119//1119 1145//1145
f 1120//1120 1119//1119 1080//1080
f 1146//1146 1120//1120 1121//1121
f 1147//1147 1115//1115 1077//1077
f 1148//1148 1091//1091 1040//1040
f 1040//1040 1126//1126 1148//1148
f 1095//1095 1097//1097 1135//1135
f 1128//1128 1129//1129 1149//1149
f 1098//1098 1100//1100 1130//1130
f 1066//1066 1060//1060 1131//1131
f 1140//1140 1112//1112 1042//1042
f 1107//1107 1093//1093 1150//1150
f 1108//1108 1134//1134 1079//1079
f 1121//1121 1115//1115 1146//1146
f 1081//1081 1024//1024 1116//1116
f 1082//1082 1091//1091 1151//1151
f 1130//1130 1100//1100 1152//1152
f 1086//1086 1034//1034 1136//1136
f 1088//1088 1047//1047 1153//1153
f 1043//1043 1107//1107 1124//1124
f 1107//1107 1150//1150 1124//1124
f 1142//1142 1113//1113 1049//1049
f 1089//1089 1118//1118 1154//1154
f 1154//1154 1118//1118 1155//1155
f 1118//1118 1090//1090 1156//1156
f 1025//1025 1053//1053 963//963
f 1127//1127 1157//1157 1028//1028
f 1102//1102 1133//1133 1047//1047
f 1139//1139 1074//1074 1158//1158
f 1105//1105 1075//1075 1106//1106
f 1094//1094 1159//1159 1093//1093
f 1108//1108 1143//1143 1134//1134
f 1052//1052 1125//1125 1144//1144
f 1156//1156 1155//1155 1118//1118
f 1145//1145 1156//1156 1090//1090
f 1160//1160 1146//1146 1115//1115
f 1116//1116 1161//1161 1081//1081
f 1117//1117 1061//1061 1163//1163
f 1141//1141 1163//1163 1061//1061
f 1064//1064 1081//1081 1161//1161
f 1162//1162 1072//1072 1053//1053
f 1084//1084 1117//1117 1164//1164
f 1092//1092 1105//1105 1165//1165
f 1150//1150 1093//1093 1159//1159
f 1128//1128 1167//1167 1135//1135
f 1100//1100 1101//1101 1152//1152
f 1122//1122 1152//1152 1101//1101
f 1138//1138 1103//1103 1168//1168
f 1169//1169 1149//1149 1129//1129
f 1129//1129 1099//1099 1169//1169
f 1170//1170 1099//1099 1130//1130
f 1105//1105 1106//1106 1166//1166
f 1050//1050 1143//1143 1142//1142
f 1064//1064 1147//1147 1077//1077
f 1025//1025 1082//1082 1151//1151
f 1171//1171 1083//1083 1014//1014
f 1164//1164 1127//1127 1084//1084
f 1095//1095 1135//1135 1111//1111
f 1099//1099 1170//1170 1169//1169
f 1066//1066 1131//1131 1172//1172
f 1173//1173 1168//1168 1139//1139
f 1124//1124 1150//1150 1140//1140
f 1150//1150 1159//1159 1174//1174
f 1142//1142 1141//1141 1113//1113
f 1076//1076 1175//1175 1125//1125
f 1119//1119 1120//1120 1145//1145
f 1176//1176 1145//1145 1120//1120
f 1146//1146 1176//1176 1120//1120
f 1177//1177 1064//1064 1161//1161
f 1116//1116 1072//1072 1162//1162
f 1111//1111 1135//1135 1178//1178
f 1172//1172 1122//1122 1066//1066
f 1137//1137 1088//1088 1153//1153
f 1179//1179 1102//1102 1056//1056
f 1138//1138 1168//1168 1180//1180
f 1104//1104 1165//1165 1181//1181
f 1182//1182 1165//1165 1105//1105
f 1140//1140 1150//1150 1174//1174
f 1183//1183 1142//1142 1143//1143
f 1114//1114 1089//1089 1184//1184
f 1185//1185 1156//1156 1145//1145
f 1028//1028 1157//1157 1014//1014
f 1149//1149 1186//1186 1128//1128
f 1132//1132 1172//1172 1131//1131
f 1056//1056 1138//1138 1179//1179
f 1074//1074 1104//1104 1187//1187
f 1166//1166 1106//1106 1123//1123
f 1188//1188 1123//1123 1112//1112
f 1112//1112 1140//1140 1188//1188
f 1147//1147 1160//1160 1115//1115
f 1162//1162 1053//1053 1189//1189
f 1053//1053 1025//1025 1190//1190
f 1167//1167 1178//1178 1135//1135
f 1167//1167 1128//1128 1186//1186
f 1130//1130 1152//1152 1170//1170
f 1122//1122 1191//1191 1152//1152
f 1132//1132 1086//1086 1192//1192
f 1136//1136 1087//1087 1193//1193
f 1047//1047 1133//1133 1153//1153
f 1102//1102 1194//1194 1133//1133
f 1180//1180 1179//1179 1138//1138
f 1141//1141 1142//1142 1195//1195
f 1089//1089 1154//1154 1184//1184
f 1155//1155 1156//1156 1185//1185
f 1147//1147 1064//1064 1196//1196
f 1177//1177 1196//1196 1064//1064
f 1083//1083 1171//1171 1126//1126
f 1127//1127 1197//1197 1157//1157
f 1197//1197 1127//1127 1164//1164
f 1110//1110 1159//1159 1094//1094
f 1198//1198 1110//1110 1111//1111
f 1178//1178 1198//1198 1111//1111
f 1169//1169 1186//1186 1149//1149
f 1170//1170 1152//1152 1191//1191
f 1087//1087 1137//1137 1199//1199
f 1195//1195 1201//1201 1141//1141
f 1202//1202 1143//1143 1108//1108
f 1052//1052 1202//1202 1108//1108
f 1203//1203 1145//1145 1176//1176
f 1204//1204 1171//1171 1014//1014
f 1157//1157 1204//1204 1014//1014
f 1167//1167 1186//1186 1205//1205
f 1136//1136 1192//1192 1086//1086
f 1153//1153 1133//1133 1206//1206
f 1194//1194 1206//1206 1133//1133
f 1158//1158 1173//1173 1139//1139
f 1187//1187 1104//1104 1207//1207
f 1104//1104 1181//1181 1207//1207
f 1105//1105 1166//1166 1182//1182
f 1208//1208 1184//1184 1154//1154
f 1185//1185 1145//1145 1203//1203
f 1209//1209 1146//1146 1160//1160
f 1160//1160 1147//1147 1209//1209
f 1190//1190 1189//1189 1053//1053
f 1210//1210 1025//1025 1151//1151
f 1192//1192 1172//1172 1132//1132
f 1193//1193 1087//1087 1211//1211
f 1179//1179 1194//1194 1102//1102
f 1187//1187 1158//1158 1074//1074
f 1140//1140 1174//1174 1213//1213
f 1144//1144 1125//1125 1214//1214
f 1159//1159 1110//1110 1215//1215
f 1216//1216 1217//1217 1167//1167
f 1199//1199 1211//1211 1087//1087
f 1181//1181 1165//1165 1218//1218
f 1215//1215 1174//1174 1159//1159
f 1201//1201 1163//1163 1141//1141
f 1219//1219 1195//1195 1142//1142
f 1142//1142 1183//1183 1219//1219
f 1202//1202 1183//1183 1143//1143
f 1052//1052 1144//1144 1220//1220
f 1125//1125 1175//1175 1214//1214
f 1114//1114 1175//1175 1076//1076
f 1154//1154 1155//1155 1208//1208
f 1209//1209 1176//1176 1146//1146
f 1196//1196 1209//1209 1147//1147
f 1110//1110 1198//1198 1221//1221
f 1178//1178 1221//1221 1198//1198
f 1222//1222 1186//1186 1169//1169
f 1172//1172 1191//1191 1122//1122
f 1117//1117 1163//1163 1223//1223
f 1220//1220 1202//1202 1052//1052
f 1224//1224 1175//1175 1114//1114
f 1184//1184 1224//1224 1114//1114
f 1185//1185 1203//1203 1225//1225
f 1177//1177 1161//1161 1226//1226
f 1126//1126 1171//1171 1148//1148
f 1227//1227 1215//1215 1110//1110
f 1221//1221 1227//1227 1110//1110
f 1178//1178 1167//1167 1217//1217
f 1169//1169 1170//1170 1222//1222
f 1228//1228 1192//1192 1136//1136
f 1212//1212 1199//1199 1137//1137
f 1137//1137 1153//1153 1212//1212
f 1207//1207 1229//1229 1187//1187
f 1230//1230 1165//1165 1182//1182
f 1231//1231 1226//1226 1161//1161
f 1116//1116 1231//1231 1161//1161
f 1210//1210 1151//1151 1232//1232
f 1151//1151 1091//1091 1232//1232
f 1223//1223 1164//1164 1117//1117
f 1167//1167 1205//1205 1216//1216
f 1233//1233 1191//1191 1172//1172
f 1193//1193 1234//1234 1136//1136
f 1173//1173 1180//1180 1168//1168
f 1176//1176 1209//1209 1235//1235
f 1162//1162 1231//1231 1116//1116
f 1197//1197 1236//1236 1157//1157
f 1197//1197 1164//1164 1237//1237
f 1172//1172 1192//1192 1233//1233
f 1179//1179 1180//1180 1238//1238
f 1158//1158 1187//1187 1229//1229
f 1200//1200 1123//1123 1188//1188
f 1213//1213 1174//1174 1239//1239
f 1155//1155 1185//1185 1240//1240
f 1185//1185 1225//1225 1240//1240
f 1196//1196 1177//1177 1241//1241
f 1170//1170 1191//1191 1233//1233
f 1228//1228 1136//1136 1234//1234
f 1212//1212 1153//1153 1206//1206
f 1166//1166 1123//1123 1242//1242
f 1243//1243 1140//1140 1213//1213
f 1215//1215 1239//1239 1174//1174
f 1183//1183 1202//1202 1219//1219
f 1244//1244 1220//1220 1144//1144
f 1203//1203 1176//1176 1235//1235
f 1245//1245 1235//1235 1209//1209
f 1226//1226 1241//1241 1177//1177
f 1148//1148 1171//1171 1246//1246
f 1236//1236 1204//1204 1157//1157
f 1178//1178 1217//1217 1247//1247
f 1248//1248 1186//1186 1222//1222
f 1211//1211 1249//1249 1193//1193
f 1199//1199 1212//1212 1250//1250
f 1144//1144 1214//1214 1244//1244
f 1224//1224 1251//1251 1175//1175
f 1208//1208 1155//1155 1252//1252
f 1253//1253 1231//1231 1162//1162
f 1162//1162 1189//1189 1253//1253
f 1246//1246 1091//1091 1148//1148
f 1215//1215 1227//1227 1254//1254
f 1247//1247 1227//1227 1221//1221
f 1221//1221 1178//1178 1247//1247
f 1216//1216 1255//1255 1217//1217
f 1256//1256 1248//1248 1222//1222
f 1170//1170 1256//1256 1222//1222
f 1228//1228 1234//1234 1257//1257
f 1250//1250 1212//1212 1258//1258
f 1220//1220 1259//1259 1202//1202
f 1175//1175 1251//1251 1214//1214
f 1224//1224 1184//1184 1261//1261
f 1235//1235 1225//1225 1203//1203
f 1262//1262 1245//1245 1209//1209
f 1196//1196 1262//1262 1209//1209
f 1232//1232 1091//1091 1263//1263
f 1091//1091 1246//1246 1263//1263
f 1246//1246 1171//1171 1264//1264
f 1237//1237 1164//1164 1223//1223
f 1247//1247 1217//1217 1255//1255
f 1265//1265 1233//1233 1192//1192
f 1192//1192 1228//1228 1265//1265
f 1234//1234 1193//1193 1266//1266
f 1194//1194 1179//1179 1238//1238
f 1158//1158 1229//1229 1267//1267
f 1242//1242 1123//1123 1200//1200
f 1140//1140 1243//1243 1188//1188
f 1268//1268 1201//1201 1195//1195
f 1208//1208 1261//1261 1184//1184
f 1189//1189 1270//1270 1253//1253
f 1257//1257 1265//1265 1228//1228
f 1266//1266 1257//1257 1234//1234
f 1271//1271 1206//1206 1194//1194
f 1272//1272 1238//1238 1180//1180
f 1273//1273 1229//1229 1207//1207
f 1181//1181 1273//1273 1207//1207
f 1239//1239 1243//1243 1213//1213
f 1239//1239 1215//1215 1254//1254
f 1195//1195 1269//1269 1268//1268
f 1195//1195 1219//1219 1269//1269
f 1260//1260 1259//1259 1220//1220
f 1261//1261 1251//1251 1224//1224
f 1241//1241 1262//1262 1196//1196
f 1190//1190 1025//1025 1275//1275
f 1237//1237 1276//1276 1197//1197
f 1254//1254 1227//1227 1247//1247
f 1216//1216 1205//1205 1277//1277
f 1248//1248 1205//1205 1186//1186
f 1233//1233 1256//1256 1170//1170
f 1206//1206 1258//1258 1212//1212
f 1278//1278 1173//1173 1158//1158
f 1279//1279 1274//1274 1182//1182
f 1182//1182 1166//1166 1279//1279
f 1219//1219 1202//1202 1259//1259
f 1260//1260 1220//1220 1281//1281
f 1244//1244 1214//1214 1282//1282
f 1210//1210 1275//1275 1025//1025
f 1255//1255 1216//1216 1283//1283
f 1277//1277 1283//1283 1216//1216
f 1257//1257 1266//1266 1284//1284
f 1193//1193 1249//1249 1285//1285
f 1211//1211 1199//1199 1286//1286
f 1274//1274 1230//1230 1182//1182
f 1166//1166 1242//1242 1279//1279
f 1200//1200 1279//1279 1242//1242
f 1239//1239 1254//1254 1280//1280
f 1223//1223 1163//1163 1287//1287
f 1214//1214 1288//1288 1282//1282
f 1225//1225 1235//1235 1240//1240
f 1204//1204 1236//1236 1289//1289
f 1265//1265 1257//1257 1290//1290
f 1257//1257 1284//1284 1290//1290
f 1194//1194 1238//1238 1271//1271
f 1220//1220 1244//1244 1281//1281
f 1244//1244 1282//1282 1281//1281
f 1214//1214 1251//1251 1288//1288
f 1155//1155 1240//1240 1252//1252
f 1235//1235 1245//1245 1292//1292
f 1226//1226 1262//1262 1241//1241
f 1276//1276 1236//1236 1197//1197
f 1293//1293 1237//1237 1223//1223
f 1223//1223 1287//1287 1293//1293
f 1286//1286 1249//1249 1211//1211
f 1278//1278 1158//1158 1267//1267
f 1239//1239 1280//1280 1294//1294
f 1295//1295 1288//1288 1251//1251
f 1245//1245 1262//1262 1296//1296
f 1297//1297 1247//1247 1255//1255
f 1205//1205 1248//1248 1277//1277
f 1256//1256 1298//1298 1248//1248
f 1233//1233 1265//1265 1299//1299
f 1250//1250 1258//1258 1300//1300
f 1188//1188 1291//1291 1200//1200
f 1301//1301 1188//1188 1243//1243
f 1294//1294 1243//1243 1239//1239
f 1268//1268 1269//1269 1302//1302
f 1260//1260 1303//1303 1259//1259
f 1260//1260 1281//1281 1304//1304
f 1189//1189 1190//1190 1305//1305
f 1263//1263 1246//1246 1306//1306
f 1171//1171 1307//1307 1264//1264
f 1280//1280 1254//1254 1308//1308
f 1283//1283 1297//1297 1255//1255
f 1285//1285 1266//1266 1193//1193
f 1272//1272 1278//1278 1309//1309
f 1310//1310 1261//1261 1208//1208
f 1245//1245 1296//1296 1292//1292
f 1270//1270 1311//1311 1253//1253
f 1275//1275 1305//1305 1190//1190
f 1264//1264 1306//1306 1246//1246
f 1312//1312 1171//1171 1204//1204
f 1204//1204 1289//1289 1312//1312
f 1254//1254 1247//1247 1297//1297
f 1299//1299 1256//1256 1233//1233
f 1267//1267 1309//1309 1278//1278
f 1200//1200 1313//1313 1279//1279
f 1304//1304 1314//1314 1260//1260
f 1237//1237 1316//1316 1276//1276
f 1237//1237 1293//1293 1316//1316
f 1265//1265 1290//1290 1299//1299
f 1249//1249 1286//1286 1317//1317
f 1287//1287 1163//1163 1318//1318
f 1314//1314 1303//1303 1260//1260
f 1261//1261 1295//1295 1251//1251
f 1189//1189 1305//1305 1270//1270
f 1312//1312 1307//1307 1171//1171
f 1283//1283 1277//1277 1319//1319
f 1298//1298 1277//1277 1248//1248
f 1317//1317 1285//1285 1249//1249
f 1250//1250 1320//1320 1199//1199
f 1229//1229 1273//1273 1321//1321
f 1291//1291 1188//1188 1301//1301
f 1294//1294 1280//1280 1322//1322
f 1280//1280 1308//1308 1322//1322
f 1323//1323 1269//1269 1219//1219
f 1219//1219 1259//1259 1323//1323
f 1281//1281 1324//1324 1304//1304
f 1310//1310 1208//1208 1252//1252
f 1275//1275 1210//1210 1325//1325
f 1326//1326 1232//1232 1263//1263
f 1163//1163 1201//1201 1318//1318
f 1327//1327 1281//1281 1282//1282
f 1310//1310 1295//1295 1261//1261
f 1240//1240 1235//1235 1292//1292
f 1226//1226 1231//1231 1328//1328
f 1273//1273 1181//1181 1329//1329
f 1218//1218 1330//1330 1181//1181
f 1291//1291 1313//1313 1200//1200
f 1308//1308 1254//1254 1297//1297
f 1266//1266 1331//1331 1284//1284
f 1266//1266 1285//1285 1331//1331
f 1286//1286 1199//1199 1332//1332
f 1320//1320 1332//1332 1199//1199
f 1320//1320 1250//1250 1300//1300
f 1299//1299 1290//1290 1333//1333
f 1271//1271 1238//1238 1334//1334
f 1334//1334 1238//1238 1272//1272
f 1267//1267 1229//1229 1335//1335
f 1243//1243 1294//1294 1336//1336
f 1337//1337 1201//1201 1268//1268
f 1268//1268 1302//1302 1337//1337
f 1338//1338 1259//1259 1303//1303
f 1327//1327 1324//1324 1281//1281
f 1311//1311 1231//1231 1253//1253
f 1339//1339 1340//1340 1316//1316
f 1316//1316 1293//1293 1339//1339
f 1319//1319 1341//1341 1283//1283
f 1342//1342 1290//1290 1284//1284
f 1334//1334 1272//1272 1309//1309
f 1343//1343 1230//1230 1274//1274
f 1337//1337 1318//1318 1201//1201
f 1303//1303 1314//1314 1344//1344
f 1282//1282 1288//1288 1327//1327
f 1210//1210 1232//1232 1326//1326
f 1306//1306 1326//1326 1263//1263
f 1345//1345 1308//1308 1297//1297
f 1297//1297 1283//1283 1341//1341
f 1298//1298 1256//1256 1299//1299
f 1346//1346 1342//1342 1284//1284
f 1165//1165 1230//1230 1218//1218
f 1279//1279 1313//1313 1347//1347
f 1301//1301 1243//1243 1336//1336
f 1348//1348 1302//1302 1269//1269
f 1304//1304 1344//1344 1314//1314
f 1310//1310 1252//1252 1349//1349
f 1315//1315 1349//1349 1252//1252
f 1252//1252 1240//1240 1350//1350
f 1231//1231 1311//1311 1328//1328
f 1306//1306 1264//1264 1351//1351
f 1264//1264 1307//1307 1352//1352
f 1236//1236 1276//1276 1340//1340
f 1276//1276 1316//1316 1340//1340
f 1353//1353 1319//1319 1277//1277
f 1258//1258 1206//1206 1354//1354
f 1321//1321 1273//1273 1329//1329
f 1338//1338 1323//1323 1259//1259
f 1357//1357 1305//1305 1275//1275
f 1358//1358 1339//1339 1293//1293
f 1341//1341 1359//1359 1297//1297
f 1298//1298 1353//1353 1277//1277
f 1290//1290 1342//1342 1333//1333
f 1258//1258 1360//1360 1300//1300
f 1321//1321 1335//1335 1229//1229
f 1291//1291 1355//1355 1313//1313
f 1291//1291 1301//1301 1355//1355
f 1324//1324 1356//1356 1304//1304
f 1292//1292 1350//1350 1240//1240
f 1361//1361 1296//1296 1262//1262
f 1226//1226 1328//1328 1362//1362
f 1328//1328 1311//1311 1363//1363
f 1364//1364 1325//1325 1210//1210
f 1210//1210 1326//1326 1364//1364
f 1340//1340 1339//1339 1365//1365
f 1293//1293 1287//1287 1366//1366
f 1367//1367 1341//1341 1319//1319
f 1319//1319 1353//1353 1368//1368
f 1206//1206 1271//1271 1354//1354
f 1310//1310 1288//1288 1295//1295
f 1262//1262 1226//1226 1362//1362
f 1325//1325 1357//1357 1275//1275
f 1352//1352 1351//1351 1264//1264
f 1289//1289 1236//1236 1369//1369
f 1366//1366 1358//1358 1293//1293
f 1319//1319 1368//1368 1367//1367
f 1353//1353 1298//1298 1370//1370
f 1371//1371 1298//1298 1299//1299
f 1299//1299 1333//1333 1371//1371
f 1342//1342 1371//1371 1333//1333
f 1284//1284 1331//1331 1346//1346
f 1317//1317 1331//1331 1285//1285
f 1332//1332 1317//1317 1286//1286
f 1336//1336 1355//1355 1301//1301
f 1336//1336 1294//1294 1372//1372
f 1294//1294 1322//1322 1372//1372
f 1350//1350 1315//1315 1252//1252
f 1296//1296 1375//1375 1292//1292
f 1361//1361 1262//1262 1362//1362
f 1287//1287 1318//1318 1376//1376
f 1360//1360 1258//1258 1354//1354
f 1330//1330 1329//1329 1181//1181
f 1347//1347 1313//1313 1355//1355
f 1318//1318 1337//1337 1377//1377
f 1374//1374 1356//1356 1324//1324
f 1288//1288 1310//1310 1327//1327
f 1340//1340 1369//1369 1236//1236
f 1377//1377 1376//1376 1318//1318
f 1359//1359 1345//1345 1297//1297
f 1334//1334 1309//1309 1378//1378
f 1336//1336 1379//1379 1355//1355
f 1381//1381 1344//1344 1304//1304
f 1304//1304 1356//1356 1381//1381
f 1363//1363 1311//1311 1382//1382
f 1370//1370 1298//1298 1371//1371
f 1331//1331 1383//1383 1346//1346
f 1331//1331 1317//1317 1384//1384
f 1385//1385 1384//1384 1317//1317
f 1365//1365 1339//1339 1358//1358
f 1386//1386 1337//1337 1302//1302
f 1302//1302 1348//1348 1386//1386
f 1269//1269 1373//1373 1348//1348
f 1306//1306 1351//1351 1387//1387
f 1388//1388 1322//1322 1308//1308
f 1345//1345 1388//1388 1308//1308
f 1359//1359 1389//1389 1345//1345
f 1367//1367 1359//1359 1341//1341
f 1368//1368 1353//1353 1390//1390
f 1370//1370 1390//1390 1353//1353
f 1383//1383 1342//1342 1346//1346
f 1391//1391 1230//1230 1343//1343
f 1380//1380 1336//1336 1372//1372
f 1269//1269 1323//1323 1373//1373
f 1375//1375 1392//1392 1292//1292
f 1352//1352 1387//1387 1351//1351
f 1312//1312 1289//1289 1393//1393
f 1369//1369 1393//1393 1289//1289
f 1394//1394 1371//1371 1342//1342
f 1317//1317 1332//1332 1395//1395
f 1329//1329 1330//1330 1396//1396
f 1274//1274 1279//1279 1347//1347
f 1347//1347 1355//1355 1397//1397
f 1381//1381 1398//1398 1344//1344
f 1356//1356 1399//1399 1381//1381
f 1374//1374 1400//1400 1356//1356
f 1362//1362 1328//1328 1401//1401
f 1402//1402 1326//1326 1306//1306
f 1334//1334 1403//1403 1271//1271
f 1404//1404 1372//1372 1322//1322
f 1388//1388 1404//1404 1322//1322
f 1405//1405 1366//1366 1287//1287
f 1406//1406 1386//1386 1348//1348
f 1303//1303 1344//1344 1407//1407
f 1400//1400 1399//1399 1356//1356
f 1324//1324 1327//1327 1374//1374
f 1349//1349 1315//1315 1408//1408
f 1387//1387 1402//1402 1306//1306
f 1342//1342 1383//1383 1394//1394
f 1403//1403 1354//1354 1271//1271
f 1347//1347 1409//1409 1274//1274
f 1355//1355 1379//1379 1410//1410
f 1411//1411 1365//1365 1358//1358
f 1358//1358 1366//1366 1405//1405
f 1412//1412 1406//1406 1348//1348
f 1348//1348 1373//1373 1412//1412
f 1407//1407 1338//1338 1303//1303
f 1389//1389 1388//1388 1345//1345
f 1371//1371 1394//1394 1413//1413
f 1332//1332 1320//1320 1414//1414
f 1334//1334 1378//1378 1403//1403
f 1379//1379 1336//1336 1380//1380
f 1372//1372 1415//1415 1380//1380
f 1408//1408 1310//1310 1349//1349
f 1350//1350 1416//1416 1315//1315
f 1350//1350 1292//1292 1416//1416
f 1361//1361 1375//1375 1296//1296
f 1361//1361 1362//1362 1401//1401
f 1384//1384 1383//1383 1331//1331
f 1417//1417 1385//1385 1317//1317
f 1300//1300 1414//1414 1320//1320
f 1397//1397 1355//1355 1410//1410
f 1415//1415 1379//1379 1380//1380
f 1376//1376 1405//1405 1287//1287
f 1376//1376 1377//1377 1418//1418
f 1310//1310 1374//1374 1327//1327
f 1416//1416 1292//1292 1392//1392
f 1401//1401 1328//1328 1363//1363
f 1270//1270 1382//1382 1311//1311
f 1312//1312 1393//1393 1307//1307
f 1317//1317 1395//1395 1417//1417
f 1419//1419 1420//1420 1309//1309
f 1309//1309 1267//1267 1419//1419
f 1335//1335 1419//1419 1267//1267
f 1340//1340 1365//1365 1422//1422
f 1405//1405 1411//1411 1358//1358
f 1373//1373 1323//1323 1423//1423
f 1424//1424 1401//1401 1363//1363
f 1357//1357 1270//1270 1305//1305
f 1357//1357 1325//1325 1425//1425
f 1325//1325 1364//1364 1425//1425
f 1409//1409 1343//1343 1274//1274
f 1397//1397 1421//1421 1347//1347
f 1404//1404 1415//1415 1372//1372
f 1323//1323 1338//1338 1427//1427
f 1428//1428 1429//1429 1310//1310
f 1310//1310 1408//1408 1428//1428
f 1364//1364 1326//1326 1402//1402
f 1352//1352 1430//1430 1387//1387
f 1431//1431 1404//1404 1388//1388
f 1388//1388 1389//1389 1431//1431
f 1413//1413 1370//1370 1371//1371
f 1395//1395 1332//1332 1432//1432
f 1414//1414 1432//1432 1332//1332
f 1415//1415 1433//1433 1379//1379
f 1422//1422 1365//1365 1434//1434
f 1411//1411 1434//1434 1365//1365
f 1435//1435 1426//1426 1405//1405
f 1405//1405 1376//1376 1435//1435
f 1386//1386 1406//1406 1437//1437
f 1407//1407 1344//1344 1438//1438
f 1398//1398 1438//1438 1344//1344
f 1389//1389 1359//1359 1439//1439
f 1367//1367 1439//1439 1359//1359
f 1378//1378 1309//1309 1420//1420
f 1433//1433 1440//1440 1379//1379
f 1441//1441 1398//1398 1381//1381
f 1381//1381 1399//1399 1441//1441
f 1363//1363 1382//1382 1424//1424
f 1402//1402 1387//1387 1430//1430
f 1343//1343 1409//1409 1391//1391
f 1443//1443 1375//1375 1361//1361
f 1444//1444 1385//1385 1417//1417
f 1414//1414 1300//1300 1445//1445
f 1419//1419 1335//1335 1446//1446
f 1321//1321 1446//1446 1335//1335
f 1397//1397 1410//1410 1447//1447
f 1411//1411 1405//1405 1448//1448
f 1376//1376 1418//1418 1449//1449
f 1423//1423 1412//1412 1373//1373
f 1427//1427 1423//1423 1323//1323
f 1338//1338 1450//1450 1427//1427
f 1338//1338 1407//1407 1450//1450
f 1315//1315 1451//1451 1408//1408
f 1402//1402 1452//1452 1364//1364
f 1430//1430 1352//1352 1453//1453
f 1352//1352 1307//1307 1453//1453
f 1442//1442 1413//1413 1394//1394
f 1444//1444 1454//1454 1385//1385
f 1360//1360 1445//1445 1300//1300
f 1421//1421 1455//1455 1347//1347
f 1379//1379 1440//1440 1410//1410
f 1456//1456 1433//1433 1415//1415
f 1457//1457 1448//1448 1405//1405
f 1386//1386 1437//1437 1436//1436
f 1458//1458 1400//1400 1374//1374
f 1429//1429 1458//1458 1374//1374
f 1401//1401 1459//1459 1361//1361
f 1460//1460 1424//1424 1382//1382
f 1461//1461 1382//1382 1270//1270
f 1368//1368 1462//1462 1367//1367
f 1384//1384 1385//1385 1463//1463
f 1454//1454 1463//1463 1385//1385
f 1218//1218 1230//1230 1391//1391
f 1404//1404 1456//1456 1415//1415
f 1426//1426 1457//1457 1405//1405
f 1428//1428 1458//1458 1429//1429
f 1416//1416 1451//1451 1315//1315
f 1392//1392 1375//1375 1464//1464
f 1459//1459 1443//1443 1361//1361
f 1270//1270 1357//1357 1465//1465
f 1430//1430 1466//1466 1402//1402
f 1422//1422 1369//1369 1340//1340
f 1389//1389 1467//1467 1431//1431
f 1439//1439 1467//1467 1389//1389
f 1370//1370 1413//1413 1442//1442
f 1463//1463 1383//1383 1384//1384
f 1360//1360 1354//1354 1468//1468
f 1321//1321 1329//1329 1469//1469
f 1455//1455 1409//1409 1347//1347
f 1376//1376 1449//1449 1435//1435
f 1443//1443 1464//1464 1375//1375
f 1465//1465 1461//1461 1270//1270
f 1447//1447 1421//1421 1397//1397
f 1407//1407 1438//1438 1450//1450
f 1452//1452 1402//1402 1466//1466
f 1462//1462 1368//1368 1470//1470
f 1442//1442 1471//1471 1370//1370
f 1378//1378 1472//1472 1403//1403
f 1469//1469 1446//1446 1321//1321
f 1473//1473 1396//1396 1330//1330
f 1330//1330 1218//1218 1473//1473
f 1456//1456 1404//1404 1474//1474
f 1418//1418 1436//1436 1475//1475
f 1400//1400 1458//1458 1476//1476
f 1466//1466 1430//1430 1477//1477
f 1478//1478 1477//1477 1430//1430
f 1430//1430 1453//1453 1478//1478
f 1404//1404 1431//1431 1479//1479
f 1462//1462 1439//1439 1367//1367
f 1442//1442 1394//1394 1480//1480
f 1394//1394 1383//1383 1480//1480
f 1463//1463 1481//1481 1383//1383
f 1454//1454 1444//1444 1482//1482
f 1395//1395 1483//1483 1417//1417
f 1484//1484 1469//1469 1329//1329
f 1329//1329 1396//1396 1484//1484
f 1485//1485 1422//1422 1434//1434
f 1434//1434 1411//1411 1486//1486
f 1448//1448 1486//1486 1411//1411
f 1487//1487 1448//1448 1457//1457
f 1488//1488 1457//1457 1426//1426
f 1426//1426 1435//1435 1489//1489
f 1475//1475 1449//1449 1418//1418
f 1441//1441 1399//1399 1476//1476
f 1458//1458 1428//1428 1490//1490
f 1408//1408 1490//1490 1428//1428
f 1460//1460 1382//1382 1461//1461
f 1425//1425 1465//1465 1357//1357
f 1393//1393 1453//1453 1307//1307
f 1471//1471 1390//1390 1370//1370
f 1432//1432 1483//1483 1395//1395
f 1410//1410 1440//1440 1492//1492
f 1433//1433 1456//1456 1440//1440
f 1493//1493 1440//1440 1456//1456
f 1436//1436 1437//1437 1494//1494
f 1400//1400 1476//1476 1399//1399
f 1431//1431 1467//1467 1479//1479
f 1467//1467 1439//1439 1491//1491
f 1390//1390 1471//1471 1496//1496
f 1218//1218 1391//1391 1497//1497
f 1455//1455 1421//1421 1498//1498
f 1435//1435 1449//1449 1489//1489
f 1476//1476 1499//1499 1441//1441
f 1443//1443 1459//1459 1500//1500
f 1465//1465 1425//1425 1501//1501
f 1502//1502 1486//1486 1448//1448
f 1481//1481 1480//1480 1383//1383
f 1454//1454 1482//1482 1503//1503
f 1473//1473 1218//1218 1497//1497
f 1421//1421 1504//1504 1498//1498
f 1447//1447 1504//1504 1421//1421
f 1447//1447 1410//1410 1492//1492
f 1449//1449 1475//1475 1505//1505
f 1506//1506 1477//1477 1478//1478
f 1488//1488 1487//1487 1457//1457
f 1503//1503 1463//1463 1454//1454
f 1483//1483 1444//1444 1417//1417
f 1360//1360 1468//1468 1507//1507
f 1508//1508 1504//1504 1447//1447
f 1404//1404 1479//1479 1474//1474
f 1449//1449 1505//1505 1489//1489
f 1509//1509 1406//1406 1412//1412
f 1441//1441 1438//1438 1398//1398
f 1510//1510 1392//1392 1464//1464
f 1443//1443 1500//1500 1464//1464
f 1401//1401 1424//1424 1459//1459
f 1478//1478 1453//1453 1511//1511
f 1393//1393 1511//1511 1453//1453
f 1487//1487 1502//1502 1448//1448
f 1414//1414 1512//1512 1432//1432
f 1420//1420 1513//1513 1378//1378
f 1456//1456 1474//1474 1493//1493
f 1489//1489 1488//1488 1426//1426
f 1495//1495 1441//1441 1499//1499
f 1416//1416 1392//1392 1510//1510
f 1514//1514 1452//1452 1466//1466
f 1466//1466 1477//1477 1515//1515
f 1511//1511 1506//1506 1478//1478
f 1369//1369 1516//1516 1393//1393
f 1486//1486 1485//1485 1434//1434
f 1487//1487 1488//1488 1517//1517
f 1442//1442 1480//1480 1518//1518
f 1519//1519 1427//1427 1450//1450
f 1476//1476 1458//1458 1520//1520
f 1506//1506 1515//1515 1477//1477
f 1368//1368 1390//1390 1521//1521
f 1458//1458 1490//1490 1520//1520
f 1510//1510 1451//1451 1416//1416
f 1522//1522 1501//1501 1425//1425
f 1506//1506 1511//1511 1523//1523
f 1516//1516 1511//1511 1393//1393
f 1491//1491 1479//1479 1467//1467
f 1521//1521 1470//1470 1368//1368
f 1496//1496 1521//1521 1390//1390
f 1445//1445 1512//1512 1414//1414
f 1468//1468 1472//1472 1524//1524
f 1508//1508 1447//1447 1492//1492
f 1464//1464 1500//1500 1510//1510
f 1501//1501 1461//1461 1465//1465
f 1364//1364 1522//1522 1425//1425
f 1526//1526 1364//1364 1452//1452
f 1466//1466 1515//1515 1514//1514
f 1480//1480 1481//1481 1518//1518
f 1513//1513 1524//1524 1472//1472
f 1505//1505 1527//1527 1489//1489
f 1528//1528 1475//1475 1436//1436
f 1436//1436 1494//1494 1528//1528
f 1438//1438 1441//1441 1529//1529
f 1490//1490 1408//1408 1530//1530
f 1451//1451 1530//1530 1408//1408
f 1531//1531 1523//1523 1511//1511
f 1517//1517 1532//1532 1487//1487
f 1533//1533 1479//1479 1491//1491
f 1534//1534 1491//1491 1439//1439
f 1462//1462 1534//1534 1439//1439
f 1518//1518 1535//1535 1442//1442
f 1536//1536 1481//1481 1463//1463
f 1503//1503 1536//1536 1463//1463
f 1537//1537 1391//1391 1409//1409
f 1455//1455 1498//1498 1538//1538
f 1539//1539 1488//1488 1489//1489
f 1519//1519 1540//1540 1427//1427
f 1441//1441 1495//1495 1541//1541
f 1459//1459 1424//1424 1542//1542
f 1514//1514 1526//1526 1452//1452
f 1516//1516 1531//1531 1511//1511
f 1470//1470 1534//1534 1462//1462
f 1471//1471 1442//1442 1535//1535
f 1482//1482 1444//1444 1543//1543
f 1360//1360 1544//1544 1445//1445
f 1446//1446 1469//1469 1545//1545
f 1406//1406 1509//1509 1437//1437
f 1522//1522 1364//1364 1526//1526
f 1514//1514 1515//1515 1546//1546
f 1523//1523 1547//1547 1506//1506
f 1516//1516 1369//1369 1548//1548
f 1485//1485 1548//1548 1369//1369
f 1369//1369 1422//1422 1485//1485
f 1486//1486 1549//1549 1485//1485
f 1486//1486 1502//1502 1550//1550
f 1502//1502 1487//1487 1532//1532
f 1481//1481 1536//1536 1551//1551
f 1524//1524 1507//1507 1468//1468
f 1497//1497 1391//1391 1552//1552
f 1527//1527 1539//1539 1489//1489
f 1515//1515 1506//1506 1547//1547
f 1523//1523 1531//1531 1553//1553
f 1554//1554 1517//1517 1488//1488
f 1507//1507 1544//1544 1360//1360
f 1525//1525 1419//1419 1446//1446
f 1484//1484 1545//1545 1469//1469
f 1504//1504 1538//1538 1498//1498
f 1539//1539 1554//1554 1488//1488
f 1540//1540 1423//1423 1427//1427
f 1450//1450 1438//1438 1529//1529
f 1555//1555 1451//1451 1510//1510
f 1491//1491 1534//1534 1556//1556
f 1420//1420 1524//1524 1513//1513
f 1508//1508 1492//1492 1557//1557
f 1558//1558 1493//1493 1474//1474
f 1475//1475 1528//1528 1559//1559
f 1450//1450 1529//1529 1560//1560
f 1530//1530 1561//1561 1490//1490
f 1459//1459 1562//1562 1500//1500
f 1542//1542 1424//1424 1460//1460
f 1546//1546 1515//1515 1563//1563
f 1533//1533 1491//1491 1556//1556
f 1503//1503 1482//1482 1536//1536
f 1505//1505 1475//1475 1559//1559
f 1565//1565 1509//1509 1412//1412
f 1423//1423 1565//1565 1412//1412
f 1560//1560 1519//1519 1450//1450
f 1500//1500 1562//1562 1566//1566
f 1515//1515 1547//1547 1563//1563
f 1548//1548 1531//1531 1516//1516
f 1549//1549 1486//1486 1550//1550
f 1543//1543 1536//1536 1482//1482
f 1483//1483 1432//1432 1568//1568
f 1512//1512 1568//1568 1432//1432
f 1440//1440 1569//1569 1492//1492
f 1493//1493 1569//1569 1440//1440
f 1474//1474 1479//1479 1558//1558
f 1533//1533 1558//1558 1479//1479
f 1529//1529 1441//1441 1541//1541
f 1520//1520 1490//1490 1570//1570
f 1547//1547 1523//1523 1571//1571
f 1502//1502 1532//1532 1572//1572
f 1554//1554 1573//1573 1517//1517
f 1543//1543 1444//1444 1574//1574
f 1409//1409 1455//1455 1575//1575
f 1437//1437 1509//1509 1576//1576
f 1499//1499 1476//1476 1520//1520
f 1570//1570 1490//1490 1561//1561
f 1523//1523 1553//1553 1571//1571
f 1470//1470 1521//1521 1577//1577
f 1445//1445 1578//1578 1512//1512
f 1575//1575 1537//1537 1409//1409
f 1557//1557 1504//1504 1508//1508
f 1557//1557 1492//1492 1569//1569
f 1569//1569 1493//1493 1558//1558
f 1555//1555 1530//1530 1451//1451
f 1542//1542 1562//1562 1459//1459
f 1579//1579 1535//1535 1518//1518
f 1518//1518 1481//1481 1579//1579
f 1536//1536 1543//1543 1551//1551
f 1419//1419 1580//1580 1420//1420
f 1538//1538 1575//1575 1455//1455
f 1581//1581 1559//1559 1528//1528
f 1528//1528 1494//1494 1581//1581
f 1510//1510 1500//1500 1566//1566
f 1460//1460 1461//1461 1582//1582
f 1573//1573 1532//1532 1517//1517
f 1524//1524 1420//1420 1580//1580
f 1396//1396 1583//1583 1484//1484
f 1423//1423 1540//1540 1584//1584
f 1585//1585 1571//1571 1553//1553
f 1531//1531 1548//1548 1586//1586
f 1532//1532 1573//1573 1587//1587
f 1558//1558 1533//1533 1588//1588
f 1589//1589 1577//1577 1521//1521
f 1521//1521 1496//1496 1589//1589
f 1471//1471 1535//1535 1567//1567
f 1551//1551 1579//1579 1481//1481
f 1483//1483 1574//1574 1444//1444
f 1545//1545 1525//1525 1446//1446
f 1537//1537 1591//1591 1391//1391
f 1461//1461 1501//1501 1582//1582
f 1531//1531 1592//1592 1553//1553
f 1572//1572 1550//1550 1502//1502
f 1484//1484 1583//1583 1590//1590
f 1504//1504 1557//1557 1593//1593
f 1460//1460 1582//1582 1542//1542
f 1470//1470 1594//1594 1534//1534
f 1564//1564 1470//1470 1577//1577
f 1574//1574 1483//1483 1568//1568
f 1545//1545 1484//1484 1590//1590
f 1557//1557 1569//1569 1595//1595
f 1588//1588 1596//1596 1558//1558
f 1554//1554 1539//1539 1597//1597
f 1437//1437 1598//1598 1494//1494
f 1576//1576 1598//1598 1437//1437
f 1509//1509 1565//1565 1576//1576
f 1565//1565 1423//1423 1584//1584
f 1561//1561 1530//1530 1599//1599
f 1586//1586 1592//1592 1531//1531
f 1533//1533 1556//1556 1600//1600
f 1496//1496 1471//1471 1589//1589
f 1578//1578 1568//1568 1512//1512
f 1419//1419 1525//1525 1601//1601
f 1473//1473 1497//1497 1552//1552
f 1499//1499 1520//1520 1570//1570
f 1603//1603 1530//1530 1555//1555
f 1566//1566 1604//1604 1510//1510
f 1564//1564 1594//1594 1470//1470
f 1605//1605 1551//1551 1543//1543
f 1507//1507 1524//1524 1606//1606
f 1524//1524 1580//1580 1606//1606
f 1396//1396 1473//1473 1583//1583
f 1569//1569 1558//1558 1596//1596
f 1555//1555 1510//1510 1604//1604
f 1607//1607 1608//1608 1562//1562
f 1562//1562 1542//1542 1607//1607
f 1582//1582 1501//1501 1609//1609
f 1522//1522 1609//1609 1501//1501
f 1611//1611 1585//1585 1553//1553
f 1573//1573 1554//1554 1597//1597
f 1544//1544 1578//1578 1445//1445
f 1613//1613 1552//1552 1391//1391
f 1391//1391 1591//1591 1613//1613
f 1575//1575 1538//1538 1614//1614
f 1504//1504 1593//1593 1615//1615
f 1569//1569 1596//1596 1595//1595
f 1527//1527 1505//1505 1616//1616
f 1617//1617 1581//1581 1494//1494
f 1494//1494 1598//1598 1617//1617
f 1561//1561 1618//1618 1570//1570
f 1526//1526 1514//1514 1610//1610
f 1592//1592 1611//1611 1553//1553
f 1572//1572 1532//1532 1587//1587
f 1543//1543 1574//1574 1605//1605
f 1580//1580 1419//1419 1601//1601
f 1591//1591 1537//1537 1619//1619
f 1537//1537 1575//1575 1619//1619
f 1559//1559 1616//1616 1505//1505
f 1530//1530 1603//1603 1599//1599
f 1566//1566 1562//1562 1608//1608
f 1548//1548 1485//1485 1620//1620
f 1485//1485 1549//1549 1620//1620
f 1587//1587 1621//1621 1572//1572
f 1622//1622 1588//1588 1533//1533
f 1556//1556 1534//1534 1594//1594
f 1578//1578 1544//1544 1623//1623
f 1552//1552 1613//1613 1624//1624
f 1538//1538 1504//1504 1615//1615
f 1539//1539 1527//1527 1625//1625
f 1560//1560 1540//1540 1519//1519
f 1495//1495 1499//1499 1602//1602
f 1627//1627 1604//1604 1566//1566
f 1514//1514 1546//1546 1628//1628
f 1571//1571 1585//1585 1629//1629
f 1600//1600 1622//1622 1533//1533
f 1630//1630 1579//1579 1551//1551
f 1551//1551 1605//1605 1630//1630
f 1605//1605 1574//1574 1631//1631
f 1544//1544 1507//1507 1623//1623
f 1606//1606 1623//1623 1507//1507
f 1565//1565 1584//1584 1626//1626
f 1607//1607 1542//1542 1633//1633
f 1582//1582 1633//1633 1542//1542
f 1609//1609 1522//1522 1634//1634
f 1526//1526 1634//1634 1522//1522
f 1620//1620 1586//1586 1548//1548
f 1587//1587 1573//1573 1635//1635
f 1568//1568 1578//1578 1636//1636
f 1596//1596 1588//1588 1637//1637
f 1597//1597 1539//1539 1625//1625
f 1602//1602 1541//1541 1495//1495
f 1627//1627 1566//1566 1608//1608
f 1563//1563 1628//1628 1546//1546
f 1556//1556 1594//1594 1638//1638
f 1471//1471 1567//1567 1589//1589
f 1639//1639 1606//1606 1580//1580
f 1580//1580 1601//1601 1639//1639
f 1525//1525 1545//1545 1612//1612
f 1559//1559 1581//1581 1640//1640
f 1563//1563 1547//1547 1641//1641
f 1629//1629 1547//1547 1571//1571
f 1592//1592 1586//1586 1642//1642
f 1622//1622 1637//1637 1588//1588
f 1545//1545 1590//1590 1612//1612
f 1575//1575 1643//1643 1619//1619
f 1595//1595 1596//1596 1644//1644
f 1560//1560 1529//1529 1645//1645
f 1621//1621 1550//1550 1572//1572
f 1594//1594 1564//1564 1646//1646
f 1606//1606 1647//1647 1623//1623
f 1632//1632 1601//1601 1525//1525
f 1595//1595 1648//1648 1557//1557
f 1625//1625 1649//1649 1597//1597
f 1616//1616 1625//1625 1527//1527
f 1640//1640 1616//1616 1559//1559
f 1617//1617 1640//1640 1581//1581
f 1641//1641 1628//1628 1563//1563
f 1587//1587 1635//1635 1651//1651
f 1652//1652 1567//1567 1535//1535
f 1535//1535 1579//1579 1652//1652
f 1623//1623 1653//1653 1578//1578
f 1644//1644 1596//1596 1654//1654
f 1637//1637 1654//1654 1596//1596
f 1655//1655 1576//1576 1565//1565
f 1626//1626 1655//1655 1565//1565
f 1610//1610 1514//1514 1628//1628
f 1650//1650 1641//1641 1547//1547
f 1650//1650 1547//1547 1629//1629
f 1656//1656 1629//1629 1585//1585
f 1586//1586 1620//1620 1642//1642
f 1549//1549 1550//1550 1657//1657
f 1658//1658 1538//1538 1615//1615
f 1648//1648 1615//1615 1593//1593
f 1644//1644 1648//1648 1595//1595
f 1659//1659 1617//1617 1598//1598
f 1576//1576 1659//1659 1598//1598
f 1584//1584 1540//1540 1660//1660
f 1499//1499 1570//1570 1602//1602
f 1609//1609 1661//1661 1582//1582
f 1634//1634 1526//1526 1610//1610
f 1635//1635 1573//1573 1662//1662
f 1600//1600 1663//1663 1622//1622
f 1630//1630 1605//1605 1664//1664
f 1631//1631 1574//1574 1665//1665
f 1568//1568 1665//1665 1574//1574
f 1658//1658 1614//1614 1538//1538
f 1593//1593 1557//1557 1648//1648
f 1660//1660 1626//1626 1584//1584
f 1549//1549 1657//1657 1620//1620
f 1649//1649 1662//1662 1573//1573
f 1573//1573 1597//1597 1649//1649
f 1564//1564 1577//1577 1589//1589
f 1636//1636 1665//1665 1568//1568
f 1643//1643 1667//1667 1619//1619
f 1618//1618 1602//1602 1570//1570
f 1599//1599 1603//1603 1668//1668
f 1582//1582 1661//1661 1633//1633
f 1611//1611 1656//1656 1585//1585
f 1631//1631 1664//1664 1605//1605
f 1473//1473 1552//1552 1666//1666
f 1552//1552 1624//1624 1666//1666
f 1611//1611 1592//1592 1669//1669
f 1642//1642 1669//1669 1592//1592
f 1657//1657 1550//1550 1670//1670
f 1550//1550 1621//1621 1670//1670
f 1637//1637 1622//1622 1663//1663
f 1600//1600 1556//1556 1638//1638
f 1671//1671 1654//1654 1637//1637
f 1672//1672 1618//1618 1561//1561
f 1673//1673 1627//1627 1608//1608
f 1607//1607 1673//1673 1608//1608
f 1629//1629 1656//1656 1674//1674
f 1675//1675 1663//1663 1600//1600
f 1638//1638 1675//1675 1600//1600
f 1676//1676 1612//1612 1590//1590
f 1590//1590 1583//1583 1676//1676
f 1473//1473 1676//1676 1583//1583
f 1667//1667 1591//1591 1619//1619
f 1615//1615 1648//1648 1658//1658
f 1640//1640 1617//1617 1677//1677
f 1541//1541 1602//1602 1678//1678
f 1609//1609 1634//1634 1679//1679
f 1680//1680 1621//1621 1587//1587
f 1587//1587 1651//1651 1680//1680
f 1589//1589 1646//1646 1564//1564
f 1623//1623 1647//1647 1681//1681
f 1643//1643 1575//1575 1614//1614
f 1663//1663 1671//1671 1637//1637
f 1529//1529 1541//1541 1678//1678
f 1604//1604 1603//1603 1555//1555
f 1657//1657 1642//1642 1620//1620
f 1682//1682 1639//1639 1601//1601
f 1677//1677 1617//1617 1684//1684
f 1641//1641 1650//1650 1685//1685
f 1680//1680 1670//1670 1621//1621
f 1686//1686 1651//1651 1635//1635
f 1662//1662 1686//1686 1635//1635
f 1589//1589 1567//1567 1687//1687
f 1681//1681 1653//1653 1623//1623
f 1688//1688 1525//1525 1612//1612
f 1683//1683 1649//1649 1625//1625
f 1689//1689 1678//1678 1602//1602
f 1690//1690 1689//1689 1602//1602
f 1599//1599 1672//1672 1561//1561
f 1603//1603 1604//1604 1691//1691
f 1627//1627 1691//1691 1604//1604
f 1610//1610 1692//1692 1634//1634
f 1646//1646 1638//1638 1594//1594
f 1677//1677 1616//1616 1640//1640
f 1684//1684 1617//1617 1659//1659
f 1560//1560 1645//1645 1693//1693
f 1678//1678 1645//1645 1529//1529
f 1690//1690 1602//1602 1618//1618
f 1679//1679 1661//1661 1609//1609
f 1629//1629 1694//1694 1650//1650
f 1656//1656 1611//1611 1695//1695
f 1636//1636 1696//1696 1665//1665
f 1601//1601 1632//1632 1682//1682
f 1667//1667 1698//1698 1591//1591
f 1643//1643 1699//1699 1667//1667
f 1700//1700 1658//1658 1648//1648
f 1648//1648 1644//1644 1700//1700
f 1701//1701 1644//1644 1654//1654
f 1693//1693 1540//1540 1560//1560
f 1689//1689 1702//1702 1678//1678
f 1703//1703 1599//1599 1668//1668
f 1629//1629 1674//1674 1694//1694
f 1674//1674 1656//1656 1704//1704
f 1695//1695 1704//1704 1656//1656
f 1662//1662 1649//1649 1705//1705
f 1636//1636 1578//1578 1653//1653
f 1606//1606 1639//1639 1706//1706
f 1688//1688 1632//1632 1525//1525
f 1654//1654 1671//1671 1701//1701
f 1707//1707 1659//1659 1576//1576
f 1702//1702 1708//1708 1678//1678
f 1703//1703 1672//1672 1599//1599
f 1679//1679 1634//1634 1692//1692
f 1610//1610 1628//1628 1709//1709
f 1710//1710 1669//1669 1642//1642
f 1642//1642 1657//1657 1710//1710
f 1657//1657 1670//1670 1710//1710
f 1680//1680 1651//1651 1711//1711
f 1647//1647 1606//1606 1706//1706
f 1644//1644 1701//1701 1700//1700
f 1645//1645 1678//1678 1708//1708
f 1690//1690 1618//1618 1712//1712
f 1691//1691 1668//1668 1603//1603
f 1628//1628 1641//1641 1709//1709
f 1670//1670 1680//1680 1713//1713
f 1686//1686 1662//1662 1714//1714
f 1671//1671 1663//1663 1715//1715
f 1576//1576 1655//1655 1707//1707
f 1692//1692 1610//1610 1709//1709
f 1711//1711 1651//1651 1716//1716
f 1651//1651 1686//1686 1716//1716
f 1696//1696 1631//1631 1665//1665
f 1696//1696 1636//1636 1717//1717
f 1682//1682 1706//1706 1639//1639
f 1697//1697 1612//1612 1676//1676
f 1473//1473 1666//1666 1718//1718
f 1613//1613 1591//1591 1698//1698
f 1705//1705 1649//1649 1719//1719
f 1579//1579 1630//1630 1720//1720
f 1664//1664 1720//1720 1630//1630
f 1653//1653 1717//1717 1636//1636
f 1683//1683 1625//1625 1722//1722
f 1616//1616 1722//1722 1625//1625
f 1633//1633 1673//1673 1607//1607
f 1611//1611 1669//1669 1723//1723
f 1724//1724 1723//1723 1669//1669
f 1710//1710 1724//1724 1669//1669
f 1711//1711 1713//1713 1680//1680
f 1725//1725 1652//1652 1579//1579
f 1720//1720 1725//1725 1579//1579
f 1664//1664 1631//1631 1726//1726
f 1697//1697 1676//1676 1727//1727
f 1721//1721 1727//1727 1676//1676
f 1676//1676 1473//1473 1721//1721
f 1658//1658 1700//1700 1728//1728
f 1715//1715 1701//1701 1671//1671
f 1616//1616 1677//1677 1722//1722
f 1691//1691 1627//1627 1729//1729
f 1730//1730 1729//1729 1627//1627
f 1650//1650 1694//1694 1731//1731
f 1670//1670 1724//1724 1710//1710
f 1713//1713 1711//1711 1732//1732
f 1733//1733 1715//1715 1663//1663
f 1646//1646 1589//1589 1687//1687
f 1613//1613 1698//1698 1624//1624
f 1643//1643 1614//1614 1734//1734
f 1649//1649 1683//1683 1719//1719
f 1735//1735 1722//1722 1677//1677
f 1736//1736 1735//1735 1677//1677
f 1707//1707 1684//1684 1659//1659
f 1660//1660 1540//1540 1737//1737
f 1627//1627 1673//1673 1730//1730
f 1675//1675 1733//1733 1663//1663
f 1717//1717 1739//1739 1696//1696
f 1658//1658 1728//1728 1614//1614
f 1741//1741 1719//1719 1683//1683
f 1722//1722 1741//1741 1683//1683
f 1709//1709 1641//1641 1685//1685
f 1742//1742 1695//1695 1611//1611
f 1723//1723 1742//1742 1611//1611
f 1713//1713 1724//1724 1670//1670
f 1567//1567 1652//1652 1687//1687
f 1682//1682 1632//1632 1688//1688
f 1672//1672 1712//1712 1618//1618
f 1691//1691 1703//1703 1668//1668
f 1694//1694 1674//1674 1731//1731
f 1714//1714 1716//1716 1686//1686
f 1718//1718 1721//1721 1473//1473
f 1699//1699 1743//1743 1667//1667
f 1734//1734 1699//1699 1643//1643
f 1702//1702 1689//1689 1744//1744
f 1673//1673 1633//1633 1745//1745
f 1674//1674 1704//1704 1746//1746
f 1695//1695 1746//1746 1704//1704
f 1716//1716 1732//1732 1711//1711
f 1675//1675 1638//1638 1747//1747
f 1688//1688 1612//1612 1740//1740
f 1612//1612 1697//1697 1740//1740
f 1666//1666 1624//1624 1748//1748
f 1701//1701 1715//1715 1749//1749
f 1677//1677 1684//1684 1736//1736
f 1540//1540 1693//1693 1737//1737
f 1750//1750 1744//1744 1689//1689
f 1633//1633 1661//1661 1751//1751
f 1662//1662 1705//1705 1752//1752
f 1720//1720 1664//1664 1753//1753
f 1739//1739 1717//1717 1754//1754
f 1700//1700 1701//1701 1749//1749
f 1708//1708 1702//1702 1744//1744
f 1724//1724 1713//1713 1732//1732
f 1752//1752 1714//1714 1662//1662
f 1738//1738 1687//1687 1652//1652
f 1738//1738 1652//1652 1725//1725
f 1653//1653 1755//1755 1717//1717
f 1666//1666 1748//1748 1718//1718
f 1734//1734 1614//1614 1728//1728
f 1689//1689 1690//1690 1750//1750
f 1712//1712 1672//1672 1757//1757
f 1758//1758 1751//1751 1661//1661
f 1661//1661 1679//1679 1758//1758
f 1759//1759 1731//1731 1674//1674
f 1723//1723 1724//1724 1732//1732
f 1716//1716 1714//1714 1760//1760
f 1646//1646 1761//1761 1638//1638
f 1726//1726 1753//1753 1664//1664
f 1647//1647 1706//1706 1763//1763
f 1743//1743 1698//1698 1667//1667
f 1764//1764 1729//1729 1730//1730
f 1679//1679 1692//1692 1765//1765
f 1766//1766 1709//1709 1685//1685
f 1685//1685 1650//1650 1767//1767
f 1731//1731 1767//1767 1650//1650
f 1761//1761 1747//1747 1638//1638
f 1706//1706 1682//1682 1763//1763
f 1769//1769 1688//1688 1740//1740
f 1698//1698 1770//1770 1624//1624
f 1771//1771 1626//1626 1660//1660
f 1744//1744 1772//1772 1708//1708
f 1730//1730 1673//1673 1764//1764
f 1765//1765 1692//1692 1773//1773
f 1692//1692 1709//1709 1773//1773
f 1732//1732 1716//1716 1768//1768
f 1760//1760 1768//1768 1716//1716
f 1739//1739 1631//1631 1696//1696
f 1755//1755 1754//1754 1717//1717
f 1688//1688 1756//1756 1682//1682
f 1697//1697 1774//1774 1740//1740
f 1721//1721 1775//1775 1727//1727
f 1771//1771 1655//1655 1626//1626
f 1750//1750 1690//1690 1776//1776
f 1751//1751 1777//1777 1633//1633
f 1767//1767 1731//1731 1778//1778
f 1731//1731 1759//1759 1778//1778
f 1779//1779 1746//1746 1695//1695
f 1733//1733 1675//1675 1780//1780
f 1781//1781 1725//1725 1720//1720
f 1762//1762 1781//1781 1720//1720
f 1753//1753 1762//1762 1720//1720
f 1756//1756 1688//1688 1783//1783
f 1776//1776 1690//1690 1712//1712
f 1729//1729 1785//1785 1703//1703
f 1703//1703 1691//1691 1729//1729
f 1745//1745 1764//1764 1673//1673
f 1777//1777 1745//1745 1633//1633
f 1695//1695 1742//1742 1779//1779
f 1786//1786 1779//1779 1742//1742
f 1742//1742 1723//1723 1786//1786
f 1787//1787 1733//1733 1780//1780
f 1782//1782 1755//1755 1653//1653
f 1763//1763 1682//1682 1756//1756
f 1784//1784 1721//1721 1718//1718
f 1789//1789 1748//1748 1624//1624
f 1770//1770 1789//1789 1624//1624
f 1700//1700 1790//1790 1728//1728
f 1707//1707 1655//1655 1791//1791
f 1660//1660 1737//1737 1792//1792
f 1746//1746 1779//1779 1793//1793
f 1794//1794 1795//1795 1760//1760
f 1796//1796 1760//1760 1714//1714
f 1715//1715 1733//1733 1787//1787
f 1646//1646 1687//1687 1788//1788
f 1769//1769 1783//1783 1688//1688
f 1697//1697 1727//1727 1774//1774
f 1700//1700 1749//1749 1790//1790
f 1798//1798 1790//1790 1749//1749
f 1707//1707 1791//1791 1799//1799
f 1800//1800 1737//1737 1693//1693
f 1693//1693 1645//1645 1800//1800
f 1703//1703 1757//1757 1672//1672
f 1758//1758 1679//1679 1765//1765
f 1795//1795 1768//1768 1760//1760
f 1675//1675 1747//1747 1780//1780
f 1749//1749 1715//1715 1798//1798
f 1723//1723 1732//1732 1801//1801
f 1796//1796 1794//1794 1760//1760
f 1802//1802 1726//1726 1631//1631
f 1752//1752 1705//1705 1803//1803
f 1741//1741 1722//1722 1804//1804
f 1722//1722 1735//1735 1804//1804
f 1771//1771 1791//1791 1655//1655
f 1805//1805 1801//1801 1732//1732
f 1732//1732 1768//1768 1805//1805
f 1795//1795 1805//1805 1768//1768
f 1752//1752 1796//1796 1714//1714
f 1631//1631 1739//1739 1802//1802
f 1775//1775 1721//1721 1784//1784
f 1748//1748 1806//1806 1718//1718
f 1728//1728 1790//1790 1797//1797
f 1719//1719 1803//1803 1705//1705
f 1645//1645 1708//1708 1807//1807
f 1772//1772 1807//1807 1708//1708
f 1795//1795 1794//1794 1808//1808
f 1715//1715 1787//1787 1809//1809
f 1792//1792 1771//1771 1660//1660
f 1785//1785 1757//1757 1703//1703
f 1751//1751 1758//1758 1811//1811
f 1709//1709 1766//1766 1773//1773
f 1801//1801 1786//1786 1723//1723
f 1798//1798 1715//1715 1809//1809
f 1812//1812 1781//1781 1762//1762
f 1681//1681 1782//1782 1653//1653
f 1813//1813 1770//1770 1698//1698
f 1734//1734 1728//1728 1814//1814
f 1741//1741 1815//1815 1719//1719
f 1816//1816 1804//1804 1735//1735
f 1736//1736 1816//1816 1735//1735
f 1777//1777 1818//1818 1745//1745
f 1765//1765 1811//1811 1758//1758
f 1778//1778 1819//1819 1767//1767
f 1805//1805 1795//1795 1820//1820
f 1808//1808 1820//1820 1795//1795
f 1808//1808 1794//1794 1821//1821
f 1794//1794 1796//1796 1821//1821
f 1796//1796 1752//1752 1822//1822
f 1788//1788 1761//1761 1646//1646
f 1687//1687 1738//1738 1823//1823
f 1824//1824 1769//1769 1740//1740
f 1774//1774 1824//1824 1740//1740
f 1814//1814 1699//1699 1734//1734
f 1820//1820 1825//1825 1805//1805
f 1817//1817 1744//1744 1750//1750
f 1764//1764 1745//1745 1818//1818
f 1743//1743 1813//1813 1698//1698
f 1797//1797 1814//1814 1728//1728
f 1808//1808 1821//1821 1826//1826
f 1807//1807 1800//1800 1645//1645
f 1809//1809 1787//1787 1827//1827
f 1828//1828 1780//1780 1747//1747
f 1754//1754 1802//1802 1739//1739
f 1774//1774 1727//1727 1829//1829
f 1727//1727 1775//1775 1829//1829
f 1799//1799 1684//1684 1707//1707
f 1817//1817 1772//1772 1744//1744
f 1750//1750 1776//1776 1830//1830
f 1829//1829 1832//1832 1774//1774
f 1793//1793 1779//1779 1786//1786
f 1825//1825 1801//1801 1805//1805
f 1804//1804 1815//1815 1741//1741
f 1792//1792 1737//1737 1834//1834
f 1830//1830 1835//1835 1750//1750
f 1729//1729 1764//1764 1831//1831
f 1764//1764 1818//1818 1831//1831
f 1836//1836 1766//1766 1685//1685
f 1767//1767 1836//1836 1685//1685
f 1747//1747 1761//1761 1828//1828
f 1837//1837 1738//1738 1725//1725
f 1832//1832 1824//1824 1774//1774
f 1789//1789 1806//1806 1748//1748
f 1838//1838 1821//1821 1796//1796
f 1796//1796 1822//1822 1838//1838
f 1736//1736 1684//1684 1839//1839
f 1834//1834 1771//1771 1792//1792
f 1785//1785 1840//1840 1757//1757
f 1841//1841 1819//1819 1778//1778
f 1841//1841 1778//1778 1842//1842
f 1827//1827 1843//1843 1809//1809
f 1687//1687 1823//1823 1844//1844
f 1725//1725 1781//1781 1837//1837
f 1782//1782 1681//1681 1846//1846
f 1798//1798 1809//1809 1847//1847
f 1843//1843 1847//1847 1809//1809
f 1826//1826 1848//1848 1820//1820
f 1820//1820 1808//1808 1826//1826
f 1849//1849 1826//1826 1821//1821
f 1815//1815 1803//1803 1719//1719
f 1850//1850 1839//1839 1684//1684
f 1684//1684 1799//1799 1850//1850
f 1811//1811 1765//1765 1851//1851
f 1765//1765 1773//1773 1851//1851
f 1836//1836 1773//1773 1766//1766
f 1726//1726 1802//1802 1845//1845
f 1755//1755 1852//1852 1754//1754
f 1681//1681 1647//1647 1846//1846
f 1756//1756 1783//1783 1853//1853
f 1736//1736 1839//1839 1816//1816
f 1757//1757 1854//1854 1712//1712
f 1763//1763 1846//1846 1647//1647
f 1853//1853 1763//1763 1756//1756
f 1743//1743 1699//1699 1855//1855
f 1814//1814 1855//1855 1699//1699
f 1847//1847 1790//1790 1798//1798
f 1848//1848 1856//1856 1820//1820
f 1807//1807 1772//1772 1857//1857
f 1835//1835 1817//1817 1750//1750
f 1840//1840 1854//1854 1757//1757
f 1777//1777 1751//1751 1811//1811
f 1753//1753 1726//1726 1845//1845
f 1784//1784 1829//1829 1775//1775
f 1855//1855 1833//1833 1743//1743
f 1776//1776 1712//1712 1858//1858
f 1831//1831 1818//1818 1859//1859
f 1825//1825 1820//1820 1856//1856
f 1821//1821 1838//1838 1860//1860
f 1861//1861 1822//1822 1752//1752
f 1853//1853 1810//1810 1763//1763
f 1718//1718 1806//1806 1862//1862
f 1833//1833 1863//1863 1743//1743
f 1864//1864 1797//1797 1790//1790
f 1819//1819 1841//1841 1865//1865
f 1848//1848 1826//1826 1866//1866
f 1860//1860 1849//1849 1821//1821
f 1803//1803 1861//1861 1752//1752
f 1846//1846 1763//1763 1867//1867
f 1810//1810 1867//1867 1763//1763
f 1769//1769 1824//1824 1832//1832
f 1813//1813 1743//1743 1863//1863
f 1869//1869 1786//1786 1868//1868
f 1786//1786 1801//1801 1868//1868
f 1866//1866 1826//1826 1849//1849
f 1822//1822 1861//1861 1870//1870
f 1803//1803 1815//1815 1871//1871
f 1804//1804 1872//1872 1815//1815
f 1874//1874 1817//1817 1835//1835
f 1830//1830 1776//1776 1858//1858
f 1875//1875 1785//1785 1729//1729
f 1729//1729 1831//1831 1875//1875
f 1773//1773 1836//1836 1851//1851
f 1844//1844 1788//1788 1687//1687
f 1877//1877 1762//1762 1753//1753
f 1846//1846 1755//1755 1782//1782
f 1784//1784 1718//1718 1878//1878
f 1862//1862 1878//1878 1718//1718
f 1799//1799 1791//1791 1850//1850
f 1876//1876 1859//1859 1818//1818
f 1777//1777 1876//1876 1818//1818
f 1819//1819 1836//1836 1767//1767
f 1828//1828 1761//1761 1880//1880
f 1784//1784 1881//1881 1829//1829
f 1843//1843 1882//1882 1847//1847
f 1883//1883 1860//1860 1838//1838
f 1838//1838 1822//1822 1883//1883
f 1800//1800 1807//1807 1873//1873
f 1777//1777 1811//1811 1884//1884
f 1885//1885 1884//1884 1811//1811
f 1845//1845 1877//1877 1753//1753
f 1814//1814 1797//1797 1864//1864
f 1847//1847 1864//1864 1790//1790
f 1886//1886 1868//1868 1801//1801
f 1801//1801 1825//1825 1886//1886
f 1887//1887 1856//1856 1848//1848
f 1888//1888 1872//1872 1804//1804
f 1804//1804 1816//1816 1888//1888
f 1889//1889 1857//1857 1772//1772
f 1772//1772 1817//1817 1889//1889
f 1874//1874 1889//1889 1817//1817
f 1858//1858 1712//1712 1854//1854
f 1880//1880 1761//1761 1788//1788
f 1890//1890 1781//1781 1812//1812
f 1866//1866 1887//1887 1848//1848
f 1822//1822 1870//1870 1883//1883
f 1891//1891 1870//1870 1861//1861
f 1892//1892 1850//1850 1791//1791
f 1800//1800 1834//1834 1737//1737
f 1819//1819 1893//1893 1836//1836
f 1780//1780 1828//1828 1894//1894
f 1754//1754 1895//1895 1802//1802
f 1863//1863 1833//1833 1897//1897
f 1872//1872 1871//1871 1815//1815
f 1898//1898 1816//1816 1839//1839
f 1851//1851 1885//1885 1811//1811
f 1886//1886 1825//1825 1899//1899
f 1856//1856 1899//1899 1825//1825
f 1900//1900 1883//1883 1870//1870
f 1812//1812 1762//1762 1901//1901
f 1754//1754 1852//1852 1895//1895
f 1853//1853 1783//1783 1902//1902
f 1832//1832 1903//1903 1769//1769
f 1905//1905 1770//1770 1813//1813
f 1875//1875 1840//1840 1785//1785
f 1906//1906 1876//1876 1777//1777
f 1868//1868 1907//1907 1869//1869
f 1866//1866 1849//1849 1908//1908
f 1891//1891 1900//1900 1870//1870
f 1890//1890 1837//1837 1781//1781
f 1896//1896 1902//1902 1783//1783
f 1783//1783 1769//1769 1896//1896
f 1769//1769 1903//1903 1896//1896
f 1886//1886 1907//1907 1868//1868
f 1871//1871 1861//1861 1803//1803
f 1771//1771 1834//1834 1909//1909
f 1843//1843 1827//1827 1910//1910
f 1837//1837 1823//1823 1738//1738
f 1877//1877 1901//1901 1762//1762
f 1806//1806 1789//1789 1904//1904
f 1882//1882 1864//1864 1847//1847
f 1800//1800 1873//1873 1911//1911
f 1856//1856 1887//1887 1912//1912
f 1849//1849 1860//1860 1913//1913
f 1852//1852 1755//1755 1914//1914
f 1853//1853 1915//1915 1810//1810
f 1829//1829 1903//1903 1832//1832
f 1916//1916 1881//1881 1784//1784
f 1907//1907 1917//1917 1869//1869
f 1908//1908 1918//1918 1866//1866
f 1883//1883 1913//1913 1860//1860
f 1880//1880 1894//1894 1828//1828
f 1823//1823 1837//1837 1844//1844
f 1895//1895 1845//1845 1802//1802
f 1895//1895 1852//1852 1919//1919
f 1867//1867 1810//1810 1915//1915
f 1789//1789 1770//1770 1904//1904
f 1855//1855 1897//1897 1833//1833
f 1879//1879 1888//1888 1816//1816
f 1882//1882 1843//1843 1921//1921
f 1910//1910 1921//1921 1843//1843
f 1881//1881 1903//1903 1829//1829
f 1813//1813 1863//1863 1905//1905
f 1912//1912 1899//1899 1856//1856
f 1887//1887 1866//1866 1918//1918
f 1908//1908 1849//1849 1922//1922
f 1913//1913 1922//1922 1849//1849
f 1800//1800 1911//1911 1834//1834
f 1854//1854 1840//1840 1923//1923
f 1906//1906 1884//1884 1924//1924
f 1920//1920 1864//1864 1882//1882
f 1880//1880 1788//1788 1926//1926
f 1788//1788 1844//1844 1926//1926
f 1878//1878 1916//1916 1784//1784
f 1905//1905 1904//1904 1770//1770
f 1871//1871 1872//1872 1927//1927
f 1872//1872 1888//1888 1927//1927
f 1928//1928 1892//1892 1791//1791
f 1909//1909 1791//1791 1771//1771
f 1831//1831 1859//1859 1929//1929
f 1851//1851 1836//1836 1893//1893
f 1855//1855 1814//1814 1930//1930
f 1837//1837 1890//1890 1931//1931
f 1755//1755 1846//1846 1932//1932
f 1907//1907 1886//1886 1934//1934
f 1913//1913 1883//1883 1935//1935
f 1816//1816 1898//1898 1936//1936
f 1791//1791 1909//1909 1928//1928
f 1875//1875 1923//1923 1840//1840
f 1937//1937 1859//1859 1876//1876
f 1906//1906 1937//1937 1876//1876
f 1938//1938 1893//1893 1819//1819
f 1819//1819 1865//1865 1938//1938
f 1890//1890 1812//1812 1939//1939
f 1896//1896 1903//1903 1940//1940
f 1905//1905 1863//1863 1897//1897
f 1917//1917 1907//1907 1941//1941
f 1934//1934 1941//1941 1907//1907
f 1883//1883 1900//1900 1935//1935
f 1942//1942 1900//1900 1891//1891
f 1888//1888 1879//1879 1943//1943
f 1936//1936 1879//1879 1816//1816
f 1914//1914 1919//1919 1852//1852
f 1914//1914 1755//1755 1932//1932
f 1944//1944 1940//1940 1903//1903
f 1944//1944 1903//1903 1881//1881
f 1862//1862 1806//1806 1945//1945
f 1904//1904 1945//1945 1806//1806
f 1831//1831 1929//1929 1875//1875
f 1933//1933 1925//1925 1917//1917
f 1941//1941 1933//1933 1917//1917
f 1886//1886 1899//1899 1934//1934
f 1946//1946 1935//1935 1900//1900
f 1814//1814 1864//1864 1947//1947
f 1882//1882 1921//1921 1948//1948
f 1931//1931 1844//1844 1837//1837
f 1939//1939 1931//1931 1890//1890
f 1949//1949 1939//1939 1812//1812
f 1812//1812 1901//1901 1950//1950
f 1915//1915 1853//1853 1951//1951
f 1896//1896 1940//1940 1952//1952
f 1927//1927 1888//1888 1943//1943
f 1830//1830 1858//1858 1954//1954
f 1858//1858 1854//1854 1955//1955
f 1912//1912 1934//1934 1899//1899
f 1930//1930 1814//1814 1947//1947
f 1812//1812 1950//1950 1949//1949
f 1853//1853 1902//1902 1951//1951
f 1897//1897 1957//1957 1905//1905
f 1897//1897 1855//1855 1958//1958
f 1930//1930 1958//1958 1855//1855
f 1923//1923 1959//1959 1854//1854
f 1937//1937 1929//1929 1859//1859
f 1960//1960 1961//1961 1885//1885
f 1885//1885 1851//1851 1960//1960
f 1851//1851 1893//1893 1960//1960
f 1861//1861 1962//1962 1891//1891
f 1871//1871 1963//1963 1861//1861
f 1956//1956 1944//1944 1881//1881
f 1904//1904 1905//1905 1964//1964
f 1965//1965 1934//1934 1912//1912
f 1887//1887 1965//1965 1912//1912
f 1966//1966 1835//1835 1830//1830
f 1955//1955 1954//1954 1858//1858
f 1846//1846 1967//1967 1932//1932
f 1846//1846 1867//1867 1967//1967
f 1953//1953 1945//1945 1904//1904
f 1920//1920 1947//1947 1864//1864
f 1900//1900 1942//1942 1946//1946
f 1942//1942 1891//1891 1962//1962
f 1962//1962 1861//1861 1963//1963
f 1874//1874 1835//1835 1968//1968
f 1835//1835 1966//1966 1968//1968
f 1875//1875 1959//1959 1923//1923
f 1929//1929 1969//1969 1875//1875
f 1970//1970 1920//1920 1882//1882
f 1882//1882 1948//1948 1970//1970
f 1952//1952 1902//1902 1896//1896
f 1916//1916 1956//1956 1881//1881
f 1927//1927 1963//1963 1871//1871
f 1971//1971 1898//1898 1839//1839
f 1884//1884 1885//1885 1972//1972
f 1893//1893 1938//1938 1973//1973
f 1865//1865 1925//1925 1974//1974
f 1975//1975 1921//1921 1910//1910
f 1953//1953 1904//1904 1964//1964
f 1976//1976 1918//1918 1908//1908
f 1922//1922 1976//1976 1908//1908
f 1839//1839 1850//1850 1971//1971
f 1928//1928 1850//1850 1892//1892
f 1873//1873 1807//1807 1977//1977
f 1830//1830 1954//1954 1966//1966
f 1961//1961 1972//1972 1885//1885
f 1925//1925 1933//1933 1974//1974
f 1978//1978 1926//1926 1844//1844
f 1844//1844 1931//1931 1979//1979
f 1878//1878 1862//1862 1980//1980
f 1945//1945 1980//1980 1862//1862
f 1941//1941 1982//1982 1981//1981
f 1983//1983 1984//1984 1934//1934
f 1934//1934 1965//1965 1983//1983
f 1965//1965 1887//1887 1985//1985
f 1986//1986 1985//1985 1887//1887
f 1887//1887 1918//1918 1986//1986
f 1918//1918 1976//1976 1986//1986
f 1922//1922 1913//1913 1987//1987
f 1935//1935 1987//1987 1913//1913
f 1943//1943 1879//1879 1988//1988
f 1959//1959 1875//1875 1969//1969
f 1924//1924 1937//1937 1906//1906
f 1948//1948 1921//1921 1989//1989
f 1990//1990 1979//1979 1931//1931
f 1895//1895 1919//1919 1991//1991
f 1992//1992 1987//1987 1935//1935
f 1993//1993 1946//1946 1942//1942
f 1963//1963 1927//1927 1994//1994
f 1995//1995 1971//1971 1850//1850
f 1874//1874 1968//1968 1996//1996
f 1973//1973 1960//1960 1893//1893
f 1990//1990 1931//1931 1939//1939
f 1915//1915 1997//1997 1867//1867
f 1998//1998 1988//1988 1879//1879
f 1879//1879 1936//1936 1998//1998
f 1857//1857 1889//1889 1999//1999
f 1889//1889 1874//1874 1996//1996
f 2000//2000 1924//1924 1884//1884
f 1972//1972 2000//2000 1884//1884
f 1973//1973 1938//1938 2001//2001
f 1974//1974 1938//1938 1865//1865
f 1920//1920 1970//1970 1947//1947
f 1997//1997 1967//1967 1867//1867
f 2002//2002 1964//1964 2003//2003
f 2004//2004 2003//2003 1964//1964
f 1964//1964 1905//1905 2004//2004
f 1957//1957 2004//2004 1905//1905
f 1941//1941 1974//1974 1933//1933
f 1983//1983 1982//1982 1984//1984
f 1983//1983 1965//1965 2005//2005
f 1943//1943 2006//2006 1927//1927
f 2007//2007 1977//1977 1807//1807
f 1807//1807 1857//1857 2007//2007
f 1999//1999 2007//2007 1857//1857
f 1947//1947 1970//1970 2008//2008
f 1921//1921 1975//1975 1989//1989
f 2009//2009 1910//1910 1894//1894
f 2010//2010 1956//1956 1916//1916
f 1953//1953 1964//1964 2002//2002
f 1928//1928 1995//1995 1850//1850
f 1981//1981 1982//1982 2011//2011
f 2012//2012 1986//1986 1976//1976
f 1935//1935 1946//1946 1992//1992
f 1963//1963 2013//2013 1962//1962
f 1952//1952 1951//1951 1902//1902
f 1944//1944 1956//1956 2014//2014
f 1927//1927 2006//2006 1994//1994
f 1977//1977 1911//1911 1873//1873
f 1961//1961 1960//1960 1973//1973
f 2005//2005 1965//1965 2015//2015
f 1976//1976 1922//1922 2016//2016
f 1930//1930 1947//1947 2017//2017
f 2009//2009 1975//1975 1910//1910
f 1877//1877 1845//1845 2018//2018
f 1845//1845 1895//1895 2018//2018
f 1914//1914 1932//1932 2019//2019
f 2020//2020 1951//1951 1952//1952
f 2014//2014 2021//2021 1944//1944
f 1916//1916 1878//1878 2022//2022
f 2023//2023 2022//2022 1878//1878
f 1980//1980 2023//2023 1878//1878
f 1943//1943 1988//1988 2006//2006
f 1898//1898 1971//1971 2024//2024
f 1911//1911 2026//2026 1834//1834
f 1937//1937 1924//1924 2027//2027
f 1974//1974 1941//1941 2028//2028
f 1981//1981 2028//2028 1941//1941
f 1987//1987 2016//2016 1922//1922
f 2029//2029 1992//1992 1946//1946
f 2008//2008 2017//2017 1947//1947
f 1979//1979 1978//1978 1844//1844
f 1949//1949 1950//1950 2030//2030
f 1940//1940 1944//1944 2021//2021
f 2010//2010 2014//2014 1956//1956
f 1958//1958 1957//1957 1897//1897
f 1909//1909 1834//1834 2031//2031
f 1993//1993 2029//2029 1946//1946
f 1926//1926 2032//2032 1880//1880
f 1952//1952 1940//1940 2033//2033
f 2025//2025 1995//1995 1928//1928
f 2034//2034 1928//1928 1909//1909
f 2035//2035 1999//1999 1889//1889
f 1996//1996 2035//2035 1889//1889
f 1938//1938 1974//1974 2001//2001
f 1981//1981 2011//2011 2036//2036
f 1985//1985 1986//1986 2037//2037
f 1895//1895 1991//1991 2018//2018
f 1997//1997 2038//2038 1967//1967
f 2039//2039 1997//1997 1915//1915
f 1915//1915 1951//1951 2039//2039
f 2040//2040 2033//2033 1940//1940
f 2014//2014 2010//2010 2041//2041
f 2022//2022 2010//2010 1916//1916
f 1945//1945 1953//1953 2042//2042
f 2034//2034 2025//2025 1928//1928
f 2031//2031 2034//2034 1909//1909
f 1929//1929 1937//1937 2043//2043
f 2044//2044 2027//2027 1924//1924
f 2000//2000 2044//2044 1924//1924
f 2015//2015 1965//1965 1985//1985
f 1967//1967 2019//2019 1932//1932
f 2042//2042 1980//1980 1945//1945
f 2003//2003 2045//2045 2002//2002
f 2046//2046 2047//2047 1958//1958
f 1958//1958 1930//1930 2046//2046
f 2007//2007 2048//2048 1977//1977
f 1955//1955 1854//1854 1959//1959
f 1974//1974 2049//2049 2001//2001
f 1942//1942 1962//1962 2013//2013
f 2050//2050 1901//1901 1877//1877
f 2039//2039 1951//1951 2020//2020
f 1940//1940 2021//2021 2040//2040
f 2051//2051 2021//2021 2014//2014
f 2003//2003 2004//2004 2052//2052
f 2024//2024 1936//1936 1898//1898
f 2026//2026 2031//2031 1834//1834
f 1977//1977 2026//2026 1911//1911
f 2007//2007 1999//1999 2048//2048
f 2035//2035 1996//1996 2053//2053
f 2054//2054 2049//2049 1974//1974
f 2036//2036 2028//2028 1981//1981
f 2055//2055 2011//2011 2005//2005
f 1986//1986 2012//2012 2037//2037
f 1894//1894 1880//1880 2032//2032
f 2010//2010 2022//2022 2056//2056
f 2004//2004 1957//1957 2052//2052
f 2017//2017 2046//2046 1930//1930
f 1954//1954 2057//2057 1966//1966
f 2027//2027 2043//2043 1937//1937
f 2058//2058 2012//2012 1976//1976
f 2016//2016 2058//2058 1976//1976
f 2016//2016 1987//1987 2059//2059
f 1993//1993 1942//1942 2060//2060
f 2013//2013 1963//1963 2061//2061
f 1994//1994 2061//2061 1963//1963
f 1894//1894 2062//2062 2009//2009
f 2018//2018 2050//2050 1877//1877
f 2063//2063 2021//2021 2051//2051
f 2002//2002 2042//2042 1953//1953
f 1957//1957 1958//1958 2047//2047
f 2053//2053 1996//1996 1968//1968
f 2064//2064 2057//2057 1954//1954
f 1955//1955 2064//2064 1954//1954
f 1961//1961 2000//2000 1972//1972
f 2065//2065 2001//2001 2049//2049
f 2066//2066 2065//2065 2049//2049
f 2049//2049 2054//2054 2066//2066
f 2028//2028 2054//2054 1974//1974
f 2067//2067 2055//2055 2005//2005
f 2005//2005 2015//2015 2067//2067
f 2068//2068 2029//2029 1993//1993
f 2013//2013 2060//2060 1942//1942
f 2008//2008 1970//1970 2069//2069
f 1948//1948 2069//2069 1970//1970
f 1929//1929 2070//2070 1969//1969
f 2015//2015 1985//1985 2067//2067
f 1987//1987 1992//1992 2059//2059
f 1952//1952 2033//2033 2072//2072
f 2056//2056 2041//2041 2010//2010
f 2056//2056 2022//2022 2023//2023
f 2046//2046 2017//2017 2071//2071
f 1988//1988 2073//2073 2006//2006
f 2074//2074 1998//1998 1936//1936
f 1936//1936 2024//2024 2074//2074
f 1959//1959 1969//1969 2075//2075
f 1969//1969 2070//2070 2075//2075
f 2032//2032 2062//2062 1894//1894
f 2072//2072 2020//2020 1952//1952
f 2033//2033 2040//2040 2077//2077
f 2041//2041 2051//2051 2014//2014
f 2052//2052 2045//2045 2003//2003
f 2017//2017 2008//2008 2069//2069
f 2073//2073 1994//1994 2006//2006
f 1973//1973 2001//2001 2078//2078
f 2054//2054 2079//2079 2066//2066
f 2011//2011 2055//2055 2080//2080
f 1901//1901 2030//2030 1950//1950
f 1919//1919 2076//2076 1991//1991
f 2033//2033 2077//2077 2072//2072
f 2021//2021 2063//2063 2040//2040
f 2082//2082 2042//2042 2002//2002
f 2028//2028 2079//2079 2054//2054
f 2083//2083 2061//2061 1994//1994
f 2084//2084 2034//2034 2031//2031
f 1973//1973 2078//2078 1961//1961
f 1978//1978 2032//2032 1926//1926
f 1979//1979 1990//1990 2081//2081
f 2002//2002 2045//2045 2082//2082
f 2085//2085 2069//2069 1948//1948
f 2035//2035 2048//2048 1999//1999
f 2075//2075 2086//2086 1959//1959
f 1929//1929 2043//2043 2070//2070
f 2087//2087 2077//2077 2040//2040
f 2052//2052 1957//1957 2088//2088
f 2069//2069 2089//2089 2017//2017
f 1989//1989 2085//2085 1948//1948
f 2036//2036 2011//2011 2080//2080
f 2059//2059 1992//1992 2029//2029
f 1998//1998 2074//2074 2090//2090
f 1978//1978 1979//1979 2092//2092
f 1990//1990 1939//1939 2093//2093
f 2094//2094 1939//1939 1949//1949
f 1901//1901 2050//2050 2095//2095
f 2096//2096 2063//2063 2051//2051
f 2047//2047 2088//2088 1957//1957
f 1998//1998 2073//2073 1988//1988
f 2097//2097 2043//2043 2027//2027
f 2060//2060 2068//2068 1993//1993
f 2098//2098 2085//2085 1989//1989
f 1975//1975 2098//2098 1989//1989
f 2081//2081 1990//1990 2093//2093
f 1914//1914 2099//2099 1919//1919
f 1997//1997 2100//2100 2038//2038
f 2039//2039 2101//2101 1997//1997
f 2039//2039 2020//2020 2102//2102
f 2040//2040 2063//2063 2087//2087
f 2103//2103 1980//1980 2042//2042
f 2042//2042 2082//2082 2103//2103
f 2047//2047 2046//2046 2071//2071
f 1994//1994 2073//2073 2104//2104
f 2086//2086 1955//1955 1959//1959
f 2028//2028 2036//2036 2105//2105
f 2058//2058 2037//2037 2012//2012
f 2106//2106 2060//2060 2013//2013
f 2083//2083 1994//1994 2107//2107
f 1979//1979 2081//2081 2092//2092
f 1995//1995 2025//2025 2108//2108
f 2084//2084 2091//2091 2034//2034
f 1968//1968 1966//1966 2109//2109
f 2027//2027 2044//2044 2097//2097
f 2001//2001 2065//2065 2110//2110
f 2068//2068 2111//2111 2029//2029
f 2009//2009 2098//2098 1975//1975
f 2112//2112 2082//2082 2045//2045
f 2073//2073 1998//1998 2113//2113
f 2034//2034 2091//2091 2025//2025
f 2053//2053 1968//1968 2109//2109
f 2110//2110 2078//2078 2001//2001
f 1985//1985 2037//2037 2114//2114
f 2061//2061 2106//2106 2013//2013
f 2071//2071 2017//2017 2089//2089
f 2030//2030 2094//2094 1949//1949
f 2018//2018 1991//1991 2076//2076
f 2076//2076 1919//1919 2099//2099
f 1967//1967 2038//2038 2115//2115
f 2100//2100 2115//2115 2038//2038
f 2104//2104 2107//2107 1994//1994
f 2064//2064 1955//1955 2117//2117
f 2118//2118 2119//2119 2079//2079
f 2080//2080 2055//2055 2120//2120
f 2058//2058 2114//2114 2037//2037
f 2058//2058 2016//2016 2121//2121
f 2076//2076 2122//2122 2018//2018
f 2115//2115 2019//2019 1967//1967
f 2102//2102 2101//2101 2039//2039
f 2072//2072 2102//2102 2020//2020
f 2041//2041 2096//2096 2051//2051
f 2116//2116 2088//2088 2047//2047
f 2108//2108 1971//1971 1995//1995
f 2091//2091 2108//2108 2025//2025
f 2124//2124 2026//2026 1977//1977
f 2035//2035 2053//2053 2125//2125
f 2109//2109 1966//1966 2126//2126
f 2057//2057 2126//2126 1966//1966
f 2097//2097 2127//2127 2043//2043
f 2078//2078 2110//2110 2128//2128
f 2036//2036 2080//2080 2129//2129
f 2032//2032 2130//2130 2062//2062
f 2092//2092 2032//2032 1978//1978
f 2072//2072 2077//2077 2123//2123
f 2131//2131 2103//2103 2082//2082
f 2132//2132 2000//2000 1961//1961
f 2067//2067 2133//2133 2055//2055
f 2134//2134 2111//2111 2068//2068
f 2135//2135 2061//2061 2083//2083
f 2093//2093 1939//1939 2136//2136
f 1939//1939 2094//2094 2136//2136
f 2138//2138 2077//2077 2087//2087
f 2023//2023 2139//2139 2056//2056
f 2023//2023 1980//1980 2140//2140
f 2103//2103 2140//2140 1980//1980
f 2141//2141 2131//2131 2082//2082
f 2082//2082 2112//2112 2141//2141
f 2045//2045 2052//2052 2112//2112
f 2090//2090 2074//2074 2142//2142
f 2053//2053 2109//2109 2143//2143
f 2044//2044 2000//2000 2144//2144
f 2079//2079 2028//2028 2105//2105
f 1985//1985 2133//2133 2067//2067
f 2085//2085 2098//2098 2145//2145
f 2137//2137 2094//2094 2030//2030
f 2050//2050 2018//2018 2122//2122
f 2041//2041 2056//2056 2146//2146
f 2139//2139 2146//2146 2056//2056
f 2104//2104 2147//2147 2107//2107
f 1998//1998 2090//2090 2113//2113
f 2127//2127 2070//2070 2043//2043
f 2129//2129 2105//2105 2036//2036
f 2133//2133 1985//1985 2114//2114
f 2121//2121 2016//2016 2149//2149
f 2059//2059 2149//2149 2016//2016
f 2111//2111 2149//2149 2059//2059
f 2059//2059 2029//2029 2111//2111
f 2150//2150 2069//2069 2085//2085
f 2019//2019 2151//2151 1914//1914
f 2138//2138 2123//2123 2077//2077
f 2063//2063 2096//2096 2152//2152
f 2153//2153 2096//2096 2041//2041
f 2146//2146 2153//2153 2041//2041
f 2088//2088 2112//2112 2052//2052
f 2120//2120 2129//2129 2080//2080
f 1971//1971 2154//2154 2024//2024
f 1977//1977 2048//2048 2155//2155
f 2086//2086 2117//2117 1955//1955
f 2000//2000 2132//2132 2144//2144
f 1961//1961 2078//2078 2156//2156
f 2069//2069 2150//2150 2089//2089
f 1901//1901 2157//2157 2030//2030
f 2099//2099 1914//1914 2151//2151
f 2116//2116 2047//2047 2071//2071
f 2158//2158 2118//2118 2079//2079
f 2079//2079 2105//2105 2158//2158
f 2055//2055 2133//2133 2120//2120
f 2155//2155 2124//2124 1977//1977
f 2048//2048 2035//2035 2159//2159
f 2035//2035 2125//2125 2159//2159
f 2132//2132 1961//1961 2156//2156
f 2150//2150 2160//2160 2089//2089
f 2157//2157 1901//1901 2095//2095
f 2162//2162 2138//2138 2087//2087
f 2063//2063 2152//2152 2162//2162
f 2061//2061 2135//2135 2163//2163
f 2164//2164 2092//2092 2081//2081
f 2161//2161 2122//2122 2076//2076
f 2072//2072 2123//2123 2165//2165
f 2087//2087 2063//2063 2162//2162
f 2143//2143 2125//2125 2053//2053
f 2064//2064 2166//2166 2057//2057
f 2166//2166 2064//2064 2117//2117
f 2105//2105 2129//2129 2167//2167
f 2068//2068 2060//2060 2168//2168
f 2163//2163 2106//2106 2061//2061
f 2107//2107 2135//2135 2083//2083
f 2150//2150 2085//2085 2145//2145
f 2032//2032 2092//2092 2169//2169
f 2101//2101 2100//2100 1997//1997
f 2170//2170 2147//2147 2104//2104
f 2124//2124 2031//2031 2026//2026
f 2159//2159 2155//2155 2048//2048
f 2117//2117 2086//2086 2172//2172
f 2148//2148 2058//2058 2121//2121
f 2134//2134 2173//2173 2111//2111
f 2050//2050 2122//2122 2174//2174
f 2076//2076 2099//2099 2175//2175
f 2102//2102 2072//2072 2165//2165
f 2139//2139 2023//2023 2140//2140
f 1971//1971 2108//2108 2154//2154
f 2124//2124 2176//2176 2031//2031
f 2177//2177 2159//2159 2125//2125
f 2120//2120 2133//2133 2178//2178
f 2114//2114 2178//2178 2133//2133
f 2058//2058 2148//2148 2114//2114
f 2111//2111 2179//2179 2149//2149
f 2174//2174 2095//2095 2050//2050
f 2101//2101 2102//2102 2180//2180
f 2181//2181 2182//2182 2138//2138
f 2138//2138 2162//2162 2181//2181
f 2183//2183 2112//2112 2088//2088
f 2116//2116 2183//2183 2088//2088
f 2173//2173 2179//2179 2111//2111
f 2184//2184 2134//2134 2068//2068
f 2068//2068 2168//2168 2184//2184
f 2185//2185 2161//2161 2076//2076
f 2076//2076 2175//2175 2185//2185
f 2019//2019 2115//2115 2186//2186
f 2073//2073 2113//2113 2104//2104
f 2090//2090 2142//2142 2187//2187
f 2188//2188 2024//2024 2154//2154
f 2125//2125 2143//2143 2177//2177
f 2097//2097 2044//2044 2189//2189
f 2144//2144 2189//2189 2044//2044
f 2128//2128 2156//2156 2078//2078
f 2190//2190 2110//2110 2119//2119
f 2060//2060 2106//2106 2191//2191
f 2163//2163 2192//2192 2106//2106
f 2150//2150 2145//2145 2193//2193
f 2195//2195 2100//2100 2101//2101
f 2139//2139 2140//2140 2196//2196
f 2116//2116 2071//2071 2197//2197
f 2198//2198 2108//2108 2091//2091
f 2124//2124 2155//2155 2199//2199
f 2057//2057 2166//2166 2126//2126
f 2121//2121 2149//2149 2200//2200
f 2179//2179 2200//2200 2149//2149
f 2062//2062 2201//2201 2009//2009
f 2169//2169 2130//2130 2032//2032
f 2115//2115 2100//2100 2194//2194
f 2101//2101 2180//2180 2202//2202
f 2091//2091 2084//2084 2198//2198
f 2114//2114 2148//2148 2205//2205
f 2191//2191 2106//2106 2192//2192
f 2201//2201 2098//2098 2009//2009
f 2206//2206 2136//2136 2094//2094
f 2202//2202 2207//2207 2101//2101
f 2183//2183 2116//2116 2197//2197
f 2209//2209 2154//2154 2108//2108
f 2108//2108 2171//2171 2203//2203
f 2172//2172 2086//2086 2075//2075
f 2210//2210 2128//2128 2110//2110
f 2190//2190 2210//2210 2110//2110
f 2178//2178 2129//2129 2120//2120
f 2191//2191 2168//2168 2060//2060
f 2135//2135 2211//2211 2163//2163
f 2174//2174 2122//2122 2212//2212
f 2194//2194 2186//2186 2115//2115
f 2182//2182 2123//2123 2138//2138
f 2162//2162 2152//2152 2213//2213
f 2089//2089 2197//2197 2071//2071
f 2113//2113 2214//2214 2104//2104
f 2198//2198 2171//2171 2108//2108
f 2199//2199 2176//2176 2124//2124
f 2155//2155 2159//2159 2215//2215
f 2143//2143 2109//2109 2216//2216
f 2178//2178 2114//2114 2205//2205
f 2192//2192 2163//2163 2211//2211
f 2093//2093 2217//2217 2081//2081
f 2137//2137 2030//2030 2157//2157
f 2196//2196 2140//2140 2218//2218
f 2103//2103 2218//2218 2140//2140
f 2219//2219 2199//2199 2155//2155
f 2220//2220 2173//2173 2134//2134
f 2135//2135 2107//2107 2221//2221
f 2147//2147 2221//2221 2107//2107
f 2130//2130 2169//2169 2222//2222
f 2164//2164 2169//2169 2092//2092
f 2217//2217 2093//2093 2136//2136
f 2122//2122 2161//2161 2212//2212
f 2195//2195 2101//2101 2207//2207
f 2162//2162 2213//2213 2181//2181
f 2152//2152 2096//2096 2223//2223
f 2141//2141 2112//2112 2224//2224
f 2183//2183 2208//2208 2112//2112
f 2197//2197 2089//2089 2225//2225
f 2215//2215 2219//2219 2155//2155
f 2177//2177 2143//2143 2226//2226
f 2216//2216 2204//2204 2143//2143
f 2097//2097 2189//2189 2127//2127
f 2200//2200 2227//2227 2121//2121
f 2184//2184 2220//2220 2134//2134
f 2089//2089 2160//2160 2225//2225
f 2218//2218 2103//2103 2228//2228
f 2103//2103 2131//2131 2228//2228
f 2229//2229 2131//2131 2141//2141
f 2104//2104 2214//2214 2170//2170
f 2209//2209 2188//2188 2154//2154
f 2108//2108 2203//2203 2209//2209
f 2176//2176 2084//2084 2031//2031
f 2132//2132 2156//2156 2230//2230
f 2231//2231 2190//2190 2118//2118
f 2173//2173 2220//2220 2179//2179
f 2233//2233 2221//2221 2147//2147
f 2186//2186 2151//2151 2019//2019
f 2195//2195 2194//2194 2100//2100
f 2153//2153 2223//2223 2096//2096
f 2141//2141 2224//2224 2229//2229
f 2208//2208 2224//2224 2112//2112
f 2187//2187 2113//2113 2090//2090
f 2144//2144 2132//2132 2230//2230
f 2121//2121 2227//2227 2148//2148
f 2234//2234 2160//2160 2150//2150
f 2201//2201 2062//2062 2235//2235
f 2130//2130 2235//2235 2062//2062
f 2217//2217 2136//2136 2206//2206
f 2229//2229 2228//2228 2131//2131
f 2236//2236 2224//2224 2208//2208
f 2192//2192 2211//2211 2238//2238
f 2170//2170 2233//2233 2147//2147
f 2150//2150 2193//2193 2234//2234
f 2081//2081 2239//2239 2164//2164
f 2206//2206 2094//2094 2137//2137
f 2240//2240 2165//2165 2123//2123
f 2188//2188 2187//2187 2142//2142
f 2142//2142 2074//2074 2188//2188
f 2117//2117 2241//2241 2166//2166
f 2242//2242 2129//2129 2243//2243
f 2129//2129 2178//2178 2243//2243
f 2192//2192 2238//2238 2191//2191
f 2217//2217 2239//2239 2081//2081
f 2244//2244 2245//2245 2202//2202
f 2123//2123 2182//2182 2240//2240
f 2074//2074 2024//2024 2188//2188
f 2226//2226 2143//2143 2204//2204
f 2075//2075 2070//2070 2246//2246
f 2210//2210 2190//2190 2247//2247
f 2178//2178 2205//2205 2248//2248
f 2227//2227 2248//2248 2148//2148
f 2207//2207 2202//2202 2245//2245
f 2250//2250 2208//2208 2183//2183
f 2209//2209 2203//2203 2251//2251
f 2198//2198 2084//2084 2252//2252
f 2126//2126 2216//2216 2109//2109
f 2205//2205 2148//2148 2248//2248
f 2095//2095 2249//2249 2157//2157
f 2194//2194 2195//2195 2207//2207
f 2165//2165 2240//2240 2244//2244
f 2127//2127 2189//2189 2253//2253
f 2237//2237 2230//2230 2156//2156
f 2167//2167 2129//2129 2254//2254
f 2248//2248 2243//2243 2178//2178
f 2211//2211 2135//2135 2255//2255
f 2221//2221 2255//2255 2135//2135
f 2193//2193 2145//2145 2256//2256
f 2223//2223 2213//2213 2152//2152
f 2250//2250 2183//2183 2197//2197
f 2188//2188 2209//2209 2257//2257
f 2171//2171 2258//2258 2203//2203
f 2201//2201 2256//2256 2145//2145
f 2145//2145 2098//2098 2201//2201
f 2169//2169 2164//2164 2259//2259
f 2206//2206 2137//2137 2260//2260
f 2240//2240 2261//2261 2244//2244
f 2139//2139 2262//2262 2146//2146
f 2197//2197 2225//2225 2263//2263
f 2166//2166 2216//2216 2126//2126
f 2253//2253 2265//2265 2127//2127
f 2266//2266 2253//2253 2189//2189
f 2189//2189 2144//2144 2266//2266
f 2179//2179 2232//2232 2200//2200
f 2214//2214 2233//2233 2170//2170
f 2225//2225 2160//2160 2267//2267
f 2234//2234 2267//2267 2160//2160
f 2137//2137 2157//2157 2249//2249
f 2213//2213 2223//2223 2268//2268
f 2196//2196 2269//2269 2139//2139
f 2250//2250 2236//2236 2208//2208
f 2265//2265 2070//2070 2127//2127
f 2270//2270 2211//2211 2255//2255
f 2214//2214 2113//2113 2271//2271
f 2113//2113 2187//2187 2271//2271
f 2188//2188 2257//2257 2187//2187
f 2176//2176 2252//2252 2084//2084
f 2272//2272 2226//2226 2204//2204
f 2265//2265 2246//2246 2070//2070
f 2247//2247 2128//2128 2210//2210
f 2191//2191 2238//2238 2273//2273
f 2274//2274 2181//2181 2213//2213
f 2268//2268 2274//2274 2213//2213
f 2146//2146 2262//2262 2275//2275
f 2256//2256 2276//2276 2193//2193
f 2206//2206 2260//2260 2217//2217
f 2095//2095 2174//2174 2277//2277
f 2207//2207 2278//2278 2194//2194
f 2261//2261 2245//2245 2244//2244
f 2279//2279 2280//2280 2105//2105
f 2105//2105 2167//2167 2279//2279
f 2242//2242 2254//2254 2129//2129
f 2179//2179 2220//2220 2232//2232
f 2281//2281 2168//2168 2191//2191
f 2282//2282 2240//2240 2182//2182
f 2223//2223 2153//2153 2283//2283
f 2153//2153 2275//2275 2283//2283
f 2153//2153 2146//2146 2275//2275
f 2250//2250 2197//2197 2284//2284
f 2234//2234 2193//2193 2285//2285
f 2276//2276 2285//2285 2193//2193
f 2174//2174 2212//2212 2277//2277
f 2212//2212 2161//2161 2287//2287
f 2253//2253 2266//2266 2288//2288
f 2231//2231 2247//2247 2190//2190
f 2270//2270 2273//2273 2238//2238
f 2211//2211 2270//2270 2238//2238
f 2235//2235 2130//2130 2222//2222
f 2199//2199 2264//2264 2176//2176
f 2243//2243 2248//2248 2290//2290
f 2221//2221 2233//2233 2289//2289
f 2233//2233 2214//2214 2291//2291
f 2292//2292 2282//2282 2182//2182
f 2181//2181 2292//2292 2182//2182
f 2269//2269 2262//2262 2139//2139
f 2239//2239 2259//2259 2164//2164
f 2137//2137 2249//2249 2286//2286
f 2249//2249 2095//2095 2293//2293
f 2185//2185 2294//2294 2161//2161
f 2241//2241 2117//2117 2172//2172
f 2266//2266 2144//2144 2295//2295
f 2230//2230 2295//2295 2144//2144
f 2296//2296 2232//2232 2220//2220
f 2220//2220 2184//2184 2296//2296
f 2281//2281 2191//2191 2273//2273
f 2294//2294 2287//2287 2161//2161
f 2187//2187 2257//2257 2299//2299
f 2176//2176 2264//2264 2252//2252
f 2246//2246 2172//2172 2075//2075
f 2254//2254 2279//2279 2167//2167
f 2289//2289 2297//2297 2221//2221
f 2289//2289 2233//2233 2291//2291
f 2263//2263 2284//2284 2197//2197
f 2300//2300 2267//2267 2234//2234
f 2260//2260 2137//2137 2286//2286
f 2301//2301 2207//2207 2245//2245
f 2261//2261 2301//2301 2245//2245
f 2271//2271 2302//2302 2214//2214
f 2215//2215 2159//2159 2303//2303
f 2253//2253 2288//2288 2265//2265
f 2237//2237 2156//2156 2304//2304
f 2156//2156 2128//2128 2304//2304
f 2247//2247 2304//2304 2128//2128
f 2305//2305 2263//2263 2267//2267
f 2222//2222 2169//2169 2306//2306
f 2277//2277 2293//2293 2095//2095
f 2212//2212 2287//2287 2277//2277
f 2278//2278 2298//2298 2194//2194
f 2177//2177 2303//2303 2159//2159
f 2272//2272 2204//2204 2216//2216
f 2246//2246 2307//2307 2172//2172
f 2296//2296 2308//2308 2232//2232
f 2228//2228 2229//2229 2309//2309
f 2236//2236 2250//2250 2284//2284
f 2187//2187 2299//2299 2271//2271
f 2227//2227 2200//2200 2310//2310
f 2232//2232 2310//2310 2200//2200
f 2308//2308 2310//2310 2232//2232
f 2311//2311 2296//2296 2184//2184
f 2312//2312 2184//2184 2168//2168
f 2168//2168 2281//2281 2312//2312
f 2255//2255 2221//2221 2313//2313
f 2221//2221 2297//2297 2313//2313
f 2268//2268 2223//2223 2283//2283
f 2269//2269 2196//2196 2314//2314
f 2218//2218 2314//2314 2196//2196
f 2229//2229 2224//2224 2309//2309
f 2315//2315 2256//2256 2201//2201
f 2201//2201 2235//2235 2315//2315
f 2222//2222 2316//2316 2235//2235
f 2185//2185 2175//2175 2317//2317
f 2194//2194 2298//2298 2318//2318
f 2301//2301 2319//2319 2207//2207
f 2320//2320 2257//2257 2209//2209
f 2226//2226 2321//2321 2177//2177
f 2216//2216 2166//2166 2322//2322
f 2241//2241 2172//2172 2307//2307
f 2295//2295 2288//2288 2266//2266
f 2242//2242 2243//2243 2290//2290
f 2240//2240 2282//2282 2323//2323
f 2268//2268 2283//2283 2274//2274
f 2324//2324 2283//2283 2275//2275
f 2325//2325 2224//2224 2236//2236
f 2285//2285 2300//2300 2234//2234
f 2316//2316 2315//2315 2235//2235
f 2259//2259 2306//2306 2169//2169
f 2186//2186 2194//2194 2318//2318
f 2207//2207 2327//2327 2278//2278
f 2328//2328 2198//2198 2252//2252
f 2166//2166 2241//2241 2322//2322
f 2263//2263 2329//2329 2284//2284
f 2317//2317 2330//2330 2185//2185
f 2151//2151 2175//2175 2099//2099
f 2331//2331 2332//2332 2302//2302
f 2302//2302 2271//2271 2331//2331
f 2322//2322 2333//2333 2216//2216
f 2254//2254 2242//2242 2335//2335
f 2181//2181 2274//2274 2292//2292
f 2336//2336 2292//2292 2274//2274
f 2274//2274 2283//2283 2324//2324
f 2236//2236 2284//2284 2337//2337
f 2305//2305 2326//2326 2263//2263
f 2259//2259 2239//2239 2338//2338
f 2217//2217 2338//2338 2239//2239
f 2330//2330 2294//2294 2185//2185
f 2319//2319 2301//2301 2339//2339
f 2303//2303 2177//2177 2340//2340
f 2321//2321 2340//2340 2177//2177
f 2272//2272 2216//2216 2341//2341
f 2247//2247 2231//2231 2334//2334
f 2312//2312 2311//2311 2184//2184
f 2289//2289 2291//2291 2343//2343
f 2326//2326 2329//2329 2263//2263
f 2260//2260 2286//2286 2344//2344
f 2258//2258 2171//2171 2345//2345
f 2171//2171 2198//2198 2345//2345
f 2328//2328 2345//2345 2198//2198
f 2346//2346 2199//2199 2219//2219
f 2296//2296 2311//2311 2348//2348
f 2324//2324 2275//2275 2349//2349
f 2350//2350 2314//2314 2218//2218
f 2228//2228 2350//2350 2218//2218
f 2309//2309 2224//2224 2351//2351
f 2325//2325 2351//2351 2224//2224
f 2300//2300 2305//2305 2267//2267
f 2316//2316 2222//2222 2306//2306
f 2299//2299 2257//2257 2352//2352
f 2258//2258 2251//2251 2203//2203
f 2335//2335 2242//2242 2290//2290
f 2353//2353 2342//2342 2290//2290
f 2290//2290 2248//2248 2353//2353
f 2348//2348 2308//2308 2296//2296
f 2285//2285 2276//2276 2354//2354
f 2256//2256 2354//2354 2276//2276
f 2339//2339 2355//2355 2319//2319
f 2257//2257 2320//2320 2352//2352
f 2264//2264 2199//2199 2356//2356
f 2323//2323 2282//2282 2357//2357
f 2358//2358 2274//2274 2324//2324
f 2315//2315 2354//2354 2256//2256
f 2217//2217 2260//2260 2359//2359
f 2360//2360 2293//2293 2277//2277
f 2277//2277 2287//2287 2360//2360
f 2319//2319 2327//2327 2207//2207
f 2352//2352 2361//2361 2299//2299
f 2362//2362 2335//2335 2290//2290
f 2363//2363 2351//2351 2325//2325
f 2337//2337 2325//2325 2236//2236
f 2329//2329 2337//2337 2284//2284
f 2305//2305 2364//2364 2326//2326
f 2344//2344 2359//2359 2260//2260
f 2365//2365 2344//2344 2286//2286
f 2366//2366 2365//2365 2286//2286
f 2209//2209 2251//2251 2320//2320
f 2346//2346 2356//2356 2199//2199
f 2346//2346 2219//2219 2368//2368
f 2219//2219 2215//2215 2368//2368
f 2304//2304 2369//2369 2237//2237
f 2227//2227 2353//2353 2248//2248
f 2364//2364 2370//2370 2326//2326
f 2371//2371 2332//2332 2331//2331
f 2252//2252 2264//2264 2356//2356
f 2303//2303 2368//2368 2215//2215
f 2265//2265 2347//2347 2246//2246
f 2347//2347 2265//2265 2288//2288
f 2372//2372 2288//2288 2295//2295
f 2295//2295 2230//2230 2373//2373
f 2230//2230 2237//2237 2373//2373
f 2304//2304 2247//2247 2369//2369
f 2279//2279 2254//2254 2374//2374
f 2335//2335 2374//2374 2254//2254
f 2273//2273 2270//2270 2375//2375
f 2270//2270 2255//2255 2375//2375
f 2274//2274 2358//2358 2336//2336
f 2363//2363 2325//2325 2376//2376
f 2252//2252 2356//2356 2328//2328
f 2333//2333 2341//2341 2216//2216
f 2307//2307 2378//2378 2241//2241
f 2281//2281 2273//2273 2375//2375
f 2297//2297 2289//2289 2379//2379
f 2380//2380 2379//2379 2289//2289
f 2324//2324 2349//2349 2381//2381
f 2382//2382 2275//2275 2262//2262
f 2262//2262 2269//2269 2382//2382
f 2337//2337 2376//2376 2325//2325
f 2383//2383 2337//2337 2329//2329
f 2326//2326 2370//2370 2329//2329
f 2338//2338 2217//2217 2359//2359
f 2318//2318 2384//2384 2186//2186
f 2278//2278 2327//2327 2298//2298
f 2361//2361 2271//2271 2299//2299
f 2362//2362 2290//2290 2342//2342
f 2310//2310 2308//2308 2385//2385
f 2308//2308 2348//2348 2386//2386
f 2255//2255 2313//2313 2388//2388
f 2389//2389 2388//2388 2313//2313
f 2313//2313 2297//2297 2389//2389
f 2282//2282 2292//2292 2390//2390
f 2324//2324 2381//2381 2358//2358
f 2391//2391 2376//2376 2337//2337
f 2249//2249 2366//2366 2286//2286
f 2330//2330 2317//2317 2392//2392
f 2369//2369 2373//2373 2237//2237
f 2383//2383 2391//2391 2337//2337
f 2186//2186 2367//2367 2151//2151
f 2327//2327 2319//2319 2355//2355
f 2247//2247 2334//2334 2393//2393
f 2362//2362 2394//2394 2335//2335
f 2353//2353 2227//2227 2395//2395
f 2387//2387 2255//2255 2388//2388
f 2390//2390 2357//2357 2282//2282
f 2354//2354 2315//2315 2396//2396
f 2397//2397 2318//2318 2298//2298
f 2327//2327 2397//2397 2298//2298
f 2322//2322 2241//2241 2378//2378
f 2342//2342 2395//2395 2398//2398
f 2342//2342 2353//2353 2395//2395
f 2399//2399 2348//2348 2311//2311
f 2314//2314 2400//2400 2269//2269
f 2350//2350 2228//2228 2401//2401
f 2402//2402 2228//2228 2309//2309
f 2309//2309 2351//2351 2402//2402
f 2351//2351 2363//2363 2402//2402
f 2403//2403 2363//2363 2376//2376
f 2316//2316 2396//2396 2315//2315
f 2404//2404 2307//2307 2246//2246
f 2372//2372 2347//2347 2288//2288
f 2311//2311 2312//2312 2399//2399
f 2375//2375 2255//2255 2387//2387
f 2390//2390 2405//2405 2357//2357
f 2314//2314 2350//2350 2406//2406
f 2401//2401 2406//2406 2350//2350
f 2359//2359 2344//2344 2407//2407
f 2365//2365 2407//2407 2344//2344
f 2249//2249 2293//2293 2408//2408
f 2317//2317 2175//2175 2409//2409
f 2355//2355 2410//2410 2327//2327
f 2411//2411 2331//2331 2271//2271
f 2271//2271 2361//2361 2411//2411
f 2413//2413 2258//2258 2345//2345
f 2321//2321 2226//2226 2414//2414
f 2272//2272 2414//2414 2226//2226
f 2378//2378 2307//2307 2404//2404
f 2347//2347 2372//2372 2415//2415
f 2372//2372 2295//2295 2373//2373
f 2280//2280 2393//2393 2334//2334
f 2398//2398 2362//2362 2342//2342
f 2310//2310 2416//2416 2227//2227
f 2308//2308 2417//2417 2385//2385
f 2379//2379 2389//2389 2297//2297
f 2390//2390 2292//2292 2418//2418
f 2376//2376 2391//2391 2419//2419
f 2329//2329 2370//2370 2383//2383
f 2300//2300 2285//2285 2420//2420
f 2316//2316 2306//2306 2421//2421
f 2306//2306 2259//2259 2422//2422
f 2251//2251 2258//2258 2412//2412
f 2345//2345 2328//2328 2423//2423
f 2356//2356 2346//2346 2424//2424
f 2373//2373 2415//2415 2372//2372
f 2385//2385 2416//2416 2310//2310
f 2386//2386 2417//2417 2308//2308
f 2426//2426 2386//2386 2348//2348
f 2358//2358 2427//2427 2336//2336
f 2275//2275 2382//2382 2349//2349
f 2400//2400 2382//2382 2269//2269
f 2403//2403 2428//2428 2363//2363
f 2376//2376 2419//2419 2403//2403
f 2429//2429 2396//2396 2316//2316
f 2421//2421 2429//2429 2316//2316
f 2421//2421 2306//2306 2422//2422
f 2259//2259 2338//2338 2422//2422
f 2365//2365 2366//2366 2430//2430
f 2431//2431 2360//2360 2287//2287
f 2294//2294 2431//2431 2287//2287
f 2175//2175 2151//2151 2409//2409
f 2377//2377 2367//2367 2186//2186
f 2413//2413 2345//2345 2433//2433
f 2356//2356 2424//2424 2328//2328
f 2393//2393 2369//2369 2247//2247
f 2394//2394 2374//2374 2335//2335
f 2348//2348 2399//2399 2426//2426
f 2292//2292 2336//2336 2418//2418
f 2408//2408 2366//2366 2249//2249
f 2294//2294 2330//2330 2392//2392
f 2367//2367 2409//2409 2151//2151
f 2412//2412 2258//2258 2413//2413
f 2322//2322 2425//2425 2333//2333
f 2436//2436 2393//2393 2280//2280
f 2395//2395 2227//2227 2416//2416
f 2389//2389 2379//2379 2437//2437
f 2438//2438 2405//2405 2390//2390
f 2390//2390 2418//2418 2438//2438
f 2428//2428 2402//2402 2363//2363
f 2439//2439 2383//2383 2370//2370
f 2364//2364 2439//2439 2370//2370
f 2305//2305 2300//2300 2440//2440
f 2420//2420 2440//2440 2300//2300
f 2377//2377 2186//2186 2384//2384
f 2397//2397 2384//2384 2318//2318
f 2434//2434 2411//2411 2361//2361
f 2361//2361 2352//2352 2441//2441
f 2352//2352 2442//2442 2441//2441
f 2352//2352 2320//2320 2442//2442
f 2303//2303 2340//2340 2443//2443
f 2347//2347 2415//2415 2444//2444
f 2336//2336 2427//2427 2445//2445
f 2446//2446 2381//2381 2349//2349
f 2447//2447 2338//2338 2359//2359
f 2410//2410 2355//2355 2448//2448
f 2355//2355 2432//2432 2448//2448
f 2434//2434 2361//2361 2441//2441
f 2423//2423 2433//2433 2345//2345
f 2303//2303 2449//2449 2368//2368
f 2246//2246 2347//2347 2435//2435
f 2362//2362 2398//2398 2394//2394
f 2388//2388 2389//2389 2450//2450
f 2437//2437 2450//2450 2389//2389
f 2228//2228 2402//2402 2451//2451
f 2392//2392 2431//2431 2294//2294
f 2411//2411 2371//2371 2331//2331
f 2340//2340 2321//2321 2452//2452
f 2279//2279 2436//2436 2280//2280
f 2454//2454 2445//2445 2427//2427
f 2391//2391 2383//2383 2455//2455
f 2407//2407 2447//2447 2359//2359
f 2456//2456 2407//2407 2430//2430
f 2410//2410 2457//2457 2327//2327
f 2371//2371 2411//2411 2458//2458
f 2449//2449 2303//2303 2443//2443
f 2459//2459 2272//2272 2341//2341
f 2444//2444 2435//2435 2347//2347
f 2373//2373 2369//2369 2461//2461
f 2394//2394 2398//2398 2462//2462
f 2416//2416 2385//2385 2463//2463
f 2375//2375 2464//2464 2281//2281
f 2388//2388 2453//2453 2387//2387
f 2401//2401 2228//2228 2451//2451
f 2419//2419 2391//2391 2465//2465
f 2408//2408 2293//2293 2466//2466
f 2320//2320 2251//2251 2442//2442
f 2341//2341 2333//2333 2425//2425
f 2246//2246 2435//2435 2404//2404
f 2467//2467 2444//2444 2415//2415
f 2460//2460 2415//2415 2373//2373
f 2369//2369 2393//2393 2461//2461
f 2417//2417 2463//2463 2385//2385
f 2417//2417 2386//2386 2468//2468
f 2469//2469 2312//2312 2281//2281
f 2464//2464 2469//2469 2281//2281
f 2375//2375 2387//2387 2464//2464
f 2382//2382 2446//2446 2349//2349
f 2406//2406 2470//2470 2314//2314
f 2471//2471 2420//2420 2285//2285
f 2354//2354 2471//2471 2285//2285
f 2422//2422 2338//2338 2447//2447
f 2472//2472 2431//2431 2392//2392
f 2452//2452 2321//2321 2414//2414
f 2460//2460 2467//2467 2415//2415
f 2461//2461 2460//2460 2373//2373
f 2374//2374 2474//2474 2279//2279
f 2395//2395 2416//2416 2475//2475
f 2476//2476 2475//2475 2416//2416
f 2438//2438 2418//2418 2477//2477
f 2446//2446 2358//2358 2381//2381
f 2478//2478 2402//2402 2428//2428
f 2465//2465 2391//2391 2479//2479
f 2455//2455 2479//2479 2391//2391
f 2293//2293 2360//2360 2466//2466
f 2317//2317 2409//2409 2480//2480
f 2448//2448 2432//2432 2481//2481
f 2418//2418 2336//2336 2482//2482
f 2400//2400 2314//2314 2470//2470
f 2483//2483 2403//2403 2419//2419
f 2484//2484 2383//2383 2439//2439
f 2485//2485 2484//2484 2439//2439
f 2439//2439 2364//2364 2485//2485
f 2429//2429 2486//2486 2396//2396
f 2392//2392 2317//2317 2472//2472
f 2487//2487 2409//2409 2367//2367
f 2445//2445 2482//2482 2336//2336
f 2402//2402 2478//2478 2488//2488
f 2465//2465 2489//2489 2419//2419
f 2354//2354 2396//2396 2486//2486
f 2429//2429 2421//2421 2490//2490
f 2251//2251 2412//2412 2442//2442
f 2463//2463 2476//2476 2416//2416
f 2492//2492 2386//2386 2426//2426
f 2450//2450 2437//2437 2493//2493
f 2494//2494 2493//2493 2437//2437
f 2328//2328 2424//2424 2495//2495
f 2459//2459 2414//2414 2272//2272
f 2467//2467 2496//2496 2444//2444
f 2497//2497 2461//2461 2393//2393
f 2474//2474 2436//2436 2279//2279
f 2464//2464 2387//2387 2453//2453
f 2453//2453 2388//2388 2498//2498
f 2450//2450 2498//2498 2388//2388
f 2493//2493 2499//2499 2450//2450
f 2482//2482 2477//2477 2418//2418
f 2478//2478 2428//2428 2403//2403
f 2483//2483 2478//2478 2403//2403
f 2479//2479 2489//2489 2465//2465
f 2500//2500 2360//2360 2431//2431
f 2457//2457 2410//2410 2501//2501
f 2448//2448 2481//2481 2491//2491
f 2364//2364 2305//2305 2440//2440
f 2472//2472 2500//2500 2431//2431
f 2410//2410 2448//2448 2501//2501
f 2411//2411 2434//2434 2458//2458
f 2499//2499 2498//2498 2450//2450
f 2454//2454 2427//2427 2502//2502
f 2427//2427 2358//2358 2502//2502
f 2446//2446 2502//2502 2358//2358
f 2483//2483 2419//2419 2489//2489
f 2354//2354 2486//2486 2471//2471
f 2422//2422 2490//2490 2421//2421
f 2447//2447 2407//2407 2503//2503
f 2360//2360 2500//2500 2466//2466
f 2457//2457 2384//2384 2397//2397
f 2501//2501 2448//2448 2504//2504
f 2491//2491 2504//2504 2448//2448
f 2505//2505 2398//2398 2395//2395
f 2395//2395 2475//2475 2505//2505
f 2506//2506 2492//2492 2426//2426
f 2426//2426 2399//2399 2506//2506
f 2312//2312 2469//2469 2399//2399
f 2461//2461 2507//2507 2460//2460
f 2505//2505 2462//2462 2398//2398
f 2417//2417 2468//2468 2508//2508
f 2492//2492 2468//2468 2386//2386
f 2510//2510 2493//2493 2511//2511
f 2511//2511 2477//2477 2510//2510
f 2482//2482 2510//2510 2477//2477
f 2401//2401 2451//2451 2512//2512
f 2488//2488 2451//2451 2402//2402
f 2484//2484 2455//2455 2383//2383
f 2397//2397 2327//2327 2457//2457
f 2458//2458 2504//2504 2491//2491
f 2440//2440 2485//2485 2364//2364
f 2513//2513 2430//2430 2366//2366
f 2366//2366 2408//2408 2513//2513
f 2441//2441 2473//2473 2434//2434
f 2328//2328 2495//2495 2423//2423
f 2514//2514 2346//2346 2368//2368
f 2449//2449 2514//2514 2368//2368
f 2414//2414 2459//2459 2515//2515
f 2374//2374 2394//2394 2516//2516
f 2462//2462 2517//2517 2394//2394
f 2453//2453 2498//2498 2509//2509
f 2518//2518 2407//2407 2456//2456
f 2500//2500 2472//2472 2519//2519
f 2459//2459 2341//2341 2520//2520
f 2341//2341 2425//2425 2520//2520
f 2507//2507 2467//2467 2460//2460
f 2517//2517 2516//2516 2394//2394
f 2447//2447 2503//2503 2522//2522
f 2524//2524 2504//2504 2458//2458
f 2433//2433 2423//2423 2525//2525
f 2495//2495 2525//2525 2423//2423
f 2526//2526 2496//2496 2467//2467
f 2527//2527 2505//2505 2475//2475
f 2510//2510 2499//2499 2493//2493
f 2521//2521 2455//2455 2484//2484
f 2519//2519 2472//2472 2528//2528
f 2434//2434 2473//2473 2529//2529
f 2378//2378 2404//2404 2530//2530
f 2531//2531 2435//2435 2444//2444
f 2444//2444 2496//2496 2531//2531
f 2467//2467 2507//2507 2532//2532
f 2469//2469 2464//2464 2453//2453
f 2489//2489 2479//2479 2533//2533
f 2471//2471 2486//2486 2534//2534
f 2486//2486 2429//2429 2535//2535
f 2536//2536 2503//2503 2407//2407
f 2407//2407 2518//2518 2536//2536
f 2513//2513 2537//2537 2430//2430
f 2374//2374 2516//2516 2538//2538
f 2463//2463 2417//2417 2539//2539
f 2498//2498 2499//2499 2540//2540
f 2541//2541 2510//2510 2482//2482
f 2482//2482 2445//2445 2541//2541
f 2483//2483 2489//2489 2542//2542
f 2529//2529 2524//2524 2458//2458
f 2458//2458 2434//2434 2529//2529
f 2442//2442 2412//2412 2543//2543
f 2514//2514 2424//2424 2346//2346
f 2452//2452 2443//2443 2340//2340
f 2532//2532 2526//2526 2467//2467
f 2461//2461 2497//2497 2507//2507
f 2544//2544 2507//2507 2497//2497
f 2474//2474 2544//2544 2436//2436
f 2505//2505 2517//2517 2462//2462
f 2476//2476 2527//2527 2475//2475
f 2509//2509 2498//2498 2540//2540
f 2499//2499 2510//2510 2540//2540
f 2546//2546 2454//2454 2502//2502
f 2401//2401 2547//2547 2406//2406
f 2455//2455 2533//2533 2479//2479
f 2490//2490 2535//2535 2429//2429
f 2472//2472 2317//2317 2480//2480
f 2501//2501 2548//2548 2457//2457
f 2514//2514 2495//2495 2424//2424
f 2425//2425 2322//2322 2549//2549
f 2539//2539 2417//2417 2508//2508
f 2550//2550 2453//2453 2509//2509
f 2546//2546 2445//2445 2454//2454
f 2470//2470 2406//2406 2547//2547
f 2488//2488 2512//2512 2451//2451
f 2478//2478 2483//2483 2551//2551
f 2440//2440 2552//2552 2485//2485
f 2422//2422 2553//2553 2490//2490
f 2384//2384 2457//2457 2548//2548
f 2441//2441 2442//2442 2543//2543
f 2554//2554 2404//2404 2435//2435
f 2435//2435 2531//2531 2554//2554
f 2507//2507 2544//2544 2555//2555
f 2538//2538 2474//2474 2374//2374
f 2527//2527 2517//2517 2505//2505
f 2483//2483 2542//2542 2556//2556
f 2552//2552 2440//2440 2557//2557
f 2447//2447 2553//2553 2422//2422
f 2487//2487 2480//2480 2409//2409
f 2558//2558 2487//2487 2367//2367
f 2501//2501 2504//2504 2559//2559
f 2504//2504 2524//2524 2559//2559
f 2560//2560 2412//2412 2413//2413
f 2525//2525 2413//2413 2433//2433
f 2561//2561 2506//2506 2399//2399
f 2399//2399 2469//2469 2561//2561
f 2469//2469 2545//2545 2561//2561
f 2545//2545 2469//2469 2453//2453
f 2510//2510 2562//2562 2540//2540
f 2489//2489 2533//2533 2542//2542
f 2377//2377 2558//2558 2367//2367
f 2377//2377 2523//2523 2558//2558
f 2322//2322 2378//2378 2549//2549
f 2531//2531 2496//2496 2526//2526
f 2541//2541 2562//2562 2510//2510
f 2563//2563 2541//2541 2445//2445
f 2445//2445 2546//2546 2563//2563
f 2420//2420 2557//2557 2440//2440
f 2408//2408 2466//2466 2564//2564
f 2548//2548 2501//2501 2565//2565
f 2543//2543 2473//2473 2441//2441
f 2560//2560 2413//2413 2566//2566
f 2525//2525 2566//2566 2413//2413
f 2547//2547 2401//2401 2512//2512
f 2486//2486 2567//2567 2534//2534
f 2486//2486 2535//2535 2567//2567
f 2522//2522 2553//2553 2447//2447
f 2568//2568 2466//2466 2500//2500
f 2501//2501 2559//2559 2565//2565
f 2569//2569 2565//2565 2559//2559
f 2530//2530 2549//2549 2378//2378
f 2554//2554 2530//2530 2404//2404
f 2551//2551 2483//2483 2556//2556
f 2570//2570 2420//2420 2471//2471
f 2471//2471 2534//2534 2570//2570
f 2536//2536 2522//2522 2503//2503
f 2472//2472 2572//2572 2528//2528
f 2529//2529 2473//2473 2569//2569
f 2543//2543 2412//2412 2574//2574
f 2560//2560 2574//2574 2412//2412
f 2575//2575 2474//2474 2538//2538
f 2508//2508 2468//2468 2576//2576
f 2492//2492 2576//2576 2468//2468
f 2577//2577 2550//2550 2509//2509
f 2446//2446 2578//2578 2502//2502
f 2512//2512 2488//2488 2579//2579
f 2488//2488 2478//2478 2580//2580
f 2567//2567 2535//2535 2581//2581
f 2535//2535 2490//2490 2581//2581
f 2582//2582 2581//2581 2490//2490
f 2490//2490 2553//2553 2582//2582
f 2466//2466 2571//2571 2564//2564
f 2384//2384 2573//2573 2523//2523
f 2523//2523 2377//2377 2384//2384
f 2400//2400 2470//2470 2583//2583
f 2584//2584 2579//2579 2488//2488
f 2580//2580 2584//2584 2488//2488
f 2551//2551 2580//2580 2478//2478
f 2521//2521 2484//2484 2585//2585
f 2522//2522 2536//2536 2586//2586
f 2568//2568 2571//2571 2466//2466
f 2523//2523 2573//2573 2587//2587
f 2588//2588 2443//2443 2452//2452
f 2589//2589 2526//2526 2532//2532
f 2590//2590 2589//2589 2532//2532
f 2507//2507 2590//2590 2532//2532
f 2507//2507 2555//2555 2590//2590
f 2591//2591 2555//2555 2544//2544
f 2474//2474 2591//2591 2544//2544
f 2592//2592 2545//2545 2453//2453
f 2453//2453 2550//2550 2592//2592
f 2509//2509 2540//2540 2577//2577
f 2484//2484 2485//2485 2552//2552
f 2570//2570 2557//2557 2420//2420
f 2480//2480 2572//2572 2472//2472
f 2593//2593 2569//2569 2473//2473
f 2452//2452 2414//2414 2594//2594
f 2576//2576 2595//2595 2508//2508
f 2562//2562 2577//2577 2540//2540
f 2596//2596 2382//2382 2400//2400
f 2547//2547 2583//2583 2470//2470
f 2597//2597 2533//2533 2455//2455
f 2519//2519 2568//2568 2500//2500
f 2565//2565 2569//2569 2598//2598
f 2593//2593 2598//2598 2569//2569
f 2531//2531 2526//2526 2599//2599
f 2516//2516 2517//2517 2600//2600
f 2550//2550 2577//2577 2601//2601
f 2546//2546 2502//2502 2602//2602
f 2596//2596 2400//2400 2603//2603
f 2533//2533 2604//2604 2542//2542
f 2585//2585 2484//2484 2552//2552
f 2605//2605 2568//2568 2519//2519
f 2528//2528 2605//2605 2519//2519
f 2606//2606 2517//2517 2527//2527
f 2539//2539 2508//2508 2607//2607
f 2563//2563 2562//2562 2541//2541
f 2521//2521 2597//2597 2455//2455
f 2522//2522 2582//2582 2553//2553
f 2608//2608 2537//2537 2513//2513
f 2513//2513 2408//2408 2608//2608
f 2588//2588 2452//2452 2609//2609
f 2515//2515 2459//2459 2520//2520
f 2538//2538 2516//2516 2610//2610
f 2611//2611 2576//2576 2492//2492
f 2563//2563 2546//2546 2612//2612
f 2602//2602 2612//2612 2546//2546
f 2578//2578 2446//2446 2613//2613
f 2604//2604 2556//2556 2542//2542
f 2587//2587 2614//2614 2523//2523
f 2593//2593 2473//2473 2574//2574
f 2526//2526 2589//2589 2615//2615
f 2575//2575 2591//2591 2474//2474
f 2476//2476 2463//2463 2616//2616
f 2539//2539 2616//2616 2463//2463
f 2382//2382 2596//2596 2613//2613
f 2583//2583 2603//2603 2400//2400
f 2551//2551 2556//2556 2617//2617
f 2556//2556 2604//2604 2617//2617
f 2585//2585 2597//2597 2521//2521
f 2536//2536 2518//2518 2618//2618
f 2571//2571 2619//2619 2564//2564
f 2487//2487 2620//2620 2480//2480
f 2573//2573 2384//2384 2621//2621
f 2473//2473 2543//2543 2574//2574
f 2574//2574 2560//2560 2622//2622
f 2514//2514 2623//2623 2495//2495
f 2449//2449 2443//2443 2588//2588
f 2452//2452 2594//2594 2609//2609
f 2476//2476 2606//2606 2527//2527
f 2602//2602 2502//2502 2578//2578
f 2446//2446 2382//2382 2613//2613
f 2624//2624 2605//2605 2528//2528
f 2531//2531 2599//2599 2554//2554
f 2526//2526 2615//2615 2599//2599
f 2590//2590 2615//2615 2589//2589
f 2591//2591 2625//2625 2555//2555
f 2626//2626 2492//2492 2506//2506
f 2627//2627 2601//2601 2577//2577
f 2577//2577 2562//2562 2627//2627
f 2572//2572 2480//2480 2628//2628
f 2621//2621 2384//2384 2548//2548
f 2525//2525 2495//2495 2629//2629
f 2625//2625 2590//2590 2555//2555
f 2601//2601 2592//2592 2550//2550
f 2602//2602 2578//2578 2630//2630
f 2580//2580 2551//2551 2631//2631
f 2604//2604 2533//2533 2597//2597
f 2597//2597 2585//2585 2632//2632
f 2620//2620 2628//2628 2480//2480
f 2614//2614 2558//2558 2523//2523
f 2566//2566 2622//2622 2560//2560
f 2425//2425 2549//2549 2633//2633
f 2610//2610 2516//2516 2600//2600
f 2562//2562 2634//2634 2627//2627
f 2612//2612 2602//2602 2630//2630
f 2536//2536 2618//2618 2635//2635
f 2636//2636 2621//2621 2548//2548
f 2565//2565 2636//2636 2548//2548
f 2637//2637 2515//2515 2520//2520
f 2520//2520 2425//2425 2633//2633
f 2554//2554 2599//2599 2638//2638
f 2625//2625 2591//2591 2639//2639
f 2640//2640 2591//2591 2575//2575
f 2538//2538 2640//2640 2575//2575
f 2492//2492 2626//2626 2611//2611
f 2627//2627 2641//2641 2601//2601
f 2604//2604 2597//2597 2642//2642
f 2557//2557 2570//2570 2643//2643
f 2534//2534 2643//2643 2570//2570
f 2522//2522 2586//2586 2644//2644
f 2586//2586 2645//2645 2644//2644
f 2645//2645 2586//2586 2536//2536
f 2536//2536 2635//2635 2645//2645
f 2623//2623 2514//2514 2646//2646
f 2599//2599 2615//2615 2647//2647
f 2617//2617 2631//2631 2551//2551
f 2617//2617 2604//2604 2648//2648
f 2552//2552 2557//2557 2649//2649
f 2534//2534 2567//2567 2650//2650
f 2408//2408 2564//2564 2651//2651
f 2652//2652 2629//2629 2495//2495
f 2495//2495 2623//2623 2652//2652
f 2414//2414 2515//2515 2594//2594
f 2506//2506 2561//2561 2626//2626
f 2653//2653 2592//2592 2601//2601
f 2601//2601 2641//2641 2653//2653
f 2563//2563 2612//2612 2654//2654
f 2630//2630 2578//2578 2655//2655
f 2613//2613 2655//2655 2578//2578
f 2656//2656 2617//2617 2648//2648
f 2642//2642 2648//2648 2604//2604
f 2552//2552 2632//2632 2585//2585
f 2657//2657 2618//2618 2537//2537
f 2537//2537 2608//2608 2657//2657
f 2651//2651 2608//2608 2408//2408
f 2625//2625 2659//2659 2590//2590
f 2517//2517 2606//2606 2660//2660
f 2661//2661 2626//2626 2561//2561
f 2643//2643 2534//2534 2650//2650
f 2657//2657 2635//2635 2618//2618
f 2593//2593 2574//2574 2662//2662
f 2525//2525 2663//2663 2566//2566
f 2515//2515 2637//2637 2594//2594
f 2659//2659 2647//2647 2615//2615
f 2600//2600 2517//2517 2660//2660
f 2561//2561 2545//2545 2661//2661
f 2592//2592 2661//2661 2545//2545
f 2631//2631 2617//2617 2656//2656
f 2632//2632 2642//2642 2597//2597
f 2567//2567 2581//2581 2650//2650
f 2644//2644 2582//2582 2522//2522
f 2568//2568 2605//2605 2571//2571
f 2587//2587 2573//2573 2658//2658
f 2621//2621 2658//2658 2573//2573
f 2664//2664 2514//2514 2449//2449
f 2588//2588 2609//2609 2665//2665
f 2659//2659 2625//2625 2666//2666
f 2625//2625 2639//2639 2666//2666
f 2640//2640 2639//2639 2591//2591
f 2654//2654 2562//2562 2563//2563
f 2649//2649 2557//2557 2667//2667
f 2564//2564 2619//2619 2651//2651
f 2565//2565 2598//2598 2668//2668
f 2598//2598 2593//2593 2668//2668
f 2662//2662 2668//2668 2593//2593
f 2622//2622 2566//2566 2669//2669
f 2594//2594 2670//2670 2609//2609
f 2671//2671 2549//2549 2530//2530
f 2530//2530 2554//2554 2671//2671
f 2638//2638 2671//2671 2554//2554
f 2653//2653 2641//2641 2672//2672
f 2654//2654 2634//2634 2562//2562
f 2673//2673 2654//2654 2612//2612
f 2630//2630 2673//2673 2612//2612
f 2642//2642 2632//2632 2674//2674
f 2675//2675 2674//2674 2632//2632
f 2574//2574 2622//2622 2669//2669
f 2629//2629 2663//2663 2525//2525
f 2633//2633 2637//2637 2520//2520
f 2676//2676 2638//2638 2599//2599
f 2677//2677 2639//2639 2640//2640
f 2655//2655 2613//2613 2678//2678
f 2632//2632 2552//2552 2675//2675
f 2649//2649 2675//2675 2552//2552
f 2668//2668 2636//2636 2565//2565
f 2623//2623 2646//2646 2652//2652
f 2664//2664 2449//2449 2679//2679
f 2449//2449 2588//2588 2679//2679
f 2665//2665 2679//2679 2588//2588
f 2670//2670 2665//2665 2609//2609
f 2594//2594 2637//2637 2680//2680
f 2581//2581 2582//2582 2681//2681
f 2608//2608 2682//2682 2657//2657
f 2683//2683 2619//2619 2571//2571
f 2624//2624 2528//2528 2684//2684
f 2685//2685 2676//2676 2599//2599
f 2599//2599 2647//2647 2685//2685
f 2686//2686 2677//2677 2640//2640
f 2616//2616 2606//2606 2476//2476
f 2673//2673 2630//2630 2687//2687
f 2613//2613 2596//2596 2678//2678
f 2688//2688 2584//2584 2580//2580
f 2580//2580 2631//2631 2688//2688
f 2557//2557 2643//2643 2667//2667
f 2571//2571 2605//2605 2683//2683
f 2572//2572 2628//2628 2689//2689
f 2633//2633 2549//2549 2690//2690
f 2538//2538 2686//2686 2640//2640
f 2610//2610 2686//2686 2538//2538
f 2607//2607 2616//2616 2539//2539
f 2634//2634 2641//2641 2627//2627
f 2631//2631 2656//2656 2691//2691
f 2692//2692 2691//2691 2656//2656
f 2648//2648 2692//2692 2656//2656
f 2614//2614 2587//2587 2693//2693
f 2514//2514 2664//2664 2646//2646
f 2660//2660 2694//2694 2600//2600
f 2695//2695 2653//2653 2672//2672
f 2687//2687 2630//2630 2655//2655
f 2642//2642 2692//2692 2648//2648
f 2642//2642 2674//2674 2696//2696
f 2697//2697 2696//2696 2674//2674
f 2698//2698 2684//2684 2528//2528
f 2699//2699 2698//2698 2528//2528
f 2572//2572 2699//2699 2528//2528
f 2700//2700 2658//2658 2621//2621
f 2603//2603 2678//2678 2596//2596
f 2642//2642 2696//2696 2692//2692
f 2650//2650 2581//2581 2701//2701
f 2681//2681 2701//2701 2581//2581
f 2669//2669 2702//2702 2574//2574
f 2666//2666 2647//2647 2659//2659
f 2512//2512 2579//2579 2703//2703
f 2681//2681 2582//2582 2704//2704
f 2644//2644 2704//2704 2582//2582
f 2614//2614 2487//2487 2558//2558
f 2700//2700 2621//2621 2636//2636
f 2668//2668 2662//2662 2705//2705
f 2574//2574 2702//2702 2662//2662
f 2686//2686 2610//2610 2706//2706
f 2673//2673 2707//2707 2654//2654
f 2603//2603 2583//2583 2708//2708
f 2583//2583 2547//2547 2708//2708
f 2584//2584 2703//2703 2579//2579
f 2605//2605 2624//2624 2709//2709
f 2684//2684 2709//2709 2624//2624
f 2680//2680 2670//2670 2594//2594
f 2610//2610 2600//2600 2710//2710
f 2694//2694 2710//2710 2600//2600
f 2711//2711 2595//2595 2576//2576
f 2653//2653 2695//2695 2712//2712
f 2641//2641 2634//2634 2707//2707
f 2707//2707 2634//2634 2654//2654
f 2713//2713 2687//2687 2655//2655
f 2655//2655 2678//2678 2713//2713
f 2643//2643 2650//2650 2714//2714
f 2700//2700 2693//2693 2587//2587
f 2671//2671 2690//2690 2549//2549
f 2645//2645 2635//2635 2715//2715
f 2651//2651 2619//2619 2716//2716
f 2709//2709 2683//2683 2605//2605
f 2620//2620 2487//2487 2717//2717
f 2636//2636 2668//2668 2705//2705
f 2662//2662 2702//2702 2705//2705
f 2718//2718 2663//2663 2629//2629
f 2606//2606 2616//2616 2719//2719
f 2595//2595 2607//2607 2508//2508
f 2713//2713 2720//2720 2687//2687
f 2721//2721 2667//2667 2643//2643
f 2643//2643 2714//2714 2721//2721
f 2650//2650 2701//2701 2722//2722
f 2619//2619 2683//2683 2716//2716
f 2689//2689 2699//2699 2572//2572
f 2587//2587 2658//2658 2700//2700
f 2723//2723 2724//2724 2636//2636
f 2663//2663 2725//2725 2566//2566
f 2690//2690 2637//2637 2633//2633
f 2726//2726 2685//2685 2647//2647
f 2639//2639 2727//2727 2666//2666
f 2639//2639 2677//2677 2728//2728
f 2606//2606 2729//2729 2660//2660
f 2707//2707 2672//2672 2641//2641
f 2730//2730 2713//2713 2678//2678
f 2675//2675 2649//2649 2731//2731
f 2650//2650 2722//2722 2714//2714
f 2700//2700 2636//2636 2724//2724
f 2629//2629 2652//2652 2718//2718
f 2733//2733 2671//2671 2638//2638
f 2677//2677 2686//2686 2706//2706
f 2606//2606 2719//2719 2729//2729
f 2616//2616 2607//2607 2734//2734
f 2735//2735 2673//2673 2687//2687
f 2678//2678 2603//2603 2730//2730
f 2708//2708 2730//2730 2603//2603
f 2722//2722 2701//2701 2681//2681
f 2644//2644 2645//2645 2715//2715
f 2682//2682 2608//2608 2737//2737
f 2737//2737 2608//2608 2651//2651
f 2651//2651 2716//2716 2737//2737
f 2705//2705 2723//2723 2636//2636
f 2647//2647 2666//2666 2726//2726
f 2661//2661 2592//2592 2653//2653
f 2691//2691 2692//2692 2738//2738
f 2736//2736 2731//2731 2649//2649
f 2620//2620 2689//2689 2628//2628
f 2739//2739 2705//2705 2702//2702
f 2637//2637 2732//2732 2740//2740
f 2741//2741 2639//2639 2728//2728
f 2742//2742 2607//2607 2595//2595
f 2595//2595 2711//2711 2742//2742
f 2576//2576 2611//2611 2743//2743
f 2611//2611 2626//2626 2744//2744
f 2688//2688 2631//2631 2745//2745
f 2631//2631 2691//2691 2745//2745
f 2738//2738 2745//2745 2691//2691
f 2697//2697 2675//2675 2746//2746
f 2716//2716 2683//2683 2747//2747
f 2638//2638 2676//2676 2733//2733
f 2743//2743 2711//2711 2576//2576
f 2748//2748 2744//2744 2626//2626
f 2626//2626 2661//2661 2748//2748
f 2707//2707 2695//2695 2672//2672
f 2547//2547 2512//2512 2749//2749
f 2717//2717 2487//2487 2750//2750
f 2614//2614 2750//2750 2487//2487
f 2670//2670 2680//2680 2751//2751
f 2732//2732 2637//2637 2690//2690
f 2677//2677 2706//2706 2728//2728
f 2752//2752 2742//2742 2711//2711
f 2653//2653 2748//2748 2661//2661
f 2753//2753 2749//2749 2512//2512
f 2703//2703 2753//2753 2512//2512
f 2667//2667 2736//2736 2649//2649
f 2718//2718 2652//2652 2754//2754
f 2637//2637 2740//2740 2680//2680
f 2741//2741 2727//2727 2639//2639
f 2744//2744 2743//2743 2611//2611
f 2715//2715 2682//2682 2756//2756
f 2757//2757 2737//2737 2716//2716
f 2614//2614 2693//2693 2750//2750
f 2693//2693 2700//2700 2758//2758
f 2669//2669 2566//2566 2725//2725
f 2679//2679 2665//2665 2664//2664
f 2607//2607 2742//2742 2734//2734
f 2673//2673 2735//2735 2759//2759
f 2721//2721 2714//2714 2760//2760
f 2715//2715 2755//2755 2644//2644
f 2737//2737 2756//2756 2682//2682
f 2761//2761 2758//2758 2700//2700
f 2700//2700 2762//2762 2761//2761
f 2724//2724 2762//2762 2700//2700
f 2754//2754 2652//2652 2646//2646
f 2646//2646 2664//2664 2754//2754
f 2706//2706 2610//2610 2763//2763
f 2610//2610 2710//2710 2763//2763
f 2764//2764 2711//2711 2743//2743
f 2707//2707 2673//2673 2759//2759
f 2749//2749 2708//2708 2547//2547
f 2746//2746 2696//2696 2697//2697
f 2675//2675 2731//2731 2765//2765
f 2722//2722 2681//2681 2766//2766
f 2683//2683 2709//2709 2767//2767
f 2739//2739 2723//2723 2705//2705
f 2665//2665 2670//2670 2768//2768
f 2733//2733 2690//2690 2671//2671
f 2710//2710 2694//2694 2769//2769
f 2746//2746 2675//2675 2765//2765
f 2770//2770 2731//2731 2736//2736
f 2736//2736 2667//2667 2770//2770
f 2714//2714 2722//2722 2771//2771
f 2766//2766 2771//2771 2722//2722
f 2715//2715 2772//2772 2755//2755
f 2739//2739 2702//2702 2774//2774
f 2775//2775 2726//2726 2666//2666
f 2729//2729 2769//2769 2694//2694
f 2694//2694 2660//2660 2729//2729
f 2721//2721 2770//2770 2667//2667
f 2776//2776 2766//2766 2681//2681
f 2737//2737 2757//2757 2777//2777
f 2767//2767 2747//2747 2683//2683
f 2728//2728 2778//2778 2741//2741
f 2712//2712 2748//2748 2653//2653
f 2779//2779 2759//2759 2735//2735
f 2735//2735 2687//2687 2780//2780
f 2720//2720 2780//2780 2687//2687
f 2703//2703 2584//2584 2781//2781
f 2782//2782 2584//2584 2688//2688
f 2738//2738 2692//2692 2783//2783
f 2692//2692 2696//2696 2783//2783
f 2746//2746 2783//2783 2696//2696
f 2784//2784 2684//2684 2698//2698
f 2693//2693 2758//2758 2750//2750
f 2751//2751 2768//2768 2670//2670
f 2740//2740 2785//2785 2680//2680
f 2685//2685 2726//2726 2676//2676
f 2786//2786 2778//2778 2728//2728
f 2706//2706 2786//2786 2728//2728
f 2787//2787 2752//2752 2711//2711
f 2744//2744 2748//2748 2788//2788
f 2735//2735 2780//2780 2779//2779
f 2776//2776 2681//2681 2704//2704
f 2737//2737 2777//2777 2789//2789
f 2718//2718 2790//2790 2663//2663
f 2664//2664 2665//2665 2791//2791
f 2690//2690 2733//2733 2792//2792
f 2787//2787 2711//2711 2764//2764
f 2730//2730 2793//2793 2713//2713
f 2782//2782 2794//2794 2584//2584
f 2795//2795 2783//2783 2746//2746
f 2760//2760 2770//2770 2721//2721
f 2757//2757 2716//2716 2747//2747
f 2723//2723 2739//2739 2797//2797
f 2774//2774 2797//2797 2739//2739
f 2725//2725 2663//2663 2790//2790
f 2768//2768 2791//2791 2665//2665
f 2785//2785 2751//2751 2680//2680
f 2775//2775 2727//2727 2798//2798
f 2727//2727 2741//2741 2798//2798
f 2778//2778 2798//2798 2741//2741
f 2745//2745 2799//2799 2688//2688
f 2731//2731 2770//2770 2796//2796
f 2800//2800 2765//2765 2731//2731
f 2731//2731 2796//2796 2800//2800
f 2801//2801 2796//2796 2770//2770
f 2756//2756 2737//2737 2802//2802
f 2789//2789 2802//2802 2737//2737
f 2707//2707 2759//2759 2803//2803
f 2804//2804 2803//2803 2759//2759
f 2793//2793 2720//2720 2713//2713
f 2794//2794 2781//2781 2584//2584
f 2745//2745 2738//2738 2806//2806
f 2776//2776 2771//2771 2766//2766
f 2773//2773 2767//2767 2709//2709
f 2709//2709 2684//2684 2773//2773
f 2807//2807 2774//2774 2702//2702
f 2702//2702 2669//2669 2807//2807
f 2740//2740 2732//2732 2808//2808
f 2809//2809 2742//2742 2752//2752
f 2748//2748 2712//2712 2788//2788
f 2810//2810 2730//2730 2708//2708
f 2781//2781 2753//2753 2703//2703
f 2765//2765 2795//2795 2746//2746
f 2760//2760 2811//2811 2770//2770
f 2772//2772 2715//2715 2812//2812
f 2756//2756 2812//2812 2715//2715
f 2699//2699 2813//2813 2698//2698
f 2814//2814 2762//2762 2724//2724
f 2723//2723 2814//2814 2724//2724
f 2695//2695 2707//2707 2815//2815
f 2779//2779 2804//2804 2759//2759
f 2780//2780 2720//2720 2816//2816
f 2793//2793 2816//2816 2720//2720
f 2806//2806 2738//2738 2783//2783
f 2801//2801 2770//2770 2811//2811
f 2818//2818 2817//2817 2689//2689
f 2689//2689 2620//2620 2818//2818
f 2717//2717 2818//2818 2620//2620
f 2754//2754 2790//2790 2718//2718
f 2754//2754 2664//2664 2791//2791
f 2819//2819 2734//2734 2742//2742
f 2799//2799 2782//2782 2688//2688
f 2806//2806 2805//2805 2745//2745
f 2760//2760 2714//2714 2820//2820
f 2777//2777 2757//2757 2821//2821
f 2817//2817 2699//2699 2689//2689
f 2717//2717 2750//2750 2822//2822
f 2750//2750 2758//2758 2822//2822
f 2823//2823 2822//2822 2758//2758
f 2740//2740 2808//2808 2824//2824
f 2786//2786 2706//2706 2825//2825
f 2616//2616 2734//2734 2719//2719
f 2815//2815 2707//2707 2803//2803
f 2796//2796 2801//2801 2826//2826
f 2644//2644 2827//2827 2704//2704
f 2644//2644 2755//2755 2828//2828
f 2772//2772 2828//2828 2755//2755
f 2747//2747 2821//2821 2757//2757
f 2797//2797 2774//2774 2829//2829
f 2831//2831 2790//2790 2754//2754
f 2824//2824 2785//2785 2740//2740
f 2778//2778 2786//2786 2832//2832
f 2833//2833 2763//2763 2710//2710
f 2769//2769 2833//2833 2710//2710
f 2826//2826 2800//2800 2796//2796
f 2834//2834 2826//2826 2801//2801
f 2776//2776 2835//2835 2771//2771
f 2776//2776 2704//2704 2836//2836
f 2723//2723 2797//2797 2837//2837
f 2807//2807 2838//2838 2774//2774
f 2807//2807 2669//2669 2838//2838
f 2725//2725 2838//2838 2669//2669
f 2763//2763 2825//2825 2706//2706
f 2734//2734 2819//2819 2719//2719
f 2771//2771 2835//2835 2839//2839
f 2836//2836 2835//2835 2776//2776
f 2747//2747 2767//2767 2821//2821
f 2761//2761 2823//2823 2758//2758
f 2837//2837 2840//2840 2723//2723
f 2829//2829 2837//2837 2797//2797
f 2785//2785 2824//2824 2841//2841
f 2695//2695 2815//2815 2842//2842
f 2839//2839 2714//2714 2771//2771
f 2704//2704 2827//2827 2836//2836
f 2821//2821 2843//2843 2777//2777
f 2699//2699 2817//2817 2813//2813
f 2840//2840 2814//2814 2723//2723
f 2792//2792 2732//2732 2690//2690
f 2844//2844 2792//2792 2733//2733
f 2844//2844 2733//2733 2676//2676
f 2845//2845 2819//2819 2742//2742
f 2809//2809 2845//2845 2742//2742
f 2712//2712 2695//2695 2846//2846
f 2842//2842 2846//2846 2695//2695
f 2847//2847 2804//2804 2779//2779
f 2848//2848 2847//2847 2779//2779
f 2779//2779 2780//2780 2848//2848
f 2849//2849 2848//2848 2780//2780
f 2780//2780 2816//2816 2849//2849
f 2805//2805 2806//2806 2850//2850
f 2839//2839 2820//2820 2714//2714
f 2828//2828 2827//2827 2644//2644
f 2851//2851 2818//2818 2717//2717
f 2717//2717 2822//2822 2851//2851
f 2790//2790 2830//2830 2852//2852
f 2853//2853 2830//2830 2790//2790
f 2790//2790 2831//2831 2853//2853
f 2791//2791 2831//2831 2754//2754
f 2778//2778 2855//2855 2798//2798
f 2825//2825 2832//2832 2786//2786
f 2781//2781 2856//2856 2753//2753
f 2799//2799 2794//2794 2782//2782
f 2745//2745 2805//2805 2857//2857
f 2850//2850 2857//2857 2805//2805
f 2795//2795 2765//2765 2858//2858
f 2811//2811 2834//2834 2801//2801
f 2859//2859 2821//2821 2767//2767
f 2767//2767 2773//2773 2859//2859
f 2762//2762 2814//2814 2840//2840
f 2860//2860 2808//2808 2732//2732
f 2792//2792 2860//2860 2732//2732
f 2861//2861 2775//2775 2798//2798
f 2798//2798 2855//2855 2861//2861
f 2778//2778 2832//2832 2855//2855
f 2729//2729 2862//2862 2769//2769
f 2793//2793 2730//2730 2863//2863
f 2708//2708 2864//2864 2810//2810
f 2856//2856 2749//2749 2753//2753
f 2765//2765 2800//2800 2858//2858
f 2811//2811 2760//2760 2820//2820
f 2773//2773 2684//2684 2859//2859
f 2725//2725 2790//2790 2852//2852
f 2854//2854 2844//2844 2676//2676
f 2712//2712 2846//2846 2865//2865
f 2842//2842 2815//2815 2866//2866
f 2803//2803 2866//2866 2815//2815
f 2810//2810 2863//2863 2730//2730
f 2799//2799 2745//2745 2857//2857
f 2858//2858 2800//2800 2826//2826
f 2828//2828 2772//2772 2867//2867
f 2812//2812 2867//2867 2772//2772
f 2843//2843 2789//2789 2777//2777
f 2818//2818 2851//2851 2868//2868
f 2829//2829 2774//2774 2869//2869
f 2768//2768 2751//2751 2870//2870
f 2751//2751 2785//2785 2870//2870
f 2872//2872 2794//2794 2799//2799
f 2783//2783 2795//2795 2873//2873
f 2811//2811 2820//2820 2874//2874
f 2762//2762 2823//2823 2761//2761
f 2838//2838 2869//2869 2774//2774
f 2871//2871 2855//2855 2832//2832
f 2719//2719 2819//2819 2875//2875
f 2787//2787 2809//2809 2752//2752
f 2865//2865 2788//2788 2712//2712
f 2850//2850 2806//2806 2876//2876
f 2791//2791 2768//2768 2877//2877
f 2870//2870 2877//2877 2768//2768
f 2726//2726 2854//2854 2676//2676
f 2719//2719 2862//2862 2729//2729
f 2826//2826 2834//2834 2878//2878
f 2834//2834 2811//2811 2874//2874
f 2843//2843 2821//2821 2879//2879
f 2822//2822 2823//2823 2851//2851
f 2880//2880 2840//2840 2837//2837
f 2837//2837 2829//2829 2880//2880
f 2882//2882 2824//2824 2808//2808
f 2726//2726 2775//2775 2883//2883
f 2871//2871 2861//2861 2855//2855
f 2871//2871 2832//2832 2825//2825
f 2744//2744 2788//2788 2884//2884
f 2788//2788 2865//2865 2884//2884
f 2816//2816 2793//2793 2885//2885
f 2887//2887 2823//2823 2762//2762
f 2844//2844 2854//2854 2888//2888
f 2775//2775 2861//2861 2889//2889
f 2769//2769 2862//2862 2833//2833
f 2891//2891 2859//2859 2684//2684
f 2838//2838 2725//2725 2852//2852
f 2775//2775 2889//2889 2883//2883
f 2847//2847 2848//2848 2892//2892
f 2873//2873 2795//2795 2893//2893
f 2795//2795 2858//2858 2893//2893
f 2802//2802 2789//2789 2890//2890
f 2868//2868 2817//2817 2818//2818
f 2851//2851 2823//2823 2868//2868
f 2880//2880 2829//2829 2894//2894
f 2829//2829 2869//2869 2894//2894
f 2824//2824 2882//2882 2895//2895
f 2882//2882 2808//2808 2860//2860
f 2763//2763 2896//2896 2825//2825
f 2873//2873 2806//2806 2783//2783
f 2858//2858 2826//2826 2878//2878
f 2762//2762 2840//2840 2887//2887
f 2825//2825 2897//2897 2871//2871
f 2862//2862 2719//2719 2898//2898
f 2764//2764 2899//2899 2787//2787
f 2803//2803 2804//2804 2866//2866
f 2892//2892 2804//2804 2847//2847
f 2864//2864 2708//2708 2749//2749
f 2794//2794 2872//2872 2900//2900
f 2756//2756 2802//2802 2890//2890
f 2859//2859 2891//2891 2901//2901
f 2684//2684 2784//2784 2891//2891
f 2887//2887 2868//2868 2823//2823
f 2852//2852 2881//2881 2838//2838
f 2896//2896 2897//2897 2825//2825
f 2743//2743 2744//2744 2902//2902
f 2892//2892 2903//2903 2804//2804
f 2849//2849 2816//2816 2885//2885
f 2900//2900 2781//2781 2794//2794
f 2843//2843 2904//2904 2789//2789
f 2784//2784 2698//2698 2905//2905
f 2906//2906 2887//2887 2840//2840
f 2907//2907 2853//2853 2831//2831
f 2841//2841 2870//2870 2785//2785
f 2841//2841 2824//2824 2908//2908
f 2909//2909 2882//2882 2860//2860
f 2809//2809 2787//2787 2910//2910
f 2902//2902 2744//2744 2884//2884
f 2793//2793 2863//2863 2911//2911
f 2864//2864 2912//2912 2810//2810
f 2893//2893 2913//2913 2873//2873
f 2858//2858 2878//2878 2893//2893
f 2839//2839 2835//2835 2914//2914
f 2886//2886 2904//2904 2843//2843
f 2901//2901 2821//2821 2859//2859
f 2915//2915 2907//2907 2877//2877
f 2895//2895 2908//2908 2824//2824
f 2860//2860 2792//2792 2909//2909
f 2792//2792 2844//2844 2917//2917
f 2854//2854 2726//2726 2888//2888
f 2919//2919 2763//2763 2833//2833
f 2900//2900 2872//2872 2920//2920
f 2820//2820 2839//2839 2921//2921
f 2890//2890 2922//2922 2756//2756
f 2904//2904 2890//2890 2789//2789
f 2879//2879 2886//2886 2843//2843
f 2905//2905 2891//2891 2784//2784
f 2698//2698 2813//2813 2905//2905
f 2830//2830 2853//2853 2923//2923
f 2870//2870 2841//2841 2916//2916
f 2844//2844 2918//2918 2917//2917
f 2888//2888 2918//2918 2844//2844
f 2726//2726 2883//2883 2888//2888
f 2924//2924 2883//2883 2889//2889
f 2875//2875 2819//2819 2925//2925
f 2819//2819 2845//2845 2926//2926
f 2903//2903 2866//2866 2804//2804
f 2885//2885 2793//2793 2911//2911
f 2873//2873 2913//2913 2927//2927
f 2836//2836 2827//2827 2928//2928
f 2869//2869 2838//2838 2881//2881
f 2719//2719 2875//2875 2898//2898
f 2875//2875 2925//2925 2898//2898
f 2806//2806 2873//2873 2927//2927
f 2834//2834 2874//2874 2930//2930
f 2928//2928 2914//2914 2835//2835
f 2835//2835 2836//2836 2928//2928
f 2929//2929 2905//2905 2813//2813
f 2931//2931 2929//2929 2813//2813
f 2870//2870 2915//2915 2877//2877
f 2792//2792 2917//2917 2932//2932
f 2926//2926 2809//2809 2910//2910
f 2781//2781 2900//2900 2856//2856
f 2933//2933 2872//2872 2799//2799
f 2857//2857 2933//2933 2799//2799
f 2928//2928 2827//2827 2934//2934
f 2828//2828 2934//2934 2827//2827
f 2891//2891 2905//2905 2901//2901
f 2935//2935 2906//2906 2840//2840
f 2840//2840 2880//2880 2935//2935
f 2894//2894 2935//2935 2880//2880
f 2936//2936 2889//2889 2861//2861
f 2919//2919 2896//2896 2763//2763
f 2849//2849 2892//2892 2848//2848
f 2867//2867 2934//2934 2828//2828
f 2817//2817 2868//2868 2937//2937
f 2894//2894 2869//2869 2938//2938
f 2869//2869 2881//2881 2939//2939
f 2939//2939 2881//2881 2852//2852
f 2852//2852 2830//2830 2923//2923
f 2932//2932 2909//2909 2792//2792
f 2924//2924 2889//2889 2936//2936
f 2897//2897 2896//2896 2940//2940
f 2809//2809 2926//2926 2845//2845
f 2911//2911 2941//2941 2885//2885
f 2942//2942 2864//2864 2749//2749
f 2749//2749 2856//2856 2942//2942
f 2878//2878 2834//2834 2930//2930
f 2839//2839 2914//2914 2943//2943
f 2944//2944 2901//2901 2905//2905
f 2817//2817 2945//2945 2813//2813
f 2887//2887 2946//2946 2868//2868
f 2894//2894 2938//2938 2935//2935
f 2910//2910 2787//2787 2948//2948
f 2892//2892 2849//2849 2949//2949
f 2943//2943 2921//2921 2839//2839
f 2813//2813 2945//2945 2931//2931
f 2887//2887 2906//2906 2951//2951
f 2939//2939 2938//2938 2869//2869
f 2952//2952 2923//2923 2853//2853
f 2853//2853 2907//2907 2952//2952
f 2930//2930 2874//2874 2953//2953
f 2934//2934 2867//2867 2954//2954
f 2879//2879 2821//2821 2956//2956
f 2957//2957 2944//2944 2905//2905
f 2946//2946 2937//2937 2868//2868
f 2887//2887 2951//2951 2946//2946
f 2907//2907 2915//2915 2952//2952
f 2899//2899 2764//2764 2959//2959
f 2912//2912 2863//2863 2810//2810
f 2821//2821 2901//2901 2956//2956
f 2939//2939 2852//2852 2958//2958
f 2888//2888 2947//2947 2918//2918
f 2883//2883 2947//2947 2888//2888
f 2862//2862 2919//2919 2833//2833
f 2902//2902 2884//2884 2961//2961
f 2953//2953 2874//2874 2962//2962
f 2922//2922 2890//2890 2963//2963
f 2879//2879 2964//2964 2886//2886
f 2905//2905 2929//2929 2957//2957
f 2906//2906 2935//2935 2951//2951
f 2916//2916 2915//2915 2870//2870
f 2882//2882 2909//2909 2960//2960
f 2965//2965 2924//2924 2936//2936
f 2862//2862 2898//2898 2966//2966
f 2901//2901 2950//2950 2956//2956
f 2958//2958 2967//2967 2939//2939
f 2923//2923 2952//2952 2968//2968
f 2895//2895 2882//2882 2960//2960
f 2787//2787 2899//2899 2948//2948
f 2969//2969 2884//2884 2865//2865
f 2878//2878 2930//2930 2970//2970
f 2874//2874 2971//2971 2962//2962
f 2904//2904 2886//2886 2955//2955
f 2964//2964 2955//2955 2886//2886
f 2852//2852 2923//2923 2958//2958
f 2968//2968 2958//2958 2923//2923
f 2960//2960 2908//2908 2895//2895
f 2883//2883 2924//2924 2972//2972
f 2940//2940 2896//2896 2973//2973
f 2898//2898 2925//2925 2966//2966
f 2865//2865 2846//2846 2969//2969
f 2974//2974 2903//2903 2892//2892
f 2949//2949 2849//2849 2975//2975
f 2885//2885 2975//2975 2849//2849
f 2893//2893 2878//2878 2970//2970
f 2943//2943 2914//2914 2976//2976
f 2963//2963 2890//2890 2977//2977
f 2977//2977 2890//2890 2904//2904
f 2955//2955 2977//2977 2904//2904
f 2817//2817 2937//2937 2978//2978
f 2946//2946 2951//2951 2979//2979
f 2939//2939 2980//2980 2938//2938
f 2981//2981 2915//2915 2916//2916
f 2883//2883 2972//2972 2947//2947
f 2926//2926 2910//2910 2982//2982
f 2941//2941 2975//2975 2885//2885
f 2863//2863 2983//2983 2911//2911
f 2953//2953 2970//2970 2930//2930
f 2921//2921 2943//2943 2971//2971
f 2914//2914 2928//2928 2976//2976
f 2935//2935 2938//2938 2984//2984
f 2908//2908 2916//2916 2841//2841
f 2896//2896 2919//2919 2985//2985
f 2819//2819 2986//2986 2925//2925
f 2926//2926 2986//2986 2819//2819
f 2764//2764 2743//2743 2987//2987
f 2902//2902 2987//2987 2743//2743
f 2949//2949 2974//2974 2892//2892
f 2941//2941 2911//2911 2983//2983
f 2876//2876 2806//2806 2988//2988
f 2927//2927 2988//2988 2806//2806
f 2970//2970 2913//2913 2893//2893
f 2951//2951 2935//2935 2989//2989
f 2973//2973 2990//2990 2940//2940
f 2919//2919 2862//2862 2991//2991
f 2910//2910 2948//2948 2982//2982
f 2959//2959 2764//2764 2987//2987
f 2884//2884 2969//2969 2961//2961
f 2975//2975 2992//2992 2949//2949
f 2950//2950 2901//2901 2944//2944
f 2979//2979 2937//2937 2946//2946
f 2993//2993 2980//2980 2939//2939
f 2967//2967 2993//2993 2939//2939
f 2932//2932 2960//2960 2909//2909
f 2994//2994 2972//2972 2924//2924
f 2924//2924 2965//2965 2994//2994
f 2982//2982 2986//2986 2926//2926
f 2983//2983 2863//2863 2995//2995
f 2912//2912 2995//2995 2863//2863
f 2929//2929 2996//2996 2957//2957
f 2984//2984 2938//2938 2980//2980
f 2916//2916 2908//2908 2997//2997
f 2998//2998 2908//2908 2960//2960
f 2973//2973 2896//2896 2985//2985
f 2982//2982 2948//2948 2999//2999
f 3000//3000 2913//2913 2970//2970
f 3001//3001 2934//2934 3002//3002
f 2879//2879 2956//2956 3003//3003
f 2950//2950 3003//3003 2956//2956
f 2996//2996 2944//2944 2957//2957
f 3004//3004 2817//2817 2978//2978
f 2951//2951 2989//2989 2979//2979
f 2952//2952 2915//2915 2981//2981
f 2985//2985 3005//3005 2973//2973
f 2985//2985 2919//2919 2991//2991
f 2925//2925 3006//3006 2966//2966
f 2920//2920 2872//2872 3007//3007
f 2988//2988 3008//3008 2876//2876
f 2976//2976 2928//2928 3009//3009
f 3001//3001 3009//3009 2928//2928
f 2928//2928 2934//2934 3001//3001
f 3010//3010 3003//3003 2950//2950
f 2950//2950 2944//2944 3010//3010
f 2931//2931 2945//2945 3011//3011
f 2945//2945 2817//2817 3004//3004
f 2937//2937 2979//2979 3012//3012
f 2935//2935 2984//2984 2989//2989
f 2958//2958 2968//2968 3013//3013
f 3014//3014 2968//2968 2952//2952
f 3015//3015 2994//2994 2965//2965
f 2990//2990 2973//2973 3005//3005
f 2846//2846 2842//2842 2969//2969
f 2857//2857 2850//2850 3016//3016
f 2850//2850 2876//2876 3016//3016
f 3000//3000 2927//2927 2913//2913
f 3017//3017 3018//3018 2953//2953
f 2953//2953 2962//2962 3017//3017
f 2971//2971 2943//2943 3019//3019
f 2977//2977 3020//3020 2963//2963
f 2964//2964 2879//2879 3003//3003
f 2996//2996 3010//3010 2944//2944
f 2929//2929 2931//2931 2996//2996
f 2932//2932 2917//2917 3021//3021
f 2917//2917 2918//2918 3022//3022
f 2966//2966 3023//3023 2862//2862
f 3024//3024 2999//2999 2948//2948
f 2948//2948 2899//2899 3024//3024
f 2900//2900 2920//2920 3025//3025
f 3008//3008 3016//3016 2876//2876
f 3019//3019 3026//3026 2971//2971
f 2943//2943 2976//2976 3019//3019
f 3009//3009 3027//3027 2976//2976
f 3003//3003 3028//3028 2964//2964
f 2978//2978 2937//2937 3012//3012
f 2967//2967 2958//2958 3013//3013
f 2981//2981 3014//3014 2952//2952
f 2908//2908 2998//2998 2997//2997
f 3029//3029 3022//3022 2918//2918
f 2918//2918 2947//2947 3029//3029
f 2947//2947 2972//2972 3029//3029
f 2972//2972 2994//2994 3030//3030
f 3005//3005 3015//3015 2990//2990
f 2985//2985 2991//2991 3023//3023
f 2899//2899 2959//2959 3024//3024
f 2842//2842 2866//2866 3031//3031
f 3032//3032 2866//2866 2903//2903
f 2974//2974 3032//3032 2903//2903
f 2992//2992 2974//2974 2949//2949
f 2962//2962 2971//2971 3034//3034
f 3026//3026 3034//3034 2971//2971
f 3027//3027 3019//3019 2976//2976
f 2977//2977 2955//2955 3035//3035
f 2955//2955 2964//2964 3028//3028
f 2996//2996 2931//2931 3036//3036
f 2979//2979 2989//2989 3037//3037
f 3038//3038 2989//2989 2984//2984
f 2980//2980 3038//3038 2984//2984
f 2993//2993 3039//3039 2980//2980
f 2997//2997 2981//2981 2916//2916
f 2932//2932 3040//3040 2960//2960
f 3021//3021 3040//3040 2932//2932
f 3022//3022 3021//3021 2917//2917
f 2862//2862 3023//3023 2991//2991
f 3023//3023 2966//2966 3006//3006
f 3041//3041 2992//2992 2975//2975
f 2942//2942 2856//2856 3033//3033
f 3033//3033 2856//2856 3025//3025
f 2856//2856 2900//2900 3025//3025
f 3018//3018 3000//3000 2970//2970
f 2970//2970 2953//2953 3018//3018
f 3001//3001 3020//3020 3042//3042
f 2977//2977 3042//3042 3020//3020
f 3028//3028 3035//3035 2955//2955
f 3028//3028 3003//3003 3043//3043
f 3044//3044 3043//3043 3003//3003
f 3003//3003 3010//3010 3044//3044
f 2931//2931 3011//3011 3036//3036
f 3004//3004 3011//3011 2945//2945
f 3012//3012 2979//2979 3037//3037
f 3039//3039 3038//3038 2980//2980
f 3014//3014 3045//3045 2968//2968
f 2981//2981 2997//2997 3046//3046
f 2960//2960 3040//3040 2998//2998
f 2925//2925 2986//2986 3006//3006
f 2969//2969 2842//2842 3031//3031
f 3009//3009 3001//3001 3047//3047
f 3010//3010 2996//2996 3048//3048
f 2989//2989 3038//3038 3037//3037
f 3049//3049 2997//2997 2998//2998
f 3040//3040 3049//3049 2998//2998
f 3029//3029 2972//2972 3050//3050
f 3030//3030 3050//3050 2972//2972
f 3051//3051 3030//3030 2994//2994
f 3015//3015 3051//3051 2994//2994
f 2902//2902 2961//2961 2987//2987
f 3032//3032 2974//2974 2992//2992
f 2975//2975 2941//2941 3041//3041
f 2941//2941 2983//2983 3041//3041
f 2872//2872 2933//2933 3007//3007
f 3052//3052 2927//2927 3000//3000
f 3047//3047 3027//3027 3009//3009
f 3001//3001 3042//3042 3047//3047
f 3035//3035 3042//3042 2977//2977
f 3035//3035 3028//3028 3043//3043
f 3048//3048 3044//3044 3010//3010
f 3053//3053 2993//2993 2967//2967
f 2968//2968 3045//3045 3013//3013
f 3014//3014 2981//2981 3046//3046
f 3015//3015 3005//3005 3054//3054
f 2995//2995 3041//3041 2983//2983
f 2857//2857 3016//3016 3055//3055
f 3008//3008 2988//2988 3056//3056
f 3018//3018 3057//3057 3000//3000
f 2962//2962 3034//3034 3017//3017
f 3058//3058 3026//3026 3019//3019
f 2996//2996 3036//3036 3048//3048
f 3036//3036 3011//3011 3059//3059
f 3004//3004 3059//3059 3011//3011
f 3013//3013 3053//3053 2967//2967
f 3049//3049 3060//3060 2997//2997
f 3040//3040 3021//3021 3061//3061
f 3022//3022 3062//3062 3021//3021
f 3022//3022 3029//3029 3050//3050
f 3054//3054 3051//3051 3015//3015
f 3005//3005 2985//2985 3063//3063
f 3023//3023 3006//3006 3064//3064
f 3065//3065 3032//3032 2992//2992
f 3055//3055 3016//3016 3056//3056
f 3008//3008 3056//3056 3016//3016
f 3034//3034 3026//3026 3066//3066
f 3019//3019 3027//3027 3067//3067
f 3059//3059 3048//3048 3036//3036
f 3012//3012 3037//3037 3068//3068
f 3046//3046 3045//3045 3014//3014
f 3050//3050 3062//3062 3022//3022
f 3050//3050 3030//3030 3069//3069
f 3063//3063 3054//3054 3005//3005
f 3070//3070 3063//3063 2985//2985
f 2985//2985 3023//3023 3070//3070
f 3023//3023 3064//3064 3070//3070
f 3064//3064 3006//3006 2986//2986
f 2986//2986 2982//2982 3071//3071
f 2999//2999 3071//3071 2982//2982
f 3072//3072 3024//3024 2959//2959
f 2959//2959 2987//2987 3072//3072
f 3073//3073 3032//3032 3065//3065
f 3065//3065 3041//3041 3074//3074
f 2995//2995 3074//3074 3041//3041
f 2933//2933 2857//2857 3055//3055
f 2988//2988 2927//2927 3052//3052
f 3034//3034 3066//3066 3017//3017
f 3058//3058 3066//3066 3026//3026
f 3019//3019 3067//3067 3058//3058
f 3044//3044 3075//3075 3043//3043
f 3076//3076 3004//3004 2978//2978
f 3077//3077 3076//3076 2978//2978
f 3012//3012 3077//3077 2978//2978
f 3068//3068 3077//3077 3012//3012
f 3078//3078 3068//3068 3037//3037
f 3046//3046 2997//2997 3060//3060
f 3061//3061 3079//3079 3040//3040
f 3051//3051 3069//3069 3030//3030
f 3024//3024 3080//3080 2999//2999
f 3073//3073 2866//2866 3032//3032
f 3074//3074 3082//3082 3065//3065
f 3083//3083 3018//3018 3017//3017
f 3035//3035 3043//3043 3084//3084
f 3044//3044 3048//3048 3085//3085
f 3059//3059 3004//3004 3076//3076
f 3037//3037 3038//3038 3078//3078
f 3039//3039 2993//2993 3086//3086
f 2993//2993 3053//3053 3086//3086
f 3049//3049 3040//3040 3087//3087
f 3040//3040 3079//3079 3087//3087
f 3062//3062 3061//3061 3021//3021
f 3088//3088 3064//3064 2986//2986
f 2986//2986 3071//3071 3088//3088
f 3080//3080 3089//3089 2999//2999
f 3024//3024 3072//3072 3080//3080
f 3081//3081 2987//2987 2961//2961
f 2866//2866 3073//3073 3031//3031
f 2942//2942 2912//2912 2864//2864
f 3090//3090 3025//3025 2920//2920
f 3052//3052 3056//3056 2988//2988
f 3057//3057 3052//3052 3000//3000
f 3017//3017 3066//3066 3083//3083
f 3027//3027 3047//3047 3091//3091
f 3042//3042 3092//3092 3047//3047
f 3075//3075 3084//3084 3043//3043
f 3048//3048 3059//3059 3093//3093
f 3077//3077 3068//3068 3078//3078
f 3086//3086 3078//3078 3038//3038
f 3038//3038 3039//3039 3086//3086
f 3094//3094 3086//3086 3053//3053
f 3094//3094 3053//3053 3013//3013
f 3013//3013 3045//3045 3095//3095
f 3097//3097 3045//3045 3046//3046
f 3060//3060 3097//3097 3046//3046
f 3063//3063 3098//3098 3054//3054
f 3089//3089 3088//3088 3071//3071
f 2969//2969 3081//3081 2961//2961
f 3065//3065 3082//3082 3073//3073
f 3082//3082 3074//3074 3099//3099
f 3007//3007 3090//3090 2920//2920
f 3057//3057 3018//3018 3083//3083
f 3091//3091 3047//3047 3092//3092
f 3084//3084 3100//3100 3042//3042
f 3042//3042 3035//3035 3084//3084
f 3076//3076 3077//3077 3101//3101
f 3078//3078 3101//3101 3077//3077
f 3095//3095 3094//3094 3013//3013
f 3097//3097 3096//3096 3045//3045
f 3060//3060 3049//3049 3102//3102
f 3049//3049 3087//3087 3102//3102
f 3051//3051 3054//3054 3098//3098
f 3064//3064 3088//3088 3103//3103
f 3104//3104 3099//3099 3074//3074
f 3074//3074 2995//2995 3104//3104
f 3085//3085 3048//3048 3093//3093
f 3105//3105 3093//3093 3059//3059
f 3059//3059 3076//3076 3105//3105
f 3106//3106 3078//3078 3086//3086
f 3094//3094 3106//3106 3086//3086
f 3096//3096 3095//3095 3045//3045
f 3097//3097 3060//3060 3107//3107
f 3063//3063 3070//3070 3108//3108
f 3070//3070 3064//3064 3109//3109
f 3110//3110 3088//3088 3089//3089
f 3089//3089 3111//3111 3110//3110
f 3112//3112 3111//3111 3072//3072
f 3072//3072 2987//2987 3112//3112
f 2987//2987 3081//3081 3112//3112
f 3113//3113 3073//3073 3082//3082
f 3082//3082 3099//3099 3113//3113
f 3114//3114 2933//2933 3055//3055
f 3055//3055 3056//3056 3114//3114
f 3052//3052 3057//3057 3115//3115
f 3116//3116 3066//3066 3058//3058
f 3104//3104 2995//2995 2912//2912
f 3056//3056 3052//3052 3117//3117
f 3083//3083 3115//3115 3057//3057
f 3083//3083 3066//3066 3118//3118
f 3067//3067 3027//3027 3091//3091
f 3092//3092 3042//3042 3100//3100
f 3119//3119 3101//3101 3078//3078
f 3095//3095 3106//3106 3094//3094
f 3095//3095 3096//3096 3120//3120
f 3121//3121 3120//3120 3096//3096
f 3096//3096 3097//3097 3121//3121
f 3102//3102 3122//3122 3060//3060
f 3079//3079 3123//3123 3087//3087
f 3069//3069 3062//3062 3050//3050
f 3088//3088 3124//3124 3103//3103
f 3081//3081 2969//2969 3112//3112
f 3125//3125 3112//3112 2969//2969
f 3031//3031 3125//3125 2969//2969
f 3126//3126 3127//3127 3128//3128
f 3104//3104 2912//2912 3129//3129
f 3033//3033 3025//3025 3130//3130
f 3025//3025 3090//3090 3130//3130
f 2933//2933 3114//3114 3131//3131
f 3115//3115 3117//3117 3052//3052
f 3058//3058 3067//3067 3116//3116
f 3069//3069 3051//3051 3132//3132
f 3108//3108 3098//3098 3063//3063
f 3108//3108 3070//3070 3109//3109
f 3103//3103 3109//3109 3064//3064
f 3133//3133 3110//3110 3111//3111
f 3134//3134 3133//3133 3111//3111
f 3135//3135 3134//3134 3111//3111
f 3112//3112 3125//3125 3136//3136
f 3125//3125 3031//3031 3113//3113
f 3091//3091 3092//3092 3137//3137
f 3138//3138 3137//3137 3092//3092
f 3092//3092 3100//3100 3138//3138
f 3085//3085 3075//3075 3044//3044
f 3106//3106 3119//3119 3078//3078
f 3060//3060 3122//3122 3107//3107
f 3123//3123 3102//3102 3087//3087
f 3069//3069 3132//3132 3139//3139
f 3051//3051 3098//3098 3132//3132
f 3140//3140 3132//3132 3098//3098
f 3141//3141 3140//3140 3098//3098
f 3110//3110 3124//3124 3088//3088
f 2912//2912 2942//2942 3142//3142
f 3143//3143 3130//3130 3090//3090
f 3090//3090 3131//3131 3143//3143
f 3131//3131 3114//3114 3143//3143
f 3117//3117 3143//3143 3114//3114
f 3114//3114 3056//3056 3117//3117
f 3115//3115 3083//3083 3144//3144
f 3145//3145 3127//3127 3126//3126
f 3146//3146 3147//3147 3148//3148
f 3145//3145 3149//3149 3127//3127
f 3150//3150 3128//3128 3151//3151
f 2942//2942 3033//3033 3142//3142
f 3130//3130 3142//3142 3033//3033
f 3118//3118 3144//3144 3083//3083
f 3116//3116 3118//3118 3066//3066
f 3116//3116 3067//3067 3152//3152
f 3091//3091 3152//3152 3067//3067
f 3084//3084 3075//3075 3153//3153
f 3105//3105 3076//3076 3154//3154
f 3121//3121 3097//3097 3107//3107
f 3062//3062 3155//3155 3061//3061
f 3108//3108 3141//3141 3098//3098
f 3109//3109 3156//3156 3108//3108
f 3152//3152 3157//3157 3116//3116
f 3075//3075 3085//3085 3158//3158
f 3093//3093 3158//3158 3085//3085
f 3079//3079 3061//3061 3159//3159
f 3155//3155 3159//3159 3061//3061
f 3160//3160 3155//3155 3062//3062
f 3069//3069 3160//3160 3062//3062
f 3069//3069 3139//3139 3161//3161
f 3156//3156 3109//3109 3162//3162
f 3163//3163 3124//3124 3110//3110
f 3110//3110 3133//3133 3164//3164
f 3165//3165 3134//3134 3135//3135
f 3166//3166 3142//3142 3167//3167
f 3143//3143 3142//3142 3130//3130
f 3118//3118 3116//3116 3157//3157
f 3149//3149 3168//3168 3127//3127
f 3169//3169 3145//3145 3126//3126
f 3126//3126 3170//3170 3169//3169
f 3171//3171 3169//3169 3170//3170
f 3172//3172 3170//3170 3126//3126
f 3173//3173 3147//3147 3146//3146
f 3084//3084 3153//3153 3174//3174
f 3158//3158 3153//3153 3075//3075
f 3102//3102 3123//3123 3175//3175
f 3123//3123 3079//3079 3159//3159
f 3156//3156 3141//3141 3108//3108
f 3103//3103 3162//3162 3109//3109
f 3164//3164 3163//3163 3110//3110
f 3134//3134 3165//3165 3176//3176
f 3165//3165 3177//3177 3178//3178
f 3179//3179 3178//3178 3177//3177
f 3177//3177 3180//3180 3179//3179
f 3181//3181 3179//3179 3180//3180
f 3180//3180 3166//3166 3181//3181
f 3167//3167 3181//3181 3166//3166
f 3167//3167 3142//3142 3182//3182
f 3142//3142 3143//3143 3182//3182
f 3117//3117 3183//3183 3143//3143
f 3117//3117 3115//3115 3183//3183
f 3157//3157 3184//3184 3118//3118
f 3185//3185 3171//3171 3170//3170
f 3172//3172 3186//3186 3170//3170
f 3187//3187 3151//3151 3128//3128
f 3128//3128 3188//3188 3187//3187
f 3189//3189 3190//3190 3148//3148
f 3173//3173 3191//3191 3147//3147
f 3192//3192 3138//3138 3100//3100
f 3101//3101 3154//3154 3076//3076
f 3120//3120 3121//3121 3194//3194
f 3195//3195 3139//3139 3132//3132
f 3132//3132 3140//3140 3196//3196
f 3141//3141 3156//3156 3197//3197
f 3124//3124 3162//3162 3103//3103
f 3176//3176 3133//3133 3134//3134
f 3184//3184 3144//3144 3118//3118
f 3188//3188 3198//3198 3199//3199
f 3148//3148 3190//3190 3200//3200
f 3201//3201 3202//3202 3203//3203
f 3204//3204 3201//3201 3203//3203
f 3203//3203 3205//3205 3204//3204
f 3206//3206 3207//3207 3208//3208
f 3209//3209 3208//3208 3207//3207
f 3168//3168 3149//3149 3209//3209
f 3084//3084 3192//3192 3100//3100
f 3210//3210 3158//3158 3093//3093
f 3193//3193 3101//3101 3119//3119
f 3211//3211 3095//3095 3120//3120
f 3194//3194 3211//3211 3120//3120
f 3121//3121 3107//3107 3194//3194
f 3123//3123 3159//3159 3212//3212
f 3159//3159 3155//3155 3213//3213
f 3160//3160 3069//3069 3161//3161
f 3195//3195 3161//3161 3139//3139
f 3179//3179 3214//3214 3178//3178
f 3215//3215 3209//3209 3149//3149
f 3149//3149 3145//3145 3215//3215
f 3188//3188 3199//3199 3187//3187
f 3199//3199 3198//3198 3216//3216
f 3217//3217 3173//3173 3146//3146
f 3218//3218 3105//3105 3154//3154
f 3218//3218 3154//3154 3219//3219
f 3106//3106 3095//3095 3211//3211
f 3175//3175 3220//3220 3102//3102
f 3221//3221 3175//3175 3123//3123
f 3222//3222 3195//3195 3132//3132
f 3197//3197 3140//3140 3141//3141
f 3162//3162 3223//3223 3156//3156
f 3224//3224 3214//3214 3179//3179
f 3179//3179 3181//3181 3224//3224
f 3182//3182 3143//3143 3226//3226
f 3226//3226 3143//3143 3183//3183
f 3157//3157 3152//3152 3227//3227
f 3208//3208 3209//3209 3228//3228
f 3145//3145 3169//3169 3229//3229
f 3169//3169 3171//3171 3229//3229
f 3186//3186 3185//3185 3170//3170
f 3201//3201 3204//3204 3230//3230
f 3204//3204 3205//3205 3231//3231
f 3205//3205 3232//3232 3231//3231
f 3091//3091 3227//3227 3152//3152
f 3174//3174 3192//3192 3084//3084
f 3160//3160 3161//3161 3234//3234
f 3195//3195 3222//3222 3235//3235
f 3132//3132 3196//3196 3222//3222
f 3236//3236 3196//3196 3140//3140
f 3176//3176 3164//3164 3133//3133
f 3182//3182 3226//3226 3225//3225
f 3115//3115 3144//3144 3183//3183
f 3184//3184 3157//3157 3237//3237
f 3238//3238 3229//3229 3171//3171
f 3239//3239 3185//3185 3186//3186
f 3150//3150 3151//3151 3240//3240
f 3241//3241 3198//3198 3242//3242
f 3242//3242 3243//3243 3241//3241
f 3233//3233 3241//3241 3243//3243
f 3243//3243 3206//3206 3233//3233
f 3233//3233 3206//3206 3244//3244
f 3245//3245 3246//3246 3247//3247
f 3248//3248 3249//3249 3202//3202
f 3202//3202 3201//3201 3248//3248
f 3230//3230 3248//3248 3201//3201
f 3250//3250 3251//3251 3252//3252
f 3174//3174 3153//3153 3253//3253
f 3105//3105 3254//3254 3093//3093
f 3193//3193 3119//3119 3255//3255
f 3119//3119 3106//3106 3256//3256
f 3161//3161 3195//3195 3257//3257
f 3140//3140 3197//3197 3236//3236
f 3258//3258 3223//3223 3162//3162
f 3260//3260 3176//3176 3165//3165
f 3227//3227 3237//3237 3157//3157
f 3215//3215 3228//3228 3209//3209
f 3229//3229 3215//3215 3145//3145
f 3240//3240 3261//3261 3150//3150
f 3199//3199 3216//3216 3262//3262
f 3198//3198 3263//3263 3216//3216
f 3248//3248 3264//3264 3249//3249
f 3232//3232 3265//3265 3266//3266
f 3267//3267 3266//3266 3265//3265
f 3268//3268 3269//3269 3270//3270
f 3250//3250 3252//3252 3247//3247
f 3191//3191 3252//3252 3251//3251
f 3271//3271 3217//3217 3146//3146
f 3238//3238 3171//3171 3272//3272
f 3186//3186 3172//3172 3273//3273
f 3172//3172 3150//3150 3273//3273
f 3261//3261 3273//3273 3150//3150
f 3187//3187 3240//3240 3151//3151
f 3274//3274 3263//3263 3198//3198
f 3241//3241 3274//3274 3198//3198
f 3241//3241 3233//3233 3275//3275
f 3222//3222 3196//3196 3276//3276
f 3223//3223 3197//3197 3156//3156
f 3176//3176 3260//3260 3259//3259
f 3165//3165 3178//3178 3277//3277
f 3178//3178 3214//3214 3277//3277
f 3181//3181 3167//3167 3278//3278
f 3279//3279 3183//3183 3144//3144
f 3144//3144 3184//3184 3279//3279
f 3137//3137 3138//3138 3280//3280
f 3281//3281 3253//3253 3153//3153
f 3153//3153 3158//3158 3281//3281
f 3158//3158 3210//3210 3281//3281
f 3282//3282 3154//3154 3101//3101
f 3106//3106 3211//3211 3283//3283
f 3107//3107 3284//3284 3194//3194
f 3102//3102 3220//3220 3122//3122
f 3175//3175 3221//3221 3285//3285
f 3212//3212 3159//3159 3213//3213
f 3155//3155 3160//3160 3286//3286
f 3287//3287 3288//3288 3190//3190
f 3264//3264 3289//3289 3249//3249
f 3290//3290 3204//3204 3231//3231
f 3231//3231 3232//3232 3291//3291
f 3270//3270 3267//3267 3268//3268
f 3247//3247 3292//3292 3245//3245
f 3293//3293 3215//3215 3229//3229
f 3185//3185 3272//3272 3171//3171
f 3185//3185 3239//3239 3294//3294
f 3216//3216 3263//3263 3295//3295
f 3296//3296 3161//3161 3257//3257
f 3196//3196 3236//3236 3276//3276
f 3162//3162 3124//3124 3297//3297
f 3163//3163 3164//3164 3298//3298
f 3182//3182 3299//3299 3167//3167
f 3279//3279 3184//3184 3300//3300
f 3184//3184 3237//3237 3300//3300
f 3237//3237 3227//3227 3301//3301
f 3227//3227 3091//3091 3302//3302
f 3091//3091 3137//3137 3302//3302
f 3218//3218 3254//3254 3105//3105
f 3193//3193 3282//3282 3101//3101
f 3256//3256 3255//3255 3119//3119
f 3283//3283 3256//3256 3106//3106
f 3213//3213 3155//3155 3303//3303
f 3287//3287 3190//3190 3304//3304
f 3305//3305 3249//3249 3304//3304
f 3230//3230 3204//3204 3306//3306
f 3204//3204 3290//3290 3306//3306
f 3291//3291 3290//3290 3231//3231
f 3232//3232 3266//3266 3291//3291
f 3247//3247 3252//3252 3292//3292
f 3173//3173 3307//3307 3191//3191
f 3271//3271 3308//3308 3217//3217
f 3244//3244 3208//3208 3309//3309
f 3208//3208 3228//3228 3309//3309
f 3228//3228 3215//3215 3293//3293
f 3238//3238 3310//3310 3229//3229
f 3262//3262 3187//3187 3199//3199
f 3275//3275 3274//3274 3241//3241
f 3195//3195 3235//3235 3257//3257
f 3258//3258 3311//3311 3223//3223
f 3297//3297 3258//3258 3162//3162
f 3164//3164 3176//3176 3298//3298
f 3165//3165 3277//3277 3260//3260
f 3224//3224 3181//3181 3278//3278
f 3278//3278 3167//3167 3299//3299
f 3182//3182 3225//3225 3299//3299
f 3253//3253 3192//3192 3174//3174
f 3312//3312 3210//3210 3093//3093
f 3312//3312 3093//3093 3254//3254
f 3313//3313 3211//3211 3284//3284
f 3211//3211 3194//3194 3284//3284
f 3107//3107 3122//3122 3314//3314
f 3220//3220 3315//3315 3122//3122
f 3303//3303 3155//3155 3286//3286
f 3190//3190 3305//3305 3304//3304
f 3289//3289 3304//3304 3249//3249
f 3316//3316 3266//3266 3267//3267
f 3270//3270 3292//3292 3317//3317
f 3292//3292 3252//3252 3318//3318
f 3191//3191 3318//3318 3252//3252
f 3302//3302 3137//3137 3280//3280
f 3319//3319 3254//3254 3218//3218
f 3320//3320 3193//3193 3255//3255
f 3321//3321 3320//3320 3255//3255
f 3313//3313 3283//3283 3211//3211
f 3314//3314 3284//3284 3107//3107
f 3315//3315 3314//3314 3122//3122
f 3322//3322 3286//3286 3160//3160
f 3236//3236 3197//3197 3311//3311
f 3197//3197 3223//3223 3311//3311
f 3124//3124 3163//3163 3297//3297
f 3323//3323 3298//3298 3176//3176
f 3176//3176 3259//3259 3323//3323
f 3224//3224 3277//3277 3214//3214
f 3324//3324 3226//3226 3183//3183
f 3185//3185 3294//3294 3272//3272
f 3273//3273 3239//3239 3186//3186
f 3295//3295 3262//3262 3216//3216
f 3325//3325 3274//3274 3275//3275
f 3248//3248 3230//3230 3327//3327
f 3267//3267 3270//3270 3328//3328
f 3292//3292 3318//3318 3329//3329
f 3191//3191 3307//3307 3318//3318
f 3307//3307 3173//3173 3217//3217
f 3330//3330 3192//3192 3331//3331
f 3332//3332 3331//3331 3192//3192
f 3333//3333 3312//3312 3254//3254
f 3254//3254 3319//3319 3334//3334
f 3218//3218 3219//3219 3319//3319
f 3320//3320 3282//3282 3193//3193
f 3335//3335 3221//3221 3123//3123
f 3337//3337 3225//3225 3226//3226
f 3339//3339 3300//3300 3237//3237
f 3237//3237 3301//3301 3339//3339
f 3229//3229 3310//3310 3293//3293
f 3240//3240 3187//3187 3340//3340
f 3262//3262 3340//3340 3187//3187
f 3263//3263 3274//3274 3341//3341
f 3326//3326 3289//3289 3264//3264
f 3328//3328 3316//3316 3267//3267
f 3317//3317 3342//3342 3270//3270
f 3227//3227 3302//3302 3343//3343
f 3192//3192 3253//3253 3332//3332
f 3312//3312 3281//3281 3210//3210
f 3344//3344 3321//3321 3255//3255
f 3256//3256 3344//3344 3255//3255
f 3313//3313 3284//3284 3345//3345
f 3346//3346 3335//3335 3123//3123
f 3212//3212 3346//3346 3123//3123
f 3303//3303 3347//3347 3213//3213
f 3160//3160 3234//3234 3322//3322
f 3348//3348 3322//3322 3234//3234
f 3298//3298 3336//3336 3163//3163
f 3299//3299 3225//3225 3349//3349
f 3338//3338 3337//3337 3226//3226
f 3301//3301 3227//3227 3343//3343
f 3309//3309 3350//3350 3244//3244
f 3351//3351 3309//3309 3228//3228
f 3310//3310 3352//3352 3293//3293
f 3238//3238 3272//3272 3310//3310
f 3261//3261 3240//3240 3353//3353
f 3287//3287 3304//3304 3354//3354
f 3327//3327 3264//3264 3248//3248
f 3328//3328 3270//3270 3342//3342
f 3307//3307 3217//3217 3355//3355
f 3356//3356 3357//3357 3272//3272
f 3341//3341 3274//3274 3358//3358
f 3325//3325 3358//3358 3274//3274
f 3359//3359 3257//3257 3235//3235
f 3276//3276 3235//3235 3222//3222
f 3311//3311 3360//3360 3236//3236
f 3361//3361 3259//3259 3260//3260
f 3363//3363 3224//3224 3278//3278
f 3337//3337 3349//3349 3225//3225
f 3364//3364 3338//3338 3226//3226
f 3324//3324 3364//3364 3226//3226
f 3365//3365 3339//3339 3301//3301
f 3301//3301 3343//3343 3365//3365
f 3219//3219 3154//3154 3366//3366
f 3367//3367 3314//3314 3315//3315
f 3285//3285 3221//3221 3335//3335
f 3213//3213 3347//3347 3212//3212
f 3368//3368 3369//3369 3287//3287
f 3304//3304 3289//3289 3354//3354
f 3326//3326 3264//3264 3370//3370
f 3317//3317 3292//3292 3371//3371
f 3318//3318 3307//3307 3372//3372
f 3342//3342 3317//3317 3373//3373
f 3374//3374 3371//3371 3292//3292
f 3292//3292 3329//3329 3374//3374
f 3329//3329 3318//3318 3372//3372
f 3217//3217 3308//3308 3355//3355
f 3302//3302 3280//3280 3375//3375
f 3253//3253 3281//3281 3376//3376
f 3377//3377 3366//3366 3154//3154
f 3154//3154 3282//3282 3377//3377
f 3313//3313 3378//3378 3283//3283
f 3367//3367 3315//3315 3220//3220
f 3347//3347 3346//3346 3212//3212
f 3360//3360 3276//3276 3236//3236
f 3379//3379 3258//3258 3380//3380
f 3260//3260 3277//3277 3381//3381
f 3279//3279 3324//3324 3183//3183
f 3228//3228 3293//3293 3351//3351
f 3310//3310 3272//3272 3357//3357
f 3356//3356 3272//3272 3383//3383
f 3239//3239 3273//3273 3384//3384
f 3262//3262 3295//3295 3385//3385
f 3368//3368 3287//3287 3354//3354
f 3370//3370 3386//3386 3326//3326
f 3253//3253 3376//3376 3332//3332
f 3281//3281 3312//3312 3333//3333
f 3254//3254 3334//3334 3333//3333
f 3334//3334 3319//3319 3387//3387
f 3366//3366 3387//3387 3219//3219
f 3283//3283 3388//3388 3256//3256
f 3284//3284 3314//3314 3389//3389
f 3367//3367 3389//3389 3314//3314
f 3296//3296 3390//3390 3348//3348
f 3311//3311 3258//3258 3379//3379
f 3362//3362 3361//3361 3260//3260
f 3381//3381 3362//3362 3260//3260
f 3382//3382 3278//3278 3299//3299
f 3349//3349 3382//3382 3299//3299
f 3300//3300 3339//3339 3391//3391
f 3392//3392 3309//3309 3351//3351
f 3351//3351 3293//3293 3352//3352
f 3273//3273 3261//3261 3384//3384
f 3340//3340 3393//3393 3240//3240
f 3275//3275 3394//3394 3325//3325
f 3289//3289 3395//3395 3354//3354
f 3289//3289 3326//3326 3396//3396
f 3386//3386 3396//3396 3326//3326
f 3328//3328 3342//3342 3397//3397
f 3371//3371 3373//3373 3317//3317
f 3307//3307 3355//3355 3372//3372
f 3365//3365 3343//3343 3398//3398
f 3281//3281 3333//3333 3399//3399
f 3319//3319 3219//3219 3387//3387
f 3320//3320 3377//3377 3282//3282
f 3175//3175 3285//3285 3220//3220
f 3297//3297 3380//3380 3258//3258
f 3277//3277 3224//3224 3400//3400
f 3401//3401 3363//3363 3278//3278
f 3278//3278 3382//3382 3401//3401
f 3351//3351 3352//3352 3402//3402
f 3383//3383 3403//3403 3356//3356
f 3384//3384 3294//3294 3239//3239
f 3393//3393 3353//3353 3240//3240
f 3385//3385 3340//3340 3262//3262
f 3358//3358 3325//3325 3394//3394
f 3404//3404 3394//3394 3275//3275
f 3395//3395 3405//3405 3354//3354
f 3370//3370 3264//3264 3406//3406
f 3264//3264 3327//3327 3406//3406
f 3290//3290 3291//3291 3407//3407
f 3291//3291 3266//3266 3407//3407
f 3408//3408 3407//3407 3266//3266
f 3266//3266 3316//3316 3408//3408
f 3373//3373 3397//3397 3342//3342
f 3409//3409 3376//3376 3281//3281
f 3399//3399 3409//3409 3281//3281
f 3410//3410 3321//3321 3344//3344
f 3344//3344 3256//3256 3411//3411
f 3348//3348 3390//3390 3412//3412
f 3336//3336 3297//3297 3163//3163
f 3381//3381 3277//3277 3400//3400
f 3279//3279 3300//3300 3413//3413
f 3414//3414 3350//3350 3309//3309
f 3415//3415 3352//3352 3310//3310
f 3416//3416 3294//3294 3417//3417
f 3384//3384 3417//3417 3294//3294
f 3385//3385 3295//3295 3418//3418
f 3295//3295 3263//3263 3418//3418
f 3341//3341 3418//3418 3263//3263
f 3405//3405 3368//3368 3354//3354
f 3396//3396 3395//3395 3289//3289
f 3327//3327 3306//3306 3419//3419
f 3306//3306 3290//3290 3419//3419
f 3420//3420 3316//3316 3328//3328
f 3421//3421 3355//3355 3308//3308
f 3374//3374 3329//3329 3422//3422
f 3423//3423 3422//3422 3329//3329
f 3329//3329 3372//3372 3423//3423
f 3421//3421 3308//3308 3424//3424
f 3320//3320 3321//3321 3425//3425
f 3388//3388 3411//3411 3256//3256
f 3345//3345 3284//3284 3426//3426
f 3427//3427 3346//3346 3347//3347
f 3286//3286 3322//3322 3428//3428
f 3429//3429 3390//3390 3296//3296
f 3296//3296 3257//3257 3429//3429
f 3430//3430 3359//3359 3235//3235
f 3235//3235 3276//3276 3430//3430
f 3360//3360 3430//3430 3276//3276
f 3363//3363 3400//3400 3224//3224
f 3391//3391 3339//3339 3365//3365
f 3309//3309 3392//3392 3414//3414
f 3415//3415 3310//3310 3357//3357
f 3357//3357 3356//3356 3415//3415
f 3432//3432 3384//3384 3261//3261
f 3393//3393 3340//3340 3433//3433
f 3340//3340 3385//3385 3433//3433
f 3341//3341 3358//3358 3434//3434
f 3435//3435 3331//3331 3332//3332
f 3333//3333 3334//3334 3436//3436
f 3437//3437 3220//3220 3285//3285
f 3438//3438 3347//3347 3303//3303
f 3303//3303 3286//3286 3438//3438
f 3286//3286 3428//3428 3439//3439
f 3440//3440 3428//3428 3322//3322
f 3323//3323 3259//3259 3441//3441
f 3442//3442 3441//3441 3259//3259
f 3361//3361 3442//3442 3259//3259
f 3349//3349 3337//3337 3443//3443
f 3338//3338 3364//3364 3431//3431
f 3324//3324 3279//3279 3444//3444
f 3413//3413 3444//3444 3279//3279
f 3391//3391 3413//3413 3300//3300
f 3445//3445 3446//3446 3350//3350
f 3402//3402 3392//3392 3351//3351
f 3447//3447 3402//3402 3352//3352
f 3448//3448 3415//3415 3356//3356
f 3356//3356 3403//3403 3448//3448
f 3353//3353 3432//3432 3261//3261
f 3434//3434 3418//3418 3341//3341
f 3405//3405 3395//3395 3449//3449
f 3406//3406 3327//3327 3450//3450
f 3328//3328 3397//3397 3420//3420
f 3451//3451 3452//3452 3397//3397
f 3397//3397 3373//3373 3451//3451
f 3371//3371 3374//3374 3453//3453
f 3454//3454 3423//3423 3372//3372
f 3372//3372 3355//3355 3454//3454
f 3421//3421 3454//3454 3355//3355
f 3332//3332 3376//3376 3455//3455
f 3436//3436 3399//3399 3333//3333
f 3334//3334 3387//3387 3436//3436
f 3411//3411 3410//3410 3344//3344
f 3378//3378 3313//3313 3345//3345
f 3439//3439 3438//3438 3286//3286
f 3412//3412 3390//3390 3456//3456
f 3257//3257 3359//3359 3457//3457
f 3298//3298 3323//3323 3458//3458
f 3361//3361 3362//3362 3459//3459
f 3446//3446 3445//3445 3461//3461
f 3350//3350 3414//3414 3445//3445
f 3462//3462 3447//3447 3352//3352
f 3352//3352 3415//3415 3462//3462
f 3463//3463 3434//3434 3358//3358
f 3358//3358 3394//3394 3463//3463
f 3368//3368 3464//3464 3369//3369
f 3316//3316 3420//3420 3408//3408
f 3465//3465 3420//3420 3397//3397
f 3452//3452 3465//3465 3397//3397
f 3466//3466 3455//3455 3376//3376
f 3376//3376 3409//3409 3466//3466
f 3467//3467 3377//3377 3320//3320
f 3378//3378 3411//3411 3388//3388
f 3388//3388 3283//3283 3378//3378
f 3367//3367 3220//3220 3468//3468
f 3220//3220 3437//3437 3468//3468
f 3335//3335 3437//3437 3285//3285
f 3298//3298 3458//3458 3336//3336
f 3441//3441 3458//3458 3323//3323
f 3382//3382 3349//3349 3460//3460
f 3443//3443 3460//3460 3349//3349
f 3364//3364 3324//3324 3444//3444
f 3398//3398 3343//3343 3469//3469
f 3302//3302 3469//3469 3343//3343
f 3447//3447 3392//3392 3402//3402
f 3353//3353 3393//3393 3470//3470
f 3470//3470 3393//3393 3433//3433
f 3373//3373 3471//3471 3472//3472
f 3373//3373 3453//3453 3471//3471
f 3422//3422 3453//3453 3374//3374
f 3422//3422 3423//3423 3473//3473
f 3454//3454 3473//3473 3423//3423
f 3424//3424 3474//3474 3421//3421
f 3455//3455 3435//3435 3332//3332
f 3438//3438 3427//3427 3347//3347
f 3476//3476 3438//3438 3439//3439
f 3429//3429 3477//3477 3390//3390
f 3297//3297 3478//3478 3380//3380
f 3444//3444 3479//3479 3364//3364
f 3461//3461 3445//3445 3480//3480
f 3481//3481 3414//3414 3392//3392
f 3415//3415 3448//3448 3482//3482
f 3403//3403 3483//3483 3448//3448
f 3417//3417 3384//3384 3484//3484
f 3385//3385 3418//3418 3485//3485
f 3463//3463 3394//3394 3486//3486
f 3404//3404 3487//3487 3394//3394
f 3464//3464 3488//3488 3369//3369
f 3464//3464 3368//3368 3489//3489
f 3489//3489 3368//3368 3405//3405
f 3386//3386 3490//3490 3396//3396
f 3290//3290 3407//3407 3491//3491
f 3491//3491 3407//3407 3408//3408
f 3455//3455 3466//3466 3492//3492
f 3493//3493 3466//3466 3409//3409
f 3399//3399 3475//3475 3409//3409
f 3436//3436 3387//3387 3494//3494
f 3425//3425 3467//3467 3320//3320
f 3425//3425 3321//3321 3495//3495
f 3410//3410 3495//3495 3321//3321
f 3389//3389 3426//3426 3284//3284
f 3477//3477 3456//3456 3390//3390
f 3496//3496 3430//3430 3360//3360
f 3497//3497 3498//3498 3311//3311
f 3497//3497 3311//3311 3379//3379
f 3380//3380 3497//3497 3379//3379
f 3338//3338 3443//3443 3337//3337
f 3413//3413 3391//3391 3499//3499
f 3391//3391 3365//3365 3500//3500
f 3398//3398 3501//3501 3365//3365
f 3502//3502 3445//3445 3414//3414
f 3392//3392 3447//3447 3481//3481
f 3415//3415 3482//3482 3462//3462
f 3383//3383 3416//3416 3503//3503
f 3384//3384 3432//3432 3484//3484
f 3504//3504 3432//3432 3353//3353
f 3470//3470 3504//3504 3353//3353
f 3505//3505 3470//3470 3433//3433
f 3433//3433 3385//3385 3506//3506
f 3485//3485 3506//3506 3385//3385
f 3507//3507 3418//3418 3434//3434
f 3463//3463 3507//3507 3434//3434
f 3395//3395 3396//3396 3490//3490
f 3450//3450 3508//3508 3406//3406
f 3491//3491 3419//3419 3290//3290
f 3408//3408 3420//3420 3509//3509
f 3453//3453 3422//3422 3510//3510
f 3422//3422 3473//3473 3510//3510
f 3473//3473 3454//3454 3510//3510
f 3511//3511 3510//3510 3454//3454
f 3454//3454 3421//3421 3512//3512
f 3331//3331 3435//3435 3513//3513
f 3492//3492 3435//3435 3455//3455
f 3514//3514 3399//3399 3436//3436
f 3437//3437 3335//3335 3515//3515
f 3516//3516 3428//3428 3440//3440
f 3498//3498 3496//3496 3360//3360
f 3360//3360 3311//3311 3498//3498
f 3382//3382 3460//3460 3517//3517
f 3431//3431 3364//3364 3479//3479
f 3500//3500 3499//3499 3391//3391
f 3302//3302 3375//3375 3469//3469
f 3518//3518 3469//3469 3375//3375
f 3375//3375 3519//3519 3518//3518
f 3520//3520 3480//3480 3445//3445
f 3445//3445 3502//3502 3520//3520
f 3521//3521 3502//3502 3414//3414
f 3481//3481 3521//3521 3414//3414
f 3416//3416 3417//3417 3503//3503
f 3522//3522 3503//3503 3417//3417
f 3523//3523 3485//3485 3418//3418
f 3507//3507 3523//3523 3418//3418
f 3486//3486 3394//3394 3487//3487
f 3487//3487 3404//3404 3524//3524
f 3464//3464 3525//3525 3488//3488
f 3490//3490 3449//3449 3395//3395
f 3370//3370 3406//3406 3508//3508
f 3509//3509 3526//3526 3408//3408
f 3454//3454 3512//3512 3511//3511
f 3527//3527 3512//3512 3421//3421
f 3474//3474 3527//3527 3421//3421
f 3474//3474 3424//3424 3528//3528
f 3492//3492 3466//3466 3529//3529
f 3409//3409 3475//3475 3493//3493
f 3366//3366 3377//3377 3530//3530
f 3411//3411 3378//3378 3531//3531
f 3345//3345 3426//3426 3532//3532
f 3533//3533 3515//3515 3335//3335
f 3335//3335 3346//3346 3534//3534
f 3346//3346 3427//3427 3534//3534
f 3535//3535 3534//3534 3427//3427
f 3456//3456 3440//3440 3412//3412
f 3336//3336 3536//3536 3297//3297
f 3413//3413 3537//3537 3444//3444
f 3538//3538 3501//3501 3398//3398
f 3538//3538 3398//3398 3469//3469
f 3539//3539 3481//3481 3447//3447
f 3447//3447 3462//3462 3539//3539
f 3482//3482 3539//3539 3462//3462
f 3540//3540 3522//3522 3417//3417
f 3417//3417 3484//3484 3540//3540
f 3432//3432 3540//3540 3484//3484
f 3505//3505 3504//3504 3470//3470
f 3525//3525 3464//3464 3541//3541
f 3405//3405 3542//3542 3489//3489
f 3543//3543 3386//3386 3370//3370
f 3508//3508 3543//3543 3370//3370
f 3419//3419 3544//3544 3450//3450
f 3408//3408 3526//3526 3491//3491
f 3452//3452 3451//3451 3545//3545
f 3546//3546 3387//3387 3366//3366
f 3377//3377 3467//3467 3547//3547
f 3531//3531 3410//3410 3411//3411
f 3426//3426 3389//3389 3548//3548
f 3438//3438 3476//3476 3549//3549
f 3550//3550 3457//3457 3359//3359
f 3458//3458 3441//3441 3551//3551
f 3552//3552 3460//3460 3443//3443
f 3501//3501 3500//3500 3365//3365
f 3553//3553 3482//3482 3448//3448
f 3448//3448 3483//3483 3553//3553
f 3506//3506 3505//3505 3433//3433
f 3507//3507 3463//3463 3554//3554
f 3405//3405 3449//3449 3542//3542
f 3386//3386 3543//3543 3555//3555
f 3556//3556 3508//3508 3450//3450
f 3545//3545 3465//3465 3452//3452
f 3451//3451 3472//3472 3557//3557
f 3472//3472 3471//3471 3558//3558
f 3471//3471 3559//3559 3558//3558
f 3511//3511 3559//3559 3510//3510
f 3331//3331 3513//3513 3560//3560
f 3492//3492 3529//3529 3561//3561
f 3514//3514 3475//3475 3399//3399
f 3494//3494 3514//3514 3436//3436
f 3530//3530 3546//3546 3366//3366
f 3547//3547 3530//3530 3377//3377
f 3410//3410 3531//3531 3562//3562
f 3468//3468 3563//3563 3367//3367
f 3515//3515 3468//3468 3437//3437
f 3549//3549 3427//3427 3438//3438
f 3440//3440 3456//3456 3564//3564
f 3430//3430 3496//3496 3565//3565
f 3380//3380 3566//3566 3497//3497
f 3567//3567 3551//3551 3441//3441
f 3401//3401 3382//3382 3568//3568
f 3431//3431 3569//3569 3338//3338
f 3537//3537 3479//3479 3444//3444
f 3521//3521 3481//3481 3539//3539
f 3403//3403 3383//3383 3570//3570
f 3571//3571 3541//3541 3464//3464
f 3464//3464 3489//3489 3571//3571
f 3572//3572 3542//3542 3449//3449
f 3449//3449 3490//3490 3572//3572
f 3490//3490 3386//3386 3555//3555
f 3450//3450 3544//3544 3556//3556
f 3526//3526 3419//3419 3491//3491
f 3557//3557 3472//3472 3558//3558
f 3559//3559 3511//3511 3573//3573
f 3511//3511 3512//3512 3574//3574
f 3493//3493 3475//3475 3575//3575
f 3425//3425 3495//3495 3576//3576
f 3532//3532 3426//3426 3548//3548
f 3563//3563 3389//3389 3367//3367
f 3534//3534 3533//3533 3335//3335
f 3476//3476 3439//3439 3577//3577
f 3428//3428 3577//3577 3439//3439
f 3578//3578 3498//3498 3497//3497
f 3566//3566 3578//3578 3497//3497
f 3552//3552 3517//3517 3460//3460
f 3501//3501 3579//3579 3500//3500
f 3580//3580 3480//3480 3581//3581
f 3570//3570 3582//3582 3403//3403
f 3540//3540 3432//3432 3583//3583
f 3463//3463 3486//3486 3554//3554
f 3571//3571 3489//3489 3542//3542
f 3584//3584 3509//3509 3420//3420
f 3573//3573 3558//3558 3559//3559
f 3574//3574 3573//3573 3511//3511
f 3492//3492 3585//3585 3435//3435
f 3561//3561 3529//3529 3586//3586
f 3532//3532 3378//3378 3345//3345
f 3440//3440 3564//3564 3516//3516
f 3588//3588 3429//3429 3457//3457
f 3589//3589 3550//3550 3359//3359
f 3359//3359 3430//3430 3589//3589
f 3430//3430 3565//3565 3589//3589
f 3478//3478 3297//3297 3590//3590
f 3536//3536 3590//3590 3297//3297
f 3569//3569 3443//3443 3338//3338
f 3431//3431 3479//3479 3591//3591
f 3413//3413 3499//3499 3592//3592
f 3581//3581 3524//3524 3580//3580
f 3502//3502 3521//3521 3593//3593
f 3483//3483 3403//3403 3582//3582
f 3485//3485 3505//3505 3506//3506
f 3420//3420 3465//3465 3584//3584
f 3465//3465 3545//3545 3594//3594
f 3574//3574 3512//3512 3595//3595
f 3527//3527 3474//3474 3596//3596
f 3528//3528 3596//3596 3474//3474
f 3527//3527 3595//3595 3512//3512
f 3513//3513 3435//3435 3585//3585
f 3561//3561 3597//3597 3492//3492
f 3586//3586 3529//3529 3598//3598
f 3425//3425 3576//3576 3587//3587
f 3495//3495 3410//3410 3599//3599
f 3477//3477 3429//3429 3600//3600
f 3442//3442 3567//3567 3441//3441
f 3499//3499 3500//3500 3601//3601
f 3579//3579 3601//3601 3500//3500
f 3501//3501 3538//3538 3602//3602
f 3520//3520 3581//3581 3480//3480
f 3570//3570 3383//3383 3503//3503
f 3555//3555 3572//3572 3490//3490
f 3555//3555 3543//3543 3603//3603
f 3604//3604 3543//3543 3508//3508
f 3556//3556 3604//3604 3508//3508
f 3605//3605 3465//3465 3594//3594
f 3545//3545 3557//3557 3606//3606
f 3558//3558 3606//3606 3557//3557
f 3599//3599 3576//3576 3495//3495
f 3599//3599 3410//3410 3562//3562
f 3515//3515 3563//3563 3468//3468
f 3535//3535 3427//3427 3607//3607
f 3427//3427 3549//3549 3607//3607
f 3428//3428 3516//3516 3608//3608
f 3457//3457 3550//3550 3588//3588
f 3609//3609 3336//3336 3458//3458
f 3459//3459 3442//3442 3361//3361
f 3610//3610 3381//3381 3400//3400
f 3363//3363 3401//3401 3611//3611
f 3568//3568 3611//3611 3401//3401
f 3537//3537 3413//3413 3592//3592
f 3592//3592 3499//3499 3601//3601
f 3538//3538 3469//3469 3612//3612
f 3582//3582 3553//3553 3483//3483
f 3503//3503 3522//3522 3613//3613
f 3540//3540 3614//3614 3522//3522
f 3432//3432 3504//3504 3583//3583
f 3554//3554 3486//3486 3615//3615
f 3558//3558 3573//3573 3595//3595
f 3573//3573 3574//3574 3595//3595
f 3597//3597 3561//3561 3616//3616
f 3617//3617 3616//3616 3561//3561
f 3618//3618 3617//3617 3561//3561
f 3586//3586 3618//3618 3561//3561
f 3598//3598 3619//3619 3586//3586
f 3475//3475 3514//3514 3620//3620
f 3387//3387 3546//3546 3494//3494
f 3467//3467 3425//3425 3621//3621
f 3548//3548 3389//3389 3623//3623
f 3563//3563 3623//3623 3389//3389
f 3533//3533 3624//3624 3515//3515
f 3534//3534 3625//3625 3533//3533
f 3577//3577 3549//3549 3476//3476
f 3456//3456 3477//3477 3600//3600
f 3550//3550 3589//3589 3588//3588
f 3336//3336 3609//3609 3536//3536
f 3610//3610 3362//3362 3381//3381
f 3400//3400 3363//3363 3626//3626
f 3552//3552 3443//3443 3569//3569
f 3469//3469 3518//3518 3612//3612
f 3627//3627 3612//3612 3518//3518
f 3628//3628 3629//3629 3524//3524
f 3524//3524 3581//3581 3628//3628
f 3502//3502 3593//3593 3630//3630
f 3570//3570 3503//3503 3631//3631
f 3614//3614 3613//3613 3522//3522
f 3583//3583 3504//3504 3632//3632
f 3505//3505 3485//3485 3633//3633
f 3615//3615 3523//3523 3507//3507
f 3507//3507 3554//3554 3615//3615
f 3615//3615 3486//3486 3487//3487
f 3571//3571 3542//3542 3634//3634
f 3572//3572 3634//3634 3542//3542
f 3556//3556 3544//3544 3604//3604
f 3605//3605 3584//3584 3465//3465
f 3596//3596 3635//3635 3527//3527
f 3585//3585 3492//3492 3597//3597
f 3618//3618 3586//3586 3619//3619
f 3493//3493 3575//3575 3636//3636
f 3620//3620 3514//3514 3494//3494
f 3546//3546 3530//3530 3637//3637
f 3625//3625 3624//3624 3533//3533
f 3564//3564 3456//3456 3638//3638
f 3600//3600 3638//3638 3456//3456
f 3496//3496 3498//3498 3578//3578
f 3639//3639 3566//3566 3380//3380
f 3568//3568 3382//3382 3517//3517
f 3569//3569 3431//3431 3640//3640
f 3479//3479 3537//3537 3641//3641
f 3602//3602 3579//3579 3501//3501
f 3518//3518 3560//3560 3627//3627
f 3628//3628 3581//3581 3642//3642
f 3581//3581 3520//3520 3642//3642
f 3643//3643 3642//3642 3520//3520
f 3520//3520 3502//3502 3643//3643
f 3553//3553 3630//3630 3593//3593
f 3631//3631 3503//3503 3613//3613
f 3505//3505 3632//3632 3504//3504
f 3523//3523 3615//3615 3644//3644
f 3524//3524 3645//3645 3487//3487
f 3571//3571 3646//3646 3541//3541
f 3647//3647 3604//3604 3544//3544
f 3544//3544 3419//3419 3647//3647
f 3419//3419 3526//3526 3647//3647
f 3595//3595 3527//3527 3648//3648
f 3596//3596 3528//3528 3649//3649
f 3560//3560 3513//3513 3650//3650
f 3585//3585 3650//3650 3513//3513
f 3597//3597 3650//3650 3585//3585
f 3651//3651 3619//3619 3598//3598
f 3636//3636 3598//3598 3529//3529
f 3529//3529 3466//3466 3636//3636
f 3575//3575 3475//3475 3620//3620
f 3547//3547 3467//3467 3652//3652
f 3587//3587 3576//3576 3621//3621
f 3378//3378 3532//3532 3622//3622
f 3653//3653 3607//3607 3549//3549
f 3608//3608 3516//3516 3654//3654
f 3516//3516 3564//3564 3654//3654
f 3429//3429 3588//3588 3655//3655
f 3380//3380 3478//3478 3639//3639
f 3442//3442 3459//3459 3656//3656
f 3626//3626 3363//3363 3611//3611
f 3517//3517 3552//3552 3657//3657
f 3569//3569 3657//3657 3552//3552
f 3591//3591 3658//3658 3431//3431
f 3537//3537 3592//3592 3641//3641
f 3582//3582 3570//3570 3659//3659
f 3570//3570 3631//3631 3660//3660
f 3485//3485 3523//3523 3633//3633
f 3615//3615 3487//3487 3645//3645
f 3629//3629 3645//3645 3524//3524
f 3646//3646 3571//3571 3661//3661
f 3572//3572 3555//3555 3662//3662
f 3663//3663 3647//3647 3526//3526
f 3509//3509 3663//3663 3526//3526
f 3664//3664 3509//3509 3584//3584
f 3594//3594 3545//3545 3665//3665
f 3545//3545 3606//3606 3666//3666
f 3648//3648 3666//3666 3606//3606
f 3606//3606 3595//3595 3648//3648
f 3635//3635 3648//3648 3527//3527
f 3493//3493 3636//3636 3466//3466
f 3621//3621 3652//3652 3467//3467
f 3425//3425 3587//3587 3621//3621
f 3667//3667 3576//3576 3599//3599
f 3668//3668 3669//3669 3562//3562
f 3531//3531 3668//3668 3562//3562
f 3548//3548 3623//3623 3670//3670
f 3534//3534 3535//3535 3671//3671
f 3428//3428 3608//3608 3577//3577
f 3672//3672 3654//3654 3564//3564
f 3589//3589 3565//3565 3673//3673
f 3674//3674 3565//3565 3496//3496
f 3639//3639 3478//3478 3590//3590
f 3658//3658 3640//3640 3431//3431
f 3641//3641 3591//3591 3479//3479
f 3601//3601 3579//3579 3675//3675
f 3627//3627 3560//3560 3676//3676
f 3677//3677 3676//3676 3560//3560
f 3643//3643 3502//3502 3678//3678
f 3630//3630 3678//3678 3502//3502
f 3660//3660 3659//3659 3570//3570
f 3634//3634 3661//3661 3571//3571
f 3543//3543 3604//3604 3679//3679
f 3680//3680 3605//3605 3594//3594
f 3594//3594 3665//3665 3680//3680
f 3666//3666 3665//3665 3545//3545
f 3635//3635 3596//3596 3681//3681
f 3649//3649 3681//3681 3596//3596
f 3618//3618 3682//3682 3617//3617
f 3619//3619 3651//3651 3683//3683
f 3684//3684 3620//3620 3494//3494
f 3685//3685 3667//3667 3599//3599
f 3599//3599 3562//3562 3686//3686
f 3669//3669 3686//3686 3562//3562
f 3622//3622 3531//3531 3378//3378
f 3671//3671 3625//3625 3534//3534
f 3549//3549 3577//3577 3653//3653
f 3588//3588 3589//3589 3673//3673
f 3496//3496 3578//3578 3674//3674
f 3609//3609 3687//3687 3536//3536
f 3602//3602 3688//3688 3579//3579
f 3553//3553 3582//3582 3630//3630
f 3613//3613 3614//3614 3689//3689
f 3505//3505 3633//3633 3690//3690
f 3633//3633 3523//3523 3644//3644
f 3629//3629 3691//3691 3645//3645
f 3662//3662 3634//3634 3572//3572
f 3662//3662 3555//3555 3603//3603
f 3679//3679 3603//3603 3543//3543
f 3692//3692 3683//3683 3651//3651
f 3693//3693 3692//3692 3651//3651
f 3651//3651 3598//3598 3693//3693
f 3598//3598 3636//3636 3693//3693
f 3637//3637 3684//3684 3494//3494
f 3494//3494 3546//3546 3637//3637
f 3621//3621 3576//3576 3694//3694
f 3667//3667 3694//3694 3576//3576
f 3623//3623 3563//3563 3695//3695
f 3563//3563 3515//3515 3695//3695
f 3696//3696 3577//3577 3608//3608
f 3697//3697 3672//3672 3564//3564
f 3564//3564 3638//3638 3697//3697
f 3698//3698 3600//3600 3429//3429
f 3429//3429 3655//3655 3698//3698
f 3551//3551 3609//3609 3458//3458
f 3699//3699 3459//3459 3362//3362
f 3700//3700 3591//3591 3641//3641
f 3689//3689 3631//3631 3613//3613
f 3603//3603 3679//3679 3701//3701
f 3509//3509 3664//3664 3663//3663
f 3648//3648 3635//3635 3702//3702
f 3681//3681 3702//3702 3635//3635
f 3650//3650 3676//3676 3677//3677
f 3650//3650 3597//3597 3616//3616
f 3703//3703 3636//3636 3575//3575
f 3530//3530 3547//3547 3704//3704
f 3515//3515 3624//3624 3695//3695
f 3654//3654 3696//3696 3608//3608
f 3638//3638 3600//3600 3705//3705
f 3600//3600 3698//3698 3705//3705
f 3674//3674 3673//3673 3565//3565
f 3639//3639 3706//3706 3566//3566
f 3609//3609 3551//3551 3687//3687
f 3517//3517 3657//3657 3707//3707
f 3592//3592 3601//3601 3708//3708
f 3688//3688 3675//3675 3579//3579
f 3602//3602 3538//3538 3709//3709
f 3538//3538 3612//3612 3709//3709
f 3659//3659 3710//3710 3582//3582
f 3690//3690 3632//3632 3505//3505
f 3691//3691 3644//3644 3615//3615
f 3615//3615 3645//3645 3691//3691
f 3711//3711 3679//3679 3604//3604
f 3711//3711 3604//3604 3712//3712
f 3584//3584 3605//3605 3664//3664
f 3702//3702 3666//3666 3648//3648
f 3649//3649 3713//3713 3681//3681
f 3714//3714 3612//3612 3627//3627
f 3676//3676 3714//3714 3627//3627
f 3618//3618 3619//3619 3715//3715
f 3619//3619 3683//3683 3715//3715
f 3716//3716 3717//3717 3683//3683
f 3683//3683 3692//3692 3716//3716
f 3693//3693 3636//3636 3718//3718
f 3575//3575 3620//3620 3703//3703
f 3620//3620 3684//3684 3703//3703
f 3684//3684 3637//3637 3703//3703
f 3547//3547 3652//3652 3704//3704
f 3719//3719 3685//3685 3599//3599
f 3599//3599 3686//3686 3719//3719
f 3720//3720 3668//3668 3531//3531
f 3622//3622 3720//3720 3531//3531
f 3670//3670 3532//3532 3548//3548
f 3721//3721 3607//3607 3653//3653
f 3722//3722 3567//3567 3442//3442
f 3700//3700 3641//3641 3708//3708
f 3641//3641 3592//3592 3708//3708
f 3675//3675 3708//3708 3601//3601
f 3629//3629 3628//3628 3723//3723
f 3628//3628 3642//3642 3724//3724
f 3642//3642 3643//3643 3724//3724
f 3630//3630 3582//3582 3710//3710
f 3690//3690 3633//3633 3725//3725
f 3644//3644 3725//3725 3633//3633
f 3691//3691 3629//3629 3723//3723
f 3661//3661 3634//3634 3726//3726
f 3662//3662 3603//3603 3727//3727
f 3647//3647 3712//3712 3604//3604
f 3728//3728 3680//3680 3665//3665
f 3729//3729 3728//3728 3665//3665
f 3666//3666 3729//3729 3665//3665
f 3682//3682 3730//3730 3617//3617
f 3682//3682 3618//3618 3731//3731
f 3618//3618 3715//3715 3731//3731
f 3636//3636 3703//3703 3718//3718
f 3637//3637 3530//3530 3732//3732
f 3733//3733 3695//3695 3624//3624
f 3734//3734 3671//3671 3535//3535
f 3535//3535 3607//3607 3734//3734
f 3696//3696 3654//3654 3735//3735
f 3675//3675 3688//3688 3736//3736
f 3709//3709 3612//3612 3737//3737
f 3630//3630 3710//3710 3678//3678
f 3726//3726 3634//3634 3662//3662
f 3679//3679 3711//3711 3738//3738
f 3605//3605 3680//3680 3739//3739
f 3666//3666 3702//3702 3729//3729
f 3702//3702 3681//3681 3713//3713
f 3730//3730 3616//3616 3617//3617
f 3653//3653 3577//3577 3740//3740
f 3442//3442 3656//3656 3722//3722
f 3362//3362 3610//3610 3699//3699
f 3626//3626 3610//3610 3400//3400
f 3568//3568 3517//3517 3707//3707
f 3640//3640 3741//3741 3569//3569
f 3678//3678 3742//3742 3643//3643
f 3614//3614 3743//3743 3689//3689
f 3614//3614 3540//3540 3744//3744
f 3646//3646 3661//3661 3745//3745
f 3726//3726 3745//3745 3661//3661
f 3727//3727 3726//3726 3662//3662
f 3727//3727 3603//3603 3701//3701
f 3728//3728 3739//3739 3680//3680
f 3713//3713 3729//3729 3702//3702
f 3649//3649 3746//3746 3713//3713
f 3747//3747 3716//3716 3692//3692
f 3718//3718 3747//3747 3692//3692
f 3692//3692 3693//3693 3718//3718
f 3530//3530 3704//3704 3732//3732
f 3624//3624 3625//3625 3733//3733
f 3577//3577 3696//3696 3740//3740
f 3654//3654 3672//3672 3735//3735
f 3705//3705 3697//3697 3638//3638
f 3748//3748 3655//3655 3673//3673
f 3673//3673 3674//3674 3749//3749
f 3706//3706 3578//3578 3566//3566
f 3687//3687 3590//3590 3536//3536
f 3750//3750 3687//3687 3551//3551
f 3723//3723 3628//3628 3751//3751
f 3659//3659 3660//3660 3752//3752
f 3660//3660 3631//3631 3752//3752
f 3689//3689 3753//3753 3631//3631
f 3712//3712 3647//3647 3754//3754
f 3755//3755 3739//3739 3728//3728
f 3717//3717 3716//3716 3757//3757
f 3747//3747 3757//3757 3716//3716
f 3758//3758 3718//3718 3703//3703
f 3703//3703 3637//3637 3758//3758
f 3732//3732 3758//3758 3637//3637
f 3721//3721 3734//3734 3607//3607
f 3721//3721 3653//3653 3759//3759
f 3653//3653 3740//3740 3759//3759
f 3551//3551 3567//3567 3750//3750
f 3657//3657 3569//3569 3760//3760
f 3741//3741 3760//3760 3569//3569
f 3640//3640 3658//3658 3741//3741
f 3602//3602 3709//3709 3761//3761
f 3714//3714 3737//3737 3612//3612
f 3762//3762 3676//3676 3650//3650
f 3616//3616 3763//3763 3650//3650
f 3682//3682 3764//3764 3730//3730
f 3723//3723 3751//3751 3765//3765
f 3628//3628 3724//3724 3751//3751
f 3742//3742 3724//3724 3643//3643
f 3631//3631 3753//3753 3752//3752
f 3743//3743 3753//3753 3689//3689
f 3745//3745 3766//3766 3646//3646
f 3726//3726 3727//3727 3767//3767
f 3768//3768 3663//3663 3664//3664
f 3621//3621 3769//3769 3652//3652
f 3667//3667 3685//3685 3770//3770
f 3623//3623 3695//3695 3670//3670
f 3771//3771 3740//3740 3696//3696
f 3772//3772 3771//3771 3696//3696
f 3735//3735 3772//3772 3696//3696
f 3749//3749 3748//3748 3673//3673
f 3708//3708 3675//3675 3773//3773
f 3736//3736 3773//3773 3675//3675
f 3602//3602 3774//3774 3688//3688
f 3715//3715 3717//3717 3775//3775
f 3540//3540 3583//3583 3744//3744
f 3776//3776 3583//3583 3632//3632
f 3776//3776 3632//3632 3777//3777
f 3778//3778 3644//3644 3691//3691
f 3767//3767 3727//3727 3779//3779
f 3727//3727 3701//3701 3779//3779
f 3738//3738 3701//3701 3679//3679
f 3712//3712 3738//3738 3711//3711
f 3780//3780 3647//3647 3663//3663
f 3664//3664 3605//3605 3781//3781
f 3605//3605 3739//3739 3781//3781
f 3713//3713 3782//3782 3729//3729
f 3783//3783 3784//3784 3757//3757
f 3757//3757 3747//3747 3783//3783
f 3785//3785 3783//3783 3747//3747
f 3718//3718 3785//3785 3747//3747
f 3652//3652 3769//3769 3704//3704
f 3621//3621 3694//3694 3769//3769
f 3787//3787 3720//3720 3622//3622
f 3788//3788 3787//3787 3622//3622
f 3622//3622 3532//3532 3788//3788
f 3670//3670 3788//3788 3532//3532
f 3733//3733 3625//3625 3671//3671
f 3789//3789 3734//3734 3721//3721
f 3721//3721 3759//3759 3789//3789
f 3705//3705 3698//3698 3790//3790
f 3655//3655 3748//3748 3791//3791
f 3749//3749 3674//3674 3792//3792
f 3674//3674 3578//3578 3792//3792
f 3793//3793 3792//3792 3578//3578
f 3568//3568 3707//3707 3794//3794
f 3700//3700 3708//3708 3795//3795
f 3773//3773 3795//3795 3708//3708
f 3709//3709 3737//3737 3796//3796
f 3762//3762 3650//3650 3763//3763
f 3616//3616 3730//3730 3797//3797
f 3731//3731 3798//3798 3764//3764
f 3764//3764 3682//3682 3731//3731
f 3751//3751 3724//3724 3799//3799
f 3724//3724 3742//3742 3799//3799
f 3752//3752 3800//3800 3659//3659
f 3801//3801 3753//3753 3743//3743
f 3583//3583 3776//3776 3744//3744
f 3632//3632 3690//3690 3777//3777
f 3691//3691 3723//3723 3778//3778
f 3701//3701 3802//3802 3779//3779
f 3701//3701 3738//3738 3802//3802
f 3781//3781 3768//3768 3664//3664
f 3755//3755 3728//3728 3803//3803
f 3797//3797 3763//3763 3616//3616
f 3804//3804 3715//3715 3775//3775
f 3717//3717 3757//3757 3775//3775
f 3784//3784 3775//3775 3757//3757
f 3786//3786 3785//3785 3718//3718
f 3694//3694 3667//3667 3805//3805
f 3667//3667 3770//3770 3805//3805
f 3806//3806 3772//3772 3735//3735
f 3672//3672 3806//3806 3735//3735
f 3790//3790 3697//3697 3705//3705
f 3698//3698 3807//3807 3790//3790
f 3578//3578 3706//3706 3793//3793
f 3567//3567 3722//3722 3808//3808
f 3809//3809 3722//3722 3656//3656
f 3736//3736 3688//3688 3774//3774
f 3810//3810 3761//3761 3709//3709
f 3765//3765 3778//3778 3723//3723
f 3742//3742 3678//3678 3811//3811
f 3800//3800 3710//3710 3659//3659
f 3744//3744 3743//3743 3614//3614
f 3812//3812 3777//3777 3690//3690
f 3690//3690 3725//3725 3813//3813
f 3778//3778 3725//3725 3644//3644
f 3728//3728 3729//3729 3782//3782
f 3714//3714 3796//3796 3737//3737
f 3814//3814 3786//3786 3718//3718
f 3718//3718 3758//3758 3815//3815
f 3769//3769 3694//3694 3805//3805
f 3685//3685 3719//3719 3816//3816
f 3668//3668 3686//3686 3669//3669
f 3670//3670 3695//3695 3817//3817
f 3817//3817 3695//3695 3818//3818
f 3771//3771 3772//3772 3819//3819
f 3736//3736 3774//3774 3773//3773
f 3799//3799 3765//3765 3751//3751
f 3811//3811 3678//3678 3820//3820
f 3678//3678 3710//3710 3820//3820
f 3820//3820 3710//3710 3821//3821
f 3822//3822 3800//3800 3752//3752
f 3812//3812 3690//3690 3813//3813
f 3725//3725 3778//3778 3813//3813
f 3745//3745 3726//3726 3823//3823
f 3663//3663 3768//3768 3780//3780
f 3824//3824 3781//3781 3739//3739
f 3739//3739 3755//3755 3824//3824
f 3782//3782 3803//3803 3728//3728
f 3746//3746 3756//3756 3713//3713
f 3786//3786 3783//3783 3785//3785
f 3732//3732 3815//3815 3758//3758
f 3816//3816 3770//3770 3685//3685
f 3720//3720 3787//3787 3668//3668
f 3695//3695 3733//3733 3818//3818
f 3749//3749 3792//3792 3748//3748
f 3639//3639 3590//3590 3706//3706
f 3808//3808 3750//3750 3567//3567
f 3610//3610 3626//3626 3826//3826
f 3611//3611 3568//3568 3794//3794
f 3775//3775 3827//3827 3804//3804
f 3752//3752 3753//3753 3822//3822
f 3801//3801 3822//3822 3753//3753
f 3767//3767 3823//3823 3726//3726
f 3780//3780 3754//3754 3647//3647
f 3803//3803 3824//3824 3755//3755
f 3782//3782 3713//3713 3828//3828
f 3713//3713 3756//3756 3828//3828
f 3756//3756 3746//3746 3829//3829
f 3718//3718 3815//3815 3814//3814
f 3830//3830 3704//3704 3769//3769
f 3805//3805 3830//3830 3769//3769
f 3719//3719 3686//3686 3831//3831
f 3686//3686 3668//3668 3831//3831
f 3832//3832 3818//3818 3733//3733
f 3733//3733 3671//3671 3832//3832
f 3789//3789 3759//3759 3833//3833
f 3819//3819 3772//3772 3806//3806
f 3834//3834 3706//3706 3590//3590
f 3591//3591 3700//3700 3835//3835
f 3795//3795 3835//3835 3700//3700
f 3821//3821 3710//3710 3800//3800
f 3801//3801 3743//3743 3836//3836
f 3744//3744 3836//3836 3743//3743
f 3837//3837 3813//3813 3778//3778
f 3838//3838 3802//3802 3738//3738
f 3738//3738 3712//3712 3838//3838
f 3784//3784 3783//3783 3839//3839
f 3783//3783 3786//3786 3840//3840
f 3841//3841 3831//3831 3668//3668
f 3668//3668 3787//3787 3841//3841
f 3671//3671 3734//3734 3832//3832
f 3842//3842 3832//3832 3734//3734
f 3789//3789 3842//3842 3734//3734
f 3740//3740 3833//3833 3759//3759
f 3843//3843 3771//3771 3819//3819
f 3825//3825 3699//3699 3610//3610
f 3796//3796 3810//3810 3709//3709
f 3775//3775 3844//3844 3845//3845
f 3811//3811 3846//3846 3799//3799
f 3799//3799 3742//3742 3811//3811
f 3822//3822 3801//3801 3847//3847
f 3745//3745 3848//3848 3766//3766
f 3754//3754 3838//3838 3712//3712
f 3828//3828 3756//3756 3849//3849
f 3829//3829 3849//3849 3756//3756
f 3840//3840 3839//3839 3783//3783
f 3786//3786 3814//3814 3840//3840
f 3850//3850 3815//3815 3732//3732
f 3704//3704 3850//3850 3732//3732
f 3851//3851 3719//3719 3831//3831
f 3788//3788 3841//3841 3787//3787
f 3852//3852 3842//3842 3789//3789
f 3853//3853 3793//3793 3706//3706
f 3808//3808 3722//3722 3854//3854
f 3714//3714 3676//3676 3855//3855
f 3856//3856 3798//3798 3731//3731
f 3827//3827 3856//3856 3731//3731
f 3775//3775 3845//3845 3827//3827
f 3744//3744 3776//3776 3857//3857
f 3858//3858 3837//3837 3778//3778
f 3745//3745 3823//3823 3859//3859
f 3803//3803 3782//3782 3860//3860
f 3782//3782 3828//3828 3860//3860
f 3861//3861 3860//3860 3828//3828
f 3849//3849 3861//3861 3828//3828
f 3848//3848 3745//3745 3859//3859
f 3862//3862 3823//3823 3767//3767
f 3767//3767 3779//3779 3862//3862
f 3802//3802 3862//3862 3779//3779
f 3839//3839 3863//3863 3784//3784
f 3864//3864 3840//3840 3814//3814
f 3770//3770 3816//3816 3865//3865
f 3851//3851 3816//3816 3719//3719
f 3788//3788 3670//3670 3866//3866
f 3817//3817 3866//3866 3670//3670
f 3867//3867 3740//3740 3771//3771
f 3672//3672 3697//3697 3868//3868
f 3869//3869 3792//3792 3793//3793
f 3687//3687 3870//3870 3590//3590
f 3855//3855 3796//3796 3714//3714
f 3871//3871 3762//3762 3763//3763
f 3872//3872 3797//3797 3730//3730
f 3764//3764 3872//3872 3730//3730
f 3844//3844 3873//3873 3845//3845
f 3765//3765 3858//3858 3778//3778
f 3811//3811 3820//3820 3874//3874
f 3875//3875 3768//3768 3781//3781
f 3765//3765 3799//3799 3876//3876
f 3799//3799 3846//3846 3876//3876
f 3821//3821 3874//3874 3820//3820
f 3822//3822 3847//3847 3877//3877
f 3836//3836 3877//3877 3847//3847
f 3812//3812 3813//3813 3878//3878
f 3837//3837 3878//3878 3813//3813
f 3879//3879 3863//3863 3839//3839
f 3704//3704 3830//3830 3880//3880
f 3881//3881 3830//3830 3805//3805
f 3865//3865 3881//3881 3805//3805
f 3865//3865 3805//3805 3770//3770
f 3817//3817 3818//3818 3882//3882
f 3867//3867 3771//3771 3843//3843
f 3806//3806 3672//3672 3883//3883
f 3870//3870 3834//3834 3590//3590
f 3808//3808 3884//3884 3750//3750
f 3826//3826 3825//3825 3610//3610
f 3835//3835 3658//3658 3591//3591
f 3885//3885 3774//3774 3602//3602
f 3602//3602 3761//3761 3886//3886
f 3860//3860 3887//3887 3803//3803
f 3888//3888 3861//3861 3849//3849
f 3814//3814 3815//3815 3864//3864
f 3830//3830 3881//3881 3880//3880
f 3831//3831 3841//3841 3889//3889
f 3841//3841 3788//3788 3889//3889
f 3817//3817 3882//3882 3866//3866
f 3818//3818 3832//3832 3890//3890
f 3891//3891 3890//3890 3832//3832
f 3672//3672 3868//3868 3892//3892
f 3790//3790 3807//3807 3893//3893
f 3807//3807 3791//3791 3894//3894
f 3853//3853 3869//3869 3793//3793
f 3895//3895 3870//3870 3687//3687
f 3699//3699 3656//3656 3459//3459
f 3886//3886 3885//3885 3602//3602
f 3874//3874 3846//3846 3811//3811
f 3821//3821 3800//3800 3897//3897
f 3878//3878 3777//3777 3812//3812
f 3762//3762 3871//3871 3676//3676
f 3871//3871 3763//3763 3797//3797
f 3872//3872 3764//3764 3798//3798
f 3898//3898 3873//3873 3844//3844
f 3899//3899 3898//3898 3844//3844
f 3844//3844 3863//3863 3899//3899
f 3863//3863 3879//3879 3900//3900
f 3881//3881 3865//3865 3901//3901
f 3851//3851 3865//3865 3816//3816
f 3889//3889 3788//3788 3902//3902
f 3866//3866 3902//3902 3788//3788
f 3890//3890 3882//3882 3818//3818
f 3842//3842 3891//3891 3832//3832
f 3833//3833 3740//3740 3903//3903
f 3819//3819 3806//3806 3883//3883
f 3892//3892 3883//3883 3672//3672
f 3904//3904 3697//3697 3790//3790
f 3706//3706 3834//3834 3905//3905
f 3699//3699 3809//3809 3656//3656
f 3906//3906 3896//3896 3760//3760
f 3658//3658 3835//3835 3741//3741
f 3810//3810 3886//3886 3761//3761
f 3855//3855 3676//3676 3871//3871
f 3907//3907 3858//3858 3765//3765
f 3876//3876 3907//3907 3765//3765
f 3897//3897 3874//3874 3821//3821
f 3776//3776 3777//3777 3857//3857
f 3859//3859 3908//3908 3848//3848
f 3909//3909 3780//3780 3768//3768
f 3875//3875 3909//3909 3768//3768
f 3910//3910 3824//3824 3803//3803
f 3887//3887 3910//3910 3803//3803
f 3849//3849 3829//3829 3888//3888
f 3856//3856 3827//3827 3911//3911
f 3845//3845 3911//3911 3827//3827
f 3840//3840 3864//3864 3839//3839
f 3850//3850 3864//3864 3815//3815
f 3912//3912 3913//3913 3831//3831
f 3831//3831 3889//3889 3912//3912
f 3902//3902 3912//3912 3889//3889
f 3866//3866 3882//3882 3914//3914
f 3915//3915 3842//3842 3852//3852
f 3833//3833 3915//3915 3852//3852
f 3867//3867 3903//3903 3740//3740
f 3697//3697 3904//3904 3868//3868
f 3855//3855 3916//3916 3796//3796
f 3836//3836 3744//3744 3917//3917
f 3917//3917 3744//3744 3857//3857
f 3918//3918 3837//3837 3858//3858
f 3887//3887 3860//3860 3919//3919
f 3860//3860 3861//3861 3919//3919
f 3888//3888 3829//3829 3920//3920
f 3876//3876 3846//3846 3921//3921
f 3800//3800 3822//3822 3922//3922
f 3923//3923 3877//3877 3836//3836
f 3878//3878 3837//3837 3918//3918
f 3707//3707 3924//3924 3794//3794
f 3657//3657 3760//3760 3896//3896
f 3795//3795 3773//3773 3925//3925
f 3926//3926 3839//3839 3864//3864
f 3864//3864 3850//3850 3926//3926
f 3850//3850 3704//3704 3926//3926
f 3901//3901 3880//3880 3881//3881
f 3914//3914 3902//3902 3866//3866
f 3882//3882 3890//3890 3928//3928
f 3867//3867 3843//3843 3929//3929
f 3930//3930 3929//3929 3843//3843
f 3819//3819 3930//3930 3843//3843
f 3790//3790 3893//3893 3931//3931
f 3910//3910 3932//3932 3824//3824
f 3846//3846 3874//3874 3933//3933
f 3922//3922 3897//3897 3800//3800
f 3934//3934 3822//3822 3877//3877
f 3917//3917 3923//3923 3836//3836
f 3911//3911 3845//3845 3935//3935
f 3873//3873 3935//3935 3845//3845
f 3899//3899 3863//3863 3936//3936
f 3839//3839 3926//3926 3937//3937
f 3880//3880 3926//3926 3704//3704
f 3880//3880 3927//3927 3938//3938
f 3880//3880 3901//3901 3927//3927
f 3901//3901 3865//3865 3939//3939
f 3865//3865 3851//3851 3913//3913
f 3851//3851 3831//3831 3913//3913
f 3912//3912 3902//3902 3940//3940
f 3928//3928 3914//3914 3882//3882
f 3942//3942 3943//3943 3842//3842
f 3915//3915 3942//3942 3842//3842
f 3930//3930 3819//3819 3883//3883
f 3894//3894 3893//3893 3807//3807
f 3748//3748 3792//3792 3869//3869
f 3706//3706 3905//3905 3853//3853
f 3884//3884 3895//3895 3687//3687
f 3687//3687 3750//3750 3884//3884
f 3884//3884 3808//3808 3944//3944
f 3809//3809 3854//3854 3722//3722
f 3741//3741 3835//3835 3945//3945
f 3774//3774 3925//3925 3773//3773
f 3932//3932 3781//3781 3824//3824
f 3861//3861 3888//3888 3947//3947
f 3920//3920 3947//3947 3888//3888
f 3948//3948 3949//3949 3920//3920
f 3920//3920 3908//3908 3948//3948
f 3859//3859 3823//3823 3950//3950
f 3862//3862 3950//3950 3823//3823
f 3797//3797 3951//3951 3871//3871
f 3938//3938 3926//3926 3880//3880
f 3952//3952 3927//3927 3901//3901
f 3901//3901 3939//3939 3952//3952
f 3953//3953 3939//3939 3865//3865
f 3865//3865 3913//3913 3953//3953
f 3912//3912 3940//3940 3954//3954
f 3940//3940 3902//3902 3941//3941
f 3914//3914 3941//3941 3902//3902
f 3905//3905 3834//3834 3870//3870
f 3796//3796 3946//3946 3810//3810
f 3907//3907 3876//3876 3921//3921
f 3874//3874 3897//3897 3955//3955
f 3922//3922 3822//3822 3934//3934
f 3923//3923 3934//3934 3877//3877
f 3857//3857 3777//3777 3956//3956
f 3875//3875 3781//3781 3957//3957
f 3887//3887 3919//3919 3958//3958
f 3949//3949 3947//3947 3920//3920
f 3959//3959 3797//3797 3872//3872
f 3798//3798 3960//3960 3872//3872
f 3839//3839 3937//3937 3879//3879
f 3952//3952 3938//3938 3927//3927
f 3952//3952 3939//3939 3961//3961
f 3962//3962 3915//3915 3833//3833
f 3903//3903 3962//3962 3833//3833
f 3883//3883 3892//3892 3963//3963
f 3808//3808 3854//3854 3944//3944
f 3896//3896 3924//3924 3707//3707
f 3657//3657 3896//3896 3707//3707
f 3760//3760 3741//3741 3906//3906
f 3964//3964 3925//3925 3774//3774
f 3965//3965 3891//3891 3966//3966
f 3891//3891 3943//3943 3966//3966
f 3933//3933 3921//3921 3846//3846
f 3967//3967 3933//3933 3874//3874
f 3967//3967 3874//3874 3955//3955
f 3897//3897 3922//3922 3968//3968
f 3969//3969 3910//3910 3887//3887
f 3958//3958 3969//3969 3887//3887
f 3859//3859 3970//3970 3908//3908
f 3862//3862 3802//3802 3971//3971
f 3909//3909 3754//3754 3780//3780
f 3966//3966 3972//3972 3965//3965
f 3962//3962 3903//3903 3973//3973
f 3868//3868 3974//3974 3892//3892
f 3975//3975 3870//3870 3895//3895
f 3976//3976 3699//3699 3825//3825
f 3611//3611 3794//3794 3977//3977
f 3885//3885 3964//3964 3774//3774
f 3946//3946 3796//3796 3916//3916
f 3856//3856 3960//3960 3798//3798
f 3878//3878 3956//3956 3777//3777
f 3900//3900 3978//3978 3863//3863
f 3926//3926 3938//3938 3979//3979
f 3938//3938 3952//3952 3980//3980
f 3953//3953 3961//3961 3939//3939
f 3954//3954 3913//3913 3912//3912
f 3940//3940 3941//3941 3981//3981
f 3941//3941 3914//3914 3982//3982
f 3947//3947 3983//3983 3861//3861
f 3948//3948 3908//3908 3970//3970
f 3838//3838 3971//3971 3802//3802
f 3957//3957 3909//3909 3875//3875
f 3984//3984 3966//3966 3943//3943
f 3915//3915 3962//3962 3985//3985
f 3974//3974 3963//3963 3892//3892
f 3945//3945 3906//3906 3741//3741
f 3916//3916 3855//3855 3986//3986
f 3871//3871 3986//3986 3855//3855
f 3898//3898 3899//3899 3987//3987
f 3978//3978 3936//3936 3863//3863
f 3900//3900 3879//3879 3988//3988
f 3989//3989 3988//3988 3879//3879
f 3989//3989 3879//3879 3937//3937
f 3980//3980 3979//3979 3938//3938
f 3990//3990 3991//3991 3961//3961
f 3953//3953 3990//3990 3961//3961
f 3913//3913 3954//3954 3992//3992
f 3981//3981 3993//3993 3954//3954
f 3954//3954 3940//3940 3981//3981
f 3968//3968 3955//3955 3897//3897
f 3934//3934 3923//3923 3994//3994
f 3919//3919 3861//3861 3995//3995
f 3983//3983 3995//3995 3861//3861
f 3966//3966 3996//3996 3972//3972
f 3984//3984 3943//3943 3942//3942
f 3942//3942 3915//3915 3985//3985
f 3867//3867 3997//3997 3903//3903
f 3790//3790 3931//3931 3904//3904
f 3748//3748 3869//3869 3998//3998
f 3794//3794 3924//3924 3999//3999
f 3810//3810 3946//3946 4000//4000
f 3951//3951 3986//3986 3871//3871
f 3959//3959 3872//3872 3960//3960
f 4001//4001 3960//3960 3856//3856
f 3911//3911 3935//3935 4002//4002
f 3873//3873 3898//3898 4003//4003
f 3900//3900 3988//3988 3978//3978
f 4004//4004 3937//3937 3926//3926
f 3926//3926 3979//3979 4004//4004
f 3990//3990 4005//4005 3991//3991
f 3990//3990 3953//3953 4006//4006
f 3953//3953 3913//3913 3992//3992
f 3982//3982 3981//3981 3941//3941
f 3910//3910 3969//3969 3932//3932
f 3958//3958 3919//3919 4007//4007
f 3919//3919 3995//3995 4007//4007
f 4008//4008 3983//3983 3947//3947
f 3970//3970 3859//3859 3950//3950
f 3754//3754 4009//4009 3838//3838
f 3987//3987 4003//4003 3898//3898
f 4010//4010 3987//3987 3899//3899
f 3899//3899 3936//3936 4010//4010
f 4004//4004 3989//3989 3937//3937
f 4004//4004 3979//3979 4011//4011
f 3979//3979 3980//3980 4012//4012
f 3980//3980 4013//4013 4012//4012
f 4013//4013 3991//3991 4005//4005
f 4005//4005 3990//3990 4014//4014
f 4015//4015 4014//4014 3990//3990
f 3990//3990 4006//4006 4015//4015
f 3992//3992 4006//4006 3953//3953
f 3982//3982 4016//4016 3981//3981
f 3982//3982 3972//3972 3996//3996
f 4017//4017 3966//3966 3984//3984
f 3984//3984 3942//3942 4018//4018
f 3973//3973 3985//3985 3962//3962
f 3973//3973 3903//3903 3997//3997
f 3791//3791 3748//3748 3894//3894
f 3870//3870 4019//4019 3905//3905
f 3699//3699 3854//3854 3809//3809
f 4000//4000 3886//3886 3810//3810
f 3933//3933 3967//3967 4020//4020
f 3934//3934 4021//4021 3922//3922
f 4022//4022 3957//3957 3781//3781
f 3781//3781 3932//3932 4022//4022
f 4023//4023 3932//3932 3969//3969
f 3949//3949 4008//4008 3947//3947
f 4009//4009 4024//4024 3838//3838
f 3754//3754 3909//3909 4009//4009
f 4002//4002 4001//4001 3911//3911
f 4011//4011 3989//3989 4004//4004
f 4012//4012 4011//4011 3979//3979
f 4005//4005 4025//4025 4013//4013
f 4005//4005 4014//4014 4026//4026
f 4027//4027 4014//4014 4015//4015
f 3992//3992 3954//3954 4028//4028
f 3993//3993 4028//4028 3954//3954
f 4029//4029 4028//4028 3993//3993
f 3993//3993 3981//3981 4029//4029
f 4016//4016 4029//4029 3981//3981
f 3996//3996 4016//4016 3982//3982
f 4030//4030 4017//4017 3984//3984
f 3929//3929 3930//3930 4031//4031
f 3930//3930 3883//3883 4032//4032
f 3883//3883 3963//3963 4032//4032
f 3748//3748 3998//3998 3894//3894
f 4033//4033 3945//3945 3835//3835
f 3835//3835 3795//3795 4033//4033
f 3968//3968 4034//4034 3955//3955
f 4035//4035 3969//3969 3958//3958
f 4024//4024 3971//3971 3838//3838
f 3907//3907 3921//3921 4036//4036
f 4037//4037 4036//4036 3921//3921
f 3921//3921 3933//3933 4037//4037
f 3955//3955 4038//4038 3967//3967
f 3922//3922 4039//4039 3968//3968
f 3934//3934 3994//3994 4021//4021
f 4040//4040 4021//4021 3994//3994
f 3857//3857 3956//3956 3917//3917
f 3878//3878 3918//3918 4041//4041
f 3936//3936 3978//3978 4042//4042
f 3996//3996 3966//3966 4043//4043
f 4017//4017 4030//4030 4044//4044
f 4018//4018 4030//4030 3984//3984
f 3985//3985 4018//4018 3942//3942
f 3985//3985 3973//3973 4045//4045
f 3997//3997 4045//4045 3973//3973
f 4019//4019 3853//3853 3905//3905
f 3854//3854 3699//3699 4046//4046
f 3626//3626 3611//3611 3977//3977
f 3932//3932 4023//4023 4022//4022
f 3969//3969 4035//4035 4023//4023
f 4007//4007 3995//3995 4048//4048
f 3933//3933 4020//4020 4037//4037
f 3956//3956 3878//3878 4049//4049
f 3918//3918 3907//3907 4050//4050
f 4051//4051 3978//3978 3988//3988
f 4011//4011 3988//3988 3989//3989
f 4012//4012 4013//4013 4052//4052
f 4025//4025 4052//4052 4013//4013
f 4026//4026 4025//4025 4005//4005
f 4026//4026 4014//4014 4053//4053
f 4014//4014 4027//4027 4053//4053
f 4054//4054 4053//4053 4027//4027
f 4029//4029 4016//4016 4055//4055
f 4056//4056 4055//4055 4016//4016
f 3996//3996 4056//4056 4016//4016
f 4043//4043 4017//4017 4057//4057
f 4046//4046 3699//3699 3976//3976
f 3960//3960 4047//4047 4059//4059
f 4039//4039 3922//3922 4021//4021
f 4050//4050 4041//4041 3918//3918
f 4047//4047 4001//4001 4060//4060
f 3935//3935 3873//3873 4061//4061
f 4003//4003 4061//4061 3873//3873
f 3936//3936 4042//4042 4062//4062
f 4025//4025 4026//4026 4063//4063
f 4026//4026 4053//4053 4064//4064
f 4054//4054 4028//4028 4065//4065
f 4028//4028 4029//4029 4066//4066
f 4055//4055 4066//4066 4029//4029
f 4043//4043 4067//4067 3996//3996
f 4017//4017 4044//4044 4057//4057
f 3931//3931 3893//3893 4068//4068
f 4058//4058 3869//3869 3853//3853
f 4069//4069 3958//3958 4007//4007
f 4048//4048 4069//4069 4007//4007
f 3986//3986 3951//3951 4070//4070
f 4002//4002 4060//4060 4001//4001
f 3936//3936 4062//4062 4010//4010
f 4052//4052 4051//4051 4012//4012
f 4071//4071 4064//4064 4053//4053
f 4065//4065 4071//4071 4053//4053
f 4053//4053 4054//4054 4065//4065
f 4066//4066 4065//4065 4028//4028
f 4067//4067 4056//4056 3996//3996
f 4057//4057 4067//4067 4043//4043
f 4018//4018 4044//4044 4030//4030
f 4018//4018 3985//3985 4045//4045
f 4031//4031 3930//3930 4072//4072
f 4032//4032 4072//4072 3930//3930
f 4073//4073 3974//3974 3868//3868
f 3868//3868 3904//3904 4073//4073
f 3977//3977 3794//3794 4074//4074
f 3896//3896 3999//3999 3924//3924
f 3886//3886 4000//4000 4075//4075
f 4034//4034 3968//3968 4039//4039
f 4021//4021 4040//4040 4076//4076
f 4077//4077 4076//4076 4040//4040
f 3955//3955 4034//4034 4038//4038
f 3917//3917 4077//4077 4040//4040
f 4078//4078 4079//4079 4003//4003
f 3987//3987 4078//4078 4003//4003
f 4080//4080 4042//4042 3978//3978
f 4064//4064 4063//4063 4026//4026
f 4081//4081 4066//4066 4055//4055
f 4082//4082 4081//4081 4055//4055
f 4056//4056 4082//4082 4055//4055
f 4018//4018 4045//4045 4083//4083
f 3997//3997 3867//3867 4084//4084
f 3929//3929 4085//4085 3867//3867
f 4019//4019 3870//3870 4086//4086
f 3975//3975 3895//3895 4087//4087
f 4046//4046 3944//3944 3854//3854
f 3896//3896 3906//3906 4088//4088
f 3795//3795 3925//3925 4089//4089
f 3885//3885 3886//3886 4090//4090
f 3916//3916 3986//3986 4091//4091
f 4035//4035 3958//3958 4092//4092
f 4008//4008 3949//3949 4093//4093
f 3949//3949 3948//3948 4093//4093
f 3950//3950 3862//3862 4094//4094
f 3971//3971 4094//4094 3862//3862
f 3957//3957 4022//4022 4095//4095
f 4097//4097 4050//4050 3907//3907
f 4061//4061 4003//4003 4079//4079
f 4052//4052 4098//4098 4051//4051
f 4063//4063 4064//4064 4099//4099
f 4044//4044 4067//4067 4057//4057
f 4044//4044 4018//4018 4100//4100
f 4083//4083 4100//4100 4018//4018
f 3893//3893 3894//3894 4102//4102
f 4103//4103 3998//3998 3869//3869
f 3869//3869 4058//4058 4103//4103
f 3964//3964 3885//3885 4104//4104
f 4092//4092 3958//3958 4069//4069
f 3957//3957 4095//4095 3909//3909
f 4070//4070 4091//4091 3986//3986
f 4078//4078 3987//3987 4105//4105
f 3987//3987 4010//4010 4106//4106
f 4098//4098 4080//4080 3978//3978
f 3978//3978 4051//4051 4098//4098
f 4107//4107 4098//4098 4052//4052
f 4052//4052 4025//4025 4107//4107
f 4108//4108 4107//4107 4025//4025
f 4025//4025 4063//4063 4108//4108
f 4082//4082 4056//4056 4109//4109
f 4067//4067 4109//4109 4056//4056
f 4085//4085 4084//4084 3867//3867
f 4085//4085 3929//3929 4031//4031
f 3904//3904 3931//3931 4073//4073
f 3884//3884 3944//3944 4110//4110
f 4074//4074 3794//3794 3999//3999
f 3945//3945 4088//4088 3906//3906
f 4104//4104 3885//3885 4090//4090
f 4000//4000 3946//3946 4111//4111
f 3967//3967 4038//4038 4112//4112
f 4038//4038 4034//4034 4113//4113
f 4077//4077 3917//3917 4096//4096
f 4114//4114 4095//4095 4022//4022
f 4008//4008 4115//4115 3983//3983
f 4093//4093 3948//3948 3970//3970
f 4024//4024 4009//4009 4116//4116
f 4117//4117 4116//4116 4009//4009
f 4034//4034 4118//4118 4113//4113
f 4119//4119 4021//4021 4076//4076
f 4120//4120 3917//3917 3956//3956
f 4049//4049 4120//4120 3956//3956
f 4041//4041 4049//4049 3878//3878
f 4041//4041 4050//4050 4121//4121
f 4010//4010 4062//4062 4106//4106
f 4071//4071 4065//4065 4122//4122
f 4065//4065 4066//4066 4123//4123
f 4109//4109 4081//4081 4082//4082
f 4124//4124 4067//4067 4044//4044
f 3963//3963 4125//4125 4032//4032
f 4101//4101 3963//3963 3974//3974
f 3998//3998 4102//4102 3894//3894
f 3896//3896 4088//4088 4127//4127
f 4089//4089 3925//3925 4128//4128
f 3959//3959 3960//3960 4059//4059
f 4129//4129 4114//4114 4022//4022
f 4048//4048 3995//3995 4130//4130
f 3983//3983 4130//4130 3995//3995
f 4060//4060 4002//4002 4131//4131
f 3935//3935 4131//4131 4002//4002
f 4106//4106 4105//4105 3987//3987
f 4062//4062 4042//4042 4132//4132
f 4133//4133 4132//4132 4042//4042
f 4080//4080 4133//4133 4042//4042
f 4107//4107 4080//4080 4098//4098
f 4064//4064 4071//4071 4134//4134
f 4081//4081 4123//4123 4066//4066
f 4045//4045 3997//3997 4136//4136
f 4032//4032 4125//4125 4137//4137
f 4086//4086 4138//4138 4019//4019
f 3870//3870 3975//3975 4086//4086
f 4110//4110 4087//4087 3895//3895
f 3895//3895 3884//3884 4110//4110
f 3964//3964 4128//4128 3925//3925
f 4075//4075 4090//4090 3886//3886
f 3916//3916 4091//4091 3946//3946
f 4113//4113 4139//4139 4038//4038
f 4039//4039 4118//4118 4034//4034
f 4039//4039 4021//4021 4119//4119
f 4093//4093 3970//3970 4140//4140
f 4112//4112 4020//4020 3967//3967
f 4096//4096 3917//3917 4120//4120
f 4097//4097 4121//4121 4050//4050
f 3935//3935 4061//4061 4131//4131
f 4061//4061 4079//4079 4141//4141
f 4142//4142 4108//4108 4063//4063
f 4063//4063 4099//4099 4142//4142
f 4122//4122 4134//4134 4071//4071
f 4065//4065 4123//4123 4143//4143
f 4081//4081 4109//4109 4144//4144
f 4084//4084 4136//4136 3997//3997
f 4126//4126 4125//4125 3963//3963
f 4145//4145 4101//4101 3974//3974
f 3974//3974 4073//4073 4145//4145
f 4075//4075 4000//4000 4146//4146
f 4000//4000 4111//4111 4146//4146
f 4009//4009 3909//3909 4117//4117
f 4096//4096 4148//4148 4076//4076
f 4049//4049 4041//4041 4149//4149
f 4150//4150 4133//4133 4080//4080
f 4080//4080 4107//4107 4150//4150
f 4151//4151 4150//4150 4107//4107
f 4108//4108 4151//4151 4107//4107
f 4122//4122 4065//4065 4143//4143
f 4152//4152 4153//4153 4081//4081
f 4124//4124 4044//4044 4135//4135
f 4135//4135 4044//4044 4154//4154
f 4072//4072 4032//4032 4137//4137
f 4068//4068 4073//4073 3931//3931
f 4087//4087 4086//4086 3975//3975
f 3944//3944 4046//4046 4155//4155
f 4090//4090 4156//4156 4104//4104
f 3951//3951 4157//4157 4070//4070
f 3970//3970 3950//3950 4140//4140
f 4158//4158 4094//4094 3971//3971
f 3909//3909 4095//4095 4117//4117
f 4159//4159 3797//3797 3959//3959
f 3959//3959 4059//4059 4160//4160
f 4153//4153 4143//4143 4123//4123
f 4123//4123 4081//4081 4153//4153
f 4081//4081 4144//4144 4152//4152
f 4045//4045 4136//4136 4161//4161
f 4125//4125 4126//4126 4162//4162
f 3977//3977 4163//4163 3626//3626
f 4164//4164 4074//4074 3999//3999
f 4089//4089 4033//4033 3795//3795
f 4075//4075 4156//4156 4090//4090
f 4147//4147 4039//4039 4119//4119
f 4041//4041 4121//4121 4149//4149
f 4130//4130 3983//3983 4165//4165
f 4115//4115 4165//4165 3983//3983
f 4024//4024 4158//4158 3971//3971
f 4036//4036 4166//4166 4097//4097
f 4139//4139 4113//4113 4167//4167
f 4113//4113 4118//4118 4167//4167
f 4168//4168 4169//4169 4060//4060
f 4131//4131 4168//4168 4060//4060
f 4131//4131 4061//4061 4141//4141
f 4078//4078 4170//4170 4079//4079
f 4142//4142 4171//4171 4108//4108
f 4142//4142 4099//4099 4172//4172
f 4099//4099 4064//4064 4172//4172
f 4064//4064 4134//4134 4172//4172
f 4144//4144 4124//4124 4152//4152
f 4135//4135 4152//4152 4124//4124
f 4084//4084 4085//4085 4173//4173
f 4101//4101 4126//4126 3963//3963
f 3998//3998 4103//4103 4174//4174
f 3945//3945 4033//4033 4175//4175
f 4048//4048 4176//4176 4069//4069
f 4117//4117 4095//4095 4177//4177
f 4178//4178 4172//4172 4134//4134
f 4179//4179 4134//4134 4122//4122
f 4152//4152 4135//4135 4180//4180
f 4154//4154 4044//4044 4181//4181
f 4100//4100 4181//4181 4044//4044
f 4084//4084 4173//4173 4136//4136
f 4019//4019 4058//4058 3853//3853
f 4155//4155 4110//4110 3944//3944
f 3825//3825 3826//3826 4182//4182
f 4166//4166 4183//4183 4097//4097
f 4184//4184 4037//4037 4020//4020
f 4139//4139 4112//4112 4038//4038
f 4121//4121 4097//4097 4183//4183
f 4036//4036 4037//4037 4184//4184
f 4118//4118 4039//4039 4185//4185
f 4148//4148 4096//4096 4186//4186
f 4141//4141 4079//4079 4170//4170
f 4170//4170 4078//4078 4187//4187
f 4105//4105 4187//4187 4078//4078
f 4188//4188 4132//4132 4133//4133
f 4133//4133 4150//4150 4189//4189
f 4173//4173 4161//4161 4136//4136
f 4190//4190 4103//4103 4058//4058
f 4159//4159 3951//3951 3797//3797
f 4069//4069 4176//4176 4092//4092
f 4191//4191 4177//4177 4095//4095
f 4095//4095 4114//4114 4191//4191
f 4185//4185 4192//4192 4118//4118
f 4147//4147 4185//4185 4039//4039
f 4119//4119 4076//4076 4193//4193
f 4148//4148 4193//4193 4076//4076
f 4151//4151 4189//4189 4150//4150
f 4122//4122 4143//4143 4179//4179
f 4180//4180 4153//4153 4152//4152
f 4194//4194 4180//4180 4135//4135
f 4135//4135 4154//4154 4194//4194
f 4072//4072 4137//4137 4195//4195
f 4190//4190 4058//4058 4019//4019
f 3976//3976 3825//3825 4182//4182
f 3826//3826 3626//3626 4163//4163
f 4088//4088 3945//3945 4175//4175
f 4159//4159 3959//3959 4196//4196
f 4197//4197 4022//4022 4023//4023
f 4176//4176 4048//4048 4198//4198
f 4048//4048 4130//4130 4199//4199
f 4165//4165 4199//4199 4130//4130
f 4115//4115 4008//4008 4200//4200
f 4093//4093 4200//4200 4008//4008
f 4166//4166 4036//4036 4201//4201
f 4141//4141 4170//4170 4202//4202
f 4203//4203 4178//4178 4134//4134
f 4134//4134 4179//4179 4203//4203
f 4204//4204 4085//4085 4031//4031
f 4162//4162 4137//4137 4125//4125
f 4162//4162 4126//4126 4205//4205
f 4206//4206 4073//4073 4068//4068
f 4207//4207 4086//4086 4087//4087
f 4104//4104 4208//4208 3964//3964
f 4035//4035 4092//4092 4209//4209
f 4140//4140 4210//4210 4093//4093
f 4211//4211 4158//4158 4024//4024
f 4024//4024 4116//4116 4211//4211
f 4193//4193 4148//4148 4186//4186
f 4049//4049 4149//4149 4212//4212
f 4106//4106 4062//4062 4213//4213
f 4179//4179 4143//4143 4214//4214
f 4153//4153 4180//4180 4214//4214
f 4215//4215 4194//4194 4154//4154
f 4216//4216 4204//4204 4031//4031
f 4031//4031 4072//4072 4216//4216
f 4195//4195 4216//4216 4072//4072
f 4101//4101 4205//4205 4126//4126
f 3977//3977 4074//4074 4163//4163
f 4159//4159 4157//4157 3951//3951
f 4022//4022 4197//4197 4129//4129
f 4217//4217 4092//4092 4176//4176
f 4199//4199 4198//4198 4048//4048
f 3950//3950 4218//4218 4140//4140
f 4219//4219 4220//4220 4112//4112
f 4112//4112 4139//4139 4219//4219
f 4221//4221 4178//4178 4203//4203
f 4179//4179 4214//4214 4203//4203
f 4143//4143 4153//4153 4214//4214
f 4181//4181 4215//4215 4154//4154
f 4204//4204 4173//4173 4085//4085
f 4223//4223 4101//4101 4145//4145
f 4073//4073 4223//4223 4145//4145
f 4174//4174 4102//4102 3998//3998
f 4127//4127 4088//4088 4224//4224
f 4128//4128 3964//3964 4225//4225
f 4208//4208 4225//4225 3964//3964
f 4157//4157 4091//4091 4070//4070
f 4160//4160 4196//4196 3959//3959
f 4035//4035 4209//4209 4023//4023
f 4165//4165 4115//4115 4226//4226
f 4200//4200 4226//4226 4115//4115
f 4020//4020 4112//4112 4220//4220
f 4192//4192 4227//4227 4118//4118
f 4212//4212 4120//4120 4049//4049
f 4169//4169 4168//4168 4228//4228
f 4202//4202 4229//4229 4141//4141
f 4187//4187 4105//4105 4230//4230
f 4189//4189 4188//4188 4133//4133
f 4172//4172 4178//4178 4231//4231
f 4100//4100 4083//4083 4232//4232
f 4019//4019 4138//4138 4233//4233
f 4087//4087 4110//4110 4234//4234
f 4235//4235 4196//4196 4160//4160
f 4198//4198 4217//4217 4176//4176
f 4236//4236 4211//4211 4116//4116
f 4117//4117 4236//4236 4116//4116
f 4228//4228 4168//4168 4237//4237
f 4132//4132 4213//4213 4062//4062
f 4151//4151 4238//4238 4189//4189
f 4239//4239 4231//4231 4178//4178
f 4178//4178 4221//4221 4239//4239
f 4194//4194 4240//4240 4214//4214
f 4214//4214 4180//4180 4194//4194
f 4232//4232 4222//4222 4100//4100
f 4161//4161 4173//4173 4241//4241
f 4068//4068 4102//4102 4242//4242
f 4163//4163 4182//4182 3826//3826
f 3896//3896 4127//4127 3999//3999
f 4227//4227 4167//4167 4118//4118
f 4096//4096 4120//4120 4243//4243
f 4244//4244 4129//4129 4197//4197
f 4092//4092 4245//4245 4209//4209
f 4198//4198 4199//4199 4246//4246
f 4218//4218 3950//3950 4247//4247
f 3950//3950 4094//4094 4247//4247
f 4157//4157 4248//4248 4091//4091
f 4169//4169 4228//4228 4249//4249
f 4250//4250 4237//4237 4168//4168
f 4229//4229 4250//4250 4141//4141
f 4151//4151 4108//4108 4251//4251
f 4231//4231 4142//4142 4172//4172
f 4252//4252 4221//4221 4203//4203
f 4203//4203 4214//4214 4240//4240
f 4083//4083 4045//4045 4232//4232
f 4137//4137 4162//4162 4253//4253
f 4206//4206 4068//4068 4242//4242
f 4182//4182 4046//4046 3976//3976
f 4127//4127 4164//4164 3999//3999
f 4036//4036 4184//4184 4201//4201
f 4158//4158 4247//4247 4094//4094
f 4203//4203 4240//4240 4252//4252
f 4173//4173 4254//4254 4241//4241
f 4162//4162 4205//4205 4253//4253
f 4255//4255 4205//4205 4101//4101
f 4223//4223 4255//4255 4101//4101
f 4073//4073 4206//4206 4255//4255
f 4102//4102 4174//4174 4256//4256
f 4207//4207 4257//4257 4086//4086
f 4234//4234 4110//4110 4155//4155
f 3946//3946 4091//4091 4258//4258
f 4186//4186 4096//4096 4243//4243
f 4259//4259 4212//4212 4149//4149
f 4260//4260 4245//4245 4092//4092
f 4092//4092 4217//4217 4260//4260
f 4230//4230 4261//4261 4187//4187
f 4262//4262 4251//4251 4108//4108
f 4173//4173 4204//4204 4254//4254
f 4253//4253 4195//4195 4137//4137
f 4073//4073 4255//4255 4223//4223
f 4103//4103 4190//4190 4263//4263
f 4257//4257 4138//4138 4086//4086
f 4104//4104 4156//4156 4208//4208
f 4248//4248 4258//4258 4091//4091
f 4020//4020 4220//4220 4264//4264
f 4121//4121 4259//4259 4149//4149
f 4114//4114 4129//4129 4265//4265
f 4218//4218 4210//4210 4140//4140
f 4219//4219 4139//4139 4167//4167
f 4227//4227 4192//4192 4185//4185
f 4212//4212 4259//4259 4266//4266
f 4229//4229 4237//4237 4250//4250
f 4267//4267 4268//4268 4105//4105
f 4105//4105 4106//4106 4267//4267
f 4269//4269 4262//4262 4108//4108
f 4108//4108 4171//4171 4269//4269
f 4271//4271 4232//4232 4045//4045
f 4045//4045 4161//4161 4271//4271
f 4074//4074 4164//4164 4272//4272
f 4273//4273 4088//4088 4175//4175
f 4198//4198 4246//4246 4274//4274
f 4093//4093 4210//4210 4275//4275
f 4117//4117 4177//4177 4236//4236
f 4264//4264 4184//4184 4020//4020
f 4167//4167 4227//4227 4276//4276
f 4230//4230 4105//4105 4268//4268
f 4213//4213 4132//4132 4188//4188
f 4189//4189 4277//4277 4188//4188
f 4171//4171 4142//4142 4278//4278
f 4239//4239 4221//4221 4279//4279
f 4281//4281 4280//4280 4205//4205
f 4205//4205 4255//4255 4281//4281
f 4263//4263 4174//4174 4103//4103
f 4190//4190 4233//4233 4263//4263
f 4282//4282 4208//4208 4156//4156
f 4258//4258 4111//4111 3946//3946
f 4197//4197 4023//4023 4209//4209
f 4201//4201 4184//4184 4283//4283
f 4220//4220 4219//4219 4284//4284
f 4285//4285 4121//4121 4183//4183
f 4249//4249 4228//4228 4286//4286
f 4151//4151 4251//4251 4238//4238
f 4231//4231 4239//4239 4270//4270
f 4181//4181 4100//4100 4287//4287
f 4222//4222 4287//4287 4100//4100
f 4216//4216 4254//4254 4204//4204
f 4102//4102 4256//4256 4242//4242
f 4033//4033 4089//4089 4175//4175
f 4288//4288 4075//4075 4146//4146
f 4157//4157 4159//4159 4289//4289
f 4129//4129 4244//4244 4265//4265
f 4290//4290 4191//4191 4114//4114
f 4265//4265 4290//4290 4114//4114
f 4166//4166 4201//4201 4291//4291
f 4185//4185 4147//4147 4292//4292
f 4291//4291 4183//4183 4166//4166
f 4237//4237 4293//4293 4228//4228
f 4170//4170 4187//4187 4294//4294
f 4261//4261 4294//4294 4187//4187
f 4106//4106 4213//4213 4267//4267
f 4213//4213 4188//4188 4295//4295
f 4171//4171 4278//4278 4269//4269
f 4239//4239 4279//4279 4296//4296
f 4221//4221 4252//4252 4279//4279
f 4216//4216 4195//4195 4297//4297
f 4298//4298 4297//4297 4195//4195
f 4299//4299 4281//4281 4255//4255
f 4156//4156 4075//4075 4282//4282
f 4289//4289 4248//4248 4157//4157
f 4196//4196 4301//4301 4159//4159
f 4265//4265 4244//4244 4302//4302
f 4303//4303 4283//4283 4184//4184
f 4219//4219 4167//4167 4304//4304
f 4119//4119 4193//4193 4305//4305
f 4285//4285 4259//4259 4121//4121
f 4306//4306 4307//4307 4237//4237
f 4229//4229 4306//4306 4237//4237
f 4142//4142 4231//4231 4308//4308
f 4240//4240 4309//4309 4252//4252
f 4194//4194 4215//4215 4310//4310
f 4161//4161 4241//4241 4271//4271
f 4241//4241 4254//4254 4311//4311
f 4312//4312 4311//4311 4254//4254
f 4195//4195 4253//4253 4298//4298
f 4299//4299 4255//4255 4206//4206
f 4207//4207 4087//4087 4313//4313
f 4087//4087 4234//4234 4313//4313
f 4155//4155 4046//4046 4314//4314
f 4273//4273 4224//4224 4088//4088
f 4315//4315 4225//4225 4208//4208
f 4075//4075 4288//4288 4282//4282
f 4245//4245 4260//4260 4316//4316
f 4226//4226 4317//4317 4165//4165
f 4226//4226 4200//4200 4318//4318
f 4293//4293 4237//4237 4307//4307
f 4319//4319 4306//4306 4229//4229
f 4229//4229 4202//4202 4319//4319
f 4238//4238 4277//4277 4189//4189
f 4254//4254 4216//4216 4320//4320
f 4234//4234 4155//4155 4321//4321
f 4300//4300 4074//4074 4272//4272
f 4128//4128 4225//4225 4315//4315
f 4258//4258 4248//4248 4322//4322
f 4184//4184 4264//4264 4303//4303
f 4323//4323 4264//4264 4220//4220
f 4220//4220 4284//4284 4323//4323
f 4276//4276 4227//4227 4324//4324
f 4185//4185 4325//4325 4227//4227
f 4147//4147 4119//4119 4326//4326
f 4305//4305 4326//4326 4119//4119
f 4327//4327 4305//4305 4193//4193
f 4193//4193 4186//4186 4327//4327
f 4316//4316 4209//4209 4245//4245
f 4217//4217 4198//4198 4328//4328
f 4198//4198 4274//4274 4328//4328
f 4275//4275 4200//4200 4093//4093
f 4290//4290 4177//4177 4191//4191
f 4276//4276 4329//4329 4167//4167
f 4325//4325 4185//4185 4292//4292
f 4292//4292 4147//4147 4326//4326
f 4186//4186 4243//4243 4330//4330
f 4331//4331 4120//4120 4212//4212
f 4266//4266 4331//4331 4212//4212
f 4202//4202 4170//4170 4294//4294
f 4238//4238 4251//4251 4332//4332
f 4296//4296 4270//4270 4239//4239
f 4298//4298 4253//4253 4333//4333
f 4253//4253 4205//4205 4333//4333
f 4074//4074 4300//4300 4163//4163
f 4089//4089 4128//4128 4334//4334
f 4128//4128 4315//4315 4334//4334
f 4146//4146 4111//4111 4288//4288
f 4258//4258 4288//4288 4111//4111
f 4301//4301 4335//4335 4159//4159
f 4275//4275 4318//4318 4200//4200
f 4210//4210 4336//4336 4275//4275
f 4337//4337 4218//4218 4247//4247
f 4158//4158 4337//4337 4247//4247
f 4304//4304 4167//4167 4329//4329
f 4325//4325 4324//4324 4227//4227
f 4243//4243 4120//4120 4331//4331
f 4183//4183 4291//4291 4285//4285
f 4251//4251 4262//4262 4332//4332
f 4278//4278 4142//4142 4308//4308
f 4205//4205 4280//4280 4338//4338
f 4207//4207 4313//4313 4257//4257
f 4340//4340 4313//4313 4234//4234
f 4341//4341 4197//4197 4209//4209
f 4260//4260 4217//4217 4342//4342
f 4328//4328 4342//4342 4217//4217
f 4226//4226 4318//4318 4317//4317
f 4291//4291 4201//4201 4343//4343
f 4201//4201 4283//4283 4343//4343
f 4284//4284 4219//4219 4304//4304
f 4294//4294 4319//4319 4202//4202
f 4194//4194 4310//4310 4344//4344
f 4138//4138 4257//4257 4345//4345
f 4258//4258 4322//4322 4346//4346
f 4341//4341 4244//4244 4197//4197
f 4211//4211 4236//4236 4347//4347
f 4348//4348 4295//4295 4188//4188
f 4188//4188 4277//4277 4348//4348
f 4349//4349 4308//4308 4231//4231
f 4231//4231 4270//4270 4349//4349
f 4240//4240 4194//4194 4344//4344
f 4205//4205 4338//4338 4333//4333
f 4350//4350 4206//4206 4242//4242
f 4233//4233 4351//4351 4263//4263
f 4321//4321 4340//4340 4234//4234
f 4321//4321 4155//4155 4314//4314
f 4352//4352 4182//4182 4163//4163
f 4175//4175 4089//4089 4334//4334
f 4208//4208 4282//4282 4353//4353
f 4354//4354 4266//4266 4259//4259
f 4259//4259 4285//4285 4354//4354
f 4355//4355 4336//4336 4210//4210
f 4218//4218 4355//4355 4210//4210
f 4356//4356 4285//4285 4291//4291
f 4343//4343 4356//4356 4291//4291
f 4344//4344 4309//4309 4240//4240
f 4339//4339 4350//4350 4242//4242
f 4233//4233 4138//4138 4351//4351
f 4357//4357 4351//4351 4138//4138
f 4288//4288 4258//4258 4346//4346
f 4159//4159 4335//4335 4289//4289
f 4199//4199 4165//4165 4358//4358
f 4336//4336 4359//4359 4275//4275
f 4337//4337 4355//4355 4218//4218
f 4360//4360 4329//4329 4276//4276
f 4276//4276 4324//4324 4360//4360
f 4325//4325 4292//4292 4361//4361
f 4362//4362 4330//4330 4243//4243
f 4243//4243 4331//4331 4362//4362
f 4354//4354 4331//4331 4266//4266
f 4230//4230 4268//4268 4363//4363
f 4364//4364 4268//4268 4267//4267
f 4365//4365 4364//4364 4267//4267
f 4267//4267 4213//4213 4365//4365
f 4213//4213 4295//4295 4365//4365
f 4232//4232 4271//4271 4366//4366
f 4242//4242 4256//4256 4367//4367
f 4046//4046 4182//4182 4368//4368
f 4334//4334 4273//4273 4175//4175
f 4208//4208 4369//4369 4315//4315
f 4370//4370 4209//4209 4316//4316
f 4316//4316 4260//4260 4342//4342
f 4371//4371 4328//4328 4274//4274
f 4317//4317 4358//4358 4165//4165
f 4177//4177 4347//4347 4236//4236
f 4330//4330 4327//4327 4186//4186
f 4296//4296 4279//4279 4372//4372
f 4252//4252 4309//4309 4373//4373
f 4222//4222 4232//4232 4366//4366
f 4320//4320 4312//4312 4254//4254
f 4374//4374 4320//4320 4216//4216
f 4297//4297 4374//4374 4216//4216
f 4256//4256 4174//4174 4367//4367
f 4357//4357 4138//4138 4345//4345
f 4209//4209 4370//4370 4341//4341
f 4246//4246 4199//4199 4375//4375
f 4337//4337 4158//4158 4211//4211
f 4303//4303 4376//4376 4283//4283
f 4377//4377 4326//4326 4305//4305
f 4327//4327 4377//4377 4305//4305
f 4228//4228 4378//4378 4286//4286
f 4261//4261 4230//4230 4379//4379
f 4379//4379 4230//4230 4380//4380
f 4363//4363 4380//4380 4230//4230
f 4310//4310 4381//4381 4344//4344
f 4215//4215 4181//4181 4382//4382
f 4181//4181 4287//4287 4382//4382
f 4383//4383 4298//4298 4333//4333
f 4299//4299 4206//4206 4350//4350
f 4246//4246 4384//4384 4274//4274
f 4375//4375 4199//4199 4358//4358
f 4277//4277 4238//4238 4332//4332
f 4385//4385 4269//4269 4278//4278
f 4349//4349 4270//4270 4386//4386
f 4296//4296 4372//4372 4270//4270
f 4279//4279 4252//4252 4373//4373
f 4387//4387 4297//4297 4298//4298
f 4388//4388 4280//4280 4281//4281
f 4174//4174 4263//4263 4367//4367
f 4389//4389 4367//4367 4263//4263
f 4390//4390 4391//4391 4127//4127
f 4127//4127 4224//4224 4390//4390
f 4273//4273 4390//4390 4224//4224
f 4282//4282 4288//4288 4392//4392
f 4343//4343 4283//4283 4393//4393
f 4361//4361 4292//4292 4394//4394
f 4342//4342 4328//4328 4395//4395
f 4375//4375 4384//4384 4246//4246
f 4275//4275 4317//4317 4318//4318
f 4364//4364 4363//4363 4268//4268
f 4263//4263 4351//4351 4389//4389
f 4396//4396 4164//4164 4397//4397
f 4164//4164 4127//4127 4397//4397
f 4360//4360 4324//4324 4398//4398
f 4394//4394 4292//4292 4326//4326
f 4399//4399 4362//4362 4331//4331
f 4302//4302 4244//4244 4400//4400
f 4317//4317 4275//4275 4401//4401
f 4402//4402 4347//4347 4177//4177
f 4177//4177 4290//4290 4402//4402
f 4403//4403 4290//4290 4265//4265
f 4265//4265 4302//4302 4404//4404
f 4319//4319 4294//4294 4405//4405
f 4348//4348 4365//4365 4295//4295
f 4309//4309 4344//4344 4381//4381
f 4366//4366 4287//4287 4222//4222
f 4406//4406 4374//4374 4297//4297
f 4383//4383 4333//4333 4407//4407
f 4299//4299 4388//4388 4281//4281
f 4408//4408 4345//4345 4257//4257
f 4353//4353 4369//4369 4208//4208
f 4392//4392 4353//4353 4282//4282
f 4289//4289 4409//4409 4248//4248
f 4376//4376 4393//4393 4283//4283
f 4303//4303 4264//4264 4376//4376
f 4323//4323 4284//4284 4410//4410
f 4284//4284 4304//4304 4411//4411
f 4329//4329 4411//4411 4304//4304
f 4325//4325 4398//4398 4324//4324
f 4412//4412 4377//4377 4327//4327
f 4331//4331 4354//4354 4399//4399
f 4384//4384 4371//4371 4274//4274
f 4359//4359 4336//4336 4414//4414
f 4228//4228 4293//4293 4415//4415
f 4293//4293 4307//4307 4415//4415
f 4307//4307 4306//4306 4416//4416
f 4417//4417 4416//4416 4306//4306
f 4306//4306 4319//4319 4417//4417
f 4294//4294 4261//4261 4418//4418
f 4419//4419 4381//4381 4310//4310
f 4366//4366 4271//4271 4420//4420
f 4271//4271 4241//4241 4420//4420
f 4333//4333 4338//4338 4407//4407
f 4421//4421 4338//4338 4280//4280
f 4280//4280 4388//4388 4421//4421
f 4422//4422 4423//4423 4339//4339
f 4339//4339 4367//4367 4422//4422
f 4391//4391 4397//4397 4127//4127
f 4424//4424 4399//4399 4354//4354
f 4354//4354 4285//4285 4425//4425
f 4285//4285 4356//4356 4425//4425
f 4316//4316 4342//4342 4426//4426
f 4427//4427 4355//4355 4337//4337
f 4428//4428 4289//4289 4335//4335
f 4335//4335 4378//4378 4428//4428
f 4418//4418 4405//4405 4294//4294
f 4261//4261 4429//4429 4418//4418
f 4332//4332 4348//4348 4277//4277
f 4332//4332 4262//4262 4430//4430
f 4310//4310 4215//4215 4419//4419
f 4366//4366 4420//4420 4431//4431
f 4383//4383 4387//4387 4298//4298
f 4351//4351 4357//4357 4389//4389
f 4392//4392 4288//4288 4432//4432
f 4425//4425 4424//4424 4354//4354
f 4302//4302 4400//4400 4404//4404
f 4341//4341 4400//4400 4244//4244
f 4316//4316 4426//4426 4370//4370
f 4395//4395 4426//4426 4342//4342
f 4371//4371 4395//4395 4328//4328
f 4384//4384 4375//4375 4433//4433
f 4414//4414 4336//4336 4434//4434
f 4355//4355 4434//4434 4336//4336
f 4337//4337 4211//4211 4435//4435
f 4265//4265 4404//4404 4403//4403
f 4378//4378 4228//4228 4436//4436
f 4437//4437 4262//4262 4269//4269
f 4308//4308 4349//4349 4438//4438
f 4270//4270 4372//4372 4439//4439
f 4396//4396 4272//4272 4164//4164
f 4273//4273 4334//4334 4440//4440
f 4441//4441 4376//4376 4264//4264
f 4264//4264 4323//4323 4441//4441
f 4326//4326 4377//4377 4442//4442
f 4412//4412 4327//4327 4413//4413
f 4358//4358 4433//4433 4375//4375
f 4317//4317 4444//4444 4358//4358
f 4435//4435 4427//4427 4337//4337
f 4398//4398 4445//4445 4360//4360
f 4325//4325 4446//4446 4398//4398
f 4394//4394 4326//4326 4442//4442
f 4330//4330 4362//4362 4447//4447
f 4443//4443 4425//4425 4356//4356
f 4417//4417 4319//4319 4405//4405
f 4405//4405 4418//4418 4448//4448
f 4449//4449 4429//4429 4261//4261
f 4450//4450 4449//4449 4261//4261
f 4261//4261 4379//4379 4450//4450
f 4437//4437 4430//4430 4262//4262
f 4278//4278 4308//4308 4438//4438
f 4349//4349 4386//4386 4451//4451
f 4439//4439 4386//4386 4270//4270
f 4373//4373 4309//4309 4452//4452
f 4309//4309 4381//4381 4452//4452
f 4297//4297 4387//4387 4453//4453
f 4345//4345 4454//4454 4357//4357
f 4257//4257 4313//4313 4408//4408
f 4368//4368 4182//4182 4455//4455
f 4288//4288 4346//4346 4432//4432
f 4322//4322 4248//4248 4409//4409
f 4371//4371 4384//4384 4457//4457
f 4433//4433 4358//4358 4458//4458
f 4444//4444 4458//4458 4358//4358
f 4275//4275 4359//4359 4459//4459
f 4211//4211 4347//4347 4435//4435
f 4441//4441 4323//4323 4410//4410
f 4411//4411 4410//4410 4284//4284
f 4445//4445 4460//4460 4329//4329
f 4329//4329 4360//4360 4445//4445
f 4428//4428 4378//4378 4461//4461
f 4378//4378 4436//4436 4461//4461
f 4415//4415 4307//4307 4462//4462
f 4416//4416 4462//4462 4307//4307
f 4463//4463 4287//4287 4366//4366
f 4453//4453 4406//4406 4297//4297
f 4299//4299 4350//4350 4464//4464
f 4389//4389 4357//4357 4454//4454
f 4408//4408 4465//4465 4345//4345
f 4046//4046 4368//4368 4314//4314
f 4467//4467 4395//4395 4371//4371
f 4371//4371 4457//4457 4467//4467
f 4433//4433 4468//4468 4384//4384
f 4401//4401 4444//4444 4317//4317
f 4459//4459 4401//4401 4275//4275
f 4427//4427 4434//4434 4355//4355
f 4343//4343 4393//4393 4469//4469
f 4329//4329 4470//4470 4411//4411
f 4330//4330 4413//4413 4327//4327
f 4415//4415 4436//4436 4228//4228
f 4269//4269 4385//4385 4437//4437
f 4472//4472 4385//4385 4278//4278
f 4349//4349 4451//4451 4438//4438
f 4431//4431 4463//4463 4366//4366
f 4311//4311 4420//4420 4241//4241
f 4390//4390 4273//4273 4440//4440
f 4334//4334 4315//4315 4473//4473
f 4369//4369 4466//4466 4315//4315
f 4474//4474 4404//4404 4400//4400
f 4475//4475 4395//4395 4467//4467
f 4476//4476 4477//4477 4428//4428
f 4461//4461 4476//4476 4428//4428
f 4405//4405 4416//4416 4417//4417
f 4448//4448 4418//4418 4471//4471
f 4450//4450 4379//4379 4478//4478
f 4380//4380 4478//4478 4379//4379
f 4381//4381 4419//4419 4479//4479
f 4374//4374 4406//4406 4320//4320
f 4407//4407 4480//4480 4383//4383
f 4465//4465 4454//4454 4345//4345
f 4300//4300 4352//4352 4163//4163
f 4343//4343 4469//4469 4481//4481
f 4482//4482 4411//4411 4470//4470
f 4412//4412 4442//4442 4377//4377
f 4413//4413 4483//4483 4412//4412
f 4484//4484 4341//4341 4370//4370
f 4485//4485 4426//4426 4395//4395
f 4475//4475 4485//4485 4395//4395
f 4427//4427 4435//4435 4486//4486
f 4409//4409 4289//4289 4477//4477
f 4279//4279 4373//4373 4487//4487
f 4452//4452 4488//4488 4373//4373
f 4352//4352 4455//4455 4182//4182
f 4466//4466 4473//4473 4315//4315
f 4466//4466 4369//4369 4489//4489
f 4456//4456 4489//4489 4369//4369
f 4432//4432 4346//4346 4490//4490
f 4322//4322 4490//4490 4346//4346
f 4393//4393 4376//4376 4491//4491
f 4376//4376 4441//4441 4491//4491
f 4460//4460 4470//4470 4329//4329
f 4446//4446 4325//4325 4361//4361
f 4356//4356 4343//4343 4481//4481
f 4493//4493 4365//4365 4348//4348
f 4332//4332 4493//4493 4348//4348
f 4438//4438 4472//4472 4278//4278
f 4487//4487 4372//4372 4279//4279
f 4494//4494 4431//4431 4420//4420
f 4420//4420 4311//4311 4494//4494
f 4311//4311 4312//4312 4495//4495
f 4496//4496 4312//4312 4320//4320
f 4406//4406 4497//4497 4320//4320
f 4480//4480 4387//4387 4383//4383
f 4440//4440 4334//4334 4473//4473
f 4369//4369 4353//4353 4456//4456
f 4482//4482 4410//4410 4411//4411
f 4330//4330 4483//4483 4413//4413
f 4362//4362 4399//4399 4498//4498
f 4492//4492 4400//4400 4341//4341
f 4341//4341 4484//4484 4492//4492
f 4468//4468 4457//4457 4384//4384
f 4347//4347 4402//4402 4499//4499
f 4500//4500 4322//4322 4409//4409
f 4448//4448 4416//4416 4405//4405
f 4471//4471 4418//4418 4501//4501
f 4418//4418 4429//4429 4502//4502
f 4452//4452 4381//4381 4479//4479
f 4419//4419 4503//4503 4479//4479
f 4496//4496 4495//4495 4312//4312
f 4504//4504 4367//4367 4389//4389
f 4408//4408 4313//4313 4505//4505
f 4506//4506 4456//4456 4353//4353
f 4353//4353 4392//4392 4506//4506
f 4507//4507 4441//4441 4410//4410
f 4394//4394 4442//4442 4508//4508
f 4500//4500 4409//4409 4509//4509
f 4409//4409 4477//4477 4509//4509
f 4477//4477 4476//4476 4509//4509
f 4415//4415 4510//4510 4436//4436
f 4511//4511 4472//4472 4438//4438
f 4373//4373 4488//4488 4487//4487
f 4215//4215 4382//4382 4512//4512
f 4463//4463 4382//4382 4287//4287
f 4513//4513 4497//4497 4406//4406
f 4407//4407 4338//4338 4514//4514
f 4423//4423 4422//4422 4515//4515
f 4516//4516 4504//4504 4389//4389
f 4454//4454 4516//4516 4389//4389
f 4300//4300 4272//4272 4396//4396
f 4482//4482 4507//4507 4410//4410
f 4398//4398 4518//4518 4445//4445
f 4519//4519 4508//4508 4442//4442
f 4412//4412 4519//4519 4442//4442
f 4498//4498 4447//4447 4362//4362
f 4520//4520 4370//4370 4426//4426
f 4518//4518 4460//4460 4445//4445
f 4446//4446 4521//4521 4398//4398
f 4522//4522 4519//4519 4412//4412
f 4483//4483 4522//4522 4412//4412
f 4511//4511 4438//4438 4451//4451
f 4523//4523 4496//4496 4320//4320
f 4320//4320 4497//4497 4523//4523
f 4388//4388 4299//4299 4524//4524
f 4525//4525 4350//4350 4339//4339
f 4422//4422 4367//4367 4526//4526
f 4500//4500 4490//4490 4322//4322
f 4527//4527 4474//4474 4400//4400
f 4492//4492 4527//4527 4400//4400
f 4520//4520 4484//4484 4370//4370
f 4414//4414 4528//4528 4359//4359
f 4435//4435 4347//4347 4499//4499
f 4491//4491 4469//4469 4393//4393
f 4491//4491 4441//4441 4529//4529
f 4441//4441 4507//4507 4529//4529
f 4425//4425 4530//4530 4424//4424
f 4481//4481 4443//4443 4356//4356
f 4418//4418 4502//4502 4501//4501
f 4380//4380 4363//4363 4531//4531
f 4364//4364 4531//4531 4363//4363
f 4419//4419 4215//4215 4512//4512
f 4480//4480 4453//4453 4387//4387
f 4464//4464 4524//4524 4299//4299
f 4423//4423 4525//4525 4339//4339
f 4314//4314 4368//4368 4517//4517
f 4455//4455 4517//4517 4368//4368
f 4352//4352 4300//4300 4532//4532
f 4433//4433 4533//4533 4468//4468
f 4528//4528 4414//4414 4434//4434
f 4534//4534 4402//4402 4290//4290
f 4448//4448 4471//4471 4535//4535
f 4429//4429 4449//4449 4502//4502
f 4449//4449 4536//4536 4537//4537
f 4538//4538 4449//4449 4450//4450
f 4539//4539 4450//4450 4478//4478
f 4540//4540 4511//4511 4451//4451
f 4451//4451 4386//4386 4541//4541
f 4386//4386 4439//4439 4541//4541
f 4382//4382 4463//4463 4542//4542
f 4495//4495 4494//4494 4311//4311
f 4514//4514 4338//4338 4421//4421
f 4388//4388 4524//4524 4543//4543
f 4525//4525 4464//4464 4350//4350
f 4504//4504 4526//4526 4367//4367
f 4313//4313 4340//4340 4505//4505
f 4498//4498 4399//4399 4544//4544
f 4545//4545 4533//4533 4433//4433
f 4433//4433 4458//4458 4545//4545
f 4290//4290 4403//4403 4534//4534
f 4542//4542 4512//4512 4382//4382
f 4407//4407 4546//4546 4480//4480
f 4498//4498 4544//4544 4547//4547
f 4434//4434 4427//4427 4486//4486
f 4404//4404 4474//4474 4403//4403
f 4361//4361 4548//4548 4446//4446
f 4447//4447 4498//4498 4547//4547
f 4544//4544 4399//4399 4424//4424
f 4424//4424 4530//4530 4544//4544
f 4321//4321 4314//4314 4517//4517
f 4396//4396 4532//4532 4300//4300
f 4538//4538 4536//4536 4449//4449
f 4364//4364 4365//4365 4549//4549
f 4365//4365 4493//4493 4549//4549
f 4479//4479 4488//4488 4452//4452
f 4406//4406 4453//4453 4550//4550
f 4514//4514 4551//4551 4407//4407
f 4528//4528 4459//4459 4359//4359
f 4469//4469 4552//4552 4481//4481
f 4553//4553 4507//4507 4482//4482
f 4522//4522 4508//4508 4519//4519
f 4330//4330 4447//4447 4554//4554
f 4547//4547 4554//4554 4447//4447
f 4425//4425 4443//4443 4555//4555
f 4535//4535 4471//4471 4556//4556
f 4501//4501 4556//4556 4471//4471
f 4537//4537 4502//4502 4449//4449
f 4406//4406 4550//4550 4513//4513
f 4453//4453 4480//4480 4550//4550
f 4543//4543 4421//4421 4388//4388
f 4486//4486 4435//4435 4557//4557
f 4435//4435 4499//4499 4557//4557
f 4529//4529 4558//4558 4469//4469
f 4469//4469 4491//4491 4529//4529
f 4482//4482 4470//4470 4559//4559
f 4483//4483 4330//4330 4554//4554
f 4555//4555 4530//4530 4425//4425
f 4476//4476 4461//4461 4560//4560
f 4416//4416 4448//4448 4561//4561
f 4535//4535 4561//4561 4448//4448
f 4539//4539 4538//4538 4450//4450
f 4493//4493 4332//4332 4562//4562
f 4430//4430 4437//4437 4563//4563
f 4564//4564 4439//4439 4372//4372
f 4546//4546 4550//4550 4480//4480
f 4546//4546 4407//4407 4551//4551
f 4565//4565 4423//4423 4515//4515
f 4465//4465 4516//4516 4454//4454
f 4532//4532 4566//4566 4352//4352
f 4458//4458 4444//4444 4567//4567
f 4521//4521 4518//4518 4398//4398
f 4521//4521 4446//4446 4548//4548
f 4443//4443 4481//4481 4568//4568
f 4549//4549 4531//4531 4364//4364
f 4430//4430 4562//4562 4332//4332
f 4487//4487 4488//4488 4569//4569
f 4463//4463 4431//4431 4570//4570
f 4571//4571 4495//4495 4496//4496
f 4551//4551 4514//4514 4572//4572
f 4514//4514 4421//4421 4572//4572
f 4573//4573 4505//4505 4340//4340
f 4574//4574 4506//4506 4392//4392
f 4392//4392 4432//4432 4574//4574
f 4575//4575 4426//4426 4485//4485
f 4485//4485 4475//4475 4575//4575
f 4403//4403 4474//4474 4576//4576
f 4500//4500 4509//4509 4577//4577
f 4509//4509 4476//4476 4577//4577
f 4561//4561 4462//4462 4416//4416
f 4531//4531 4478//4478 4380//4380
f 4496//4496 4523//4523 4571//4571
f 4524//4524 4464//4464 4578//4578
f 4464//4464 4525//4525 4579//4579
f 4465//4465 4408//4408 4580//4580
f 4505//4505 4580//4580 4408//4408
f 4581//4581 4573//4573 4340//4340
f 4340//4340 4321//4321 4581//4581
f 4391//4391 4390//4390 4582//4582
f 4552//4552 4469//4469 4558//4558
f 4584//4584 4470//4470 4460//4460
f 4460//4460 4518//4518 4584//4584
f 4552//4552 4568//4568 4481//4481
f 4474//4474 4527//4527 4585//4585
f 4545//4545 4458//4458 4567//4567
f 4401//4401 4586//4586 4444//4444
f 4587//4587 4401//4401 4459//4459
f 4536//4536 4538//4538 4588//4588
f 4589//4589 4451//4451 4541//4541
f 4372//4372 4487//4487 4564//4564
f 4419//4419 4512//4512 4590//4590
f 4570//4570 4431//4431 4494//4494
f 4550//4550 4546//4546 4591//4591
f 4321//4321 4517//4517 4581//4581
f 4592//4592 4529//4529 4507//4507
f 4553//4553 4482//4482 4559//4559
f 4593//4593 4361//4361 4394//4394
f 4394//4394 4508//4508 4593//4593
f 4434//4434 4595//4595 4528//4528
f 4592//4592 4596//4596 4529//4529
f 4502//4502 4598//4598 4501//4501
f 4487//4487 4569//4569 4599//4599
f 4488//4488 4479//4479 4569//4569
f 4600//4600 4571//4571 4523//4523
f 4523//4523 4497//4497 4600//4600
f 4565//4565 4525//4525 4423//4423
f 4396//4396 4397//4397 4601//4601
f 4397//4397 4391//4391 4602//4602
f 4603//4603 4466//4466 4489//4489
f 4577//4577 4583//4583 4500//4500
f 4474//4474 4585//4585 4604//4604
f 4457//4457 4468//4468 4605//4605
f 4606//4606 4587//4587 4459//4459
f 4528//4528 4606//4606 4459//4459
f 4434//4434 4486//4486 4607//4607
f 4576//4576 4534//4534 4403//4403
f 4604//4604 4576//4576 4474//4474
f 4548//4548 4361//4361 4593//4593
f 4594//4594 4597//4597 4508//4508
f 4608//4608 4594//4594 4508//4508
f 4508//4508 4522//4522 4608//4608
f 4443//4443 4568//4568 4555//4555
f 4588//4588 4538//4538 4609//4609
f 4538//4538 4539//4539 4609//4609
f 4437//4437 4385//4385 4563//4563
f 4479//4479 4503//4503 4569//4569
f 4590//4590 4503//4503 4419//4419
f 4570//4570 4542//4542 4463//4463
f 4572//4572 4421//4421 4610//4610
f 4543//4543 4610//4610 4421//4421
f 4579//4579 4578//4578 4464//4464
f 4440//4440 4582//4582 4390//4390
f 4468//4468 4533//4533 4605//4605
f 4401//4401 4587//4587 4586//4586
f 4499//4499 4402//4402 4611//4611
f 4402//4402 4534//4534 4611//4611
f 4507//4507 4553//4553 4592//4592
f 4593//4593 4508//4508 4597//4597
f 4612//4612 4461//4461 4436//4436
f 4510//4510 4612//4612 4436//4436
f 4535//4535 4556//4556 4613//4613
f 4556//4556 4501//4501 4613//4613
f 4614//4614 4598//4598 4502//4502
f 4588//4588 4615//4615 4536//4536
f 4562//4562 4549//4549 4493//4493
f 4616//4616 4439//4439 4564//4564
f 4487//4487 4599//4599 4617//4617
f 4550//4550 4591//4591 4618//4618
f 4551//4551 4619//4619 4546//4546
f 4543//4543 4524//4524 4620//4620
f 4515//4515 4526//4526 4504//4504
f 4573//4573 4580//4580 4505//4505
f 4601//4601 4397//4397 4602//4602
f 4391//4391 4621//4621 4602//4602
f 4582//4582 4621//4621 4391//4391
f 4490//4490 4574//4574 4432//4432
f 4527//4527 4492//4492 4622//4622
f 4457//4457 4623//4623 4467//4467
f 4483//4483 4608//4608 4522//4522
f 4624//4624 4616//4616 4564//4564
f 4564//4564 4487//4487 4617//4617
f 4550//4550 4618//4618 4513//4513
f 4455//4455 4581//4581 4517//4517
f 4601//4601 4532//4532 4396//4396
f 4625//4625 4574//4574 4490//4490
f 4622//4622 4585//4585 4527//4527
f 4492//4492 4484//4484 4622//4622
f 4626//4626 4627//4627 4426//4426
f 4426//4426 4575//4575 4626//4626
f 4545//4545 4567//4567 4628//4628
f 4434//4434 4607//4607 4595//4595
f 4486//4486 4557//4557 4607//4607
f 4629//4629 4534//4534 4576//4576
f 4596//4596 4558//4558 4529//4529
f 4559//4559 4630//4630 4553//4553
f 4631//4631 4555//4555 4568//4568
f 4560//4560 4461//4461 4632//4632
f 4590//4590 4512//4512 4633//4633
f 4513//4513 4634//4634 4497//4497
f 4591//4591 4546//4546 4635//4635
f 4620//4620 4524//4524 4578//4578
f 4623//4623 4475//4475 4467//4467
f 4567//4567 4586//4586 4628//4628
f 4552//4552 4558//4558 4636//4636
f 4637//4637 4597//4597 4594//4594
f 4594//4594 4608//4608 4637//4637
f 4638//4638 4547//4547 4544//4544
f 4502//4502 4537//4537 4614//4614
f 4639//4639 4614//4614 4537//4537
f 4537//4537 4536//4536 4639//4639
f 4385//4385 4472//4472 4640//4640
f 4616//4616 4541//4541 4439//4439
f 4617//4617 4624//4624 4564//4564
f 4635//4635 4546//4546 4619//4619
f 4610//4610 4543//4543 4641//4641
f 4516//4516 4465//4465 4642//4642
f 4580//4580 4642//4642 4465//4465
f 4456//4456 4506//4506 4644//4644
f 4645//4645 4646//4646 4533//4533
f 4533//4533 4545//4545 4645//4645
f 4612//4612 4632//4632 4461//4461
f 4598//4598 4614//4614 4647//4647
f 4511//4511 4540//4540 4648//4648
f 4494//4494 4495//4495 4649//4649
f 4650//4650 4649//4649 4495//4495
f 4495//4495 4571//4571 4650//4650
f 4635//4635 4618//4618 4591//4591
f 4473//4473 4466//4466 4651//4651
f 4490//4490 4583//4583 4625//4625
f 4559//4559 4470//4470 4652//4652
f 4520//4520 4426//4426 4653//4653
f 4475//4475 4623//4623 4575//4575
f 4605//4605 4533//4533 4646//4646
f 4586//4586 4587//4587 4628//4628
f 4595//4595 4654//4654 4528//4528
f 4636//4636 4568//4568 4552//4552
f 4584//4584 4656//4656 4470//4470
f 4637//4637 4608//4608 4657//4657
f 4483//4483 4657//4657 4608//4608
f 4530//4530 4555//4555 4658//4658
f 4659//4659 4660//4660 4661//4661
f 4510//4510 4662//4662 4663//4663
f 4664//4664 4561//4561 4535//4535
f 4478//4478 4531//4531 4665//4665
f 4531//4531 4549//4549 4665//4665
f 4511//4511 4640//4640 4472//4472
f 4494//4494 4666//4666 4570//4570
f 4634//4634 4667//4667 4497//4497
f 4619//4619 4551//4551 4668//4668
f 4610//4610 4669//4669 4572//4572
f 4641//4641 4543//4543 4670//4670
f 4515//4515 4671//4671 4565//4565
f 4672//4672 4455//4455 4352//4352
f 4622//4622 4673//4673 4585//4585
f 4605//4605 4623//4623 4457//4457
f 4545//4545 4628//4628 4645//4645
f 4628//4628 4587//4587 4674//4674
f 4654//4654 4606//4606 4528//4528
f 4655//4655 4596//4596 4592//4592
f 4675//4675 4592//4592 4553//4553
f 4630//4630 4559//4559 4652//4652
f 4652//4652 4470//4470 4656//4656
f 4462//4462 4561//4561 4676//4676
f 4501//4501 4598//4598 4677//4677
f 4542//4542 4633//4633 4512//4512
f 4542//4542 4570//4570 4678//4678
f 4618//4618 4634//4634 4513//4513
f 4642//4642 4504//4504 4516//4516
f 4644//4644 4489//4489 4456//4456
f 4679//4679 4583//4583 4577//4577
f 4426//4426 4627//4627 4653//4653
f 4646//4646 4645//4645 4680//4680
f 4681//4681 4682//4682 4661//4661
f 4612//4612 4510//4510 4663//4663
f 4613//4613 4501//4501 4683//4683
f 4639//4639 4647//4647 4614//4614
f 4609//4609 4539//4539 4684//4684
f 4385//4385 4640//4640 4685//4685
f 4599//4599 4569//4569 4686//4686
f 4551//4551 4572//4572 4668//4668
f 4669//4669 4668//4668 4572//4572
f 4687//4687 4671//4671 4515//4515
f 4582//4582 4440//4440 4473//4473
f 4473//4473 4651//4651 4582//4582
f 4518//4518 4521//4521 4688//4688
f 4521//4521 4548//4548 4689//4689
f 4593//4593 4689//4689 4548//4548
f 4638//4638 4544//4544 4690//4690
f 4658//4658 4690//4690 4544//4544
f 4544//4544 4530//4530 4658//4658
f 4568//4568 4691//4691 4631//4631
f 4606//4606 4674//4674 4587//4587
f 4611//4611 4557//4557 4499//4499
f 4692//4692 4681//4681 4661//4661
f 4683//4683 4501//4501 4677//4677
f 4536//4536 4615//4615 4639//4639
f 4539//4539 4478//4478 4693//4693
f 4665//4665 4549//4549 4694//4694
f 4685//4685 4563//4563 4385//4385
f 4678//4678 4570//4570 4666//4666
f 4571//4571 4600//4600 4650//4650
f 4618//4618 4635//4635 4695//4695
f 4610//4610 4641//4641 4669//4669
f 4620//4620 4670//4670 4543//4543
f 4696//4696 4579//4579 4525//4525
f 4574//4574 4625//4625 4697//4697
f 4698//4698 4625//4625 4583//4583
f 4675//4675 4655//4655 4592//4592
f 4630//4630 4675//4675 4553//4553
f 4688//4688 4584//4584 4518//4518
f 4659//4659 4699//4699 4660//4660
f 4664//4664 4676//4676 4561//4561
f 4665//4665 4693//4693 4478//4478
f 4497//4497 4667//4667 4600//4600
f 4565//4565 4671//4671 4525//4525
f 4672//4672 4352//4352 4700//4700
f 4651//4651 4466//4466 4701//4701
f 4688//4688 4702//4702 4584//4584
f 4689//4689 4688//4688 4521//4521
f 4631//4631 4703//4703 4555//4555
f 4568//4568 4636//4636 4691//4691
f 4704//4704 4699//4699 4659//4659
f 4585//4585 4673//4673 4604//4604
f 4626//4626 4575//4575 4705//4705
f 4575//4575 4623//4623 4706//4706
f 4646//4646 4707//4707 4605//4605
f 4659//4659 4682//4682 4708//4708
f 4484//4484 4520//4520 4709//4709
f 4710//4710 4623//4623 4605//4605
f 4605//4605 4707//4707 4710//4710
f 4645//4645 4628//4628 4711//4711
f 4628//4628 4674//4674 4711//4711
f 4712//4712 4713//4713 4636//4636
f 4636//4636 4558//4558 4712//4712
f 4596//4596 4712//4712 4558//4558
f 4714//4714 4715//4715 4596//4596
f 4656//4656 4716//4716 4652//4652
f 4717//4717 4718//4718 4597//4597
f 4597//4597 4637//4637 4717//4717
f 4658//4658 4555//4555 4703//4703
f 4719//4719 4720//4720 4721//4721
f 4722//4722 4719//4719 4721//4721
f 4721//4721 4660//4660 4722//4722
f 4723//4723 4708//4708 4682//4682
f 4560//4560 4632//4632 4724//4724
f 4562//4562 4430//4430 4725//4725
f 4678//4678 4633//4633 4542//4542
f 4687//4687 4504//4504 4726//4726
f 4504//4504 4642//4642 4726//4726
f 4727//4727 4573//4573 4581//4581
f 4728//4728 4644//4644 4506//4506
f 4506//4506 4574//4574 4728//4728
f 4484//4484 4709//4709 4622//4622
f 4520//4520 4653//4653 4709//4709
f 4710//4710 4706//4706 4623//4623
f 4707//4707 4646//4646 4680//4680
f 4557//4557 4611//4611 4729//4729
f 4724//4724 4730//4730 4560//4560
f 4731//4731 4724//4724 4632//4632
f 4725//4725 4549//4549 4562//4562
f 4563//4563 4725//4725 4430//4430
f 4732//4732 4541//4541 4616//4616
f 4624//4624 4732//4732 4616//4616
f 4733//4733 4668//4668 4669//4669
f 4734//4734 4641//4641 4670//4670
f 4580//4580 4573//4573 4735//4735
f 4712//4712 4596//4596 4715//4715
f 4716//4716 4736//4736 4652//4652
f 4584//4584 4702//4702 4656//4656
f 4699//4699 4738//4738 4660//4660
f 4739//4739 4708//4708 4723//4723
f 4655//4655 4714//4714 4596//4596
f 4736//4736 4630//4630 4652//4652
f 4597//4597 4737//4737 4593//4593
f 4674//4674 4606//4606 4740//4740
f 4741//4741 4627//4627 4626//4626
f 4632//4632 4612//4612 4731//4731
f 4742//4742 4613//4613 4683//4683
f 4677//4677 4598//4598 4647//4647
f 4647//4647 4639//4639 4743//4743
f 4744//4744 4743//4743 4639//4639
f 4725//4725 4694//4694 4549//4549
f 4725//4725 4563//4563 4745//4745
f 4569//4569 4503//4503 4746//4746
f 4747//4747 4746//4746 4503//4503
f 4590//4590 4747//4747 4503//4503
f 4649//4649 4666//4666 4494//4494
f 4670//4670 4620//4620 4734//4734
f 4578//4578 4734//4734 4620//4620
f 4727//4727 4735//4735 4573//4573
f 4748//4748 4601//4601 4602//4602
f 4723//4723 4682//4682 4749//4749
f 4739//4739 4750//4750 4708//4708
f 4689//4689 4593//4593 4737//4737
f 4638//4638 4554//4554 4547//4547
f 4703//4703 4751//4751 4658//4658
f 4753//4753 4752//4752 4720//4720
f 4720//4720 4719//4719 4753//4753
f 4738//4738 4722//4722 4660//4660
f 4711//4711 4674//4674 4754//4754
f 4706//4706 4705//4705 4575//4575
f 4742//4742 4755//4755 4664//4664
f 4683//4683 4677//4677 4756//4756
f 4757//4757 4693//4693 4665//4665
f 4694//4694 4757//4757 4665//4665
f 4640//4640 4511//4511 4648//4648
f 4648//4648 4540//4540 4758//4758
f 4669//4669 4641//4641 4759//4759
f 4603//4603 4701//4701 4466//4466
f 4760//4760 4728//4728 4574//4574
f 4749//4749 4761//4761 4723//4723
f 4655//4655 4675//4675 4762//4762
f 4716//4716 4656//4656 4763//4763
f 4689//4689 4764//4764 4688//4688
f 4718//4718 4737//4737 4597//4597
f 4638//4638 4765//4765 4554//4554
f 4654//4654 4740//4740 4606//4606
f 4755//4755 4676//4676 4664//4664
f 4647//4647 4766//4766 4677//4677
f 4639//4639 4615//4615 4767//4767
f 4640//4640 4648//4648 4768//4768
f 4600//4600 4667//4667 4769//4769
f 4759//4759 4733//4733 4669//4669
f 4641//4641 4734//4734 4770//4770
f 4579//4579 4771//4771 4578//4578
f 4643//4643 4727//4727 4581//4581
f 4581//4581 4455//4455 4643//4643
f 4566//4566 4700//4700 4352//4352
f 4532//4532 4601//4601 4748//4748
f 4644//4644 4772//4772 4489//4489
f 4697//4697 4760//4760 4574//4574
f 4750//4750 4773//4773 4774//4774
f 4775//4775 4656//4656 4702//4702
f 4764//4764 4775//4775 4702//4702
f 4702//4702 4688//4688 4764//4764
f 4483//4483 4554//4554 4776//4776
f 4765//4765 4776//4776 4554//4554
f 4751//4751 4690//4690 4658//4658
f 4777//4777 4699//4699 4704//4704
f 4778//4778 4777//4777 4704//4704
f 4645//4645 4711//4711 4779//4779
f 4780//4780 4604//4604 4673//4673
f 4741//4741 4653//4653 4627//4627
f 4781//4781 4741//4741 4705//4705
f 4705//4705 4706//4706 4781//4781
f 4782//4782 4707//4707 4680//4680
f 4756//4756 4677//4677 4766//4766
f 4609//4609 4783//4783 4588//4588
f 4694//4694 4725//4725 4784//4784
f 4785//4785 4650//4650 4600//4600
f 4769//4769 4785//4785 4600//4600
f 4667//4667 4786//4786 4769//4769
f 4771//4771 4734//4734 4578//4578
f 4727//4727 4787//4787 4735//4735
f 4603//4603 4489//4489 4772//4772
f 4773//4773 4788//4788 4774//4774
f 4789//4789 4761//4761 4749//4749
f 4750//4750 4739//4739 4790//4790
f 4739//4739 4761//4761 4791//4791
f 4630//4630 4736//4736 4675//4675
f 4764//4764 4689//4689 4792//4792
f 4737//4737 4792//4792 4689//4689
f 4711//4711 4754//4754 4779//4779
f 4622//4622 4780//4780 4673//4673
f 4626//4626 4705//4705 4741//4741
f 4793//4793 4663//4663 4662//4662
f 4662//4662 4676//4676 4793//4793
f 4766//4766 4647//4647 4794//4794
f 4639//4639 4767//4767 4744//4744
f 4783//4783 4609//4609 4795//4795
f 4667//4667 4634//4634 4786//4786
f 4579//4579 4696//4696 4796//4796
f 4525//4525 4671//4671 4696//4696
f 4748//4748 4566//4566 4532//4532
f 4737//4737 4718//4718 4797//4797
f 4717//4717 4637//4637 4798//4798
f 4637//4637 4657//4657 4798//4798
f 4713//4713 4691//4691 4636//4636
f 4799//4799 4719//4719 4722//4722
f 4722//4722 4738//4738 4799//4799
f 4800//4800 4799//4799 4738//4738
f 4699//4699 4800//4800 4738//4738
f 4754//4754 4674//4674 4801//4801
f 4622//4622 4709//4709 4802//4802
f 4803//4803 4706//4706 4710//4710
f 4804//4804 4803//4803 4710//4710
f 4710//4710 4707//4707 4804//4804
f 4731//4731 4612//4612 4805//4805
f 4742//4742 4683//4683 4806//4806
f 4588//4588 4783//4783 4807//4807
f 4757//4757 4808//4808 4693//4693
f 4809//4809 4617//4617 4599//4599
f 4810//4810 4666//4666 4649//4649
f 4695//4695 4635//4635 4811//4811
f 4812//4812 4813//4813 4619//4619
f 4619//4619 4668//4668 4812//4812
f 4696//4696 4671//4671 4814//4814
f 4625//4625 4698//4698 4815//4815
f 4791//4791 4790//4790 4739//4739
f 4713//4713 4712//4712 4715//4715
f 4817//4817 4816//4816 4715//4715
f 4715//4715 4714//4714 4817//4817
f 4818//4818 4817//4817 4714//4714
f 4714//4714 4655//4655 4818//4818
f 4655//4655 4762//4762 4818//4818
f 4638//4638 4690//4690 4819//4819
f 4690//4690 4751//4751 4819//4819
f 4720//4720 4752//4752 4820//4820
f 4800//4800 4699//4699 4777//4777
f 4821//4821 4777//4777 4778//4778
f 4822//4822 4733//4733 4759//4759
f 4771//4771 4823//4823 4734//4734
f 4796//4796 4771//4771 4579//4579
f 4602//4602 4824//4824 4748//4748
f 4825//4825 4697//4697 4625//4625
f 4625//4625 4815//4815 4825//4825
f 4740//4740 4801//4801 4674//4674
f 4826//4826 4709//4709 4653//4653
f 4653//4653 4741//4741 4826//4826
f 4803//4803 4781//4781 4706//4706
f 4804//4804 4707//4707 4782//4782
f 4793//4793 4827//4827 4663//4663
f 4756//4756 4806//4806 4683//4683
f 4609//4609 4684//4684 4795//4795
f 4693//4693 4684//4684 4539//4539
f 4828//4828 4540//4540 4451//4451
f 4451//4451 4589//4589 4828//4828
f 4617//4617 4809//4809 4829//4829
f 4746//4746 4686//4686 4569//4569
f 4830//4830 4810//4810 4649//4649
f 4635//4635 4619//4619 4811//4811
f 4813//4813 4811//4811 4619//4619
f 4822//4822 4812//4812 4668//4668
f 4788//4788 4773//4773 4831//4831
f 4773//4773 4832//4832 4833//4833
f 4773//4773 4750//4750 4832//4832
f 4750//4750 4790//4790 4834//4834
f 4791//4791 4761//4761 4835//4835
f 4789//4789 4835//4835 4761//4761
f 4763//4763 4656//4656 4836//4836
f 4775//4775 4836//4836 4656//4656
f 4792//4792 4775//4775 4764//4764
f 4797//4797 4792//4792 4737//4737
f 4797//4797 4718//4718 4837//4837
f 4717//4717 4837//4837 4718//4718
f 4776//4776 4657//4657 4483//4483
f 4838//4838 4631//4631 4691//4691
f 4663//4663 4839//4839 4612//4612
f 4676//4676 4755//4755 4793//4793
f 4743//4743 4794//4794 4647//4647
f 4615//4615 4588//4588 4807//4807
f 4745//4745 4563//4563 4685//4685
f 4678//4678 4666//4666 4633//4633
f 4649//4649 4650//4650 4830//4830
f 4785//4785 4830//4830 4650//4650
f 4811//4811 4840//4840 4695//4695
f 4833//4833 4831//4831 4773//4773
f 4834//4834 4832//4832 4750//4750
f 4557//4557 4729//4729 4842//4842
f 4843//4843 4633//4633 4666//4666
f 4786//4786 4844//4844 4769//4769
f 4792//4792 4845//4845 4775//4775
f 4631//4631 4838//4838 4703//4703
f 4713//4713 4838//4838 4691//4691
f 4846//4846 4759//4759 4641//4641
f 4770//4770 4846//4846 4641//4641
f 4814//4814 4847//4847 4696//4696
f 4726//4726 4642//4642 4848//4848
f 4642//4642 4580//4580 4849//4849
f 4779//4779 4754//4754 4841//4841
f 4850//4850 4754//4754 4801//4801
f 4607//4607 4557//4557 4842//4842
f 4821//4821 4851//4851 4777//4777
f 4822//4822 4759//4759 4852//4852
f 4846//4846 4852//4852 4759//4759
f 4671//4671 4687//4687 4853//4853
f 4580//4580 4735//4735 4849//4849
f 4854//4854 4621//4621 4582//4582
f 4651//4651 4854//4854 4582//4582
f 4756//4756 4766//4766 4855//4855
f 4744//4744 4856//4856 4743//4743
f 4541//4541 4732//4732 4589//4589
f 4791//4791 4857//4857 4858//4858
f 4842//4842 4595//4595 4607//4607
f 4826//4826 4802//4802 4709//4709
f 4781//4781 4859//4859 4741//4741
f 4860//4860 4851//4851 4821//4821
f 4793//4793 4755//4755 4861//4861
f 4862//4862 4806//4806 4756//4756
f 4756//4756 4855//4855 4862//4862
f 4794//4794 4855//4855 4766//4766
f 4807//4807 4767//4767 4615//4615
f 4624//4624 4617//4617 4829//4829
f 4846//4846 4770//4770 4863//4863
f 4770//4770 4823//4823 4863//4863
f 4455//4455 4672//4672 4864//4864
f 4724//4724 4865//4865 4730//4730
f 4762//4762 4675//4675 4866//4866
f 4675//4675 4736//4736 4866//4866
f 4736//4736 4716//4716 4867//4867
f 4763//4763 4867//4867 4716//4716
f 4845//4845 4792//4792 4868//4868
f 4765//4765 4638//4638 4869//4869
f 4819//4819 4869//4869 4638//4638
f 4841//4841 4754//4754 4850//4850
f 4604//4604 4780//4780 4870//4870
f 4802//4802 4780//4780 4622//4622
f 4871//4871 4859//4859 4781//4781
f 4803//4803 4871//4871 4781//4781
f 4803//4803 4804//4804 4872//4872
f 4820//4820 4873//4873 4874//4874
f 4752//4752 4753//4753 4873//4873
f 4719//4719 4799//4799 4875//4875
f 4856//4856 4794//4794 4743//4743
f 4599//4599 4686//4686 4809//4809
f 4746//4746 4809//4809 4686//4686
f 4634//4634 4840//4840 4878//4878
f 4796//4796 4823//4823 4771//4771
f 4847//4847 4796//4796 4696//4696
f 4848//4848 4853//4853 4726//4726
f 4727//4727 4643//4643 4879//4879
f 4864//4864 4643//4643 4455//4455
f 4701//4701 4603//4603 4772//4772
f 4612//4612 4839//4839 4805//4805
f 4755//4755 4742//4742 4861//4861
f 4836//4836 4775//4775 4880//4880
f 4845//4845 4880//4880 4775//4775
f 4881//4881 4868//4868 4792//4792
f 4792//4792 4797//4797 4881//4881
f 4882//4882 4883//4883 4884//4884
f 4883//4883 4882//4882 4885//4885
f 4841//4841 4850//4850 4886//4886
f 4802//4802 4887//4887 4780//4780
f 4859//4859 4888//4888 4741//4741
f 4889//4889 4890//4890 4891//4891
f 4892//4892 4891//4891 4890//4890
f 4858//4858 4790//4790 4791//4791
f 4684//4684 4693//4693 4808//4808
f 4768//4768 4648//4648 4894//4894
f 4648//4648 4758//4758 4894//4894
f 4844//4844 4786//4786 4895//4895
f 4786//4786 4634//4634 4895//4895
f 4878//4878 4895//4895 4634//4634
f 4822//4822 4852//4852 4896//4896
f 4853//4853 4897//4897 4671//4671
f 4849//4849 4735//4735 4898//4898
f 4602//4602 4621//4621 4899//4899
f 4701//4701 4854//4854 4651//4651
f 4772//4772 4900//4900 4701//4701
f 4806//4806 4901//4901 4742//4742
f 4862//4862 4902//4902 4806//4806
f 4903//4903 4904//4904 4882//4882
f 4882//4882 4884//4884 4903//4903
f 4867//4867 4905//4905 4736//4736
f 4906//4906 4837//4837 4717//4717
f 4717//4717 4798//4798 4906//4906
f 4715//4715 4816//4816 4907//4907
f 4908//4908 4907//4907 4816//4816
f 4816//4816 4817//4817 4908//4908
f 4875//4875 4753//4753 4719//4719
f 4860//4860 4876//4876 4877//4877
f 4876//4876 4909//4909 4877//4877
f 4910//4910 4858//4858 4857//4857
f 4826//4826 4911//4911 4802//4802
f 4826//4826 4741//4741 4888//4888
f 4891//4891 4912//4912 4889//4889
f 4914//4914 4862//4862 4855//4855
f 4855//4855 4794//4794 4915//4915
f 4640//4640 4768//4768 4916//4916
f 4590//4590 4633//4633 4917//4917
f 4843//4843 4666//4666 4918//4918
f 4810//4810 4918//4918 4666//4666
f 4863//4863 4919//4919 4846//4846
f 4823//4823 4796//4796 4920//4920
f 4644//4644 4728//4728 4921//4921
f 4922//4922 4760//4760 4697//4697
f 4724//4724 4731//4731 4923//4923
f 4663//4663 4827//4827 4924//4924
f 4861//4861 4925//4925 4793//4793
f 4833//4833 4913//4913 4831//4831
f 4818//4818 4762//4762 4926//4926
f 4927//4927 4926//4926 4762//4762
f 4762//4762 4866//4866 4927//4927
f 4928//4928 4763//4763 4880//4880
f 4763//4763 4836//4836 4880//4880
f 4880//4880 4845//4845 4929//4929
f 4837//4837 4881//4881 4797//4797
f 4851//4851 4860//4860 4930//4930
f 4850//4850 4931//4931 4886//4886
f 4801//4801 4740//4740 4654//4654
f 4611//4611 4534//4534 4932//4932
f 4534//4534 4629//4629 4932//4932
f 4870//4870 4629//4629 4576//4576
f 4576//4576 4604//4604 4870//4870
f 4887//4887 4870//4870 4780//4780
f 4933//4933 4911//4911 4826//4826
f 4888//4888 4933//4933 4826//4826
f 4872//4872 4871//4871 4803//4803
f 4800//4800 4936//4936 4799//4799
f 4800//4800 4777//4777 4936//4936
f 4777//4777 4851//4851 4936//4936
f 4877//4877 4930//4930 4860//4860
f 4685//4685 4640//4640 4937//4937
f 4916//4916 4937//4937 4640//4640
f 4938//4938 4809//4809 4746//4746
f 4939//4939 4903//4903 4884//4884
f 4866//4866 4736//4736 4940//4940
f 4867//4867 4763//4763 4928//4928
f 4713//4713 4715//4715 4907//4907
f 4941//4941 4874//4874 4873//4873
f 4896//4896 4852//4852 4942//4942
f 4852//4852 4846//4846 4919//4919
f 4787//4787 4898//4898 4735//4735
f 4602//4602 4899//4899 4943//4943
f 4839//4839 4663//4663 4924//4924
f 4912//4912 4946//4946 4947//4947
f 4947//4947 4889//4889 4912//4912
f 4891//4891 4892//4892 4948//4948
f 4833//4833 4832//4832 4949//4949
f 4729//4729 4611//4611 4932//4932
f 4859//4859 4871//4871 4950//4950
f 4915//4915 4914//4914 4855//4855
f 4937//4937 4745//4745 4685//4685
f 4828//4828 4758//4758 4540//4540
f 4951//4951 4589//4589 4732//4732
f 4746//4746 4747//4747 4952//4952
f 4939//4939 4953//4953 4903//4903
f 4927//4927 4866//4866 4940//4940
f 4736//4736 4905//4905 4940//4940
f 4907//4907 4908//4908 4954//4954
f 4896//4896 4955//4955 4822//4822
f 4942//4942 4852//4852 4919//4919
f 4823//4823 4956//4956 4863//4863
f 4671//4671 4897//4897 4814//4814
f 4957//4957 4700//4700 4566//4566
f 4748//4748 4957//4957 4566//4566
f 4824//4824 4602//4602 4943//4943
f 4760//4760 4921//4921 4728//4728
f 4958//4958 4865//4865 4923//4923
f 4865//4865 4724//4724 4923//4923
f 4925//4925 4861//4861 4901//4901
f 4861//4861 4742//4742 4901//4901
f 4959//4959 4858//4858 4910//4910
f 4960//4960 4931//4931 4850//4850
f 4850//4850 4801//4801 4960//4960
f 4654//4654 4960//4960 4801//4801
f 4842//4842 4729//4729 4961//4961
f 4729//4729 4932//4932 4961//4961
f 4911//4911 4887//4887 4802//4802
f 4859//4859 4950//4950 4888//4888
f 4962//4962 4950//4950 4871//4871
f 4963//4963 4873//4873 4753//4753
f 4964//4964 4936//4936 4851//4851
f 4965//4965 4828//4828 4589//4589
f 4624//4624 4829//4829 4966//4966
f 4953//4953 4904//4904 4903//4903
f 4845//4845 4868//4868 4929//4929
f 4657//4657 4776//4776 4969//4969
f 4838//4838 4970//4970 4703//4703
f 4956//4956 4823//4823 4971//4971
f 4643//4643 4864//4864 4879//4879
f 4748//4748 4824//4824 4957//4957
f 4806//4806 4973//4973 4972//4972
f 4832//4832 4974//4974 4949//4949
f 4790//4790 4974//4974 4834//4834
f 4842//4842 4654//4654 4595//4595
f 4875//4875 4799//4799 4936//4936
f 4930//4930 4964//4964 4851//4851
f 4912//4912 4891//4891 4975//4975
f 4914//4914 4976//4976 4862//4862
f 4744//4744 4767//4767 4977//4977
f 4978//4978 4795//4795 4684//4684
f 4966//4966 4732//4732 4624//4624
f 4830//4830 4785//4785 4979//4979
f 4881//4881 4837//4837 4980//4980
f 4751//4751 4703//4703 4819//4819
f 4970//4970 4819//4819 4703//4703
f 4907//4907 4838//4838 4713//4713
f 4815//4815 4958//4958 4825//4825
f 4923//4923 4982//4982 4958//4958
f 4913//4913 4833//4833 4983//4983
f 4949//4949 4983//4983 4833//4833
f 4871//4871 4872//4872 4962//4962
f 4984//4984 4962//4962 4872//4872
f 4963//4963 4753//4753 4935//4935
f 4947//4947 4946//4946 4985//4985
f 4948//4948 4975//4975 4891//4891
f 4977//4977 4856//4856 4744//4744
f 4767//4767 4807//4807 4977//4977
f 4807//4807 4783//4783 4986//4986
f 4795//4795 4986//4986 4783//4783
f 4987//4987 4684//4684 4808//4808
f 4784//4784 4988//4988 4694//4694
f 4951//4951 4965//4965 4589//4589
f 4747//4747 4590//4590 4989//4989
f 4917//4917 4989//4989 4590//4590
f 4944//4944 4967//4967 4904//4904
f 4990//4990 4927//4927 4940//4940
f 4928//4928 4880//4880 4991//4991
f 4880//4880 4929//4929 4992//4992
f 4798//4798 4657//4657 4969//4969
f 4896//4896 4993//4993 4955//4955
f 4919//4919 4863//4863 4994//4994
f 4956//4956 4994//4994 4863//4863
f 4847//4847 4920//4920 4796//4796
f 4760//4760 4922//4922 4995//4995
f 4901//4901 4806//4806 4972//4972
f 4946//4946 4912//4912 4996//4996
f 4931//4931 4959//4959 4910//4910
f 4870//4870 4887//4887 4997//4997
f 4887//4887 4911//4911 4997//4997
f 4888//4888 4950//4950 4998//4998
f 4999//4999 4950//4950 4962//4962
f 4875//4875 4936//4936 5000//5000
f 4936//4936 4964//4964 5001//5001
f 4873//4873 5002//5002 4941//4941
f 4986//4986 5003//5003 4807//4807
f 4757//4757 4694//4694 5004//5004
f 4810//4810 4830//4830 5005//5005
f 5006//5006 5007//5007 4944//4944
f 4944//4944 4904//4904 5008//5008
f 4980//4980 4868//4868 4881//4881
f 4969//4969 4776//4776 5009//5009
f 4765//4765 5009//5009 4776//4776
f 4765//4765 4869//4869 5009//5009
f 5010//5010 4971//4971 4920//4920
f 4814//4814 4897//4897 5011//5011
f 5012//5012 4972//4972 4973//4973
f 4985//4985 4946//4946 5013//5013
f 5014//5014 5015//5015 5016//5016
f 4976//4976 4914//4914 5017//5017
f 4915//4915 5018//5018 4914//4914
f 5019//5019 4977//4977 4807//4807
f 5003//5003 5019//5019 4807//4807
f 4795//4795 4978//4978 4986//4986
f 4843//4843 4917//4917 4633//4633
f 5006//5006 4944//4944 5008//5008
f 4904//4904 4953//4953 5020//5020
f 4867//4867 4928//4928 4991//4991
f 4929//4929 4868//4868 4992//4992
f 5021//5021 4992//4992 4868//4868
f 4837//4837 4906//4906 5022//5022
f 5023//5023 4787//4787 4727//4727
f 5024//5024 4879//4879 4864//4864
f 4925//4925 4901//4901 5025//5025
f 4974//4974 4790//4790 5026//5026
f 5027//5027 5026//5026 4790//4790
f 4790//4790 4858//4858 5027//5027
f 4998//4998 5028//5028 4933//4933
f 4933//4933 4888//4888 4998//4998
f 5002//5002 5029//5029 4984//4984
f 4753//4753 4875//4875 5030//5030
f 5031//5031 5030//5030 4875//4875
f 4966//4966 4829//4829 5032//5032
f 4844//4844 5033//5033 4769//4769
f 5034//5034 5035//5035 4895//4895
f 4878//4878 5034//5034 4895//4895
f 4980//4980 5021//5021 4868//4868
f 4869//4869 4819//4819 5009//5009
f 5036//5036 4970//4970 4838//4838
f 4838//4838 4907//4907 5036//5036
f 4993//4993 4896//4896 4942//4942
f 5037//5037 4994//4994 5038//5038
f 5013//5013 5039//5039 4985//4985
f 5040//5040 4946//4946 4996//4996
f 4975//4975 4996//4996 4912//4912
f 4772//4772 4644//4644 5042//5042
f 4921//4921 5042//5042 4644//4644
f 4858//4858 4959//4959 5027//5027
f 4960//4960 4959//4959 4931//4931
f 4842//4842 4961//4961 5043//5043
f 5044//5044 4997//4997 4911//4911
f 4911//4911 4933//4933 5044//5044
f 5028//5028 5044//5044 4933//4933
f 4935//4935 4753//4753 5030//5030
f 4953//4953 4939//4939 5045//5045
f 5046//5046 5045//5045 4905//4905
f 4905//4905 4867//4867 5046//5046
f 5022//5022 4980//4980 4837//4837
f 5040//5040 5013//5013 4946//4946
f 5047//5047 4996//4996 4975//4975
f 5048//5048 5016//5016 5015//5015
f 5049//5049 5048//5048 5015//5015
f 4847//4847 5010//5010 4920//4920
f 5050//5050 4847//4847 4814//4814
f 4913//4913 4983//4983 5052//5052
f 5054//5054 4960//4960 4654//4654
f 4654//4654 4842//4842 5054//5054
f 5029//5029 4962//4962 4984//4984
f 5000//5000 4936//4936 5001//5001
f 5017//5017 4914//4914 5018//5018
f 4977//4977 5055//5055 4856//4856
f 5004//5004 4694//4694 4988//4988
f 4746//4746 4952//4952 4938//4938
f 4843//4843 4918//4918 5056//5056
f 4979//4979 5005//5005 4830//4830
f 5033//5033 4785//4785 4769//4769
f 5057//5057 5034//5034 4878//4878
f 4794//4794 5058//5058 4915//4915
f 5055//5055 4794//4794 4856//4856
f 5059//5059 4784//4784 4725//4725
f 4725//4725 4745//4745 5059//5059
f 4732//4732 4966//4966 4951//4951
f 4829//4829 4809//4809 5060//5060
f 4952//4952 4747//4747 4989//4989
f 4991//4991 5046//5046 4867//4867
f 4975//4975 5016//5016 5047//5047
f 4971//4971 5010//5010 5061//5061
f 4814//4814 5011//5011 5050//5050
f 4700//4700 4957//4957 5041//5041
f 5062//5062 5063//5063 4923//4923
f 4923//4923 4731//4731 5062//5062
f 5026//5026 5053//5053 4974//4974
f 5043//5043 5054//5054 4842//4842
f 5064//5064 4932//4932 4629//4629
f 5065//5065 5029//5029 5002//5002
f 5002//5002 4873//4873 5065//5065
f 4873//4873 4963//4963 5065//5065
f 4935//4935 5066//5066 4963//4963
f 4930//4930 4877//4877 5067//5067
f 5018//5018 4915//4915 5058//5058
f 4987//4987 4978//4978 4684//4684
f 4757//4757 4987//4987 4808//4808
f 4988//4988 4784//4784 5059//5059
f 4758//4758 4828//4828 5069//5069
f 5070//5070 4918//4918 4810//4810
f 4810//4810 5005//5005 5070//5070
f 5033//5033 4979//4979 4785//4785
f 5071//5071 5033//5033 4844//4844
f 5035//5035 4844//4844 4895//4895
f 5006//5006 5072//5072 5007//5007
f 5020//5020 5008//5008 4904//4904
f 4953//4953 5045//5045 5073//5073
f 5036//5036 4907//4907 4981//4981
f 4993//4993 4942//4942 5074//5074
f 4919//4919 4994//4994 5075//5075
f 5076//5076 5039//5039 5077//5077
f 5047//5047 5016//5016 5048//5048
f 4971//4971 5061//5061 5079//5079
f 4899//4899 4621//4621 5080//5080
f 4982//4982 4923//4923 5063//5063
f 5012//5012 4973//4973 5081//5081
f 4949//4949 4974//4974 5053//5053
f 4960//4960 5082//5082 4959//4959
f 4964//4964 4930//4930 5083//5083
f 5068//5068 4894//4894 4758//4758
f 4828//4828 4965//4965 5069//5069
f 5056//5056 4917//4917 4843//4843
f 5072//5072 5006//5006 5084//5084
f 5073//5073 5020//5020 4953//4953
f 5046//5046 5085//5085 5045//5045
f 4992//4992 5021//5021 5086//5086
f 4980//4980 5022//5022 5087//5087
f 5088//5088 5089//5089 5090//5090
f 5010//5010 4847//4847 5091//5091
f 4897//4897 5092//5092 5011//5011
f 4849//4849 4848//4848 4642//4642
f 5093//5093 4864//4864 4672//4672
f 4672//4672 4700//4700 5093//5093
f 5041//5041 5093//5093 4700//4700
f 4922//4922 4697//4697 5094//5094
f 5095//5095 5081//5081 5052//5052
f 5043//5043 5096//5096 5054//5054
f 5067//5067 5083//5083 4930//4930
f 5006//5006 5008//5008 5097//5097
f 4991//4991 4880//4880 5098//5098
f 5099//5099 5022//5022 4906//4906
f 4798//4798 5099//5099 4906//4906
f 5077//5077 5090//5090 5076//5076
f 5077//5077 5039//5039 5100//5100
f 4996//4996 5047//5047 5101//5101
f 5102//5102 5079//5079 5103//5103
f 5079//5079 5061//5061 5103//5103
f 4727//4727 4879//4879 5023//5023
f 5104//5104 4697//4697 4825//4825
f 5025//5025 5105//5105 4925//4925
f 5025//5025 4901//4901 5106//5106
f 4901//4901 4972//4972 5106//5106
f 5012//5012 5106//5106 4972//4972
f 5026//5026 5027//5027 5107//5107
f 5027//5027 4959//4959 5108//5108
f 5082//5082 5108//5108 4959//4959
f 5054//5054 5082//5082 4960//4960
f 5065//5065 4963//4963 5066//5066
f 5109//5109 4993//4993 5074//5074
f 4942//4942 4919//4919 5075//5075
f 5075//5075 4994//4994 5037//5037
f 4794//4794 5055//5055 5058//5058
f 5060//5060 5110//5110 4829//4829
f 5111//5111 5060//5060 4809//4809
f 4809//4809 4938//4938 5111//5111
f 4989//4989 5112//5112 4952//4952
f 4917//4917 5056//5056 5113//5113
f 5070//5070 5056//5056 4918//4918
f 5005//5005 4979//4979 5114//5114
f 4844//4844 5035//5035 5071//5071
f 5115//5115 5046//5046 4991//4991
f 5098//5098 4880//4880 5116//5116
f 4992//4992 5116//5116 4880//4880
f 5036//5036 4819//4819 4970//4970
f 5010//5010 5091//5091 5117//5117
f 5118//5118 5091//5091 4847//4847
f 5092//5092 5050//5050 5011//5011
f 4957//4957 5119//5119 5041//5041
f 5080//5080 4621//4621 4854//4854
f 4900//4900 4854//4854 4701//4701
f 5120//5120 4982//4982 5063//5063
f 4731//4731 4805//4805 5062//5062
f 4983//4983 5095//5095 5052//5052
f 4961//4961 5096//5096 5043//5043
f 5029//5029 4999//4999 4962//4962
f 5067//5067 5121//5121 5122//5122
f 4942//4942 5123//5123 5074//5074
f 5124//5124 5058//5058 5055//5055
f 5125//5125 4916//4916 4768//4768
f 4768//4768 4894//4894 5125//5125
f 5034//5034 5126//5126 5035//5035
f 5127//5127 5075//5075 5037//5037
f 5097//5097 5084//5084 5006//5006
f 5020//5020 5073//5073 5128//5128
f 4991//4991 5098//5098 5115//5115
f 5021//5021 4980//4980 5129//5129
f 5087//5087 5129//5129 4980//4980
f 4798//4798 4969//4969 5099//5099
f 5130//5130 5040//5040 4996//4996
f 5047//5047 5048//5048 5131//5131
f 5010//5010 5117//5117 5061//5061
f 4847//4847 5050//5050 5118//5118
f 4697//4697 5104//5104 5094//5094
f 4924//4924 5051//5051 5132//5132
f 4949//4949 5053//5053 5133//5133
f 5107//5107 5134//5134 5026//5026
f 4932//4932 5064//5064 4961//4961
f 4997//4997 5044//5044 5135//5135
f 5044//5044 5028//5028 5135//5135
f 5065//5065 5066//5066 5136//5136
f 5018//5018 5058//5058 5137//5137
f 5138//5138 4965//4965 4951//4951
f 4951//4951 4966//4966 5138//5138
f 4979//4979 5033//5033 5139//5139
f 5075//5075 5123//5123 4942//4942
f 5073//5073 5045//5045 5140//5140
f 5085//5085 5140//5140 5045//5045
f 5129//5129 5086//5086 5021//5021
f 5036//5036 4981//4981 5141//5141
f 5013//5013 5100//5100 5039//5039
f 5142//5142 5048//5048 5049//5049
f 5078//5078 5143//5143 5049//5049
f 5144//5144 4921//4921 4760//4760
f 4760//4760 4995//4995 5144//5144
f 5094//5094 4995//4995 4922//4922
f 5106//5106 5012//5012 5145//5145
f 4949//4949 5133//5133 4983//4983
f 5134//5134 5053//5053 5026//5026
f 5108//5108 5107//5107 5027//5027
f 5146//5146 5064//5064 4629//4629
f 4629//4629 4870//4870 5146//5146
f 5028//5028 4998//4998 5147//5147
f 4950//4950 5147//5147 4998//4998
f 4950//4950 4999//4999 5147//5147
f 5003//5003 4986//4986 5148//5148
f 4745//4745 4937//4937 5149//5149
f 5114//5114 4979//4979 5139//5139
f 5071//5071 5150//5150 5033//5033
f 5115//5115 5085//5085 5046//5046
f 5116//5116 4992//4992 5086//5086
f 5022//5022 5099//5099 5151//5151
f 5152//5152 5009//5009 4819//4819
f 4819//4819 5036//5036 5152//5152
f 5130//5130 5013//5013 5040//5040
f 5131//5131 5101//5101 5047//5047
f 5143//5143 5142//5142 5049//5049
f 5143//5143 5078//5078 5153//5153
f 5078//5078 5103//5103 5154//5154
f 5061//5061 5154//5154 5103//5103
f 5155//5155 5061//5061 5117//5117
f 5156//5156 4897//4897 4853//4853
f 5023//5023 4879//4879 5157//5157
f 4879//4879 5024//5024 5157//5157
f 4900//4900 4772//4772 5158//5158
f 5159//5159 4805//4805 4839//4839
f 5147//5147 5160//5160 5028//5028
f 5147//5147 4999//4999 5161//5161
f 5029//5029 5161//5161 4999//4999
f 5162//5162 5029//5029 5065//5065
f 5163//5163 5030//5030 5031//5031
f 5001//5001 4964//4964 5164//5164
f 5165//5165 5115//5115 5098//5098
f 5116//5116 5165//5165 5098//5098
f 5087//5087 5022//5022 5151//5151
f 5141//5141 4981//4981 5088//5088
f 5166//5166 5090//5090 5077//5077
f 5078//5078 5154//5154 5153//5153
f 5155//5155 5154//5154 5061//5061
f 5167//5167 4854//4854 4900//4900
f 5168//5168 5108//5108 5082//5082
f 5082//5082 5054//5054 5168//5168
f 5054//5054 5096//5096 5168//5168
f 4961//4961 5169//5169 5096//5096
f 4997//4997 5135//5135 5170//5170
f 5135//5135 5028//5028 5160//5160
f 4937//4937 4916//4916 5149//5149
f 5171//5171 5125//5125 4894//4894
f 5114//5114 5070//5070 5005//5005
f 5072//5072 5084//5084 5173//5173
f 5008//5008 5020//5020 5174//5174
f 5020//5020 5128//5128 5174//5174
f 5088//5088 5090//5090 5166//5166
f 5130//5130 4996//4996 5101//5101
f 5048//5048 5142//5142 5175//5175
f 4899//4899 5176//5176 4943//4943
f 4839//4839 4924//4924 5177//5177
f 5107//5107 5178//5178 5134//5134
f 5179//5179 5169//5169 4961//4961
f 4961//4961 5064//5064 5179//5179
f 5163//5163 4935//4935 5030//5030
f 5083//5083 5164//5164 4964//4964
f 4987//4987 4757//4757 5004//5004
f 5180//5180 5068//5068 4758//4758
f 4758//4758 5069//5069 5180//5180
f 5034//5034 5181//5181 5126//5126
f 5084//5084 5097//5097 5182//5182
f 5008//5008 5182//5182 5097//5097
f 5140//5140 5128//5128 5073//5073
f 5183//5183 5140//5140 5085//5085
f 5099//5099 4969//4969 5184//5184
f 5009//5009 5152//5152 5185//5185
f 5013//5013 5130//5130 5186//5186
f 5187//5187 5091//5091 5118//5118
f 5118//5118 5050//5050 5187//5187
f 5156//5156 5092//5092 4897//4897
f 4848//4848 5156//5156 4853//4853
f 5177//5177 5159//5159 4839//4839
f 5132//5132 5177//5177 4924//4924
f 5188//5188 5189//5189 5106//5106
f 5145//5145 5188//5188 5106//5106
f 4983//4983 5133//5133 5190//5190
f 5107//5107 5108//5108 5191//5191
f 5168//5168 5096//5096 5192//5192
f 4997//4997 5146//5146 4870//4870
f 5162//5162 5161//5161 5029//5029
f 5083//5083 5067//5067 5122//5122
f 5019//5019 5003//5003 5193//5193
f 5148//5148 5193//5193 5003//5003
f 5032//5032 4829//4829 5110//5110
f 5126//5126 5071//5071 5035//5035
f 5182//5182 5173//5173 5084//5084
f 5194//5194 5183//5183 5085//5085
f 5085//5085 5115//5115 5194//5194
f 5116//5116 5086//5086 5195//5195
f 5141//5141 5152//5152 5036//5036
f 5166//5166 5141//5141 5088//5088
f 5130//5130 5101//5101 5197//5197
f 5175//5175 5131//5131 5048//5048
f 5117//5117 5091//5091 5198//5198
f 5199//5199 5198//5198 5091//5091
f 5199//5199 5091//5091 5187//5187
f 5050//5050 5200//5200 5187//5187
f 4848//4848 4849//4849 5201//5201
f 5093//5093 5024//5024 4864//4864
f 5202//5202 5158//5158 4772//4772
f 5120//5120 5063//5063 5203//5203
f 5105//5105 5025//5025 5189//5189
f 5025//5025 5106//5106 5189//5189
f 5095//5095 4983//4983 5204//5204
f 5190//5190 5204//5204 4983//4983
f 5108//5108 5168//5168 5205//5205
f 5096//5096 5169//5169 5192//5192
f 5206//5206 5146//5146 4997//4997
f 5170//5170 5206//5206 4997//4997
f 5147//5147 5161//5161 5160//5160
f 5162//5162 5065//5065 5136//5136
f 5207//5207 5136//5136 5066//5066
f 5208//5208 5031//5031 4875//4875
f 5209//5209 4986//4986 5210//5210
f 4978//4978 5210//5210 4986//4986
f 4978//4978 4987//4987 5211//5211
f 5113//5113 4989//4989 4917//4917
f 5195//5195 5165//5165 5116//5116
f 5212//5212 5195//5195 5086//5086
f 5086//5086 5129//5129 5212//5212
f 5151//5151 5129//5129 5087//5087
f 5213//5213 5184//5184 4969//4969
f 4969//4969 5009//5009 5213//5213
f 5185//5185 5213//5213 5009//5009
f 5077//5077 5100//5100 5196//5196
f 5186//5186 5214//5214 5100//5100
f 5100//5100 5013//5013 5186//5186
f 5153//5153 5215//5215 5143//5143
f 4943//4943 5216//5216 4824//4824
f 5217//5217 5176//5176 4899//4899
f 4772//4772 5042//5042 5202//5202
f 5075//5075 5172//5172 5218//5218
f 5053//5053 5134//5134 5178//5178
f 5191//5191 5178//5178 5107//5107
f 5179//5179 5192//5192 5169//5169
f 5146//5146 5179//5179 5064//5064
f 4935//4935 5163//5163 5219//5219
f 5208//5208 5163//5163 5031//5031
f 5000//5000 5208//5208 4875//4875
f 5148//5148 4986//4986 5209//5209
f 5220//5220 5059//5059 4745//4745
f 4745//4745 5149//5149 5220//5220
f 5068//5068 5171//5171 4894//4894
f 5112//5112 4938//4938 4952//4952
f 5174//5174 5182//5182 5008//5008
f 5221//5221 5194//5194 5115//5115
f 5165//5165 5221//5221 5115//5115
f 5222//5222 5151//5151 5099//5099
f 5184//5184 5222//5222 5099//5099
f 5223//5223 5175//5175 5142//5142
f 5153//5153 5154//5154 5224//5224
f 5154//5154 5155//5155 5224//5224
f 5198//5198 5155//5155 5117//5117
f 5167//5167 5080//5080 4854//4854
f 5063//5063 5062//5062 5225//5225
f 5189//5189 5226//5226 5105//5105
f 5191//5191 5108//5108 5227//5227
f 5161//5161 5162//5162 5228//5228
f 4977//4977 5019//5019 5230//5230
f 5149//5149 4916//4916 5231//5231
f 5125//5125 5231//5231 4916//4916
f 5232//5232 5111//5111 4938//4938
f 5123//5123 5075//5075 5218//5218
f 5173//5173 5182//5182 5233//5233
f 5174//5174 5128//5128 5234//5234
f 5235//5235 5185//5185 5152//5152
f 5152//5152 5141//5141 5235//5235
f 5196//5196 5166//5166 5077//5077
f 5130//5130 5197//5197 5186//5186
f 5197//5197 5101//5101 5236//5236
f 5131//5131 5175//5175 5237//5237
f 5215//5215 5142//5142 5143//5143
f 5092//5092 5200//5200 5050//5050
f 5156//5156 4848//4848 5201//5201
f 4898//4898 4787//4787 5023//5023
f 4824//4824 5119//5119 4957//4957
f 5133//5133 5053//5053 5238//5238
f 5192//5192 5179//5179 5239//5239
f 4935//4935 5219//5219 5066//5066
f 5122//5122 5018//5018 5240//5240
f 5241//5241 5124//5124 5055//5055
f 5242//5242 5180//5180 5069//5069
f 5069//5069 4965//4965 5242//5242
f 5243//5243 5056//5056 5070//5070
f 5114//5114 5243//5243 5070//5070
f 5033//5033 5150//5150 5244//5244
f 5245//5245 5246//5246 5072//5072
f 5072//5072 5173//5173 5245//5245
f 5140//5140 5234//5234 5128//5128
f 5215//5215 5153//5153 5247//5247
f 5158//5158 5167//5167 4900//4900
f 5203//5203 5248//5248 5120//5120
f 5204//5204 5249//5249 5095//5095
f 5205//5205 5227//5227 5108//5108
f 5250//5250 5239//5239 5179//5179
f 5137//5137 5240//5240 5018//5018
f 5124//5124 5251//5251 5058//5058
f 5230//5230 5055//5055 4977//4977
f 5211//5211 5210//5210 4978//4978
f 5139//5139 5033//5033 5252//5252
f 5126//5126 5253//5253 5071//5071
f 5254//5254 5255//5255 5074//5074
f 5074//5074 5123//5123 5256//5256
f 5123//5123 5218//5218 5256//5256
f 5179//5179 5146//5146 5250//5250
f 5146//5146 5206//5206 5257//5257
f 5160//5160 5258//5258 5135//5135
f 5228//5228 5160//5160 5161//5161
f 5219//5219 5207//5207 5066//5066
f 5083//5083 5122//5122 5259//5259
f 5251//5251 5137//5137 5058//5058
f 5055//5055 5230//5230 5241//5241
f 4965//4965 5138//5138 5260//5260
f 5243//5243 5113//5113 5056//5056
f 5254//5254 5261//5261 5255//5255
f 5256//5256 5254//5254 5074//5074
f 5246//5246 5245//5245 5262//5262
f 5140//5140 5183//5183 5263//5263
f 5264//5264 5235//5235 5141//5141
f 5141//5141 5166//5166 5264//5264
f 5166//5166 5196//5196 5264//5264
f 5196//5196 5100//5100 5214//5214
f 5101//5101 5131//5131 5236//5236
f 5223//5223 5237//5237 5175//5175
f 5144//5144 5265//5265 4921//4921
f 5191//5191 5227//5227 5266//5266
f 5205//5205 5168//5168 5267//5267
f 5192//5192 5267//5267 5168//5168
f 5192//5192 5239//5239 5268//5268
f 5257//5257 5250//5250 5146//5146
f 5206//5206 5170//5170 5269//5269
f 5170//5170 5135//5135 5269//5269
f 5135//5135 5258//5258 5269//5269
f 5162//5162 5136//5136 5270//5270
f 5271//5271 5270//5270 5136//5136
f 5136//5136 5207//5207 5271//5271
f 5207//5207 5219//5219 5272//5272
f 5259//5259 5164//5164 5083//5083
f 5259//5259 5122//5122 5240//5240
f 5244//5244 5252//5252 5033//5033
f 5263//5263 5234//5234 5140//5140
f 5273//5273 5212//5212 5129//5129
f 5129//5129 5151//5151 5273//5273
f 5222//5222 5274//5274 5151//5151
f 5275//5275 5264//5264 5196//5196
f 5142//5142 5215//5215 5276//5276
f 5277//5277 5155//5155 5198//5198
f 5198//5198 5199//5199 5277//5277
f 5278//5278 5201//5201 4849//4849
f 4849//4849 4898//4898 5278//5278
f 4899//4899 5080//5080 5217//5217
f 5225//5225 5203//5203 5063//5063
f 5178//5178 5238//5238 5053//5053
f 5178//5178 5191//5191 5266//5266
f 5269//5269 5257//5257 5206//5206
f 5162//5162 5270//5270 5228//5228
f 5208//5208 5000//5000 5280//5280
f 5000//5000 5229//5229 5280//5280
f 5281//5281 5243//5243 5114//5114
f 5282//5282 5114//5114 5139//5139
f 5253//5253 5150//5150 5071//5071
f 5256//5256 5218//5218 5283//5283
f 5182//5182 5174//5174 5233//5233
f 5194//5194 5284//5284 5183//5183
f 5285//5285 5284//5284 5194//5194
f 5194//5194 5221//5221 5285//5285
f 5274//5274 5273//5273 5151//5151
f 5213//5213 5185//5185 5286//5286
f 5185//5185 5235//5235 5286//5286
f 5223//5223 5142//5142 5276//5276
f 5201//5201 5287//5287 5156//5156
f 5023//5023 5278//5278 4898//4898
f 5119//5119 4824//4824 5216//5216
f 5279//5279 5159//5159 5177//5177
f 5177//5177 5132//5132 5279//5279
f 5249//5249 5204//5204 5288//5288
f 5190//5190 5288//5288 5204//5204
f 5267//5267 5192//5192 5268//5268
f 5289//5289 5250//5250 5257//5257
f 4988//4988 5059//5059 5290//5290
f 5260//5260 5242//5242 4965//4965
f 5291//5291 5126//5126 5181//5181
f 5262//5262 5245//5245 5292//5292
f 5245//5245 5173//5173 5292//5292
f 5221//5221 5165//5165 5293//5293
f 5195//5195 5293//5293 5165//5165
f 5264//5264 5286//5286 5235//5235
f 5144//5144 4995//4995 5265//5265
f 5294//5294 5133//5133 5238//5238
f 5238//5238 5178//5178 5294//5294
f 5227//5227 5205//5205 5295//5295
f 5250//5250 5268//5268 5239//5239
f 5296//5296 5258//5258 5160//5160
f 5160//5160 5228//5228 5296//5296
f 5228//5228 5270//5270 5297//5297
f 5240//5240 5137//5137 5299//5299
f 5251//5251 5299//5299 5137//5137
f 5193//5193 5148//5148 5300//5300
f 5004//5004 5211//5211 4987//4987
f 5218//5218 5301//5301 5283//5283
f 5263//5263 5233//5233 5174//5174
f 5234//5234 5263//5263 5174//5174
f 5284//5284 5302//5302 5183//5183
f 5293//5293 5195//5195 5303//5303
f 5286//5286 5184//5184 5213//5213
f 5186//5186 5197//5197 5304//5304
f 5277//5277 5199//5199 5305//5305
f 5199//5199 5187//5187 5305//5305
f 5265//5265 5042//5042 4921//4921
f 5104//5104 5306//5306 5094//5094
f 5279//5279 5132//5132 5307//5307
f 5132//5132 5226//5226 5308//5308
f 5189//5189 5188//5188 5309//5309
f 5133//5133 5310//5310 5190//5190
f 5311//5311 5295//5295 5205//5205
f 5205//5205 5267//5267 5311//5311
f 5269//5269 5289//5289 5257//5257
f 5258//5258 5296//5296 5312//5312
f 5298//5298 5219//5219 5163//5163
f 5259//5259 5240//5240 5313//5313
f 5193//5193 5230//5230 5019//5019
f 5282//5282 5281//5281 5114//5114
f 5173//5173 5233//5233 5314//5314
f 5285//5285 5221//5221 5293//5293
f 5315//5315 5275//5275 5196//5196
f 5196//5196 5214//5214 5315//5315
f 5214//5214 5186//5186 5316//5316
f 5197//5197 5236//5236 5317//5317
f 5318//5318 5157//5157 5024//5024
f 5216//5216 4943//4943 5319//5319
f 5176//5176 5319//5319 4943//4943
f 5320//5320 5248//5248 5203//5203
f 5189//5189 5308//5308 5226//5226
f 5310//5310 5288//5288 5190//5190
f 5321//5321 5268//5268 5250//5250
f 5322//5322 5163//5163 5208//5208
f 5032//5032 5138//5138 4966//4966
f 4989//4989 5113//5113 5323//5323
f 5244//5244 5150//5150 5324//5324
f 5212//5212 5303//5303 5195//5195
f 5286//5286 5264//5264 5325//5325
f 5264//5264 5275//5275 5326//5326
f 5304//5304 5316//5316 5186//5186
f 5317//5317 5304//5304 5197//5197
f 5327//5327 5237//5237 5328//5328
f 5237//5237 5223//5223 5328//5328
f 5187//5187 5200//5200 5305//5305
f 5092//5092 5156//5156 5329//5329
f 5287//5287 5329//5329 5156//5156
f 5167//5167 5330//5330 5080//5080
f 4995//4995 5094//5094 5331//5331
f 5104//5104 5248//5248 5306//5306
f 5308//5308 5307//5307 5132//5132
f 5268//5268 5311//5311 5267//5267
f 5250//5250 5289//5289 5321//5321
f 5333//5333 5207//5207 5272//5272
f 5322//5322 5298//5298 5163//5163
f 5164//5164 5259//5259 5334//5334
f 5313//5313 5334//5334 5259//5259
f 5313//5313 5240//5240 5299//5299
f 5180//5180 5242//5242 5335//5335
f 4938//4938 5112//5112 5232//5232
f 5139//5139 5252//5252 5282//5282
f 5261//5261 5254//5254 5336//5336
f 5292//5292 5337//5337 5262//5262
f 5338//5338 5292//5292 5173//5173
f 5263//5263 5183//5183 5302//5302
f 5184//5184 5274//5274 5222//5222
f 5316//5316 5315//5315 5214//5214
f 5247//5247 5339//5339 5215//5215
f 5155//5155 5277//5277 5224//5224
f 5265//5265 4995//4995 5341//5341
f 5331//5331 5341//5341 4995//4995
f 5094//5094 5306//5306 5331//5331
f 5309//5309 5308//5308 5189//5189
f 5266//5266 5227//5227 5342//5342
f 5295//5295 5311//5311 5343//5343
f 5289//5289 5269//5269 5332//5332
f 5269//5269 5258//5258 5332//5332
f 5312//5312 5332//5332 5258//5258
f 5297//5297 5296//5296 5228//5228
f 5148//5148 5209//5209 5345//5345
f 5243//5243 5323//5323 5113//5113
f 5314//5314 5338//5338 5173//5173
f 5303//5303 5346//5346 5293//5293
f 5303//5303 5212//5212 5347//5347
f 5212//5212 5273//5273 5347//5347
f 5273//5273 5274//5274 5347//5347
f 5315//5315 5326//5326 5275//5275
f 5276//5276 5215//5215 5339//5339
f 5287//5287 5201//5201 5348//5348
f 5201//5201 5278//5278 5348//5348
f 5349//5349 5024//5024 5093//5093
f 5330//5330 5217//5217 5080//5080
f 5350//5350 5167//5167 5158//5158
f 5158//5158 5351//5351 5350//5350
f 5352//5352 5202//5202 5042//5042
f 5320//5320 5353//5353 5248//5248
f 5354//5354 5308//5308 5309//5309
f 5355//5355 5342//5342 5227//5227
f 5295//5295 5355//5355 5227//5227
f 5312//5312 5356//5356 5332//5332
f 5312//5312 5296//5296 5357//5357
f 5358//5358 5229//5229 5164//5164
f 5334//5334 5358//5358 5164//5164
f 5124//5124 5241//5241 5251//5251
f 5344//5344 5251//5251 5241//5241
f 5359//5359 5290//5290 5059//5059
f 5059//5059 5220//5220 5359//5359
f 5171//5171 5231//5231 5125//5125
f 5253//5253 5324//5324 5150//5150
f 5360//5360 5314//5314 5233//5233
f 5233//5233 5263//5263 5360//5360
f 5361//5361 5347//5347 5274//5274
f 5274//5274 5184//5184 5361//5361
f 5304//5304 5317//5317 5362//5362
f 5363//5363 5339//5339 5247//5247
f 5224//5224 5277//5277 5364//5364
f 5365//5365 5305//5305 5200//5200
f 5329//5329 5200//5200 5092//5092
f 5340//5340 5278//5278 5023//5023
f 5349//5349 5318//5318 5024//5024
f 5366//5366 5349//5349 5093//5093
f 5341//5341 5367//5367 5265//5265
f 5062//5062 4805//4805 5368//5368
f 4805//4805 5159//5159 5368//5368
f 5310//5310 5133//5133 5369//5369
f 5133//5133 5294//5294 5370//5370
f 5294//5294 5178//5178 5371//5371
f 5178//5178 5266//5266 5371//5371
f 5343//5343 5355//5355 5295//5295
f 5311//5311 5268//5268 5372//5372
f 5297//5297 5357//5357 5296//5296
f 5211//5211 5004//5004 5373//5373
f 5110//5110 5060//5060 5374//5374
f 5253//5253 5126//5126 5375//5375
f 5337//5337 5292//5292 5376//5376
f 5285//5285 5293//5293 5346//5346
f 5377//5377 5361//5361 5184//5184
f 5378//5378 5377//5377 5184//5184
f 5184//5184 5286//5286 5378//5378
f 5325//5325 5378//5378 5286//5286
f 5379//5379 5316//5316 5304//5304
f 5380//5380 5223//5223 5276//5276
f 5224//5224 5363//5363 5247//5247
f 5364//5364 5381//5381 5224//5224
f 5353//5353 5306//5306 5248//5248
f 5225//5225 5320//5320 5203//5203
f 5357//5357 5382//5382 5312//5312
f 5280//5280 5229//5229 5383//5383
f 5229//5229 5358//5358 5383//5383
f 5300//5300 5148//5148 5384//5384
f 5180//5180 5171//5171 5068//5068
f 5060//5060 5111//5111 5374//5374
f 5291//5291 5375//5375 5126//5126
f 5283//5283 5385//5385 5256//5256
f 5386//5386 5263//5263 5302//5302
f 5387//5387 5325//5325 5264//5264
f 5264//5264 5326//5326 5387//5387
f 5327//5327 5362//5362 5317//5317
f 5339//5339 5380//5380 5276//5276
f 5381//5381 5363//5363 5224//5224
f 5157//5157 5340//5340 5023//5023
f 5350//5350 5330//5330 5167//5167
f 5249//5249 5288//5288 5388//5388
f 5133//5133 5370//5370 5369//5369
f 5268//5268 5321//5321 5372//5372
f 5389//5389 5372//5372 5321//5321
f 5321//5321 5289//5289 5389//5389
f 5270//5270 5271//5271 5390//5390
f 5333//5333 5271//5271 5207//5207
f 5299//5299 5251//5251 5391//5391
f 5112//5112 4989//4989 5323//5323
f 5243//5243 5281//5281 5392//5392
f 5158//5158 5202//5202 5351//5351
f 5320//5320 5225//5225 5393//5393
f 5371//5371 5370//5370 5294//5294
f 5372//5372 5343//5343 5311//5311
f 5356//5356 5394//5394 5289//5289
f 5356//5356 5312//5312 5382//5382
f 5208//5208 5280//5280 5395//5395
f 5345//5345 5384//5384 5148//5148
f 5210//5210 5345//5345 5209//5209
f 5396//5396 5220//5220 5149//5149
f 5397//5397 5337//5337 5376//5376
f 5285//5285 5346//5346 5398//5398
f 5399//5399 5346//5346 5303//5303
f 5303//5303 5347//5347 5399//5399
f 5377//5377 5400//5400 5347//5347
f 5347//5347 5361//5361 5377//5377
f 5401//5401 5326//5326 5315//5315
f 5315//5315 5316//5316 5401//5401
f 5316//5316 5379//5379 5402//5402
f 5380//5380 5328//5328 5223//5223
f 5348//5348 5278//5278 5403//5403
f 5093//5093 5041//5041 5366//5366
f 5352//5352 5351//5351 5202//5202
f 5393//5393 5353//5353 5320//5320
f 5394//5394 5389//5389 5289//5289
f 5270//5270 5390//5390 5297//5297
f 5404//5404 5390//5390 5271//5271
f 5271//5271 5333//5333 5404//5404
f 5395//5395 5322//5322 5208//5208
f 5344//5344 5391//5391 5251//5251
f 5210//5210 5211//5211 5405//5405
f 5211//5211 5373//5373 5405//5405
f 5282//5282 5252//5252 5406//5406
f 5407//5407 5375//5375 5291//5291
f 5283//5283 5408//5408 5385//5385
f 5397//5397 5408//5408 5337//5337
f 5360//5360 5263//5263 5409//5409
f 5284//5284 5410//5410 5302//5302
f 5285//5285 5411//5411 5284//5284
f 5347//5347 5400//5400 5399//5399
f 5380//5380 5339//5339 5412//5412
f 5339//5339 5363//5363 5413//5413
f 5305//5305 5365//5365 5414//5414
f 5415//5415 5176//5176 5217//5217
f 5042//5042 5265//5265 5367//5367
f 5279//5279 5307//5307 5416//5416
f 5288//5288 5310//5310 5417//5417
f 5369//5369 5417//5417 5310//5310
f 5280//5280 5383//5383 5395//5395
f 5418//5418 5334//5334 5313//5313
f 5313//5313 5299//5299 5418//5418
f 5391//5391 5418//5418 5299//5299
f 5419//5419 5373//5373 5004//5004
f 5004//5004 4988//4988 5419//5419
f 5290//5290 5419//5419 4988//4988
f 5242//5242 5420//5420 5335//5335
f 5242//5242 5260//5260 5420//5420
f 5421//5421 5138//5138 5032//5032
f 5243//5243 5392//5392 5323//5323
f 5263//5263 5386//5386 5409//5409
f 5378//5378 5325//5325 5422//5422
f 5325//5325 5387//5387 5422//5422
f 5423//5423 5387//5387 5326//5326
f 5424//5424 5326//5326 5401//5401
f 5402//5402 5401//5401 5316//5316
f 5379//5379 5304//5304 5425//5425
f 5426//5426 5413//5413 5363//5363
f 5200//5200 5329//5329 5427//5427
f 5278//5278 5340//5340 5428//5428
f 5042//5042 5367//5367 5352//5352
f 5333//5333 5272//5272 5430//5430
f 5272//5272 5219//5219 5430//5430
f 5374//5374 5431//5431 5110//5110
f 5432//5432 5252//5252 5244//5244
f 5375//5375 5407//5407 5433//5433
f 5411//5411 5410//5410 5284//5284
f 5411//5411 5285//5285 5398//5398
f 5424//5424 5423//5423 5326//5326
f 5434//5434 5435//5435 5328//5328
f 5328//5328 5380//5380 5434//5434
f 5436//5436 5287//5287 5348//5348
f 5403//5403 5278//5278 5428//5428
f 5331//5331 5306//5306 5437//5437
f 5306//5306 5429//5429 5438//5438
f 5353//5353 5429//5429 5306//5306
f 5440//5440 5394//5394 5356//5356
f 5370//5370 5417//5417 5369//5369
f 5266//5266 5342//5342 5441//5441
f 5372//5372 5389//5389 5439//5439
f 5358//5358 5334//5334 5442//5442
f 5418//5418 5442//5442 5334//5334
f 5231//5231 5171//5171 5443//5443
f 5260//5260 5138//5138 5421//5421
f 5444//5444 5254//5254 5256//5256
f 5385//5385 5444//5444 5256//5256
f 5409//5409 5314//5314 5360//5360
f 5445//5445 5409//5409 5386//5386
f 5410//5410 5386//5386 5302//5302
f 5446//5446 5400//5400 5377//5377
f 5377//5377 5378//5378 5446//5446
f 5427//5427 5365//5365 5200//5200
f 5403//5403 5436//5436 5348//5348
f 5447//5447 5366//5366 5041//5041
f 5217//5217 5330//5330 5415//5415
f 5438//5438 5437//5437 5306//5306
f 5368//5368 5448//5448 5062//5062
f 5382//5382 5357//5357 5449//5449
f 5430//5430 5219//5219 5298//5298
f 5241//5241 5230//5230 5344//5344
f 5324//5324 5432//5432 5244//5244
f 5450//5450 5324//5324 5253//5253
f 5346//5346 5399//5399 5398//5398
f 5304//5304 5362//5362 5425//5425
f 5381//5381 5426//5426 5363//5363
f 5119//5119 5447//5447 5041//5041
f 5176//5176 5415//5415 5451//5451
f 5341//5341 5331//5331 5437//5437
f 5429//5429 5353//5353 5452//5452
f 5393//5393 5452//5452 5353//5353
f 5453//5453 5441//5441 5342//5342
f 5454//5454 5453//5453 5342//5342
f 5342//5342 5355//5355 5454//5454
f 5355//5355 5343//5343 5454//5454
f 5439//5439 5454//5454 5343//5343
f 5343//5343 5372//5372 5439//5439
f 5358//5358 5442//5442 5455//5455
f 5281//5281 5282//5282 5406//5406
f 5456//5456 5407//5407 5291//5291
f 5444//5444 5336//5336 5254//5254
f 5457//5457 5397//5397 5376//5376
f 5376//5376 5292//5292 5457//5457
f 5458//5458 5446//5446 5378//5378
f 5422//5422 5458//5458 5378//5378
f 5412//5412 5339//5339 5459//5459
f 5413//5413 5459//5459 5339//5339
f 5364//5364 5426//5426 5381//5381
f 5414//5414 5277//5277 5305//5305
f 5460//5460 5329//5329 5287//5287
f 5461//5461 5367//5367 5341//5341
f 5279//5279 5368//5368 5159//5159
f 5307//5307 5308//5308 5416//5416
f 5462//5462 5416//5416 5308//5308
f 5308//5308 5463//5463 5462//5462
f 5394//5394 5440//5440 5449//5449
f 5357//5357 5297//5297 5464//5464
f 5390//5390 5464//5464 5297//5297
f 5465//5465 5322//5322 5395//5395
f 5395//5395 5383//5383 5465//5465
f 5149//5149 5231//5231 5396//5396
f 5171//5171 5180//5180 5443//5443
f 5431//5431 5032//5032 5110//5110
f 5375//5375 5450//5450 5253//5253
f 5261//5261 5336//5336 5466//5466
f 5400//5400 5446//5446 5467//5467
f 5422//5422 5387//5387 5468//5468
f 5435//5435 5434//5434 5469//5469
f 5380//5380 5469//5469 5434//5434
f 5460//5460 5287//5287 5436//5436
f 5216//5216 5470//5470 5119//5119
f 5461//5461 5341//5341 5437//5437
f 5471//5471 5388//5388 5288//5288
f 5288//5288 5417//5417 5471//5471
f 5472//5472 5473//5473 5371//5371
f 5371//5371 5266//5266 5472//5472
f 5441//5441 5472//5472 5266//5266
f 5449//5449 5357//5357 5474//5474
f 5464//5464 5474//5474 5357//5357
f 5475//5475 5344//5344 5230//5230
f 5230//5230 5193//5193 5475//5475
f 5345//5345 5210//5210 5476//5476
f 5478//5478 5466//5466 5336//5336
f 5444//5444 5478//5478 5336//5336
f 5479//5479 5398//5398 5399//5399
f 5399//5399 5400//5400 5479//5479
f 5467//5467 5479//5479 5400//5400
f 5387//5387 5423//5423 5468//5468
f 5413//5413 5426//5426 5480//5480
f 5414//5414 5481//5481 5277//5277
f 5460//5460 5427//5427 5329//5329
f 5157//5157 5318//5318 5340//5340
f 5330//5330 5350//5350 5415//5415
f 5417//5417 5370//5370 5482//5482
f 5483//5483 5453//5453 5454//5454
f 5439//5439 5389//5389 5484//5484
f 5389//5389 5394//5394 5485//5485
f 5418//5418 5486//5486 5442//5442
f 5405//5405 5476//5476 5210//5210
f 5488//5488 5112//5112 5323//5323
f 5385//5385 5489//5489 5444//5444
f 5490//5490 5491//5491 5397//5397
f 5379//5379 5425//5425 5492//5492
f 5364//5364 5277//5277 5481//5481
f 5451//5451 5319//5319 5176//5176
f 5461//5461 5352//5352 5367//5367
f 5452//5452 5393//5393 5493//5493
f 5393//5393 5225//5225 5494//5494
f 5448//5448 5494//5494 5225//5225
f 5225//5225 5062//5062 5448//5448
f 5279//5279 5416//5416 5495//5495
f 5416//5416 5462//5462 5496//5496
f 5497//5497 5462//5462 5463//5463
f 5473//5473 5482//5482 5370//5370
f 5439//5439 5483//5483 5454//5454
f 5333//5333 5430//5430 5498//5498
f 5391//5391 5486//5486 5418//5418
f 5421//5421 5032//5032 5499//5499
f 5385//5385 5408//5408 5489//5489
f 5491//5491 5489//5489 5408//5408
f 5490//5490 5397//5397 5457//5457
f 5457//5457 5292//5292 5338//5338
f 5411//5411 5500//5500 5410//5410
f 5411//5411 5398//5398 5500//5500
f 5458//5458 5422//5422 5501//5501
f 5422//5422 5468//5468 5501//5501
f 5502//5502 5425//5425 5362//5362
f 5435//5435 5502//5502 5362//5362
f 5216//5216 5319//5319 5470//5470
f 5351//5351 5503//5503 5350//5350
f 5482//5482 5471//5471 5417//5417
f 5370//5370 5371//5371 5473//5473
f 5504//5504 5441//5441 5453//5453
f 5506//5506 5464//5464 5390//5390
f 5333//5333 5498//5498 5404//5404
f 5432//5432 5406//5406 5252//5252
f 5433//5433 5450//5450 5375//5375
f 5466//5466 5407//5407 5456//5456
f 5410//5410 5445//5445 5386//5386
f 5507//5507 5508//5508 5398//5398
f 5479//5479 5507//5507 5398//5398
f 5509//5509 5446//5446 5458//5458
f 5510//5510 5501//5501 5468//5468
f 5468//5468 5423//5423 5510//5510
f 5423//5423 5424//5424 5510//5510
f 5484//5484 5483//5483 5439//5439
f 5485//5485 5484//5484 5389//5389
f 5394//5394 5449//5449 5485//5485
f 5474//5474 5505//5505 5449//5449
f 5390//5390 5404//5404 5506//5506
f 5511//5511 5404//5404 5498//5498
f 5430//5430 5298//5298 5512//5512
f 5420//5420 5260//5260 5513//5513
f 5260//5260 5421//5421 5513//5513
f 5514//5514 5392//5392 5281//5281
f 5515//5515 5424//5424 5401//5401
f 5516//5516 5401//5401 5402//5402
f 5402//5402 5379//5379 5516//5516
f 5480//5480 5459//5459 5413//5413
f 5436//5436 5403//5403 5517//5517
f 5318//5318 5428//5428 5340//5340
f 5119//5119 5470//5470 5447//5447
f 5519//5519 5503//5503 5351//5351
f 5351//5351 5352//5352 5519//5519
f 5494//5494 5493//5493 5393//5393
f 5520//5520 5388//5388 5471//5471
f 5482//5482 5473//5473 5521//5521
f 5453//5453 5483//5483 5522//5522
f 5335//5335 5487//5487 5180//5180
f 5477//5477 5232//5232 5112//5112
f 5488//5488 5477//5477 5112//5112
f 5445//5445 5523//5523 5409//5409
f 5508//5508 5500//5500 5398//5398
f 5467//5467 5446//5446 5509//5509
f 5501//5501 5509//5509 5458//5458
f 5388//5388 5520//5520 5524//5524
f 5471//5471 5482//5482 5520//5520
f 5505//5505 5485//5485 5449//5449
f 5505//5505 5474//5474 5525//5525
f 5298//5298 5322//5322 5512//5512
f 5465//5465 5512//5512 5322//5322
f 5443//5443 5180//5180 5487//5487
f 5510//5510 5424//5424 5515//5515
f 5401//5401 5516//5516 5515//5515
f 5469//5469 5502//5502 5435//5435
f 5526//5526 5480//5480 5426//5426
f 5403//5403 5428//5428 5517//5517
f 5461//5461 5519//5519 5352//5352
f 5452//5452 5493//5493 5527//5527
f 5484//5484 5522//5522 5483//5483
f 5300//5300 5384//5384 5528//5528
f 5396//5396 5359//5359 5220//5220
f 5396//5396 5231//5231 5529//5529
f 5489//5489 5491//5491 5530//5530
f 5490//5490 5530//5530 5491//5491
f 5479//5479 5467//5467 5531//5531
f 5492//5492 5516//5516 5379//5379
f 5532//5532 5380//5380 5412//5412
f 5459//5459 5532//5532 5412//5412
f 5533//5533 5414//5414 5365//5365
f 5428//5428 5318//5318 5534//5534
f 5518//5518 5451//5451 5415//5415
f 5503//5503 5415//5415 5350//5350
f 5438//5438 5429//5429 5535//5535
f 5495//5495 5368//5368 5279//5279
f 5495//5495 5416//5416 5496//5496
f 5520//5520 5482//5482 5521//5521
f 5536//5536 5498//5498 5430//5430
f 5512//5512 5536//5536 5430//5430
f 5442//5442 5486//5486 5537//5537
f 5538//5538 5537//5537 5486//5486
f 5539//5539 5538//5538 5391//5391
f 5391//5391 5344//5344 5539//5539
f 5344//5344 5475//5475 5539//5539
f 5419//5419 5290//5290 5540//5540
f 5529//5529 5541//5541 5396//5396
f 5323//5323 5392//5392 5488//5488
f 5542//5542 5478//5478 5444//5444
f 5543//5543 5490//5490 5457//5457
f 5544//5544 5543//5543 5457//5457
f 5457//5457 5338//5338 5544//5544
f 5314//5314 5409//5409 5545//5545
f 5445//5445 5410//5410 5546//5546
f 5410//5410 5500//5500 5546//5546
f 5509//5509 5531//5531 5467//5467
f 5547//5547 5509//5509 5501//5501
f 5532//5532 5469//5469 5380//5380
f 5481//5481 5548//5548 5364//5364
f 5549//5549 5517//5517 5428//5428
f 5428//5428 5534//5534 5549//5549
f 5452//5452 5535//5535 5429//5429
f 5493//5493 5494//5494 5448//5448
f 5472//5472 5550//5550 5473//5473
f 5300//5300 5475//5475 5193//5193
f 5540//5540 5373//5373 5419//5419
f 5420//5420 5487//5487 5335//5335
f 5444//5444 5489//5489 5530//5530
f 5545//5545 5338//5338 5314//5314
f 5531//5531 5507//5507 5479//5479
f 5553//5553 5492//5492 5425//5425
f 5425//5425 5502//5502 5554//5554
f 5548//5548 5526//5526 5426//5426
f 5426//5426 5364//5364 5548//5548
f 5548//5548 5481//5481 5555//5555
f 5481//5481 5414//5414 5533//5533
f 5535//5535 5452//5452 5527//5527
f 5448//5448 5556//5556 5493//5493
f 5550//5550 5521//5521 5473//5473
f 5522//5522 5484//5484 5557//5557
f 5484//5484 5485//5485 5557//5557
f 5511//5511 5506//5506 5404//5404
f 5539//5539 5558//5558 5538//5538
f 5487//5487 5420//5420 5559//5559
f 5281//5281 5406//5406 5560//5560
f 5406//5406 5432//5432 5560//5560
f 5545//5545 5544//5544 5338//5338
f 5523//5523 5545//5545 5409//5409
f 5546//5546 5500//5500 5561//5561
f 5562//5562 5547//5547 5501//5501
f 5562//5562 5501//5501 5510//5510
f 5427//5427 5460//5460 5365//5365
f 5519//5519 5563//5563 5503//5503
f 5527//5527 5493//5493 5556//5556
f 5522//5522 5564//5564 5453//5453
f 5525//5525 5565//5565 5485//5485
f 5465//5465 5455//5455 5566//5566
f 5442//5442 5566//5566 5455//5455
f 5475//5475 5300//5300 5528//5528
f 5431//5431 5567//5567 5032//5032
f 5445//5445 5546//5546 5568//5568
f 5547//5547 5552//5552 5509//5509
f 5553//5553 5425//5425 5554//5554
f 5532//5532 5459//5459 5569//5569
f 5481//5481 5533//5533 5555//5555
f 5436//5436 5570//5570 5460//5460
f 5436//5436 5517//5517 5570//5570
f 5318//5318 5349//5349 5571//5571
f 5366//5366 5572//5572 5349//5349
f 5573//5573 5415//5415 5503//5503
f 5519//5519 5461//5461 5574//5574
f 5575//5575 5576//5576 5495//5495
f 5495//5495 5496//5496 5575//5575
f 5577//5577 5504//5504 5453//5453
f 5474//5474 5578//5578 5525//5525
f 5474//5474 5464//5464 5578//5578
f 5579//5579 5476//5476 5405//5405
f 5405//5405 5373//5373 5579//5579
f 5373//5373 5540//5540 5579//5579
f 5487//5487 5580//5580 5443//5443
f 5567//5567 5499//5499 5032//5032
f 5392//5392 5514//5514 5488//5488
f 5581//5581 5433//5433 5407//5407
f 5551//5551 5581//5581 5407//5407
f 5551//5551 5466//5466 5582//5582
f 5530//5530 5542//5542 5444//5444
f 5523//5523 5445//5445 5583//5583
f 5568//5568 5546//5546 5561//5561
f 5552//5552 5584//5584 5509//5509
f 5510//5510 5515//5515 5585//5585
f 5586//5586 5587//5587 5492//5492
f 5492//5492 5553//5553 5586//5586
f 5532//5532 5588//5588 5469//5469
f 5573//5573 5518//5518 5415//5415
f 5503//5503 5563//5563 5573//5573
f 5589//5589 5590//5590 5461//5461
f 5437//5437 5589//5589 5461//5461
f 5441//5441 5504//5504 5591//5591
f 5453//5453 5564//5564 5577//5577
f 5485//5485 5565//5565 5557//5557
f 5592//5592 5506//5506 5511//5511
f 5558//5558 5537//5537 5538//5538
f 5345//5345 5476//5476 5593//5593
f 5594//5594 5478//5478 5542//5542
f 5584//5584 5531//5531 5509//5509
f 5515//5515 5516//5516 5596//5596
f 5502//5502 5469//5469 5597//5597
f 5588//5588 5597//5597 5469//5469
f 5569//5569 5459//5459 5598//5598
f 5459//5459 5480//5480 5598//5598
f 5574//5574 5563//5563 5519//5519
f 5438//5438 5589//5589 5437//5437
f 5527//5527 5599//5599 5535//5535
f 5576//5576 5368//5368 5495//5495
f 5496//5496 5462//5462 5575//5575
f 5472//5472 5441//5441 5602//5602
f 5591//5591 5602//5602 5441//5441
f 5565//5565 5525//5525 5578//5578
f 5528//5528 5384//5384 5603//5603
f 5345//5345 5603//5603 5384//5384
f 5529//5529 5231//5231 5604//5604
f 5231//5231 5443//5443 5580//5580
f 5374//5374 5567//5567 5431//5431
f 5568//5568 5583//5583 5445//5445
f 5500//5500 5508//5508 5595//5595
f 5605//5605 5508//5508 5507//5507
f 5516//5516 5492//5492 5587//5587
f 5480//5480 5526//5526 5598//5598
f 5572//5572 5571//5571 5349//5349
f 5518//5518 5319//5319 5451//5451
f 5590//5590 5574//5574 5461//5461
f 5550//5550 5601//5601 5521//5521
f 5578//5578 5464//5464 5606//5606
f 5537//5537 5608//5608 5442//5442
f 5450//5450 5433//5433 5609//5609
f 5581//5581 5609//5609 5433//5433
f 5596//5596 5585//5585 5515//5515
f 5598//5598 5526//5526 5610//5610
f 5548//5548 5610//5610 5526//5526
f 5611//5611 5555//5555 5533//5533
f 5612//5612 5533//5533 5365//5365
f 5365//5365 5460//5460 5612//5612
f 5571//5571 5534//5534 5318//5318
f 5447//5447 5613//5613 5366//5366
f 5470//5470 5319//5319 5614//5614
f 5518//5518 5614//5614 5319//5319
f 5438//5438 5535//5535 5589//5589
f 5520//5520 5521//5521 5615//5615
f 5550//5550 5472//5472 5602//5602
f 5577//5577 5591//5591 5504//5504
f 5607//5607 5606//5606 5464//5464
f 5607//5607 5464//5464 5616//5616
f 5464//5464 5506//5506 5616//5616
f 5539//5539 5617//5617 5558//5558
f 5541//5541 5359//5359 5396//5396
f 5580//5580 5604//5604 5231//5231
f 5582//5582 5581//5581 5551//5551
f 5594//5594 5466//5466 5478//5478
f 5618//5618 5530//5530 5490//5490
f 5510//5510 5585//5585 5562//5562
f 5597//5597 5554//5554 5502//5502
f 5535//5535 5599//5599 5589//5589
f 5368//5368 5576//5576 5619//5619
f 5620//5620 5575//5575 5462//5462
f 5462//5462 5600//5600 5620//5620
f 5498//5498 5536//5536 5511//5511
f 5566//5566 5512//5512 5465//5465
f 5622//5622 5560//5560 5432//5432
f 5432//5432 5324//5324 5622//5622
f 5581//5581 5582//5582 5623//5623
f 5595//5595 5561//5561 5500//5500
f 5587//5587 5596//5596 5516//5516
f 5587//5587 5586//5586 5624//5624
f 5625//5625 5553//5553 5554//5554
f 5588//5588 5532//5532 5626//5626
f 5569//5569 5626//5626 5532//5532
f 5556//5556 5448//5448 5627//5627
f 5621//5621 5522//5522 5557//5557
f 5578//5578 5557//5557 5565//5565
f 5593//5593 5603//5603 5345//5345
f 5523//5523 5628//5628 5545//5545
f 5507//5507 5531//5531 5605//5605
f 5570//5570 5517//5517 5629//5629
f 5448//5448 5368//5368 5627//5627
f 5576//5576 5575//5575 5630//5630
f 5621//5621 5564//5564 5522//5522
f 5606//5606 5607//5607 5631//5631
f 5506//5506 5592//5592 5616//5616
f 5511//5511 5536//5536 5592//5592
f 5608//5608 5566//5566 5442//5442
f 5617//5617 5632//5632 5558//5558
f 5593//5593 5476//5476 5633//5633
f 5579//5579 5633//5633 5476//5476
f 5634//5634 5111//5111 5232//5232
f 5232//5232 5477//5477 5634//5634
f 5324//5324 5450//5450 5622//5622
f 5609//5609 5581//5581 5623//5623
f 5582//5582 5466//5466 5635//5635
f 5466//5466 5594//5594 5635//5635
f 5543//5543 5618//5618 5490//5490
f 5584//5584 5605//5605 5531//5531
f 5611//5611 5548//5548 5555//5555
f 5612//5612 5611//5611 5533//5533
f 5570//5570 5612//5612 5460//5460
f 5549//5549 5629//5629 5517//5517
f 5614//5614 5447//5447 5470//5470
f 5636//5636 5577//5577 5564//5564
f 5637//5637 5536//5536 5512//5512
f 5475//5475 5528//5528 5638//5638
f 5514//5514 5281//5281 5640//5640
f 5641//5641 5622//5622 5450//5450
f 5618//5618 5542//5542 5530//5530
f 5628//5628 5544//5544 5545//5545
f 5642//5642 5562//5562 5585//5585
f 5613//5613 5572//5572 5366//5366
f 5630//5630 5619//5619 5576//5576
f 5575//5575 5620//5620 5630//5630
f 5644//5644 5620//5620 5600//5600
f 5524//5524 5644//5644 5600//5600
f 5564//5564 5621//5621 5636//5636
f 5606//5606 5645//5645 5578//5578
f 5617//5617 5539//5539 5475//5475
f 5475//5475 5638//5638 5617//5617
f 5559//5559 5420//5420 5646//5646
f 5513//5513 5646//5646 5420//5420
f 5477//5477 5488//5488 5639//5639
f 5609//5609 5641//5641 5450//5450
f 5544//5544 5648//5648 5543//5543
f 5562//5562 5552//5552 5547//5547
f 5642//5642 5585//5585 5596//5596
f 5596//5596 5587//5587 5642//5642
f 5553//5553 5625//5625 5586//5586
f 5569//5569 5598//5598 5649//5649
f 5610//5610 5650//5650 5598//5598
f 5610//5610 5548//5548 5611//5611
f 5612//5612 5570//5570 5651//5651
f 5652//5652 5614//5614 5518//5518
f 5518//5518 5573//5573 5652//5652
f 5563//5563 5574//5574 5653//5653
f 5654//5654 5527//5527 5556//5556
f 5521//5521 5601//5601 5615//5615
f 5601//5601 5550//5550 5655//5655
f 5602//5602 5655//5655 5550//5550
f 5645//5645 5606//5606 5656//5656
f 5560//5560 5640//5640 5281//5281
f 5560//5560 5622//5622 5657//5657
f 5641//5641 5657//5657 5622//5622
f 5635//5635 5658//5658 5582//5582
f 5542//5542 5618//5618 5659//5659
f 5584//5584 5552//5552 5660//5660
f 5661//5661 5660//5660 5552//5552
f 5552//5552 5562//5562 5661//5661
f 5651//5651 5611//5611 5612//5612
f 5651//5651 5570//5570 5629//5629
f 5613//5613 5447//5447 5662//5662
f 5574//5574 5590//5590 5653//5653
f 5557//5557 5578//5578 5645//5645
f 5631//5631 5607//5607 5616//5616
f 5663//5663 5566//5566 5608//5608
f 5664//5664 5374//5374 5111//5111
f 5111//5111 5634//5634 5664//5664
f 5657//5657 5640//5640 5560//5560
f 5623//5623 5582//5582 5658//5658
f 5665//5665 5661//5661 5562//5562
f 5665//5665 5562//5562 5642//5642
f 5650//5650 5649//5649 5598//5598
f 5549//5549 5534//5534 5666//5666
f 5534//5534 5571//5571 5666//5666
f 5573//5573 5563//5563 5667//5667
f 5590//5590 5589//5589 5668//5668
f 5599//5599 5668//5668 5589//5589
f 5627//5627 5654//5654 5556//5556
f 5669//5669 5524//5524 5520//5520
f 5615//5615 5669//5669 5520//5520
f 5645//5645 5621//5621 5557//5557
f 5637//5637 5592//5592 5536//5536
f 5603//5603 5638//5638 5528//5528
f 5540//5540 5290//5290 5670//5670
f 5290//5290 5359//5359 5670//5670
f 5559//5559 5671//5671 5487//5487
f 5421//5421 5499//5499 5672//5672
f 5673//5673 5618//5618 5543//5543
f 5543//5543 5648//5648 5673//5673
f 5561//5561 5674//5674 5568//5568
f 5626//5626 5569//5569 5675//5675
f 5649//5649 5675//5675 5569//5569
f 5614//5614 5662//5662 5447//5447
f 5653//5653 5667//5667 5563//5563
f 5627//5627 5368//5368 5676//5676
f 5677//5677 5670//5670 5359//5359
f 5359//5359 5541//5541 5677//5677
f 5513//5513 5421//5421 5672//5672
f 5672//5672 5499//5499 5647//5647
f 5678//5678 5567//5567 5374//5374
f 5374//5374 5664//5664 5678//5678
f 5628//5628 5648//5648 5544//5544
f 5628//5628 5523//5523 5583//5583
f 5595//5595 5674//5674 5561//5561
f 5679//5679 5595//5595 5508//5508
f 5680//5680 5586//5586 5625//5625
f 5681//5681 5610//5610 5611//5611
f 5611//5611 5651//5651 5681//5681
f 5368//5368 5619//5619 5676//5676
f 5682//5682 5619//5619 5630//5630
f 5630//5630 5620//5620 5682//5682
f 5591//5591 5577//5577 5683//5683
f 5609//5609 5623//5623 5684//5684
f 5685//5685 5605//5605 5584//5584
f 5660//5660 5685//5685 5584//5584
f 5680//5680 5624//5624 5586//5586
f 5597//5597 5588//5588 5686//5686
f 5549//5549 5666//5666 5687//5687
f 5688//5688 5599//5599 5527//5527
f 5654//5654 5688//5688 5527//5527
f 5689//5689 5682//5682 5620//5620
f 5620//5620 5644//5644 5689//5689
f 5669//5669 5615//5615 5690//5690
f 5655//5655 5691//5691 5601//5601
f 5645//5645 5636//5636 5621//5621
f 5592//5592 5637//5637 5692//5692
f 5579//5579 5540//5540 5670//5670
f 5580//5580 5487//5487 5671//5671
f 5693//5693 5641//5641 5609//5609
f 5684//5684 5693//5693 5609//5609
f 5694//5694 5508//5508 5605//5605
f 5686//5686 5588//5588 5695//5695
f 5662//5662 5614//5614 5696//5696
f 5667//5667 5697//5697 5573//5573
f 5636//5636 5645//5645 5698//5698
f 5512//5512 5566//5566 5637//5637
f 5663//5663 5637//5637 5566//5566
f 5617//5617 5638//5638 5699//5699
f 5633//5633 5579//5579 5700//5700
f 5670//5670 5700//5700 5579//5579
f 5646//5646 5513//5513 5672//5672
f 5567//5567 5647//5647 5499//5499
f 5583//5583 5701//5701 5628//5628
f 5674//5674 5702//5702 5568//5568
f 5508//5508 5694//5694 5679//5679
f 5587//5587 5643//5643 5642//5642
f 5597//5597 5625//5625 5554//5554
f 5687//5687 5629//5629 5549//5549
f 5697//5697 5652//5652 5573//5573
f 5653//5653 5590//5590 5703//5703
f 5669//5669 5644//5644 5524//5524
f 5636//5636 5698//5698 5704//5704
f 5678//5678 5647//5647 5567//5567
f 5488//5488 5514//5514 5639//5639
f 5623//5623 5658//5658 5684//5684
f 5542//5542 5659//5659 5705//5705
f 5648//5648 5628//5628 5701//5701
f 5701//5701 5583//5583 5706//5706
f 5568//5568 5702//5702 5583//5583
f 5661//5661 5665//5665 5707//5707
f 5665//5665 5642//5642 5708//5708
f 5626//5626 5695//5695 5588//5588
f 5709//5709 5651//5651 5629//5629
f 5652//5652 5696//5696 5614//5614
f 5615//5615 5710//5710 5690//5690
f 5691//5691 5655//5655 5711//5711
f 5577//5577 5636//5636 5704//5704
f 5616//5616 5592//5592 5712//5712
f 5608//5608 5537//5537 5713//5713
f 5632//5632 5617//5617 5714//5714
f 5699//5699 5714//5714 5617//5617
f 5603//5603 5593//5593 5715//5715
f 5633//5633 5715//5715 5593//5593
f 5624//5624 5680//5680 5716//5716
f 5610//5610 5681//5681 5717//5717
f 5571//5571 5572//5572 5718//5718
f 5601//5601 5710//5710 5615//5615
f 5673//5673 5648//5648 5720//5720
f 5685//5685 5694//5694 5605//5605
f 5660//5660 5661//5661 5721//5721
f 5707//5707 5721//5721 5661//5661
f 5708//5708 5707//5707 5665//5665
f 5643//5643 5587//5587 5722//5722
f 5624//5624 5722//5722 5587//5587
f 5650//5650 5610//5610 5717//5717
f 5687//5687 5709//5709 5629//5629
f 5571//5571 5718//5718 5723//5723
f 5572//5572 5613//5613 5662//5662
f 5668//5668 5703//5703 5590//5590
f 5710//5710 5601//5601 5691//5691
f 5655//5655 5602//5602 5711//5711
f 5591//5591 5711//5711 5602//5602
f 5631//5631 5616//5616 5712//5712
f 5724//5724 5712//5712 5592//5592
f 5724//5724 5592//5592 5692//5692
f 5719//5719 5692//5692 5637//5637
f 5637//5637 5663//5663 5719//5719
f 5725//5725 5713//5713 5537//5537
f 5632//5632 5725//5725 5537//5537
f 5658//5658 5635//5635 5684//5684
f 5701//5701 5720//5720 5648//5648
f 5674//5674 5595//5595 5726//5726
f 5595//5595 5679//5679 5726//5726
f 5685//5685 5660//5660 5721//5721
f 5723//5723 5666//5666 5571//5571
f 5599//5599 5688//5688 5727//5727
f 5704//5704 5683//5683 5577//5577
f 5704//5704 5698//5698 5728//5728
f 5722//5722 5624//5624 5716//5716
f 5729//5729 5654//5654 5627//5627
f 5676//5676 5729//5729 5627//5627
f 5591//5591 5683//5683 5711//5711
f 5730//5730 5711//5711 5683//5683
f 5683//5683 5704//5704 5730//5730
f 5606//5606 5731//5731 5656//5656
f 5631//5631 5731//5731 5606//5606
f 5725//5725 5632//5632 5714//5714
f 5639//5639 5514//5514 5640//5640
f 5702//5702 5706//5706 5583//5583
f 5608//5608 5732//5732 5663//5663
f 5638//5638 5603//5603 5733//5733
f 5657//5657 5641//5641 5734//5734
f 5735//5735 5736//5736 5701//5701
f 5701//5701 5706//5706 5735//5735
f 5706//5706 5702//5702 5737//5737
f 5708//5708 5738//5738 5707//5707
f 5643//5643 5708//5708 5642//5642
f 5625//5625 5597//5597 5739//5739
f 5686//5686 5739//5739 5597//5597
f 5662//5662 5718//5718 5572//5572
f 5668//5668 5599//5599 5727//5727
f 5741//5741 5676//5676 5619//5619
f 5714//5714 5699//5699 5742//5742
f 5699//5699 5638//5638 5743//5743
f 5529//5529 5744//5744 5541//5541
f 5671//5671 5604//5604 5580//5580
f 5635//5635 5594//5594 5745//5745
f 5594//5594 5705//5705 5745//5745
f 5707//5707 5738//5738 5721//5721
f 5680//5680 5625//5625 5746//5746
f 5625//5625 5739//5739 5746//5746
f 5626//5626 5675//5675 5747//5747
f 5748//5748 5747//5747 5675//5675
f 5749//5749 5675//5675 5649//5649
f 5650//5650 5749//5749 5649//5649
f 5651//5651 5717//5717 5681//5681
f 5651//5651 5709//5709 5740//5740
f 5750//5750 5667//5667 5653//5653
f 5653//5653 5703//5703 5750//5750
f 5638//5638 5733//5733 5743//5743
f 5700//5700 5715//5715 5633//5633
f 5640//5640 5657//5657 5751//5751
f 5745//5745 5684//5684 5635//5635
f 5736//5736 5720//5720 5701//5701
f 5702//5702 5674//5674 5737//5737
f 5721//5721 5694//5694 5685//5685
f 5722//5722 5716//5716 5752//5752
f 5753//5753 5752//5752 5716//5716
f 5716//5716 5680//5680 5753//5753
f 5675//5675 5749//5749 5748//5748
f 5754//5754 5723//5723 5718//5718
f 5756//5756 5682//5682 5689//5689
f 5689//5689 5644//5644 5756//5756
f 5691//5691 5711//5711 5757//5757
f 5656//5656 5728//5728 5698//5698
f 5724//5724 5692//5692 5758//5758
f 5692//5692 5719//5719 5759//5759
f 5604//5604 5744//5744 5529//5529
f 5734//5734 5751//5751 5657//5657
f 5734//5734 5641//5641 5760//5760
f 5705//5705 5659//5659 5761//5761
f 5659//5659 5618//5618 5761//5761
f 5762//5762 5738//5738 5708//5708
f 5708//5708 5643//5643 5763//5763
f 5722//5722 5763//5763 5643//5643
f 5695//5695 5626//5626 5747//5747
f 5662//5662 5754//5754 5718//5718
f 5652//5652 5697//5697 5764//5764
f 5703//5703 5668//5668 5755//5755
f 5729//5729 5676//5676 5765//5765
f 5682//5682 5741//5741 5619//5619
f 5669//5669 5766//5766 5644//5644
f 5746//5746 5753//5753 5680//5680
f 5740//5740 5717//5717 5651//5651
f 5767//5767 5740//5740 5709//5709
f 5768//5768 5767//5767 5709//5709
f 5709//5709 5687//5687 5768//5768
f 5750//5750 5769//5769 5667//5667
f 5755//5755 5770//5770 5703//5703
f 5688//5688 5654//5654 5727//5727
f 5765//5765 5676//5676 5741//5741
f 5692//5692 5759//5759 5758//5758
f 5713//5713 5732//5732 5608//5608
f 5743//5743 5742//5742 5699//5699
f 5603//5603 5715//5715 5733//5733
f 5559//5559 5646//5646 5772//5772
f 5760//5760 5641//5641 5693//5693
f 5773//5773 5694//5694 5721//5721
f 5721//5721 5738//5738 5773//5773
f 5774//5774 5746//5746 5739//5739
f 5686//5686 5774//5774 5739//5739
f 5666//5666 5723//5723 5775//5775
f 5766//5766 5756//5756 5644//5644
f 5710//5710 5691//5691 5777//5777
f 5778//5778 5730//5730 5704//5704
f 5704//5704 5728//5728 5778//5778
f 5656//5656 5779//5779 5728//5728
f 5781//5781 5780//5780 5731//5731
f 5731//5731 5631//5631 5781//5781
f 5712//5712 5781//5781 5631//5631
f 5758//5758 5712//5712 5724//5724
f 5719//5719 5663//5663 5782//5782
f 5700//5700 5670//5670 5771//5771
f 5783//5783 5672//5672 5647//5647
f 5785//5785 5745//5745 5705//5705
f 5786//5786 5618//5618 5673//5673
f 5787//5787 5726//5726 5679//5679
f 5679//5679 5694//5694 5787//5787
f 5695//5695 5774//5774 5686//5686
f 5747//5747 5788//5788 5695//5695
f 5717//5717 5789//5789 5650//5650
f 5755//5755 5668//5668 5790//5790
f 5729//5729 5791//5791 5654//5654
f 5741//5741 5682//5682 5756//5756
f 5656//5656 5731//5731 5779//5779
f 5541//5541 5744//5744 5792//5792
f 5477//5477 5639//5639 5784//5784
f 5761//5761 5785//5785 5705//5705
f 5673//5673 5720//5720 5786//5786
f 5762//5762 5708//5708 5793//5793
f 5763//5763 5793//5793 5708//5708
f 5695//5695 5788//5788 5774//5774
f 5723//5723 5754//5754 5794//5794
f 5697//5697 5667//5667 5769//5769
f 5750//5750 5703//5703 5770//5770
f 5790//5790 5668//5668 5795//5795
f 5668//5668 5727//5727 5795//5795
f 5766//5766 5669//5669 5796//5796
f 5690//5690 5796//5796 5669//5669
f 5757//5757 5711//5711 5797//5797
f 5730//5730 5797//5797 5711//5711
f 5728//5728 5779//5779 5778//5778
f 5798//5798 5788//5788 5747//5747
f 5717//5717 5740//5740 5767//5767
f 5662//5662 5696//5696 5754//5754
f 5764//5764 5696//5696 5652//5652
f 5791//5791 5727//5727 5654//5654
f 5729//5729 5765//5765 5799//5799
f 5796//5796 5690//5690 5800//5800
f 5690//5690 5710//5710 5800//5800
f 5710//5710 5777//5777 5800//5800
f 5730//5730 5778//5778 5797//5797
f 5719//5719 5782//5782 5759//5759
f 5663//5663 5732//5732 5782//5782
f 5792//5792 5677//5677 5541//5541
f 5773//5773 5787//5787 5694//5694
f 5793//5793 5738//5738 5762//5762
f 5789//5789 5802//5802 5650//5650
f 5803//5803 5768//5768 5687//5687
f 5687//5687 5666//5666 5803//5803
f 5723//5723 5794//5794 5775//5775
f 5776//5776 5764//5764 5697//5697
f 5770//5770 5804//5804 5750//5750
f 5790//5790 5805//5805 5755//5755
f 5765//5765 5741//5741 5806//5806
f 5779//5779 5731//5731 5780//5780
f 5780//5780 5781//5781 5807//5807
f 5808//5808 5712//5712 5758//5758
f 5772//5772 5671//5671 5559//5559
f 5809//5809 5646//5646 5672//5672
f 5751//5751 5734//5734 5810//5810
f 5811//5811 5787//5787 5773//5773
f 5802//5802 5749//5749 5650//5650
f 5775//5775 5803//5803 5666//5666
f 5777//5777 5691//5691 5757//5757
f 5778//5778 5779//5779 5812//5812
f 5712//5712 5807//5807 5781//5781
f 5808//5808 5807//5807 5712//5712
f 5732//5732 5713//5713 5813//5813
f 5714//5714 5713//5713 5725//5725
f 5814//5814 5715//5715 5700//5700
f 5670//5670 5677//5677 5815//5815
f 5809//5809 5801//5801 5646//5646
f 5734//5734 5760//5760 5810//5810
f 5684//5684 5745//5745 5816//5816
f 5786//5786 5720//5720 5817//5817
f 5736//5736 5817//5817 5720//5720
f 5773//5773 5738//5738 5811//5811
f 5793//5793 5811//5811 5738//5738
f 5763//5763 5722//5722 5818//5818
f 5752//5752 5818//5818 5722//5722
f 5747//5747 5748//5748 5798//5798
f 5789//5789 5717//5717 5767//5767
f 5770//5770 5755//5755 5805//5805
f 5741//5741 5756//5756 5806//5806
f 5766//5766 5806//5806 5756//5756
f 5782//5782 5732//5732 5813//5813
f 5819//5819 5742//5742 5743//5743
f 5771//5771 5814//5814 5700//5700
f 5801//5801 5772//5772 5646//5646
f 5672//5672 5783//5783 5809//5809
f 5639//5639 5820//5820 5784//5784
f 5639//5639 5640//5640 5820//5820
f 5640//5640 5751//5751 5820//5820
f 5684//5684 5816//5816 5821//5821
f 5785//5785 5816//5816 5745//5745
f 5817//5817 5736//5736 5735//5735
f 5769//5769 5776//5776 5697//5697
f 5769//5769 5750//5750 5804//5804
f 5791//5791 5795//5795 5727//5727
f 5806//5806 5799//5799 5765//5765
f 5822//5822 5733//5733 5715//5715
f 5814//5814 5822//5822 5715//5715
f 5815//5815 5771//5771 5670//5670
f 5726//5726 5787//5787 5823//5823
f 5753//5753 5746//5746 5824//5824
f 5746//5746 5774//5774 5824//5824
f 5825//5825 5798//5798 5748//5748
f 5803//5803 5775//5775 5826//5826
f 5827//5827 5813//5813 5713//5713
f 5714//5714 5827//5827 5713//5713
f 5743//5743 5733//5733 5819//5819
f 5737//5737 5828//5828 5706//5706
f 5811//5811 5823//5823 5787//5787
f 5788//5788 5824//5824 5774//5774
f 5748//5748 5749//5749 5825//5825
f 5789//5789 5767//5767 5802//5802
f 5803//5803 5830//5830 5768//5768
f 5799//5799 5791//5791 5729//5729
f 5777//5777 5832//5832 5800//5800
f 5758//5758 5759//5759 5833//5833
f 5782//5782 5813//5813 5759//5759
f 5693//5693 5684//5684 5821//5821
f 5618//5618 5786//5786 5761//5761
f 5735//5735 5706//5706 5828//5828
f 5798//5798 5834//5834 5788//5788
f 5835//5835 5805//5805 5790//5790
f 5790//5790 5795//5795 5835//5835
f 5796//5796 5800//5800 5836//5836
f 5777//5777 5757//5757 5832//5832
f 5797//5797 5778//5778 5837//5837
f 5778//5778 5812//5812 5837//5837
f 5812//5812 5779//5779 5838//5838
f 5780//5780 5838//5838 5779//5779
f 5819//5819 5733//5733 5839//5839
f 5822//5822 5839//5839 5733//5733
f 5647//5647 5678//5678 5783//5783
f 5840//5840 5678//5678 5664//5664
f 5841//5841 5634//5634 5477//5477
f 5477//5477 5784//5784 5841//5841
f 5751//5751 5810//5810 5820//5820
f 5760//5760 5842//5842 5810//5810
f 5821//5821 5842//5842 5693//5693
f 5834//5834 5824//5824 5788//5788
f 5829//5829 5802//5802 5767//5767
f 5696//5696 5764//5764 5831//5831
f 5804//5804 5770//5770 5843//5843
f 5796//5796 5844//5844 5766//5766
f 5797//5797 5832//5832 5757//5757
f 5833//5833 5808//5808 5758//5758
f 5604//5604 5671//5671 5845//5845
f 5693//5693 5842//5842 5760//5760
f 5726//5726 5737//5737 5674//5674
f 5767//5767 5768//5768 5846//5846
f 5769//5769 5847//5847 5776//5776
f 5808//5808 5833//5833 5849//5849
f 5815//5815 5814//5814 5771//5771
f 5671//5671 5772//5772 5845//5845
f 5850//5850 5783//5783 5678//5678
f 5678//5678 5840//5840 5850//5850
f 5834//5834 5798//5798 5852//5852
f 5830//5830 5846//5846 5768//5768
f 5854//5854 5855//5855 5794//5794
f 5805//5805 5843//5843 5770//5770
f 5856//5856 5835//5835 5795//5795
f 5795//5795 5791//5791 5856//5856
f 5799//5799 5806//5806 5848//5848
f 5844//5844 5848//5848 5806//5806
f 5806//5806 5766//5766 5844//5844
f 5832//5832 5836//5836 5800//5800
f 5807//5807 5857//5857 5780//5780
f 5759//5759 5858//5858 5833//5833
f 5801//5801 5809//5809 5859//5859
f 5664//5664 5634//5634 5840//5840
f 5817//5817 5735//5735 5828//5828
f 5851//5851 5811//5811 5793//5793
f 5752//5752 5753//5753 5824//5824
f 5798//5798 5825//5825 5852//5852
f 5749//5749 5802//5802 5825//5825
f 5846//5846 5829//5829 5767//5767
f 5775//5775 5794//5794 5855//5855
f 5794//5794 5754//5754 5854//5854
f 5754//5754 5696//5696 5831//5831
f 5776//5776 5831//5831 5764//5764
f 5860//5860 5815//5815 5677//5677
f 5744//5744 5604//5604 5861//5861
f 5737//5737 5726//5726 5862//5862
f 5763//5763 5863//5863 5793//5793
f 5834//5834 5864//5864 5824//5824
f 5802//5802 5829//5829 5853//5853
f 5826//5826 5830//5830 5803//5803
f 5848//5848 5865//5865 5799//5799
f 5844//5844 5796//5796 5836//5836
f 5837//5837 5812//5812 5866//5866
f 5867//5867 5838//5838 5780//5780
f 5868//5868 5714//5714 5742//5742
f 5742//5742 5819//5819 5868//5868
f 5819//5819 5839//5839 5868//5868
f 5814//5814 5839//5839 5822//5822
f 5841//5841 5840//5840 5634//5634
f 5869//5869 5761//5761 5786//5786
f 5818//5818 5863//5863 5763//5763
f 5752//5752 5824//5824 5818//5818
f 5846//5846 5830//5830 5870//5870
f 5775//5775 5855//5855 5826//5826
f 5754//5754 5831//5831 5854//5854
f 5804//5804 5847//5847 5769//5769
f 5857//5857 5867//5867 5780//5780
f 5849//5849 5807//5807 5808//5808
f 5845//5845 5861//5861 5604//5604
f 5817//5817 5869//5869 5786//5786
f 5726//5726 5823//5823 5871//5871
f 5864//5864 5818//5818 5824//5824
f 5843//5843 5805//5805 5872//5872
f 5873//5873 5797//5797 5837//5837
f 5866//5866 5874//5874 5837//5837
f 5838//5838 5866//5866 5812//5812
f 5677//5677 5792//5792 5860//5860
f 5850//5850 5809//5809 5783//5783
f 5816//5816 5785//5785 5875//5875
f 5863//5863 5851//5851 5793//5793
f 5876//5876 5825//5825 5802//5802
f 5829//5829 5846//5846 5877//5877
f 5831//5831 5776//5776 5878//5878
f 5847//5847 5878//5878 5776//5776
f 5799//5799 5856//5856 5791//5791
f 5879//5879 5759//5759 5813//5813
f 5784//5784 5820//5820 5880//5880
f 5821//5821 5816//5816 5875//5875
f 5871//5871 5862//5862 5726//5726
f 5864//5864 5834//5834 5881//5881
f 5802//5802 5853//5853 5876//5876
f 5882//5882 5830//5830 5826//5826
f 5883//5883 5882//5882 5826//5826
f 5804//5804 5843//5843 5884//5884
f 5885//5885 5872//5872 5805//5805
f 5886//5886 5848//5848 5844//5844
f 5836//5836 5887//5887 5844//5844
f 5836//5836 5832//5832 5888//5888
f 5832//5832 5797//5797 5873//5873
f 5874//5874 5873//5873 5837//5837
f 5879//5879 5858//5858 5759//5759
f 5813//5813 5827//5827 5879//5879
f 5875//5875 5785//5785 5889//5889
f 5785//5785 5761//5761 5889//5889
f 5828//5828 5869//5869 5817//5817
f 5851//5851 5823//5823 5811//5811
f 5876//5876 5852//5852 5825//5825
f 5870//5870 5877//5877 5846//5846
f 5855//5855 5883//5883 5826//5826
f 5884//5884 5843//5843 5872//5872
f 5890//5890 5805//5805 5835//5835
f 5856//5856 5890//5890 5835//5835
f 5865//5865 5848//5848 5891//5891
f 5886//5886 5844//5844 5887//5887
f 5807//5807 5849//5849 5892//5892
f 5893//5893 5879//5879 5827//5827
f 5827//5827 5714//5714 5893//5893
f 5792//5792 5744//5744 5861//5861
f 5828//5828 5737//5737 5894//5894
f 5862//5862 5894//5894 5737//5737
f 5864//5864 5895//5895 5818//5818
f 5878//5878 5847//5847 5896//5896
f 5847//5847 5804//5804 5897//5897
f 5856//5856 5799//5799 5865//5865
f 5891//5891 5848//5848 5886//5886
f 5887//5887 5836//5836 5888//5888
f 5873//5873 5888//5888 5832//5832
f 5807//5807 5892//5892 5857//5857
f 5868//5868 5893//5893 5714//5714
f 5810//5810 5842//5842 5898//5898
f 5899//5899 5894//5894 5862//5862
f 5862//5862 5871//5871 5899//5899
f 5863//5863 5900//5900 5851//5851
f 5863//5863 5818//5818 5901//5901
f 5895//5895 5901//5901 5818//5818
f 5902//5902 5852//5852 5876//5876
f 5903//5903 5853//5853 5829//5829
f 5890//5890 5885//5885 5805//5805
f 5833//5833 5858//5858 5849//5849
f 5801//5801 5904//5904 5772//5772
f 5761//5761 5869//5869 5889//5889
f 5903//5903 5876//5876 5853//5853
f 5830//5830 5882//5882 5905//5905
f 5855//5855 5854//5854 5883//5883
f 5884//5884 5897//5897 5804//5804
f 5887//5887 5906//5906 5886//5886
f 5900//5900 5907//5907 5851//5851
f 5908//5908 5864//5864 5881//5881
f 5834//5834 5852//5852 5881//5881
f 5877//5877 5903//5903 5829//5829
f 5905//5905 5870//5870 5830//5830
f 5897//5897 5909//5909 5847//5847
f 5890//5890 5856//5856 5865//5865
f 5866//5866 5838//5838 5910//5910
f 5845//5845 5772//5772 5904//5904
f 5784//5784 5911//5911 5841//5841
f 5842//5842 5821//5821 5912//5912
f 5875//5875 5912//5912 5821//5821
f 5889//5889 5869//5869 5913//5913
f 5907//5907 5871//5871 5823//5823
f 5823//5823 5851//5851 5907//5907
f 5883//5883 5854//5854 5914//5914
f 5888//5888 5873//5873 5915//5915
f 5910//5910 5838//5838 5916//5916
f 5918//5918 5880//5880 5820//5820
f 5810//5810 5918//5918 5820//5820
f 5919//5919 5852//5852 5902//5902
f 5896//5896 5847//5847 5909//5909
f 5909//5909 5897//5897 5920//5920
f 5887//5887 5888//5888 5921//5921
f 5888//5888 5915//5915 5921//5921
f 5867//5867 5916//5916 5838//5838
f 5858//5858 5922//5922 5849//5849
f 5912//5912 5898//5898 5842//5842
f 5900//5900 5863//5863 5901//5901
f 5908//5908 5895//5895 5864//5864
f 5903//5903 5902//5902 5876//5876
f 5905//5905 5882//5882 5923//5923
f 5924//5924 5914//5914 5854//5854
f 5854//5854 5831//5831 5925//5925
f 5926//5926 5925//5925 5831//5831
f 5831//5831 5878//5878 5926//5926
f 5865//5865 5891//5891 5927//5927
f 5906//5906 5887//5887 5921//5921
f 5928//5928 5873//5873 5874//5874
f 5874//5874 5866//5866 5928//5928
f 5857//5857 5892//5892 5929//5929
f 5849//5849 5922//5922 5892//5892
f 5889//5889 5912//5912 5875//5875
f 5913//5913 5930//5930 5889//5889
f 5828//5828 5913//5913 5869//5869
f 5828//5828 5894//5894 5913//5913
f 5931//5931 5881//5881 5852//5852
f 5882//5882 5932//5932 5923//5923
f 5878//5878 5933//5933 5926//5926
f 5896//5896 5933//5933 5878//5878
f 5884//5884 5920//5920 5897//5897
f 5884//5884 5872//5872 5934//5934
f 5935//5935 5934//5934 5872//5872
f 5928//5928 5915//5915 5873//5873
f 5867//5867 5857//5857 5929//5929
f 5898//5898 5918//5918 5810//5810
f 5894//5894 5899//5899 5936//5936
f 5910//5910 5928//5928 5866//5866
f 5861//5861 5845//5845 5937//5937
f 5938//5938 5809//5809 5850//5850
f 5840//5840 5841//5841 5917//5917
f 5841//5841 5911//5911 5917//5917
f 5913//5913 5894//5894 5936//5936
f 5901//5901 5907//5907 5900//5900
f 5939//5939 5901//5901 5895//5895
f 5903//5903 5877//5877 5940//5940
f 5882//5882 5883//5883 5932//5932
f 5854//5854 5925//5925 5924//5924
f 5920//5920 5884//5884 5941//5941
f 5872//5872 5885//5885 5935//5935
f 5890//5890 5865//5865 5942//5942
f 5927//5927 5942//5942 5865//5865
f 5891//5891 5886//5886 5906//5906
f 5943//5943 5906//5906 5921//5921
f 5929//5929 5916//5916 5867//5867
f 5944//5944 5868//5868 5839//5839
f 5839//5839 5814//5814 5944//5944
f 5792//5792 5861//5861 5945//5945
f 5845//5845 5904//5904 5937//5937
f 5946//5946 5937//5937 5904//5904
f 5904//5904 5801//5801 5946//5946
f 5801//5801 5859//5859 5946//5946
f 5850//5850 5840//5840 5938//5938
f 5840//5840 5917//5917 5938//5938
f 5918//5918 5898//5898 5947//5947
f 5948//5948 5871//5871 5907//5907
f 5949//5949 5907//5907 5901//5901
f 5895//5895 5908//5908 5939//5939
f 5852//5852 5919//5919 5931//5931
f 5902//5902 5903//5903 5919//5919
f 5940//5940 5919//5919 5903//5903
f 5950//5950 5877//5877 5870//5870
f 5932//5932 5883//5883 5914//5914
f 5951//5951 5926//5926 5933//5933
f 5933//5933 5896//5896 5951//5951
f 5952//5952 5951//5951 5896//5896
f 5920//5920 5953//5953 5909//5909
f 5921//5921 5915//5915 5943//5943
f 5910//5910 5916//5916 5955//5955
f 5956//5956 5859//5859 5809//5809
f 5941//5941 5884//5884 5954//5954
f 5957//5957 5943//5943 5915//5915
f 5955//5955 5928//5928 5910//5910
f 5942//5942 5935//5935 5885//5885
f 5885//5885 5890//5890 5942//5942
f 5906//5906 5927//5927 5891//5891
f 5929//5929 5892//5892 5958//5958
f 5959//5959 5879//5879 5893//5893
f 5880//5880 5911//5911 5784//5784
f 5912//5912 5889//5889 5960//5960
f 5930//5930 5960//5960 5889//5889
f 5949//5949 5948//5948 5907//5907
f 5881//5881 5931//5931 5908//5908
f 5950//5950 5940//5940 5877//5877
f 5926//5926 5961//5961 5925//5925
f 5962//5962 5814//5814 5815//5815
f 5815//5815 5860//5860 5962//5962
f 5963//5963 5860//5860 5792//5792
f 5937//5937 5945//5945 5861//5861
f 5912//5912 5947//5947 5898//5898
f 5939//5939 5964//5964 5901//5901
f 5870//5870 5905//5905 5950//5950
f 5924//5924 5932//5932 5914//5914
f 5884//5884 5934//5934 5954//5954
f 5965//5965 5954//5954 5934//5934
f 5966//5966 5965//5965 5934//5934
f 5934//5934 5935//5935 5966//5966
f 5915//5915 5928//5928 5957//5957
f 5922//5922 5958//5958 5892//5892
f 5893//5893 5868//5868 5959//5959
f 5868//5868 5944//5944 5959//5959
f 5962//5962 5944//5944 5814//5814
f 5963//5963 5962//5962 5860//5860
f 5809//5809 5938//5938 5956//5956
f 5880//5880 5918//5918 5947//5947
f 5967//5967 5936//5936 5899//5899
f 5899//5899 5871//5871 5967//5967
f 5964//5964 5949//5949 5901//5901
f 5905//5905 5923//5923 5968//5968
f 5969//5969 5951//5951 5952//5952
f 5970//5970 5922//5922 5858//5858
f 5879//5879 5970//5970 5858//5858
f 5945//5945 5963//5963 5792//5792
f 5956//5956 5946//5946 5859//5859
f 5930//5930 5913//5913 5936//5936
f 5950//5950 5905//5905 5968//5968
f 5932//5932 5971//5971 5923//5923
f 5926//5926 5972//5972 5961//5961
f 5973//5973 5952//5952 5896//5896
f 5909//5909 5973//5973 5896//5896
f 5909//5909 5953//5953 5974//5974
f 5953//5953 5920//5920 5941//5941
f 5935//5935 5942//5942 5975//5975
f 5949//5949 5964//5964 5976//5976
f 5919//5919 5940//5940 5977//5977
f 5950//5950 5977//5977 5940//5940
f 5973//5973 5969//5969 5952//5952
f 5978//5978 5974//5974 5953//5953
f 5953//5953 5941//5941 5978//5978
f 5979//5979 5941//5941 5954//5954
f 5980//5980 5979//5979 5954//5954
f 5965//5965 5980//5980 5954//5954
f 5975//5975 5966//5966 5935//5935
f 5957//5957 5928//5928 5981//5981
f 5955//5955 5916//5916 5982//5982
f 5916//5916 5929//5929 5982//5982
f 5970//5970 5879//5879 5959//5959
f 5945//5945 5937//5937 5983//5983
f 5984//5984 5967//5967 5871//5871
f 5871//5871 5948//5948 5984//5984
f 5958//5958 5982//5982 5929//5929
f 5922//5922 5985//5985 5958//5958
f 5917//5917 5911//5911 5986//5986
f 5960//5960 5947//5947 5912//5912
f 5976//5976 5948//5948 5949//5949
f 5987//5987 5931//5931 5919//5919
f 5988//5988 5968//5968 5923//5923
f 5923//5923 5971//5971 5988//5988
f 5932//5932 5924//5924 5971//5971
f 5989//5989 5990//5990 5925//5925
f 5961//5961 5989//5989 5925//5925
f 5969//5969 5973//5973 5992//5992
f 5974//5974 5973//5973 5909//5909
f 5966//5966 5993//5993 5965//5965
f 5943//5943 5994//5994 5906//5906
f 5928//5928 5955//5955 5981//5981
f 5982//5982 5958//5958 5995//5995
f 5985//5985 5995//5995 5958//5958
f 5922//5922 5970//5970 5985//5985
f 5939//5939 5908//5908 5996//5996
f 5987//5987 5908//5908 5931//5931
f 5977//5977 5987//5987 5919//5919
f 5990//5990 5924//5924 5925//5925
f 5951//5951 5969//5969 5997//5997
f 5927//5927 5998//5998 5942//5942
f 5927//5927 5906//5906 5994//5994
f 5959//5959 5944//5944 5999//5999
f 5983//5983 5937//5937 6000//6000
f 5937//5937 5946//5946 6000//6000
f 6001//6001 6000//6000 5946//5946
f 5986//5986 5938//5938 5917//5917
f 5930//5930 6002//6002 5960//5960
f 5936//5936 6002//6002 5930//5930
f 5936//5936 5967//5967 6003//6003
f 5976//5976 5984//5984 5948//5948
f 5964//5964 5939//5939 5996//5996
f 5968//5968 5988//5988 6004//6004
f 5971//5971 6004//6004 5988//5988
f 5997//5997 5991//5991 5972//5972
f 5972//5972 5951//5951 5997//5997
f 5969//5969 5992//5992 6005//6005
f 5992//5992 5973//5973 5974//5974
f 5979//5979 5978//5978 5941//5941
f 6006//6006 5980//5980 5965//5965
f 5966//5966 5975//5975 6007//6007
f 5942//5942 6007//6007 5975//5975
f 5982//5982 5981//5981 5955//5955
f 6009//6009 5970//5970 5959//5959
f 5959//5959 5999//5999 6009//6009
f 5986//5986 5911//5911 5880//5880
f 5996//5996 5908//5908 6010//6010
f 5950//5950 5968//5968 6011//6011
f 5992//5992 5974//5974 6013//6013
f 5978//5978 6013//6013 5974//5974
f 5993//5993 6006//6006 5965//5965
f 6007//6007 5993//5993 5966//5966
f 5943//5943 5957//5957 6008//6008
f 5957//5957 5981//5981 6008//6008
f 5963//5963 5945//5945 6014//6014
f 6001//6001 5946//5946 5956//5956
f 5986//5986 5956//5956 5938//5938
f 6015//6015 6003//6003 5967//5967
f 5967//5967 5984//5984 6015//6015
f 5976//5976 5964//5964 6016//6016
f 5996//5996 6016//6016 5964//5964
f 6010//6010 5908//5908 5987//5987
f 6017//6017 5971//5971 5924//5924
f 6013//6013 6005//6005 5992//5992
f 5978//5978 5979//5979 6018//6018
f 5980//5980 6018//6018 5979//5979
f 6019//6019 6008//6008 5981//5981
f 5981//5981 5982//5982 6020//6020
f 5982//5982 5995//5995 6020//6020
f 6021//6021 5985//5985 5970//5970
f 5983//5983 6014//6014 5945//5945
f 5984//5984 5976//5976 6016//6016
f 6018//6018 6013//6013 5978//5978
f 5994//5994 5998//5998 5927//5927
f 5943//5943 6008//6008 6022//6022
f 5981//5981 6020//6020 6019//6019
f 5995//5995 5985//5985 6023//6023
f 6024//6024 5962//5962 5963//5963
f 5956//5956 5986//5986 6025//6025
f 6010//6010 5987//5987 6026//6026
f 6004//6004 5971//5971 6027//6027
f 6017//6017 6012//6012 5971//5971
f 5924//5924 6028//6028 6017//6017
f 5924//5924 5990//5990 6028//6028
f 5991//5991 5997//5997 6029//6029
f 6030//6030 5997//5997 5969//5969
f 5969//5969 6005//6005 6030//6030
f 5980//5980 6031//6031 6018//6018
f 6006//6006 6031//6031 5980//5980
f 5998//5998 6007//6007 5942//5942
f 5944//5944 5962//5962 5999//5999
f 5962//5962 6024//6024 6032//6032
f 5986//5986 5880//5880 6033//6033
f 5880//5880 5947//5947 6033//6033
f 6002//6002 5936//5936 6034//6034
f 5996//5996 6010//6010 6035//6035
f 6011//6011 5968//5968 6036//6036
f 5968//5968 6004//6004 6036//6036
f 6027//6027 6036//6036 6004//6004
f 5990//5990 5989//5989 6028//6028
f 6020//6020 5995//5995 6023//6023
f 6032//6032 5999//5999 5962//5962
f 6014//6014 6024//6024 5963//5963
f 6037//6037 6014//6014 5983//5983
f 6000//6000 6037//6037 5983//5983
f 6001//6001 5956//5956 6025//6025
f 6002//6002 6038//6038 5960//5960
f 6003//6003 6015//6015 6039//6039
f 6015//6015 5984//5984 6039//6039
f 6035//6035 6016//6016 5996//5996
f 5977//5977 5950//5950 6040//6040
f 5950//5950 6011//6011 6040//6040
f 6041//6041 5991//5991 6042//6042
f 6013//6013 6018//6018 6043//6043
f 6019//6019 6044//6044 6008//6008
f 6035//6035 6045//6045 6016//6016
f 5987//5987 5977//5977 6026//6026
f 6036//6036 6027//6027 6046//6046
f 6047//6047 6027//6027 5971//5971
f 6048//6048 5971//5971 6012//6012
f 6012//6012 6017//6017 6049//6049
f 6050//6050 6029//6029 5997//5997
f 6043//6043 6005//6005 6013//6013
f 6022//6022 6008//6008 6044//6044
f 6023//6023 5985//5985 6051//6051
f 5985//5985 6021//6021 6051//6051
f 5947//5947 5960//5960 6038//6038
f 6003//6003 6034//6034 5936//5936
f 6032//6032 6009//6009 5999//5999
f 6038//6038 6033//6033 5947//5947
f 6035//6035 6010//6010 6052//6052
f 6010//6010 6026//6026 6052//6052
f 6048//6048 6047//6047 5971//5971
f 6028//6028 6049//6049 6017//6017
f 6028//6028 5989//5989 6053//6053
f 5961//5961 6053//6053 5989//5989
f 6042//6042 5991//5991 6054//6054
f 5997//5997 6030//6030 6050//6050
f 6030//6030 6005//6005 6055//6055
f 6031//6031 6006//6006 6056//6056
f 6006//6006 5993//5993 6057//6057
f 5993//5993 6007//6007 6057//6057
f 6058//6058 6057//6057 6007//6007
f 5998//5998 6058//6058 6007//6007
f 5998//5998 5994//5994 6059//6059
f 5994//5994 5943//5943 6059//6059
f 6044//6044 6060//6060 6022//6022
f 6044//6044 6019//6019 6061//6061
f 6061//6061 6020//6020 6062//6062
f 5970//5970 6009//6009 6063//6063
f 6001//6001 6064//6064 6000//6000
f 6040//6040 6026//6026 5977//5977
f 6011//6011 6036//6036 6065//6065
f 6048//6048 6012//6012 6049//6049
f 6049//6049 6028//6028 6066//6066
f 6053//6053 6066//6066 6028//6028
f 6029//6029 6054//6054 5991//5991
f 6067//6067 6050//6050 6030//6030
f 6030//6030 6055//6055 6067//6067
f 6057//6057 6056//6056 6006//6006
f 6060//6060 6059//6059 5943//5943
f 5943//5943 6022//6022 6060//6060
f 6068//6068 6042//6042 6054//6054
f 6069//6069 6055//6055 6005//6005
f 6005//6005 6043//6043 6069//6069
f 6020//6020 6023//6023 6062//6062
f 6051//6051 6062//6062 6023//6023
f 6063//6063 6021//6021 5970//5970
f 6038//6038 6002//6002 6034//6034
f 6034//6034 6003//6003 6070//6070
f 6071//6071 6072//6072 6045//6045
f 6045//6045 6035//6035 6071//6071
f 6052//6052 6071//6071 6035//6035
f 6065//6065 6040//6040 6011//6011
f 6073//6073 6064//6064 6001//6001
f 6001//6001 6025//6025 6073//6073
f 6074//6074 6070//6070 6003//6003
f 6027//6027 6047//6047 6046//6046
f 6029//6029 6050//6050 6075//6075
f 6076//6076 6075//6075 6050//6050
f 6067//6067 6076//6076 6050//6050
f 6059//6059 6058//6058 5998//5998
f 6044//6044 6061//6061 6077//6077
f 6077//6077 6078//6078 6044//6044
f 6061//6061 6062//6062 6077//6077
f 6009//6009 6032//6032 6079//6079
f 6064//6064 6037//6037 6000//6000
f 6038//6038 6080//6080 6033//6033
f 6046//6046 6081//6081 6036//6036
f 6049//6049 6066//6066 6082//6082
f 6068//6068 6054//6054 6083//6083
f 6054//6054 6029//6029 6075//6075
f 6056//6056 6084//6084 6031//6031
f 6025//6025 5986//5986 6085//6085
f 5986//5986 6033//6033 6086//6086
f 6039//6039 6074//6074 6003//6003
f 6065//6065 6036//6036 6081//6081
f 6046//6046 6047//6047 6088//6088
f 6048//6048 6088//6088 6047//6047
f 6089//6089 6066//6066 6053//6053
f 6055//6055 6090//6090 6067//6067
f 6031//6031 6084//6084 6018//6018
f 6078//6078 6060//6060 6044//6044
f 6009//6009 6079//6079 6063//6063
f 6091//6091 6037//6037 6064//6064
f 6064//6064 6073//6073 6092//6092
f 6026//6026 6040//6040 6052//6052
f 6081//6081 6046//6046 6093//6093
f 6049//6049 6094//6094 6048//6048
f 6082//6082 6066//6066 6089//6089
f 6089//6089 6068//6068 6095//6095
f 6083//6083 6095//6095 6068//6068
f 6069//6069 6043//6043 6096//6096
f 6043//6043 6018//6018 6084//6084
f 6077//6077 6062//6062 6097//6097
f 6062//6062 6051//6051 6097//6097
f 6024//6024 6014//6014 6037//6037
f 6092//6092 6091//6091 6064//6064
f 6073//6073 6025//6025 6085//6085
f 6086//6086 6085//6085 5986//5986
f 6086//6086 6033//6033 6080//6080
f 6034//6034 6080//6080 6038//6038
f 6098//6098 6039//6039 6087//6087
f 6087//6087 6072//6072 6098//6098
f 6072//6072 6071//6071 6099//6099
f 6065//6065 6052//6052 6040//6040
f 6046//6046 6088//6088 6093//6093
f 6100//6100 6083//6083 6054//6054
f 6054//6054 6075//6075 6100//6100
f 6075//6075 6076//6076 6101//6101
f 6084//6084 6096//6096 6043//6043
f 6056//6056 6057//6057 6102//6102
f 6103//6103 6104//6104 6058//6058
f 6058//6058 6059//6059 6103//6103
f 6105//6105 6103//6103 6059//6059
f 6059//6059 6060//6060 6105//6105
f 6106//6106 6078//6078 6077//6077
f 6077//6077 6097//6097 6106//6106
f 6080//6080 6034//6034 6107//6107
f 6034//6034 6070//6070 6107//6107
f 6098//6098 6074//6074 6039//6039
f 6099//6099 6098//6098 6072//6072
f 6093//6093 6108//6108 6081//6081
f 6109//6109 6088//6088 6048//6048
f 6094//6094 6109//6109 6048//6048
f 6049//6049 6082//6082 6094//6094
f 6101//6101 6100//6100 6075//6075
f 6067//6067 6090//6090 6110//6110
f 6056//6056 6102//6102 6084//6084
f 6057//6057 6058//6058 6104//6104
f 6111//6111 6097//6097 6051//6051
f 6021//6021 6111//6111 6051//6051
f 6052//6052 6065//6065 6112//6112
f 6108//6108 6112//6112 6065//6065
f 6065//6065 6081//6081 6108//6108
f 6113//6113 6094//6094 6082//6082
f 6114//6114 6082//6082 6089//6089
f 6115//6115 6076//6076 6067//6067
f 6067//6067 6110//6110 6115//6115
f 6104//6104 6102//6102 6057//6057
f 6060//6060 6078//6078 6105//6105
f 6037//6037 6116//6116 6024//6024
f 6091//6091 6117//6117 6037//6037
f 6118//6118 6092//6092 6073//6073
f 6085//6085 6118//6118 6073//6073
f 6119//6119 6071//6071 6052//6052
f 6114//6114 6113//6113 6082//6082
f 6089//6089 6095//6095 6114//6114
f 6115//6115 6101//6101 6076//6076
f 6120//6120 6115//6115 6110//6110
f 6121//6121 6110//6110 6090//6090
f 6122//6122 6104//6104 6103//6103
f 6106//6106 6097//6097 6123//6123
f 6021//6021 6063//6063 6124//6124
f 6079//6079 6124//6124 6063//6063
f 6116//6116 6032//6032 6024//6024
f 6092//6092 6117//6117 6091//6091
f 6098//6098 6099//6099 6125//6125
f 6099//6099 6071//6071 6119//6119
f 6052//6052 6112//6112 6119//6119
f 6095//6095 6083//6083 6126//6126
f 6084//6084 6102//6102 6127//6127
f 6122//6122 6102//6102 6104//6104
f 6123//6123 6105//6105 6078//6078
f 6078//6078 6106//6106 6123//6123
f 6037//6037 6117//6117 6116//6116
f 6118//6118 6117//6117 6092//6092
f 6085//6085 6086//6086 6128//6128
f 6086//6086 6080//6080 6129//6129
f 6070//6070 6074//6074 6130//6130
f 6074//6074 6098//6098 6130//6130
f 6125//6125 6130//6130 6098//6098
f 6093//6093 6088//6088 6131//6131
f 6109//6109 6094//6094 6132//6132
f 6133//6133 6113//6113 6114//6114
f 6096//6096 6084//6084 6134//6134
f 6135//6135 6122//6122 6103//6103
f 6103//6103 6105//6105 6135//6135
f 6111//6111 6123//6123 6097//6097
f 6021//6021 6124//6124 6136//6136
f 6116//6116 6079//6079 6032//6032
f 6118//6118 6085//6085 6128//6128
f 6129//6129 6128//6128 6086//6086
f 6107//6107 6129//6129 6080//6080
f 6130//6130 6137//6137 6070//6070
f 6099//6099 6119//6119 6125//6125
f 6119//6119 6112//6112 6138//6138
f 6139//6139 6131//6131 6088//6088
f 6109//6109 6139//6139 6088//6088
f 6084//6084 6127//6127 6134//6134
f 6122//6122 6140//6140 6102//6102
f 6105//6105 6123//6123 6135//6135
f 6021//6021 6136//6136 6111//6111
f 6079//6079 6116//6116 6124//6124
f 6141//6141 6117//6117 6118//6118
f 6118//6118 6128//6128 6141//6141
f 6107//6107 6070//6070 6137//6137
f 6125//6125 6119//6119 6138//6138
f 6112//6112 6108//6108 6138//6138
f 6108//6108 6093//6093 6131//6131
f 6132//6132 6094//6094 6113//6113
f 6101//6101 6115//6115 6142//6142
f 6110//6110 6121//6121 6143//6143
f 6102//6102 6140//6140 6127//6127
f 6123//6123 6111//6111 6144//6144
f 6145//6145 6116//6116 6117//6117
f 6117//6117 6141//6141 6145//6145
f 6130//6130 6125//6125 6147//6147
f 6138//6138 6108//6108 6148//6148
f 6149//6149 6132//6132 6113//6113
f 6133//6133 6149//6149 6113//6113
f 6114//6114 6095//6095 6150//6150
f 6142//6142 6115//6115 6120//6120
f 6134//6134 6121//6121 6096//6096
f 6141//6141 6128//6128 6146//6146
f 6131//6131 6148//6148 6108//6108
f 6132//6132 6139//6139 6109//6109
f 6151//6151 6149//6149 6133//6133
f 6114//6114 6152//6152 6133//6133
f 6101//6101 6142//6142 6153//6153
f 6120//6120 6110//6110 6154//6154
f 6110//6110 6143//6143 6154//6154
f 6111//6111 6155//6155 6144//6144
f 6124//6124 6116//6116 6156//6156
f 6116//6116 6145//6145 6157//6157
f 6158//6158 6157//6157 6145//6145
f 6145//6145 6141//6141 6158//6158
f 6159//6159 6158//6158 6141//6141
f 6141//6141 6146//6146 6159//6159
f 6160//6160 6146//6146 6128//6128
f 6129//6129 6160//6160 6128//6128
f 6137//6137 6130//6130 6161//6161
f 6126//6126 6083//6083 6162//6162
f 6142//6142 6120//6120 6163//6163
f 6143//6143 6121//6121 6164//6164
f 6127//6127 6140//6140 6165//6165
f 6122//6122 6135//6135 6166//6166
f 6107//6107 6167//6167 6129//6129
f 6168//6168 6147//6147 6138//6138
f 6152//6152 6151//6151 6133//6133
f 6143//6143 6164//6164 6154//6154
f 6140//6140 6122//6122 6166//6166
f 6155//6155 6169//6169 6144//6144
f 6111//6111 6136//6136 6170//6170
f 6136//6136 6124//6124 6170//6170
f 6156//6156 6170//6170 6124//6124
f 6157//6157 6158//6158 6171//6171
f 6148//6148 6168//6168 6138//6138
f 6100//6100 6162//6162 6083//6083
f 6100//6100 6101//6101 6172//6172
f 6153//6153 6172//6172 6101//6101
f 6173//6173 6154//6154 6164//6164
f 6134//6134 6127//6127 6165//6165
f 6169//6169 6166//6166 6135//6135
f 6116//6116 6157//6157 6156//6156
f 6174//6174 6158//6158 6159//6159
f 6159//6159 6146//6146 6175//6175
f 6107//6107 6137//6137 6167//6167
f 6167//6167 6137//6137 6161//6161
f 6095//6095 6126//6126 6150//6150
f 6176//6176 6150//6150 6126//6126
f 6126//6126 6162//6162 6176//6176
f 6177//6177 6173//6173 6164//6164
f 6170//6170 6155//6155 6111//6111
f 6178//6178 6179//6179 6146//6146
f 6146//6146 6160//6160 6178//6178
f 6160//6160 6129//6129 6167//6167
f 6148//6148 6131//6131 6180//6180
f 6131//6131 6139//6139 6181//6181
f 6182//6182 6181//6181 6139//6139
f 6139//6139 6132//6132 6182//6182
f 6132//6132 6149//6149 6182//6182
f 6151//6151 6182//6182 6149//6149
f 6151//6151 6152//6152 6183//6183
f 6152//6152 6114//6114 6184//6184
f 6150//6150 6184//6184 6114//6114
f 6172//6172 6162//6162 6100//6100
f 6185//6185 6120//6120 6154//6154
f 6164//6164 6134//6134 6177//6177
f 6186//6186 6165//6165 6140//6140
f 6140//6140 6166//6166 6186//6186
f 6169//6169 6155//6155 6187//6187
f 6157//6157 6171//6171 6188//6188
f 6179//6179 6175//6175 6146//6146
f 6167//6167 6161//6161 6189//6189
f 6168//6168 6189//6189 6161//6161
f 6180//6180 6131//6131 6181//6181
f 6184//6184 6183//6183 6152//6152
f 6185//6185 6163//6163 6120//6120
f 6134//6134 6165//6165 6191//6191
f 6166//6166 6169//6169 6187//6187
f 6156//6156 6157//6157 6192//6192
f 6188//6188 6192//6192 6157//6157
f 6175//6175 6193//6193 6159//6159
f 6167//6167 6178//6178 6160//6160
f 6189//6189 6194//6194 6167//6167
f 6180//6180 6168//6168 6148//6148
f 6190//6190 6151//6151 6195//6195
f 6183//6183 6195//6195 6151//6151
f 6196//6196 6173//6173 6177//6177
f 6191//6191 6177//6177 6134//6134
f 6192//6192 6170//6170 6156//6156
f 6174//6174 6171//6171 6158//6158
f 6193//6193 6174//6174 6159//6159
f 6179//6179 6178//6178 6197//6197
f 6189//6189 6168//6168 6180//6180
f 6190//6190 6182//6182 6151//6151
f 6183//6183 6184//6184 6198//6198
f 6150//6150 6176//6176 6199//6199
f 6173//6173 6185//6185 6154//6154
f 6186//6186 6191//6191 6165//6165
f 6200//6200 6186//6186 6166//6166
f 6201//6201 6187//6187 6155//6155
f 6170//6170 6201//6201 6155//6155
f 6170//6170 6192//6192 6202//6202
f 6182//6182 6180//6180 6181//6181
f 6163//6163 6203//6203 6142//6142
f 6166//6166 6187//6187 6200//6200
f 6202//6202 6201//6201 6170//6170
f 6205//6205 6188//6188 6171//6171
f 6206//6206 6178//6178 6167//6167
f 6167//6167 6194//6194 6206//6206
f 6207//6207 6194//6194 6189//6189
f 6189//6189 6180//6180 6207//6207
f 6208//6208 6184//6184 6150//6150
f 6172//6172 6153//6153 6209//6209
f 6210//6210 6185//6185 6173//6173
f 6186//6186 6200//6200 6191//6191
f 6174//6174 6205//6205 6171//6171
f 6193//6193 6211//6211 6174//6174
f 6212//6212 6193//6193 6175//6175
f 6206//6206 6197//6197 6178//6178
f 6195//6195 6183//6183 6213//6213
f 6198//6198 6213//6213 6183//6183
f 6162//6162 6172//6172 6214//6214
f 6215//6215 6153//6153 6142//6142
f 6173//6173 6196//6196 6210//6210
f 6216//6216 6177//6177 6204//6204
f 6217//6217 6200//6200 6187//6187
f 6201//6201 6217//6217 6187//6187
f 6218//6218 6192//6192 6188//6188
f 6219//6219 6205//6205 6174//6174
f 6212//6212 6175//6175 6220//6220
f 6175//6175 6179//6179 6220//6220
f 6180//6180 6182//6182 6221//6221
f 6199//6199 6208//6208 6150//6150
f 6204//6204 6191//6191 6222//6222
f 6205//6205 6218//6218 6188//6188
f 6197//6197 6220//6220 6179//6179
f 6223//6223 6206//6206 6194//6194
f 6194//6194 6207//6207 6223//6223
f 6214//6214 6224//6224 6162//6162
f 6216//6216 6196//6196 6177//6177
f 6225//6225 6223//6223 6207//6207
f 6226//6226 6202//6202 6192//6192
f 6218//6218 6226//6226 6192//6192
f 6174//6174 6211//6211 6219//6219
f 6211//6211 6193//6193 6212//6212
f 6197//6197 6206//6206 6227//6227
f 6223//6223 6227//6227 6206//6206
f 6221//6221 6225//6225 6207//6207
f 6207//6207 6180//6180 6221//6221
f 6228//6228 6221//6221 6182//6182
f 6182//6182 6190//6190 6228//6228
f 6195//6195 6228//6228 6190//6190
f 6208//6208 6198//6198 6184//6184
f 6176//6176 6162//6162 6224//6224
f 6209//6209 6214//6214 6172//6172
f 6203//6203 6163//6163 6229//6229
f 6196//6196 6216//6216 6230//6230
f 6200//6200 6222//6222 6191//6191
f 6231//6231 6200//6200 6217//6217
f 6201//6201 6202//6202 6231//6231
f 6219//6219 6218//6218 6205//6205
f 6219//6219 6211//6211 6232//6232
f 6211//6211 6212//6212 6232//6232
f 6227//6227 6220//6220 6197//6197
f 6213//6213 6233//6233 6195//6195
f 6209//6209 6153//6153 6215//6215
f 6234//6234 6210//6210 6196//6196
f 6230//6230 6234//6234 6196//6196
f 6217//6217 6201//6201 6231//6231
f 6218//6218 6219//6219 6235//6235
f 6232//6232 6235//6235 6219//6219
f 6232//6232 6212//6212 6236//6236
f 6220//6220 6236//6236 6212//6212
f 6228//6228 6195//6195 6233//6233
f 6237//6237 6213//6213 6198//6198
f 6198//6198 6238//6238 6237//6237
f 6239//6239 6199//6199 6176//6176
f 6176//6176 6224//6224 6239//6239
f 6231//6231 6240//6240 6222//6222
f 6222//6222 6200//6200 6231//6231
f 6226//6226 6231//6231 6202//6202
f 6226//6226 6218//6218 6241//6241
f 6218//6218 6235//6235 6241//6241
f 6242//6242 6236//6236 6220//6220
f 6220//6220 6227//6227 6242//6242
f 6227//6227 6223//6223 6242//6242
f 6198//6198 6208//6208 6238//6238
f 6243//6243 6244//6244 6224//6224
f 6224//6224 6214//6214 6243//6243
f 6203//6203 6215//6215 6142//6142
f 6241//6241 6231//6231 6226//6226
f 6213//6213 6237//6237 6233//6233
f 6245//6245 6208//6208 6199//6199
f 6246//6246 6245//6245 6199//6199
f 6199//6199 6239//6239 6246//6246
f 6239//6239 6224//6224 6244//6244
f 6214//6214 6209//6209 6247//6247
f 6185//6185 6229//6229 6163//6163
f 6185//6185 6210//6210 6248//6248
f 6249//6249 6250//6250 6251//6251
f 6247//6247 6209//6209 6252//6252
f 6210//6210 6234//6234 6248//6248
f 6234//6234 6230//6230 6253//6253
f 6254//6254 6255//6255 6256//6256
f 6257//6257 6258//6258 6259//6259
f 6259//6259 6249//6249 6257//6257
f 6249//6249 6251//6251 6260//6260
f 6261//6261 6251//6251 6262//6262
f 6262//6262 6263//6263 6261//6261
f 6263//6263 6233//6233 6261//6261
f 6237//6237 6238//6238 6264//6264
f 6208//6208 6245//6245 6238//6238
f 6265//6265 6256//6256 6266//6266
f 6255//6255 6258//6258 6267//6267
f 6268//6268 6260//6260 6251//6251
f 6251//6251 6261//6261 6268//6268
f 6233//6233 6237//6237 6269//6269
f 6243//6243 6214//6214 6247//6247
f 6215//6215 6252//6252 6209//6209
f 6248//6248 6229//6229 6185//6185
f 6234//6234 6253//6253 6270//6270
f 6271//6271 6256//6256 6255//6255
f 6267//6267 6271//6271 6255//6255
f 6257//6257 6267//6267 6258//6258
f 6260//6260 6257//6257 6249//6249
f 6270//6270 6248//6248 6234//6234
f 6270//6270 6253//6253 6272//6272
f 6266//6266 6272//6272 6253//6253
f 6256//6256 6273//6273 6266//6266
f 6274//6274 6275//6275 6268//6268
f 6268//6268 6261//6261 6274//6274
f 6276//6276 6233//6233 6269//6269
f 6244//6244 6243//6243 6277//6277
f 6247//6247 6277//6277 6243//6243
f 6271//6271 6273//6273 6256//6256
f 6275//6275 6260//6260 6268//6268
f 6278//6278 6274//6274 6261//6261
f 6261//6261 6233//6233 6278//6278
f 6239//6239 6244//6244 6279//6279
f 6280//6280 6277//6277 6247//6247
f 6281//6281 6280//6280 6247//6247
f 6203//6203 6252//6252 6215//6215
f 6272//6272 6266//6266 6282//6282
f 6273//6273 6282//6282 6266//6266
f 6257//6257 6260//6260 6283//6283
f 6284//6284 6283//6283 6260//6260
f 6233//6233 6276//6276 6278//6278
f 6238//6238 6245//6245 6285//6285
f 6286//6286 6245//6245 6246//6246
f 6246//6246 6239//6239 6286//6286
f 6239//6239 6279//6279 6286//6286
f 6272//6272 6287//6287 6270//6270
f 6283//6283 6267//6267 6257//6257
f 6275//6275 6284//6284 6260//6260
f 6289//6289 6290//6290 6291//6291
f 6292//6292 6291//6291 6290//6290
f 6292//6292 6290//6290 6293//6293
f 6290//6290 6294//6294 6293//6293
f 6294//6294 6277//6277 6280//6280
f 6247//6247 6252//6252 6281//6281
f 6287//6287 6295//6295 6270//6270
f 6237//6237 6264//6264 6296//6296
f 6288//6288 6289//6289 6297//6297
f 6203//6203 6298//6298 6252//6252
f 6293//6293 6280//6280 6299//6299
f 6300//6300 6299//6299 6280//6280
f 6280//6280 6281//6281 6300//6300
f 6298//6298 6281//6281 6252//6252
f 6301//6301 6229//6229 6248//6248
f 6282//6282 6287//6287 6272//6272
f 6269//6269 6237//6237 6296//6296
f 6285//6285 6302//6302 6238//6238
f 6286//6286 6285//6285 6245//6245
f 6286//6286 6279//6279 6303//6303
f 6297//6297 6289//6289 6304//6304
f 6305//6305 6291//6291 6292//6292
f 6292//6292 6293//6293 6306//6306
f 6248//6248 6270//6270 6301//6301
f 6302//6302 6264//6264 6238//6238
f 6291//6291 6304//6304 6289//6289
f 6292//6292 6306//6306 6305//6305
f 6299//6299 6306//6306 6293//6293
f 6298//6298 6203//6203 6229//6229
f 6303//6303 6307//6307 6286//6286
f 6308//6308 6309//6309 6288//6288
f 6288//6288 6297//6297 6308//6308
f 6310//6310 6300//6300 6281//6281
f 6281//6281 6298//6298 6310//6310
f 6283//6283 6284//6284 6311//6311
f 6312//6312 6311//6311 6284//6284
f 6285//6285 6286//6286 6307//6307
f 6304//6304 6291//6291 6313//6313
f 6291//6291 6305//6305 6313//6313
f 6300//6300 6314//6314 6299//6299
f 6271//6271 6267//6267 6315//6315
f 6316//6316 6315//6315 6267//6267
f 6267//6267 6283//6283 6316//6316
f 6275//6275 6274//6274 6317//6317
f 6318//6318 6310//6310 6298//6298
f 6295//6295 6301//6301 6270//6270
f 6282//6282 6273//6273 6319//6319
f 6273//6273 6271//6271 6319//6319
f 6285//6285 6307//6307 6320//6320
f 6310//6310 6314//6314 6300//6300
f 6229//6229 6318//6318 6298//6298
f 6319//6319 6321//6321 6282//6282
f 6271//6271 6315//6315 6319//6319
f 6275//6275 6312//6312 6284//6284
f 6274//6274 6278//6278 6322//6322
f 6320//6320 6302//6302 6285//6285
f 6307//6307 6303//6303 6320//6320
f 6323//6323 6297//6297 6304//6304
f 6306//6306 6324//6324 6305//6305
f 6306//6306 6299//6299 6325//6325
f 6317//6317 6312//6312 6275//6275
f 6309//6309 6320//6320 6303//6303
f 6326//6326 6323//6323 6304//6304
f 6313//6313 6305//6305 6327//6327
f 6314//6314 6328//6328 6299//6299
f 6329//6329 6301//6301 6295//6295
f 6287//6287 6330//6330 6295//6295
f 6322//6322 6317//6317 6274//6274
f 6331//6331 6296//6296 6264//6264
f 6264//6264 6302//6302 6331//6331
f 6304//6304 6313//6313 6326//6326
f 6305//6305 6324//6324 6327//6327
f 6310//6310 6318//6318 6332//6332
f 6330//6330 6329//6329 6295//6295
f 6321//6321 6287//6287 6282//6282
f 6311//6311 6316//6316 6283//6283
f 6333//6333 6278//6278 6276//6276
f 6269//6269 6333//6333 6276//6276
f 6331//6331 6269//6269 6296//6296
f 6299//6299 6328//6328 6325//6325
f 6331//6331 6334//6334 6269//6269
f 6314//6314 6310//6310 6332//6332
f 6318//6318 6229//6229 6335//6335
f 6301//6301 6335//6335 6229//6229
f 6330//6330 6287//6287 6336//6336
f 6321//6321 6336//6336 6287//6287
f 6302//6302 6320//6320 6331//6331
f 6308//6308 6337//6337 6309//6309
f 6297//6297 6338//6338 6308//6308
f 6339//6339 6297//6297 6340//6340
f 6323//6323 6340//6340 6297//6297
f 6326//6326 6313//6313 6341//6341
f 6327//6327 6341//6341 6313//6313
f 6324//6324 6306//6306 6342//6342
f 6332//6332 6343//6343 6314//6314
f 6321//6321 6319//6319 6344//6344
f 6345//6345 6344//6344 6319//6319
f 6319//6319 6346//6346 6345//6345
f 6346//6346 6316//6316 6347//6347
f 6278//6278 6333//6333 6348//6348
f 6341//6341 6349//6349 6326//6326
f 6306//6306 6325//6325 6342//6342
f 6325//6325 6328//6328 6350//6350
f 6343//6343 6328//6328 6314//6314
f 6316//6316 6311//6311 6351//6351
f 6352//6352 6331//6331 6320//6320
f 6320//6320 6309//6309 6352//6352
f 6337//6337 6352//6352 6309//6309
f 6353//6353 6337//6337 6308//6308
f 6339//6339 6338//6338 6297//6297
f 6323//6323 6326//6326 6349//6349
f 6343//6343 6332//6332 6354//6354
f 6335//6335 6332//6332 6318//6318
f 6336//6336 6321//6321 6355//6355
f 6346//6346 6347//6347 6356//6356
f 6311//6311 6312//6312 6357//6357
f 6312//6312 6317//6317 6358//6358
f 6348//6348 6333//6333 6359//6359
f 6269//6269 6359//6359 6333//6333
f 6338//6338 6353//6353 6308//6308
f 6327//6327 6324//6324 6360//6360
f 6328//6328 6343//6343 6350//6350
f 6329//6329 6335//6335 6301//6301
f 6344//6344 6355//6355 6321//6321
f 6361//6361 6345//6345 6346//6346
f 6356//6356 6361//6361 6346//6346
f 6347//6347 6316//6316 6351//6351
f 6357//6357 6351//6351 6311//6311
f 6322//6322 6358//6358 6317//6317
f 6322//6322 6278//6278 6348//6348
f 6334//6334 6359//6359 6269//6269
f 6352//6352 6334//6334 6331//6331
f 6352//6352 6337//6337 6362//6362
f 6332//6332 6335//6335 6363//6363
f 6323//6323 6364//6364 6340//6340
f 6349//6349 6341//6341 6365//6365
f 6341//6341 6327//6327 6365//6365
f 6324//6324 6342//6342 6360//6360
f 6350//6350 6343//6343 6366//6366
f 6367//6367 6330//6330 6336//6336
f 6356//6356 6347//6347 6368//6368
f 6369//6369 6357//6357 6312//6312
f 6362//6362 6334//6334 6352//6352
f 6370//6370 6362//6362 6337//6337
f 6337//6337 6353//6353 6370//6370
f 6349//6349 6364//6364 6323//6323
f 6342//6342 6325//6325 6371//6371
f 6325//6325 6350//6350 6372//6372
f 6343//6343 6354//6354 6366//6366
f 6367//6367 6329//6329 6330//6330
f 6355//6355 6367//6367 6336//6336
f 6373//6373 6355//6355 6344//6344
f 6361//6361 6356//6356 6374//6374
f 6368//6368 6374//6374 6356//6356
f 6357//6357 6347//6347 6351//6351
f 6322//6322 6348//6348 6375//6375
f 6338//6338 6339//6339 6376//6376
f 6377//6377 6339//6339 6340//6340
f 6360//6360 6365//6365 6327//6327
f 6329//6329 6367//6367 6378//6378
f 6355//6355 6379//6379 6367//6367
f 6357//6357 6380//6380 6347//6347
f 6369//6369 6381//6381 6357//6357
f 6312//6312 6358//6358 6369//6369
f 6375//6375 6358//6358 6322//6322
f 6370//6370 6382//6382 6362//6362
f 6353//6353 6338//6338 6376//6376
f 6383//6383 6360//6360 6342//6342
f 6332//6332 6363//6363 6354//6354
f 6335//6335 6329//6329 6363//6363
f 6380//6380 6357//6357 6381//6381
f 6348//6348 6359//6359 6384//6384
f 6362//6362 6382//6382 6334//6334
f 6364//6364 6377//6377 6340//6340
f 6349//6349 6365//6365 6364//6364
f 6365//6365 6360//6360 6383//6383
f 6342//6342 6371//6371 6383//6383
f 6372//6372 6371//6371 6325//6325
f 6373//6373 6379//6379 6355//6355
f 6380//6380 6368//6368 6347//6347
f 6376//6376 6370//6370 6353//6353
f 6385//6385 6364//6364 6365//6365
f 6365//6365 6383//6383 6385//6385
f 6372//6372 6350//6350 6386//6386
f 6387//6387 6363//6363 6329//6329
f 6386//6386 6350//6350 6388//6388
f 6366//6366 6388//6388 6350//6350
f 6389//6389 6388//6388 6366//6366
f 6354//6354 6389//6389 6366//6366
f 6329//6329 6378//6378 6387//6387
f 6374//6374 6390//6390 6361//6361
f 6359//6359 6334//6334 6391//6391
f 6370//6370 6376//6376 6392//6392
f 6393//6393 6376//6376 6339//6339
f 6393//6393 6339//6339 6377//6377
f 6364//6364 6385//6385 6394//6394
f 6385//6385 6383//6383 6395//6395
f 6396//6396 6395//6395 6383//6383
f 6383//6383 6371//6371 6396//6396
f 6363//6363 6397//6397 6354//6354
f 6363//6363 6387//6387 6398//6398
f 6390//6390 6399//6399 6361//6361
f 6400//6400 6368//6368 6380//6380
f 6401//6401 6400//6400 6380//6380
f 6375//6375 6348//6348 6384//6384
f 6402//6402 6396//6396 6371//6371
f 6334//6334 6382//6382 6403//6403
f 6404//6404 6403//6403 6382//6382
f 6382//6382 6370//6370 6404//6404
f 6377//6377 6364//6364 6394//6394
f 6395//6395 6394//6394 6385//6385
f 6397//6397 6389//6389 6354//6354
f 6398//6398 6397//6397 6363//6363
f 6374//6374 6368//6368 6405//6405
f 6400//6400 6405//6405 6368//6368
f 6381//6381 6369//6369 6406//6406
f 6391//6391 6334//6334 6403//6403
f 6392//6392 6404//6404 6370//6370
f 6377//6377 6394//6394 6407//6407
f 6367//6367 6379//6379 6378//6378
f 6379//6379 6373//6373 6408//6408
f 6390//6390 6374//6374 6409//6409
f 6406//6406 6369//6369 6410//6410
f 6411//6411 6412//6412 6358//6358
f 6407//6407 6393//6393 6377//6377
f 6402//6402 6371//6371 6372//6372
f 6413//6413 6414//6414 6394//6394
f 6394//6394 6395//6395 6413//6413
f 6372//6372 6386//6386 6415//6415
f 6408//6408 6378//6378 6379//6379
f 6416//6416 6408//6408 6373//6373
f 6405//6405 6409//6409 6374//6374
f 6358//6358 6375//6375 6417//6417
f 6359//6359 6391//6391 6418//6418
f 6419//6419 6418//6418 6391//6391
f 6414//6414 6407//6407 6394//6394
f 6396//6396 6413//6413 6395//6395
f 6402//6402 6372//6372 6415//6415
f 6420//6420 6399//6399 6421//6421
f 6399//6399 6390//6390 6421//6421
f 6405//6405 6400//6400 6422//6422
f 6417//6417 6411//6411 6358//6358
f 6384//6384 6417//6417 6375//6375
f 6384//6384 6359//6359 6423//6423
f 6418//6418 6423//6423 6359//6359
f 6404//6404 6392//6392 6424//6424
f 6425//6425 6397//6397 6398//6398
f 6398//6398 6387//6387 6426//6426
f 6409//6409 6405//6405 6427//6427
f 6422//6422 6427//6427 6405//6405
f 6422//6422 6400//6400 6428//6428
f 6429//6429 6418//6418 6419//6419
f 6419//6419 6430//6430 6429//6429
f 6403//6403 6430//6430 6431//6431
f 6393//6393 6407//6407 6432//6432
f 6414//6414 6413//6413 6433//6433
f 6396//6396 6402//6402 6434//6434
f 6397//6397 6435//6435 6389//6389
f 6397//6397 6425//6425 6435//6435
f 6428//6428 6400//6400 6401//6401
f 6436//6436 6378//6378 6408//6408
f 6437//6437 6408//6408 6416//6416
f 6420//6420 6437//6437 6416//6416
f 6409//6409 6421//6421 6390//6390
f 6392//6392 6376//6376 6438//6438
f 6413//6413 6396//6396 6439//6439
f 6434//6434 6439//6439 6396//6396
f 6415//6415 6434//6434 6402//6402
f 6435//6435 6425//6425 6440//6440
f 6426//6426 6425//6425 6398//6398
f 6436//6436 6387//6387 6378//6378
f 6441//6441 6420//6420 6421//6421
f 6421//6421 6409//6409 6441//6441
f 6409//6409 6427//6427 6442//6442
f 6443//6443 6410//6410 6369//6369
f 6369//6369 6358//6358 6443//6443
f 6358//6358 6412//6412 6443//6443
f 6417//6417 6384//6384 6444//6444
f 6423//6423 6444//6444 6384//6384
f 6424//6424 6403//6403 6404//6404
f 6376//6376 6393//6393 6445//6445
f 6407//6407 6414//6414 6446//6446
f 6414//6414 6433//6433 6446//6446
f 6435//6435 6440//6440 6447//6447
f 6422//6422 6428//6428 6448//6448
f 6429//6429 6430//6430 6449//6449
f 6407//6407 6446//6446 6450//6450
f 6451//6451 6446//6446 6433//6433
f 6452//6452 6433//6433 6413//6413
f 6439//6439 6452//6452 6413//6413
f 6441//6441 6409//6409 6442//6442
f 6418//6418 6429//6429 6453//6453
f 6445//6445 6438//6438 6376//6376
f 6454//6454 6455//6455 6388//6388
f 6388//6388 6389//6389 6454//6454
f 6456//6456 6453//6453 6429//6429
f 6429//6429 6449//6449 6456//6456
f 6457//6457 6449//6449 6430//6430
f 6403//6403 6457//6457 6430//6430
f 6403//6403 6424//6424 6457//6457
f 6407//6407 6450//6450 6432//6432
f 6433//6433 6452//6452 6451//6451
f 6415//6415 6386//6386 6458//6458
f 6435//6435 6447//6447 6459//6459
f 6408//6408 6437//6437 6460//6460
f 6461//6461 6460//6460 6437//6437
f 6462//6462 6441//6441 6442//6442
f 6463//6463 6462//6462 6442//6442
f 6464//6464 6463//6463 6427//6427
f 6427//6427 6422//6422 6464//6464
f 6428//6428 6401//6401 6465//6465
f 6401//6401 6410//6410 6465//6465
f 6417//6417 6444//6444 6466//6466
f 6423//6423 6466//6466 6444//6444
f 6450//6450 6446//6446 6467//6467
f 6468//6468 6467//6467 6446//6446
f 6446//6446 6451//6451 6468//6468
f 6469//6469 6451//6451 6452//6452
f 6435//6435 6454//6454 6389//6389
f 6460//6460 6436//6436 6408//6408
f 6448//6448 6464//6464 6422//6422
f 6411//6411 6470//6470 6412//6412
f 6466//6466 6411//6411 6417//6417
f 6418//6418 6453//6453 6423//6423
f 6393//6393 6471//6471 6445//6445
f 6451//6451 6472//6472 6473//6473
f 6469//6469 6472//6472 6451//6451
f 6469//6469 6452//6452 6474//6474
f 6452//6452 6439//6439 6474//6474
f 6475//6475 6439//6439 6434//6434
f 6388//6388 6458//6458 6386//6386
f 6454//6454 6435//6435 6459//6459
f 6476//6476 6447//6447 6440//6440
f 6387//6387 6436//6436 6426//6426
f 6465//6465 6448//6448 6428//6428
f 6470//6470 6443//6443 6412//6412
f 6468//6468 6451//6451 6473//6473
f 6477//6477 6476//6476 6440//6440
f 6425//6425 6477//6477 6440//6440
f 6441//6441 6462//6462 6478//6478
f 6410//6410 6479//6479 6465//6465
f 6456//6456 6449//6449 6480//6480
f 6457//6457 6481//6481 6449//6449
f 6450//6450 6471//6471 6432//6432
f 6455//6455 6454//6454 6482//6482
f 6477//6477 6425//6425 6483//6483
f 6426//6426 6483//6483 6425//6425
f 6436//6436 6460//6460 6484//6484
f 6486//6486 6459//6459 6447//6447
f 6487//6487 6484//6484 6460//6460
f 6461//6461 6487//6487 6460//6460
f 6463//6463 6464//6464 6488//6488
f 6464//6464 6448//6448 6489//6489
f 6481//6481 6480//6480 6449//6449
f 6424//6424 6392//6392 6490//6490
f 6438//6438 6490//6490 6392//6392
f 6491//6491 6474//6474 6439//6439
f 6475//6475 6491//6491 6439//6439
f 6415//6415 6475//6475 6434//6434
f 6455//6455 6458//6458 6388//6388
f 6488//6488 6462//6462 6463//6463
f 6479//6479 6448//6448 6465//6465
f 6410//6410 6443//6443 6492//6492
f 6466//6466 6423//6423 6493//6493
f 6468//6468 6494//6494 6467//6467
f 6469//6469 6474//6474 6495//6495
f 6476//6476 6486//6486 6447//6447
f 6488//6488 6464//6464 6496//6496
f 6489//6489 6497//6497 6464//6464
f 6479//6479 6410//6410 6492//6492
f 6470//6470 6411//6411 6498//6498
f 6466//6466 6498//6498 6411//6411
f 6393//6393 6432//6432 6471//6471
f 6494//6494 6450//6450 6467//6467
f 6473//6473 6472//6472 6499//6499
f 6495//6495 6472//6472 6469//6469
f 6500//6500 6482//6482 6454//6454
f 6454//6454 6459//6459 6500//6500
f 6478//6478 6462//6462 6501//6501
f 6502//6502 6488//6488 6503//6503
f 6504//6504 6489//6489 6448//6448
f 6493//6493 6423//6423 6505//6505
f 6423//6423 6453//6453 6505//6505
f 6481//6481 6457//6457 6506//6506
f 6507//6507 6424//6424 6490//6490
f 6471//6471 6450//6450 6508//6508
f 6509//6509 6495//6495 6474//6474
f 6474//6474 6491//6491 6509//6509
f 6510//6510 6462//6462 6502//6502
f 6488//6488 6496//6496 6503//6503
f 6464//6464 6497//6497 6496//6496
f 6511//6511 6498//6498 6466//6466
f 6511//6511 6466//6466 6493//6493
f 6512//6512 6505//6505 6453//6453
f 6453//6453 6456//6456 6512//6512
f 6480//6480 6512//6512 6456//6456
f 6513//6513 6508//6508 6450//6450
f 6494//6494 6468//6468 6514//6514
f 6473//6473 6514//6514 6468//6468
f 6476//6476 6515//6515 6486//6486
f 6501//6501 6462//6462 6510//6510
f 6496//6496 6497//6497 6516//6516
f 6497//6497 6489//6489 6504//6504
f 6479//6479 6504//6504 6448//6448
f 6517//6517 6512//6512 6480//6480
f 6480//6480 6481//6481 6517//6517
f 6507//6507 6457//6457 6424//6424
f 6499//6499 6514//6514 6473//6473
f 6472//6472 6495//6495 6499//6499
f 6491//6491 6475//6475 6518//6518
f 6519//6519 6458//6458 6455//6455
f 6486//6486 6500//6500 6459//6459
f 6476//6476 6477//6477 6520//6520
f 6483//6483 6520//6520 6477//6477
f 6426//6426 6436//6436 6521//6521
f 6522//6522 6461//6461 6485//6485
f 6506//6506 6517//6517 6481//6481
f 6490//6490 6438//6438 6523//6523
f 6438//6438 6445//6445 6523//6523
f 6445//6445 6471//6471 6508//6508
f 6524//6524 6515//6515 6476//6476
f 6436//6436 6484//6484 6521//6521
f 6505//6505 6512//6512 6525//6525
f 6526//6526 6518//6518 6475//6475
f 6519//6519 6415//6415 6458//6458
f 6520//6520 6483//6483 6527//6527
f 6522//6522 6487//6487 6461//6461
f 6528//6528 6510//6510 6502//6502
f 6502//6502 6503//6503 6528//6528
f 6493//6493 6529//6529 6511//6511
f 6495//6495 6509//6509 6530//6530
f 6500//6500 6486//6486 6531//6531
f 6515//6515 6531//6531 6486//6486
f 6520//6520 6524//6524 6476//6476
f 6504//6504 6479//6479 6492//6492
f 6506//6506 6457//6457 6532//6532
f 6523//6523 6445//6445 6533//6533
f 6508//6508 6533//6533 6445//6445
f 6514//6514 6499//6499 6530//6530
f 6499//6499 6495//6495 6530//6530
f 6534//6534 6509//6509 6491//6491
f 6518//6518 6534//6534 6491//6491
f 6455//6455 6482//6482 6535//6535
f 6484//6484 6487//6487 6536//6536
f 6537//6537 6538//6538 6501//6501
f 6501//6501 6510//6510 6537//6537
f 6528//6528 6537//6537 6510//6510
f 6496//6496 6528//6528 6503//6503
f 6504//6504 6516//6516 6497//6497
f 6513//6513 6450//6450 6494//6494
f 6509//6509 6534//6534 6539//6539
f 6415//6415 6526//6526 6475//6475
f 6519//6519 6455//6455 6535//6535
f 6487//6487 6522//6522 6540//6540
f 6443//6443 6470//6470 6541//6541
f 6498//6498 6511//6511 6542//6542
f 6529//6529 6542//6542 6511//6511
f 6543//6543 6529//6529 6493//6493
f 6517//6517 6544//6544 6512//6512
f 6525//6525 6512//6512 6544//6544
f 6517//6517 6506//6506 6545//6545
f 6532//6532 6545//6545 6506//6506
f 6514//6514 6546//6546 6494//6494
f 6547//6547 6534//6534 6518//6518
f 6548//6548 6526//6526 6415//6415
f 6482//6482 6500//6500 6531//6531
f 6531//6531 6515//6515 6549//6549
f 6515//6515 6524//6524 6549//6549
f 6527//6527 6521//6521 6550//6550
f 6522//6522 6501//6501 6540//6540
f 6538//6538 6540//6540 6501//6501
f 6496//6496 6516//6516 6551//6551
f 6470//6470 6498//6498 6541//6541
f 6542//6542 6541//6541 6498//6498
f 6507//6507 6532//6532 6457//6457
f 6539//6539 6530//6530 6509//6509
f 6518//6518 6526//6526 6547//6547
f 6519//6519 6548//6548 6415//6415
f 6524//6524 6520//6520 6552//6552
f 6553//6553 6521//6521 6484//6484
f 6554//6554 6537//6537 6528//6528
f 6516//6516 6504//6504 6555//6555
f 6504//6504 6492//6492 6555//6555
f 6552//6552 6556//6556 6524//6524
f 6550//6550 6552//6552 6520//6520
f 6520//6520 6527//6527 6550//6550
f 6550//6550 6521//6521 6553//6553
f 6538//6538 6537//6537 6557//6557
f 6554//6554 6557//6557 6537//6537
f 6554//6554 6528//6528 6558//6558
f 6528//6528 6496//6496 6558//6558
f 6551//6551 6558//6558 6496//6496
f 6559//6559 6551//6551 6516//6516
f 6516//6516 6555//6555 6559//6559
f 6533//6533 6560//6560 6523//6523
f 6514//6514 6530//6530 6546//6546
f 6561//6561 6539//6539 6534//6534
f 6560//6560 6490//6490 6523//6523
f 6562//6562 6513//6513 6494//6494
f 6546//6546 6562//6562 6494//6494
f 6563//6563 6546//6546 6530//6530
f 6531//6531 6549//6549 6564//6564
f 6549//6549 6524//6524 6556//6556
f 6565//6565 6553//6553 6484//6484
f 6484//6484 6536//6536 6565//6565
f 6540//6540 6536//6536 6487//6487
f 6566//6566 6492//6492 6443//6443
f 6443//6443 6541//6541 6566//6566
f 6535//6535 6482//6482 6567//6567
f 6568//6568 6567//6567 6482//6482
f 6482//6482 6531//6531 6568//6568
f 6564//6564 6568//6568 6531//6531
f 6564//6564 6549//6549 6556//6556
f 6544//6544 6569//6569 6543//6543
f 6545//6545 6544//6544 6517//6517
f 6532//6532 6570//6570 6545//6545
f 6533//6533 6508//6508 6571//6571
f 6572//6572 6571//6571 6508//6508
f 6508//6508 6513//6513 6572//6572
f 6562//6562 6572//6572 6513//6513
f 6538//6538 6557//6557 6573//6573
f 6554//6554 6558//6558 6574//6574
f 6555//6555 6492//6492 6575//6575
f 6492//6492 6566//6566 6575//6575
f 6576//6576 6560//6560 6533//6533
f 6533//6533 6571//6571 6576//6576
f 6530//6530 6539//6539 6563//6563
f 6547//6547 6561//6561 6534//6534
f 6519//6519 6535//6535 6577//6577
f 6556//6556 6552//6552 6578//6578
f 6579//6579 6550//6550 6553//6553
f 6573//6573 6536//6536 6540//6540
f 6540//6540 6538//6538 6573//6573
f 6574//6574 6580//6580 6554//6554
f 6544//6544 6545//6545 6570//6570
f 6562//6562 6546//6546 6581//6581
f 6526//6526 6548//6548 6547//6547
f 6548//6548 6519//6519 6577//6577
f 6579//6579 6552//6552 6550//6550
f 6582//6582 6579//6579 6553//6553
f 6553//6553 6565//6565 6582//6582
f 6557//6557 6554//6554 6580//6580
f 6559//6559 6555//6555 6583//6583
f 6529//6529 6584//6584 6542//6542
f 6544//6544 6570//6570 6569//6569
f 6585//6585 6569//6569 6570//6570
f 6586//6586 6563//6563 6539//6539
f 6539//6539 6561//6561 6586//6586
f 6587//6587 6547//6547 6548//6548
f 6577//6577 6587//6587 6548//6548
f 6588//6588 6577//6577 6535//6535
f 6589//6589 6568//6568 6564//6564
f 6564//6564 6556//6556 6590//6590
f 6578//6578 6590//6590 6556//6556
f 6536//6536 6573//6573 6591//6591
f 6573//6573 6557//6557 6592//6592
f 6557//6557 6580//6580 6592//6592
f 6558//6558 6551//6551 6593//6593
f 6559//6559 6593//6593 6551//6551
f 6584//6584 6566//6566 6541//6541
f 6585//6585 6570//6570 6532//6532
f 6594//6594 6532//6532 6507//6507
f 6507//6507 6490//6490 6595//6595
f 6596//6596 6576//6576 6571//6571
f 6572//6572 6597//6597 6571//6571
f 6563//6563 6581//6581 6546//6546
f 6568//6568 6589//6589 6598//6598
f 6564//6564 6590//6590 6589//6589
f 6552//6552 6579//6579 6578//6578
f 6536//6536 6591//6591 6565//6565
f 6574//6574 6558//6558 6599//6599
f 6600//6600 6583//6583 6555//6555
f 6555//6555 6575//6575 6600//6600
f 6541//6541 6542//6542 6584//6584
f 6532//6532 6594//6594 6585//6585
f 6560//6560 6576//6576 6490//6490
f 6597//6597 6596//6596 6571//6571
f 6572//6572 6562//6562 6601//6601
f 6562//6562 6581//6581 6602//6602
f 6567//6567 6588//6588 6535//6535
f 6592//6592 6580//6580 6603//6603
f 6604//6604 6603//6603 6580//6580
f 6580//6580 6574//6574 6604//6604
f 6599//6599 6604//6604 6574//6574
f 6507//6507 6595//6595 6594//6594
f 6601//6601 6597//6597 6572//6572
f 6562//6562 6602//6602 6601//6601
f 6561//6561 6547//6547 6605//6605
f 6606//6606 6605//6605 6547//6547
f 6547//6547 6587//6587 6606//6606
f 6587//6587 6577//6577 6607//6607
f 6588//6588 6607//6607 6577//6577
f 6568//6568 6608//6608 6567//6567
f 6578//6578 6579//6579 6609//6609
f 6558//6558 6593//6593 6599//6599
f 6610//6610 6584//6584 6529//6529
f 6490//6490 6576//6576 6611//6611
f 6586//6586 6561//6561 6612//6612
f 6605//6605 6612//6612 6561//6561
f 6582//6582 6609//6609 6579//6579
f 6565//6565 6591//6591 6613//6613
f 6559//6559 6583//6583 6614//6614
f 6490//6490 6611//6611 6595//6595
f 6602//6602 6581//6581 6615//6615
f 6581//6581 6563//6563 6615//6615
f 6563//6563 6586//6586 6612//6612
f 6578//6578 6609//6609 6589//6589
f 6609//6609 6598//6598 6589//6589
f 6593//6593 6559//6559 6614//6614
f 6616//6616 6611//6611 6576//6576
f 6596//6596 6616//6616 6576//6576
f 6615//6615 6563//6563 6617//6617
f 6563//6563 6612//6612 6617//6617
f 6606//6606 6587//6587 6607//6607
f 6568//6568 6598//6598 6608//6608
f 6592//6592 6603//6603 6618//6618
f 6614//6614 6583//6583 6600//6600
f 6543//6543 6610//6610 6529//6529
f 6543//6543 6569//6569 6619//6619
f 6606//6606 6607//6607 6620//6620
f 6603//6603 6604//6604 6621//6621
f 6584//6584 6610//6610 6622//6622
f 6623//6623 6597//6597 6601//6601
f 6602//6602 6623//6623 6601//6601
f 6606//6606 6612//6612 6605//6605
f 6607//6607 6588//6588 6624//6624
f 6573//6573 6618//6618 6591//6591
f 6573//6573 6592//6592 6618//6618
f 6618//6618 6603//6603 6621//6621
f 6625//6625 6621//6621 6604//6604
f 6604//6604 6599//6599 6625//6625
f 6614//6614 6626//6626 6593//6593
f 6614//6614 6600//6600 6626//6626
f 6575//6575 6566//6566 6627//6627
f 6619//6619 6610//6610 6543//6543
f 6585//6585 6594//6594 6628//6628
f 6615//6615 6623//6623 6602//6602
f 6620//6620 6607//6607 6624//6624
f 6608//6608 6588//6588 6567//6567
f 6594//6594 6595//6595 6628//6628
f 6596//6596 6629//6629 6616//6616
f 6597//6597 6630//6630 6596//6596
f 6631//6631 6623//6623 6615//6615
f 6612//6612 6606//6606 6632//6632
f 6620//6620 6633//6633 6606//6606
f 6634//6634 6624//6624 6588//6588
f 6609//6609 6582//6582 6635//6635
f 6565//6565 6636//6636 6582//6582
f 6599//6599 6593//6593 6638//6638
f 6584//6584 6639//6639 6566//6566
f 6585//6585 6640//6640 6569//6569
f 6615//6615 6617//6617 6641//6641
f 6617//6617 6612//6612 6641//6641
f 6632//6632 6641//6641 6612//6612
f 6620//6620 6624//6624 6642//6642
f 6608//6608 6634//6634 6588//6588
f 6613//6613 6643//6643 6565//6565
f 6613//6613 6591//6591 6644//6644
f 6618//6618 6644//6644 6591//6591
f 6621//6621 6625//6625 6637//6637
f 6593//6593 6626//6626 6638//6638
f 6627//6627 6566//6566 6639//6639
f 6584//6584 6622//6622 6639//6639
f 6640//6640 6619//6619 6569//6569
f 6630//6630 6629//6629 6596//6596
f 6623//6623 6630//6630 6597//6597
f 6615//6615 6641//6641 6631//6631
f 6642//6642 6633//6633 6620//6620
f 6608//6608 6598//6598 6645//6645
f 6635//6635 6598//6598 6609//6609
f 6643//6643 6636//6636 6565//6565
f 6621//6621 6646//6646 6618//6618
f 6625//6625 6599//6599 6647//6647
f 6599//6599 6638//6638 6647//6647
f 6627//6627 6600//6600 6575//6575
f 6633//6633 6632//6632 6606//6606
f 6645//6645 6634//6634 6608//6608
f 6644//6644 6648//6648 6613//6613
f 6638//6638 6626//6626 6649//6649
f 6626//6626 6600//6600 6650//6650
f 6600//6600 6627//6627 6650//6650
f 6634//6634 6651//6651 6624//6624
f 6635//6635 6645//6645 6598//6598
f 6648//6648 6643//6643 6613//6613
f 6644//6644 6618//6618 6646//6646
f 6621//6621 6637//6637 6652//6652
f 6637//6637 6625//6625 6653//6653
f 6647//6647 6653//6653 6625//6625
f 6627//6627 6639//6639 6654//6654
f 6585//6585 6628//6628 6640//6640
f 6641//6641 6655//6655 6631//6631
f 6644//6644 6646//6646 6656//6656
f 6652//6652 6646//6646 6621//6621
f 6653//6653 6652//6652 6637//6637
f 6638//6638 6649//6649 6647//6647
f 6650//6650 6649//6649 6626//6626
f 6611//6611 6616//6616 6657//6657
f 6629//6629 6658//6658 6616//6616
f 6623//6623 6631//6631 6659//6659
f 6655//6655 6659//6659 6631//6631
f 6660//6660 6655//6655 6641//6641
f 6641//6641 6632//6632 6661//6661
f 6633//6633 6661//6661 6632//6632
f 6648//6648 6644//6644 6656//6656
f 6656//6656 6646//6646 6662//6662
f 6649//6649 6650//6650 6663//6663
f 6658//6658 6657//6657 6616//6616
f 6659//6659 6630//6630 6623//6623
f 6664//6664 6633//6633 6642//6642
f 6651//6651 6642//6642 6624//6624
f 6582//6582 6665//6665 6635//6635
f 6650//6650 6627//6627 6654//6654
f 6622//6622 6610//6610 6666//6666
f 6640//6640 6628//6628 6667//6667
f 6668//6668 6667//6667 6628//6628
f 6661//6661 6660//6660 6641//6641
f 6669//6669 6645//6645 6635//6635
f 6636//6636 6665//6665 6582//6582
f 6670//6670 6662//6662 6646//6646
f 6652//6652 6670//6670 6646//6646
f 6671//6671 6647//6647 6649//6649
f 6663//6663 6671//6671 6649//6649
f 6654//6654 6663//6663 6650//6650
f 6610//6610 6619//6619 6672//6672
f 6628//6628 6595//6595 6668//6668
f 6611//6611 6668//6668 6595//6595
f 6639//6639 6622//6622 6673//6673
f 6640//6640 6672//6672 6619//6619
f 6630//6630 6658//6658 6629//6629
f 6630//6630 6659//6659 6674//6674
f 6642//6642 6651//6651 6664//6664
f 6675//6675 6670//6670 6652//6652
f 6647//6647 6671//6671 6676//6676
f 6610//6610 6672//6672 6666//6666
f 6611//6611 6657//6657 6677//6677
f 6633//6633 6664//6664 6678//6678
f 6634//6634 6645//6645 6679//6679
f 6648//6648 6656//6656 6680//6680
f 6662//6662 6670//6670 6681//6681
f 6682//6682 6675//6675 6652//6652
f 6652//6652 6653//6653 6682//6682
f 6653//6653 6647//6647 6682//6682
f 6683//6683 6671//6671 6663//6663
f 6663//6663 6654//6654 6683//6683
f 6668//6668 6611//6611 6677//6677
f 6648//6648 6684//6684 6643//6643
f 6684//6684 6648//6648 6680//6680
f 6676//6676 6671//6671 6685//6685
f 6677//6677 6657//6657 6686//6686
f 6687//6687 6686//6686 6657//6657
f 6658//6658 6687//6687 6657//6657
f 6658//6658 6630//6630 6674//6674
f 6688//6688 6674//6674 6659//6659
f 6659//6659 6655//6655 6688//6688
f 6689//6689 6690//6690 6660//6660
f 6660//6660 6661//6661 6689//6689
f 6661//6661 6633//6633 6678//6678
f 6669//6669 6635//6635 6691//6691
f 6635//6635 6665//6665 6692//6692
f 6693//6693 6681//6681 6670//6670
f 6693//6693 6670//6670 6675//6675
f 6675//6675 6682//6682 6694//6694
f 6683//6683 6685//6685 6671//6671
f 6695//6695 6673//6673 6622//6622
f 6622//6622 6666//6666 6695//6695
f 6640//6640 6667//6667 6696//6696
f 6690//6690 6688//6688 6655//6655
f 6655//6655 6660//6660 6690//6690
f 6661//6661 6678//6678 6689//6689
f 6679//6679 6651//6651 6634//6634
f 6645//6645 6669//6669 6697//6697
f 6692//6692 6691//6691 6635//6635
f 6665//6665 6636//6636 6698//6698
f 6636//6636 6643//6643 6698//6698
f 6684//6684 6698//6698 6643//6643
f 6680//6680 6656//6656 6699//6699
f 6694//6694 6682//6682 6700//6700
f 6682//6682 6647//6647 6700//6700
f 6701//6701 6672//6672 6640//6640
f 6640//6640 6696//6696 6701//6701
f 6697//6697 6679//6679 6645//6645
f 6669//6669 6691//6691 6697//6697
f 6702//6702 6700//6700 6647//6647
f 6647//6647 6676//6676 6702//6702
f 6703//6703 6687//6687 6658//6658
f 6674//6674 6703//6703 6658//6658
f 6675//6675 6694//6694 6704//6704
f 6694//6694 6700//6700 6704//6704
f 6654//6654 6685//6685 6683//6683
f 6639//6639 6705//6705 6654//6654
f 6673//6673 6705//6705 6639//6639
f 6689//6689 6678//6678 6706//6706
f 6678//6678 6664//6664 6706//6706
f 6692//6692 6665//6665 6698//6698
f 6707//6707 6693//6693 6675//6675
f 6675//6675 6704//6704 6707//6707
f 6668//6668 6677//6677 6686//6686
f 6664//6664 6651//6651 6679//6679
f 6699//6699 6709//6709 6680//6680
f 6710//6710 6685//6685 6654//6654
f 6711//6711 6695//6695 6666//6666
f 6666//6666 6672//6672 6711//6711
f 6667//6667 6668//6668 6712//6712
f 6686//6686 6712//6712 6668//6668
f 6674//6674 6688//6688 6713//6713
f 6714//6714 6706//6706 6664//6664
f 6697//6697 6715//6715 6679//6679
f 6664//6664 6679//6679 6714//6714
f 6699//6699 6693//6693 6716//6716
f 6700//6700 6702//6702 6717//6717
f 6717//6717 6704//6704 6700//6700
f 6702//6702 6708//6708 6718//6718
f 6676//6676 6685//6685 6708//6708
f 6705//6705 6710//6710 6654//6654
f 6712//6712 6696//6696 6667//6667
f 6687//6687 6703//6703 6719//6719
f 6720//6720 6703//6703 6674//6674
f 6674//6674 6713//6713 6720//6720
f 6689//6689 6721//6721 6690//6690
f 6709//6709 6684//6684 6680//6680
f 6722//6722 6707//6707 6704//6704
f 6711//6711 6673//6673 6695//6695
f 6720//6720 6719//6719 6703//6703
f 6697//6697 6691//6691 6723//6723
f 6692//6692 6723//6723 6691//6691
f 6716//6716 6693//6693 6725//6725
f 6693//6693 6707//6707 6725//6725
f 6717//6717 6722//6722 6704//6704
f 6717//6717 6702//6702 6718//6718
f 6672//6672 6701//6701 6711//6711
f 6726//6726 6688//6688 6690//6690
f 6690//6690 6721//6721 6726//6726
f 6721//6721 6689//6689 6727//6727
f 6728//6728 6714//6714 6679//6679
f 6685//6685 6710//6710 6729//6729
f 6730//6730 6711//6711 6701//6701
f 6701//6701 6696//6696 6730//6730
f 6712//6712 6686//6686 6731//6731
f 6713//6713 6688//6688 6732//6732
f 6715//6715 6728//6728 6679//6679
f 6715//6715 6697//6697 6733//6733
f 6707//6707 6722//6722 6725//6725
f 6722//6722 6717//6717 6734//6734
f 6717//6717 6718//6718 6734//6734
f 6735//6735 6685//6685 6729//6729
f 6736//6736 6696//6696 6712//6712
f 6732//6732 6720//6720 6713//6713
f 6726//6726 6732//6732 6688//6688
f 6727//6727 6689//6689 6706//6706
f 6698//6698 6737//6737 6692//6692
f 6738//6738 6684//6684 6709//6709
f 6716//6716 6738//6738 6709//6709
f 6718//6718 6708//6708 6739//6739
f 6698//6698 6684//6684 6724//6724
f 6725//6725 6740//6740 6716//6716
f 6739//6739 6734//6734 6718//6718
f 6705//6705 6741//6741 6710//6710
f 6742//6742 6673//6673 6711//6711
f 6687//6687 6731//6731 6686//6686
f 6732//6732 6726//6726 6743//6743
f 6744//6744 6743//6743 6726//6726
f 6721//6721 6744//6744 6726//6726
f 6723//6723 6733//6733 6697//6697
f 6737//6737 6723//6723 6692//6692
f 6724//6724 6737//6737 6698//6698
f 6724//6724 6684//6684 6745//6745
f 6740//6740 6738//6738 6716//6716
f 6734//6734 6725//6725 6722//6722
f 6708//6708 6735//6735 6739//6739
f 6729//6729 6710//6710 6741//6741
f 6731//6731 6736//6736 6712//6712
f 6746//6746 6731//6731 6687//6687
f 6719//6719 6746//6746 6687//6687
f 6706//6706 6714//6714 6747//6747
f 6748//6748 6728//6728 6715//6715
f 6715//6715 6733//6733 6748//6748
f 6747//6747 6749//6749 6727//6727
f 6727//6727 6706//6706 6747//6747
f 6684//6684 6738//6738 6745//6745
f 6739//6739 6735//6735 6750//6750
f 6729//6729 6750//6750 6735//6735
f 6751//6751 6752//6752 6732//6732
f 6753//6753 6721//6721 6727//6727
f 6728//6728 6747//6747 6714//6714
f 6705//6705 6673//6673 6754//6754
f 6742//6742 6754//6754 6673//6673
f 6711//6711 6730//6730 6742//6742
f 6696//6696 6736//6736 6755//6755
f 6720//6720 6732//6732 6752//6752
f 6756//6756 6757//6757 6753//6753
f 6753//6753 6727//6727 6758//6758
f 6748//6748 6759//6759 6728//6728
f 6733//6733 6723//6723 6760//6760
f 6745//6745 6738//6738 6761//6761
f 6725//6725 6734//6734 6762//6762
f 6763//6763 6734//6734 6739//6739
f 6764//6764 6763//6763 6739//6739
f 6739//6739 6750//6750 6764//6764
f 6755//6755 6730//6730 6696//6696
f 6756//6756 6753//6753 6758//6758
f 6765//6765 6748//6748 6733//6733
f 6723//6723 6737//6737 6766//6766
f 6761//6761 6738//6738 6740//6740
f 6741//6741 6767//6767 6729//6729
f 6741//6741 6705//6705 6768//6768
f 6754//6754 6768//6768 6705//6705
f 6754//6754 6742//6742 6769//6769
f 6770//6770 6771//6771 6746//6746
f 6746//6746 6719//6719 6770//6770
f 6720//6720 6770//6770 6719//6719
f 6727//6727 6772//6772 6758//6758
f 6759//6759 6747//6747 6728//6728
f 6766//6766 6760//6760 6723//6723
f 6737//6737 6724//6724 6773//6773
f 6745//6745 6773//6773 6724//6724
f 6762//6762 6740//6740 6725//6725
f 6774//6774 6764//6764 6750//6750
f 6767//6767 6750//6750 6729//6729
f 6768//6768 6767//6767 6741//6741
f 6742//6742 6730//6730 6769//6769
f 6730//6730 6755//6755 6775//6775
f 6771//6771 6731//6731 6746//6746
f 6720//6720 6752//6752 6770//6770
f 6752//6752 6776//6776 6777//6777
f 6779//6779 6778//6778 6776//6776
f 6757//6757 6779//6779 6776//6776
f 6727//6727 6749//6749 6780//6780
f 6760//6760 6765//6765 6733//6733
f 6773//6773 6766//6766 6737//6737
f 6740//6740 6781//6781 6761//6761
f 6782//6782 6763//6763 6764//6764
f 6774//6774 6782//6782 6764//6764
f 6767//6767 6774//6774 6750//6750
f 6775//6775 6783//6783 6730//6730
f 6736//6736 6775//6775 6755//6755
f 6784//6784 6770//6770 6752//6752
f 6777//6777 6776//6776 6778//6778
f 6756//6756 6779//6779 6757//6757
f 6756//6756 6758//6758 6785//6785
f 6786//6786 6780//6780 6749//6749
f 6748//6748 6765//6765 6787//6787
f 6762//6762 6781//6781 6740//6740
f 6762//6762 6734//6734 6788//6788
f 6769//6769 6730//6730 6783//6783
f 6770//6770 6784//6784 6789//6789
f 6749//6749 6747//6747 6786//6786
f 6747//6747 6759//6759 6786//6786
f 6759//6759 6748//6748 6787//6787
f 6734//6734 6763//6763 6788//6788
f 6774//6774 6767//6767 6790//6790
f 6754//6754 6769//6769 6791//6791
f 6777//6777 6778//6778 6792//6792
f 6793//6793 6792//6792 6778//6778
f 6779//6779 6756//6756 6794//6794
f 6785//6785 6794//6794 6756//6756
f 6795//6795 6796//6796 6780//6780
f 6786//6786 6795//6795 6780//6780
f 6765//6765 6760//6760 6797//6797
f 6773//6773 6745//6745 6798//6798
f 6761//6761 6798//6798 6745//6745
f 6799//6799 6790//6790 6767//6767
f 6767//6767 6768//6768 6799//6799
f 6768//6768 6754//6754 6791//6791
f 6778//6778 6779//6779 6793//6793
f 6797//6797 6787//6787 6765//6765
f 6760//6760 6766//6766 6800//6800
f 6801//6801 6781//6781 6762//6762
f 6788//6788 6801//6801 6762//6762
f 6802//6802 6791//6791 6769//6769
f 6783//6783 6802//6802 6769//6769
f 6731//6731 6775//6775 6736//6736
f 6731//6731 6771//6771 6803//6803
f 6771//6771 6770//6770 6803//6803
f 6789//6789 6803//6803 6770//6770
f 6794//6794 6793//6793 6779//6779
f 6787//6787 6786//6786 6759//6759
f 6763//6763 6782//6782 6804//6804
f 6805//6805 6782//6782 6790//6790
f 6799//6799 6805//6805 6790//6790
f 6792//6792 6806//6806 6777//6777
f 6792//6792 6793//6793 6807//6807
f 6797//6797 6808//6808 6787//6787
f 6800//6800 6797//6797 6760//6760
f 6773//6773 6798//6798 6809//6809
f 6798//6798 6761//6761 6810//6810
f 6781//6781 6810//6810 6761//6761
f 6781//6781 6801//6801 6811//6811
f 6799//6799 6768//6768 6812//6812
f 6731//6731 6803//6803 6813//6813
f 6793//6793 6794//6794 6807//6807
f 6785//6785 6772//6772 6814//6814
f 6796//6796 6814//6814 6772//6772
f 6786//6786 6787//6787 6808//6808
f 6766//6766 6773//6773 6809//6809
f 6815//6815 6801//6801 6788//6788
f 6804//6804 6788//6788 6763//6763
f 6805//6805 6804//6804 6782//6782
f 6805//6805 6799//6799 6812//6812
f 6768//6768 6791//6791 6812//6812
f 6802//6802 6816//6816 6791//6791
f 6783//6783 6775//6775 6817//6817
f 6818//6818 6786//6786 6819//6819
f 6786//6786 6808//6808 6819//6819
f 6800//6800 6820//6820 6797//6797
f 6811//6811 6810//6810 6781//6781
f 6816//6816 6812//6812 6791//6791
f 6817//6817 6802//6802 6783//6783
f 6806//6806 6792//6792 6821//6821
f 6807//6807 6821//6821 6792//6792
f 6794//6794 6785//6785 6814//6814
f 6796//6796 6795//6795 6822//6822
f 6818//6818 6822//6822 6795//6795
f 6818//6818 6819//6819 6823//6823
f 6808//6808 6797//6797 6820//6820
f 6798//6798 6810//6810 6824//6824
f 6804//6804 6815//6815 6788//6788
f 6822//6822 6818//6818 6823//6823
f 6819//6819 6808//6808 6825//6825
f 6800//6800 6766//6766 6826//6826
f 6766//6766 6809//6809 6826//6826
f 6811//6811 6824//6824 6810//6810
f 6811//6811 6801//6801 6827//6827
f 6815//6815 6827//6827 6801//6801
f 6828//6828 6815//6815 6804//6804
f 6823//6823 6819//6819 6829//6829
f 6800//6800 6826//6826 6820//6820
f 6809//6809 6798//6798 6824//6824
f 6804//6804 6805//6805 6828//6828
f 6830//6830 6831//6831 6832//6832
f 6821//6821 6807//6807 6833//6833
f 6807//6807 6794//6794 6834//6834
f 6794//6794 6814//6814 6834//6834
f 6833//6833 6835//6835 6821//6821
f 6814//6814 6796//6796 6836//6836
f 6808//6808 6820//6820 6825//6825
f 6824//6824 6837//6837 6809//6809
f 6827//6827 6838//6838 6811//6811
f 6828//6828 6805//6805 6839//6839
f 6812//6812 6839//6839 6805//6805
f 6816//6816 6840//6840 6812//6812
f 6816//6816 6802//6802 6841//6841
f 6842//6842 6841//6841 6802//6802
f 6842//6842 6802//6802 6817//6817
f 6822//6822 6836//6836 6796//6796
f 6829//6829 6822//6822 6823//6823
f 6820//6820 6826//6826 6843//6843
f 6826//6826 6809//6809 6837//6837
f 6824//6824 6811//6811 6838//6838
f 6812//6812 6840//6840 6839//6839
f 6844//6844 6840//6840 6816//6816
f 6841//6841 6844//6844 6816//6816
f 6845//6845 6829//6829 6819//6819
f 6819//6819 6825//6825 6845//6845
f 6825//6825 6820//6820 6846//6846
f 6820//6820 6843//6843 6846//6846
f 6837//6837 6843//6843 6826//6826
f 6827//6827 6815//6815 6828//6828
f 6813//6813 6847//6847 6848//6848
f 6849//6849 6847//6847 6830//6830
f 6830//6830 6832//6832 6849//6849
f 6835//6835 6849//6849 6832//6832
f 6836//6836 6834//6834 6814//6814
f 6824//6824 6850//6850 6837//6837
f 6824//6824 6838//6838 6850//6850
f 6840//6840 6844//6844 6851//6851
f 6822//6822 6829//6829 6852//6852
f 6829//6829 6845//6845 6852//6852
f 6853//6853 6845//6845 6825//6825
f 6825//6825 6846//6846 6853//6853
f 6840//6840 6851//6851 6839//6839
f 6844//6844 6841//6841 6854//6854
f 6841//6841 6842//6842 6854//6854
f 6842//6842 6817//6817 6848//6848
f 6817//6817 6813//6813 6848//6848
f 6849//6849 6835//6835 6855//6855
f 6836//6836 6822//6822 6856//6856
f 6857//6857 6843//6843 6837//6837
f 6858//6858 6857//6857 6837//6837
f 6837//6837 6850//6850 6858//6858
f 6827//6827 6859//6859 6838//6838
f 6848//6848 6847//6847 6861//6861
f 6849//6849 6861//6861 6847//6847
f 6855//6855 6862//6862 6849//6849
f 6807//6807 6834//6834 6833//6833
f 6852//6852 6856//6856 6822//6822
f 6850//6850 6838//6838 6859//6859
f 6828//6828 6839//6839 6864//6864
f 6851//6851 6864//6864 6839//6839
f 6854//6854 6851//6851 6844//6844
f 6854//6854 6842//6842 6860//6860
f 6842//6842 6848//6848 6860//6860
f 6861//6861 6849//6849 6862//6862
f 6835//6835 6833//6833 6865//6865
f 6834//6834 6865//6865 6833//6833
f 6834//6834 6836//6836 6866//6866
f 6865//6865 6862//6862 6855//6855
f 6855//6855 6835//6835 6865//6865
f 6864//6864 6859//6859 6827//6827
f 6827//6827 6828//6828 6864//6864
f 6856//6856 6866//6866 6836//6836
f 6846//6846 6843//6843 6867//6867
f 6843//6843 6863//6863 6867//6867
f 6843//6843 6857//6857 6863//6863
f 6868//6868 6854//6854 6860//6860
f 6852//6852 6869//6869 6870//6870
f 6859//6859 6871//6871 6858//6858
f 6860//6860 6848//6848 6872//6872
f 6861//6861 6862//6862 6873//6873
f 6862//6862 6865//6865 6874//6874
f 6875//6875 6874//6874 6865//6865
f 6865//6865 6834//6834 6875//6875
f 6866//6866 6875//6875 6834//6834
f 6856//6856 6852//6852 6866//6866
f 6870//6870 6866//6866 6852//6852
f 6859//6859 6864//6864 6871//6871
f 6860//6860 6872//6872 6868//6868
f 6874//6874 6876//6876 6862//6862
f 6877//6877 6870//6870 6869//6869
f 6863//6863 6878//6878 6867//6867
f 6871//6871 6879//6879 6858//6858
f 6851//6851 6854//6854 6880//6880
f 6876//6876 6873//6873 6862//6862
f 6876//6876 6874//6874 6881//6881
f 6882//6882 6883//6883 6877//6877
f 6870//6870 6877//6877 6884//6884
f 6883//6883 6884//6884 6877//6877
f 6882//6882 6885//6885 6883//6883
f 6886//6886 6883//6883 6885//6885
f 6885//6885 6867//6867 6886//6886
f 6867//6867 6878//6878 6886//6886
f 6864//6864 6880//6880 6887//6887
f 6888//6888 6880//6880 6854//6854
f 6868//6868 6888//6888 6854//6854
f 6889//6889 6875//6875 6866//6866
f 6887//6887 6871//6871 6864//6864
f 6872//6872 6873//6873 6876//6876
f 6874//6874 6875//6875 6889//6889
f 6866//6866 6870//6870 6889//6889
f 6871//6871 6890//6890 6879//6879
f 6872//6872 6891//6891 6868//6868
f 6884//6884 6889//6889 6870//6870
f 6878//6878 6879//6879 6890//6890
f 6889//6889 6881//6881 6874//6874
f 6890//6890 6871//6871 6892//6892
f 6891//6891 6872//6872 6893//6893
f 6895//6895 6884//6884 6883//6883
f 6896//6896 6886//6886 6878//6878
f 6892//6892 6896//6896 6890//6890
f 6871//6871 6887//6887 6892//6892
f 6894//6894 6893//6893 6872//6872
f 6888//6888 6868//6868 6897//6897
f 6898//6898 6897//6897 6868//6868
f 6891//6891 6898//6898 6868//6868
f 6895//6895 6894//6894 6876//6876
f 6881//6881 6895//6895 6876//6876
f 6899//6899 6881//6881 6889//6889
f 6883//6883 6886//6886 6900//6900
f 6892//6892 6887//6887 6901//6901
f 6887//6887 6902//6902 6901//6901
f 6894//6894 6900//6900 6893//6893
f 6899//6899 6895//6895 6881//6881
f 6900//6900 6894//6894 6895//6895
f 6886//6886 6896//6896 6900//6900
f 6900//6900 6896//6896 6898//6898
f 6897//6897 6898//6898 6896//6896
f 6896//6896 6901//6901 6897//6897
f 6134//6134 6164//6164 6121//6121
f 557//557 537//537 538//538
f 738//738 691//691 666//666
f 6782//6782 6774//6774 6790//6790
f 4613//4613 4664//4664 4535//4535
f 4017//4017 4043//4043 3966//3966
f 1310//1310 1429//1429 1374//1374
f 5542//5542 5705//5705 5594//5594
f 632//632 633//633 697//697
f 6462//6462 6488//6488 6502//6502
f 2529//2529 2569//2569 2559//2559
f 3257//3257 3457//3457 3429//3429
f 4920//4920 4971//4971 4823//4823
f 3545//3545 3451//3451 3557//3557
f 5926//5926 5951//5951 5972//5972
f 946//946 889//889 902//902
f 3373//3373 3371//3371 3453//3453
f 5105//5105 5226//5226 5132//5132
f 6191//6191 6204//6204 6177//6177
f 3836//3836 3847//3847 3801//3801
f 2559//2559 2524//2524 2529//2529
f 2971//2971 2874//2874 2921//2921
f 1173//1173 1272//1272 1180//1180
f 4734//4734 4823//4823 4770//4770
f 5466//5466 5551//5551 5407//5407
f 2430//2430 2407//2407 2365//2365
f 6872//6872 6876//6876 6894//6894
f 6892//6892 6901//6901 6896//6896
f 1139//1139 1168//1168 1103//1103
f 5120//5120 5248//5248 5104//5104
f 5153//5153 5224//5224 5247//5247
f 1337//1337 1386//1386 1377//1377
f 568//568 556//556 655//655
f 4076//4076 4077//4077 4096//4096
f 3856//3856 3911//3911 4001//4001
f 6848//6848 6861//6861 6873//6873
f 6851//6851 6880//6880 6864//6864
f 4526//4526 4515//4515 4422//4422
f 3918//3918 3858//3858 3907//3907
f 4742//4742 4664//4664 4613//4613
f 4367//4367 4339//4339 4242//4242
f 6878//6878 6863//6863 6879//6879
f 5103//5103 5078//5078 5102//5102
f 479//479 400//400 480//480
f 310//310 339//339 270//270
f 5362//5362 5327//5327 5435//5435
f 5435//5435 5327//5327 5328//5328
f 6090//6090 6069//6069 6096//6096
f 6090//6090 6055//6055 6069//6069
f 6315//6315 6346//6346 6319//6319
f 6315//6315 6316//6316 6346//6346
f 5289//5289 5332//5332 5356//5356
f 6020//6020 6061//6061 6019//6019
f 394//394 345//345 336//336
f 1777//1777 1884//1884 1906//1906
f 5356//5356 5382//5382 5440//5440
f 5449//5449 5440//5440 5382//5382
f 4726//4726 4853//4853 4687//4687
f 2657//2657 2682//2682 2635//2635
f 6406//6406 6410//6410 6401//6401
f 4567//4567 4444//4444 4586//4586
f 945//945 980//980 908//908
f 479//479 411//411 400//400
f 6708//6708 6702//6702 6676//6676
f 4141//4141 4250//4250 4131//4131
f 4131//4131 4250//4250 4168//4168
f 995//995 927//927 953//953
f 976//976 930//930 983//983
f 957//957 983//983 930//930
f 1272//1272 1173//1173 1278//1278
f 690//690 689//689 648//648
f 648//648 689//689 647//647
f 3161//3161 3296//3296 3234//3234
f 3348//3348 3234//3234 3296//3296
f 3041//3041 3065//3065 2992//2992
f 6427//6427 6463//6463 6442//6442
f 2544//2544 2497//2497 2436//2436
f 1165//1165 1104//1104 1092//1092
f 3373//3373 3472//3472 3451//3451
f 3330//3330 3138//3138 3192//3192
f 3280//3280 3138//3138 3330//3330
f 401//401 426//426 440//440
f 2590//2590 2659//2659 2615//2615
f 3827//3827 3731//3731 3804//3804
f 4428//4428 4477//4477 4289//4289
f 6852//6852 6845//6845 6869//6869
f 6845//6845 6853//6853 6869//6869
f 6708//6708 6685//6685 6735//6735
f 6878//6878 6890//6890 6896//6896
f 803//803 755//755 877//877
f 877//877 755//755 770//770
f 3206//3206 3208//3208 3244//3244
f 3306//3306 3327//3327 3230//3230
f 703//703 776//776 643//643
f 776//776 775//775 643//643
f 643//643 775//775 667//667
f 3593//3593 3539//3539 3553//3553
f 3593//3593 3521//3521 3539//3539
f 3539//3539 3482//3482 3553//3553
f 4834//4834 4974//4974 4832//4832
f 3450//3450 3327//3327 3419//3419
f 1786//1786 1869//1869 1793//1793
f 4109//4109 4067//4067 4144//4144
f 4144//4144 4067//4067 4124//4124
f 935//935 943//943 921//921
f 6090//6090 6096//6096 6121//6121
f 875//875 803//803 877//877
f 3917//3917 4040//4040 3923//3923
f 3923//3923 4040//4040 3994//3994
f 3558//3558 3595//3595 3606//3606
f 2436//2436 2497//2497 2393//2393
f 5283//5283 5301//5301 5408//5408
f 5301//5301 5337//5337 5408//5408
f 2831//2831 2877//2877 2907//2907
f 2831//2831 2791//2791 2877//2877
f 230//230 246//246 208//208
f 2011//2011 1982//1982 2005//2005
f 1982//1982 1983//1983 2005//2005
f 4068//4068 3893//3893 4102//4102
f 649//649 703//703 630//630
f 6709//6709 6699//6699 6716//6716
f 5002//5002 4984//4984 4941//4941
f 4941//4941 4984//4984 4872//4872
f 6786//6786 6818//6818 6795//6795
f 6288//6288 6303//6303 6279//6279
f 6309//6309 6303//6303 6288//6288
f 5408//5408 5397//5397 5491//5491
f 4733//4733 4822//4822 4668//4668
f 1827//1827 1787//1787 1780//1780
f 3807//3807 3655//3655 3791//3791
f 3655//3655 3807//3807 3698//3698
f 6431//6431 6391//6391 6403//6403
f 6431//6431 6430//6430 6419//6419
f 6431//6431 6419//6419 6391//6391
f 6087//6087 5984//5984 6045//6045
f 6087//6087 6039//6039 5984//5984
f 6045//6045 5984//5984 6016//6016
f 5632//5632 5537//5537 5558//5558
f 479//479 480//480 531//531
f 531//531 480//480 563//563
f 2715//2715 2635//2635 2682//2682
f 385//385 394//394 336//336
f 6381//6381 6401//6401 6380//6380
f 6401//6401 6381//6381 6406//6406
f 3784//3784 3863//3863 3775//3775
f 3775//3775 3863//3863 3844//3844
f 1032//1032 980//980 1017//1017
f 3131//3131 3007//3007 2933//2933
f 3090//3090 3007//3007 3131//3131
f 4634//4634 4618//4618 4840//4840
f 4618//4618 4695//4695 4840//4840
f 6527//6527 6483//6483 6521//6521
f 6426//6426 6521//6521 6483//6483
f 2897//2897 2940//2940 2936//2936
f 2936//2936 2940//2940 2965//2965
f 5486//5486 5391//5391 5538//5538
f 2936//2936 2861//2861 2897//2897
f 2897//2897 2861//2861 2871//2871
f 1941//1941 1934//1934 1984//1984
f 1984//1984 1982//1982 1941//1941
f 1780//1780 1894//1894 1827//1827
f 1894//1894 1910//1910 1827//1827
f 2990//2990 2965//2965 2940//2940
f 2965//2965 2990//2990 3015//3015
f 3559//3559 3471//3471 3510//3510
f 3453//3453 3510//3510 3471//3471
f 4515//4515 4504//4504 4687//4687
f 6578//6578 6589//6589 6590//6590
f 4011//4011 4051//4051 3988//3988
f 4051//4051 4011//4011 4012//4012
f 782//782 754//754 717//717
f 707//707 754//754 730//730
f 717//717 754//754 707//707
f 1436//1436 1377//1377 1386//1386
f 1377//1377 1436//1436 1418//1418
f 4054//4054 3992//3992 4028//4028
f 4006//4006 3992//3992 4054//4054
f 4006//4006 4054//4054 4027//4027
f 2934//2934 2954//2954 3002//3002
f 3002//3002 2954//2954 2963//2963
f 3002//3002 3020//3020 3001//3001
f 3020//3020 3002//3002 2963//2963
f 6796//6796 6772//6772 6780//6780
f 6780//6780 6772//6772 6727//6727
f 6144//6144 6169//6169 6123//6123
f 6123//6123 6169//6169 6135//6135
f 2165//2165 2202//2202 2180//2180
f 2244//2244 2202//2202 2165//2165
f 2999//2999 3089//3089 3071//3071
f 3080//3080 3072//3072 3111//3111
f 3080//3080 3111//3111 3089//3089
f 2820//2820 2921//2921 2874//2874
f 878//878 838//838 900//900
f 837//837 838//838 878//878
f 5229//5229 5000//5000 5001//5001
f 5164//5164 5229//5229 5001//5001
f 507//507 561//561 506//506
f 2618//2618 2518//2518 2537//2537
f 657//657 726//726 655//655
f 748//748 711//711 656//656
f 655//655 726//726 748//748
f 748//748 656//656 655//655
f 5466//5466 5456//5456 5261//5261
f 5261//5261 5456//5456 5291//5291
f 3717//3717 3715//3715 3683//3683
f 3804//3804 3731//3731 3715//3715
f 4723//4723 4761//4761 4739//4739
f 6125//6125 6138//6138 6147//6147
f 6130//6130 6147//6147 6161//6161
f 6161//6161 6147//6147 6168//6168
f 751//751 791//791 815//815
f 751//751 739//739 791//791
f 817//817 791//791 781//781
f 5317//5317 5236//5236 5327//5327
f 5236//5236 5131//5131 5327//5327
f 5237//5237 5327//5327 5131//5131
f 4827//4827 5051//5051 4924//4924
f 4827//4827 4793//4793 5051//5051
f 5051//5051 4793//4793 4925//4925
f 6693//6693 6699//6699 6681//6681
f 6699//6699 6656//6656 6681//6681
f 6656//6656 6662//6662 6681//6681
f 3980//3980 3991//3991 4013//4013
f 3961//3961 3991//3991 3952//3952
f 3980//3980 3952//3952 3991//3991
f 6345//6345 6373//6373 6344//6344
f 6345//6345 6361//6361 6399//6399
f 6420//6420 6416//6416 6399//6399
f 6345//6345 6399//6399 6373//6373
f 6416//6416 6373//6373 6399//6399
f 2537//2537 2518//2518 2456//2456
f 2537//2537 2456//2456 2430//2430
f 3588//3588 3673//3673 3655//3655
f 5465//5465 5383//5383 5455//5455
f 5383//5383 5358//5358 5455//5455
f 5132//5132 5051//5051 5105//5105
f 5105//5105 5051//5051 4925//4925
f 496//496 486//486 512//512
f 528//528 512//512 486//486
f 537//537 528//528 486//486
f 6879//6879 6863//6863 6857//6857
f 6858//6858 6850//6850 6859//6859
f 6857//6857 6858//6858 6879//6879
f 5120//5120 4958//4958 4982//4982
f 4958//4958 5120//5120 4825//4825
f 5104//5104 4825//4825 5120//5120
f 6867//6867 6885//6885 6846//6846
f 6853//6853 6882//6882 6877//6877
f 6853//6853 6877//6877 6869//6869
f 6882//6882 6846//6846 6885//6885
f 6853//6853 6846//6846 6882//6882
f 3440//3440 3322//3322 3412//3412
f 3322//3322 3348//3348 3412//3412
f 6244//6244 6277//6277 6279//6279
f 6289//6289 6277//6277 6290//6290
f 6294//6294 6290//6290 6277//6277
f 6289//6289 6288//6288 6277//6277
f 6277//6277 6288//6288 6279//6279
f 6280//6280 6293//6293 6294//6294
f 557//557 6903//6903 528//528
f 571//571 6903//6903 557//557
f 591//591 570//570 571//571
f 571//571 536//536 6903//6903
f 528//528 6903//6903 536//536
f 536//536 571//571 570//570
f 6461//6461 6437//6437 6485//6485
f 6478//6478 6485//6485 6441//6441
f 6501//6501 6485//6485 6478//6478
f 6485//6485 6501//6501 6522//6522
f 6437//6437 6420//6420 6441//6441
f 6437//6437 6441//6441 6485//6485
f 841//841 879//879 891//891
f 850//850 879//879 841//841
f 891//891 820//820 841//841
f 1513//1513 1472//1472 1378//1378
f 1468//1468 1354//1354 1472//1472
f 1403//1403 1472//1472 1354//1354
f 6721//6721 6753//6753 6744//6744
f 6752//6752 6751//6751 6776//6776
f 6744//6744 6753//6753 6743//6743
f 6776//6776 6751//6751 6743//6743
f 6776//6776 6743//6743 6757//6757
f 6757//6757 6743//6743 6753//6753
f 3914//3914 3972//3972 3982//3982
f 3914//3914 3928//3928 3972//3972
f 3928//3928 3890//3890 3972//3972
f 3890//3890 3891//3891 3965//3965
f 3965//3965 3972//3972 3890//3890
f 5991//5991 6041//6041 5972//5972
f 6041//6041 6042//6042 5961//5961
f 6068//6068 5961//5961 6042//6042
f 6053//6053 5961//5961 6068//6068
f 6089//6089 6053//6053 6068//6068
f 5972//5972 6041//6041 5961//5961
f 2775//2775 2666//2666 2727//2727
f 4462//4462 4510//4510 4415//4415
f 4462//4462 4676//4676 4662//4662
f 4662//4662 4510//4510 4462//4462
f 880//880 926//926 886//886
f 874//874 834//834 880//880
f 896//896 885//885 926//926
f 834//834 848//848 880//880
f 873//873 880//880 886//886
f 873//873 874//874 880//880
f 886//886 926//926 885//885
f 680//680 605//605 6904//6904
f 508//508 594//594 522//522
f 605//605 606//606 6904//6904
f 614//614 645//645 6905//6905
f 606//606 600//600 6904//6904
f 6905//6905 546//546 614//614
f 508//508 600//600 594//594
f 680//680 6904//6904 6905//6905
f 6904//6904 600//600 546//546
f 546//546 6905//6905 6904//6904
f 645//645 680//680 6905//6905
f 606//606 594//594 600//600
f 508//508 524//524 600//600
f 982//982 6906//6906 976//976
f 930//930 976//976 914//914
f 636//636 802//802 683//683
f 818//818 915//915 802//802
f 807//807 6907//6907 982//982
f 6907//6907 976//976 6906//6906
f 982//982 6907//6907 6906//6906
f 914//914 976//976 915//915
f 6907//6907 802//802 915//915
f 976//976 6907//6907 915//915
f 729//729 683//683 802//802
f 729//729 6907//6907 807//807
f 6907//6907 729//729 802//802
f 857//857 848//848 835//835
f 816//816 6908//6908 835//835
f 741//741 693//693 742//742
f 741//741 742//742 6908//6908
f 781//781 740//740 816//816
f 6908//6908 826//826 835//835
f 835//835 826//826 851//851
f 851//851 857//857 835//835
f 6908//6908 742//742 826//826
f 6908//6908 816//816 740//740
f 741//741 6908//6908 740//740
f 2922//2922 2963//2963 2954//2954
f 2922//2922 2812//2812 2756//2756
f 2867//2867 2812//2812 2922//2922
f 2867//2867 2922//2922 2954//2954
f 6505//6505 6525//6525 6543//6543
f 6544//6544 6543//6543 6525//6525
f 6543//6543 6493//6493 6505//6505
f 356//356 6909//6909 357//357
f 264//264 333//333 306//306
f 333//333 357//357 6909//6909
f 356//356 315//315 320//320
f 304//304 315//315 273//273
f 6909//6909 356//356 320//320
f 333//333 6909//6909 306//306
f 275//275 333//333 264//264
f 304//304 320//320 315//315
f 6909//6909 320//320 306//306
f 304//304 274//274 320//320
f 3275//3275 6910//6910 3404//3404
f 3350//3350 3446//3446 6911//6911
f 6911//6911 3233//3233 3244//3244
f 3480//3480 3580//3580 3461//3461
f 3446//3446 6910//6910 6911//6911
f 3275//3275 3233//3233 6910//6910
f 3404//3404 6910//6910 3446//3446
f 3244//3244 3350//3350 6911//6911
f 3524//3524 3404//3404 3580//3580
f 3404//3404 3446//3446 3461//3461
f 6910//6910 3233//3233 6911//6911
f 3580//3580 3404//3404 3461//3461
f 6775//6775 6813//6813 6817//6817
f 6775//6775 6731//6731 6813//6813
f 6803//6803 6789//6789 6830//6830
f 6784//6784 6831//6831 6789//6789
f 6830//6830 6789//6789 6831//6831
f 6803//6803 6847//6847 6813//6813
f 6830//6830 6847//6847 6803//6803
f 6806//6806 6831//6831 6777//6777
f 6784//6784 6752//6752 6777//6777
f 6784//6784 6777//6777 6831//6831
f 3128//3128 3150//3150 3126//3126
f 3206//3206 3168//3168 3207//3207
f 3207//3207 3168//3168 3209//3209
f 3198//3198 3188//3188 3242//3242
f 3188//3188 3128//3128 3127//3127
f 3243//3243 3127//3127 3168//3168
f 3188//3188 3127//3127 3242//3242
f 3168//3168 3206//3206 3243//3243
f 3126//3126 3150//3150 3172//3172
f 3242//3242 3127//3127 3243//3243
f 343//343 332//332 366//366
f 332//332 324//324 366//366
f 6912//6912 296//296 332//332
f 296//296 6912//6912 297//297
f 265//265 301//301 233//233
f 318//318 297//297 6912//6912
f 342//342 290//290 318//318
f 301//301 297//297 318//318
f 318//318 292//292 301//301
f 332//332 343//343 6912//6912
f 309//309 290//290 342//342
f 342//342 318//318 6912//6912
f 343//343 342//342 6912//6912
f 3677//3677 3560//3560 3650//3650
f 3331//3331 3560//3560 3518//3518
f 3375//3375 3280//3280 3519//3519
f 3519//3519 3330//3330 3331//3331
f 3330//3330 3519//3519 3280//3280
f 3519//3519 3331//3331 3518//3518
f 1841//1841 1793//1793 1869//1869
f 1778//1778 1759//1759 1842//1842
f 1842//1842 1759//1759 1793//1793
f 1759//1759 1746//1746 1793//1793
f 1793//1793 1841//1841 1842//1842
f 1925//1925 1869//1869 1917//1917
f 1746//1746 1759//1759 1674//1674
f 1865//1865 1841//1841 1925//1925
f 1869//1869 1925//1925 1841//1841
f 3073//3073 3113//3113 3031//3031
f 3142//3142 3166//3166 2912//2912
f 3112//3112 3136//3136 3135//3135
f 3125//3125 3113//3113 3136//3136
f 3177//3177 3165//3165 3135//3135
f 6914//6914 3177//3177 3136//3136
f 3177//3177 6914//6914 6913//6913
f 3136//3136 3177//3177 3135//3135
f 3166//3166 6913//6913 3099//3099
f 3111//3111 3112//3112 3135//3135
f 3180//3180 3177//3177 6913//6913
f 6913//6913 6914//6914 3113//3113
f 3129//3129 3166//3166 3104//3104
f 3166//3166 3129//3129 2912//2912
f 3180//3180 6913//6913 3166//3166
f 3113//3113 6914//6914 3136//3136
f 3099//3099 3104//3104 3166//3166
f 4811//4811 4813//4813 4878//4878
f 4955//4955 4993//4993 5109//5109
f 5074//5074 5255//5255 5109//5109
f 4955//4955 5057//5057 4813//4813
f 5181//5181 5034//5034 5057//5057
f 4840//4840 4811//4811 4878//4878
f 5057//5057 5109//5109 5181//5181
f 4813//4813 4812//4812 4955//4955
f 5261//5261 5291//5291 5181//5181
f 5255//5255 5261//5261 5181//5181
f 4812//4812 4822//4822 4955//4955
f 5109//5109 5057//5057 4955//4955
f 4878//4878 4813//4813 5057//5057
f 5255//5255 5181//5181 5109//5109
f 6888//6888 6902//6902 6880//6880
f 6895//6895 6899//6899 6884//6884
f 6884//6884 6899//6899 6889//6889
f 6891//6891 6900//6900 6898//6898
f 6895//6895 6883//6883 6900//6900
f 6893//6893 6900//6900 6891//6891
f 4335//4335 4286//4286 4378//4378
f 4235//4235 4160//4160 4249//4249
f 3960//3960 4001//4001 4047//4047
f 4047//4047 4060//4060 4059//4059
f 4249//4249 4286//4286 4235//4235
f 4235//4235 4286//4286 4196//4196
f 4301//4301 4196//4196 4286//4286
f 4059//4059 4169//4169 4160//4160
f 4060//4060 4169//4169 4059//4059
f 4335//4335 4301//4301 4286//4286
f 4169//4169 4249//4249 4160//4160
f 5012//5012 5081//5081 5145//5145
f 5354//5354 5463//5463 5308//5308
f 5524//5524 5600//5600 5388//5388
f 5600//5600 5497//5497 5388//5388
f 5600//5600 5462//5462 5497//5497
f 6915//6915 5354//5354 5309//5309
f 6915//6915 5145//5145 5081//5081
f 5463//5463 5354//5354 5249//5249
f 5249//5249 6915//6915 5095//5095
f 5497//5497 5249//5249 5388//5388
f 5081//5081 5095//5095 6915//6915
f 5145//5145 6915//6915 5309//5309
f 5497//5497 5463//5463 5249//5249
f 5309//5309 5188//5188 5145//5145
f 5249//5249 5354//5354 6915//6915
f 2334//2334 2231//2231 2280//2280
f 2280//2280 2158//2158 2105//2105
f 2079//2079 2065//2065 2066//2066
f 2119//2119 2118//2118 2190//2190
f 2119//2119 2110//2110 2065//2065
f 2158//2158 2280//2280 2231//2231
f 2158//2158 2231//2231 2118//2118
f 2065//2065 2079//2079 2119//2119
f 4583//4583 4679//4679 4698//4698
f 4865//4865 4958//4958 4815//4815
f 4679//4679 4577//4577 4560//4560
f 4698//4698 4730//4730 4815//4815
f 4560//4560 4577//4577 4476//4476
f 4730//4730 4679//4679 4560//4560
f 4679//4679 4730//4730 6916//6916
f 4865//4865 4815//4815 4730//4730
f 4730//4730 4698//4698 6916//6916
f 4698//4698 4679//4679 6916//6916
f 4877//4877 5121//5121 5067//5067
f 5052//5052 4893//4893 4913//4913
f 5018//5018 5121//5121 5017//5017
f 5122//5122 5121//5121 5018//5018
f 4708//4708 4774//4774 4659//4659
f 4704//4704 4774//4774 6917//6917
f 4860//4860 4821//4821 4876//4876
f 4973//4973 5052//5052 5081//5081
f 4831//4831 6918//6918 4788//4788
f 6919//6919 4973//4973 4909//4909
f 4913//4913 4893//4893 4831//4831
f 4877//4877 4909//4909 4902//4902
f 4704//4704 6917//6917 4778//4778
f 4893//4893 6918//6918 4831//4831
f 4774//4774 4788//4788 6917//6917
f 4893//4893 6919//6919 6918//6918
f 5121//5121 4877//4877 4976//4976
f 5121//5121 4976//4976 5017//5017
f 4877//4877 4902//4902 4976//4976
f 4659//4659 4774//4774 4704//4704
f 6919//6919 4876//4876 6918//6918
f 4893//4893 5052//5052 4973//4973
f 4909//4909 4876//4876 6919//6919
f 4876//4876 6917//6917 4788//4788
f 4876//4876 4788//4788 6918//6918
f 4973//4973 4806//4806 4902//4902
f 4778//4778 4876//4876 4821//4821
f 4902//4902 4862//4862 4976//4976
f 4973//4973 4902//4902 4909//4909
f 4778//4778 6917//6917 4876//4876
f 4973//4973 6919//6919 4893//4893
f 4940//4940 4905//4905 4990//4990
f 5045//5045 4990//4990 4905//4905
f 4907//4907 4954//4954 4981//4981
f 4939//4939 4990//4990 5045//5045
f 5090//5090 5089//5089 6920//6920
f 4985//4985 6921//6921 4947//4947
f 4926//4926 6922//6922 4818//4818
f 6923//6923 4947//4947 6924//6924
f 4927//4927 6925//6925 4926//4926
f 4889//4889 4947//4947 6923//6923
f 4818//4818 6922//6922 4817//4817
f 6926//6926 6927//6927 6923//6923
f 4954//4954 4908//4908 6922//6922
f 4927//4927 4968//4968 6925//6925
f 6926//6926 6928//6928 5089//5089
f 4883//4883 4968//4968 4884//4884
f 6926//6926 6922//6922 6927//6927
f 6922//6922 6925//6925 6927//6927
f 4817//4817 6922//6922 4908//4908
f 6928//6928 6924//6924 6921//6921
f 6928//6928 6923//6923 6924//6924
f 6920//6920 5076//5076 5090//5090
f 6928//6928 6921//6921 6920//6920
f 6923//6923 4890//4890 4889//4889
f 6922//6922 4926//4926 6925//6925
f 5088//5088 4981//4981 4954//4954
f 6926//6926 5089//5089 4954//4954
f 4885//4885 6929//6929 6927//6927
f 5089//5089 6928//6928 6920//6920
f 4954//4954 5089//5089 5088//5088
f 6924//6924 4947//4947 6921//6921
f 4968//4968 4990//4990 4939//4939
f 4927//4927 4990//4990 4968//4968
f 4884//4884 4968//4968 4939//4939
f 6929//6929 6923//6923 6927//6927
f 4883//4883 6925//6925 4968//4968
f 6923//6923 6929//6929 4890//4890
f 6925//6925 4883//4883 6927//6927
f 6926//6926 6923//6923 6928//6928
f 6921//6921 5076//5076 6920//6920
f 6926//6926 4954//4954 6922//6922
f 6930//6930 6929//6929 4885//4885
f 6927//6927 4883//4883 4885//4885
f 6931//6931 15//15 14//14
f 24//24 21//21 23//23
f 12//12 11//11 6932//6932
f 89//89 88//88 86//86
f 91//91 89//89 6933//6933
f 92//92 91//91 6933//6933
f 6937//6937 6936//6936 89//89
f 11//11 9//9 6932//6932
f 6940//6940 23//23 6938//6938
f 6941//6941 6934//6934 6942//6942
f 16//16 80//80 6931//6931
f 6933//6933 93//93 92//92
f 6943//6943 55//55 6942//6942
f 6940//6940 6938//6938 49//49
f 19//19 16//16 6944//6944
f 93//93 6936//6936 8//8
f 86//86 6937//6937 89//89
f 6940//6940 27//27 24//24
f 6944//6944 6934//6934 6941//6941
f 27//27 6940//6940 49//49
f 6939//6939 19//19 6944//6944
f 21//21 6939//6939 23//23
f 6941//6941 55//55 52//52
f 19//19 6939//6939 20//20
f 55//55 6943//6943 84//84
f 80//80 15//15 6931//6931
f 6935//6935 6945//6945 6946//6946
f 6946//6946 6945//6945 6947//6947
f 6939//6939 21//21 20//20
f 24//24 23//23 6940//6940
f 6941//6941 52//52 50//50
f 52//52 51//51 50//50
f 6948//6948 6943//6943 6942//6942
f 6941//6941 6942//6942 55//55
f 6945//6945 6935//6935 58//58
f 6932//6932 6947//6947 12//12
f 6944//6944 6931//6931 6934//6934
f 6932//6932 6946//6946 6947//6947
f 6944//6944 6941//6941 6939//6939
f 59//59 6937//6937 86//86
f 6943//6943 6948//6948 84//84
f 57//57 6948//6948 58//58
f 6941//6941 50//50 6938//6938
f 6935//6935 6937//6937 59//59
f 57//57 84//84 6948//6948
f 6948//6948 6947//6947 6945//6945
f 58//58 6948//6948 6945//6945
f 6946//6946 6932//6932 9//9
f 89//89 6936//6936 6933//6933
f 6933//6933 6936//6936 93//93
f 6938//6938 23//23 6939//6939
f 6946//6946 9//9 6935//6935
f 9//9 6936//6936 6935//6935
f 6947//6947 6942//6942 14//14
f 12//12 6947//6947 14//14
f 48//48 27//27 49//49
f 6942//6942 6934//6934 6931//6931
f 6935//6935 59//59 58//58
f 50//50 49//49 6938//6938
f 6941//6941 6938//6938 6939//6939
f 14//14 6942//6942 6931//6931
f 8//8 6936//6936 9//9
f 6936//6936 6937//6937 6935//6935
f 6942//6942 6947//6947 6948//6948
f 16//16 6931//6931 6944//6944
f 52//52 55//55 54//54
f 6235//6235 6254//6254 6241//6241
f 6204//6204 6949//6949 6216//6216
f 6233//6233 6263//6263 6228//6228
f 6228//6228 6225//6225 6221//6221
f 6228//6228 6263//6263 6225//6225
f 6259//6259 6250//6250 6249//6249
f 6223//6223 6951//6951 6242//6242
f 6254//6254 6235//6235 6258//6258
f 6258//6258 6255//6255 6254//6254
f 6230//6230 6216//6216 6950//6950
f 6222//6222 6949//6949 6204//6204
f 6231//6231 6241//6241 6950//6950
f 6223//6223 6225//6225 6951//6951
f 6242//6242 6951//6951 6262//6262
f 6950//6950 6216//6216 6949//6949
f 6250//6250 6236//6236 6262//6262
f 6240//6240 6950//6950 6949//6949
f 6949//6949 6222//6222 6240//6240
f 6265//6265 6950//6950 6256//6256
f 6258//6258 6235//6235 6232//6232
f 6950//6950 6265//6265 6230//6230
f 6230//6230 6265//6265 6266//6266
f 6253//6253 6230//6230 6266//6266
f 6231//6231 6950//6950 6240//6240
f 6262//6262 6951//6951 6263//6263
f 6225//6225 6263//6263 6951//6951
f 6258//6258 6232//6232 6259//6259
f 6262//6262 6236//6236 6242//6242
f 6236//6236 6250//6250 6259//6259
f 6236//6236 6259//6259 6232//6232
f 6950//6950 6254//6254 6256//6256
f 6254//6254 6950//6950 6241//6241
f 6262//6262 6251//6251 6250//6250
f 6751//6751 6732//6732 6743//6743
f 2102//2102 2165//2165 2180//2180
f 4490//4490 4500//4500 4583//4583
f 751//751 738//738 739//739
f 4233//4233 4190//4190 4019//4019
f 6072//6072 6087//6087 6045//6045
f 5485//5485 5505//5505 5525//5525
f 301//301 292//292 233//233
f 3852//3852 3789//3789 3833//3833
f 537//537 557//557 528//528
f 3907//3907 4036//4036 4097//4097
f 4985//4985 5039//5039 6921//6921
f 6921//6921 5039//5039 5076//5076
f 6872//6872 6848//6848 6873//6873
f 438//438 458//458 396//396
f 4027//4027 4015//4015 4006//4006
f 2674//2674 2675//2675 2697//2697
f 446//446 352//352 399//399
f 352//352 271//271 399//399
f 6835//6835 6832//6832 6806//6806
f 6821//6821 6835//6835 6806//6806
f 6831//6831 6806//6806 6832//6832
f 3842//3842 3943//3943 3891//3891
f 5698//5698 5645//5645 5656//5656
f 6897//6897 6901//6901 6888//6888
f 6901//6901 6902//6902 6888//6888
f 3113//3113 3099//3099 6913//6913
f 2263//2263 2225//2225 2267//2267
f 6880//6880 6902//6902 6887//6887
f 6785//6785 6758//6758 6772//6772
f 3383//3383 3272//3272 3416//3416
f 3272//3272 3294//3294 3416//3416
f 62//62 6952//6952 107//107
f 29//29 71//71 30//30
f 32//32 30//30 6953//6953
f 6//6 70//70 7//7
f 3//3 6//6 4//4
f 66//66 64//64 67//67
f 108//108 63//63 65//65
f 1//1 6952//6952 62//62
f 106//106 6954//6954 2//2
f 113//113 104//104 6954//6954
f 105//105 104//104 113//113
f 74//74 42//42 6955//6955
f 74//74 6955//6955 43//43
f 32//32 36//36 34//34
f 2//2 6956//6956 6957//6957
f 6957//6957 6956//6956 6958//6958
f 6959//6959 6960//6960 6955//6955
f 1//1 2//2 6957//6957
f 107//107 6952//6952 6959//6959
f 32//32 6953//6953 6961//6961
f 41//41 40//40 6962//6962
f 37//37 36//36 39//39
f 6959//6959 6955//6955 41//41
f 2//2 6954//6954 6956//6956
f 6//6 3//3 6964//6964
f 1//1 6960//6960 6952//6952
f 6957//6957 6960//6960 1//1
f 6959//6959 6952//6952 6960//6960
f 6953//6953 70//70 6//6
f 6962//6962 6965//6965 63//63
f 44//44 75//75 46//46
f 6962//6962 6959//6959 41//41
f 6963//6963 40//40 39//39
f 36//36 6963//6963 39//39
f 6966//6966 77//77 75//75
f 104//104 6967//6967 6956//6956
f 44//44 6966//6966 75//75
f 67//67 64//64 3//3
f 6963//6963 3//3 6965//6965
f 6963//6963 6961//6961 6964//6964
f 113//113 6954//6954 106//106
f 44//44 6967//6967 6966//6966
f 6//6 6964//6964 6961//6961
f 6965//6965 6962//6962 40//40
f 6961//6961 6963//6963 36//36
f 6955//6955 6967//6967 43//43
f 6962//6962 63//63 107//107
f 6958//6958 6960//6960 6957//6957
f 6956//6956 6955//6955 6958//6958
f 42//42 41//41 6955//6955
f 107//107 63//63 108//108
f 6956//6956 6967//6967 6955//6955
f 77//77 6967//6967 104//104
f 6961//6961 6953//6953 6//6
f 32//32 6961//6961 36//36
f 6965//6965 3//3 63//63
f 44//44 43//43 6967//6967
f 30//30 71//71 6953//6953
f 64//64 63//63 3//3
f 107//107 6959//6959 6962//6962
f 104//104 6956//6956 6954//6954
f 6963//6963 6965//6965 40//40
f 71//71 70//70 6953//6953
f 30//30 32//32 31//31
f 6955//6955 6960//6960 6958//6958
f 6966//6966 6967//6967 77//77
f 6964//6964 3//3 6963//6963
f 2491//2491 6968//6968 2458//2458
f 6968//6968 6969//6969 2458//2458
f 6968//6968 2477//2477 6969//6969
f 2477//2477 2511//2511 6969//6969
f 2493//2493 6969//6969 2511//2511
f 2493//2493 2494//2494 6969//6969
f 2379//2379 2494//2494 2437//2437
f 2379//2379 2380//2380 2494//2494
f 2458//2458 6969//6969 6971//6971
f 6971//6971 6972//6972 6970//6970
f 6971//6971 2494//2494 6972//6972
f 6970//6970 2458//2458 6971//6971
f 2289//2289 2343//2343 2380//2380
f 2214//2214 2302//2302 2291//2291
f 2302//2302 2332//2332 2343//2343
f 2343//2343 2291//2291 2302//2302
f 2371//2371 2458//2458 6970//6970
f 2343//2343 2371//2371 6970//6970
f 2494//2494 2380//2380 6972//6972
f 2343//2343 2332//2332 2371//2371
f 6971//6971 6969//6969 2494//2494
f 6970//6970 6972//6972 2343//2343
f 6972//6972 2380//2380 2343//2343
f 2491//2491 6973//6973 6968//6968
f 2477//2477 6968//6968 6974//6974
f 2355//2355 6975//6975 2432//2432
f 6973//6973 2481//2481 6975//6975
f 2339//2339 6976//6976 6975//6975
f 2261//2261 2323//2323 6977//6977
f 2323//2323 6978//6978 6976//6976
f 6975//6975 6976//6976 6973//6973
f 6977//6977 2301//2301 2261//2261
f 6968//6968 6973//6973 6974//6974
f 2301//2301 6977//6977 2339//2339
f 2405//2405 6978//6978 2357//2357
f 2432//2432 6975//6975 2481//2481
f 6978//6978 6974//6974 6973//6973
f 2491//2491 2481//2481 6973//6973
f 6974//6974 6978//6978 2405//2405
f 2438//2438 6974//6974 2405//2405
f 6975//6975 2355//2355 2339//2339
f 2323//2323 2357//2357 6978//6978
f 2240//2240 2323//2323 2261//2261
f 2477//2477 6974//6974 2438//2438
f 6977//6977 2323//2323 6976//6976
f 2339//2339 6977//6977 6976//6976
f 6973//6973 6976//6976 6978//6978
f 4971//4971 5079//5079 4956//4956
f 5218//5218 5172//5172 5301//5301
f 6979//6979 5007//5007 5072//5072
f 4956//4956 5038//5038 4994//4994
f 4975//4975 4948//4948 5016//5016
f 5078//5078 5049//5049 5102//5102
f 4882//4882 4904//4904 4885//4885
f 4967//4967 4885//4885 4904//4904
f 6980//6980 5007//5007 6979//6979
f 5037//5037 5038//5038 6980//6980
f 5015//5015 5102//5102 5049//5049
f 4945//4945 4967//4967 4944//4944
f 4892//4892 4945//4945 6981//6981
f 5014//5014 5016//5016 4948//4948
f 5007//5007 6980//6980 6982//6982
f 5015//5015 5014//5014 6983//6983
f 6982//6982 6983//6983 6981//6981
f 6979//6979 5127//5127 5037//5037
f 5007//5007 6982//6982 4945//4945
f 5075//5075 5127//5127 5172//5172
f 5037//5037 6980//6980 6979//6979
f 4892//4892 4890//4890 6929//6929
f 4885//4885 4967//4967 6930//6930
f 6983//6983 5102//5102 5015//5015
f 5262//5262 5337//5337 5301//5301
f 6930//6930 4945//4945 6929//6929
f 4945//4945 6982//6982 6981//6981
f 6983//6983 6980//6980 5038//5038
f 5014//5014 6981//6981 6983//6983
f 6979//6979 5172//5172 5127//5127
f 5079//5079 5038//5038 4956//4956
f 6980//6980 6983//6983 6982//6982
f 4945//4945 4892//4892 6929//6929
f 5079//5079 6983//6983 5038//5038
f 4944//4944 5007//5007 4945//4945
f 5301//5301 5172//5172 5246//5246
f 5246//5246 5262//5262 5301//5301
f 4892//4892 6981//6981 5014//5014
f 4892//4892 5014//5014 4948//4948
f 5172//5172 5072//5072 5246//5246
f 5079//5079 5102//5102 6983//6983
f 6930//6930 4967//4967 4945//4945
f 6979//6979 5072//5072 5172//5172
f 4752//4752 4873//4873 4820//4820
f 4857//4857 4886//4886 4910//4910
f 4692//4692 6984//6984 4681//4681
f 4886//4886 6985//6985 4841//4841
f 6986//6986 6987//6987 6988//6988
f 4791//4791 4835//4835 6988//6988
f 4804//4804 4934//4934 4872//4872
f 4659//4659 4661//4661 4682//4682
f 4841//4841 6989//6989 4779//4779
f 4874//4874 4941//4941 4934//4934
f 6990//6990 6991//6991 6989//6989
f 6992//6992 6993//6993 4692//4692
f 6994//6994 6987//6987 6986//6986
f 6985//6985 6988//6988 6987//6987
f 4789//4789 4749//4749 4835//4835
f 4872//4872 4934//4934 4941//4941
f 4779//4779 6991//6991 4645//4645
f 4910//4910 4886//4886 4931//4931
f 6990//6990 6989//6989 6994//6994
f 6994//6994 6993//6993 6990//6990
f 6995//6995 4820//4820 4874//4874
f 4721//4721 4720//4720 6992//6992
f 6993//6993 6992//6992 4720//4720
f 6995//6995 4874//4874 4934//4934
f 6993//6993 6984//6984 4692//4692
f 6985//6985 4886//4886 4857//4857
f 6991//6991 4680//4680 4645//4645
f 6991//6991 4779//4779 6989//6989
f 4804//4804 4782//4782 4934//4934
f 6989//6989 6985//6985 6987//6987
f 6988//6988 4857//4857 4791//4791
f 6996//6996 4820//4820 6995//6995
f 6988//6988 6985//6985 4857//4857
f 4720//4720 6996//6996 6993//6993
f 4934//4934 4782//4782 6995//6995
f 4841//4841 6985//6985 6989//6989
f 6984//6984 6993//6993 6994//6994
f 6994//6994 6989//6989 6987//6987
f 4692//4692 4661//4661 4721//4721
f 6995//6995 6990//6990 6993//6993
f 6995//6995 6993//6993 6996//6996
f 6991//6991 4782//4782 4680//4680
f 6991//6991 6990//6990 4782//4782
f 4835//4835 4749//4749 6986//6986
f 4692//4692 4721//4721 6992//6992
f 6994//6994 6986//6986 6984//6984
f 4835//4835 6986//6986 6988//6988
f 6990//6990 6995//6995 4782//4782
f 4749//4749 6984//6984 6986//6986
f 3247//3247 3246//3246 3250//3250
f 3190//3190 3288//3288 3200//3200
f 3305//3305 3202//3202 3249//3249
f 3232//3232 3205//3205 3246//3246
f 3308//3308 3271//3271 3424//3424
f 3369//3369 3288//3288 3287//3287
f 3200//3200 3288//3288 3271//3271
f 3189//3189 3147//3147 3251//3251
f 3250//3250 3205//3205 3203//3203
f 3245//3245 3269//3269 3246//3246
f 3541//3541 3646//3646 3525//3525
f 3203//3203 3202//3202 3189//3189
f 3251//3251 3250//3250 3189//3189
f 3829//3829 3848//3848 3920//3920
f 3189//3189 3202//3202 3305//3305
f 3189//3189 3305//3305 3190//3190
f 3646//3646 3766//3766 3746//3746
f 3189//3189 3148//3148 3147//3147
f 3191//3191 3251//3251 3147//3147
f 3288//3288 3369//3369 3271//3271
f 3746//3746 3848//3848 3829//3829
f 3746//3746 3766//3766 3848//3848
f 3528//3528 3525//3525 3649//3649
f 3246//3246 3265//3265 3232//3232
f 3246//3246 3269//3269 3265//3265
f 3146//3146 3200//3200 3271//3271
f 3908//3908 3920//3920 3848//3848
f 3424//3424 3271//3271 3488//3488
f 3525//3525 3646//3646 3746//3746
f 3269//3269 3268//3268 3265//3265
f 3369//3369 3488//3488 3271//3271
f 3200//3200 3146//3146 3148//3148
f 3205//3205 3250//3250 3246//3246
f 3525//3525 3424//3424 3488//3488
f 3746//3746 3649//3649 3525//3525
f 3424//3424 3525//3525 3528//3528
f 3250//3250 3203//3203 3189//3189
f 3267//3267 3265//3265 3268//3268
f 4820//4820 6996//6996 4720//4720
f 3292//3292 3270//3270 3245//3245
f 3269//3269 3245//3245 3270//3270
f 4660//4660 4721//4721 4661//4661
f 4681//4681 6984//6984 4682//4682
f 6984//6984 4749//4749 4682//4682
f 4774//4774 4708//4708 4750//4750
