v 0.17375 0.0384711 0.100274
v 0.240441 0.0330815 0.119631
v 0.258847 0.0370812 0.105077
v 0.273838 0.0468713 0.0745663
v 0.499059 0.0733627 0.01442
v 0.477581 0.0670245 0.0660168
v 0.44308 0.0522367 0.174299
v 0.446588 0.0489968 0.198587
v 0.446807 0.0488911 0.210931
v 0.474752 0.0425912 0.242553
v 0.50812 0.0401142 0.220557
v 0.524107 0.0399876 0.196551
v 0.540632 0.0421749 0.157211
v 0.330694 0.087129 -0.0160693
v 0.336575 0.0951599 -0.0325012
v 0.32556 0.0812403 -0.00138574
v 0.328252 0.110747 -0.0604911
v 0.188281 0.0510213 0.0487553
v 0.173376 0.043845 0.0781199
v 0.174646 0.0395801 0.106773
v 0.177603 0.0356876 0.119658
v 0.191514 0.0283455 0.142062
v 0.206175 0.0243628 0.149878
v 0.279125 0.0501469 0.0704557
v 0.292141 0.0576639 0.0471643
v 0.470386 0.0634879 0.0891252
v 0.457796 0.0584515 0.124952
v 0.445997 0.0557021 0.158197
v 0.448539 0.0474516 0.228238
v 0.453285 0.0439879 0.241898
v 0.48901 0.0410687 0.240631
v 0.513838 0.0414678 0.216732
v 0.522009 0.040264 0.204911
v 0.539043 0.044313 0.172008
v 0.545552 0.0432688 0.154937
v 0.551155 0.0514876 0.0970999
v 0.554048 0.0586999 0.0510444
v 0.546953 0.0450583 0.147275
v 0.552514 0.0514597 0.107361
v 0.55423 0.0570024 0.0713734
v 0.554173 0.0652479 0.0247304
v 0.551741 0.0711911 0.00668956
v 0.502511 0.0766393 0.00509043
v 0.468924 0.0681167 0.0880518
v 0.449177 0.0521292 0.22057
v 0.456916 0.0473282 0.245389
v 0.47928 0.0473473 0.239852
v 0.231052 0.0308829 0.135174
v 0.249869 0.0358436 0.116314
v 0.264788 0.0406878 0.0981367
v 0.329749 0.0834884 -0.00182188
v 0.342493 0.102821 -0.038299
v 0.338034 0.10839 -0.0497474
v 0.305464 0.112988 -0.0626633
v 0.28624 0.104267 -0.047211
v 0.252931 0.085336 -0.0162798
v 0.215986 0.0659438 0.0165342
v 0.200675 0.0580846 0.0349041
v 0.17321 0.0405949 0.10053
v 0.198093 0.0238861 0.147513
v 0.219972 0.0271551 0.145559
v 0.230145 0.0337951 0.13782
v 0.503832 0.0449117 0.223253
v 0.530518 0.0419066 0.193239
v 0.547699 0.0478411 0.149066
v 0.555715 0.0619008 0.0450587
v 0.555441 0.0700871 0.0236992
v 0.541579 0.0743474 -0.00724513
v 0.531645 0.0777713 -0.0122853
v 0.496261 0.0748495 0.0167979
v 0.475651 0.0694428 0.0648205
v 0.456945 0.0626178 0.125532
v 0.443916 0.0525171 0.192374
v 0.446099 0.0503479 0.2144
v 0.454528 0.0546758 0.220438
v 0.461994 0.0459939 0.248957
v 0.297669 0.06336 0.0474969
v 0.342469 0.108782 -0.0446586
v 0.332255 0.113731 -0.0602446
v 0.29167 0.109863 -0.0531853
v 0.245757 0.0834898 -0.0107718
v 0.214461 0.067608 0.0166608
v 0.191632 0.0578654 0.0434624
v 0.179807 0.0495934 0.0685149
v 0.174362 0.0472985 0.080031
v 0.18231 0.0361661 0.129024
v 0.191819 0.0328003 0.139729
v 0.208594 0.0305023 0.151193
v 0.528109 0.0497367 0.196
v 0.549867 0.0556153 0.132674
v 0.553677 0.0546263 0.104431
v 0.486516 0.0725534 0.039975
v 0.452674 0.0618228 0.140103
v 0.489206 0.0456182 0.236728
v 0.31609 0.0754933 0.0244683
v 0.317345 0.11477 -0.0640945
v 0.300796 0.114735 -0.057591
v 0.261613 0.0930723 -0.0254604
v 0.200518 0.061178 0.0331308
v 0.18307 0.0545323 0.0631732
v 0.181288 0.0435508 0.110594
v 0.533529 0.0482015 0.188473
v 0.553828 0.0580263 0.104428
v 0.554998 0.0620186 0.0715416
v 0.505957 0.0811374 0.00292285
v 0.461276 0.0725361 0.115287
v 0.454664 0.0673421 0.141445
v 0.445146 0.0625449 0.178864
v 0.513755 0.0500572 0.208326
v 0.262586 0.0425696 0.104074
v 0.279621 0.0540043 0.0784717
v 0.293971 0.0637045 0.0573798
v 0.311268 0.118786 -0.0612376
v 0.241961 0.0858556 -0.00392326
v 0.20257 0.0654766 0.0343925
v 0.223473 0.0356102 0.141517
v 0.201366 0.0299347 0.15254
v 0.54592 0.0512155 0.156492
v 0.554538 0.0660233 0.0681818
v 0.554024 0.07244 0.0148117
v 0.522794 0.0812303 -0.0110001
v 0.477746 0.0762838 0.0586092
v 0.480229 0.0539851 0.227719
v 0.516785 0.0539402 0.199702
v 0.234638 0.0394248 0.13174
v 0.249489 0.0423323 0.118811
v 0.254836 0.0527099 0.11453
v 0.288203 0.0623986 0.0678593
v 0.315344 0.0779683 0.0294625
v 0.323681 0.0823493 0.0156105
v 0.340004 0.0986501 -0.0271187
v 0.243611 0.0845246 -0.00770962
v 0.215776 0.0712244 0.0171313
v 0.188251 0.0596716 0.0643297
v 0.181308 0.0498386 0.0938713
v 0.190315 0.0466459 0.116866
v 0.196606 0.0392683 0.134498
v 0.20646 0.035203 0.148529
v 0.544551 0.0565195 0.156991
v 0.540492 0.0844576 -0.00732546
v 0.530331 0.0884072 -0.00911264
v 0.47326 0.076219 0.0736162
v 0.488609 0.0624215 0.203715
v 0.493888 0.0544448 0.216057
v 0.309635 0.080241 0.0408167
v 0.32195 0.0873901 0.0222773
v 0.341009 0.112964 -0.0315107
v 0.336918 0.117652 -0.0536747
v 0.32985 0.120513 -0.0595882
v 0.283869 0.106287 -0.0467855
v 0.268978 0.103874 -0.0271475
v 0.209481 0.0723723 0.0367652
v 0.191518 0.0629112 0.0495534
v 0.210995 0.0457805 0.129376
v 0.202366 0.0390657 0.142412
v 0.21642 0.0401135 0.140533
v 0.529127 0.0606892 0.174496
v 0.55012 0.0617902 0.122732
v 0.552529 0.0658024 0.0949206
v 0.512248 0.0810292 -0.00394974
v 0.489026 0.0822991 0.0362188
v 0.479697 0.0853121 0.0567996
v 0.470972 0.0801948 0.0859106
v 0.449608 0.0585433 0.201727
v 0.208039 0.0419517 0.140232
v 0.228886 0.0454023 0.130838
v 0.283297 0.0643235 0.0761134
v 0.332174 0.0908075 0.00163758
v 0.216921 0.0746502 0.0221214
v 0.178632 0.0530819 0.0754843
v 0.538142 0.0546025 0.173436
v 0.497729 0.0852992 0.0193265
v 0.46364 0.0813391 0.123929
v 0.461675 0.0656726 0.201262
v 0.269649 0.0546676 0.0942502
v 0.242515 0.0906633 0.00334153
v 0.23296 0.0871725 0.0177224
v 0.20247 0.069589 0.0535561
v 0.209715 0.0552184 0.108715
v 0.238772 0.0479875 0.125227
v 0.542533 0.0626775 0.152316
v 0.544382 0.078592 0.0974246
v 0.546767 0.0787246 -7.01715e-005
v 0.454041 0.0714625 0.163917
v 0.449532 0.0679484 0.18181
v 0.507442 0.0637894 0.186776
v 0.198803 0.0596297 0.0839322
v 0.200079 0.0563812 0.0965122
v 0.217208 0.0505652 0.121964
v 0.23111 0.0508744 0.124174
v 0.280466 0.0687337 0.078623
v 0.337122 0.127702 -0.0428045
v 0.276362 0.114091 -0.0305219
v 0.25329 0.0972825 -0.00741878
v 0.200517 0.0683141 0.0480123
v 0.547709 0.0665106 0.122708
v 0.468766 0.0844183 0.101408
v 0.457161 0.0736075 0.152338
v 0.460141 0.0713461 0.187665
v 0.523524 0.0662974 0.168915
v 0.26491 0.0637038 0.0965217
v 0.332317 0.134415 -0.0468424
v 0.219493 0.0802948 0.0410065
v 0.215981 0.062383 0.0970199
v 0.240763 0.0614219 0.111441
v 0.250688 0.0547459 0.117858
v 0.552196 0.0781961 0.0487908
v 0.47487 0.0871595 0.0727344
v 0.477846 0.0752097 0.181278
v 0.474072 0.0658498 0.203544
v 0.501916 0.0731608 0.173796
v 0.334606 0.109768 0.00155045
v 0.312003 0.127223 -0.0574025
v 0.200181 0.0639368 0.0707199
v 0.250406 0.0601782 0.11284
v 0.550311 0.0757959 0.073246
v 0.551844 0.0856216 0.0308447
v 0.461599 0.0781425 0.153277
v 0.470619 0.0785978 0.171282
v 0.293047 0.0816798 0.062414
v 0.338706 0.113724 -0.0150905
v 0.325168 0.137582 -0.050664
v 0.289031 0.120604 -0.0429496
v 0.22484 0.0709678 0.0860393
v 0.243462 0.0574893 0.116836
v 0.535983 0.0681194 0.153316
v 0.540409 0.0704986 0.139121
v 0.550319 0.083642 0.0126063
v 0.538824 0.0959266 -0.00414215
v 0.506507 0.0919797 0.00875468
v 0.501697 0.0954225 0.016584
v 0.496762 0.102413 0.0255727
v 0.477006 0.0996045 0.0596542
v 0.466558 0.0859854 0.124752
v 0.464633 0.0782942 0.163745
v 0.323858 0.098477 0.0207195
v 0.241126 0.0967188 0.0229625
v 0.229764 0.0866497 0.0292776
v 0.227091 0.0842099 0.0492581
v 0.226141 0.0767307 0.0738538
v 0.229658 0.0670359 0.0972079
v 0.541074 0.076465 0.117039
v 0.547853 0.0882763 0.0610437
v 0.547297 0.101297 0.015553
v 0.543891 0.0930164 -0.000268034
v 0.522876 0.0923873 -0.00539325
v 0.473551 0.0851306 0.15749
v 0.497685 0.0864519 0.156456
v 0.261197 0.0716838 0.0940609
v 0.279227 0.075984 0.0772943
v 0.319084 0.129997 -0.0569948
v 0.277107 0.126784 -0.0249177
v 0.261303 0.109865 -0.00697747
v 0.247251 0.0994005 0.00857599
v 0.542632 0.0856852 0.0894982
v 0.530436 0.0971916 -0.00556514
v 0.472779 0.0937306 0.0894415
v 0.473504 0.0962278 0.108311
v 0.339969 0.122843 -0.0205429
v 0.235052 0.0911327 0.040135
v 0.22704 0.081588 0.0609543
v 0.240621 0.0766656 0.0909675
v 0.247076 0.0716515 0.0994774
v 0.530675 0.0815241 0.128964
v 0.549322 0.0932164 0.0486935
v 0.503689 0.109925 0.0183768
v 0.483682 0.0942564 0.0463268
v 0.471225 0.0895093 0.13441
v 0.486547 0.0766139 0.177068
v 0.516461 0.0815013 0.149252
v 0.304215 0.0892221 0.0473832
v 0.269736 0.116448 -0.0174279
v 0.235855 0.0898991 0.052254
v 0.258643 0.0794595 0.0878738
v 0.516634 0.0950676 -0.000239173
v 0.475508 0.107401 0.0660893
v 0.475528 0.104619 0.0877481
v 0.484141 0.0864309 0.161667
v 0.309068 0.13335 -0.0513908
v 0.241269 0.0893474 0.0632127
v 0.527864 0.0900498 0.118388
v 0.526831 0.108269 -0.00148277
v 0.523163 0.119115 0.0033577
v 0.476836 0.0917532 0.138367
v 0.507949 0.0921994 0.138234
v 0.324209 0.113917 0.0265668
v 0.339194 0.126945 -0.0340799
v 0.270801 0.08093 0.0811267
v 0.299493 0.103183 0.0497554
v 0.519581 0.0907589 0.129315
v 0.53513 0.0862204 0.108769
v 0.491261 0.0958326 0.0332918
v 0.294972 0.135779 -0.0398515
v 0.259592 0.11698 0.00584914
v 0.24711 0.104768 0.040876
v 0.289052 0.0969729 0.0608973
v 0.53901 0.0947044 0.0912741
v 0.549714 0.0949608 0.0222108
v 0.476457 0.0981954 0.116604
v 0.487895 0.0945149 0.139856
v 0.329764 0.117223 0.0176655
v 0.3351 0.134037 0.005533
v 0.32213 0.149293 -0.0442881
v 0.264073 0.088028 0.0799577
v 0.280453 0.0989187 0.0657977
v 0.317854 0.114136 0.0341952
v 0.544971 0.100256 0.0629694
v 0.549537 0.105299 0.0475989
v 0.538156 0.111305 0.00354538
v 0.529738 0.11589 0.00121495
v 0.486714 0.113464 0.0415214
v 0.496455 0.0932828 0.142419
v 0.26915 0.1292 -0.0104201
v 0.260231 0.121228 0.0115392
v 0.543675 0.108865 0.0106382
v 0.48045 0.112614 0.0516421
v 0.250092 0.111582 0.0253503
v 0.254489 0.107346 0.0514815
v 0.262546 0.104798 0.0609619
v 0.26821 0.0975737 0.0698665
v 0.308884 0.101628 0.0413525
v 0.542425 0.0995658 0.0719328
v 0.544677 0.107816 0.0635979
v 0.5504 0.0996841 0.0351071
v 0.478153 0.106833 0.0999781
v 0.482233 0.103042 0.116918
v 0.498153 0.105578 0.125025
v 0.335033 0.143297 0.000985128
v 0.259015 0.122454 0.0236119
v 0.288578 0.108202 0.0571793
v 0.528852 0.102715 0.104748
v 0.548186 0.113715 0.0273587
v 0.519153 0.127686 0.00834437
v 0.47666 0.120029 0.0592234
v 0.475633 0.111395 0.0748598
v 0.488561 0.104635 0.121299
v 0.338774 0.135104 -0.0173635
v 0.336271 0.139149 -0.0351084
v 0.284152 0.130181 -0.0323605
v 0.545466 0.125936 0.0256121
v 0.533262 0.123751 0.00588838
v 0.475555 0.125841 0.0672453
v 0.514585 0.106101 0.116735
v 0.315768 0.148949 -0.0442927
v 0.304216 0.145489 -0.041584
v 0.260609 0.123089 0.0345894
v 0.484017 0.113741 0.104581
v 0.492054 0.11384 0.110714
v 0.323275 0.131073 0.0305662
v 0.329456 0.131312 0.0212914
v 0.270923 0.142284 -0.0121147
v 0.265918 0.132426 -0.000322694
v 0.26195 0.118866 0.043906
v 0.53371 0.110971 0.0863281
v 0.551355 0.114691 0.0457275
v 0.491293 0.11793 0.0358046
v 0.49959 0.117739 0.108874
v 0.262037 0.128044 0.0155861
v 0.267079 0.122395 0.04657
v 0.279655 0.11016 0.0592744
v 0.538324 0.125955 0.0113369
v 0.528547 0.12508 0.00475542
v 0.317158 0.165058 -0.0356429
v 0.294345 0.155068 -0.0306776
v 0.311192 0.129959 0.0410991
v 0.527453 0.116416 0.0951928
v 0.548364 0.119428 0.0582055
v 0.477032 0.117883 0.0814272
v 0.482905 0.122843 0.0949998
v 0.509732 0.116187 0.10884
v 0.522611 0.112446 0.102438
v 0.320037 0.169156 -0.0329944
v 0.285934 0.155785 -0.0236483
v 0.514749 0.120071 0.00935974
v 0.326837 0.15469 -0.0395992
v 0.267156 0.144395 -0.00309339
v 0.276481 0.118087 0.0540951
v 0.290016 0.121079 0.0536215
v 0.537949 0.124079 0.0815163
v 0.502546 0.130561 0.0262379
v 0.483081 0.129886 0.0479494
v 0.306466 0.162848 -0.0340356
v 0.261331 0.129482 0.0251611
v 0.269223 0.133129 0.0440907
v 0.312461 0.147896 0.0426093
v 0.479121 0.134381 0.0787661
v 0.333683 0.147499 0.0153533
v 0.328645 0.162967 -0.0291401
v 0.274988 0.150402 -0.0148203
v 0.275904 0.131607 0.0494193
v 0.295751 0.133144 0.0503634
v 0.324558 0.14059 0.0330079
v 0.542824 0.125304 0.0183477
v 0.527262 0.148029 0.0131767
v 0.505453 0.126262 0.105186
v 0.517597 0.121093 0.102171
v 0.329417 0.142934 0.025776
v 0.269209 0.16178 -0.00113999
v 0.262154 0.139556 0.016956
v 0.494929 0.142247 0.0410056
v 0.526116 0.127487 0.0969123
v 0.3328 0.154999 -0.00134624
v 0.331898 0.160182 -0.0179068
v 0.548148 0.134819 0.0467402
v 0.512979 0.146727 0.0201491
v 0.477978 0.131014 0.0589313
v 0.330181 0.159221 0.0140216
v 0.262927 0.156213 0.0201255
v 0.262488 0.146859 0.0320039
v 0.264471 0.1352 0.0360752
v 0.285011 0.133203 0.05219
v 0.487855 0.132464 0.0953577
v 0.491956 0.127051 0.101412
v 0.273152 0.166272 -0.00683501
v 0.535865 0.1405 0.0145961
v 0.523109 0.141887 0.0111621
v 0.487058 0.142747 0.0524489
v 0.327466 0.17584 -0.0128715
v 0.324459 0.170926 -0.0293797
v 0.307446 0.17603 -0.028605
v 0.266613 0.157632 0.0420428
v 0.534864 0.143107 0.086555
v 0.546466 0.137634 0.059697
v 0.532522 0.126822 0.0904017
v 0.329696 0.152755 0.0219615
v 0.280272 0.165557 -0.0150816
v 0.271247 0.156681 0.0474958
v 0.324259 0.188271 -0.0130717
v 0.29256 0.171496 -0.0231943
v 0.542996 0.143565 0.0273103
v 0.506102 0.151472 0.0300465
v 0.480341 0.141112 0.0688832
v 0.493341 0.144777 0.0963057
v 0.305835 0.150979 0.0462295
v 0.541761 0.137648 0.0725165
v 0.547236 0.144103 0.0547913
v 0.533968 0.15645 0.0198669
v 0.481414 0.143988 0.0770315
v 0.482712 0.142308 0.0820695
v 0.507384 0.142882 0.103025
v 0.323116 0.151294 0.0327711
v 0.320819 0.16664 0.0294781
v 0.328253 0.169915 0.00637961
v 0.317321 0.187954 -0.0226313
v 0.274213 0.181002 -0.00461355
v 0.265713 0.177127 0.00988134
v 0.289755 0.15212 0.0521949
v 0.546215 0.137557 0.0353194
v 0.508042 0.167014 0.0318316
v 0.502562 0.149361 0.100827
v 0.315584 0.16585 0.0376505
v 0.324397 0.169145 0.0210411
v 0.300261 0.190849 -0.0205791
v 0.278348 0.154603 0.0514232
v 0.512948 0.166953 0.0262904
v 0.492788 0.155002 0.0519097
v 0.543046 0.146042 0.0710406
v 0.537964 0.164691 0.0272479
v 0.526705 0.165229 0.0203646
v 0.517085 0.161554 0.0212291
v 0.488683 0.147288 0.0903504
v 0.499659 0.161079 0.0986148
v 0.519272 0.144329 0.100949
v 0.262461 0.173671 0.020738
v 0.322302 0.183728 -0.0212519
v 0.263683 0.159185 0.0351764
v 0.546788 0.159985 0.052136
v 0.521739 0.164512 0.0202325
v 0.488279 0.152299 0.0592759
v 0.486887 0.157356 0.070647
v 0.512063 0.150497 0.10237
v 0.323792 0.185235 0.0114541
v 0.309033 0.191862 -0.0221176
v 0.543707 0.165022 0.0388144
v 0.526917 0.145814 0.0959765
v 0.314173 0.181048 0.0359308
v 0.290391 0.187414 -0.0170594
v 0.545136 0.160099 0.0698509
v 0.325199 0.18567 0.00288639
v 0.268417 0.1695 0.0486059
v 0.307704 0.166888 0.0453542
v 0.501938 0.172459 0.0422281
v 0.325536 0.18692 -0.00507507
v 0.294294 0.171387 0.0528369
v 0.547042 0.166704 0.0634797
v 0.492523 0.171651 0.0651936
v 0.488374 0.160452 0.0825909
v 0.308206 0.181423 0.0439711
v 0.319762 0.183834 0.0244245
v 0.323926 0.206573 0.00589129
v 0.317501 0.200091 -0.0148048
v 0.280555 0.183829 -0.0104554
v 0.271217 0.180546 -0.000857052
v 0.261905 0.166983 0.0302932
v 0.532357 0.168302 0.0236749
v 0.51814 0.175897 0.0258825
v 0.269793 0.197914 0.00188788
v 0.540457 0.176701 0.0339619
v 0.525469 0.180254 0.0259949
v 0.490274 0.168418 0.0736743
v 0.533082 0.160545 0.0950017
v 0.287272 0.205157 -0.0117998
v 0.300525 0.180198 0.0507093
v 0.494415 0.161455 0.0936095
v 0.513955 0.168782 0.10504
v 0.526401 0.169685 0.103295
v 0.524674 0.156398 0.100039
v 0.258464 0.185063 0.034189
v 0.285954 0.167181 0.0540071
v 0.53854 0.15825 0.0853171
v 0.546676 0.170983 0.0499176
v 0.497481 0.169772 0.0504167
v 0.505368 0.164273 0.1019
v 0.519554 0.169282 0.105241
v 0.30496 0.207355 -0.0161956
v 0.257814 0.189616 0.0441336
v 0.262684 0.174125 0.0418331
v 0.491581 0.175786 0.0790476
v 0.316922 0.200164 0.0305734
v 0.321754 0.201498 0.019327
v 0.293298 0.218896 -0.0113415
v 0.270033 0.183505 0.0560244
v 0.276806 0.174103 0.0551014
v 0.492916 0.171619 0.0891197
v 0.539406 0.174889 0.0938267
v 0.495909 0.185788 0.0574338
v 0.315108 0.214706 -0.00755485
v 0.292443 0.21074 -0.0133113
v 0.257337 0.206681 0.0201652
v 0.259438 0.188323 0.0239831
v 0.50686 0.185596 0.037218
v 0.309854 0.216126 -0.0104339
v 0.533186 0.182453 0.0287983
v 0.50202 0.186472 0.0439673
v 0.493089 0.187807 0.0698744
v 0.497713 0.174155 0.096885
v 0.323406 0.214754 0.00777084
v 0.296758 0.227708 -0.00859883
v 0.27189 0.209285 0.000209023
v 0.288578 0.183541 0.0573146
v 0.547859 0.171746 0.0610524
v 0.279693 0.207715 -0.00647018
v 0.262407 0.213405 0.010793
v 0.276666 0.189181 0.0607215
v 0.532837 0.175775 0.102085
v 0.543273 0.169589 0.0818134
v 0.549603 0.181038 0.0718371
v 0.520556 0.194016 0.0307187
v 0.495857 0.184797 0.0945283
v 0.506304 0.176081 0.104326
v 0.261706 0.187654 0.0513038
v 0.302519 0.195333 0.0507402
v 0.537019 0.176821 0.0303109
v 0.310911 0.195998 0.0403805
v 0.320563 0.216702 0.000917416
v 0.262869 0.197099 0.011386
v 0.280717 0.202671 0.0661196
v 0.546214 0.173316 0.0767246
v 0.548211 0.184172 0.0513566
v 0.511578 0.192316 0.0345072
v 0.252153 0.209288 0.0530557
v 0.262792 0.192149 0.0561579
v 0.292098 0.196354 0.0595359
v 0.503959 0.198478 0.0419878
v 0.498512 0.202887 0.0496562
v 0.528151 0.183004 0.107468
v 0.323575 0.224125 0.0192885
v 0.26146 0.23097 0.01077
v 0.252167 0.211742 0.0308583
v 0.54296 0.193902 0.038298
v 0.491613 0.205376 0.0676036
v 0.493368 0.188378 0.0862722
v 0.281566 0.237845 -0.003177
v 0.264456 0.207187 0.0663694
v 0.30329 0.213069 0.0545433
v 0.544919 0.179596 0.0426159
v 0.536757 0.210541 0.0371726
v 0.492555 0.190258 0.0789027
v 0.501506 0.193028 0.103278
v 0.322168 0.233056 0.0182448
v 0.316221 0.231717 0.00274009
v 0.267889 0.232496 0.00429195
v 0.309071 0.212361 0.0474214
v 0.314333 0.216173 0.0416684
v 0.550814 0.192623 0.0810903
v 0.540117 0.209324 0.0386935
v 0.517994 0.188809 0.11112
v 0.318689 0.22769 0.0397203
v 0.308195 0.239798 0.00085303
v 0.304519 0.229411 -0.0065957
v 0.554246 0.201821 0.0772037
v 0.550996 0.188884 0.0631425
v 0.505925 0.198424 0.108228
v 0.321168 0.215198 0.0269617
v 0.323195 0.223588 0.0240503
v 0.318458 0.236007 0.00995117
v 0.29991 0.242396 -0.00187456
v 0.27021 0.209091 0.0691506
v 0.287869 0.209014 0.066004
v 0.527831 0.201664 0.0324492
v 0.524478 0.198983 0.113753
v 0.253016 0.202696 0.0378633
v 0.295503 0.221008 0.0644223
v 0.544507 0.186906 0.0913685
v 0.546636 0.193819 0.0437329
v 0.493994 0.208322 0.0586808
v 0.489975 0.213786 0.0709101
v 0.27366 0.238707 0.000618567
v 0.254793 0.2264 0.0202274
v 0.538191 0.185682 0.100013
v 0.555562 0.211104 0.0626666
v 0.51464 0.22091 0.0387934
v 0.49268 0.20283 0.0855895
v 0.549602 0.209872 0.0997182
v 0.539038 0.198764 0.105693
v 0.290925 0.240715 -0.00401143
v 0.510037 0.194706 0.110054
v 0.322344 0.235991 0.033209
v 0.250609 0.21731 0.0595553
v 0.549426 0.232365 0.0495667
v 0.521384 0.222213 0.0374188
v 0.25158 0.228093 0.0256917
v 0.554585 0.214775 0.0573633
v 0.532666 0.213247 0.0361889
v 0.504068 0.216392 0.110095
v 0.248357 0.224347 0.0341515
v 0.247479 0.219064 0.0459552
v 0.272063 0.230513 0.0787731
v 0.552188 0.227981 0.0518666
v 0.497411 0.217237 0.0519361
v 0.530496 0.198472 0.111945
v 0.314457 0.235103 0.0520577
v 0.321523 0.246217 0.0226591
v 0.313396 0.238455 0.00492455
v 0.263716 0.245749 0.00828553
v 0.254737 0.249987 0.0182129
v 0.516699 0.202193 0.114518
v 0.244778 0.250182 0.0351702
v 0.2431 0.240007 0.0634345
v 0.274425 0.209249 0.0695146
v 0.554755 0.202848 0.0712507
v 0.559619 0.22162 0.0738206
v 0.49391 0.233352 0.0576367
v 0.496143 0.206233 0.0970565
v 0.322216 0.244577 0.0413034
v 0.308227 0.257398 0.00828509
v 0.263231 0.234729 0.0806891
v 0.529468 0.224668 0.0380409
v 0.491333 0.218995 0.0625368
v 0.489168 0.228182 0.086653
v 0.269598 0.253136 0.00515861
v 0.254995 0.221989 0.0691504
v 0.488324 0.226568 0.072943
v 0.31957 0.248445 0.0521688
v 0.315464 0.259258 0.0158155
v 0.301255 0.224936 0.0607891
v 0.509531 0.217841 0.0408123
v 0.49734 0.218414 0.101639
v 0.54206 0.214363 0.111287
v 0.320197 0.262865 0.0242965
v 0.274298 0.25719 0.0037693
v 0.248774 0.229208 0.0665116
v 0.561544 0.23194 0.0913708
v 0.505224 0.221376 0.0443962
v 0.48992 0.221269 0.0820866
v 0.322884 0.243471 0.0300435
v 0.301144 0.248358 0.0720757
v 0.553625 0.212652 0.0939654
v 0.557477 0.216183 0.085942
v 0.553707 0.223845 0.0543194
v 0.519767 0.248877 0.0417463
v 0.529936 0.21932 0.119367
v 0.316926 0.253356 0.0601138
v 0.285951 0.251625 -0.000216607
v 0.243317 0.243007 0.0415063
v 0.537285 0.237477 0.0426534
v 0.502837 0.250204 0.0477143
v 0.48627 0.240098 0.0711678
v 0.512596 0.215019 0.116397
v 0.521907 0.22119 0.120535
v 0.546969 0.234531 0.117072
v 0.306705 0.286371 0.0168039
v 0.278073 0.266004 0.00488465
v 0.262888 0.25771 0.0103746
v 0.279233 0.238781 0.0802472
v 0.290111 0.230595 0.0716567
v 0.563214 0.23604 0.07522
v 0.562421 0.235679 0.0711892
v 0.498887 0.235502 0.0510198
v 0.302833 0.255944 0.00449786
v 0.250922 0.246918 0.0239879
v 0.241862 0.240828 0.0557777
v 0.515257 0.24629 0.0423081
v 0.48922 0.236464 0.0650159
v 0.495818 0.226468 0.102327
v 0.282748 0.280318 0.00813104
v 0.270707 0.280075 0.0103589
v 0.24694 0.23956 0.0731742
v 0.507798 0.24704 0.0448852
v 0.505582 0.224121 0.114165
v 0.324606 0.261642 0.0441362
v 0.264869 0.272988 0.0116798
v 0.257176 0.229104 0.0753589
v 0.557771 0.248095 0.0589728
v 0.496854 0.2535 0.0520637
v 0.552026 0.226518 0.108416
v 0.547457 0.243982 0.049205
v 0.53377 0.266738 0.0450568
v 0.311764 0.252183 0.0652812
v 0.290343 0.270769 0.00583844
v 0.252507 0.268654 0.0212831
v 0.56345 0.235645 0.0834813
v 0.543081 0.239054 0.0456395
v 0.486182 0.237729 0.0791886
v 0.483481 0.253509 0.0839057
v 0.538967 0.224205 0.117822
v 0.296714 0.270278 0.00702885
v 0.241054 0.246954 0.0677151
v 0.246607 0.269297 0.0288987
v 0.242445 0.269339 0.0363055
v 0.292622 0.250874 0.0788169
v 0.484947 0.255792 0.069692
v 0.491761 0.247932 0.101978
v 0.254205 0.277465 0.0205162
v 0.560063 0.235856 0.0639545
v 0.491639 0.256864 0.0574205
v 0.483211 0.254563 0.0772463
v 0.516579 0.231181 0.121588
v 0.320307 0.267207 0.0646322
v 0.323806 0.263398 0.0510106
v 0.324442 0.266715 0.0369193
v 0.254001 0.261341 0.0937298
v 0.284811 0.250923 0.083224
v 0.31863 0.274953 0.0735569
v 0.566897 0.257562 0.076746
v 0.539662 0.266079 0.0473776
v 0.490218 0.231452 0.0926884
v 0.49985 0.245931 0.112801
v 0.509566 0.237049 0.119487
v 0.322737 0.273678 0.0318706
v 0.318262 0.28303 0.0254055
v 0.267498 0.291058 0.0142534
v 0.25172 0.249361 0.084681
v 0.559693 0.236449 0.102194
v 0.524157 0.248905 0.0415899
v 0.503495 0.237831 0.114559
v 0.530876 0.241407 0.125942
v 0.312684 0.282601 0.0199246
v 0.278452 0.253584 0.0873427
v 0.302949 0.261546 0.0786502
v 0.567583 0.255097 0.0819959
v 0.552432 0.259889 0.0543269
v 0.484583 0.254256 0.0899773
v 0.239874 0.250377 0.0510205
v 0.506447 0.268878 0.0449113
v 0.538876 0.239028 0.122994
v 0.326871 0.278538 0.0503615
v 0.275822 0.291556 0.0118957
v 0.256584 0.283833 0.0195037
v 0.567373 0.259704 0.101033
v 0.555657 0.257524 0.0569424
v 0.499638 0.276294 0.0480256
v 0.322715 0.301583 0.0341693
v 0.24444 0.258756 0.0852777
v 0.26989 0.272067 0.100509
v 0.313079 0.268469 0.0751999
v 0.560291 0.247933 0.0627114
v 0.560737 0.262167 0.0630169
v 0.53001 0.252904 0.0427259
v 0.525882 0.251703 0.129231
v 0.55099 0.232703 0.112928
v 0.557575 0.258824 0.118611
v 0.325526 0.280592 0.0626968
v 0.301038 0.289478 0.014709
v 0.29272 0.29678 0.0138988
v 0.26068 0.289616 0.0176279
v 0.245313 0.282548 0.0312348
v 0.241697 0.258125 0.0807173
v 0.491439 0.272328 0.055243
v 0.238122 0.265881 0.0468151
v 0.268016 0.2498 0.0883301
v 0.289023 0.262554 0.0872419
v 0.56537 0.25966 0.0718267
v 0.486381 0.265021 0.0637777
v 0.517525 0.246524 0.125902
v 0.328265 0.290735 0.0486131
v 0.297906 0.31525 0.01991
v 0.272792 0.28383 0.106461
v 0.560557 0.248457 0.108572
v 0.509033 0.276228 0.0438186
v 0.516097 0.267132 0.131861
v 0.538272 0.255609 0.129494
v 0.546446 0.249875 0.123823
v 0.247902 0.26331 0.091979
v 0.547212 0.266103 0.0513536
v 0.478795 0.280578 0.0719956
v 0.510381 0.252452 0.124189
v 0.238344 0.293223 0.0421963
v 0.52231 0.279856 0.0435731
v 0.501738 0.261046 0.119601
v 0.329708 0.294487 0.0606716
v 0.264345 0.306705 0.019596
v 0.249644 0.292252 0.0272049
v 0.228842 0.293909 0.0718821
v 0.232974 0.274648 0.0684886
v 0.234787 0.26998 0.07405
v 0.25989 0.26105 0.0948641
v 0.517216 0.27722 0.0429586
v 0.500288 0.288434 0.0466091
v 0.48815 0.283726 0.055593
v 0.477949 0.276963 0.0870409
v 0.478421 0.280082 0.0932428
v 0.323963 0.315066 0.0379237
v 0.299863 0.279198 0.0923302
v 0.482145 0.284209 0.0633898
v 0.327261 0.295277 0.0433543
v 0.23535 0.28851 0.0484813
v 0.232312 0.27995 0.0605853
v 0.307162 0.286369 0.0933023
v 0.512604 0.275882 0.133034
v 0.279419 0.311423 0.016782
v 0.271386 0.310494 0.0179532
v 0.535533 0.304417 0.048969
v 0.484847 0.278833 0.105116
v 0.235511 0.274371 0.0825358
v 0.237555 0.27751 0.090579
v 0.236387 0.29348 0.102346
v 0.246864 0.274614 0.098952
v 0.326008 0.295504 0.0788945
v 0.56838 0.256938 0.0908166
v 0.546168 0.287514 0.0530243
v 0.473608 0.293382 0.0894312
v 0.485245 0.263162 0.0977676
v 0.509291 0.287745 0.134741
v 0.326232 0.305279 0.0407212
v 0.314423 0.32822 0.0308605
v 0.283449 0.329515 0.0211597
v 0.514307 0.296743 0.044008
v 0.525233 0.276937 0.137562
v 0.329104 0.297816 0.0715645
v 0.28529 0.304994 0.0149959
v 0.240782 0.304037 0.0393365
v 0.570027 0.275377 0.0836469
v 0.553461 0.281558 0.0577577
v 0.528837 0.288233 0.0455116
v 0.307401 0.325324 0.025986
v 0.24858 0.32423 0.0337384
v 0.231295 0.297184 0.057836
v 0.254538 0.274353 0.102214
v 0.571524 0.27873 0.0904998
v 0.320371 0.293936 0.0873207
v 0.332119 0.307085 0.060927
v 0.317875 0.311845 0.0306902
v 0.232269 0.31173 0.0536009
v 0.264646 0.271255 0.101049
v 0.301112 0.290848 0.0996575
v 0.314868 0.291759 0.0915399
v 0.571998 0.288015 0.105353
v 0.521206 0.297291 0.0444227
v 0.485955 0.298112 0.0550761
v 0.477019 0.280295 0.0802247
v 0.558742 0.280422 0.127569
v 0.273884 0.334099 0.0231957
v 0.230549 0.288087 0.0795832
v 0.564002 0.266004 0.113604
v 0.558056 0.291052 0.0628456
v 0.505625 0.265884 0.124944
v 0.333328 0.318231 0.0582287
v 0.241683 0.282929 0.100592
v 0.287563 0.286734 0.102312
v 0.321324 0.308904 0.0959994
v 0.502804 0.301279 0.0453054
v 0.493226 0.298365 0.0496728
v 0.478764 0.30033 0.0633283
v 0.472506 0.303139 0.0750473
v 0.475645 0.293681 0.0970009
v 0.330651 0.316131 0.0500946
v 0.569289 0.281874 0.0798759
v 0.520787 0.265564 0.132923
v 0.543439 0.275914 0.135544
v 0.33482 0.320997 0.0716319
v 0.508965 0.29933 0.0443392
v 0.487599 0.316514 0.0519506
v 0.491232 0.274931 0.111665
v 0.547013 0.270427 0.131672
v 0.29127 0.332654 0.022465
v 0.268069 0.324471 0.0224993
v 0.231219 0.294318 0.0932182
v 0.250892 0.305343 0.120687
v 0.314525 0.309179 0.103617
v 0.572056 0.282255 0.0976206
v 0.563995 0.283316 0.0695511
v 0.501282 0.283905 0.126685
v 0.553589 0.275174 0.129577
v 0.323393 0.33921 0.0403737
v 0.254553 0.313308 0.0269666
v 0.524438 0.314539 0.0460627
v 0.500691 0.31694 0.0460211
v 0.478034 0.299613 0.10485
v 0.504322 0.299936 0.134951
v 0.333052 0.321409 0.0828772
v 0.227519 0.316446 0.0637644
v 0.229834 0.31061 0.105973
v 0.555288 0.310716 0.0612845
v 0.528887 0.32143 0.0476458
v 0.470154 0.314258 0.0975816
v 0.487341 0.298152 0.116603
v 0.530769 0.278073 0.138376
v 0.537468 0.282805 0.139682
v 0.333595 0.336844 0.0579558
v 0.243592 0.320051 0.0377882
v 0.224043 0.314432 0.0874243
v 0.273376 0.294303 0.112035
v 0.47886 0.31454 0.0597162
v 0.522436 0.294587 0.142846
v 0.328926 0.333563 0.04688
v 0.227309 0.306182 0.0681841
v 0.234936 0.306998 0.110992
v 0.278401 0.30862 0.11836
v 0.299343 0.303923 0.108222
v 0.564982 0.284837 0.121932
v 0.55148 0.317437 0.0589261
v 0.543668 0.322452 0.054252
v 0.507962 0.325034 0.0454204
v 0.470338 0.305145 0.0837179
v 0.517814 0.297416 0.142262
v 0.326803 0.313053 0.0910847
v 0.287342 0.347829 0.0255321
v 0.261678 0.297429 0.116834
v 0.56404 0.306305 0.0702954
v 0.468561 0.313807 0.0902846
v 0.315112 0.346438 0.0351074
v 0.297553 0.345832 0.0266892
v 0.253136 0.339239 0.032925
v 0.568597 0.301249 0.124383
v 0.570458 0.293802 0.115811
v 0.574174 0.310436 0.0891298
v 0.543114 0.306693 0.0524951
v 0.496518 0.304082 0.128979
v 0.544639 0.292487 0.141161
v 0.557684 0.30389 0.138062
v 0.331005 0.323948 0.0907649
v 0.219714 0.335057 0.0853116
v 0.568818 0.291618 0.0781116
v 0.515402 0.314366 0.0448294
v 0.466429 0.323843 0.083526
v 0.23335 0.328552 0.0508414
v 0.248727 0.297304 0.114749
v 0.302136 0.317959 0.115007
v 0.482314 0.321175 0.0557588
v 0.472489 0.316407 0.0685006
v 0.266088 0.349536 0.0285696
v 0.260209 0.337189 0.0286316
v 0.224792 0.314249 0.0938174
v 0.240748 0.300537 0.11221
v 0.244566 0.298689 0.113602
v 0.256852 0.290162 0.112324
v 0.266337 0.305609 0.120837
v 0.563253 0.296344 0.129653
v 0.57571 0.307666 0.100647
v 0.573997 0.324641 0.0869222
v 0.535829 0.325925 0.0505212
v 0.552731 0.30168 0.140799
v 0.295535 0.318921 0.118264
v 0.308929 0.306853 0.105935
v 0.574216 0.30761 0.114237
v 0.574282 0.301819 0.0927136
v 0.570208 0.310799 0.0796241
v 0.490961 0.325182 0.0501699
v 0.468933 0.318554 0.0756933
v 0.482613 0.309527 0.115637
v 0.324312 0.357935 0.0472674
v 0.307436 0.347413 0.0307993
v 0.319517 0.331857 0.111571
v 0.557765 0.318524 0.0641601
v 0.474221 0.324915 0.0641381
v 0.534331 0.298633 0.145364
v 0.53992 0.307717 0.147651
v 0.33596 0.336998 0.0686379
v 0.318673 0.360084 0.0420722
v 0.295285 0.364416 0.0310771
v 0.277759 0.352023 0.0267167
v 0.220133 0.339935 0.0787701
v 0.250409 0.332008 0.136622
v 0.575146 0.324518 0.123588
v 0.537085 0.342653 0.0539245
v 0.465572 0.330296 0.0908475
v 0.474216 0.318192 0.107939
v 0.483466 0.3223 0.120965
v 0.499329 0.317743 0.136639
v 0.33649 0.340245 0.0805139
v 0.233596 0.342244 0.0510461
v 0.223745 0.340644 0.0678945
v 0.229925 0.316696 0.111657
v 0.52801 0.302258 0.146361
v 0.547452 0.30657 0.145003
v 0.326974 0.328813 0.101569
v 0.329874 0.351768 0.0537962
v 0.260503 0.371881 0.0355996
v 0.578489 0.32668 0.10788
v 0.570958 0.326511 0.0808759
v 0.501773 0.34085 0.0481548
v 0.492013 0.337288 0.0508315
v 0.33482 0.35376 0.0687109
v 0.247453 0.363337 0.0409279
v 0.222065 0.331495 0.104107
v 0.575857 0.32291 0.0925171
v 0.480667 0.336865 0.0574174
v 0.471 0.319888 0.102859
v 0.336383 0.351393 0.077269
v 0.229145 0.353404 0.0573582
v 0.220122 0.332039 0.0925834
v 0.465258 0.340126 0.0785889
v 0.513665 0.30993 0.144327
v 0.333721 0.336329 0.0913172
v 0.239477 0.32063 0.124998
v 0.577518 0.329343 0.118806
v 0.464292 0.341677 0.0969244
v 0.533319 0.318882 0.151729
v 0.330836 0.339529 0.0999257
v 0.577243 0.320515 0.0999587
v 0.564784 0.325529 0.0722947
v 0.554334 0.349664 0.0644477
v 0.520657 0.341093 0.0483964
v 0.280987 0.367825 0.030303
v 0.231682 0.323406 0.119036
v 0.235119 0.330754 0.127992
v 0.310322 0.336555 0.12088
v 0.508939 0.342338 0.0475287
v 0.567249 0.324573 0.13782
v 0.323857 0.343753 0.112597
v 0.286742 0.373753 0.0323583
v 0.252981 0.365366 0.0377937
v 0.225362 0.351008 0.0633246
v 0.226367 0.321519 0.108086
v 0.245815 0.317483 0.126452
v 0.572878 0.330329 0.132582
v 0.579883 0.348302 0.118664
v 0.557624 0.339079 0.0658799
v 0.335718 0.346009 0.0888251
v 0.274761 0.388999 0.0375101
v 0.295225 0.331642 0.125378
v 0.303769 0.340177 0.126296
v 0.54662 0.342936 0.0584767
v 0.505346 0.324973 0.144079
v 0.329568 0.374217 0.0684242
v 0.313926 0.364247 0.0397492
v 0.301754 0.371355 0.0356769
v 0.23593 0.358636 0.0500085
v 0.270719 0.32952 0.132941
v 0.569621 0.337808 0.0795828
v 0.310254 0.394931 0.0526481
v 0.26861 0.37019 0.0325688
v 0.257408 0.325427 0.133436
v 0.472725 0.343092 0.0654152
v 0.465483 0.348543 0.103738
v 0.495077 0.338133 0.139771
v 0.468904 0.339895 0.070678
v 0.461643 0.356511 0.0894615
v 0.470426 0.340811 0.109947
v 0.525196 0.322398 0.152061
v 0.325906 0.355588 0.114619
v 0.240879 0.361607 0.0458535
v 0.219721 0.354525 0.0760283
v 0.57709 0.341132 0.0961538
v 0.545288 0.36202 0.0618174
v 0.463045 0.344371 0.0902597
v 0.483226 0.337952 0.126188
v 0.49143 0.346898 0.138877
v 0.515637 0.321732 0.149204
v 0.56307 0.338155 0.147342
v 0.332713 0.371357 0.076497
v 0.219017 0.349712 0.111866
v 0.233681 0.343228 0.134441
v 0.529654 0.355758 0.0538711
v 0.504615 0.362499 0.052457
v 0.499691 0.359306 0.052559
v 0.507572 0.339222 0.150566
v 0.559404 0.336693 0.149508
v 0.33488 0.366384 0.0836965
v 0.232889 0.383719 0.0593296
v 0.226057 0.343782 0.125075
v 0.306992 0.352991 0.130643
v 0.484197 0.35408 0.0576353
v 0.463898 0.357062 0.0806898
v 0.319808 0.37333 0.0496353
v 0.243503 0.382019 0.0491187
v 0.222303 0.345205 0.118257
v 0.240363 0.352323 0.144783
v 0.276007 0.344539 0.139632
v 0.286888 0.352912 0.13969
v 0.316044 0.352419 0.124154
v 0.573995 0.345728 0.0890211
v 0.477207 0.356602 0.0625627
v 0.326004 0.375447 0.0608926
v 0.216246 0.378567 0.0886732
v 0.216917 0.353742 0.104605
v 0.263551 0.330615 0.135722
v 0.494001 0.35111 0.0527166
v 0.567626 0.335758 0.142267
v 0.301867 0.394172 0.0459622
v 0.288406 0.391945 0.0396194
v 0.56234 0.355379 0.073118
v 0.513428 0.359284 0.0509953
v 0.539199 0.34362 0.159492
v 0.331643 0.362012 0.106038
v 0.21631 0.355026 0.0979499
v 0.567746 0.36029 0.0812919
v 0.475894 0.354625 0.121781
v 0.529563 0.34334 0.159264
v 0.543568 0.333965 0.155609
v 0.550856 0.342359 0.156071
v 0.334501 0.36819 0.0952654
v 0.261933 0.392264 0.0417773
v 0.2382 0.343399 0.138244
v 0.252996 0.35878 0.151822
v 0.578975 0.337872 0.104092
v 0.252463 0.387729 0.0443904
v 0.216185 0.363906 0.0896792
v 0.467668 0.358148 0.111156
v 0.50246 0.341601 0.147567
v 0.519841 0.341914 0.156934
v 0.551499 0.371282 0.163475
v 0.320255 0.385129 0.0579186
v 0.259582 0.407779 0.0489338
v 0.577738 0.359285 0.102812
v 0.534531 0.381585 0.0618867
v 0.461713 0.36775 0.100999
v 0.54449 0.350879 0.16039
v 0.281028 0.404072 0.0442019
v 0.222061 0.372077 0.0715556
v 0.577902 0.350151 0.129993
v 0.553236 0.363866 0.0671841
v 0.490835 0.382419 0.0612821
v 0.513198 0.347767 0.155627
v 0.2917 0.41441 0.0529627
v 0.22891 0.347605 0.132154
v 0.469969 0.367915 0.0720751
v 0.462921 0.374211 0.0871441
v 0.467301 0.374956 0.115121
v 0.226881 0.377413 0.0647326
v 0.232671 0.365464 0.147385
v 0.260249 0.355323 0.149784
v 0.579145 0.367107 0.123545
v 0.549173 0.385861 0.0705285
v 0.57145 0.347519 0.141514
v 0.325387 0.370759 0.120323
v 0.269275 0.402505 0.0439576
v 0.224048 0.368121 0.139544
v 0.299602 0.36444 0.139283
v 0.571287 0.37688 0.0931909
v 0.475894 0.381564 0.0695399
v 0.462509 0.377685 0.103899
v 0.327887 0.382047 0.116953
v 0.328968 0.390709 0.113436
v 0.218965 0.39006 0.0833784
v 0.267582 0.342387 0.141309
v 0.521092 0.385564 0.059696
v 0.486918 0.363682 0.139598
v 0.532016 0.356752 0.162786
v 0.324019 0.405732 0.0843015
v 0.238754 0.397095 0.0584686
v 0.213853 0.377149 0.104176
v 0.246489 0.359472 0.151352
v 0.510048 0.367131 0.158218
v 0.562881 0.359849 0.153534
v 0.270269 0.418551 0.0526108
v 0.218547 0.365087 0.124602
v 0.266969 0.369551 0.155662
v 0.517485 0.374535 0.0555396
v 0.504776 0.380189 0.0571381
v 0.478789 0.365761 0.129435
v 0.220721 0.368284 0.13339
v 0.285559 0.368066 0.14786
v 0.312082 0.375369 0.13616
v 0.320035 0.369464 0.126973
v 0.557744 0.38414 0.0767464
v 0.526939 0.376694 0.0580754
v 0.506766 0.393826 0.0613841
v 0.556575 0.360879 0.158224
v 0.329057 0.39902 0.0981392
v 0.322273 0.403499 0.0770818
v 0.320608 0.39703 0.0672634
v 0.253863 0.410102 0.0529182
v 0.214334 0.375817 0.115426
v 0.239973 0.367687 0.152734
v 0.579427 0.36251 0.11169
v 0.480383 0.383022 0.066616
v 0.466756 0.365682 0.075835
v 0.496136 0.364803 0.148814
v 0.331123 0.390412 0.101382
v 0.21371 0.39383 0.113321
v 0.573614 0.365739 0.141751
v 0.542363 0.38138 0.0651235
v 0.483758 0.377768 0.140568
v 0.565942 0.37409 0.15442
v 0.222612 0.39777 0.0787386
v 0.222695 0.380965 0.143503
v 0.576622 0.374357 0.136103
v 0.577401 0.38402 0.118767
v 0.461465 0.375783 0.0940685
v 0.516708 0.370553 0.161829
v 0.525295 0.361329 0.16283
v 0.214806 0.391932 0.100023
v 0.577644 0.383113 0.129373
v 0.468084 0.391172 0.121003
v 0.475616 0.38048 0.130106
v 0.545303 0.371759 0.165399
v 0.281792 0.419777 0.0539473
v 0.2279 0.367912 0.144206
v 0.274392 0.366102 0.151649
v 0.311661 0.394414 0.14247
v 0.510322 0.409305 0.0665296
v 0.246326 0.405192 0.0556398
v 0.575121 0.37962 0.103668
v 0.565527 0.384413 0.0859622
v 0.466989 0.407633 0.0900786
v 0.538716 0.370271 0.16587
v 0.321965 0.411297 0.129306
v 0.257364 0.433075 0.0657557
v 0.236675 0.414298 0.0693906
v 0.489026 0.385371 0.148865
v 0.282608 0.437886 0.068192
v 0.228272 0.402968 0.0727453
v 0.214965 0.389956 0.125739
v 0.218248 0.382909 0.136053
v 0.247933 0.378154 0.160039
v 0.280465 0.382586 0.157891
v 0.293721 0.383325 0.151014
v 0.303476 0.389356 0.14755
v 0.570984 0.400849 0.106014
v 0.464474 0.389514 0.0891202
v 0.564272 0.391361 0.156394
v 0.328464 0.40102 0.107712
v 0.216749 0.403693 0.0985599
v 0.259699 0.377702 0.160624
v 0.531266 0.39967 0.0673308
v 0.497138 0.39511 0.0628895
v 0.463855 0.39781 0.112197
v 0.532712 0.382867 0.167286
v 0.31894 0.399815 0.134744
v 0.31281 0.413047 0.0687127
v 0.304586 0.417358 0.0629747
v 0.297866 0.425414 0.064802
v 0.572908 0.383873 0.144363
v 0.572837 0.402749 0.115408
v 0.540658 0.399174 0.0707605
v 0.488894 0.396595 0.0662164
v 0.463166 0.40499 0.103182
v 0.323117 0.422751 0.122045
v 0.317451 0.420113 0.0837073
v 0.310151 0.440131 0.0904991
v 0.493053 0.418876 0.0721377
v 0.477075 0.396696 0.139461
v 0.295144 0.44186 0.0763627
v 0.26186 0.432818 0.0645411
v 0.2302 0.39219 0.157415
v 0.502072 0.383877 0.157469
v 0.527865 0.401087 0.169038
v 0.545324 0.393446 0.167545
v 0.234418 0.425426 0.0789738
v 0.519665 0.411329 0.0683827
v 0.502959 0.417791 0.0694175
v 0.470441 0.403564 0.0825966
v 0.481879 0.397349 0.146026
v 0.514017 0.396295 0.165084
v 0.250379 0.430804 0.067813
v 0.243877 0.429837 0.071502
v 0.237198 0.390787 0.161631
v 0.28682 0.396386 0.162356
v 0.3 0.401529 0.155422
v 0.572026 0.396513 0.142513
v 0.474134 0.419093 0.0832886
v 0.466432 0.405342 0.121923
v 0.534055 0.410612 0.170432
v 0.309001 0.412315 0.1517
v 0.265488 0.439786 0.0690256
v 0.224667 0.415362 0.0872402
v 0.220894 0.413885 0.0945099
v 0.217083 0.398512 0.137101
v 0.271807 0.390167 0.165474
v 0.568023 0.398699 0.0973141
v 0.487274 0.440089 0.0819774
v 0.480116 0.411265 0.0758992
v 0.470841 0.403384 0.131716
v 0.540472 0.398608 0.168871
v 0.307434 0.433929 0.0805132
v 0.543984 0.410215 0.0767546
v 0.463634 0.417361 0.107437
v 0.21587 0.409138 0.12732
v 0.220358 0.398999 0.146915
v 0.252678 0.394293 0.168285
v 0.550914 0.407636 0.0803846
v 0.495812 0.440054 0.0785639
v 0.463956 0.412743 0.115343
v 0.470338 0.424111 0.140229
v 0.475407 0.422153 0.147246
v 0.504286 0.405384 0.163521
v 0.518201 0.410035 0.16863
v 0.321743 0.427486 0.109138
v 0.274449 0.43869 0.0678048
v 0.262031 0.394517 0.169059
v 0.572308 0.405809 0.1328
v 0.535775 0.414785 0.0746886
v 0.473879 0.435491 0.0899212
v 0.467685 0.423288 0.0946502
v 0.464929 0.419484 0.100646
v 0.493019 0.393398 0.154613
v 0.320741 0.430362 0.130769
v 0.300485 0.445907 0.0836097
v 0.289174 0.436724 0.0694332
v 0.229461 0.430819 0.090795
v 0.263359 0.4254 0.185068
v 0.565697 0.415799 0.102752
v 0.557939 0.40621 0.0859517
v 0.524152 0.427495 0.074912
v 0.463277 0.42958 0.123561
v 0.319359 0.427198 0.0972016
v 0.238064 0.444359 0.0888133
v 0.246257 0.406108 0.172894
v 0.568486 0.415288 0.140979
v 0.512967 0.435565 0.0752113
v 0.467367 0.43712 0.0988753
v 0.465532 0.428725 0.131992
v 0.501016 0.428648 0.167916
v 0.309942 0.425165 0.155814
v 0.217146 0.415604 0.114569
v 0.281868 0.414122 0.174379
v 0.548408 0.41828 0.166508
v 0.266551 0.454345 0.0802572
v 0.222403 0.431107 0.110826
v 0.272285 0.411744 0.176396
v 0.564962 0.419063 0.147728
v 0.562736 0.404135 0.0909571
v 0.484509 0.43172 0.158434
v 0.511521 0.428282 0.17165
v 0.554427 0.393412 0.164297
v 0.566632 0.401984 0.151942
v 0.28787 0.414071 0.171114
v 0.294047 0.428083 0.174139
v 0.541028 0.419497 0.169646
v 0.312645 0.445896 0.101362
v 0.219845 0.417961 0.144816
v 0.223635 0.421808 0.156707
v 0.227076 0.420629 0.163167
v 0.225656 0.399273 0.155833
v 0.561452 0.422484 0.0989631
v 0.53745 0.430092 0.080913
v 0.470494 0.442471 0.146952
v 0.316742 0.426622 0.1429
v 0.316795 0.442679 0.148429
v 0.313603 0.454682 0.113643
v 0.246256 0.454262 0.0882398
v 0.230132 0.45099 0.106839
v 0.222924 0.436444 0.122109
v 0.220717 0.427621 0.139378
v 0.236035 0.406653 0.16787
v 0.254425 0.422691 0.18343
v 0.259098 0.409166 0.176651
v 0.567123 0.4316 0.130563
v 0.56811 0.422938 0.114899
v 0.479589 0.436812 0.0854233
v 0.560266 0.402839 0.159076
v 0.319164 0.444961 0.124159
v 0.250657 0.443071 0.0768325
v 0.226098 0.434147 0.101534
v 0.224587 0.440048 0.149759
v 0.301887 0.415897 0.160617
v 0.566126 0.437476 0.12164
v 0.565342 0.427993 0.110242
v 0.463443 0.453834 0.110536
v 0.462713 0.433926 0.112208
v 0.483556 0.437632 0.159074
v 0.319171 0.447693 0.138347
v 0.233792 0.428321 0.172621
v 0.571624 0.411785 0.125067
v 0.543762 0.427368 0.0838421
v 0.516771 0.449225 0.0791512
v 0.502283 0.453467 0.0812576
v 0.519706 0.425812 0.172094
v 0.239972 0.425801 0.177426
v 0.246946 0.422673 0.180802
v 0.465372 0.452318 0.142492
v 0.270087 0.432009 0.186772
v 0.528741 0.429639 0.17221
v 0.546662 0.436974 0.166384
v 0.317557 0.462855 0.133009
v 0.314243 0.467061 0.125987
v 0.281901 0.459768 0.0846763
v 0.558137 0.426696 0.156528
v 0.488485 0.443213 0.167207
v 0.496397 0.437217 0.169401
v 0.313183 0.44264 0.159105
v 0.282791 0.441312 0.185982
v 0.302097 0.438453 0.172188
v 0.553325 0.429646 0.0928886
v 0.470132 0.455523 0.151862
v 0.504855 0.436115 0.17351
v 0.515155 0.43674 0.176112
v 0.225031 0.449385 0.128168
v 0.560263 0.442947 0.14736
v 0.563929 0.432945 0.142421
v 0.5555 0.446511 0.104111
v 0.46194 0.439385 0.122825
v 0.462364 0.448447 0.133121
v 0.493467 0.449552 0.178431
v 0.255353 0.456762 0.0852636
v 0.233106 0.450908 0.101095
v 0.250079 0.432441 0.189244
v 0.259889 0.433852 0.191061
v 0.563971 0.441305 0.115612
v 0.535445 0.473367 0.0944912
v 0.493886 0.467873 0.0881795
v 0.467748 0.465891 0.105335
v 0.460926 0.454667 0.121868
v 0.478254 0.449602 0.159719
v 0.485875 0.454219 0.175236
v 0.52693 0.437871 0.174635
v 0.531209 0.441098 0.0816617
v 0.482502 0.458961 0.0909368
v 0.473114 0.461561 0.0984791
v 0.303584 0.473374 0.111075
v 0.301731 0.459066 0.0960797
v 0.288336 0.464669 0.0902304
v 0.263905 0.468875 0.0920497
v 0.231745 0.46788 0.11643
v 0.223877 0.442255 0.137999
v 0.228369 0.44119 0.164161
v 0.23107 0.433667 0.169815
v 0.243992 0.434954 0.187346
v 0.307629 0.442714 0.168536
v 0.561326 0.439212 0.109373
v 0.501368 0.449516 0.182644
v 0.536947 0.43758 0.170986
v 0.294231 0.463914 0.0929436
v 0.273279 0.461856 0.0856739
v 0.272493 0.440186 0.191374
v 0.510657 0.451121 0.18571
v 0.51971 0.447656 0.182465
v 0.313128 0.457668 0.168613
v 0.319947 0.461449 0.145237
v 0.306996 0.475569 0.118436
v 0.225742 0.433511 0.159503
v 0.237298 0.440057 0.181712
v 0.546173 0.442458 0.09167
v 0.50931 0.454367 0.0803769
v 0.480143 0.461427 0.1739
v 0.22643 0.4474 0.115351
v 0.295907 0.449497 0.181621
v 0.513732 0.474209 0.0853571
v 0.460924 0.471772 0.140802
v 0.488498 0.466916 0.187162
v 0.533961 0.44567 0.175288
v 0.552678 0.452908 0.159545
v 0.317665 0.463415 0.162204
v 0.259072 0.47631 0.0990127
v 0.225603 0.455253 0.139958
v 0.233824 0.447807 0.17842
v 0.244589 0.452009 0.20209
v 0.279377 0.456732 0.203325
v 0.478633 0.471138 0.0964617
v 0.464027 0.47387 0.150557
v 0.468702 0.476377 0.16371
v 0.497921 0.46544 0.190966
v 0.524588 0.460679 0.188247
v 0.322265 0.483091 0.155515
v 0.277925 0.481397 0.0991417
v 0.562521 0.469383 0.119029
v 0.524492 0.456946 0.0836583
v 0.464597 0.486327 0.113574
v 0.459724 0.47561 0.125052
v 0.459109 0.476068 0.13407
v 0.543276 0.449378 0.169185
v 0.2527 0.4804 0.104683
v 0.228148 0.449983 0.161965
v 0.288248 0.452659 0.189782
v 0.29437 0.458654 0.187791
v 0.554359 0.444365 0.157247
v 0.564368 0.459666 0.123341
v 0.526845 0.471774 0.0878333
v 0.485442 0.484493 0.0952801
v 0.237289 0.464596 0.105588
v 0.263549 0.450707 0.206174
v 0.563193 0.452294 0.138507
v 0.560077 0.468025 0.114047
v 0.558152 0.462109 0.109661
v 0.554544 0.470012 0.106369
v 0.546981 0.465351 0.100682
v 0.504288 0.478937 0.0871877
v 0.470054 0.483627 0.105849
v 0.457989 0.498656 0.145969
v 0.298516 0.478139 0.10761
v 0.227052 0.467345 0.130338
v 0.226658 0.454179 0.151038
v 0.255324 0.449402 0.205918
v 0.308361 0.470996 0.180429
v 0.476247 0.474935 0.178513
v 0.486503 0.476529 0.190703
v 0.507476 0.465475 0.192823
v 0.235679 0.462632 0.190925
v 0.238399 0.453257 0.194144
v 0.561803 0.463281 0.141534
v 0.564894 0.452795 0.131171
v 0.267886 0.483572 0.101519
v 0.243182 0.47717 0.108818
v 0.229573 0.46669 0.167495
v 0.271221 0.452149 0.205112
v 0.549713 0.495317 0.105098
v 0.47601 0.487854 0.183863
v 0.532721 0.478056 0.191522
v 0.288374 0.471835 0.204224
v 0.299789 0.474795 0.191834
v 0.311989 0.493694 0.132938
v 0.296411 0.498225 0.117892
v 0.286671 0.484129 0.102732
v 0.250697 0.450752 0.205423
v 0.548687 0.467283 0.170335
v 0.518435 0.471822 0.0854739
v 0.477405 0.488138 0.100459
v 0.462169 0.478214 0.116641
v 0.500089 0.488708 0.201148
v 0.309113 0.501848 0.194486
v 0.262709 0.465303 0.214912
v 0.541522 0.464788 0.178525
v 0.320592 0.494147 0.145603
v 0.301703 0.492645 0.120312
v 0.22734 0.474176 0.153143
v 0.563439 0.482793 0.144182
v 0.564651 0.474785 0.133296
v 0.564973 0.472713 0.126343
v 0.496227 0.491088 0.0914191
v 0.457342 0.496602 0.134533
v 0.315286 0.476112 0.173761
v 0.324679 0.4974 0.164925
v 0.32192 0.487756 0.149604
v 0.234813 0.488167 0.126519
v 0.227236 0.479809 0.14159
v 0.240641 0.465082 0.20087
v 0.251694 0.47183 0.215796
v 0.286778 0.488415 0.215133
v 0.501433 0.501287 0.0900526
v 0.484407 0.505144 0.098313
v 0.458482 0.5073 0.146665
v 0.230073 0.484922 0.133297
v 0.241037 0.480596 0.199789
v 0.556153 0.48288 0.161825
v 0.558738 0.47515 0.152764
v 0.52372 0.49825 0.0915967
v 0.458597 0.509291 0.135822
v 0.466672 0.501156 0.17143
v 0.319903 0.478106 0.164556
v 0.231021 0.460747 0.175242
v 0.276178 0.482305 0.219206
v 0.477704 0.505183 0.191714
v 0.482729 0.50303 0.197099
v 0.51084 0.489473 0.202696
v 0.555844 0.494032 0.10919
v 0.535147 0.495616 0.0955719
v 0.51363 0.500007 0.089049
v 0.473942 0.511467 0.105921
v 0.518263 0.480182 0.19869
v 0.315857 0.493876 0.138016
v 0.258765 0.503662 0.117802
v 0.243482 0.47589 0.2047
v 0.316617 0.501957 0.185319
v 0.322143 0.503797 0.177788
v 0.325703 0.500402 0.158642
v 0.230995 0.484435 0.171524
v 0.263286 0.48346 0.222665
v 0.296862 0.533656 0.298302
v 0.333318 0.538024 0.307022
v 0.566154 0.484893 0.123106
v 0.561535 0.494273 0.114284
v 0.289775 0.502352 0.115671
v 0.242515 0.503422 0.129057
v 0.235825 0.479702 0.186604
v 0.306898 0.536263 0.298302
v 0.480173 0.509035 0.20161
v 0.508267 0.498503 0.204715
v 0.539635 0.48253 0.187813
v 0.498281 0.512274 0.0903756
v 0.464042 0.517682 0.119841
v 0.287475 0.499022 0.223225
v 0.29761 0.500687 0.207376
v 0.325305 0.510655 0.177049
v 0.280275 0.502155 0.11272
v 0.272035 0.505619 0.11484
v 0.311458 0.539399 0.300029
v 0.316334 0.538219 0.296803
v 0.341956 0.543457 0.327524
v 0.348124 0.544206 0.332342
v 0.489081 0.504761 0.202018
v 0.544783 0.496716 0.192324
v 0.550208 0.48517 0.174857
v 0.460309 0.512481 0.1277
v 0.317603 0.515442 0.141701
v 0.297458 0.51249 0.124267
v 0.25176 0.487103 0.219277
v 0.281968 0.496252 0.223977
v 0.293307 0.538101 0.303179
v 0.300511 0.535309 0.303492
v 0.465908 0.536568 0.330232
v 0.530953 0.490777 0.199735
v 0.567095 0.490877 0.121966
v 0.54391 0.494086 0.100611
v 0.46678 0.524708 0.115522
v 0.249906 0.503412 0.122906
v 0.228123 0.493204 0.148833
v 0.228093 0.489833 0.157553
v 0.281804 0.536054 0.29708
v 0.333126 0.540671 0.311011
v 0.417512 0.538484 0.313522
v 0.438271 0.537551 0.323615
v 0.448504 0.538608 0.32708
v 0.485798 0.536017 0.335874
v 0.373506 0.544103 0.291587
v 0.554017 0.495384 0.176487
v 0.568464 0.491112 0.132236
v 0.478375 0.519162 0.101426
v 0.301512 0.541279 0.304309
v 0.349195 0.548701 0.342812
v 0.368119 0.548372 0.321692
v 0.376823 0.545618 0.306197
v 0.322102 0.516938 0.147249
v 0.304221 0.50966 0.129053
v 0.265577 0.503165 0.11483
v 0.232155 0.497071 0.138658
v 0.445103 0.540954 0.328689
v 0.506556 0.537101 0.330809
v 0.559233 0.494457 0.163045
v 0.506466 0.509153 0.0879698
v 0.325749 0.543541 0.302819
v 0.357993 0.553514 0.339862
v 0.328109 0.511859 0.164524
v 0.284446 0.514911 0.119752
v 0.245969 0.488443 0.211075
v 0.282116 0.515413 0.228482
v 0.467389 0.538401 0.333646
v 0.522281 0.512943 0.209398
v 0.495475 0.527353 0.0926548
v 0.46106 0.528624 0.127012
v 0.455889 0.529001 0.160773
v 0.237598 0.501294 0.133244
v 0.264917 0.509014 0.22699
v 0.264358 0.541214 0.295217
v 0.346646 0.549003 0.340002
v 0.385587 0.546931 0.298261
v 0.41384 0.541633 0.314472
v 0.426597 0.541061 0.322695
v 0.448649 0.54739 0.329525
v 0.517629 0.534282 0.312076
v 0.496489 0.517867 0.207284
v 0.513697 0.514003 0.209326
v 0.537427 0.509627 0.204802
v 0.571991 0.50487 0.140641
v 0.569017 0.502767 0.111008
v 0.535757 0.512469 0.0904411
v 0.516239 0.518393 0.0866853
v 0.481195 0.531548 0.101612
v 0.457317 0.532697 0.140541
v 0.247037 0.542556 0.292079
v 0.295212 0.554679 0.301053
v 0.310989 0.548329 0.298676
v 0.316923 0.541646 0.300434
v 0.322061 0.550208 0.300939
v 0.35473 0.557952 0.342344
v 0.364858 0.552117 0.330468
v 0.376515 0.549141 0.314251
v 0.236829 0.523529 0.14714
v 0.229899 0.508445 0.151997
v 0.23896 0.49485 0.192844
v 0.27078 0.515949 0.229756
v 0.280487 0.521719 0.233323
v 0.482261 0.539878 0.335542
v 0.493853 0.538521 0.335338
v 0.529848 0.533055 0.301342
v 0.496855 0.521149 0.211115
v 0.513486 0.518818 0.21249
v 0.530126 0.513034 0.208759
v 0.554301 0.504973 0.184448
v 0.573019 0.504163 0.11685
v 0.561665 0.505845 0.102338
v 0.504836 0.53022 0.0880426
v 0.331592 0.546741 0.308208
v 0.339392 0.545126 0.323286
v 0.326178 0.515512 0.154611
v 0.243296 0.503555 0.202959
v 0.249821 0.506742 0.215804
v 0.257377 0.511136 0.223524
v 0.421158 0.553111 0.319805
v 0.511354 0.52158 0.217519
v 0.531942 0.516647 0.214385
v 0.541723 0.51335 0.208108
v 0.545776 0.510422 0.200072
v 0.552596 0.5081 0.190994
v 0.473895 0.534981 0.109212
v 0.465117 0.539941 0.123659
v 0.457165 0.539646 0.154601
v 0.251482 0.545327 0.294931
v 0.254694 0.542951 0.296719
v 0.277216 0.541357 0.295845
v 0.346693 0.558056 0.335652
v 0.32399 0.531973 0.191748
v 0.326834 0.527156 0.180476
v 0.295996 0.520723 0.126574
v 0.230114 0.513466 0.16679
v 0.251963 0.51526 0.223925
v 0.463942 0.55027 0.116116
v 0.468695 0.548611 0.332796
v 0.516379 0.535658 0.323556
v 0.557475 0.527166 0.294408
v 0.557193 0.53149 0.295481
v 0.562258 0.510034 0.178686
v 0.324794 0.53474 0.19783
v 0.329216 0.526781 0.171088
v 0.316126 0.524572 0.142279
v 0.249316 0.516124 0.131187
v 0.232052 0.510188 0.172937
v 0.479816 0.552691 0.016362
v 0.470836 0.558953 0.0289249
v 0.459815 0.543478 0.137636
v 0.242547 0.548354 0.288852
v 0.327778 0.55938 0.301506
v 0.336289 0.556477 0.313841
v 0.35973 0.560726 0.337276
v 0.520979 0.537151 0.317381
v 0.569531 0.528904 0.289261
v 0.585561 0.525422 0.279767
v 0.571069 0.512457 0.183922
v 0.543075 0.510582 0.0932376
v 0.28299 0.539296 0.129548
v 0.257658 0.514526 0.12398
v 0.241193 0.507822 0.203322
v 0.494679 0.545595 0.00242498
v 0.473874 0.558096 0.0202652
v 0.457659 0.560963 0.0441882
v 0.44277 0.562452 0.0582543
v 0.220778 0.541531 0.259349
v 0.270371 0.544292 0.295343
v 0.482061 0.549621 0.333133
v 0.49858 0.546688 0.332847
v 0.530047 0.538544 0.304912
v 0.537976 0.538274 0.300522
v 0.584485 0.527766 0.284028
v 0.604848 0.518861 0.247807
v 0.598631 0.517361 0.246397
v 0.60733 0.515034 0.227421
v 0.575186 0.5067 0.129762
v 0.330291 0.541509 0.178367
v 0.326762 0.538033 0.15499
v 0.238089 0.508678 0.189988
v 0.439939 0.562366 0.0693231
v 0.215977 0.543289 0.259943
v 0.220073 0.54442 0.268528
v 0.223505 0.547603 0.27427
v 0.234267 0.546984 0.287243
v 0.302582 0.552902 0.302296
v 0.566649 0.532238 0.291545
v 0.568397 0.511015 0.157138
v 0.526908 0.540554 0.0777228
v 0.524853 0.529487 0.0834905
v 0.330612 0.540042 0.165822
v 0.290756 0.527419 0.126093
v 0.241569 0.52366 0.142188
v 0.22912 0.510222 0.159492
v 0.229356 0.516004 0.173352
v 0.212 0.536447 0.238766
v 0.281607 0.558279 0.29373
v 0.348813 0.567081 0.338141
v 0.352454 0.563946 0.341387
v 0.365166 0.558347 0.328748
v 0.458738 0.561579 0.332866
v 0.512841 0.54027 0.326746
v 0.571407 0.538165 0.287822
v 0.595009 0.526643 0.276585
v 0.601396 0.522126 0.26681
v 0.611822 0.516641 0.224445
v 0.611294 0.515653 0.203249
v 0.554055 0.509775 0.0964076
v 0.549723 0.527527 0.0776808
v 0.444728 0.563836 0.0523455
v 0.330222 0.544458 0.187702
v 0.331235 0.542712 0.157023
v 0.319921 0.538986 0.146228
v 0.309023 0.535764 0.138964
v 0.267991 0.520436 0.122451
v 0.218161 0.524277 0.213381
v 0.211953 0.541347 0.241164
v 0.261075 0.54488 0.296671
v 0.494161 0.558723 0.331507
v 0.555003 0.539704 0.294544
v 0.607655 0.520685 0.245149
v 0.613491 0.522251 0.229341
v 0.614103 0.516473 0.210965
v 0.57411 0.513812 0.155015
v 0.5775 0.514848 0.137572
v 0.575161 0.512314 0.138402
v 0.573678 0.520931 0.0919457
v 0.498915 0.543479 0.0938
v 0.464697 0.562291 0.0336824
v 0.432879 0.563038 0.0700514
v 0.579172 0.51597 0.125119
v 0.564326 0.522819 0.0835248
v 0.478209 0.551244 0.107902
v 0.306774 0.543698 0.138621
v 0.23299 0.518879 0.150384
v 0.32905 0.544377 0.150214
v 0.209749 0.525444 0.20534
v 0.210414 0.533251 0.228126
v 0.214285 0.545364 0.260095
v 0.226008 0.552123 0.272893
v 0.236324 0.553467 0.281617
v 0.309831 0.560914 0.298673
v 0.334494 0.562808 0.30832
v 0.376031 0.557801 0.314626
v 0.381358 0.564484 0.304382
v 0.406662 0.562813 0.315032
v 0.412082 0.551222 0.314782
v 0.434571 0.55621 0.325248
v 0.442847 0.566115 0.330701
v 0.526328 0.550057 0.313931
v 0.486583 0.55145 0.00736525
v 0.438026 0.565435 0.0592538
v 0.429102 0.564964 0.0738077
v 0.428709 0.563482 0.0793494
v 0.519714 0.542637 0.0821522
v 0.514953 0.531754 0.0847451
v 0.383225 0.545414 0.0838859
v 0.299657 0.538114 0.134212
v 0.288049 0.540087 0.130422
v 0.230926 0.524709 0.1593
v 0.301324 0.562256 0.300811
v 0.357272 0.570458 0.340708
v 0.458258 0.554123 0.332021
v 0.504398 0.555536 0.329655
v 0.603582 0.52214 0.261266
v 0.614301 0.517203 0.186484
v 0.581546 0.520658 0.113821
v 0.390226 0.549268 0.0955495
v 0.387974 0.545306 0.0796053
v 0.380678 0.544458 0.0752541
v 0.312538 0.548449 0.137962
v 0.259472 0.532692 0.134074
v 0.210932 0.530044 0.215475
v 0.210005 0.536667 0.224819
v 0.209526 0.538146 0.23197
v 0.294521 0.566773 0.298507
v 0.316293 0.556986 0.297552
v 0.329753 0.566941 0.302959
v 0.54057 0.542292 0.299713
v 0.609949 0.524447 0.242271
v 0.626077 0.52172 0.176095
v 0.522052 0.539817 -0.0199256
v 0.512669 0.540665 -0.0132752
v 0.502979 0.54354 -0.00520086
v 0.440678 0.574939 0.0517131
v 0.579906 0.521986 0.0985243
v 0.494494 0.559575 0.0981867
v 0.477961 0.562182 0.108595
v 0.39651 0.559047 0.116846
v 0.388298 0.546333 0.074832
v 0.380099 0.54234 0.0609985
v 0.324033 0.546859 0.0593041
v 0.297789 0.546193 0.132679
v 0.268917 0.53512 0.130155
v 0.212948 0.524272 0.19556
v 0.258601 0.561105 0.291796
v 0.280354 0.569635 0.292166
v 0.32217 0.565824 0.299902
v 0.363014 0.569304 0.335107
v 0.519718 0.551476 0.320733
v 0.54151 0.557946 0.304371
v 0.599677 0.532674 0.272572
v 0.606366 0.536117 0.264025
v 0.619843 0.519016 0.201383
v 0.454359 0.572363 0.0419683
v 0.538301 0.533085 0.0757487
v 0.541212 0.535171 0.0564407
v 0.518324 0.551482 0.0744594
v 0.511687 0.553012 0.0859032
v 0.483617 0.566549 0.00433975
v 0.421303 0.567329 0.0808473
v 0.366943 0.543654 0.0520426
v 0.357669 0.542579 0.0461994
v 0.347934 0.543686 0.0432183
v 0.314266 0.553203 0.0810185
v 0.307921 0.553959 0.117275
v 0.307747 0.552071 0.125875
v 0.208664 0.527648 0.173384
v 0.210949 0.525326 0.183759
v 0.212463 0.553759 0.230374
v 0.416041 0.563385 0.317244
v 0.43087 0.563566 0.324327
v 0.511503 0.55381 0.326577
v 0.592038 0.533565 0.27842
v 0.630312 0.525403 0.172875
v 0.541308 0.53566 0.0250094
v 0.207623 0.528805 0.18196
v 0.237599 0.56134 0.278873
v 0.373336 0.576108 0.322527
v 0.382111 0.571887 0.304886
v 0.474724 0.558565 0.332827
v 0.577512 0.544783 0.287088
v 0.545115 0.535768 0.0162599
v 0.419988 0.571911 0.0832073
v 0.389873 0.547227 0.0800569
v 0.381103 0.545021 0.0570265
v 0.322497 0.54711 0.0529441
v 0.319837 0.549336 0.0608991
v 0.312451 0.554823 0.0822981
v 0.308561 0.555243 0.0968837
v 0.30313 0.553088 0.124837
v 0.249362 0.530348 0.139396
v 0.586294 0.524133 0.112859
v 0.583815 0.522937 0.0825232
v 0.56833 0.526174 0.0719811
v 0.557838 0.529894 0.0654479
v 0.383632 0.544756 0.061611
v 0.365503 0.545095 0.0463567
v 0.269869 0.539487 0.130256
v 0.205223 0.530851 0.166104
v 0.204614 0.528761 0.172574
v 0.215615 0.554458 0.254571
v 0.226151 0.564492 0.267403
v 0.249834 0.559685 0.287601
v 0.482125 0.558737 0.332791
v 0.630411 0.535349 0.200006
v 0.636342 0.527611 0.150498
v 0.541673 0.536633 0.00211909
v 0.433937 0.566215 0.0668794
v 0.538319 0.537346 -0.00412822
v 0.505508 0.553775 -0.0139832
v 0.468149 0.571717 0.0277909
v 0.432347 0.573851 0.0684601
v 0.415281 0.569451 0.0980289
v 0.399083 0.561096 0.112692
v 0.392011 0.551246 0.0942986
v 0.374922 0.545176 0.0506625
v 0.338328 0.545722 0.0406736
v 0.327719 0.545948 0.0445508
v 0.306243 0.556153 0.104684
v 0.295489 0.550564 0.129266
v 0.259668 0.53703 0.133039
v 0.253623 0.538801 0.130398
v 0.240895 0.535053 0.146642
v 0.20935 0.530053 0.203928
v 0.22279 0.562581 0.264713
v 0.244143 0.57026 0.282135
v 0.59546 0.550736 0.280941
v 0.600988 0.545024 0.274598
v 0.520394 0.545183 -0.0215382
v 0.398678 0.567222 0.105764
v 0.389096 0.554366 0.0767198
v 0.316312 0.55961 0.0762694
v 0.309274 0.561001 0.0992069
v 0.244122 0.53771 0.140451
v 0.211126 0.544251 0.194477
v 0.218633 0.553721 0.262557
v 0.34108 0.570885 0.323519
v 0.357662 0.582723 0.341078
v 0.400973 0.57529 0.312071
v 0.453646 0.573026 0.334316
v 0.540344 0.540521 -0.00636149
v 0.476581 0.569074 0.0150436
v 0.455375 0.583429 0.0334808
v 0.382939 0.554528 0.0606063
v 0.320029 0.556374 0.0622716
v 0.281546 0.546917 0.128942
v 0.237956 0.539272 0.142526
v 0.235991 0.537587 0.152661
v 0.190191 0.534408 0.157567
v 0.198067 0.536877 0.162614
v 0.2111 0.534866 0.213889
v 0.262419 0.57423 0.290362
v 0.300942 0.576427 0.299838
v 0.319279 0.577167 0.300678
v 0.436673 0.579103 0.32836
v 0.469973 0.575001 0.333191
v 0.487603 0.572491 0.333497
v 0.507764 0.569401 0.328649
v 0.518158 0.567847 0.324382
v 0.529832 0.566045 0.316637
v 0.606458 0.543781 0.267921
v 0.592659 0.523222 0.0699246
v 0.535476 0.541748 -0.019444
v 0.467764 0.579667 0.0231883
v 0.443152 0.579115 0.0470416
v 0.414793 0.576741 0.0992398
v 0.395757 0.553523 0.10287
v 0.375643 0.553369 0.0517211
v 0.324385 0.556111 0.0504222
v 0.307282 0.560475 0.115329
v 0.262494 0.542641 0.128015
v 0.176693 0.538838 0.153428
v 0.209872 0.528944 0.190891
v 0.351712 0.57929 0.339911
v 0.454593 0.582323 0.334683
v 0.622052 0.542867 0.239549
v 0.617846 0.51928 0.210265
v 0.619192 0.52319 0.0722831
v 0.598537 0.524416 0.0663721
v 0.497539 0.556438 -0.0057529
v 0.475159 0.576816 0.0100376
v 0.335429 0.55335 0.0409313
v 0.330462 0.556326 0.0431541
v 0.316634 0.564354 0.0689895
v 0.310826 0.566618 0.0961722
v 0.300195 0.556537 0.127857
v 0.245138 0.540256 0.123871
v 0.230955 0.540598 0.166054
v 0.201495 0.532201 0.167057
v 0.206395 0.543471 0.171232
v 0.210122 0.539453 0.185791
v 0.212684 0.553041 0.218548
v 0.30899 0.5756 0.300494
v 0.33412 0.585073 0.309843
v 0.362727 0.580544 0.337059
v 0.377604 0.577756 0.316269
v 0.41612 0.574932 0.317984
v 0.425057 0.578194 0.323433
v 0.447759 0.582703 0.333651
v 0.580343 0.553638 0.289094
v 0.636566 0.541523 0.189664
v 0.641233 0.537641 0.154185
v 0.645438 0.53382 0.140866
v 0.640651 0.527091 0.0734467
v 0.435613 0.579737 0.0622412
v 0.35708 0.555957 0.0442503
v 0.305367 0.559372 0.121893
v 0.291861 0.558141 0.130366
v 0.224739 0.539866 0.12247
v 0.213622 0.567463 0.243969
v 0.271459 0.562979 0.290285
v 0.329621 0.580478 0.304209
v 0.550926 0.565438 0.302837
v 0.618155 0.546333 0.250982
v 0.655481 0.53794 0.138122
v 0.624435 0.525547 0.0650369
v 0.534229 0.544833 -0.0196357
v 0.341589 0.547342 0.0409866
v 0.222725 0.540572 0.117343
v 0.203614 0.545226 0.163955
v 0.214976 0.562494 0.249838
v 0.292552 0.578055 0.296076
v 0.337043 0.588999 0.31523
v 0.3873 0.576424 0.305126
v 0.608498 0.557139 0.271675
v 0.652224 0.531277 0.0683002
v 0.578583 0.532538 0.0564798
v 0.437919 0.583968 0.0501042
v 0.42378 0.576318 0.076547
v 0.391526 0.557559 0.0882387
v 0.387789 0.569145 0.0662126
v 0.368097 0.555803 0.0467802
v 0.341505 0.563637 0.0414427
v 0.209588 0.542175 0.110545
v 0.21311 0.558692 0.238282
v 0.257478 0.577033 0.289053
v 0.342083 0.586774 0.326523
v 0.411783 0.586424 0.318558
v 0.613771 0.556261 0.264928
v 0.640112 0.543684 0.166871
v 0.656262 0.541672 0.12937
v 0.679563 0.544355 0.127105
v 0.538653 0.54578 -0.0157351
v 0.5174 0.556656 -0.0294512
v 0.512007 0.555949 -0.0257461
v 0.495632 0.566513 -0.0107937
v 0.385074 0.568356 0.0611961
v 0.180768 0.542204 0.133502
v 0.174492 0.540415 0.147744
v 0.191848 0.53831 0.159909
v 0.207917 0.548078 0.17681
v 0.212094 0.560086 0.213704
v 0.214645 0.571845 0.246634
v 0.234094 0.573497 0.272906
v 0.265349 0.586133 0.288632
v 0.273655 0.587173 0.289578
v 0.357081 0.594402 0.343422
v 0.636898 0.553021 0.218453
v 0.570463 0.528448 0.0652473
v 0.676813 0.549654 0.143669
v 0.686161 0.543273 0.101056
v 0.664628 0.535506 0.068925
v 0.601814 0.530721 0.0583575
v 0.545301 0.540566 0.0039695
v 0.527233 0.54539 -0.0254781
v 0.434406 0.585962 0.062652
v 0.43155 0.5818 0.0683569
v 0.376425 0.558992 0.0513441
v 0.308675 0.566757 0.114527
v 0.268766 0.553081 0.129329
v 0.234325 0.542734 0.120631
v 0.194809 0.542541 0.109373
v 0.178165 0.545654 0.135819
v 0.318997 0.592374 0.301956
v 0.513066 0.592438 0.327485
v 0.540876 0.567422 0.308336
v 0.630636 0.548192 0.228589
v 0.481515 0.57546 -0.000777164
v 0.450264 0.592543 0.0293652
v 0.415344 0.583936 0.0935279
v 0.396552 0.567338 0.0927538
v 0.391862 0.568029 0.0787729
v 0.317912 0.567152 0.0635364
v 0.253737 0.556713 0.127802
v 0.21763 0.542867 0.113459
v 0.17948 0.54353 0.122257
v 0.235556 0.581714 0.272837
v 0.248985 0.579244 0.28339
v 0.307546 0.589636 0.30052
v 0.393555 0.588463 0.309146
v 0.470912 0.586134 0.334343
v 0.493306 0.589001 0.332065
v 0.593091 0.57039 0.285499
v 0.619387 0.551831 0.250467
v 0.68389 0.545035 0.122371
v 0.560259 0.539893 0.0408948
v 0.527474 0.574834 0.319886
v 0.678365 0.536877 0.0722898
v 0.471551 0.586003 0.00867102
v 0.45604 0.586015 0.0298433
v 0.41985 0.582038 0.0814811
v 0.36435 0.564743 0.0449961
v 0.329319 0.568799 0.0425497
v 0.184324 0.549098 0.154284
v 0.2095 0.551401 0.18792
v 0.211617 0.569823 0.229024
v 0.304292 0.595179 0.299657
v 0.373263 0.591126 0.329205
v 0.382282 0.587235 0.314815
v 0.418172 0.58796 0.320532
v 0.573772 0.569396 0.2949
v 0.648 0.552696 0.153364
v 0.68227 0.540757 0.0736193
v 0.660637 0.541415 0.0628096
v 0.627244 0.535787 0.0533532
v 0.553594 0.546387 0.0141243
v 0.541564 0.550163 -0.0227406
v 0.454828 0.593264 0.0225596
v 0.442814 0.589105 0.0402485
v 0.437199 0.592572 0.0440455
v 0.196907 0.544934 0.108213
v 0.184572 0.549848 0.119353
v 0.225781 0.57712 0.26184
v 0.336076 0.601753 0.313139
v 0.353194 0.592498 0.34023
v 0.542176 0.581226 0.309938
v 0.686197 0.5404 0.0845401
v 0.674546 0.541825 0.0679136
v 0.591177 0.537569 0.0470182
v 0.478615 0.581489 -0.00403798
v 0.420957 0.590737 0.0775315
v 0.353508 0.564873 0.0428279
v 0.324457 0.564825 0.0487513
v 0.314084 0.574668 0.0681944
v 0.312894 0.572331 0.0840736
v 0.304518 0.5743 0.118694
v 0.180926 0.55193 0.15038
v 0.256602 0.590671 0.28702
v 0.326412 0.593877 0.304091
v 0.330871 0.597929 0.307245
v 0.420006 0.603138 0.319341
v 0.623062 0.558712 0.248242
v 0.646624 0.553788 0.157533
v 0.680743 0.551611 0.138615
v 0.683838 0.551193 0.108722
v 0.684064 0.550346 0.090976
v 0.640681 0.529416 0.0667998
v 0.595642 0.5444 0.0355548
v 0.572384 0.542027 0.0384187
v 0.426181 0.58852 0.0705227
v 0.375008 0.567812 0.0500807
v 0.335656 0.567056 0.0409726
v 0.324291 0.572124 0.0458544
v 0.291963 0.565961 0.128926
v 0.211168 0.553445 0.201017
v 0.218555 0.575344 0.25264
v 0.356145 0.605193 0.340509
v 0.362251 0.597933 0.341767
v 0.495173 0.570798 -0.015881
v 0.401211 0.590014 0.0864776
v 0.397942 0.580229 0.085012
v 0.310954 0.580483 0.0765019
v 0.309113 0.572402 0.106861
v 0.186855 0.545482 0.112055
v 0.185836 0.557092 0.126634
v 0.180145 0.551944 0.144707
v 0.207355 0.554304 0.169724
v 0.310258 0.601417 0.300545
v 0.376557 0.607335 0.329781
v 0.384364 0.605011 0.320675
v 0.3884 0.591672 0.312362
v 0.4349 0.596896 0.331328
v 0.443538 0.59573 0.333423
v 0.53074 0.59129 0.319427
v 0.617029 0.563741 0.262896
v 0.531188 0.551886 -0.0279188
v 0.509836 0.561487 -0.0268711
v 0.299948 0.570227 0.125744
v 0.261484 0.56033 0.129062
v 0.231729 0.554659 0.12161
v 0.215627 0.554942 0.114264
v 0.204026 0.55458 0.110385
v 0.194999 0.557771 0.111257
v 0.196546 0.548493 0.158196
v 0.239074 0.588098 0.274858
v 0.270745 0.593506 0.287931
v 0.345685 0.601516 0.330348
v 0.476916 0.598459 0.333426
v 0.644735 0.566307 0.206087
v 0.459617 0.592574 0.33543
v 0.563379 0.581852 0.300289
v 0.678721 0.557352 0.142279
v 0.632349 0.547083 0.0413338
v 0.439475 0.596362 0.0378158
v 0.391553 0.582303 0.0686917
v 0.388446 0.582081 0.0576505
v 0.346496 0.577303 0.041411
v 0.247526 0.565372 0.127956
v 0.187628 0.558891 0.153769
v 0.210219 0.571712 0.206364
v 0.214635 0.584891 0.244711
v 0.22549 0.592501 0.260359
v 0.232693 0.592766 0.268152
v 0.359057 0.610891 0.339786
v 0.36924 0.605803 0.335268
v 0.401313 0.603928 0.312572
v 0.642471 0.546119 0.0484951
v 0.579319 0.541424 0.039875
v 0.485013 0.576498 -0.00796192
v 0.436238 0.597116 0.0429467
v 0.377222 0.574345 0.0496064
v 0.361364 0.575133 0.0413695
v 0.324567 0.580037 0.0435204
v 0.315738 0.577143 0.0588573
v 0.273165 0.567958 0.128881
v 0.253586 0.598327 0.284472
v 0.446943 0.609438 0.32999
v 0.61384 0.570618 0.269716
v 0.635601 0.567071 0.229061
v 0.643282 0.557643 0.188091
v 0.672512 0.557669 0.144412
v 0.681734 0.562025 0.135388
v 0.682988 0.549537 0.0743263
v 0.677243 0.546882 0.0672146
v 0.560158 0.546598 0.0224929
v 0.546559 0.549085 -0.0180303
v 0.541581 0.555885 -0.0317709
v 0.536974 0.552441 -0.0277007
v 0.480506 0.587272 -0.0133836
v 0.463697 0.588566 0.0198185
v 0.307806 0.580306 0.106243
v 0.262701 0.576594 0.127913
v 0.181884 0.559002 0.143043
v 0.20305 0.554591 0.160475
v 0.209852 0.565479 0.18464
v 0.210574 0.580454 0.234166
v 0.389663 0.605555 0.316912
v 0.504123 0.591794 0.329657
v 0.52436 0.596476 0.322895
v 0.5442 0.589862 0.309843
v 0.624049 0.566164 0.249467
v 0.673039 0.554533 0.0576161
v 0.657501 0.550576 0.0516157
v 0.615712 0.54257 0.0426551
v 0.435108 0.602354 0.0377199
v 0.392696 0.57747 0.0764758
v 0.370652 0.573998 0.0455822
v 0.310002 0.58516 0.068851
v 0.30967 0.581238 0.0889288
v 0.290827 0.576314 0.127058
v 0.209475 0.567428 0.113073
v 0.185441 0.566288 0.129891
v 0.182699 0.558393 0.150327
v 0.210173 0.575084 0.220569
v 0.239472 0.594152 0.27385
v 0.296103 0.597649 0.296244
v 0.421479 0.609543 0.320022
v 0.429893 0.606493 0.325383
v 0.587977 0.578525 0.288603
v 0.653974 0.559814 0.15063
v 0.684126 0.558655 0.117819
v 0.573594 0.548364 0.0249208
v 0.522941 0.557625 -0.0326894
v 0.503866 0.571747 -0.0302703
v 0.47332 0.592037 -0.00843804
v 0.471897 0.590216 -0.0019578
v 0.467153 0.592461 0.00788814
v 0.447975 0.598923 0.0231124
v 0.430488 0.600251 0.0583918
v 0.398808 0.590458 0.0766608
v 0.364431 0.577449 0.0416331
v 0.247371 0.573759 0.127426
v 0.231944 0.599195 0.267324
v 0.286986 0.601228 0.293311
v 0.324814 0.598744 0.302977
v 0.347127 0.612934 0.325457
v 0.396456 0.604165 0.312994
v 0.685595 0.566757 0.0918637
v 0.647643 0.552304 0.0440411
v 0.529207 0.56136 -0.0374771
v 0.432877 0.601925 0.0503367
v 0.422113 0.597647 0.0696044
v 0.335872 0.580149 0.0393635
v 0.308361 0.585063 0.0782602
v 0.305635 0.589817 0.0954326
v 0.190536 0.569748 0.150932
v 0.208466 0.571414 0.169986
v 0.208998 0.58489 0.230768
v 0.247784 0.608863 0.278148
v 0.384667 0.619036 0.321187
v 0.583622 0.597638 0.286682
v 0.64544 0.557412 0.169735
v 0.513333 0.568208 -0.0364715
v 0.437858 0.600855 0.0340055
v 0.422314 0.603075 0.0639793
v 0.341916 0.584853 0.0390377
v 0.30025 0.592201 0.113599
v 0.296997 0.583723 0.121894
v 0.228109 0.56667 0.123326
v 0.201865 0.561485 0.110276
v 0.189192 0.561368 0.118866
v 0.211077 0.584944 0.237302
v 0.218157 0.598432 0.250646
v 0.253695 0.608599 0.281203
v 0.261952 0.602666 0.286424
v 0.370867 0.622803 0.332118
v 0.484916 0.604906 0.330531
v 0.523358 0.605355 0.319596
v 0.571694 0.595227 0.294429
v 0.605723 0.585546 0.275977
v 0.608829 0.571644 0.275567
v 0.636409 0.577123 0.223942
v 0.675711 0.569597 0.14301
v 0.68537 0.569264 0.106739
v 0.679328 0.555124 0.0642177
v 0.670562 0.56142 0.0514502
v 0.567911 0.553365 0.014186
v 0.560328 0.554186 0.0049113
v 0.490397 0.583622 -0.0223011
v 0.413506 0.598349 0.0869736
v 0.406824 0.601832 0.0866699
v 0.329605 0.577423 0.0406335
v 0.3184 0.581023 0.0504346
v 0.278254 0.579975 0.127213
v 0.183468 0.56697 0.141834
v 0.224387 0.600863 0.259068
v 0.358584 0.616345 0.33622
v 0.489433 0.617099 0.322494
v 0.503468 0.603858 0.325989
v 0.552161 0.6023 0.303616
v 0.624598 0.577002 0.246716
v 0.651092 0.567147 0.156935
v 0.60127 0.551665 0.0253529
v 0.523769 0.568081 -0.0418393
v 0.461489 0.598619 0.00854852
v 0.416255 0.604711 0.0768663
v 0.356538 0.578967 0.0403023
v 0.313555 0.587241 0.0547999
v 0.305269 0.58655 0.106015
v 0.192362 0.568135 0.114097
v 0.206568 0.567349 0.16079
v 0.310856 0.617625 0.297388
v 0.329312 0.619516 0.302205
v 0.364781 0.616811 0.337388
v 0.410085 0.609274 0.315362
v 0.649161 0.57081 0.176441
v 0.654834 0.574764 0.15272
v 0.666781 0.575186 0.14596
v 0.678487 0.573486 0.139977
v 0.683293 0.575997 0.127718
v 0.683128 0.560878 0.0691831
v 0.628133 0.552326 0.0328838
v 0.496966 0.585965 -0.0322949
v 0.448579 0.602924 0.0177835
v 0.23141 0.580014 0.123855
v 0.207391 0.591884 0.223793
v 0.212606 0.603807 0.239596
v 0.275537 0.609686 0.287389
v 0.335222 0.613173 0.308444
v 0.534839 0.601105 0.314846
v 0.644088 0.578026 0.203654
v 0.650929 0.580221 0.165357
v 0.683823 0.567835 0.12175
v 0.454084 0.607187 0.00417491
v 0.409861 0.607619 0.0841642
v 0.403338 0.604242 0.083881
v 0.394749 0.592304 0.0656003
v 0.357753 0.588757 0.0366143
v 0.332271 0.583959 0.0388742
v 0.326608 0.589101 0.0388227
v 0.250979 0.578975 0.127048
v 0.188868 0.572027 0.117252
v 0.185703 0.572341 0.126103
v 0.208934 0.573389 0.182365
v 0.208731 0.582479 0.200164
v 0.288474 0.617153 0.290302
v 0.397599 0.613438 0.313151
v 0.405495 0.617632 0.309828
v 0.576202 0.610789 0.287441
v 0.68133 0.581395 0.135344
v 0.66252 0.565225 0.0407932
v 0.647583 0.558821 0.0372087
v 0.58301 0.556357 0.0136478
v 0.57568 0.555522 0.0137741
v 0.549852 0.555467 -0.0296859
v 0.428697 0.610104 0.0463803
v 0.36284 0.587439 0.0378841
v 0.278924 0.59553 0.121199
v 0.198221 0.567969 0.111198
v 0.184076 0.573979 0.141634
v 0.186169 0.571858 0.147045
v 0.199091 0.565812 0.155342
v 0.203216 0.573948 0.156163
v 0.437409 0.621651 0.320369
v 0.620435 0.59697 0.253134
v 0.648281 0.582717 0.182754
v 0.678688 0.565195 0.0570623
v 0.676449 0.569618 0.0514348
v 0.570599 0.561123 0.00371871
v 0.534963 0.561602 -0.0382904
v 0.43497 0.608514 0.0300572
v 0.421395 0.60882 0.0587232
v 0.382706 0.583812 0.0490163
v 0.306992 0.593465 0.0664204
v 0.305723 0.592491 0.0788752
v 0.302359 0.591815 0.109094
v 0.215203 0.607328 0.243826
v 0.236622 0.615404 0.268317
v 0.375694 0.629196 0.327213
v 0.39411 0.624698 0.313219
v 0.602353 0.597129 0.274594
v 0.617065 0.582346 0.263832
v 0.626363 0.583186 0.242375
v 0.636802 0.584547 0.216716
v 0.687013 0.575111 0.0853194
v 0.624408 0.562369 0.0229172
v 0.409488 0.612587 0.0793012
v 0.40668 0.607408 0.0858792
v 0.351321 0.590365 0.0358608
v 0.206786 0.575524 0.111843
v 0.207973 0.57867 0.174837
v 0.2481 0.617146 0.275197
v 0.365928 0.625948 0.333041
v 0.461876 0.616053 0.331568
v 0.509119 0.617951 0.316685
v 0.627822 0.591972 0.234917
v 0.658287 0.582723 0.149146
v 0.671572 0.58413 0.142701
v 0.676897 0.579546 0.141471
v 0.60966 0.557507 0.0220046
v 0.51762 0.575528 -0.0450817
v 0.443727 0.608079 0.0166087
v 0.387949 0.600349 0.0477378
v 0.321234 0.590655 0.0407072
v 0.265383 0.596106 0.120672
v 0.249537 0.587485 0.124589
v 0.208053 0.590951 0.198892
v 0.300031 0.61975 0.293129
v 0.341461 0.628433 0.309586
v 0.425622 0.618043 0.317008
v 0.541971 0.614921 0.305111
v 0.614242 0.5973 0.263686
v 0.684139 0.56634 0.0664324
v 0.649474 0.568231 0.0335344
v 0.606453 0.566353 0.0138267
v 0.46428 0.600574 -0.00342672
v 0.37551 0.588178 0.0433894
v 0.296105 0.595795 0.115678
v 0.187929 0.57787 0.121138
v 0.190495 0.577891 0.148594
v 0.206958 0.578359 0.162395
v 0.276348 0.619424 0.285557
v 0.288855 0.629317 0.287648
v 0.35159 0.627327 0.322043
v 0.385149 0.628211 0.318067
v 0.469636 0.614067 0.33232
v 0.685616 0.575041 0.0709202
v 0.537207 0.571347 -0.0456603
v 0.5224 0.577449 -0.0478877
v 0.512531 0.577647 -0.0429824
v 0.465629 0.602529 -0.00722575
v 0.412587 0.618184 0.0688906
v 0.370657 0.592808 0.039437
v 0.315519 0.592236 0.0458273
v 0.248293 0.593284 0.123051
v 0.223504 0.577478 0.121637
v 0.195173 0.580471 0.111046
v 0.20609 0.587955 0.18468
v 0.302745 0.630098 0.290668
v 0.359958 0.63014 0.32796
v 0.402083 0.624254 0.305852
v 0.426825 0.626857 0.30844
v 0.588069 0.606938 0.281526
v 0.418842 0.61584 0.0566105
v 0.403433 0.61268 0.0762237
v 0.399602 0.605463 0.0638508
v 0.392611 0.59971 0.0535275
v 0.317017 0.599895 0.0376244
v 0.303929 0.601935 0.0595095
v 0.294243 0.603515 0.110596
v 0.185091 0.582417 0.133907
v 0.201361 0.582765 0.152591
v 0.207171 0.597666 0.19954
v 0.22318 0.6101 0.255866
v 0.228248 0.612203 0.261652
v 0.321885 0.625513 0.297201
v 0.417476 0.624589 0.306927
v 0.449892 0.627859 0.318951
v 0.479556 0.627515 0.318468
v 0.516773 0.611617 0.319078
v 0.644884 0.601047 0.17269
v 0.652638 0.584264 0.155884
v 0.684005 0.584187 0.12544
v 0.686373 0.582053 0.1086
v 0.572517 0.567202 -0.000888261
v 0.562547 0.569717 -0.0193531
v 0.531802 0.569633 -0.0448628
v 0.476258 0.595 -0.0155155
v 0.337086 0.595938 0.03677
v 0.309571 0.600675 0.0473193
v 0.303476 0.597831 0.0741326
v 0.301815 0.601128 0.0946299
v 0.210154 0.588881 0.112011
v 0.200847 0.589542 0.108444
v 0.186961 0.581782 0.14316
v 0.245211 0.627693 0.270537
v 0.268251 0.620713 0.282895
v 0.661684 0.593275 0.144239
v 0.567415 0.569693 -0.00839012
v 0.445872 0.613819 0.00875533
v 0.427277 0.617666 0.0428433
v 0.406242 0.616813 0.0769354
v 0.234476 0.593877 0.121328
v 0.193196 0.585763 0.111537
v 0.18808 0.582633 0.119265
v 0.20435 0.596953 0.180391
v 0.274711 0.63262 0.281057
v 0.335381 0.63298 0.302522
v 0.373325 0.634262 0.32709
v 0.407974 0.628497 0.302023
v 0.5237 0.626989 0.304409
v 0.606581 0.608818 0.264256
v 0.616643 0.609547 0.25076
v 0.627228 0.599874 0.229707
v 0.654676 0.59295 0.149455
v 0.672931 0.59069 0.140083
v 0.681241 0.59231 0.129031
v 0.684399 0.583603 0.0618792
v 0.622868 0.573166 0.0166106
v 0.606819 0.574592 0.00787097
v 0.542281 0.578717 -0.0466513
v 0.541494 0.566824 -0.0420265
v 0.479062 0.60159 -0.0218833
v 0.323343 0.597192 0.0363153
v 0.288114 0.607045 0.112229
v 0.28848 0.592498 0.121586
v 0.262689 0.602019 0.117544
v 0.205341 0.591788 0.109183
v 0.196158 0.592121 0.109077
v 0.200797 0.592552 0.148385
v 0.20674 0.591971 0.165248
v 0.210079 0.611313 0.233766
v 0.307225 0.640521 0.289603
v 0.352446 0.637423 0.319646
v 0.3668 0.637349 0.326818
v 0.394499 0.639142 0.309476
v 0.637329 0.593856 0.209163
v 0.678396 0.591105 0.136179
v 0.558079 0.577656 -0.0354761
v 0.512401 0.587046 -0.0474725
v 0.49848 0.591526 -0.0379963
v 0.448918 0.616471 -0.00134167
v 0.417711 0.625352 0.0487467
v 0.399778 0.619008 0.0639434
v 0.390068 0.60832 0.046342
v 0.369964 0.605528 0.0341023
v 0.243019 0.600506 0.119767
v 0.19022 0.595265 0.140629
v 0.205694 0.601368 0.217794
v 0.2073 0.597727 0.227561
v 0.268211 0.630481 0.279505
v 0.33686 0.638594 0.301527
v 0.407735 0.636786 0.298062
v 0.571919 0.618147 0.284061
v 0.681703 0.577045 0.0554001
v 0.686603 0.590197 0.0764735
v 0.636629 0.568571 0.0250614
v 0.587285 0.570976 0.00172099
v 0.551316 0.567143 -0.0390398
v 0.467974 0.607681 -0.0125429
v 0.45341 0.613649 -0.00497524
v 0.434003 0.616285 0.0199637
v 0.430794 0.614513 0.0308518
v 0.298707 0.603448 0.102898
v 0.227231 0.590098 0.120456
v 0.386254 0.639095 0.315894
v 0.497931 0.626565 0.312759
v 0.643275 0.594702 0.186657
v 0.65016 0.595739 0.155946
v 0.685945 0.591256 0.102262
v 0.669363 0.583866 0.0364717
v 0.460397 0.6175 -0.0120666
v 0.441003 0.621686 0.00625159
v 0.380305 0.601785 0.0399199
v 0.2977 0.610158 0.0719341
v 0.190437 0.5913 0.115333
v 0.184957 0.589773 0.131754
v 0.204865 0.589464 0.15502
v 0.225413 0.619844 0.254772
v 0.325984 0.634998 0.295643
v 0.425571 0.634304 0.303112
v 0.539291 0.622272 0.301768
v 0.572772 0.623964 0.279672
v 0.60155 0.61645 0.263141
v 0.634025 0.608056 0.201987
v 0.687357 0.579102 0.0954658
v 0.427104 0.623695 0.0235421
v 0.346904 0.601964 0.0323616
v 0.299611 0.606166 0.0940712
v 0.279271 0.606174 0.114523
v 0.205412 0.603242 0.159314
v 0.20548 0.610225 0.213745
v 0.217274 0.616461 0.244137
v 0.25205 0.631228 0.272769
v 0.34068 0.647799 0.302957
v 0.352447 0.643388 0.315154
v 0.377403 0.64216 0.322062
v 0.417785 0.639882 0.296921
v 0.47228 0.637095 0.31277
v 0.681674 0.599937 0.121232
v 0.583413 0.586721 -0.00678876
v 0.548942 0.58311 -0.0437666
v 0.503919 0.59874 -0.0459101
v 0.4253 0.621844 0.0406497
v 0.35941 0.596208 0.0346023
v 0.31233 0.601858 0.0405633
v 0.22637 0.600683 0.116594
v 0.186715 0.598926 0.133813
v 0.402815 0.637645 0.300291
v 0.440974 0.640544 0.304276
v 0.598815 0.622953 0.260246
v 0.621354 0.604957 0.243403
v 0.681721 0.584767 0.0514981
v 0.677155 0.579397 0.0467727
v 0.656557 0.584845 0.0291876
v 0.639803 0.582891 0.0199507
v 0.607387 0.591753 0.0011405
v 0.578462 0.578219 -0.00681149
v 0.385526 0.610975 0.0415825
v 0.304093 0.605273 0.0518546
v 0.300108 0.606113 0.0662358
v 0.189057 0.600343 0.113699
v 0.186174 0.594613 0.123519
v 0.232719 0.623752 0.262172
v 0.248552 0.641799 0.268465
v 0.368939 0.643684 0.324004
v 0.465834 0.634019 0.315907
v 0.611054 0.616804 0.253059
v 0.655544 0.600889 0.142281
v 0.568469 0.578634 -0.0126461
v 0.524734 0.588639 -0.0525925
v 0.413106 0.626899 0.0577245
v 0.37393 0.608756 0.034541
v 0.343838 0.610303 0.028978
v 0.328927 0.606334 0.0325402
v 0.283876 0.612932 0.109492
v 0.199179 0.602992 0.10642
v 0.204397 0.615151 0.201034
v 0.204535 0.616708 0.20734
v 0.24155 0.6329 0.266877
v 0.266503 0.640998 0.276278
v 0.673267 0.603517 0.13298
v 0.53193 0.583594 -0.051177
v 0.519167 0.587479 -0.0511538
v 0.483646 0.606973 -0.0295572
v 0.43078 0.625413 0.0163279
v 0.243495 0.606653 0.117861
v 0.220474 0.594861 0.116413
v 0.202629 0.608007 0.17568
v 0.206326 0.605901 0.192891
v 0.203399 0.618411 0.18475
v 0.211559 0.623174 0.232763
v 0.325762 0.645428 0.293143
v 0.36088 0.657706 0.312003
v 0.454705 0.633439 0.31452
v 0.537322 0.631446 0.295422
v 0.671692 0.609739 0.131335
v 0.579231 0.608092 -0.0124318
v 0.425917 0.628461 0.0236302
v 0.385908 0.618156 0.0384865
v 0.315161 0.608989 0.0340858
v 0.292558 0.613415 0.103241
v 0.25671 0.613556 0.112739
v 0.207063 0.622506 0.223377
v 0.227022 0.637975 0.250699
v 0.559792 0.640907 0.273402
v 0.567045 0.631282 0.276647
v 0.617959 0.621984 0.233415
v 0.62305 0.625729 0.2108
v 0.65137 0.607315 0.142299
v 0.682357 0.594905 0.0527399
v 0.670068 0.592334 0.03511
v 0.471826 0.615667 -0.0210179
v 0.392925 0.62012 0.0494616
v 0.287513 0.622438 0.100418
v 0.226513 0.612428 0.113828
v 0.187933 0.605765 0.119835
v 0.201925 0.609043 0.148904
v 0.203263 0.61303 0.15256
v 0.231712 0.639495 0.255789
v 0.354379 0.654488 0.311297
v 0.412879 0.646455 0.293079
v 0.646666 0.613683 0.147485
v 0.680854 0.604555 0.116393
v 0.618608 0.588804 0.00798006
v 0.570472 0.586723 -0.0134122
v 0.554679 0.590899 -0.0397033
v 0.512315 0.599074 -0.0505846
v 0.431018 0.62936 0.0111168
v 0.308465 0.61072 0.0394903
v 0.267825 0.61982 0.106663
v 0.245153 0.614703 0.113088
v 0.208881 0.604399 0.108646
v 0.201882 0.622239 0.17249
v 0.290565 0.639768 0.286436
v 0.38736 0.657244 0.312284
v 0.394794 0.65159 0.306311
v 0.430633 0.64747 0.295588
v 0.482821 0.642649 0.304409
v 0.638188 0.612846 0.180725
v 0.686372 0.599954 0.0712928
v 0.659313 0.593632 0.0284896
v 0.641004 0.59272 0.0167082
v 0.465349 0.623248 -0.0178736
v 0.445512 0.62577 -0.0045684
v 0.363467 0.612512 0.0310096
v 0.333588 0.612066 0.0297535
v 0.294938 0.616355 0.0906957
v 0.29043 0.622749 0.0942482
v 0.192228 0.605145 0.10962
v 0.211817 0.63416 0.229454
v 0.277226 0.651852 0.276154
v 0.286779 0.650899 0.280282
v 0.302797 0.654596 0.282869
v 0.318913 0.649923 0.289036
v 0.378127 0.655117 0.318067
v 0.40602 0.654203 0.292089
v 0.600786 0.631557 0.25058
v 0.613463 0.623104 0.243796
v 0.637967 0.626064 0.160566
v 0.678481 0.604619 0.126012
v 0.685518 0.599653 0.0859972
v 0.56355 0.59046 -0.0235495
v 0.514267 0.606051 -0.0519029
v 0.492269 0.606071 -0.0366841
v 0.424939 0.633944 0.0164588
v 0.397894 0.628577 0.0604344
v 0.357674 0.612332 0.0292967
v 0.320776 0.605161 0.0337166
v 0.300455 0.615405 0.0476759
v 0.298988 0.610681 0.0589044
v 0.229095 0.617486 0.112342
v 0.202245 0.61376 0.164117
v 0.326099 0.658809 0.28891
v 0.488103 0.655173 0.290226
v 0.503222 0.642994 0.296205
v 0.625615 0.627034 0.201587
v 0.650144 0.614332 0.138154
v 0.676605 0.596385 0.0401403
v 0.55657 0.598874 -0.0383258
v 0.449916 0.628042 -0.00987266
v 0.376805 0.623474 0.0315305
v 0.365064 0.619999 0.0293242
v 0.353063 0.606728 0.0302227
v 0.207605 0.611018 0.104526
v 0.187181 0.605007 0.127891
v 0.223662 0.657771 0.239371
v 0.332686 0.658032 0.292532
v 0.539004 0.644782 0.282022
v 0.660085 0.615348 0.133228
v 0.677303 0.616816 0.120421
v 0.682921 0.603186 0.0541514
v 0.505484 0.608078 -0.0466456
v 0.479643 0.620909 -0.0276553
v 0.415948 0.633632 0.0428297
v 0.292222 0.621383 0.0784722
v 0.192018 0.60624 0.139941
v 0.202466 0.627025 0.195721
v 0.20556 0.646982 0.211362
v 0.219064 0.635557 0.239859
v 0.239235 0.649013 0.259063
v 0.385995 0.662528 0.311352
v 0.426781 0.654717 0.288636
v 0.575245 0.639683 0.263664
v 0.668417 0.607097 0.0343857
v 0.616624 0.596671 0.00424737
v 0.614089 0.605807 0.0027676
v 0.532254 0.597786 -0.0534377
v 0.42253 0.632091 0.0339824
v 0.407133 0.641125 0.0587523
v 0.310138 0.617834 0.0344642
v 0.242577 0.621589 0.110364
v 0.189053 0.607017 0.135143
v 0.257944 0.659171 0.26633
v 0.378485 0.666246 0.3095
v 0.414346 0.657751 0.285661
v 0.607181 0.631331 0.245071
v 0.681322 0.614361 0.0565217
v 0.570447 0.599022 -0.0166361
v 0.540508 0.595641 -0.0503651
v 0.523719 0.600763 -0.0539545
v 0.407324 0.642908 0.0550608
v 0.397021 0.639607 0.0520625
v 0.328776 0.620363 0.0257677
v 0.315369 0.616487 0.0307261
v 0.283361 0.624065 0.101618
v 0.198188 0.610077 0.105463
v 0.193247 0.614243 0.109113
v 0.200905 0.640469 0.197312
v 0.248763 0.65156 0.264771
v 0.466113 0.651243 0.300048
v 0.505565 0.662789 0.278341
v 0.52306 0.644752 0.288858
v 0.68158 0.61312 0.107656
v 0.675645 0.609443 0.0431312
v 0.656209 0.613126 0.0279686
v 0.652668 0.600233 0.0241309
v 0.547564 0.595785 -0.0464553
v 0.507662 0.612096 -0.0489257
v 0.451745 0.634862 -0.0141178
v 0.439071 0.635498 -0.00391767
v 0.414516 0.646979 0.0325477
v 0.331293 0.627908 0.0222595
v 0.29155 0.622574 0.0661575
v 0.290036 0.627906 0.0846074
v 0.278411 0.62312 0.103657
v 0.201919 0.615106 0.102891
v 0.200998 0.616188 0.14536
v 0.270938 0.66778 0.266646
v 0.289171 0.660726 0.277226
v 0.355444 0.664341 0.306454
v 0.384918 0.670878 0.305409
v 0.402648 0.664397 0.294247
v 0.409489 0.663109 0.285399
v 0.648444 0.619696 0.138087
v 0.67956 0.623042 0.0827064
v 0.564014 0.604045 -0.0238875
v 0.481244 0.624985 -0.0296582
v 0.410831 0.642274 0.051244
v 0.362677 0.626708 0.0273801
v 0.291692 0.627426 0.0546073
v 0.26071 0.632273 0.0999781
v 0.19088 0.618725 0.114572
v 0.190743 0.624384 0.120351
v 0.328378 0.666494 0.286259
v 0.636767 0.603359 0.0121885
v 0.594575 0.599355 -0.00505252
v 0.573213 0.614498 -0.0157936
v 0.419466 0.643188 0.0262153
v 0.38924 0.629321 0.0392204
v 0.32213 0.615847 0.0286749
v 0.287168 0.62901 0.0929307
v 0.281049 0.631154 0.097728
v 0.249304 0.629812 0.104363
v 0.21532 0.621513 0.105496
v 0.19094 0.620861 0.131938
v 0.202323 0.625536 0.159364
v 0.205052 0.631405 0.215184
v 0.249115 0.661436 0.261379
v 0.338546 0.666531 0.291343
v 0.401737 0.672082 0.291219
v 0.528149 0.661311 0.271186
v 0.570802 0.652829 0.257628
v 0.608725 0.64346 0.23188
v 0.552169 0.609783 -0.044469
v 0.540476 0.607259 -0.0514928
v 0.506849 0.620506 -0.0479519
v 0.430812 0.638413 0.00451801
v 0.404194 0.645715 0.0539515
v 0.313113 0.628968 0.0261403
v 0.29801 0.624874 0.0431064
v 0.287915 0.632334 0.0778907
v 0.223533 0.626302 0.107007
v 0.200342 0.6331 0.142881
v 0.202094 0.624588 0.147861
v 0.201475 0.647888 0.198718
v 0.208801 0.644541 0.220461
v 0.32239 0.678941 0.276641
v 0.374661 0.672993 0.304812
v 0.397525 0.676956 0.290091
v 0.437034 0.667742 0.278015
v 0.597128 0.651327 0.237083
v 0.614233 0.639095 0.22435
v 0.633114 0.63364 0.166967
v 0.669453 0.627254 0.122847
v 0.665211 0.617436 0.035284
v 0.52673 0.616948 -0.0547832
v 0.421986 0.644068 0.0158435
v 0.392543 0.642648 0.0408244
v 0.34811 0.621111 0.0252111
v 0.20794 0.624166 0.100813
v 0.455646 0.668822 0.279405
v 0.476107 0.666289 0.28267
v 0.640928 0.629303 0.142264
v 0.673608 0.630489 0.109995
v 0.565514 0.612313 -0.0232383
v 0.474961 0.638835 -0.0301819
v 0.463986 0.630785 -0.0188519
v 0.449922 0.639797 -0.0145347
v 0.410842 0.648702 0.0461655
v 0.383715 0.624742 0.0344283
v 0.358499 0.633568 0.0231135
v 0.300059 0.629067 0.0379462
v 0.230874 0.627437 0.107519
v 0.196778 0.622559 0.104354
v 0.202339 0.631766 0.154069
v 0.216904 0.653295 0.231928
v 0.231403 0.659435 0.248093
v 0.403442 0.678718 0.284926
v 0.646934 0.630549 0.132317
v 0.547001 0.621223 -0.0477654
v 0.537175 0.617694 -0.0528603
v 0.516857 0.614454 -0.0537039
v 0.385377 0.639629 0.0308224
v 0.322817 0.628795 0.0230944
v 0.292619 0.630546 0.0486633
v 0.290355 0.62808 0.0609701
v 0.287692 0.634018 0.0630225
v 0.285375 0.634881 0.0879614
v 0.193696 0.628365 0.135118
v 0.237811 0.659597 0.254043
v 0.2599 0.673577 0.26172
v 0.289669 0.66868 0.274541
v 0.308294 0.66721 0.279477
v 0.373722 0.681634 0.294027
v 0.423208 0.671175 0.275821
v 0.467406 0.671405 0.277828
v 0.556671 0.663432 0.256613
v 0.621054 0.643007 0.1869
v 0.637736 0.645026 0.132308
v 0.666083 0.638609 0.116839
v 0.676118 0.626623 0.0587772
v 0.672686 0.617697 0.0433502
v 0.635791 0.615939 0.0127245
v 0.617627 0.617743 0.00611295
v 0.590208 0.614668 -0.00734238
v 0.563864 0.620524 -0.0239062
v 0.644976 0.628093 0.0219325
v 0.577871 0.624602 -0.0113529
v 0.556457 0.614062 -0.0401726
v 0.489741 0.628716 -0.0361003
v 0.434489 0.64273 -0.00421495
v 0.419402 0.652059 0.0206112
v 0.40741 0.654855 0.043512
v 0.397749 0.646628 0.0493119
v 0.338991 0.634369 0.019203
v 0.22093 0.635343 0.103803
v 0.200017 0.631628 0.174347
v 0.353984 0.67279 0.298274
v 0.443779 0.673734 0.272764
v 0.491248 0.668013 0.278202
v 0.576625 0.662184 0.244634
v 0.623064 0.648698 0.171905
v 0.633397 0.646134 0.142413
v 0.556137 0.621566 -0.038203
v 0.509351 0.630142 -0.0500403
v 0.401604 0.653539 0.0453912
v 0.381134 0.640271 0.0266367
v 0.374673 0.632642 0.0273452
v 0.363196 0.639317 0.0221011
v 0.270812 0.641404 0.0935373
v 0.229358 0.634556 0.104554
v 0.224632 0.664532 0.235877
v 0.238921 0.672032 0.247352
v 0.332343 0.677768 0.281557
v 0.412678 0.672773 0.278546
v 0.616666 0.643977 0.200776
v 0.663249 0.635841 0.121672
v 0.628577 0.629574 0.0111407
v 0.598421 0.630038 -0.000554708
v 0.422137 0.652161 0.00886298
v 0.396826 0.651999 0.0431153
v 0.347649 0.63399 0.0201119
v 0.201612 0.627844 0.100698
v 0.192714 0.636886 0.126998
v 0.460116 0.679989 0.266199
v 0.607918 0.655479 0.217768
v 0.643154 0.646599 0.126732
v 0.677355 0.627455 0.0783285
v 0.674334 0.6333 0.0572525
v 0.461397 0.64266 -0.0211487
v 0.436872 0.651212 -0.0114415
v 0.424413 0.645534 0.0102333
v 0.38466 0.645078 0.0280037
v 0.295849 0.636796 0.0361948
v 0.288095 0.638775 0.0493307
v 0.279634 0.641421 0.089358
v 0.207018 0.636362 0.0989228
v 0.195146 0.6307 0.105845
v 0.199542 0.644769 0.161078
v 0.328229 0.685286 0.275568
v 0.359836 0.679609 0.295878
v 0.378738 0.685408 0.290482
v 0.416589 0.683367 0.267757
v 0.570114 0.628411 -0.0165973
v 0.499933 0.636309 -0.0454833
v 0.391484 0.6565 0.0318695
v 0.309288 0.638692 0.0231683
v 0.208592 0.665878 0.209205
v 0.252827 0.675899 0.256676
v 0.344233 0.68652 0.283548
v 0.41085 0.683259 0.27244
v 0.522137 0.675676 0.259312
v 0.605637 0.670843 0.201228
v 0.666132 0.626963 0.0377749
v 0.609545 0.629422 0.00422358
v 0.484589 0.639315 -0.0362244
v 0.431821 0.652815 -0.00752956
v 0.418617 0.658236 0.0158874
v 0.402543 0.656142 0.0452323
v 0.304204 0.635599 0.0278278
v 0.238411 0.641183 0.0982023
v 0.193631 0.638301 0.114485
v 0.198539 0.653704 0.16979
v 0.226738 0.671903 0.235006
v 0.274079 0.683491 0.26167
v 0.2905 0.680679 0.268251
v 0.306278 0.681205 0.271479
v 0.352698 0.695339 0.282467
v 0.4365 0.678447 0.26817
v 0.575925 0.675347 0.233962
v 0.531075 0.633379 -0.0537608
v 0.410039 0.656422 0.0373689
v 0.379175 0.645018 0.0240563
v 0.349188 0.645158 0.0165311
v 0.285096 0.642487 0.0763112
v 0.389534 0.694245 0.284641
v 0.491976 0.68646 0.259379
v 0.601174 0.663753 0.221445
v 0.669851 0.641528 0.0730452
v 0.55482 0.633308 -0.0399626
v 0.449061 0.649686 -0.0173397
v 0.413584 0.657159 0.0255756
v 0.396812 0.660493 0.039118
v 0.316237 0.6322 0.0229814
v 0.201275 0.636262 0.0994344
v 0.197516 0.642286 0.104183
v 0.196396 0.643978 0.133436
v 0.200841 0.648434 0.143758
v 0.400013 0.696558 0.278078
v 0.613335 0.662875 0.182497
v 0.620313 0.661821 0.16123
v 0.656713 0.648644 0.117624
v 0.66314 0.645995 0.109748
v 0.671022 0.632815 0.0484344
v 0.587981 0.631597 -0.00530702
v 0.56432 0.630566 -0.0241287
v 0.546618 0.633584 -0.0470318
v 0.518995 0.62762 -0.0538145
v 0.409803 0.665426 0.0292386
v 0.401712 0.662955 0.0391565
v 0.385119 0.654892 0.0246042
v 0.30003 0.643051 0.0279826
v 0.284784 0.644177 0.0570949
v 0.277728 0.654741 0.0811354
v 0.219937 0.644947 0.0999574
v 0.236167 0.681025 0.24207
v 0.422397 0.686339 0.263783
v 0.432525 0.689943 0.260203
v 0.470611 0.682929 0.262312
v 0.500943 0.683928 0.259935
v 0.549443 0.673873 0.250432
v 0.591331 0.671629 0.225077
v 0.626726 0.669444 0.131355
v 0.427591 0.66005 -0.00843934
v 0.226562 0.641984 0.100568
v 0.199145 0.653203 0.183543
v 0.21783 0.679029 0.219843
v 0.284946 0.693863 0.260811
v 0.368831 0.692916 0.28763
v 0.414336 0.693996 0.264117
v 0.561869 0.675771 0.243036
v 0.609951 0.664799 0.189665
v 0.632683 0.658914 0.129551
v 0.662021 0.655863 0.0720114
v 0.667096 0.645952 0.0558861
v 0.525211 0.639373 -0.0545595
v 0.466086 0.661224 -0.0315222
v 0.448296 0.657768 -0.0186007
v 0.423074 0.662167 -0.00269132
v 0.375773 0.652787 0.0189782
v 0.268899 0.650627 0.089536
v 0.208563 0.648512 0.0963279
v 0.197247 0.646291 0.10628
v 0.193622 0.643196 0.122646
v 0.194815 0.650341 0.128385
v 0.197475 0.662997 0.164188
v 0.225492 0.692225 0.223415
v 0.330087 0.69267 0.271922
v 0.391116 0.709466 0.275806
v 0.594303 0.686736 0.210465
v 0.638939 0.657773 0.123464
v 0.657141 0.660273 0.10621
v 0.659084 0.657753 0.0903521
v 0.401799 0.669524 0.034135
v 0.316068 0.646401 0.0177881
v 0.285264 0.649255 0.046677
v 0.201095 0.655634 0.146686
v 0.198879 0.67176 0.16914
v 0.205812 0.672784 0.19118
v 0.212691 0.664806 0.218866
v 0.424117 0.706663 0.253899
v 0.557543 0.685559 0.237143
v 0.654062 0.658898 0.114255
v 0.641459 0.641737 0.0212863
v 0.608042 0.645025 0.00509146
v 0.590226 0.641657 -0.00312439
v 0.553381 0.641622 -0.0407766
v 0.457874 0.652232 -0.0224857
v 0.283483 0.647887 0.0754645
v 0.281432 0.649428 0.0794204
v 0.244921 0.68517 0.247496
v 0.255717 0.687943 0.254177
v 0.457899 0.69213 0.256677
v 0.599966 0.646205 0.00233223
v 0.57503 0.638263 -0.0117861
v 0.539724 0.626723 -0.0513776
v 0.507764 0.649689 -0.0523794
v 0.283431 0.654832 0.0515128
v 0.273898 0.66482 0.0774536
v 0.264035 0.63875 0.0963245
v 0.240887 0.657813 0.0917663
v 0.242891 0.650039 0.0947514
v 0.201276 0.663057 0.185641
v 0.208743 0.673332 0.203415
v 0.309888 0.697861 0.264699
v 0.342651 0.705837 0.269585
v 0.600906 0.677013 0.208725
v 0.608181 0.675919 0.184996
v 0.414189 0.668776 0.0185738
v 0.344152 0.649269 0.0141414
v 0.308987 0.652825 0.0171521
v 0.211661 0.68483 0.204994
v 0.323225 0.70279 0.265806
v 0.537961 0.691537 0.241989
v 0.618653 0.680968 0.144515
v 0.655534 0.645113 0.0345417
v 0.622882 0.641844 0.00895168
v 0.56636 0.646664 -0.0185469
v 0.486154 0.650746 -0.0421828
v 0.391344 0.666694 0.0238934
v 0.387264 0.668957 0.0182069
v 0.378317 0.662191 0.0158728
v 0.369599 0.658985 0.014252
v 0.326807 0.645682 0.0159723
v 0.293226 0.65241 0.029312
v 0.282266 0.656776 0.0702997
v 0.209714 0.688224 0.197829
v 0.257127 0.699501 0.249129
v 0.307697 0.711328 0.257153
v 0.382174 0.704093 0.281565
v 0.613942 0.673632 0.170989
v 0.544454 0.651028 -0.0468599
v 0.419727 0.666225 0.00997061
v 0.382672 0.663453 0.0178019
v 0.255452 0.657303 0.0897251
v 0.198326 0.65799 0.134313
v 0.461836 0.702682 0.249792
v 0.583814 0.686588 0.219068
v 0.659863 0.651694 0.0438826
v 0.636218 0.654339 0.0211245
v 0.51564 0.64871 -0.0542755
v 0.450494 0.664371 -0.0217452
v 0.426651 0.672103 -0.0116637
v 0.397661 0.672461 0.0296973
v 0.331358 0.65213 0.0131005
v 0.288952 0.647376 0.0385248
v 0.280568 0.664719 0.066599
v 0.210713 0.661736 0.0926023
v 0.195798 0.657009 0.123036
v 0.249802 0.701991 0.243174
v 0.265812 0.692259 0.256317
v 0.277657 0.7024 0.256092
v 0.341714 0.725103 0.259602
v 0.413684 0.707866 0.259598
v 0.474224 0.714448 0.242955
v 0.520892 0.701065 0.241912
v 0.596907 0.703356 0.194928
v 0.599602 0.697624 0.192501
v 0.60426 0.693003 0.181425
v 0.648917 0.671415 0.110514
v 0.618955 0.659121 0.00991179
v 0.478562 0.658048 -0.0385749
v 0.225633 0.653768 0.0967786
v 0.199013 0.667346 0.138561
v 0.231381 0.692011 0.231028
v 0.332507 0.724959 0.257433
v 0.365212 0.710005 0.27536
v 0.431269 0.702694 0.253821
v 0.492382 0.703243 0.248294
v 0.557484 0.651435 -0.0358527
v 0.524212 0.653467 -0.0537538
v 0.424747 0.675587 -0.00908942
v 0.399455 0.677451 0.0279727
v 0.34409 0.659958 0.0100096
v 0.205827 0.656 0.0951505
v 0.197002 0.672868 0.155418
v 0.557899 0.703163 0.227317
v 0.633862 0.669528 0.121596
v 0.555361 0.662074 -0.0375523
v 0.451215 0.676075 -0.0266963
v 0.43413 0.66434 -0.0155805
v 0.404171 0.67972 0.0233569
v 0.356306 0.660718 0.011099
v 0.202436 0.654775 0.0978331
v 0.457782 0.715986 0.243675
v 0.586201 0.700194 0.208994
v 0.613905 0.685553 0.164486
v 0.649699 0.6785 0.0809385
v 0.657368 0.661442 0.0501321
v 0.642402 0.675124 0.0358853
v 0.574196 0.657512 -0.0102644
v 0.328013 0.66185 0.00905646
v 0.317789 0.659358 0.0118937
v 0.280372 0.665968 0.0472714
v 0.257098 0.669432 0.0845495
v 0.200581 0.659945 0.102878
v 0.204615 0.681971 0.181017
v 0.401166 0.71457 0.267451
v 0.417868 0.714247 0.25424
v 0.43714 0.713351 0.248437
v 0.501135 0.702116 0.247
v 0.545107 0.712701 0.226739
v 0.612069 0.699977 0.161059
v 0.624855 0.680658 0.12538
v 0.589993 0.673973 0.00327595
v 0.583597 0.660265 -0.0031707
v 0.548234 0.657475 -0.0446919
v 0.366062 0.665602 0.0114963
v 0.301065 0.653638 0.0213589
v 0.285634 0.66092 0.0336898
v 0.244616 0.676171 0.0858246
v 0.220849 0.69384 0.214137
v 0.229285 0.709705 0.219058
v 0.263758 0.715452 0.245276
v 0.642522 0.683335 0.108956
v 0.648327 0.679863 0.10116
v 0.576307 0.676142 -0.00579887
v 0.501398 0.661452 -0.049928
v 0.464558 0.669807 -0.0335792
v 0.419414 0.677254 0.00318248
v 0.397868 0.684421 0.0223841
v 0.368637 0.677353 0.00647207
v 0.33989 0.665031 0.00714007
v 0.293882 0.661775 0.0236394
v 0.281969 0.66592 0.0380043
v 0.231808 0.66791 0.0892121
v 0.205852 0.669474 0.0936654
v 0.233216 0.704779 0.226799
v 0.247116 0.71814 0.235226
v 0.292933 0.714548 0.254004
v 0.364496 0.723177 0.266241
v 0.379037 0.722614 0.269544
v 0.394365 0.733725 0.259911
v 0.427704 0.72368 0.247301
v 0.590205 0.7173 0.195681
v 0.630672 0.685592 0.116667
v 0.644721 0.656153 0.0282583
v 0.600272 0.670004 0.00647235
v 0.404098 0.684578 0.0197348
v 0.38504 0.679797 0.0102523
v 0.202721 0.671501 0.100646
v 0.203505 0.688015 0.166372
v 0.207826 0.696982 0.18507
v 0.314448 0.720879 0.254368
v 0.651856 0.675235 0.0585368
v 0.536392 0.652561 -0.0507146
v 0.495911 0.66499 -0.0482367
v 0.475891 0.666114 -0.0378374
v 0.434383 0.680236 -0.0203878
v 0.431065 0.689026 -0.0194578
v 0.422305 0.679528 -0.00247425
v 0.410948 0.6778 0.0129705
v 0.359709 0.668652 0.00859419
v 0.311449 0.66442 0.0122529
v 0.278705 0.665479 0.0718656
v 0.27259 0.679235 0.0716488
v 0.239519 0.701832 0.234469
v 0.447335 0.720869 0.243438
v 0.496036 0.722387 0.236558
v 0.618785 0.692551 0.134478
v 0.649123 0.67414 0.0460872
v 0.626695 0.673502 0.021196
v 0.563436 0.663515 -0.0220751
v 0.376881 0.681756 0.00621312
v 0.324454 0.671724 0.00752038
v 0.279186 0.67507 0.0417905
v 0.197938 0.67267 0.12387
v 0.198678 0.678845 0.13094
v 0.197412 0.682149 0.148862
v 0.413799 0.735918 0.250458
v 0.623204 0.696094 0.119859
v 0.612348 0.678298 0.0117586
v 0.524753 0.66526 -0.0535511
v 0.402617 0.692317 0.0167006
v 0.394573 0.680977 0.0210965
v 0.3004 0.665222 0.0173469
v 0.264763 0.666126 0.0819937
v 0.198938 0.692967 0.138314
v 0.239966 0.722735 0.227739
v 0.300215 0.728831 0.248651
v 0.374913 0.732883 0.260657
v 0.418352 0.725765 0.251121
v 0.541146 0.72019 0.224543
v 0.644969 0.690113 0.0998564
v 0.568772 0.671685 -0.0135054
v 0.564324 0.680976 -0.0203132
v 0.55067 0.673015 -0.0417916
v 0.515271 0.662317 -0.0531747
v 0.487189 0.679807 -0.0473098
v 0.471766 0.675255 -0.0394145
v 0.444471 0.688038 -0.0284839
v 0.304108 0.671987 0.0118837
v 0.211395 0.675731 0.089277
v 0.205065 0.68352 0.099245
v 0.21839 0.702954 0.20122
v 0.277744 0.724958 0.244872
v 0.400053 0.734645 0.257679
v 0.558482 0.714495 0.219381
v 0.642513 0.696797 0.0629333
v 0.573703 0.686459 -0.00598544
v 0.543348 0.677927 -0.046021
v 0.497334 0.677792 -0.0501046
v 0.395007 0.700942 0.0106428
v 0.283936 0.674523 0.0283037
v 0.277209 0.676874 0.0639863
v 0.236232 0.687521 0.0844829
v 0.23197 0.721068 0.219088
v 0.632869 0.688295 0.0326751
v 0.516453 0.685897 -0.0521948
v 0.360821 0.679869 0.00229541
v 0.352172 0.675178 0.00297425
v 0.217898 0.67537 0.0870232
v 0.20183 0.700861 0.148609
v 0.211213 0.713224 0.179115
v 0.269566 0.724514 0.242445
v 0.481553 0.72817 0.236428
v 0.519557 0.714731 0.234608
v 0.602463 0.7113 0.174747
v 0.617528 0.702983 0.130248
v 0.632492 0.697308 0.111649
v 0.619996 0.702827 0.0290579
v 0.534069 0.662205 -0.051143
v 0.528717 0.683549 -0.0512089
v 0.43457 0.686621 -0.0228505
v 0.422153 0.68745 -0.00397436
v 0.414645 0.691799 0.0021539
v 0.203048 0.687502 0.107717
v 0.203179 0.699861 0.120613
v 0.206812 0.703137 0.176425
v 0.255068 0.717507 0.240198
v 0.510581 0.728654 0.230187
v 0.583602 0.725095 0.196617
v 0.639026 0.70232 0.0989367
v 0.400796 0.697016 0.0151824
v 0.357126 0.685469 -0.000133926
v 0.311673 0.67587 0.00889611
v 0.255334 0.688319 0.077255
v 0.241785 0.689764 0.0828171
v 0.226027 0.717163 0.206764
v 0.317488 0.734248 0.250122
v 0.349631 0.739985 0.251685
v 0.424822 0.744508 0.241639
v 0.451903 0.738072 0.237056
v 0.602224 0.724074 0.168735
v 0.608884 0.714462 0.157761
v 0.633897 0.70681 0.105791
v 0.642517 0.697096 0.0788345
v 0.560603 0.692042 -0.0284865
v 0.521466 0.679353 -0.0525078
v 0.458398 0.686599 -0.0366606
v 0.425579 0.692157 -0.00945918
v 0.388272 0.688669 0.00897277
v 0.340995 0.682086 0.00244235
v 0.279174 0.681935 0.0325723
v 0.206976 0.701688 0.0990831
v 0.242531 0.73393 0.22319
v 0.374666 0.74317 0.253854
v 0.482369 0.748254 0.227386
v 0.545036 0.744173 0.211285
v 0.565024 0.735507 0.206472
v 0.618825 0.704797 0.123871
v 0.625234 0.710667 0.112673
v 0.643167 0.690958 0.0519525
v 0.626043 0.712275 0.0385004
v 0.607692 0.690662 0.013939
v 0.593511 0.68404 0.00717245
v 0.585751 0.684579 0.0030103
v 0.55576 0.683523 -0.0364343
v 0.32851 0.68224 0.00424762
v 0.223516 0.6994 0.0828376
v 0.20905 0.686597 0.0915824
v 0.204756 0.710989 0.160896
v 0.298073 0.73779 0.2438
v 0.30324 0.748951 0.238651
v 0.551704 0.735993 0.213031
v 0.616475 0.720642 0.124204
v 0.568118 0.700008 -0.0123086
v 0.54699 0.687606 -0.0437454
v 0.501383 0.689693 -0.0501622
v 0.429395 0.69808 -0.0207551
v 0.374935 0.697711 -0.000926048
v 0.327246 0.68848 0.00207937
v 0.306579 0.689411 0.00602287
v 0.298683 0.675345 0.013255
v 0.289822 0.676447 0.0201329
v 0.508146 0.747026 0.221908
v 0.467052 0.686967 -0.0402164
v 0.409269 0.701079 0.00475711
v 0.385232 0.699081 0.00323259
v 0.266228 0.685181 0.0742079
v 0.337487 0.747299 0.245502
v 0.402556 0.749925 0.248161
v 0.613619 0.71204 0.144865
v 0.619232 0.716239 0.117514
v 0.57233 0.704125 -0.00578378
v 0.420732 0.702769 -0.00672856
v 0.401021 0.701939 0.0107889
v 0.27645 0.698809 0.0283004
v 0.276772 0.686358 0.0383604
v 0.265238 0.697669 0.0694901
v 0.218997 0.700315 0.0837825
v 0.220021 0.721328 0.18839
v 0.589658 0.743732 0.182704
v 0.637601 0.709056 0.0979173
v 0.636595 0.710132 0.0829801
v 0.633573 0.70745 0.0458574
v 0.454365 0.697805 -0.0380904
v 0.269472 0.691926 0.0670688
v 0.208417 0.715872 0.169274
v 0.225481 0.732151 0.200234
v 0.28385 0.743823 0.238115
v 0.341881 0.760898 0.238277
v 0.363919 0.751495 0.246141
v 0.595809 0.724644 0.183186
v 0.624222 0.730214 0.110547
v 0.630365 0.725014 0.0991286
v 0.470909 0.697322 -0.0421608
v 0.38189 0.694038 0.0030232
v 0.361291 0.693083 -0.00274062
v 0.27274 0.698769 0.0508909
v 0.204638 0.708302 0.123149
v 0.221745 0.731262 0.187629
v 0.229783 0.733374 0.207229
v 0.235618 0.738282 0.213696
v 0.442138 0.768021 0.228495
v 0.599472 0.747718 0.160221
v 0.602995 0.70426 0.0152149
v 0.552013 0.696633 -0.0386918
v 0.43903 0.700123 -0.0285991
v 0.435566 0.708326 -0.0275782
v 0.317535 0.693971 0.00201092
v 0.256657 0.701416 0.0735337
v 0.233586 0.704164 0.0804816
v 0.207121 0.717426 0.135129
v 0.243931 0.743169 0.220069
v 0.380828 0.752759 0.247834
v 0.610285 0.703232 0.0203091
v 0.590293 0.707973 0.00970725
v 0.576807 0.70136 -0.00145577
v 0.535851 0.683792 -0.0490127
v 0.491149 0.695238 -0.0484831
v 0.430302 0.712716 -0.0231644
v 0.411171 0.709319 -0.00178749
v 0.290951 0.697963 0.0128599
v 0.279846 0.69592 0.0241784
v 0.274168 0.701496 0.0333801
v 0.20628 0.716936 0.153198
v 0.209501 0.726558 0.157835
v 0.217467 0.727666 0.174987
v 0.256921 0.74287 0.228735
v 0.272168 0.748106 0.232903
v 0.393207 0.747917 0.251122
v 0.464242 0.745509 0.231941
v 0.559217 0.76146 0.197943
v 0.565206 0.747472 0.198938
v 0.608415 0.727414 0.153813
v 0.634628 0.712945 0.0598738
v 0.512971 0.699463 -0.0526083
v 0.401116 0.710465 0.00597542
v 0.208624 0.715823 0.107346
v 0.218924 0.735896 0.171542
v 0.593313 0.754915 0.169565
v 0.615854 0.735549 0.125272
v 0.620968 0.741255 0.115629
v 0.58611 0.718356 0.00825523
v 0.566206 0.715539 -0.0141893
v 0.551117 0.706417 -0.0389005
v 0.447598 0.703595 -0.0366667
v 0.340676 0.699563 -0.00192918
v 0.303811 0.699728 0.00599827
v 0.221871 0.709898 0.0812462
v 0.215946 0.703458 0.0848553
v 0.230955 0.752918 0.19721
v 0.265332 0.747482 0.230668
v 0.293187 0.750099 0.236472
v 0.397311 0.771077 0.236954
v 0.438033 0.750375 0.235357
v 0.456421 0.711049 -0.0421581
v 0.37206 0.708711 -0.00712148
v 0.353726 0.704704 -0.00522456
v 0.297109 0.766518 0.228688
v 0.405407 0.770466 0.235981
v 0.483013 0.762929 0.221572
v 0.525565 0.751542 0.214682
v 0.609831 0.739022 0.143821
v 0.612135 0.735765 0.139009
v 0.627156 0.735246 0.10154
v 0.482617 0.703037 -0.0471519
v 0.469236 0.716362 -0.0475919
v 0.413094 0.71673 -0.00710665
v 0.38412 0.710822 -0.00260392
v 0.209316 0.722091 0.115572
v 0.217018 0.741198 0.157848
v 0.264902 0.772376 0.219149
v 0.368124 0.765531 0.238265
v 0.420922 0.757 0.237745
v 0.422053 0.775593 0.228303
v 0.607131 0.746833 0.145927
v 0.62873 0.725324 0.0573703
v 0.625794 0.718586 0.0422455
v 0.599482 0.725696 0.0162468
v 0.402493 0.720163 -0.000641468
v 0.241945 0.711511 0.075255
v 0.21173 0.706486 0.0885089
v 0.241284 0.748867 0.213454
v 0.512359 0.769134 0.211293
v 0.532552 0.710208 -0.0480381
v 0.422952 0.711165 -0.012147
v 0.395145 0.714289 0.00426577
v 0.356176 0.717556 -0.0103209
v 0.323434 0.706273 -0.0023434
v 0.268828 0.708347 0.055361
v 0.212582 0.72508 0.0947218
v 0.222314 0.746495 0.18336
v 0.233955 0.748634 0.204291
v 0.545653 0.763534 0.203634
v 0.586224 0.748841 0.183113
v 0.543838 0.706554 -0.0434774
v 0.328198 0.703181 -0.00237811
v 0.260467 0.706438 0.0695282
v 0.249839 0.722037 0.070193
v 0.21665 0.720495 0.0837393
v 0.211673 0.731683 0.111515
v 0.388727 0.76958 0.238126
v 0.577446 0.768674 0.181306
v 0.6113 0.755605 0.134023
v 0.627229 0.731227 0.0773594
v 0.621164 0.74354 0.0518534
v 0.614694 0.724002 0.0304007
v 0.575343 0.722299 -0.00121104
v 0.522173 0.704358 -0.0513892
v 0.500323 0.7063 -0.0528215
v 0.426642 0.732171 -0.0248837
v 0.422003 0.719578 -0.0150526
v 0.396371 0.726555 -0.00348242
v 0.378236 0.715746 -0.00876567
v 0.255709 0.759545 0.220185
v 0.32303 0.786706 0.222324
v 0.357685 0.78712 0.223342
v 0.617285 0.754011 0.118586
v 0.621479 0.749542 0.101597
v 0.545157 0.728101 -0.039521
v 0.32793 0.714377 -0.00623816
v 0.276451 0.719494 0.01736
v 0.273656 0.711561 0.0279208
v 0.264192 0.718896 0.0582833
v 0.243051 0.726991 0.0713219
v 0.209121 0.730682 0.144902
v 0.219672 0.748931 0.172159
v 0.298021 0.776708 0.224049
v 0.324675 0.766331 0.233035
v 0.375774 0.783948 0.226004
v 0.392542 0.781446 0.228838
v 0.531337 0.773282 0.203294
v 0.592215 0.773437 0.162608
v 0.625193 0.738079 0.0656456
v 0.598018 0.7329 0.0165159
v 0.569097 0.729699 -0.00791055
v 0.442114 0.71648 -0.0364102
v 0.353465 0.737093 -0.0166752
v 0.230774 0.720603 0.0758911
v 0.257177 0.779612 0.212891
v 0.497369 0.785081 0.208511
v 0.554359 0.775125 0.193566
v 0.55749 0.715834 -0.0312275
v 0.493725 0.727888 -0.0547136
v 0.433304 0.72698 -0.0318455
v 0.367728 0.718769 -0.0111376
v 0.306034 0.713209 0.000913199
v 0.28457 0.701204 0.0168288
v 0.256114 0.728257 0.0636039
v 0.215467 0.739996 0.0909027
v 0.430371 0.780142 0.224187
v 0.583045 0.731645 0.00593424
v 0.502534 0.726974 -0.0540046
v 0.382522 0.729139 -0.0131468
v 0.341106 0.718628 -0.0105735
v 0.268853 0.717052 0.048657
v 0.260806 0.732885 0.0559544
v 0.288598 0.787475 0.218472
v 0.471196 0.785703 0.213992
v 0.576001 0.777748 0.177517
v 0.58652 0.779722 0.167519
v 0.599762 0.767902 0.148894
v 0.619019 0.755757 0.0812801
v 0.613005 0.750289 0.0408207
v 0.411744 0.726817 -0.012587
v 0.387762 0.7232 -0.00745583
v 0.286081 0.709675 0.0127868
v 0.213137 0.747453 0.129031
v 0.523142 0.780512 0.203085
v 0.617984 0.755833 0.0578999
v 0.555793 0.72726 -0.032844
v 0.533631 0.736861 -0.0438456
v 0.423101 0.739214 -0.0247061
v 0.280063 0.720045 0.0131922
v 0.270939 0.727961 0.0250256
v 0.224976 0.729769 0.0770071
v 0.209366 0.73236 0.129733
v 0.216482 0.749987 0.144427
v 0.218757 0.761326 0.160304
v 0.24016 0.769031 0.202202
v 0.249894 0.765625 0.213384
v 0.460108 0.798074 0.211114
v 0.556947 0.780681 0.189842
v 0.565311 0.735581 -0.0183612
v 0.485844 0.721943 -0.0535509
v 0.457429 0.729137 -0.0465886
v 0.435987 0.734869 -0.0356194
v 0.400869 0.733016 -0.00798584
v 0.297717 0.724923 0.000726684
v 0.292258 0.723715 0.00380703
v 0.23477 0.778514 0.187122
v 0.244011 0.785738 0.198714
v 0.276043 0.767918 0.224286
v 0.307604 0.79053 0.219617
v 0.407219 0.783357 0.226953
v 0.609087 0.739712 0.0311867
v 0.529965 0.722399 -0.0475747
v 0.430804 0.749257 -0.0336428
v 0.340498 0.726353 -0.0136863
v 0.309967 0.721332 -0.00342547
v 0.233255 0.741147 0.0720826
v 0.21778 0.75972 0.138926
v 0.395398 0.789746 0.223877
v 0.531307 0.792244 0.196466
v 0.613548 0.769137 0.104347
v 0.591485 0.743273 0.0165682
v 0.575278 0.736011 0.000933821
v 0.5161 0.735752 -0.0508403
v 0.470538 0.730817 -0.0507699
v 0.409743 0.736818 -0.0184411
v 0.402205 0.737714 -0.0122137
v 0.21609 0.728558 0.0851964
v 0.215188 0.75343 0.118739
v 0.22545 0.770342 0.170281
v 0.540339 0.750591 -0.0380752
v 0.364691 0.728952 -0.0158696
v 0.265835 0.733622 0.0413552
v 0.268401 0.785765 0.214947
v 0.342862 0.802675 0.215434
v 0.367292 0.797691 0.218351
v 0.392758 0.800212 0.219476
v 0.551432 0.791724 0.188557
v 0.5885 0.798466 0.154806
v 0.60329 0.774254 0.1361
v 0.613296 0.758456 0.0451138
v 0.587796 0.755308 0.0160967
v 0.447161 0.725309 -0.0410779
v 0.377924 0.731436 -0.0160296
v 0.371703 0.730517 -0.016519
v 0.607781 0.759035 0.0382648
v 0.3203 0.732174 -0.00949196
v 0.224202 0.752002 0.0769035
v 0.219069 0.749016 0.0847312
v 0.217159 0.751303 0.09482
v 0.411558 0.801358 0.217916
v 0.425004 0.802605 0.215273
v 0.568925 0.795703 0.176667
v 0.612434 0.761786 0.125959
v 0.597302 0.756352 0.0280739
v 0.579432 0.750064 0.00579116
v 0.573003 0.745098 -0.00368691
v 0.553457 0.742786 -0.0329004
v 0.490569 0.738281 -0.0545103
v 0.467675 0.74355 -0.0523685
v 0.451656 0.739365 -0.0461999
v 0.329874 0.736013 -0.0142521
v 0.307942 0.732667 -0.00529885
v 0.261573 0.748262 0.0436455
v 0.257908 0.742221 0.0534243
v 0.24801 0.739666 0.0642084
v 0.219035 0.771283 0.135713
v 0.279885 0.799813 0.21184
v 0.375352 0.802614 0.216649
v 0.614121 0.767174 0.0869052
v 0.413827 0.747601 -0.0262554
v 0.395889 0.739172 -0.01178
v 0.392347 0.749903 -0.0183036
v 0.298155 0.738299 -0.00145636
v 0.255471 0.753432 0.0508107
v 0.335559 0.814162 0.210526
v 0.428574 0.811384 0.211938
v 0.504316 0.796758 0.201833
v 0.612066 0.771119 0.0645516
v 0.517098 0.742235 -0.0508811
v 0.410036 0.752697 -0.0271794
v 0.364587 0.74271 -0.0205826
v 0.240804 0.756696 0.0634586
v 0.221254 0.773848 0.148686
v 0.228488 0.785736 0.168144
v 0.250307 0.793566 0.202579
v 0.295443 0.811142 0.209971
v 0.407759 0.815259 0.215223
v 0.606874 0.788366 0.0760373
v 0.595459 0.763002 0.0276367
v 0.502934 0.75413 -0.0534755
v 0.472356 0.744621 -0.0533929
v 0.345535 0.7441 -0.0182967
v 0.277814 0.73572 0.0108392
v 0.272197 0.736444 0.0166253
v 0.218831 0.767251 0.124259
v 0.259524 0.793307 0.208592
v 0.397846 0.812404 0.217033
v 0.477675 0.798016 0.207753
v 0.519319 0.807368 0.194708
v 0.550493 0.802966 0.18685
v 0.601078 0.7757 0.038437
v 0.577482 0.762216 0.00298969
v 0.526813 0.749878 -0.0467198
v 0.425812 0.755486 -0.0323037
v 0.310633 0.742753 -0.00698488
v 0.492962 0.81557 0.1983
v 0.597969 0.787272 0.142768
v 0.439359 0.749658 -0.0416715
v 0.373415 0.754149 -0.0233978
v 0.28652 0.733069 0.00515652
v 0.267601 0.741878 0.0238371
v 0.235931 0.796344 0.180156
v 0.243541 0.796466 0.193318
v 0.320053 0.819571 0.208748
v 0.370482 0.814951 0.212797
v 0.442461 0.803758 0.212217
v 0.56781 0.815175 0.170336
v 0.581509 0.799973 0.163139
v 0.605996 0.791946 0.0935385
v 0.610109 0.778592 0.0602109
v 0.290031 0.748104 -0.000136078
v 0.218444 0.764126 0.101529
v 0.46638 0.819715 0.202307
v 0.541075 0.804193 0.190566
v 0.595266 0.799028 0.140576
v 0.604045 0.785515 0.11958
v 0.606021 0.779637 0.0477851
v 0.584351 0.773538 0.0138594
v 0.561379 0.753437 -0.0242231
v 0.490543 0.756318 -0.0552529
v 0.400696 0.75387 -0.0206022
v 0.386953 0.75578 -0.0221302
v 0.328179 0.74617 -0.0165501
v 0.224923 0.78944 0.150469
v 0.247166 0.805802 0.192481
v 0.267891 0.806919 0.206422
v 0.349543 0.817678 0.210053
v 0.503952 0.766265 -0.053034
v 0.43395 0.765065 -0.0383102
v 0.36498 0.75295 -0.0229795
v 0.333959 0.749248 -0.0188872
v 0.268446 0.746288 0.0188228
v 0.229693 0.756587 0.0716037
v 0.598684 0.80366 0.126032
v 0.591611 0.786891 0.0287457
v 0.567907 0.75914 -0.0148381
v 0.5173 0.760913 -0.0490273
v 0.395594 0.758766 -0.0215289
v 0.281266 0.760588 0.000887314
v 0.277193 0.74989 0.00654475
v 0.222223 0.77974 0.0855153
v 0.221934 0.783398 0.139525
v 0.43264 0.824787 0.206391
v 0.454674 0.828366 0.201899
v 0.607367 0.786454 0.0631884
v 0.568748 0.779818 -0.0132955
v 0.558564 0.768556 -0.0242689
v 0.343515 0.755088 -0.0214549
v 0.320569 0.75493 -0.0150966
v 0.238161 0.770616 0.0627587
v 0.220255 0.778147 0.126536
v 0.375065 0.825951 0.209171
v 0.555507 0.814037 0.179619
v 0.56489 0.82928 0.167786
v 0.605036 0.79288 0.103974
v 0.597973 0.797049 0.041133
v 0.24064 0.81503 0.177509
v 0.325513 0.834626 0.204696
v 0.40763 0.835991 0.207105
v 0.581272 0.784305 0.007378
v 0.458365 0.761399 -0.0525563
v 0.446924 0.757763 -0.0473215
v 0.413249 0.758933 -0.0302905
v 0.260724 0.761605 0.030226
v 0.250668 0.762663 0.0527194
v 0.226242 0.771614 0.0736774
v 0.250154 0.81776 0.190688
v 0.271842 0.824172 0.202069
v 0.365346 0.839774 0.204658
v 0.485549 0.835275 0.192331
v 0.509954 0.831512 0.188135
v 0.528414 0.824517 0.185899
v 0.548768 0.82571 0.178414
v 0.597308 0.822527 0.11381
v 0.603867 0.796495 0.0538294
v 0.530886 0.761149 -0.0414499
v 0.53025 0.783827 -0.0396856
v 0.523795 0.772439 -0.0442082
v 0.496816 0.770892 -0.0552634
v 0.473823 0.763604 -0.0550495
v 0.355119 0.757236 -0.0222649
v 0.307765 0.753047 -0.00913417
v 0.288254 0.769691 -0.00531054
v 0.287694 0.757755 -0.002016
v 0.221635 0.786131 0.100823
v 0.257414 0.805662 0.202165
v 0.449847 0.838643 0.200851
v 0.419043 0.776098 -0.0352987
v 0.408544 0.775577 -0.0307264
v 0.36863 0.766163 -0.0273377
v 0.222217 0.793232 0.112523
v 0.224915 0.805592 0.132823
v 0.590223 0.795829 0.027864
v 0.555836 0.781312 -0.0220478
v 0.544714 0.776932 -0.028521
v 0.518014 0.775578 -0.0471715
v 0.489327 0.770236 -0.0560377
v 0.390814 0.768569 -0.0254381
v 0.343501 0.778992 -0.0262774
v 0.272841 0.752618 0.0101579
v 0.252726 0.768501 0.0473176
v 0.246557 0.782185 0.0497209
v 0.22396 0.804856 0.120901
v 0.300441 0.831311 0.20384
v 0.497561 0.842542 0.18791
v 0.541031 0.836153 0.179382
v 0.578251 0.830802 0.154496
v 0.601793 0.808981 0.0775744
v 0.332502 0.760073 -0.02087
v 0.31425 0.76665 -0.017309
v 0.260403 0.769497 0.0258879
v 0.250507 0.78071 0.0431209
v 0.224431 0.7798 0.0780321
v 0.228624 0.799491 0.159056
v 0.247224 0.825504 0.182935
v 0.426262 0.842364 0.203197
v 0.589886 0.815679 0.143531
v 0.398732 0.772627 -0.026686
v 0.2333 0.781956 0.0650206
v 0.223809 0.790161 0.0875307
v 0.224179 0.807545 0.101894
v 0.27107 0.836074 0.19749
v 0.339497 0.844505 0.2034
v 0.399342 0.845622 0.204452
v 0.470993 0.843428 0.194677
v 0.574321 0.822962 0.161473
v 0.60247 0.804744 0.0597307
v 0.51027 0.78405 -0.0505706
v 0.275556 0.766451 0.0040579
v 0.226636 0.809253 0.141088
v 0.238462 0.825836 0.167224
v 0.561704 0.837317 0.167994
v 0.545405 0.789266 -0.0271119
v 0.44166 0.776647 -0.0434259
v 0.282567 0.833668 0.200863
v 0.379822 0.841765 0.204086
v 0.588293 0.842214 0.133442
v 0.593784 0.823655 0.128159
v 0.560955 0.788527 -0.0171892
v 0.333492 0.787565 -0.0268329
v 0.249454 0.796072 0.0358749
v 0.447702 0.852827 0.200557
v 0.583762 0.800562 0.0134443
v 0.465152 0.770935 -0.0546295
v 0.386977 0.784041 -0.0295652
v 0.367689 0.781297 -0.029773
v 0.227737 0.794576 0.074478
v 0.258466 0.832214 0.191925
v 0.301434 0.843996 0.20041
v 0.408569 0.851582 0.202693
v 0.553805 0.838612 0.172475
v 0.585877 0.820202 0.148793
v 0.60063 0.811744 0.100888
v 0.285683 0.78285 -0.00688347
v 0.271371 0.782519 0.00488431
v 0.233571 0.795784 0.0643305
v 0.227058 0.812797 0.0829866
v 0.243899 0.834316 0.17285
v 0.434789 0.858531 0.202238
v 0.510222 0.853563 0.18025
v 0.600399 0.821234 0.0703827
v 0.577391 0.795713 0.00158159
v 0.518072 0.791174 -0.0479458
v 0.453916 0.777744 -0.0514737
v 0.458875 0.79209 -0.0528566
v 0.431373 0.778029 -0.0391079
v 0.403938 0.801746 -0.0346618
v 0.357282 0.783026 -0.0284595
v 0.327702 0.774498 -0.0231954
v 0.313405 0.785945 -0.0206374
v 0.308985 0.777875 -0.0159412
v 0.265574 0.772465 0.0147275
v 0.241555 0.805556 0.0498392
v 0.243187 0.79262 0.0512814
v 0.234694 0.805158 0.0616821
v 0.25155 0.850479 0.176499
v 0.373443 0.854198 0.199488
v 0.542827 0.850517 0.172598
v 0.59736 0.830298 0.100792
v 0.583354 0.814223 0.0170298
v 0.549868 0.802309 -0.0236718
v 0.533053 0.794003 -0.0384006
v 0.448503 0.787421 -0.0479701
v 0.376222 0.786389 -0.0308174
v 0.293025 0.79002 -0.0125308
v 0.335552 0.853469 0.201416
v 0.381033 0.858168 0.198832
v 0.396113 0.860095 0.200085
v 0.464076 0.860448 0.196077
v 0.523051 0.856087 0.176054
v 0.473468 0.780807 -0.0560087
v 0.256954 0.806843 0.0203448
v 0.224663 0.815533 0.100904
v 0.224901 0.816298 0.118166
v 0.231042 0.818601 0.151832
v 0.265172 0.850274 0.190493
v 0.450205 0.865123 0.200532
v 0.571935 0.852639 0.153345
v 0.592237 0.844017 0.119704
v 0.597272 0.838672 0.0900239
v 0.600305 0.817038 0.059356
v 0.565498 0.800649 -0.0103457
v 0.421117 0.802586 -0.0399485
v 0.276736 0.84718 0.196009
v 0.35374 0.865594 0.197829
v 0.411269 0.862212 0.202275
v 0.588194 0.861265 0.122704
v 0.541393 0.819001 -0.0306523
v 0.229032 0.832136 0.133573
v 0.236947 0.846681 0.15286
v 0.431742 0.872567 0.202833
v 0.592697 0.81886 0.0387334
v 0.39601 0.793444 -0.031421
v 0.365971 0.800347 -0.0316492
v 0.354229 0.802313 -0.0315896
v 0.31406 0.7972 -0.0232691
v 0.268896 0.801493 0.00408978
v 0.227324 0.834642 0.114602
v 0.227397 0.828227 0.12568
v 0.298222 0.860868 0.195786
v 0.556169 0.855789 0.163764
v 0.570906 0.810234 -0.00186453
v 0.564464 0.822124 -0.00773225
v 0.525537 0.79331 -0.0441467
v 0.510614 0.806815 -0.0499594
v 0.463495 0.786539 -0.0545886
v 0.273882 0.801136 -0.00130264
v 0.226561 0.826603 0.0962386
v 0.233745 0.85194 0.140512
v 0.257092 0.848563 0.184183
v 0.268972 0.86343 0.186429
v 0.485337 0.867457 0.188993
v 0.524306 0.863748 0.173921
v 0.542971 0.857712 0.168913
v 0.598609 0.830031 0.0686182
v 0.593989 0.837351 0.0503192
v 0.490284 0.784559 -0.0555431
v 0.391852 0.804503 -0.0339818
v 0.326958 0.799644 -0.0277321
v 0.319657 0.855873 0.199848
v 0.332899 0.862746 0.198806
v 0.374597 0.865226 0.198422
v 0.499778 0.791916 -0.0538516
v 0.46611 0.809974 -0.0547327
v 0.244122 0.813061 0.0451141
v 0.227014 0.83432 0.0979143
v 0.260341 0.86687 0.178645
v 0.493575 0.862274 0.186094
v 0.549458 0.87234 0.160794
v 0.564377 0.858414 0.157359
v 0.595844 0.848004 0.0853304
v 0.595809 0.844105 0.0600159
v 0.571524 0.826415 0.003349
v 0.443971 0.805958 -0.0469293
v 0.288456 0.802107 -0.0125152
v 0.232883 0.820613 0.0666742
v 0.279156 0.865609 0.190098
v 0.285573 0.869129 0.191053
v 0.528875 0.872011 0.16991
v 0.577817 0.857155 0.144943
v 0.592197 0.854619 0.111169
v 0.58341 0.831616 0.0249715
v 0.523018 0.817237 -0.0436874
v 0.472189 0.814114 -0.0556777
v 0.377393 0.804563 -0.0333394
v 0.282086 0.802723 -0.00819795
v 0.344983 0.878074 0.195087
v 0.359005 0.878009 0.196234
v 0.386152 0.874454 0.200114
v 0.40924 0.878677 0.20495
v 0.581408 0.868918 0.134622
v 0.533596 0.818399 -0.0370206
v 0.503939 0.817274 -0.0518886
v 0.490206 0.808843 -0.0552283
v 0.459287 0.816262 -0.0518213
v 0.435432 0.802709 -0.0434553
v 0.361395 0.816333 -0.0337707
v 0.250996 0.825316 0.0305158
v 0.318951 0.878292 0.195198
v 0.596592 0.85295 0.069087
v 0.579592 0.840129 0.0181216
v 0.400128 0.817294 -0.0381027
v 0.330447 0.815883 -0.0304868
v 0.24566 0.853152 0.166658
v 0.407986 0.892735 0.205823
v 0.504063 0.867962 0.180693
v 0.55456 0.827473 -0.0174184
v 0.532996 0.82901 -0.038432
v 0.512718 0.818729 -0.0487647
v 0.315283 0.813051 -0.0278817
v 0.306487 0.810423 -0.0242636
v 0.230751 0.831893 0.0728858
v 0.230602 0.848899 0.127575
v 0.305989 0.874934 0.19436
v 0.44262 0.877162 0.201425
v 0.517481 0.882645 0.174183
v 0.561733 0.875778 0.153073
v 0.596044 0.855274 0.0877132
v 0.592092 0.847036 0.0459086
v 0.524561 0.828746 -0.0438293
v 0.422428 0.818954 -0.0446997
v 0.381191 0.821172 -0.0358154
v 0.256405 0.824207 0.0211404
v 0.383962 0.886603 0.200904
v 0.395252 0.888665 0.203758
v 0.469943 0.884516 0.192504
v 0.571685 0.879867 0.142278
v 0.443389 0.828044 -0.0490963
v 0.343215 0.814674 -0.0313904
v 0.295136 0.827417 -0.0224747
v 0.268177 0.876185 0.181734
v 0.282027 0.879468 0.188314
v 0.508275 0.891848 0.176991
v 0.53986 0.88225 0.165296
v 0.553769 0.885862 0.156464
v 0.563347 0.830651 -0.00876889
v 0.475047 0.825455 -0.0548441
v 0.455383 0.826133 -0.0507787
v 0.388076 0.827228 -0.0383292
v 0.322893 0.82111 -0.0299155
v 0.244827 0.830202 0.0423779
v 0.232571 0.869057 0.116606
v 0.255063 0.869995 0.171531
v 0.537015 0.89479 0.164833
v 0.593085 0.868935 0.0965679
v 0.595996 0.852552 0.0547172
v 0.585524 0.851106 0.0323256
v 0.572722 0.836159 0.00547071
v 0.324377 0.887042 0.194146
v 0.350519 0.896229 0.194543
v 0.418751 0.89434 0.205645
v 0.589483 0.882273 0.106791
v 0.558201 0.849177 -0.0103911
v 0.46882 0.825295 -0.0540076
v 0.367558 0.824474 -0.0351242
v 0.27539 0.818922 -0.00461386
v 0.229056 0.833982 0.0817447
v 0.263571 0.892272 0.171058
v 0.307746 0.885568 0.193329
v 0.577676 0.886168 0.131718
v 0.583885 0.879401 0.125112
v 0.500288 0.829164 -0.052313
v 0.489959 0.834662 -0.0539846
v 0.399146 0.834125 -0.0423996
v 0.347838 0.826418 -0.0339911
v 0.285488 0.822075 -0.0150045
v 0.265602 0.843513 0.0042214
v 0.267538 0.82434 0.00378926
v 0.255127 0.833753 0.022148
v 0.235241 0.839649 0.0626359
v 0.285613 0.88837 0.186822
v 0.360516 0.900656 0.194665
v 0.360272 0.888619 0.195972
v 0.510542 0.902089 0.174379
v 0.595364 0.873834 0.0743737
v 0.596463 0.861732 0.0579478
v 0.592579 0.85683 0.0440661
v 0.542246 0.8336 -0.029847
v 0.530456 0.836106 -0.0393633
v 0.415898 0.8295 -0.0466361
v 0.326849 0.829031 -0.0322783
v 0.307577 0.823647 -0.0264682
v 0.250652 0.850749 0.0284653
v 0.232578 0.86005 0.0804655
v 0.458538 0.89647 0.194798
v 0.492305 0.896324 0.184768
v 0.577448 0.913121 0.115172
v 0.593892 0.877915 0.0904387
v 0.23161 0.863247 0.0958744
v 0.290317 0.898733 0.186112
v 0.454305 0.902639 0.194888
v 0.560879 0.894462 0.147021
v 0.586982 0.860189 0.0340625
v 0.517709 0.841429 -0.0454633
v 0.474104 0.844267 -0.054065
v 0.350511 0.835339 -0.0362447
v 0.253632 0.844964 0.0224522
v 0.234355 0.856904 0.068906
v 0.241683 0.865183 0.154316
v 0.248984 0.87336 0.161985
v 0.304985 0.896937 0.190195
v 0.429963 0.909941 0.20197
v 0.434087 0.901986 0.202413
v 0.478112 0.902898 0.187542
v 0.594574 0.871817 0.0568748
v 0.541023 0.851799 -0.0271748
v 0.529717 0.846775 -0.037163
v 0.338972 0.84392 -0.0374178
v 0.521598 0.850973 -0.0425338
v 0.495892 0.84855 -0.0521707
v 0.420051 0.837404 -0.0485489
v 0.279919 0.836621 -0.0122498
v 0.275031 0.848179 -0.00899857
v 0.256805 0.84337 0.017113
v 0.323328 0.903546 0.190835
v 0.447828 0.912904 0.194284
v 0.530898 0.905248 0.164841
v 0.573913 0.862268 0.0148267
v 0.405393 0.850197 -0.0435038
v 0.297422 0.839634 -0.0266422
v 0.248559 0.899095 0.148142
v 0.307783 0.907707 0.187786
v 0.338973 0.908606 0.192144
v 0.405665 0.905284 0.204351
v 0.546877 0.905283 0.154315
v 0.584195 0.892134 0.114733
v 0.588897 0.89337 0.0967828
v 0.450012 0.839095 -0.0508472
v 0.44068 0.847438 -0.0502673
v 0.427932 0.849719 -0.0479669
v 0.315997 0.842017 -0.0344927
v 0.305621 0.838821 -0.0303308
v 0.232127 0.872291 0.0885311
v 0.279482 0.899181 0.180771
v 0.375155 0.91641 0.195774
v 0.422914 0.908577 0.203886
v 0.495022 0.910182 0.181324
v 0.497281 0.914348 0.178892
v 0.510908 0.911743 0.17093
v 0.53475 0.908588 0.161026
v 0.571945 0.894072 0.135095
v 0.589264 0.870817 0.0391852
v 0.564111 0.85658 -0.00145649
v 0.388469 0.843974 -0.0417276
v 0.375062 0.8349 -0.0379517
v 0.2525 0.867058 0.0231421
v 0.240648 0.85776 0.051928
v 0.23443 0.867552 0.0668844
v 0.235025 0.88385 0.116655
v 0.467997 0.919061 0.185536
v 0.513975 0.855456 -0.0466423
v 0.290929 0.85207 -0.0240346
v 0.251539 0.89257 0.15676
v 0.272725 0.899861 0.175723
v 0.520302 0.919631 0.161483
v 0.593263 0.883522 0.0644451
v 0.591656 0.891115 0.059612
v 0.583607 0.874512 0.0292231
v 0.57372 0.881274 0.0163613
v 0.571777 0.86882 0.0121026
v 0.530075 0.863925 -0.0376858
v 0.372303 0.865694 -0.0446199
v 0.233978 0.883394 0.0944454
v 0.239877 0.888418 0.135264
v 0.269526 0.906883 0.169181
v 0.392678 0.901389 0.201532
v 0.413414 0.936206 0.203502
v 0.490693 0.920424 0.180873
v 0.508883 0.92322 0.168108
v 0.529407 0.917496 0.156954
v 0.546256 0.915014 0.147098
v 0.565905 0.908041 0.134204
v 0.389038 0.853077 -0.0429655
v 0.328482 0.846903 -0.0373741
v 0.257263 0.862676 0.0149419
v 0.238338 0.876763 0.0602194
v 0.28414 0.913984 0.176689
v 0.404317 0.9294 0.202982
v 0.497414 0.933077 0.174623
v 0.557423 0.915232 0.137908
v 0.554878 0.861323 -0.012207
v 0.523805 0.866052 -0.0420411
v 0.4984 0.865566 -0.0518935
v 0.480273 0.84529 -0.0542041
v 0.458638 0.858528 -0.0529691
v 0.428775 0.856039 -0.0490795
v 0.315446 0.852247 -0.0359819
v 0.302215 0.85217 -0.0303306
v 0.234427 0.876378 0.0736351
v 0.295737 0.908861 0.183684
v 0.312516 0.915776 0.187382
v 0.41169 0.91238 0.204521
v 0.592659 0.887469 0.08218
v 0.587692 0.884875 0.0414677
v 0.543858 0.871545 -0.0232806
v 0.517142 0.877851 -0.0453617
v 0.402199 0.862344 -0.0459044
v 0.237363 0.887213 0.0622906
v 0.23648 0.900041 0.079383
v 0.439351 0.920088 0.196257
v 0.481817 0.930208 0.18209
v 0.584995 0.906282 0.0997914
v 0.350769 0.869782 -0.0440829
v 0.323246 0.862142 -0.0401861
v 0.300083 0.87457 -0.0332127
v 0.266341 0.86506 -0.000152668
v 0.235163 0.889113 0.0729157
v 0.237567 0.894145 0.112908
v 0.251729 0.912575 0.145672
v 0.260661 0.904193 0.161818
v 0.452585 0.931566 0.189404
v 0.465586 0.9294 0.185313
v 0.526274 0.928791 0.157064
v 0.583624 0.884502 0.0323365
v 0.571568 0.887574 0.0140007
v 0.439295 0.863818 -0.0517613
v 0.421876 0.870235 -0.0521595
v 0.350453 0.857262 -0.0420908
v 0.244773 0.887453 0.0443275
v 0.237415 0.901717 0.0952658
v 0.241105 0.908956 0.115903
v 0.274833 0.919032 0.169108
v 0.299606 0.920675 0.182967
v 0.338025 0.925262 0.192315
v 0.355791 0.924469 0.193894
v 0.539553 0.931752 0.148098
v 0.565812 0.917135 0.128747
v 0.309885 0.862429 -0.0367284
v 0.265111 0.886257 0.00148952
v 0.248198 0.897125 0.0369577
v 0.237545 0.895983 0.0645438
v 0.295963 0.933079 0.18118
v 0.323298 0.935608 0.18905
v 0.381825 0.936604 0.198438
v 0.391533 0.924834 0.199608
v 0.58011 0.932062 0.0975467
v 0.563315 0.880218 0.00157639
v 0.547425 0.881216 -0.0186771
v 0.345419 0.876688 -0.0438952
v 0.324889 0.87601 -0.0418321
v 0.31381 0.874528 -0.0392209
v 0.333234 0.932784 0.192156
v 0.421306 0.937794 0.202294
v 0.428307 0.933672 0.20028
v 0.532675 0.891007 -0.0341862
v 0.49789 0.882719 -0.050933
v 0.468285 0.86997 -0.0543275
v 0.449494 0.878056 -0.0533837
v 0.383958 0.872882 -0.0459507
v 0.443855 0.941224 0.192144
v 0.472558 0.937189 0.184593
v 0.554401 0.932476 0.135129
v 0.534819 0.87638 -0.0338272
v 0.48244 0.870809 -0.0543938
v 0.415636 0.877714 -0.0520305
v 0.571556 0.919364 0.12108
v 0.583925 0.898581 0.0374134
v 0.578925 0.896166 0.0258401
v 0.555662 0.901391 -0.00588836
v 0.525912 0.876947 -0.0411319
v 0.283195 0.873841 -0.0205042
v 0.273338 0.875651 -0.0103477
v 0.238066 0.912355 0.094586
v 0.283903 0.933673 0.173462
v 0.351974 0.945337 0.196566
v 0.363742 0.949492 0.198475
v 0.40334 0.941944 0.201348
v 0.58198 0.91571 0.0425798
v 0.561329 0.89919 0.00109643
v 0.423616 0.881791 -0.0532134
v 0.395974 0.8798 -0.0477077
v 0.247931 0.931794 0.126679
v 0.243589 0.90562 0.130561
v 0.266049 0.924633 0.159035
v 0.450785 0.942991 0.190442
v 0.487423 0.947781 0.178063
v 0.523622 0.944518 0.157929
v 0.59182 0.897949 0.0738966
v 0.49964 0.891883 -0.0492605
v 0.39226 0.88611 -0.0474754
v 0.318716 0.895788 -0.03899
v 0.287347 0.898537 -0.0214073
v 0.259293 0.882891 0.0113669
v 0.304912 0.933698 0.184625
v 0.425297 0.957868 0.200327
v 0.586928 0.911418 0.0877017
v 0.588687 0.910384 0.0639243
v 0.569409 0.902468 0.0140136
v 0.432983 0.880362 -0.0539311
v 0.237911 0.908263 0.0670109
v 0.24304 0.924493 0.114422
v 0.257399 0.929655 0.147124
v 0.26464 0.943577 0.153143
v 0.314511 0.947812 0.184509
v 0.340327 0.952456 0.190437
v 0.437328 0.950479 0.195493
v 0.327334 0.891336 -0.0410252
v 0.252186 0.914587 0.0308387
v 0.240287 0.902434 0.0571118
v 0.240981 0.919228 0.0743047
v 0.37183 0.958466 0.199303
v 0.39997 0.958431 0.198759
v 0.438629 0.958345 0.195787
v 0.506122 0.941651 0.167533
v 0.5532 0.941088 0.134528
v 0.429383 0.892047 -0.0522686
v 0.364863 0.882885 -0.0455351
v 0.350569 0.885615 -0.0441968
v 0.278834 0.9013 -0.0138095
v 0.268303 0.896443 -0.00223472
v 0.251464 0.930794 0.136286
v 0.354893 0.951662 0.19684
v 0.468791 0.945694 0.186496
v 0.535813 0.950157 0.147803
v 0.584933 0.928177 0.0699081
v 0.55774 0.911982 -0.00170257
v 0.537438 0.894783 -0.0291158
v 0.526373 0.894618 -0.0385979
v 0.519816 0.893719 -0.0420543
v 0.483708 0.886679 -0.0529182
v 0.448929 0.893013 -0.0517849
v 0.356168 0.894743 -0.0436334
v 0.3021 0.894715 -0.0323937
v 0.259132 0.914639 0.0182711
v 0.283498 0.944681 0.169089
v 0.305511 0.951213 0.180779
v 0.362443 0.96257 0.199648
v 0.389013 0.958696 0.198446
v 0.576014 0.930665 0.108506
v 0.584637 0.928718 0.0776634
v 0.563561 0.910533 0.00615319
v 0.243519 0.924568 0.064988
v 0.240375 0.920416 0.0923792
v 0.293972 0.949325 0.175113
v 0.416526 0.956698 0.201778
v 0.45649 0.955759 0.191951
v 0.570436 0.932983 0.117674
v 0.581281 0.936738 0.0616783
v 0.576292 0.915017 0.0296708
v 0.547706 0.916997 -0.0119099
v 0.541613 0.903511 -0.0221585
v 0.529196 0.905726 -0.034095
v 0.468905 0.885337 -0.0535084
v 0.417679 0.902368 -0.0504075
v 0.481395 0.962212 0.180976
v 0.506695 0.959163 0.164733
v 0.540218 0.957223 0.142058
v 0.520205 0.904331 -0.0396497
v 0.450632 0.904629 -0.0498098
v 0.433688 0.904628 -0.0513296
v 0.400713 0.89821 -0.0477196
v 0.384983 0.897234 -0.046268
v 0.335289 0.901732 -0.0397124
v 0.25645 0.937767 0.144288
v 0.321297 0.954129 0.186447
v 0.349591 0.964288 0.193503
v 0.57515 0.947429 0.102467
v 0.480195 0.901544 -0.0503241
v 0.467346 0.910216 -0.0482582
v 0.243147 0.934945 0.092384
v 0.30926 0.964635 0.184152
v 0.553547 0.951105 0.131269
v 0.56442 0.948545 0.119161
v 0.574668 0.92735 0.0338353
v 0.518248 0.914274 -0.0391658
v 0.498592 0.902554 -0.0470109
v 0.398158 0.906646 -0.045752
v 0.31097 0.895776 -0.0362647
v 0.246864 0.912147 0.0431597
v 0.249396 0.946896 0.123432
v 0.329681 0.965131 0.190473
v 0.425783 0.967814 0.202121
v 0.441185 0.970903 0.19963
v 0.458254 0.964241 0.193473
v 0.516955 0.963784 0.15704
v 0.366432 0.904734 -0.0424899
v 0.275552 0.929564 -0.000502945
v 0.292573 0.963281 0.173472
v 0.468005 0.965569 0.188766
v 0.567777 0.968073 0.10896
v 0.533887 0.912292 -0.0292497
v 0.421756 0.908707 -0.0490908
v 0.322976 0.907792 -0.0361813
v 0.287297 0.928508 -0.0124114
v 0.475794 0.975998 0.185488
v 0.504894 0.973737 0.16534
v 0.382928 0.916188 -0.0400254
v 0.258899 0.933488 0.0267804
v 0.246828 0.939899 0.0600379
v 0.244434 0.943615 0.0742415
v 0.25626 0.95889 0.133412
v 0.374741 0.969411 0.201906
v 0.396381 0.973695 0.200112
v 0.415872 0.970661 0.204012
v 0.537795 0.963136 0.142954
v 0.580153 0.943785 0.0878772
v 0.581507 0.94406 0.073506
v 0.575421 0.935392 0.0392026
v 0.56215 0.92534 0.0092067
v 0.40285 0.91312 -0.0435756
v 0.3071 0.926038 -0.02468
v 0.267577 0.931408 0.0106709
v 0.26254 0.956106 0.145258
v 0.274022 0.964922 0.157002
v 0.323409 0.977319 0.188532
v 0.36855 0.971525 0.201768
v 0.462878 0.97586 0.192016
v 0.574881 0.944744 0.0449258
v 0.538996 0.92518 -0.0202157
v 0.53078 0.924836 -0.0284347
v 0.523825 0.919034 -0.0357476
v 0.489154 0.915288 -0.0453509
v 0.437555 0.914897 -0.0459633
v 0.252579 0.935339 0.0423235
v 0.245997 0.950835 0.102245
v 0.338722 0.980789 0.193339
v 0.356902 0.979104 0.195865
v 0.4301 0.983097 0.205659
v 0.447538 0.974907 0.198765
v 0.525497 0.976903 0.152199
v 0.552792 0.96214 0.129714
v 0.576297 0.956266 0.094813
v 0.454806 0.919521 -0.0444025
v 0.414438 0.920764 -0.0395112
v 0.391639 0.921998 -0.0382295
v 0.249757 0.956533 0.119305
v 0.297007 0.972206 0.175978
v 0.515625 0.982035 0.159414
v 0.579294 0.934177 0.0510368
v 0.510072 0.923162 -0.0382997
v 0.482232 0.922784 -0.0437109
v 0.47704 0.936989 -0.0392498
v 0.433132 0.925101 -0.0399994
v 0.408059 0.927537 -0.0361963
v 0.358867 0.923659 -0.0354743
v 0.262587 0.96415 0.144411
v 0.393895 0.984205 0.203014
v 0.414701 0.987362 0.206786
v 0.484574 0.982722 0.179064
v 0.540466 0.970245 0.139784
v 0.554217 0.94135 0.0035907
v 0.507619 0.934337 -0.0353071
v 0.323676 0.926129 -0.0305431
v 0.262466 0.941015 0.0188745
v 0.25387 0.944692 0.0366569
v 0.247291 0.963694 0.113988
v 0.255899 0.969194 0.135618
v 0.374483 0.984935 0.202531
v 0.435002 0.987901 0.204868
v 0.450838 0.986647 0.196894
v 0.532721 0.983302 0.147831
v 0.54972 0.971905 0.130056
v 0.576884 0.964212 0.0787749
v 0.530414 0.933974 -0.0238136
v 0.518652 0.931676 -0.032302
v 0.38342 0.927856 -0.0355973
v 0.337926 0.924611 -0.0329375
v 0.302053 0.936099 -0.0207312
v 0.292689 0.937522 -0.0152423
v 0.244584 0.948424 0.056959
v 0.243155 0.952009 0.0690746
v 0.275341 0.974966 0.161359
v 0.29492 0.981694 0.175443
v 0.312551 0.977359 0.184447
v 0.407034 0.99103 0.207912
v 0.496675 0.983295 0.171007
v 0.558176 0.971505 0.121934
v 0.57498 0.960386 0.0554468
v 0.564201 0.949509 0.0234382
v 0.497174 0.916937 -0.0434126
v 0.462889 0.934894 -0.0394127
v 0.313261 0.936638 -0.0254449
v 0.378492 0.990518 0.20509
v 0.470383 0.986605 0.188907
v 0.482723 0.993371 0.182724
v 0.57389 0.966241 0.0938513
v 0.530083 0.944016 -0.0221223
v 0.426053 0.931926 -0.0374253
v 0.359251 0.929512 -0.0338621
v 0.356443 0.989588 0.200574
v 0.398405 0.995368 0.209044
v 0.412145 0.995837 0.209418
v 0.518216 0.990773 0.160163
v 0.576818 0.961521 0.0661704
v 0.559299 0.95622 0.0177945
v 0.550819 0.952802 0.0044857
v 0.383651 0.935432 -0.0347398
v 0.277704 0.937903 -0.00278172
v 0.343143 0.992473 0.197521
v 0.446719 0.997444 0.20232
v 0.471498 0.993997 0.189836
v 0.561866 0.977877 0.118075
v 0.160245 1.47563 0.425666
v 0.544264 0.942632 -0.00729561
v 0.489734 0.938679 -0.0380031
v 0.465458 0.938793 -0.038774
v 0.248857 0.974249 0.105648
v 0.366591 0.996409 0.203885
v 0.509919 0.99223 0.165738
v 0.576348 0.970531 0.0600566
v 0.571544 0.959691 0.0445177
v 0.535303 0.952121 -0.0137582
v 0.517524 0.942758 -0.0304714
v 0.482681 0.944333 -0.0376232
v 0.439418 0.934609 -0.0384863
v 0.325334 0.934531 -0.0297459
v 0.262816 0.959238 0.0262491
v 0.262588 0.972127 0.14638
v 0.276167 0.984789 0.158792
v 0.487382 0.997742 0.179375
v 0.530734 0.990267 0.149809
v 0.154155 1.46763 0.429157
v 0.565435 0.959413 0.0296453
v 0.543647 0.953134 -0.00500725
v 0.500008 0.946742 -0.0341334
v 0.427769 0.946906 -0.037548
v 0.393778 0.94265 -0.0357069
v 0.268368 0.940284 0.00916496
v 0.254531 0.981884 0.122962
v 0.4625 1.00636 0.193057
v 0.482706 1.00753 0.179948
v 0.20487 1.48124 0.410285
v 0.857701 1.03729 -0.289452
v 0.865395 1.04999 -0.287813
v 0.171084 1.46329 0.431678
v 0.578808 0.974589 0.0826264
v 0.558111 0.963217 0.0138469
v 0.524403 0.951716 -0.0231753
v 0.442058 0.9465 -0.0383844
v 0.412974 0.944282 -0.0369465
v 0.337107 0.938497 -0.030858
v 0.310454 0.985643 0.184201
v 0.347648 1.00721 0.197076
v 0.402765 1.01518 0.208251
v 0.516998 1.0042 0.156699
v 0.535193 1.0002 0.14146
v 0.568382 0.976313 0.108895
v 0.180601 1.47914 0.408469
v 0.182727 1.47417 0.411745
v 0.148866 1.4616 0.432926
v 0.166477 1.48068 0.397168
v 0.208562 1.47508 0.410832
v 0.568505 0.967718 0.0345542
v 0.546841 0.96182 -0.00263293
v 0.530615 0.958953 -0.0190633
v 0.365636 0.942514 -0.0331279
v 0.346333 0.94542 -0.0300901
v 0.247666 0.957169 0.0528495
v 0.243367 0.956251 0.0835976
v 0.285813 0.984624 0.168185
v 0.381364 1.00085 0.206196
v 0.426933 0.996889 0.208479
v 0.577787 0.97508 0.0893958
v 0.172573 1.46741 0.421279
v 0.154473 1.47417 0.411485
v 0.181752 1.48037 0.402627
v 0.861232 1.03443 -0.273121
v 0.867599 1.06089 -0.29402
v 0.852044 1.0491 -0.296981
v 0.512516 0.949684 -0.0301518
v 0.50158 0.95721 -0.033568
v 0.290352 0.964541 -0.00355553
v 0.281112 0.971247 0.0064886
v 0.550996 0.982897 0.130238
v 0.562649 0.992121 0.10946
v 0.568832 0.991668 0.094983
v 0.176175 1.47067 0.416077
v 0.15969 1.47691 0.402203
v 0.867686 1.04619 -0.277039
v 0.860719 1.06362 -0.296771
v 0.856772 1.05688 -0.297983
v 0.573352 0.977605 0.0531959
v 0.562495 0.972068 0.0235923
v 0.554422 0.969132 0.00899438
v 0.245831 0.96237 0.0631516
v 0.295509 1.00422 0.170912
v 0.325581 0.987442 0.19117
v 0.382249 1.01215 0.205118
v 0.437247 0.999697 0.20585
v 0.447332 1.01551 0.200376
v 0.496369 1.00293 0.171778
v 0.143368 1.46108 0.417433
v 0.17664 1.48286 0.403484
v 0.188147 1.48064 0.40247
v 0.202638 1.48283 0.400479
v 0.868794 1.0457 -0.266922
v 0.866712 1.06527 -0.283685
v 0.847651 1.04259 -0.296901
v 0.567407 0.978823 0.0380956
v 0.471689 0.951219 -0.0379766
v 0.25231 0.992689 0.0959729
v 0.315495 1.01114 0.182726
v 0.469511 1.01918 0.187808
v 0.548071 0.996179 0.128576
v 0.19687 1.46642 0.413013
v 0.184743 1.45805 0.420693
v 0.172957 1.45342 0.43132
v 0.162586 1.44985 0.435883
v 0.144316 1.43827 0.443654
v 0.841632 1.03233 -0.289968
v 0.869981 1.05246 -0.275324
v 0.861738 1.06945 -0.291517
v 0.853238 1.06989 -0.293603
v 0.516242 0.958937 -0.0280699
v 0.371592 0.950355 -0.0312608
v 0.330892 0.95539 -0.0242661
v 0.262174 0.980064 0.0375635
v 0.253479 0.984733 0.0561356
v 0.26462 0.995767 0.137442
v 0.362203 1.01357 0.200703
v 0.500714 1.01586 0.167177
v 0.151218 1.47197 0.403846
v 0.171893 1.47948 0.390759
v 0.183256 1.4755 0.395644
v 0.200309 1.47955 0.394934
v 0.86438 1.04028 -0.263352
v 0.840299 1.05623 -0.295389
v 0.840661 1.04695 -0.295278
v 0.540617 0.969212 -0.00716324
v 0.48575 0.954136 -0.0369129
v 0.305362 0.96408 -0.0124482
v 0.556134 1.00593 0.114145
v 0.573436 0.987851 0.0839903
v 0.205877 1.46335 0.405512
v 0.196723 1.46197 0.409908
v 0.184413 1.44653 0.428656
v 0.155106 1.43498 0.444383
v 0.150545 1.42896 0.44435
v 0.135178 1.43809 0.441212
v 0.148564 1.4693 0.397303
v 0.195662 1.47914 0.394806
v 0.551556 0.987692 0.0162231
v 0.432039 0.959788 -0.0345629
v 0.270321 0.973625 0.0208343
v 0.275445 0.998069 0.152945
v 0.431492 1.02167 0.206188
v 0.569657 1.00084 0.086202
v 0.188168 1.44937 0.423137
v 0.171149 1.4383 0.435378
v 0.133207 1.44378 0.440339
v 0.138569 1.45148 0.425577
v 0.857711 1.03007 -0.268303
v 0.833479 1.02675 -0.289878
v 0.850768 1.02728 -0.275303
v 0.858418 1.07499 -0.284141
v 0.567543 0.987701 0.0463893
v 0.548856 0.977676 0.00703832
v 0.41922 0.962419 -0.0328467
v 0.315381 0.956489 -0.019285
v 0.25065 0.986403 0.0758116
v 0.256728 0.993148 0.119583
v 0.206931 1.46072 0.399684
v 0.162583 1.42583 0.438285
v 0.136585 1.43222 0.439222
v 0.130719 1.43346 0.43372
v 0.130401 1.44109 0.425536
v 0.156372 1.47166 0.390531
v 0.833525 1.01313 -0.26965
v 0.866929 1.0661 -0.269224
v 0.862715 1.0716 -0.27288
v 0.521974 0.970677 -0.0220291
v 0.511163 0.969968 -0.0270372
v 0.281126 0.982371 0.0101205
v 0.270979 0.986555 0.0252768
v 0.265765 1.00835 0.136578
v 0.205094 1.46266 0.393323
v 0.196374 1.45699 0.408412
v 0.195991 1.44799 0.413725
v 0.138904 1.43003 0.436058
v 0.179768 1.47215 0.390831
v 0.189546 1.47052 0.387798
v 0.198377 1.47057 0.390046
v 0.864769 1.04845 -0.253866
v 0.57437 0.985099 0.0712918
v 0.313487 0.978375 -0.0111611
v 0.286294 1.00776 0.162651
v 0.33258 1.01677 0.190514
v 0.535853 1.01069 0.138577
v 0.549399 1.00923 0.123221
v 0.164102 1.47538 0.38357
v 0.2008 1.45545 0.40187
v 0.850686 1.02513 -0.255506
v 0.859103 1.03227 -0.260974
v 0.86808 1.05832 -0.261966
v 0.853388 1.07733 -0.287094
v 0.846314 1.06201 -0.293781
v 0.531191 0.985041 -0.00836726
v 0.454219 0.961564 -0.0338867
v 0.40012 0.967776 -0.0282023
v 0.34022 0.967511 -0.0217769
v 0.323349 0.977944 -0.0143746
v 0.297348 0.978973 -0.00382377
v 0.260646 0.999191 0.0550007
v 0.256102 0.997606 0.0679116
v 0.253853 1.00068 0.0905677
v 0.30796 1.02118 0.177587
v 0.353868 1.02448 0.198596
v 0.452462 1.02643 0.197346
v 0.481578 1.02286 0.180342
v 0.515689 1.01535 0.156102
v 0.82744 1.01642 -0.281225
v 0.847846 1.02195 -0.260396
v 0.855778 1.03617 -0.25422
v 0.865356 1.05805 -0.253852
v 0.871114 1.0722 -0.25803
v 0.570433 0.990819 0.0595846
v 0.495986 0.980587 -0.0258451
v 0.445672 0.976013 -0.0273531
v 0.32704 1.02386 0.187885
v 0.414635 1.01966 0.208681
v 0.565233 1.00417 0.0964577
v 0.189885 1.43744 0.420792
v 0.15868 1.4247 0.438686
v 0.132628 1.44508 0.41422
v 0.822416 1.01353 -0.273544
v 0.839625 1.01722 -0.261532
v 0.835658 1.03972 -0.292311
v 0.828742 1.03133 -0.290215
v 0.558698 0.993618 0.031804
v 0.367601 0.975718 -0.0211524
v 0.268479 1.00128 0.0413219
v 0.344332 1.02772 0.195282
v 0.37065 1.0257 0.202864
v 0.383722 1.02072 0.20545
v 0.491639 1.03361 0.173985
v 0.564253 0.996085 0.103393
v 0.198393 1.43862 0.414135
v 0.171196 1.42737 0.433556
v 0.168514 1.42186 0.430825
v 0.122072 1.43067 0.41739
v 0.137452 1.45435 0.408558
v 0.190494 1.45452 0.401803
v 0.132895 1.42773 0.429952
v 0.851836 1.04564 -0.251803
v 0.84475 1.077 -0.2881
v 0.475867 0.978156 -0.0278388
v 0.430024 0.977852 -0.0263054
v 0.414551 0.980059 -0.0239586
v 0.385139 0.979594 -0.0212667
v 0.258826 1.00777 0.11928
v 0.413561 1.03505 0.209366
v 0.510079 1.02971 0.160587
v 0.563095 1.01519 0.0930103
v 0.172301 1.47204 0.382679
v 0.182457 1.46357 0.381481
v 0.195013 1.46231 0.382032
v 0.20038 1.44671 0.398683
v 0.816628 1.01852 -0.283537
v 0.858233 1.07646 -0.272173
v 0.836263 1.07397 -0.288467
v 0.831573 1.06836 -0.29173
v 0.828225 1.06446 -0.29239
v 0.819141 1.02608 -0.288762
v 0.560023 1.009 0.0465598
v 0.52264 0.98564 -0.0145318
v 0.510331 0.98609 -0.020184
v 0.448094 0.985882 -0.0230211
v 0.342892 0.984152 -0.0151166
v 0.297713 1.03 0.169364
v 0.391901 1.03504 0.207824
v 0.426539 1.03633 0.208128
v 0.145181 1.42318 0.421248
v 0.123097 1.42942 0.424965
v 0.127868 1.44824 0.396855
v 0.138999 1.46368 0.384407
v 0.150143 1.46768 0.381369
v 0.204058 1.45849 0.38643
v 0.861198 1.05891 -0.250879
v 0.867319 1.06718 -0.249242
v 0.870338 1.07662 -0.252341
v 0.852056 1.08235 -0.268173
v 0.828391 1.01247 -0.263256
v 0.834667 1.01683 -0.256933
v 0.856292 1.042 -0.252867
v 0.540618 0.990029 0.00371964
v 0.483197 1.00007 -0.0168645
v 0.375348 0.996751 -0.0155624
v 0.359023 0.989655 -0.0154354
v 0.259088 1.01464 0.0869364
v 0.445652 1.03777 0.201108
v 0.464058 1.03854 0.19187
v 0.555265 1.02186 0.109992
v 0.151758 1.42354 0.423862
v 0.206599 1.45333 0.391535
v 0.190923 1.43442 0.407088
v 0.189443 1.43064 0.416329
v 0.863816 1.08243 -0.247591
v 0.865842 1.08145 -0.258707
v 0.848528 1.0841 -0.278274
v 0.845387 1.08349 -0.283424
v 0.824681 1.05421 -0.290025
v 0.84647 1.02992 -0.246406
v 0.845478 1.03839 -0.246179
v 0.845754 1.05269 -0.254236
v 0.554341 1.00598 0.031154
v 0.547565 1.00332 0.0195566
v 0.535149 0.999619 0.00385416
v 0.471967 0.993846 -0.0200872
v 0.423951 0.991608 -0.0207127
v 0.343096 0.995394 -0.0105633
v 0.291297 0.995303 0.0123933
v 0.274875 1.02768 0.143648
v 0.446013 1.04654 0.199585
v 0.527808 1.02714 0.145648
v 0.179583 1.42327 0.423237
v 0.123345 1.42478 0.421482
v 0.122091 1.4363 0.403697
v 0.133696 1.4557 0.390585
v 0.137161 1.46108 0.381071
v 0.155507 1.46949 0.373705
v 0.163405 1.47153 0.374891
v 0.178875 1.46062 0.377331
v 0.202973 1.45243 0.386726
v 0.565493 1.01403 0.0833568
v 0.564095 1.01919 0.0740511
v 0.566243 1.00608 0.0649624
v 0.560472 1.01803 0.056596
v 0.311183 0.989407 -0.0029879
v 0.275449 1.01172 0.149979
v 0.322993 1.03759 0.185006
v 0.366316 1.04109 0.201882
v 0.470094 1.04119 0.187497
v 0.147377 1.4634 0.373367
v 0.193185 1.45681 0.380118
v 0.813031 1.02533 -0.286561
v 0.831147 1.02018 -0.250597
v 0.843366 1.0329 -0.246315
v 0.863718 1.07216 -0.24323
v 0.306619 1.00367 0.00746032
v 0.276857 0.998472 0.0278841
v 0.345501 1.04125 0.195365
v 0.480618 1.03556 0.181814
v 0.542458 1.02336 0.129962
v 0.12882 1.42133 0.424105
v 0.126422 1.44583 0.392945
v 0.154973 1.46661 0.367821
v 0.197336 1.44058 0.398496
v 0.180212 1.43285 0.397567
v 0.837444 1.08605 -0.285024
v 0.805195 1.02523 -0.280799
v 0.814174 1.02062 -0.272261
v 0.821659 1.0175 -0.267256
v 0.822522 1.02704 -0.262709
v 0.411071 0.98942 -0.0202917
v 0.395164 0.999766 -0.0166468
v 0.401414 1.04132 0.208181
v 0.425501 1.04884 0.204756
v 0.486075 1.04847 0.174312
v 0.548096 1.02314 0.122379
v 0.561411 1.02685 0.0918431
v 0.136093 1.41949 0.422679
v 0.119319 1.42939 0.404823
v 0.136575 1.45689 0.37806
v 0.818851 1.04836 -0.289073
v 0.812946 1.04247 -0.28712
v 0.833102 1.02528 -0.247236
v 0.832102 1.02887 -0.245309
v 0.844566 1.0432 -0.246867
v 0.203334 1.44794 0.392417
v 0.827141 1.0223 -0.249919
v 0.563457 1.02612 0.0828085
v 0.527473 1.00715 0.00339025
v 0.47135 1.00158 -0.0174748
v 0.295564 1.00866 0.0175975
v 0.285453 1.0168 0.031134
v 0.261972 1.01347 0.0610321
v 0.268555 1.02729 0.130208
v 0.32542 1.04741 0.185039
v 0.520045 1.04012 0.151352
v 0.200569 1.43767 0.392731
v 0.155336 1.42583 0.402909
v 0.84203 1.09185 -0.27447
v 0.802138 1.05963 -0.289907
v 0.8343 1.09342 -0.282185
v 0.806182 1.03736 -0.285729
v 0.80882 1.02485 -0.270936
v 0.817318 1.03102 -0.266278
v 0.540639 1.01139 0.0184258
v 0.513886 1.00477 -0.00648196
v 0.493839 1.00347 -0.0139279
v 0.453033 0.99725 -0.0196686
v 0.435958 0.992484 -0.0209036
v 0.415645 1.00116 -0.0180622
v 0.372881 1.00039 -0.0134542
v 0.325299 0.998832 -0.00329887
v 0.264156 1.02694 0.112632
v 0.287494 1.03024 0.159841
v 0.463931 1.05536 0.187561
v 0.501212 1.04555 0.164838
v 0.556445 1.02714 0.105018
v 0.198715 1.44891 0.381116
v 0.192484 1.43425 0.397065
v 0.158273 1.431 0.395791
v 0.148364 1.42162 0.408428
v 0.141261 1.41813 0.41648
v 0.126929 1.44197 0.388369
v 0.140987 1.44972 0.371034
v 0.160558 1.46528 0.364884
v 0.820569 1.04684 -0.262314
v 0.826764 1.05937 -0.260698
v 0.84714 1.08616 -0.261021
v 0.816642 1.07826 -0.293172
v 0.793596 1.04278 -0.284367
v 0.803845 1.03237 -0.284428
v 0.799151 1.02875 -0.280387
v 0.840235 1.04483 -0.242653
v 0.532186 1.01382 0.00930598
v 0.339162 1.05122 0.191398
v 0.352256 1.05336 0.195774
v 0.377396 1.05614 0.201093
v 0.404577 1.05205 0.205093
v 0.201935 1.44026 0.385759
v 0.151482 1.42384 0.397992
v 0.139315 1.41276 0.410974
v 0.132559 1.41109 0.416149
v 0.166823 1.46434 0.367205
v 0.19047 1.45103 0.377269
v 0.551528 1.02058 0.0387427
v 0.515086 1.01061 -0.00416297
v 0.48887 1.00739 -0.0140279
v 0.356397 1.0107 -0.00318241
v 0.346299 1.00855 -0.00233576
v 0.270283 1.02293 0.0547604
v 0.264923 1.03177 0.0711924
v 0.308318 1.04557 0.17487
v 0.487171 1.0568 0.172134
v 0.52922 1.04145 0.143043
v 0.549194 1.03853 0.115664
v 0.17592 1.41607 0.397941
v 0.16321 1.43111 0.392522
v 0.177002 1.45279 0.377443
v 0.825315 1.08726 -0.286539
v 0.811129 1.06504 -0.290532
v 0.831842 1.06607 -0.253517
v 0.843555 1.06628 -0.234315
v 0.853631 1.07724 -0.238043
v 0.834687 1.09715 -0.275204
v 0.792307 1.03309 -0.276967
v 0.803173 1.02907 -0.266278
v 0.810005 1.03608 -0.263382
v 0.817036 1.05134 -0.262025
v 0.560013 1.03694 0.0707725
v 0.545039 1.02386 0.0305135
v 0.502911 1.00663 -0.00973321
v 0.444666 1.00767 -0.0184456
v 0.42582 1.00976 -0.0157536
v 0.401558 1.00628 -0.0142671
v 0.377562 1.013 -0.00522225
v 0.26014 1.01583 0.0710749
v 0.514639 1.04768 0.154488
v 0.198534 1.41961 0.384878
v 0.195617 1.4272 0.393551
v 0.187424 1.42418 0.397925
v 0.181583 1.41363 0.39803
v 0.147641 1.41709 0.399904
v 0.118912 1.41933 0.412004
v 0.166837 1.45051 0.358277
v 0.18163 1.44628 0.371029
v 0.798358 1.0283 -0.272821
v 0.848949 1.08644 -0.24753
v 0.835841 1.09583 -0.268532
v 0.540463 1.01692 0.0212213
v 0.532253 1.02165 0.00905229
v 0.505905 1.01972 -0.00804125
v 0.464699 1.01221 -0.0174685
v 0.332087 1.00885 0.00132201
v 0.314975 1.01253 0.0102822
v 0.265252 1.03779 0.0973944
v 0.409794 1.0579 0.20466
v 0.441931 1.05773 0.198351
v 0.451778 1.05713 0.193969
v 0.532782 1.05588 0.133944
v 0.200169 1.43008 0.376815
v 0.127061 1.41038 0.41785
v 0.123032 1.41421 0.417385
v 0.127945 1.4346 0.383036
v 0.845344 1.08752 -0.231845
v 0.840263 1.0861 -0.257785
v 0.811835 1.08151 -0.291471
v 0.483576 1.01527 -0.0151564
v 0.439287 1.01259 -0.0154733
v 0.513404 1.05957 0.150774
v 0.557134 1.03554 0.0975558
v 0.194244 1.44028 0.373717
v 0.200475 1.42292 0.379653
v 0.134597 1.44091 0.374169
v 0.152587 1.45563 0.364305
v 0.786246 1.03446 -0.268413
v 0.802561 1.04007 -0.256507
v 0.812703 1.06068 -0.254675
v 0.82369 1.06485 -0.25417
v 0.832838 1.06698 -0.247962
v 0.798568 1.06511 -0.287929
v 0.519006 1.01888 -0.00228273
v 0.49347 1.01743 -0.0126023
v 0.341334 1.02182 0.00339019
v 0.294584 1.02882 0.0321451
v 0.270531 1.04348 0.123998
v 0.39565 1.06567 0.203914
v 0.1868 1.40412 0.392085
v 0.147707 1.41158 0.399063
v 0.792833 1.03234 -0.26245
v 0.798775 1.03573 -0.258079
v 0.837755 1.06556 -0.237048
v 0.833147 1.0991 -0.255305
v 0.82717 1.10472 -0.254741
v 0.804892 1.07313 -0.289301
v 0.538265 1.02889 0.0195233
v 0.47965 1.01859 -0.0139551
v 0.466551 1.01716 -0.0148049
v 0.430407 1.02134 -0.00644418
v 0.411521 1.02003 -0.0058151
v 0.301554 1.01916 0.0217662
v 0.285107 1.03003 0.0418499
v 0.273938 1.03508 0.0583767
v 0.314876 1.05561 0.179667
v 0.374054 1.05964 0.200298
v 0.426663 1.05769 0.203023
v 0.476577 1.05325 0.179626
v 0.539558 1.04084 0.131278
v 0.164562 1.41936 0.393097
v 0.142135 1.40035 0.406418
v 0.121067 1.422 0.395094
v 0.158527 1.44772 0.357488
v 0.174072 1.44808 0.361346
v 0.189164 1.43498 0.366648
v 0.827298 1.06264 -0.237956
v 0.843895 1.08077 -0.227539
v 0.521439 1.02387 0.0033294
v 0.489691 1.02092 -0.0106832
v 0.393125 1.01658 -0.00581692
v 0.328682 1.02192 0.00728165
v 0.280337 1.05337 0.144096
v 0.295741 1.04587 0.164808
v 0.474321 1.07213 0.18012
v 0.492232 1.06566 0.166784
v 0.526777 1.06091 0.138436
v 0.132562 1.40038 0.413206
v 0.120675 1.41081 0.409657
v 0.824075 1.06547 -0.247534
v 0.837139 1.09407 -0.248027
v 0.829925 1.09661 -0.279167
v 0.822158 1.09405 -0.281418
v 0.505447 1.0299 0.00391891
v 0.487857 1.02751 -0.00325831
v 0.469622 1.02533 -0.00623656
v 0.453073 1.02381 -0.00649554
v 0.3131 1.02511 0.0160527
v 0.268858 1.04888 0.07683
v 0.421012 1.07472 0.205174
v 0.53666 1.0578 0.129175
v 0.174841 1.40177 0.395132
v 0.162631 1.40086 0.39329
v 0.12122 1.40023 0.406372
v 0.808529 1.05484 -0.255651
v 0.788714 1.05091 -0.282781
v 0.559205 1.0489 0.0771619
v 0.554879 1.03215 0.052772
v 0.543446 1.03657 0.0315258
v 0.528129 1.03607 0.0191201
v 0.517133 1.03077 0.00943435
v 0.453591 1.03001 -0.00302009
v 0.408427 1.02886 -0.000266194
v 0.381227 1.03076 0.00222237
v 0.371427 1.03013 0.00243098
v 0.323176 1.03575 0.0171696
v 0.276394 1.0453 0.0616387
v 0.267332 1.04752 0.0973301
v 0.288434 1.05132 0.156468
v 0.461903 1.07034 0.187968
v 0.516498 1.06639 0.146683
v 0.55239 1.05103 0.102316
v 0.157155 1.40581 0.39466
v 0.153706 1.39949 0.396148
v 0.137935 1.43365 0.365409
v 0.836191 1.07887 -0.221763
v 0.797957 1.08148 -0.281961
v 0.550016 1.04259 0.047266
v 0.490439 1.03325 0.000936036
v 0.474815 1.03042 -0.00199466
v 0.360002 1.02613 0.0019253
v 0.311431 1.03709 0.0228973
v 0.298475 1.06912 0.168682
v 0.119349 1.40671 0.392215
v 0.125161 1.42263 0.380982
v 0.164375 1.43535 0.35188
v 0.174435 1.44066 0.355603
v 0.792402 1.03582 -0.251096
v 0.814241 1.06422 -0.249697
v 0.827833 1.06206 -0.226319
v 0.83106 1.07027 -0.218939
v 0.843175 1.0706 -0.227229
v 0.834779 1.09039 -0.230144
v 0.560872 1.04696 0.0847293
v 0.343826 1.03173 0.00778265
v 0.26661 1.04528 0.0844842
v 0.380226 1.07404 0.202761
v 0.410733 1.07579 0.206021
v 0.488245 1.07709 0.168685
v 0.544508 1.05438 0.118731
v 0.185834 1.42598 0.36121
v 0.196101 1.41131 0.376613
v 0.190369 1.39987 0.379929
v 0.129761 1.42654 0.373019
v 0.797046 1.04546 -0.24183
v 0.812427 1.06326 -0.240556
v 0.835999 1.06545 -0.227336
v 0.835554 1.09574 -0.239721
v 0.782883 1.05322 -0.276212
v 0.787944 1.03976 -0.278464
v 0.503235 1.03756 0.0061236
v 0.296985 1.04027 0.0341246
v 0.274384 1.05485 0.129534
v 0.436488 1.07358 0.200828
v 0.503753 1.07768 0.156553
v 0.180896 1.40046 0.392704
v 0.138597 1.39139 0.406255
v 0.132549 1.39401 0.408529
v 0.123763 1.39417 0.402648
v 0.17398 1.43228 0.353497
v 0.783539 1.03483 -0.261198
v 0.801514 1.0588 -0.237912
v 0.824646 1.10319 -0.242799
v 0.804646 1.09627 -0.275542
v 0.490243 1.04036 0.00289336
v 0.427902 1.03178 -0.00136301
v 0.340196 1.03796 0.0111041
v 0.375645 1.08251 0.202408
v 0.126353 1.41096 0.363399
v 0.803253 1.05617 -0.243359
v 0.803599 1.06056 -0.232845
v 0.546612 1.0496 0.0457924
v 0.536849 1.04704 0.0335814
v 0.472534 1.03767 -6.10903e-005
v 0.428327 1.04078 -0.000867191
v 0.362115 1.03728 0.00546956
v 0.285026 1.039 0.0463162
v 0.273364 1.06026 0.0765392
v 0.270944 1.05534 0.115913
v 0.420642 1.09146 0.204986
v 0.534215 1.06871 0.129124
v 0.558141 1.05128 0.0912948
v 0.155252 1.39106 0.392324
v 0.125341 1.38482 0.398841
v 0.120147 1.39167 0.397369
v 0.119347 1.40004 0.396719
v 0.121846 1.41571 0.386005
v 0.145344 1.43425 0.358393
v 0.81756 1.05982 -0.227814
v 0.825831 1.08731 -0.220898
v 0.820026 1.10022 -0.231254
v 0.813514 1.10317 -0.268094
v 0.513429 1.04459 0.0131143
v 0.502412 1.04333 0.00703483
v 0.404718 1.03856 0.00367639
v 0.327031 1.06911 0.187283
v 0.460983 1.08768 0.186838
v 0.537127 1.07064 0.121537
v 0.193763 1.4168 0.368439
v 0.173401 1.39076 0.384556
v 0.145377 1.38951 0.401162
v 0.118307 1.40317 0.379732
v 0.790954 1.05149 -0.230494
v 0.552259 1.0618 0.0678398
v 0.551612 1.05252 0.0564292
v 0.52469 1.04602 0.0218631
v 0.484378 1.04394 0.00135601
v 0.440539 1.03969 -0.00219962
v 0.396284 1.04419 0.00432863
v 0.282921 1.07149 0.147894
v 0.342376 1.0731 0.194178
v 0.483807 1.08676 0.171831
v 0.163742 1.39231 0.388758
v 0.140025 1.42099 0.354398
v 0.79018 1.04138 -0.241238
v 0.804158 1.06018 -0.219915
v 0.815283 1.06417 -0.214601
v 0.824072 1.08002 -0.215577
v 0.820765 1.10586 -0.260052
v 0.779364 1.07098 -0.27063
v 0.773048 1.06262 -0.266659
v 0.77426 1.04277 -0.261275
v 0.454763 1.0378 -0.00206375
v 0.373864 1.04413 0.00515218
v 0.306186 1.03964 0.0266753
v 0.295723 1.05561 0.0390426
v 0.280808 1.0586 0.060908
v 0.524905 1.07575 0.139755
v 0.528384 1.08057 0.13117
v 0.190179 1.40467 0.367502
v 0.180521 1.39101 0.380301
v 0.135946 1.38003 0.398245
v 0.771436 1.04102 -0.241346
v 0.78191 1.0377 -0.244261
v 0.816779 1.10469 -0.237379
v 0.785259 1.08039 -0.27276
v 0.775442 1.03916 -0.250635
v 0.554584 1.06349 0.0837916
v 0.471794 1.05435 -0.00403349
v 0.457954 1.05032 -0.00514577
v 0.416639 1.04503 0.000593168
v 0.360817 1.05007 0.00713945
v 0.344974 1.05006 0.0112401
v 0.271508 1.07123 0.102426
v 0.290724 1.07455 0.159768
v 0.433039 1.08882 0.201322
v 0.473045 1.08932 0.180085
v 0.128609 1.37889 0.395621
v 0.153858 1.43175 0.352753
v 0.169067 1.43011 0.351406
v 0.544899 1.0719 0.0620618
v 0.541361 1.06406 0.0500977
v 0.518 1.06125 0.0190282
v 0.325538 1.05421 0.0197258
v 0.340371 1.0904 0.193226
v 0.405595 1.08776 0.206194
v 0.51537 1.07846 0.148323
v 0.546113 1.06184 0.10859
v 0.158991 1.38095 0.381555
v 0.143082 1.38263 0.398028
v 0.766932 1.04594 -0.252982
v 0.815908 1.09146 -0.216249
v 0.793974 1.09112 -0.274243
v 0.456898 1.05578 -0.00548631
v 0.348768 1.0554 0.00996478
v 0.310627 1.05811 0.0285488
v 0.477433 1.10109 0.178424
v 0.49022 1.09987 0.16867
v 0.133725 1.4164 0.357483
v 0.178239 1.41358 0.355977
v 0.777866 1.04419 -0.231562
v 0.795013 1.05813 -0.224467
v 0.793759 1.06222 -0.216009
v 0.807321 1.06815 -0.210205
v 0.780916 1.09391 -0.261733
v 0.770994 1.05309 -0.262709
v 0.535642 1.0559 0.0374083
v 0.507513 1.05553 0.0105421
v 0.493594 1.05331 0.00315534
v 0.43787 1.05172 -0.00512837
v 0.398198 1.05156 0.00198576
v 0.372042 1.05377 0.00505041
v 0.312683 1.06342 0.0272906
v 0.31439 1.069 0.180736
v 0.376072 1.10619 0.201973
v 0.419487 1.11249 0.203693
v 0.515105 1.08466 0.147987
v 0.545818 1.07643 0.100351
v 0.137711 1.41048 0.348721
v 0.149053 1.41734 0.348232
v 0.819038 1.07533 -0.211267
v 0.806758 1.10807 -0.249881
v 0.532489 1.05229 0.0318056
v 0.497548 1.0632 0.00426495
v 0.332344 1.06605 0.0113005
v 0.324654 1.06078 0.0199593
v 0.298768 1.06423 0.0387397
v 0.271131 1.06574 0.0874599
v 0.307015 1.07117 0.176025
v 0.351894 1.09469 0.19669
v 0.451965 1.10253 0.192436
v 0.534843 1.07974 0.121875
v 0.163871 1.37973 0.37501
v 0.155333 1.4139 0.346734
v 0.763938 1.05439 -0.252119
v 0.80805 1.07654 -0.208063
v 0.810751 1.08749 -0.211525
v 0.767641 1.06275 -0.259232
v 0.482898 1.06148 -0.000793471
v 0.354056 1.05844 0.00720872
v 0.31611 1.10426 0.181574
v 0.550751 1.07196 0.0901864
v 0.143609 1.37379 0.387186
v 0.121144 1.37838 0.386665
v 0.117511 1.39625 0.386489
v 0.550163 1.07202 0.075434
v 0.527317 1.07209 0.0320902
v 0.468836 1.06001 -0.00335588
v 0.439881 1.06245 -0.00306144
v 0.411399 1.05647 -0.0019392
v 0.39413 1.05803 -0.000100043
v 0.358252 1.06493 0.00100002
v 0.275069 1.08172 0.124675
v 0.277277 1.07871 0.133832
v 0.502534 1.09618 0.158483
v 0.18223 1.3939 0.364176
v 0.178264 1.38708 0.369828
v 0.161768 1.37656 0.369309
v 0.165524 1.41352 0.348924
v 0.770082 1.05251 -0.223724
v 0.800774 1.10565 -0.257027
v 0.546778 1.08459 0.0757144
v 0.426708 1.06634 -0.00319544
v 0.401768 1.06218 -0.00210544
v 0.374044 1.06431 -0.00274847
v 0.342356 1.06609 0.00630458
v 0.298468 1.0712 0.0373094
v 0.289174 1.07422 0.0527721
v 0.27464 1.0785 0.0841475
v 0.272206 1.08137 0.0972245
v 0.286354 1.09017 0.151566
v 0.303852 1.09504 0.172049
v 0.493373 1.11055 0.163077
v 0.511921 1.10176 0.145561
v 0.519565 1.09087 0.14016
v 0.527233 1.09783 0.129439
v 0.532954 1.09826 0.118079
v 0.548533 1.08451 0.0863008
v 0.171803 1.39874 0.350419
v 0.180402 1.39777 0.357859
v 0.129966 1.36898 0.384528
v 0.11564 1.38363 0.378299
v 0.121027 1.40529 0.36955
v 0.130633 1.40378 0.349401
v 0.767663 1.04312 -0.244262
v 0.789835 1.06864 -0.211073
v 0.813942 1.0974 -0.220063
v 0.811034 1.10805 -0.242445
v 0.53478 1.07661 0.0447296
v 0.517264 1.07033 0.0198141
v 0.508121 1.06606 0.0111289
v 0.467376 1.06786 -0.000197211
v 0.3322 1.0707 0.0105547
v 0.315617 1.07044 0.0196891
v 0.408308 1.10424 0.204968
v 0.43208 1.10034 0.201463
v 0.45732 1.11543 0.186827
v 0.473754 1.11188 0.178911
v 0.761641 1.05466 -0.241391
v 0.769823 1.04543 -0.232628
v 0.789338 1.1059 -0.252951
v 0.774129 1.08442 -0.260983
v 0.44083 1.06783 -0.00288587
v 0.362893 1.06871 -0.000375273
v 0.293863 1.10875 0.158601
v 0.391573 1.10096 0.204355
v 0.169484 1.39225 0.347601
v 0.166883 1.38015 0.356951
v 0.539307 1.08285 0.0574468
v 0.484474 1.0707 0.00393383
v 0.393956 1.06906 -0.00572129
v 0.394088 1.07282 -0.00569177
v 0.316159 1.0741 0.0202499
v 0.302161 1.0739 0.0300727
v 0.291592 1.08163 0.0433038
v 0.281571 1.09749 0.136725
v 0.505283 1.11283 0.150469
v 0.173006 1.38913 0.354064
v 0.145569 1.36875 0.376517
v 0.134675 1.36335 0.373469
v 0.113161 1.38131 0.371539
v 0.779509 1.05245 -0.221849
v 0.772851 1.06826 -0.209022
v 0.792806 1.07947 -0.207155
v 0.793843 1.11181 -0.225672
v 0.507037 1.07973 0.016799
v 0.481474 1.07673 0.00287385
v 0.453788 1.07124 -0.00278083
v 0.418354 1.0757 -0.00779665
v 0.336197 1.07853 0.0165647
v 0.284361 1.08029 0.0621381
v 0.277694 1.10009 0.114965
v 0.353922 1.11447 0.198939
v 0.492769 1.11786 0.163206
v 0.52021 1.11013 0.135745
v 0.156761 1.36844 0.36104
v 0.761407 1.05917 -0.246556
v 0.758384 1.06008 -0.22988
v 0.780432 1.07618 -0.204673
v 0.807778 1.1053 -0.226177
v 0.792526 1.11254 -0.235011
v 0.793097 1.11037 -0.244347
v 0.783185 1.10329 -0.253662
v 0.533744 1.09412 0.0551628
v 0.496976 1.07601 0.0100504
v 0.470606 1.07344 0.000427207
v 0.431944 1.07432 -0.00767591
v 0.381186 1.07205 -0.00353861
v 0.368083 1.07808 0.00658652
v 0.355196 1.07624 0.00839549
v 0.41206 1.11844 0.204916
v 0.530912 1.11169 0.118524
v 0.796832 1.09805 -0.210578
v 0.771973 1.10207 -0.246017
v 0.51837 1.08589 0.0289087
v 0.49527 1.08227 0.00931583
v 0.465783 1.08098 -0.00573759
v 0.449114 1.07824 -0.00795987
v 0.405007 1.07752 -0.0053481
v 0.300886 1.0793 0.0341341
v 0.301975 1.11249 0.168998
v 0.32432 1.10512 0.186671
v 0.395272 1.11531 0.204298
v 0.484441 1.11352 0.170796
v 0.54049 1.09592 0.101653
v 0.169125 1.38486 0.350564
v 0.125193 1.36498 0.373151
v 0.115714 1.38819 0.366542
v 0.764775 1.06444 -0.214107
v 0.79646 1.10617 -0.216821
v 0.780638 1.11066 -0.23927
v 0.761368 1.08598 -0.247721
v 0.483775 1.08422 -0.00042192
v 0.342702 1.08268 0.0147146
v 0.31863 1.08118 0.0271971
v 0.303802 1.08666 0.0397603
v 0.284765 1.09179 0.0603355
v 0.274812 1.08889 0.0952872
v 0.433124 1.11676 0.198822
v 0.475944 1.11824 0.177262
v 0.512168 1.12496 0.144208
v 0.16389 1.37905 0.340973
v 0.133213 1.35699 0.36597
v 0.110562 1.37834 0.364865
v 0.119179 1.39321 0.358967
v 0.145535 1.40758 0.342342
v 0.158933 1.40011 0.340506
v 0.524188 1.10099 0.0434486
v 0.508948 1.09086 0.0207366
v 0.478421 1.08793 -0.00269261
v 0.456885 1.08351 -0.00727909
v 0.439137 1.0808 -0.00788498
v 0.395305 1.08282 0.00262805
v 0.289135 1.1072 0.150633
v 0.336026 1.10797 0.192896
v 0.433838 1.12641 0.19891
v 0.45866 1.12146 0.185911
v 0.525482 1.1103 0.128714
v 0.538859 1.10888 0.0980133
v 0.147271 1.36179 0.364104
v 0.116673 1.37206 0.371013
v 0.124329 1.39893 0.353322
v 0.758677 1.0617 -0.221324
v 0.793016 1.08909 -0.206498
v 0.766475 1.07812 -0.254387
v 0.757655 1.07698 -0.245385
v 0.540189 1.09691 0.0723086
v 0.43771 1.08598 -0.00435399
v 0.32418 1.08607 0.0250378
v 0.305466 1.09414 0.0400061
v 0.535082 1.12026 0.108862
v 0.12379 1.35856 0.364286
v 0.153348 1.403 0.338849
v 0.756382 1.06779 -0.241014
v 0.757626 1.06731 -0.210347
v 0.786958 1.10533 -0.208843
v 0.770251 1.0933 -0.251751
v 0.498209 1.09088 0.00624029
v 0.419945 1.08554 -0.00136186
v 0.388738 1.08667 0.00625863
v 0.277202 1.10519 0.103231
v 0.358008 1.13283 0.201403
v 0.533223 1.1212 0.11387
v 0.160471 1.37167 0.35359
v 0.119144 1.39139 0.348385
v 0.756535 1.07075 -0.203014
v 0.776185 1.08508 -0.199727
v 0.541033 1.10245 0.0844506
v 0.517833 1.10057 0.0325178
v 0.454352 1.09089 -0.00219497
v 0.44219 1.09312 -0.00267466
v 0.432564 1.09073 -0.00210121
v 0.403255 1.09141 0.00418151
v 0.291765 1.09697 0.0565725
v 0.160146 1.38234 0.333304
v 0.142072 1.34875 0.35476
v 0.11146 1.38211 0.353929
v 0.751234 1.0708 -0.242319
v 0.752162 1.06529 -0.221768
v 0.760467 1.09085 -0.246754
v 0.511792 1.09993 0.0191947
v 0.469105 1.09338 0.000718343
v 0.386738 1.0921 0.00733822
v 0.365984 1.08545 0.00936477
v 0.284066 1.10585 0.073917
v 0.405905 1.14543 0.205784
v 0.113464 1.36637 0.359629
v 0.750124 1.0678 -0.233146
v 0.536742 1.10762 0.0709412
v 0.49321 1.09214 0.00364842
v 0.488167 1.09877 0.00831888
v 0.278947 1.09825 0.0871166
v 0.424683 1.128 0.202602
v 0.469075 1.13678 0.182935
v 0.113257 1.38675 0.347032
v 0.763332 1.07895 -0.194165
v 0.787168 1.11098 -0.214916
v 0.423608 1.09247 -0.000904624
v 0.398887 1.09669 0.00470663
v 0.361438 1.0987 0.0095292
v 0.279414 1.10903 0.119479
v 0.290547 1.12124 0.147848
v 0.316083 1.11559 0.181494
v 0.330085 1.11778 0.190524
v 0.437643 1.16793 0.201657
v 0.439653 1.15813 0.199805
v 0.485985 1.12943 0.17077
v 0.517175 1.1315 0.13888
v 0.15132 1.35164 0.349294
v 0.132538 1.3432 0.355967
v 0.762848 1.08921 -0.193009
v 0.779943 1.09905 -0.202455
v 0.776967 1.11608 -0.225778
v 0.752421 1.08689 -0.244884
v 0.530129 1.11355 0.0620864
v 0.35326 1.08827 0.0114245
v 0.314851 1.10485 0.0316221
v 0.280954 1.10656 0.0827999
v 0.278551 1.11417 0.100521
v 0.445875 1.13896 0.194498
v 0.477521 1.13272 0.177751
v 0.115862 1.38551 0.340961
v 0.125751 1.39291 0.339028
v 0.134621 1.39764 0.335975
v 0.7394 1.07144 -0.19423
v 0.746874 1.07441 -0.24108
v 0.529259 1.11816 0.0604748
v 0.524802 1.10827 0.0485412
v 0.519652 1.1086 0.0299766
v 0.50567 1.10763 0.0207884
v 0.281133 1.11784 0.124472
v 0.495522 1.13586 0.16195
v 0.534196 1.12638 0.108184
v 0.156148 1.37332 0.325031
v 0.127974 1.3467 0.358184
v 0.141938 1.39517 0.329916
v 0.153591 1.39153 0.329647
v 0.746886 1.06757 -0.209887
v 0.743131 1.07919 -0.185445
v 0.772106 1.10999 -0.205634
v 0.772053 1.11333 -0.232209
v 0.763617 1.10522 -0.240005
v 0.535487 1.11972 0.0955875
v 0.535456 1.11882 0.0782511
v 0.49472 1.10841 0.0151962
v 0.484674 1.10269 0.00797655
v 0.468939 1.0984 0.00175378
v 0.418475 1.10595 -0.00217464
v 0.295495 1.10508 0.0545157
v 0.341079 1.12686 0.195672
v 0.516857 1.15064 0.140819
v 0.156746 1.36473 0.329504
v 0.150258 1.3419 0.336164
v 0.109912 1.36792 0.353857
v 0.741703 1.08728 -0.182325
v 0.52635 1.11734 0.044444
v 0.509863 1.10302 0.0179691
v 0.45317 1.09723 -0.00180465
v 0.378073 1.10268 0.00622834
v 0.329242 1.10258 0.0209253
v 0.308643 1.11465 0.175369
v 0.42724 1.16108 0.204304
v 0.148043 1.39025 0.325806
v 0.142479 1.33675 0.344923
v 0.121359 1.33351 0.349379
v 0.732797 1.06856 -0.206515
v 0.749219 1.08982 -0.186622
v 0.358961 1.10574 0.00904735
v 0.346808 1.10598 0.0121002
v 0.300571 1.11147 0.0466581
v 0.282755 1.12541 0.130273
v 0.491854 1.15046 0.167312
v 0.115507 1.3482 0.352009
v 0.108264 1.35875 0.350301
v 0.74082 1.06946 -0.224105
v 0.768973 1.10308 -0.199601
v 0.765373 1.11491 -0.205819
v 0.766712 1.11635 -0.223205
v 0.745962 1.09049 -0.242251
v 0.535834 1.12073 0.0849149
v 0.34041 1.10259 0.0151347
v 0.28924 1.10982 0.0682917
v 0.300631 1.12932 0.164775
v 0.150557 1.33875 0.326601
v 0.155331 1.35721 0.340033
v 0.130892 1.32845 0.347666
v 0.108446 1.3668 0.345025
v 0.131151 1.38936 0.329223
v 0.739657 1.07421 -0.235222
v 0.75961 1.10908 -0.233816
v 0.751473 1.09478 -0.24239
v 0.530394 1.14221 0.106617
v 0.522467 1.11609 0.0373151
v 0.500403 1.11132 0.0204661
v 0.332498 1.11576 0.0140756
v 0.278146 1.1161 0.112056
v 0.327149 1.1463 0.188568
v 0.485187 1.17246 0.176105
v 0.108637 1.35328 0.34514
v 0.770849 1.1164 -0.214169
v 0.735697 1.08062 -0.235534
v 0.414831 1.11211 -0.00341874
v 0.404489 1.12191 -0.00690831
v 0.294652 1.12178 0.0505593
v 0.292777 1.11715 0.0613231
v 0.504878 1.17211 0.15768
v 0.524972 1.12654 0.127946
v 0.113199 1.37923 0.339703
v 0.138196 1.38242 0.320082
v 0.153089 1.38157 0.323744
v 0.52952 1.143 0.115072
v 0.529924 1.1258 0.0525824
v 0.509936 1.12044 0.0327003
v 0.380664 1.11452 0.000699763
v 0.357265 1.11658 0.00542789
v 0.316002 1.11432 0.0247995
v 0.28724 1.1179 0.0775466
v 0.282747 1.1324 0.128452
v 0.294686 1.13486 0.154494
v 0.336715 1.14889 0.1943
v 0.511373 1.14216 0.145941
v 0.530504 1.135 0.118921
v 0.109455 1.33716 0.342484
v 0.731337 1.07275 -0.227581
v 0.728503 1.07763 -0.179791
v 0.759832 1.10787 -0.196744
v 0.533318 1.13865 0.0819511
v 0.532753 1.13531 0.0640398
v 0.491349 1.12653 0.0145539
v 0.464313 1.11945 -0.00161467
v 0.454294 1.12053 -0.00480291
v 0.445358 1.11888 -0.00623831
v 0.432146 1.11543 -0.00605226
v 0.416332 1.16678 0.205902
v 0.41691 1.14922 0.205381
v 0.453949 1.15939 0.192676
v 0.136188 1.32233 0.34116
v 0.109136 1.3638 0.340711
v 0.130447 1.37927 0.321489
v 0.728871 1.07079 -0.191475
v 0.723962 1.08748 -0.173204
v 0.759457 1.11899 -0.213201
v 0.745301 1.10622 -0.229253
v 0.532603 1.12904 0.0715003
v 0.347053 1.12019 0.00814039
v 0.303437 1.11734 0.0373803
v 0.280893 1.12699 0.101202
v 0.36068 1.14749 0.203676
v 0.469328 1.15862 0.184631
v 0.525 1.1462 0.128849
v 0.113798 1.36912 0.331683
v 0.128357 1.36764 0.30959
v 0.737815 1.09604 -0.180446
v 0.754011 1.11562 -0.221132
v 0.532701 1.15155 0.0704807
v 0.479247 1.12459 0.00548194
v 0.288123 1.12752 0.06525
v 0.369551 1.14312 0.204492
v 0.531987 1.14406 0.0925964
v 0.129464 1.3095 0.33348
v 0.105935 1.34676 0.340884
v 0.142664 1.37661 0.314335
v 0.71441 1.08024 -0.1731
v 0.519408 1.13024 0.0470854
v 0.42321 1.12384 -0.0099382
v 0.310508 1.12571 0.0331466
v 0.301449 1.12899 0.0448474
v 0.286517 1.13579 0.139718
v 0.291919 1.14621 0.151268
v 0.515614 1.16093 0.144056
v 0.524558 1.16556 0.127152
v 0.534289 1.14503 0.0803396
v 0.152646 1.35238 0.318534
v 0.146483 1.32928 0.331479
v 0.138292 1.31204 0.328249
v 0.122 1.31429 0.339319
v 0.723283 1.07972 -0.226443
v 0.752309 1.10387 -0.191074
v 0.737401 1.10268 -0.227757
v 0.468849 1.1255 -0.0013521
v 0.431624 1.12812 -0.0119695
v 0.14957 1.36627 0.312367
v 0.151331 1.35784 0.312604
v 0.113801 1.32299 0.340853
v 0.719558 1.06976 -0.206611
v 0.716245 1.07524 -0.179183
v 0.749734 1.11412 -0.193301
v 0.750117 1.11987 -0.2012
v 0.535647 1.15246 0.0765553
v 0.504962 1.13118 0.0288881
v 0.462532 1.13209 -0.00784467
v 0.447962 1.12968 -0.0110427
v 0.366298 1.12343 0.00215663
v 0.287612 1.12305 0.0762518
v 0.28075 1.14567 0.110061
v 0.281733 1.13579 0.104538
v 0.335204 1.16639 0.19332
v 0.47417 1.17712 0.184116
v 0.521866 1.16696 0.136254
v 0.529902 1.15524 0.103863
v 0.103556 1.33556 0.332419
v 0.123042 1.37528 0.325082
v 0.709101 1.07869 -0.218225
v 0.710513 1.07262 -0.211392
v 0.733989 1.09319 -0.230631
v 0.483006 1.13402 0.0030332
v 0.397896 1.12736 -0.00590716
v 0.373537 1.13159 0.00123565
v 0.284114 1.13709 0.0804229
v 0.344617 1.15044 0.198344
v 0.350911 1.14791 0.200887
v 0.465694 1.17494 0.188798
v 0.496411 1.17405 0.166893
v 0.149934 1.34659 0.305866
v 0.148972 1.32846 0.312141
v 0.106112 1.3522 0.332811
v 0.719237 1.07401 -0.21941
v 0.709438 1.0697 -0.194505
v 0.701909 1.07188 -0.183404
v 0.713168 1.10011 -0.167564
v 0.524182 1.14217 0.0562253
v 0.416217 1.12772 -0.0100018
v 0.332713 1.12861 0.0153617
v 0.316371 1.14579 0.180706
v 0.428187 1.17655 0.204523
v 0.531657 1.1553 0.0969955
v 0.10359 1.34233 0.330089
v 0.108969 1.35645 0.322243
v 0.144425 1.37081 0.310448
v 0.706366 1.08648 -0.166723
v 0.738269 1.11374 -0.185723
v 0.737636 1.11955 -0.189735
v 0.724759 1.09002 -0.226955
v 0.515897 1.14514 0.0430722
v 0.47372 1.1346 -0.00286758
v 0.352544 1.13318 0.00762673
v 0.32233 1.12592 0.0223002
v 0.28088 1.14152 0.117874
v 0.28829 1.15176 0.143331
v 0.393858 1.16574 0.207066
v 0.51858 1.17064 0.142688
v 0.144732 1.31402 0.315638
v 0.125724 1.29271 0.322997
v 0.112204 1.30997 0.333718
v 0.695166 1.07693 -0.172023
v 0.693327 1.08904 -0.160561
v 0.701047 1.09744 -0.16178
v 0.506692 1.14133 0.0267869
v 0.497189 1.13805 0.0147077
v 0.43089 1.13964 -0.00982487
v 0.402968 1.13509 -0.00548075
v 0.304622 1.14086 0.0387613
v 0.293244 1.13547 0.0607707
v 0.305152 1.15264 0.16949
v 0.41331 1.18024 0.206266
v 0.426563 1.18743 0.204817
v 0.510114 1.18145 0.153942
v 0.534876 1.16195 0.0924462
v 0.119551 1.29923 0.329483
v 0.133946 1.36449 0.303463
v 0.137828 1.35549 0.295384
v 0.739972 1.11516 -0.217148
v 0.523226 1.15758 0.0552598
v 0.49815 1.14726 0.0197452
v 0.482629 1.14065 0.00449956
v 0.463068 1.14029 -0.00483593
v 0.404226 1.14174 -0.00467191
v 0.280484 1.15447 0.118812
v 0.28449 1.1628 0.136816
v 0.344093 1.16768 0.198202
v 0.514651 1.17766 0.148298
v 0.147236 1.35805 0.304457
v 0.679511 1.07669 -0.170831
v 0.736961 1.12256 -0.194162
v 0.743651 1.12149 -0.205413
v 0.51815 1.1584 0.0457643
v 0.456436 1.14225 -0.00640081
v 0.370195 1.14144 0.00385321
v 0.296351 1.15704 0.159927
v 0.380911 1.17581 0.208534
v 0.433508 1.19644 0.203843
v 0.134774 1.29832 0.319358
v 0.110796 1.2982 0.326111
v 0.106136 1.32152 0.333443
v 0.113538 1.36232 0.320813
v 0.692979 1.07459 -0.205081
v 0.699831 1.07115 -0.201071
v 0.692134 1.07078 -0.191806
v 0.700001 1.08135 -0.167668
v 0.729045 1.10971 -0.177795
v 0.738999 1.11991 -0.210331
v 0.731897 1.11103 -0.219895
v 0.535183 1.16804 0.0906341
v 0.528115 1.15726 0.0651871
v 0.508591 1.15711 0.0325048
v 0.491951 1.15055 0.0151521
v 0.476419 1.14655 0.00309548
v 0.320233 1.14799 0.0210828
v 0.281409 1.14257 0.0931396
v 0.316604 1.17263 0.180726
v 0.351188 1.17991 0.201898
v 0.525863 1.16841 0.12096
v 0.14524 1.343 0.294584
v 0.130125 1.28509 0.312254
v 0.09922 1.30455 0.319712
v 0.101999 1.3422 0.312091
v 0.710564 1.11087 -0.169341
v 0.711941 1.08912 -0.222859
v 0.467226 1.14549 -0.00245134
v 0.313423 1.12886 0.0298856
v 0.295427 1.1443 0.0537122
v 0.469749 1.20331 0.190109
v 0.120735 1.28144 0.315976
v 0.0993766 1.33627 0.315575
v 0.142031 1.349 0.293321
v 0.674973 1.0842 -0.158468
v 0.389614 1.14758 -0.00131087
v 0.289067 1.14595 0.0719044
v 0.280415 1.153 0.0987287
v 0.324562 1.1661 0.186368
v 0.367247 1.18273 0.207466
v 0.522554 1.18438 0.134612
v 0.527139 1.17097 0.115724
v 0.141683 1.30046 0.309434
v 0.0976941 1.32656 0.320049
v 0.685855 1.07286 -0.18007
v 0.719236 1.11937 -0.212012
v 0.532701 1.16807 0.0801015
v 0.528692 1.17025 0.0654052
v 0.41996 1.13995 -0.00852166
v 0.413022 1.15256 -0.00942939
v 0.497686 1.18798 0.168187
v 0.521289 1.19321 0.14016
v 0.113584 1.28146 0.316763
v 0.116125 1.35645 0.305375
v 0.712949 1.12357 -0.177488
v 0.708131 1.10014 -0.220902
v 0.694281 1.08713 -0.216642
v 0.532672 1.1821 0.0742301
v 0.51461 1.16255 0.0392998
v 0.442843 1.13995 -0.00916849
v 0.519551 1.2073 0.148176
v 0.531638 1.17044 0.104717
v 0.727775 1.11979 -0.183242
v 0.726405 1.12568 -0.192869
v 0.533335 1.17721 0.0852862
v 0.367819 1.1457 0.00418355
v 0.293008 1.1612 0.0530004
v 0.285563 1.15629 0.0754924
v 0.302563 1.16667 0.168397
v 0.450011 1.17404 0.196666
v 0.525876 1.18694 0.125462
v 0.533073 1.19 0.0945271
v 0.106309 1.30202 0.325422
v 0.110357 1.34818 0.293354
v 0.123249 1.35816 0.300264
v 0.661704 1.07674 -0.168309
v 0.695622 1.11187 -0.162054
v 0.723127 1.12697 -0.196619
v 0.433661 1.15917 -0.0127172
v 0.424807 1.15809 -0.0125817
v 0.34505 1.14281 0.00949453
v 0.482606 1.19579 0.181942
v 0.145604 1.30791 0.299871
v 0.107068 1.34865 0.306506
v 0.674659 1.08007 -0.205314
v 0.512624 1.17317 0.0329176
v 0.483922 1.16023 0.00691935
v 0.374313 1.1529 0.00108933
v 0.27808 1.16294 0.116717
v 0.278227 1.17349 0.129795
v 0.295383 1.17351 0.159742
v 0.494696 1.21687 0.178196
v 0.48968 1.1915 0.175934
v 0.146188 1.31511 0.295251
v 0.135525 1.28172 0.301121
v 0.658736 1.08122 -0.158527
v 0.669066 1.09187 -0.150833
v 0.674444 1.09759 -0.151
v 0.688066 1.10035 -0.156215
v 0.724963 1.12476 -0.203531
v 0.711669 1.11289 -0.217024
v 0.722935 1.10337 -0.222877
v 0.456476 1.16196 -0.00858227
v 0.444152 1.15869 -0.0112438
v 0.306729 1.15303 0.0333333
v 0.374973 1.18025 0.208994
v 0.443535 1.20034 0.20144
v 0.14185 1.33311 0.285166
v 0.145208 1.326 0.290294
v 0.0965164 1.31751 0.31877
v 0.692617 1.07995 -0.212041
v 0.678067 1.07328 -0.193796
v 0.52702 1.17823 0.0588509
v 0.340311 1.13046 0.0117091
v 0.327388 1.15227 0.0161836
v 0.297932 1.15677 0.0453597
v 0.278441 1.16359 0.103723
v 0.530066 1.18975 0.118332
v 0.534248 1.17597 0.101424
v 0.124523 1.27442 0.307789
v 0.119618 1.26639 0.303711
v 0.1022 1.28367 0.313962
v 0.0892279 1.31055 0.305659
v 0.0930339 1.32955 0.299127
v 0.658681 1.08821 -0.149374
v 0.534292 1.18689 0.0829199
v 0.47216 1.16557 -0.00143373
v 0.41382 1.15864 -0.0117115
v 0.391045 1.15607 -0.00538175
v 0.368846 1.16037 -0.000466487
v 0.336579 1.18711 0.195178
v 0.361878 1.19981 0.206396
v 0.395058 1.18799 0.208844
v 0.440049 1.20743 0.202857
v 0.452684 1.20791 0.198413
v 0.525085 1.20424 0.136777
v 0.136045 1.31984 0.270643
v 0.141642 1.28766 0.288472
v 0.133265 1.27099 0.290567
v 0.113747 1.27037 0.309571
v 0.0965275 1.26858 0.301968
v 0.127667 1.35332 0.290748
v 0.136152 1.34441 0.285342
v 0.662867 1.0741 -0.183966
v 0.700777 1.12118 -0.169094
v 0.520378 1.17629 0.0444297
v 0.50327 1.17069 0.0226281
v 0.402596 1.16648 -0.0152779
v 0.279357 1.17104 0.0811569
v 0.393508 1.21428 0.211091
v 0.532129 1.19342 0.113573
v 0.103361 1.26901 0.306338
v 0.132853 1.32569 0.269504
v 0.668323 1.07805 -0.199797
v 0.661357 1.07616 -0.192062
v 0.657056 1.0978 -0.142751
v 0.533025 1.1982 0.10484
v 0.482739 1.16959 0.00457658
v 0.44447 1.16725 -0.0166362
v 0.421418 1.16487 -0.0169911
v 0.342451 1.16804 0.00701538
v 0.347474 1.1609 0.00727849
v 0.277048 1.1713 0.0939083
v 0.318154 1.18961 0.186036
v 0.139467 1.30693 0.273066
v 0.0987194 1.33502 0.281475
v 0.659421 1.07465 -0.176154
v 0.643845 1.08062 -0.158744
v 0.643353 1.0902 -0.14245
v 0.701667 1.11245 -0.216693
v 0.694082 1.09497 -0.218465
v 0.528655 1.18831 0.0527031
v 0.517003 1.1833 0.0338013
v 0.466185 1.17002 -0.0110778
v 0.447913 1.17021 -0.0166735
v 0.433713 1.1699 -0.0180676
v 0.332891 1.1656 0.0123907
v 0.27846 1.18341 0.138262
v 0.511866 1.20145 0.157005
v 0.104544 1.25694 0.298875
v 0.100765 1.34088 0.296334
v 0.123749 1.34224 0.277019
v 0.642876 1.0781 -0.167391
v 0.70949 1.1305 -0.184512
v 0.705082 1.12226 -0.210907
v 0.49274 1.17461 0.0114822
v 0.487741 1.17687 0.000476175
v 0.478357 1.17642 -0.00662344
v 0.468565 1.1746 -0.0107271
v 0.381258 1.16731 -0.00973018
v 0.322215 1.17079 0.0176786
v 0.309404 1.16971 0.0278746
v 0.286893 1.16169 0.0670319
v 0.294295 1.18488 0.162239
v 0.347275 1.19744 0.201508
v 0.373803 1.20433 0.20949
v 0.404234 1.21431 0.209988
v 0.420878 1.20746 0.206546
v 0.138017 1.27728 0.280274
v 0.12462 1.25709 0.288861
v 0.113275 1.2535 0.295438
v 0.0907636 1.30028 0.308129
v 0.09161 1.32235 0.305774
v 0.666715 1.10565 -0.145686
v 0.676639 1.10925 -0.151145
v 0.700965 1.12898 -0.174895
v 0.71254 1.13034 -0.19745
v 0.385031 1.21517 0.211409
v 0.466506 1.22096 0.193028
v 0.492252 1.23474 0.181625
v 0.502213 1.21476 0.171453
v 0.503532 1.20643 0.167726
v 0.529839 1.21475 0.131561
v 0.0854184 1.31643 0.289735
v 0.647546 1.08408 -0.152069
v 0.664611 1.0971 -0.212421
v 0.536429 1.19391 0.0711338
v 0.349108 1.17426 0.000113736
v 0.299074 1.17438 0.0385335
v 0.296278 1.17283 0.0431269
v 0.285358 1.17685 0.0602023
v 0.366148 1.21307 0.209044
v 0.140738 1.29212 0.275762
v 0.113312 1.34416 0.281303
v 0.670303 1.08933 -0.211169
v 0.654876 1.08725 -0.204286
v 0.690345 1.12983 -0.168587
v 0.423123 1.17625 -0.0154858
v 0.413566 1.16987 -0.0173291
v 0.388241 1.17362 -0.0124973
v 0.310335 1.17356 0.0255575
v 0.272572 1.18694 0.112868
v 0.27395 1.18892 0.128787
v 0.303701 1.18484 0.172364
v 0.482669 1.22026 0.185725
v 0.532134 1.20798 0.117672
v 0.105476 1.33973 0.280532
v 0.112929 1.33694 0.270725
v 0.630452 1.08493 -0.148081
v 0.652382 1.12371 -0.139738
v 0.683563 1.12298 -0.16001
v 0.699188 1.1349 -0.184094
v 0.674959 1.10235 -0.215266
v 0.465222 1.18188 -0.00749506
v 0.28332 1.18038 0.14483
v 0.375868 1.21686 0.2111
v 0.430964 1.22494 0.205692
v 0.514973 1.22071 0.159052
v 0.136341 1.26943 0.269945
v 0.0829307 1.29952 0.29469
v 0.706503 1.12814 -0.203749
v 0.532335 1.20185 0.0601797
v 0.514818 1.19079 0.0306838
v 0.502657 1.18235 0.0180145
v 0.497266 1.18393 0.00629765
v 0.443404 1.17756 -0.0138934
v 0.411018 1.18074 -0.0130609
v 0.358034 1.17705 -0.0039196
v 0.328648 1.17793 0.00777455
v 0.276052 1.18039 0.0792908
v 0.272292 1.18544 0.101904
v 0.31003 1.1915 0.180218
v 0.329924 1.20991 0.197045
v 0.526273 1.22192 0.145173
v 0.537543 1.20095 0.0824372
v 0.117566 1.24316 0.281374
v 0.0832488 1.28735 0.294582
v 0.634443 1.08055 -0.181204
v 0.638856 1.09894 -0.134038
v 0.647779 1.10753 -0.135666
v 0.67893 1.11571 -0.154076
v 0.676277 1.13345 -0.160631
v 0.682774 1.12307 -0.210592
v 0.457197 1.18014 -0.0104697
v 0.422936 1.18062 -0.014822
v 0.310558 1.17899 0.0194735
v 0.271605 1.19617 0.132278
v 0.297079 1.20128 0.172048
v 0.533423 1.2167 0.116291
v 0.137727 1.27898 0.268191
v 0.134224 1.26418 0.274875
v 0.106934 1.25025 0.294071
v 0.0832153 1.30779 0.291501
v 0.0907808 1.32691 0.285109
v 0.63981 1.07815 -0.176836
v 0.625093 1.08232 -0.155464
v 0.654767 1.11284 -0.139183
v 0.501774 1.19014 0.00933817
v 0.354336 1.18154 -0.00142304
v 0.284275 1.18266 0.0494374
v 0.275664 1.18455 0.0658862
v 0.279343 1.19498 0.145575
v 0.446825 1.22944 0.201436
v 0.531971 1.23237 0.133025
v 0.109751 1.24254 0.28657
v 0.085942 1.2773 0.295429
v 0.67711 1.13988 -0.167625
v 0.685497 1.1403 -0.185109
v 0.513309 1.19235 0.0268352
v 0.481566 1.18695 -0.000114194
v 0.370785 1.18014 -0.00631714
v 0.332836 1.1817 0.00604883
v 0.308143 1.18237 0.0208081
v 0.293428 1.1825 0.0341608
v 0.266414 1.19165 0.0971214
v 0.289094 1.20277 0.164047
v 0.119388 1.33333 0.265961
v 0.680381 1.14244 -0.179392
v 0.537675 1.20562 0.0729992
v 0.525991 1.19845 0.0480805
v 0.522342 1.19892 0.0403873
v 0.512888 1.19539 0.0208969
v 0.43495 1.18005 -0.0149307
v 0.283633 1.18627 0.0494581
v 0.509477 1.23411 0.169027
v 0.519267 1.23345 0.157333
v 0.539451 1.2137 0.0810751
v 0.135039 1.30142 0.259169
v 0.0893892 1.26686 0.294995
v 0.0912593 1.32418 0.27494
v 0.124874 1.31712 0.253311
v 0.630865 1.10549 -0.127839
v 0.522779 1.20384 0.0327098
v 0.494587 1.19628 0.00839975
v 0.442157 1.19398 -0.01627
v 0.402459 1.18597 -0.0110365
v 0.393511 1.18305 -0.00933134
v 0.318874 1.1879 0.0183073
v 0.274218 1.18772 0.0680327
v 0.269999 1.18798 0.0802446
v 0.478357 1.24152 0.187809
v 0.533887 1.22632 0.122698
v 0.538832 1.23208 0.106091
v 0.0802102 1.30345 0.279981
v 0.108563 1.32582 0.256196
v 0.125806 1.33279 0.268396
v 0.641051 1.09536 -0.203428
v 0.615119 1.08317 -0.155997
v 0.656361 1.13279 -0.14572
v 0.687923 1.12656 -0.208044
v 0.673659 1.11087 -0.21422
v 0.536791 1.21319 0.0657512
v 0.512696 1.19867 0.0199528
v 0.42513 1.19008 -0.01662
v 0.295927 1.1907 0.0387432
v 0.274916 1.20186 0.145237
v 0.316888 1.20841 0.18957
v 0.351215 1.22187 0.207191
v 0.470835 1.2371 0.191389
v 0.538379 1.2167 0.0955585
v 0.129592 1.25455 0.275557
v 0.123366 1.2423 0.273488
v 0.101258 1.2401 0.285641
v 0.093951 1.25006 0.288893
v 0.101778 1.32519 0.259194
v 0.636905 1.08442 -0.191635
v 0.621527 1.08171 -0.168885
v 0.615794 1.08693 -0.141314
v 0.653766 1.1397 -0.147625
v 0.68246 1.13286 -0.202484
v 0.657434 1.1074 -0.211539
v 0.47201 1.19121 -0.00528107
v 0.36927 1.18771 -0.0012686
v 0.338188 1.18795 0.00850208
v 0.286499 1.19361 0.0528204
v 0.276826 1.19294 0.068414
v 0.612576 1.09339 -0.130186
v 0.697303 1.13449 -0.194888
v 0.505111 1.20306 0.0163219
v 0.456419 1.19617 -0.0131406
v 0.338079 1.19211 0.0100745
v 0.30584 1.18888 0.0284299
v 0.267709 1.19843 0.0975463
v 0.270528 1.21062 0.143224
v 0.301433 1.21912 0.181992
v 0.37325 1.23719 0.214376
v 0.416508 1.23541 0.210642
v 0.457079 1.22304 0.197571
v 0.528311 1.23547 0.142579
v 0.130838 1.30754 0.253253
v 0.136707 1.28597 0.259974
v 0.0808674 1.27115 0.284864
v 0.081253 1.30779 0.269388
v 0.510264 1.20645 0.0208015
v 0.484484 1.19377 0.0017434
v 0.382815 1.19392 -0.00405502
v 0.426808 1.24479 0.208927
v 0.500868 1.23776 0.176165
v 0.528287 1.25208 0.145647
v 0.113138 1.32373 0.253428
v 0.116526 1.31474 0.245295
v 0.652889 1.11817 -0.209303
v 0.532047 1.21268 0.0510555
v 0.50003 1.20969 0.0100363
v 0.431726 1.20256 -0.0174079
v 0.30776 1.19795 0.0258022
v 0.273973 1.19797 0.0759752
v 0.266577 1.20188 0.126328
v 0.539958 1.22643 0.0915413
v 0.125776 1.23594 0.263024
v 0.116898 1.22653 0.265858
v 0.634402 1.09115 -0.197574
v 0.618758 1.08567 -0.178147
v 0.616133 1.09775 -0.126276
v 0.612174 1.10915 -0.119233
v 0.667082 1.12378 -0.209498
v 0.539609 1.22116 0.0739199
v 0.525097 1.20992 0.0351121
v 0.324131 1.19307 0.0161099
v 0.296399 1.19597 0.0380707
v 0.319955 1.22694 0.195268
v 0.436481 1.25252 0.206438
v 0.497113 1.26347 0.175239
v 0.0867544 1.23864 0.274212
v 0.0781473 1.28449 0.281831
v 0.0758216 1.29015 0.272508
v 0.638038 1.13035 -0.132909
v 0.670371 1.13184 -0.204915
v 0.461322 1.20657 -0.0121902
v 0.420292 1.19965 -0.0165904
v 0.368978 1.19815 -0.00044978
v 0.266414 1.20932 0.119221
v 0.280618 1.22371 0.161333
v 0.329665 1.24189 0.203205
v 0.352807 1.24012 0.211745
v 0.397513 1.24302 0.215487
v 0.456625 1.25119 0.197948
v 0.134582 1.26764 0.251471
v 0.131347 1.24502 0.259647
v 0.108026 1.22561 0.272459
v 0.0944798 1.32123 0.260607
v 0.595705 1.0932 -0.13196
v 0.642273 1.10735 -0.207239
v 0.536399 1.22264 0.0575686
v 0.51508 1.21367 0.0245274
v 0.335109 1.19587 0.0113606
v 0.267757 1.2033 0.0961021
v 0.268061 1.21498 0.137461
v 0.383046 1.23602 0.214727
v 0.478291 1.26274 0.185973
v 0.531807 1.24648 0.137139
v 0.120669 1.22465 0.25727
v 0.0911981 1.22777 0.270325
v 0.0739615 1.26366 0.268414
v 0.0880096 1.31564 0.262107
v 0.603454 1.08661 -0.160532
v 0.627284 1.11533 -0.124601
v 0.673842 1.14146 -0.193242
v 0.492103 1.20889 0.00378242
v 0.385359 1.20517 -0.00814946
v 0.443403 1.2576 0.203979
v 0.132227 1.28807 0.247974
v 0.133922 1.25342 0.254286
v 0.604367 1.08901 -0.170095
v 0.669831 1.14626 -0.184036
v 0.527737 1.22109 0.0414494
v 0.478076 1.20697 -0.00450919
v 0.44366 1.20536 -0.0168478
v 0.423439 1.21007 -0.0185761
v 0.403549 1.1984 -0.012536
v 0.355088 1.19377 0.00487942
v 0.288535 1.20253 0.0439993
v 0.278076 1.20343 0.061131
v 0.269624 1.20702 0.0800488
v 0.410496 1.24742 0.213917
v 0.0759744 1.23361 0.258602
v 0.0730137 1.28827 0.263077
v 0.095922 1.31558 0.245593
v 0.122313 1.30702 0.244323
v 0.599127 1.08848 -0.142687
v 0.633541 1.12 -0.127962
v 0.658793 1.14304 -0.154168
v 0.540998 1.22922 0.0710838
v 0.515704 1.22043 0.0184187
v 0.492838 1.21579 -0.00114694
v 0.296835 1.20294 0.0349602
v 0.505975 1.26205 0.169698
v 0.513378 1.25649 0.164659
v 0.523571 1.25724 0.15279
v 0.535405 1.24267 0.126389
v 0.129832 1.24016 0.250166
v 0.101241 1.21899 0.267008
v 0.0875692 1.22129 0.261856
v 0.0837284 1.30595 0.239723
v 0.108016 1.31605 0.243305
v 0.629555 1.10175 -0.200384
v 0.608771 1.09232 -0.180181
v 0.593956 1.10126 -0.12066
v 0.591614 1.11483 -0.11138
v 0.655702 1.14885 -0.189085
v 0.65612 1.14373 -0.195742
v 0.533842 1.22667 0.0520563
v 0.478671 1.21461 -0.00899303
v 0.325911 1.20916 0.0133858
v 0.26343 1.22366 0.123179
v 0.274829 1.21506 0.151811
v 0.0735436 1.29366 0.246335
v 0.0823894 1.30788 0.253362
v 0.599237 1.08751 -0.148863
v 0.657301 1.14897 -0.160513
v 0.665061 1.14777 -0.169555
v 0.539743 1.23378 0.0649924
v 0.525815 1.22476 0.0323881
v 0.503605 1.21711 0.00669652
v 0.403798 1.20885 -0.0145442
v 0.356421 1.20611 0.00194425
v 0.265756 1.22425 0.13656
v 0.291971 1.21816 0.172815
v 0.369799 1.25136 0.216678
v 0.447093 1.27656 0.201438
v 0.489998 1.26782 0.17882
v 0.519575 1.27105 0.156194
v 0.131034 1.25561 0.244608
v 0.10765 1.21604 0.260742
v 0.0762062 1.25258 0.268829
v 0.07174 1.2779 0.263316
v 0.0757253 1.29682 0.261798
v 0.603547 1.10125 -0.184381
v 0.596355 1.10669 -0.116383
v 0.662046 1.15054 -0.176717
v 0.541698 1.23933 0.0779047
v 0.445093 1.21297 -0.0189883
v 0.314335 1.20128 0.020603
v 0.273574 1.21088 0.0672733
v 0.371786 1.27012 0.220809
v 0.420101 1.26072 0.213342
v 0.130007 1.26762 0.242459
v 0.0806978 1.24692 0.272429
v 0.588073 1.09385 -0.13524
v 0.574202 1.10068 -0.125919
v 0.579007 1.10921 -0.113074
v 0.60486 1.12494 -0.114766
v 0.613013 1.13178 -0.11996
v 0.641765 1.15272 -0.149391
v 0.647869 1.1559 -0.179854
v 0.264379 1.21491 0.105355
v 0.386294 1.25854 0.219247
v 0.45692 1.27757 0.19601
v 0.468703 1.25623 0.191889
v 0.484564 1.28053 0.178832
v 0.541136 1.24455 0.10699
v 0.54194 1.24257 0.0983262
v 0.0991635 1.21142 0.255894
v 0.0944787 1.30994 0.235423
v 0.619394 1.11488 -0.198936
v 0.611067 1.10835 -0.192956
v 0.636656 1.14247 -0.137844
v 0.638678 1.16209 -0.1645
v 0.650271 1.13667 -0.201859
v 0.539867 1.24098 0.0588105
v 0.531083 1.23527 0.0427609
v 0.515155 1.2293 0.0210876
v 0.474182 1.22228 -0.0106175
v 0.463763 1.21446 -0.0146518
v 0.263452 1.21974 0.0981703
v 0.268006 1.23401 0.146203
v 0.338605 1.24036 0.206769
v 0.400707 1.26979 0.219656
v 0.4735 1.27554 0.186508
v 0.535717 1.26171 0.131606
v 0.540519 1.25983 0.117704
v 0.0695455 1.24683 0.255848
v 0.0677843 1.2714 0.252699
v 0.524538 1.23591 0.0327377
v 0.506021 1.22612 0.0110862
v 0.424917 1.21958 -0.0190989
v 0.366579 1.21116 -0.00203512
v 0.284222 1.21274 0.0503472
v 0.265659 1.22476 0.079528
v 0.319447 1.24392 0.198685
v 0.439632 1.28089 0.205619
v 0.121363 1.27034 0.230588
v 0.130434 1.24579 0.246604
v 0.127297 1.23372 0.253306
v 0.0698313 1.26197 0.259533
v 0.577456 1.10324 -0.168988
v 0.646878 1.12898 -0.205034
v 0.628874 1.12727 -0.201709
v 0.498502 1.22421 0.00444449
v 0.44794 1.22055 -0.0180603
v 0.295822 1.21594 0.0357605
v 0.281208 1.22316 0.050638
v 0.290131 1.2441 0.17522
v 0.298363 1.23674 0.18201
v 0.338108 1.26038 0.210488
v 0.532441 1.26654 0.139065
v 0.0927739 1.21444 0.258437
v 0.112983 1.29964 0.231639
v 0.114208 1.29309 0.228249
v 0.122574 1.2938 0.237473
v 0.59605 1.09688 -0.174882
v 0.578376 1.09586 -0.142032
v 0.59467 1.12088 -0.110582
v 0.608759 1.14011 -0.120686
v 0.637626 1.14588 -0.196064
v 0.613105 1.13149 -0.1966
v 0.510994 1.23314 0.00955672
v 0.502684 1.23085 0.00124523
v 0.488161 1.22296 -0.00318417
v 0.409663 1.21868 -0.0163724
v 0.375488 1.21836 -0.00509888
v 0.345777 1.21488 0.00566599
v 0.271673 1.24263 0.153199
v 0.35773 1.26605 0.217808
v 0.409174 1.26524 0.217036
v 0.428467 1.27562 0.211051
v 0.543135 1.25334 0.0968683
v 0.0767044 1.29842 0.240215
v 0.570033 1.09958 -0.134111
v 0.590483 1.13379 -0.108606
v 0.617928 1.15313 -0.133669
v 0.645913 1.15698 -0.160431
v 0.630499 1.14377 -0.197351
v 0.542992 1.24553 0.0673951
v 0.52061 1.2367 0.0227412
v 0.457 1.22686 -0.0201826
v 0.263097 1.22547 0.0892543
v 0.498978 1.27946 0.170426
v 0.119263 1.27965 0.229062
v 0.115575 1.21809 0.25389
v 0.58524 1.09611 -0.16301
v 0.583275 1.09506 -0.156865
v 0.578664 1.11596 -0.108618
v 0.578716 1.12354 -0.10585
v 0.532387 1.24514 0.0461246
v 0.494743 1.22926 -0.00539926
v 0.384415 1.27538 0.222012
v 0.463991 1.28453 0.190748
v 0.51394 1.27735 0.160352
v 0.123522 1.24565 0.234089
v 0.118753 1.21923 0.240972
v 0.106237 1.20983 0.248357
v 0.0657909 1.24919 0.247451
v 0.5829 1.09422 -0.151597
v 0.634191 1.164 -0.170633
v 0.619205 1.14116 -0.196551
v 0.541646 1.25284 0.0658772
v 0.477475 1.22855 -0.0157916
v 0.444601 1.22415 -0.0191602
v 0.325916 1.22125 0.0132563
v 0.271885 1.22611 0.063857
v 0.259975 1.23179 0.100193
v 0.45166 1.29292 0.197417
v 0.123659 1.2325 0.238132
v 0.0794438 1.21327 0.246264
v 0.0975445 1.29996 0.223622
v 0.103808 1.30625 0.231531
v 0.570642 1.10667 -0.116428
v 0.605349 1.12511 -0.19397
v 0.54456 1.25041 0.0790631
v 0.526345 1.24519 0.0295365
v 0.421553 1.22516 -0.019817
v 0.402385 1.22417 -0.0153347
v 0.314398 1.22283 0.0196218
v 0.526645 1.27219 0.148452
v 0.542354 1.26367 0.108457
v 0.114634 1.21325 0.233357
v 0.0821312 1.22798 0.262093
v 0.592347 1.11869 -0.186983
v 0.595758 1.10798 -0.184142
v 0.55724 1.10449 -0.146085
v 0.595496 1.14134 -0.113059
v 0.604802 1.15663 -0.127298
v 0.615976 1.16385 -0.140985
v 0.62666 1.16568 -0.1743
v 0.539945 1.25514 0.0596123
v 0.512164 1.24041 0.0131422
v 0.466849 1.23006 -0.0196729
v 0.441368 1.22953 -0.0246993
v 0.327836 1.23219 0.0114437
v 0.303044 1.22229 0.0278735
v 0.278024 1.23251 0.054144
v 0.259878 1.24333 0.126795
v 0.518493 1.28063 0.156073
v 0.535404 1.27477 0.135207
v 0.123051 1.25656 0.232854
v 0.089939 1.20356 0.242103
v 0.0664209 1.26954 0.244316
v 0.081102 1.29873 0.229998
v 0.114124 1.28447 0.224038
v 0.581063 1.13492 -0.104464
v 0.585336 1.14397 -0.106458
v 0.603457 1.15105 -0.123093
v 0.625982 1.16501 -0.151237
v 0.627374 1.16797 -0.16683
v 0.546117 1.26956 0.095046
v 0.488337 1.23562 -0.00560672
v 0.474852 1.23562 -0.01246
v 0.370437 1.22366 -0.00420983
v 0.291784 1.26002 0.179278
v 0.422129 1.28475 0.214596
v 0.540859 1.27574 0.123298
v 0.546161 1.27418 0.102074
v 0.0822018 1.19646 0.228021
v 0.0689369 1.28234 0.246145
v 0.0906684 1.29956 0.223934
v 0.102392 1.29014 0.216178
v 0.499392 1.23779 0.00197881
v 0.449683 1.23132 -0.0242702
v 0.417024 1.23148 -0.0245115
v 0.396459 1.23373 -0.0205051
v 0.340339 1.23576 0.0046122
v 0.311414 1.24903 0.194717
v 0.413789 1.28646 0.218063
v 0.45869 1.29739 0.191848
v 0.501955 1.28647 0.166943
v 0.119465 1.24379 0.227306
v 0.0652894 1.23264 0.24176
v 0.576819 1.11028 -0.175409
v 0.593923 1.15437 -0.114729
v 0.506064 1.24949 0.00519932
v 0.383039 1.22832 -0.0111596
v 0.292933 1.22796 0.0361685
v 0.317129 1.27596 0.201209
v 0.475564 1.29188 0.18188
v 0.524876 1.28706 0.150073
v 0.538217 1.2863 0.133191
v 0.118887 1.22166 0.230439
v 0.106296 1.20525 0.234722
v 0.0951858 1.20282 0.240834
v 0.0825645 1.20753 0.242907
v 0.0660293 1.26847 0.23309
v 0.111862 1.27005 0.218671
v 0.552781 1.10936 -0.154993
v 0.560327 1.12689 -0.100269
v 0.632449 1.1541 -0.188902
v 0.542156 1.26243 0.0651107
v 0.458408 1.23686 -0.0177951
v 0.288221 1.23623 0.0415132
v 0.331992 1.2801 0.210577
v 0.401702 1.28857 0.222202
v 0.545385 1.27586 0.10841
v 0.0704198 1.21268 0.235788
v 0.0629373 1.24101 0.237444
v 0.0736322 1.28999 0.23265
v 0.548959 1.10834 -0.148593
v 0.554332 1.10486 -0.134049
v 0.562468 1.11062 -0.113333
v 0.612656 1.15215 -0.190569
v 0.544697 1.27386 0.0851778
v 0.54107 1.26274 0.0566293
v 0.53529 1.25932 0.0440441
v 0.429272 1.23353 -0.0257811
v 0.381763 1.28622 0.223199
v 0.486392 1.29859 0.173976
v 0.532541 1.28836 0.141401
v 0.0973412 1.19395 0.220665
v 0.11169 1.28077 0.219551
v 0.578129 1.15055 -0.100882
v 0.60337 1.14545 -0.191038
v 0.593047 1.13549 -0.188661
v 0.495036 1.2425 -0.0029184
v 0.482856 1.24181 -0.0101884
v 0.411508 1.23628 -0.0241467
v 0.259572 1.23366 0.109886
v 0.354492 1.28117 0.218918
v 0.426538 1.30041 0.212805
v 0.513344 1.2921 0.158611
v 0.120483 1.23075 0.22884
v 0.0653632 1.22035 0.234548
v 0.552401 1.10796 -0.12349
v 0.568653 1.14072 -0.0986215
v 0.584608 1.16597 -0.104112
v 0.602052 1.16628 -0.13124
v 0.631151 1.1606 -0.181073
v 0.611489 1.16727 -0.178242
v 0.465126 1.24261 -0.0167937
v 0.440558 1.23949 -0.0204634
v 0.379303 1.23663 -0.0158713
v 0.360489 1.23217 -0.00336601
v 0.304107 1.23512 0.0258145
v 0.259736 1.25491 0.131268
v 0.368855 1.29614 0.223837
v 0.440059 1.30208 0.204354
v 0.50031 1.29815 0.165702
v 0.540614 1.29376 0.131212
v 0.0714289 1.20437 0.228354
v 0.108189 1.28691 0.218411
v 0.594667 1.16503 -0.120249
v 0.611625 1.17312 -0.146975
v 0.518338 1.25153 0.0185841
v 0.415678 1.24319 -0.0203954
v 0.278677 1.24364 0.051488
v 0.260406 1.24135 0.0863742
v 0.255847 1.25412 0.104551
v 0.414277 1.30335 0.218757
v 0.469371 1.30362 0.183691
v 0.476853 1.30945 0.177701
v 0.54678 1.2868 0.110302
v 0.115151 1.25608 0.222392
v 0.118281 1.24415 0.223229
v 0.121325 1.23669 0.219848
v 0.0629934 1.25202 0.231761
v 0.0852717 1.28975 0.216021
v 0.56918 1.12226 -0.175782
v 0.542466 1.10723 -0.130569
v 0.5573 1.12231 -0.102031
v 0.563446 1.13584 -0.0981959
v 0.588334 1.17576 -0.108662
v 0.543583 1.27232 0.0668729
v 0.530746 1.26022 0.0360692
v 0.298243 1.24409 0.0304569
v 0.257037 1.25048 0.11299
v 0.291234 1.27052 0.180588
v 0.457729 1.31158 0.190562
v 0.525875 1.29769 0.149089
v 0.117909 1.24707 0.220312
v 0.0893874 1.19384 0.224816
v 0.0612999 1.23031 0.229301
v 0.061832 1.24116 0.222571
v 0.0698751 1.27806 0.227864
v 0.564682 1.11304 -0.169978
v 0.541722 1.11026 -0.122787
v 0.572897 1.15928 -0.0959011
v 0.58112 1.18073 -0.0946331
v 0.589026 1.12739 -0.186769
v 0.546772 1.28414 0.101482
v 0.539213 1.26551 0.0505537
v 0.450501 1.2431 -0.019964
v 0.377995 1.24244 -0.0164639
v 0.264103 1.257 0.14603
v 0.107635 1.26622 0.214565
v 0.121264 1.22296 0.217048
v 0.0742344 1.28149 0.21992
v 0.0974545 1.27765 0.207497
v 0.554896 1.14071 -0.0932111
v 0.592321 1.17401 -0.122476
v 0.608653 1.17449 -0.168508
v 0.606307 1.16498 -0.181313
v 0.49462 1.24913 -0.00362185
v 0.476952 1.24913 -0.0122723
v 0.269703 1.24503 0.0642776
v 0.259695 1.26753 0.1423
v 0.310013 1.28233 0.19766
v 0.399317 1.30264 0.223012
v 0.427264 1.30991 0.211983
v 0.500731 1.30909 0.163864
v 0.54497 1.28932 0.120213
v 0.114065 1.25408 0.219036
v 0.117487 1.21404 0.21727
v 0.0838269 1.18785 0.216032
v 0.0770884 1.28217 0.216103
v 0.0923053 1.28965 0.213049
v 0.104728 1.27464 0.21218
v 0.535265 1.27186 0.0387485
v 0.525897 1.26793 0.0221616
v 0.392147 1.25065 -0.0167415
v 0.359497 1.24297 -0.00893223
v 0.340111 1.29346 0.21536
v 0.104849 1.19709 0.217433
v 0.0756676 1.19222 0.219823
v 0.0625015 1.22102 0.228798
v 0.59781 1.18182 -0.145254
v 0.607467 1.17801 -0.15851
v 0.551216 1.11919 -0.163104
v 0.539768 1.10919 -0.139991
v 0.5631 1.15169 -0.0931575
v 0.547428 1.12134 -0.102168
v 0.597519 1.17812 -0.13739
v 0.617605 1.17301 -0.156666
v 0.543133 1.27107 0.0596925
v 0.505831 1.25778 0.000194601
v 0.425007 1.24603 -0.0206187
v 0.387446 1.2461 -0.0175694
v 0.312733 1.24167 0.0187258
v 0.269104 1.25486 0.0570628
v 0.263984 1.24351 0.0750159
v 0.256794 1.25418 0.0894249
v 0.355482 1.29395 0.221081
v 0.516626 1.30254 0.15556
v 0.528893 1.31535 0.146973
v 0.534536 1.29785 0.140418
v 0.111524 1.20278 0.21511
v 0.0837126 1.2862 0.212365
v 0.537791 1.11435 -0.145195
v 0.534115 1.11052 -0.128796
v 0.568095 1.17055 -0.0897975
v 0.581014 1.19012 -0.0934706
v 0.592413 1.15545 -0.184091
v 0.517103 1.2592 0.0119339
v 0.456579 1.25009 -0.0187304
v 0.3217 1.23985 0.0132453
v 0.294931 1.25154 0.0317307
v 0.276903 1.2488 0.0519288
v 0.382706 1.30273 0.224509
v 0.538975 1.30456 0.137004
v 0.55005 1.29505 0.107145
v 0.124961 1.23484 0.215796
v 0.117868 1.20939 0.208541
v 0.108633 1.19459 0.206546
v 0.0965632 1.18712 0.210261
v 0.0673883 1.19758 0.216899
v 0.0643472 1.25493 0.219742
v 0.068042 1.26354 0.215661
v 0.0716376 1.26588 0.207402
v 0.121774 1.24983 0.218971
v 0.552961 1.12617 -0.166116
v 0.539138 1.1247 -0.103814
v 0.546497 1.13655 -0.092614
v 0.552644 1.14898 -0.0879705
v 0.586132 1.20183 -0.0994891
v 0.586835 1.1929 -0.10438
v 0.261236 1.26056 0.0671378
v 0.253808 1.26553 0.115146
v 0.443067 1.31572 0.200795
v 0.0840794 1.18553 0.207235
v 0.0746135 1.18767 0.212155
v 0.0612303 1.21624 0.21473
v 0.101617 1.27098 0.209069
v 0.116689 1.25626 0.217709
v 0.529872 1.1185 -0.137534
v 0.533333 1.11382 -0.123665
v 0.577144 1.19168 -0.0887503
v 0.592311 1.18572 -0.145881
v 0.594094 1.17881 -0.16452
v 0.59504 1.16301 -0.18118
v 0.569293 1.13562 -0.176905
v 0.550584 1.29471 0.0867826
v 0.546814 1.28173 0.073044
v 0.54409 1.27734 0.0539516
v 0.127604 1.2541 0.219765
v 0.0939939 1.28464 0.208912
v 0.548016 1.28824 0.0985819
v 0.462505 1.25353 -0.0189965
v 0.442182 1.25364 -0.0215098
v 0.363184 1.25547 -0.0109626
v 0.339661 1.24953 -0.000323584
v 0.259227 1.28586 0.142953
v 0.374161 1.31625 0.223979
v 0.128785 1.23716 0.212976
v 0.0659983 1.19746 0.208987
v 0.0626024 1.20822 0.214151
v 0.0625743 1.23309 0.212277
v 0.588956 1.18722 -0.122301
v 0.590812 1.18506 -0.133681
v 0.545849 1.15166 -0.0833506
v 0.551148 1.13969 -0.164645
v 0.533561 1.13282 -0.100274
v 0.55824 1.16384 -0.0856377
v 0.579619 1.1515 -0.180426
v 0.491132 1.26052 -0.0124903
v 0.344366 1.31438 0.217309
v 0.511355 1.3149 0.157514
v 0.549498 1.3005 0.116491
v 0.128931 1.2285 0.208308
v 0.11923 1.20562 0.201895
v 0.0617032 1.2206 0.209816
v 0.0642831 1.24678 0.209064
v 0.124192 1.26262 0.220141
v 0.528467 1.11816 -0.130514
v 0.535339 1.16023 -0.0782797
v 0.56095 1.17945 -0.0819585
v 0.5677 1.14853 -0.175477
v 0.479631 1.25993 -0.0187515
v 0.25926 1.2549 0.0781519
v 0.388729 1.31704 0.22447
v 0.481947 1.32395 0.171893
v 0.500511 1.32085 0.162279
v 0.55196 1.30828 0.114577
v 0.554233 1.30741 0.103967
v 0.115022 1.19766 0.19696
v 0.0776929 1.18625 0.204735
v 0.0780986 1.27125 0.2032
v 0.0860373 1.28045 0.205487
v 0.105734 1.26669 0.21144
v 0.582079 1.21209 -0.0883154
v 0.58515 1.19376 -0.13508
v 0.58573 1.18904 -0.148215
v 0.594757 1.18281 -0.155427
v 0.548691 1.28938 0.0735112
v 0.506472 1.26557 -0.00210296
v 0.249785 1.27256 0.0979081
v 0.255373 1.27351 0.127723
v 0.304014 1.30387 0.198842
v 0.293884 1.28742 0.187343
v 0.398444 1.32553 0.222184
v 0.517027 1.32351 0.153042
v 0.547218 1.30749 0.125503
v 0.132193 1.25895 0.21872
v 0.131219 1.21957 0.200343
v 0.0651254 1.20491 0.201899
v 0.111735 1.26439 0.214376
v 0.124281 1.27472 0.220621
v 0.550878 1.29894 0.0796063
v 0.518017 1.26886 0.00960174
v 0.446366 1.25781 -0.0233124
v 0.414099 1.25184 -0.0197682
v 0.393123 1.25548 -0.0166179
v 0.306222 1.25542 0.0198863
v 0.522761 1.31872 0.150808
v 0.0715415 1.19058 0.202614
v 0.0678328 1.25459 0.204136
v 0.0957193 1.2744 0.205097
v 0.100574 1.27135 0.207153
v 0.115522 1.26805 0.216826
v 0.586977 1.19989 -0.11041
v 0.579079 1.18776 -0.153973
v 0.529075 1.12902 -0.112499
v 0.538134 1.14117 -0.0903974
v 0.549129 1.17562 -0.0734568
v 0.557971 1.19739 -0.0727492
v 0.533259 1.12262 -0.144695
v 0.579425 1.22345 -0.0815551
v 0.586166 1.19726 -0.118596
v 0.548501 1.29558 0.0681789
v 0.391927 1.26214 -0.0175178
v 0.353166 1.25637 -0.00807262
v 0.283944 1.25489 0.0409328
v 0.271139 1.26316 0.0491525
v 0.254614 1.26973 0.0712102
v 0.53446 1.31237 0.142402
v 0.542846 1.31426 0.133137
v 0.107127 1.19172 0.196822
v 0.0951599 1.18757 0.199233
v 0.0656183 1.21501 0.196483
v 0.105373 1.27481 0.209441
v 0.54464 1.28982 0.0545281
v 0.538955 1.28171 0.0428463
v 0.515161 1.27376 0.00289299
v 0.505825 1.2705 -0.00607392
v 0.495903 1.26753 -0.0135176
v 0.463894 1.26241 -0.0248613
v 0.425045 1.25742 -0.02235
v 0.410635 1.25971 -0.0210076
v 0.354738 1.26277 -0.00860855
v 0.385366 1.33325 0.22178
v 0.406847 1.3239 0.2206
v 0.429865 1.33099 0.208715
v 0.451483 1.32645 0.192442
v 0.0898608 1.19154 0.190872
v 0.0739036 1.20418 0.18818
v 0.0864444 1.27227 0.200473
v 0.135433 1.26167 0.217815
v 0.585 1.22372 -0.0925258
v 0.58332 1.17772 -0.166391
v 0.536851 1.1385 -0.152694
v 0.54426 1.18395 -0.0664751
v 0.546712 1.19334 -0.0634824
v 0.577809 1.20858 -0.0822164
v 0.538464 1.29264 0.0379343
v 0.534856 1.29179 0.0311526
v 0.523769 1.27946 0.0139071
v 0.30055 1.26686 0.0196656
v 0.274117 1.27345 0.0382171
v 0.260384 1.27094 0.0570201
v 0.291265 1.30245 0.185967
v 0.351263 1.32447 0.219364
v 0.363578 1.3222 0.22226
v 0.418958 1.32627 0.215666
v 0.452772 1.33812 0.188068
v 0.140262 1.26859 0.215773
v 0.0853415 1.19467 0.188396
v 0.0642367 1.22401 0.20092
v 0.0672913 1.23761 0.188966
v 0.0656759 1.24001 0.19873
v 0.0949377 1.27283 0.203517
v 0.133789 1.27711 0.219859
v 0.579176 1.19479 -0.145072
v 0.571427 1.18419 -0.159027
v 0.570537 1.17719 -0.164342
v 0.524516 1.14764 -0.0976525
v 0.541259 1.18124 -0.0668245
v 0.529318 1.14933 -0.0897385
v 0.537655 1.17609 -0.0688424
v 0.5506 1.19412 -0.0663965
v 0.564984 1.20402 -0.0765327
v 0.57167 1.21243 -0.0782731
v 0.58374 1.22909 -0.0906248
v 0.586013 1.21969 -0.103864
v 0.58318 1.20485 -0.126012
v 0.481553 1.26607 -0.0218598
v 0.362419 1.26671 -0.0101875
v 0.251238 1.27101 0.0845473
v 0.251318 1.27795 0.116911
v 0.528622 1.32643 0.145336
v 0.140631 1.24279 0.20434
v 0.130342 1.21014 0.193615
v 0.102205 1.19198 0.189415
v 0.525574 1.1379 -0.132301
v 0.468768 1.2673 -0.0275167
v 0.446642 1.26459 -0.0284374
v 0.328978 1.26063 0.00280383
v 0.313232 1.25957 0.0128535
v 0.269645 1.30038 0.161978
v 0.327114 1.30833 0.211107
v 0.434143 1.33608 0.204
v 0.482864 1.3323 0.168915
v 0.147883 1.23783 0.196622
v 0.121221 1.2001 0.1903
v 0.54024 1.15104 -0.156599
v 0.584666 1.2262 -0.107415
v 0.515227 1.2824 0.00439133
v 0.506654 1.2779 -0.00441205
v 0.401992 1.26841 -0.022154
v 0.34243 1.2601 -0.00417831
v 0.373779 1.33086 0.221972
v 0.400757 1.33497 0.219589
v 0.51637 1.33084 0.15111
v 0.550094 1.32029 0.119946
v 0.0864608 1.27024 0.197409
v 0.0981657 1.27641 0.203056
v 0.576747 1.22817 -0.0782386
v 0.581524 1.2403 -0.0831743
v 0.577528 1.20605 -0.135735
v 0.554535 1.30849 0.0905794
v 0.494566 1.27419 -0.0141115
v 0.481195 1.2734 -0.0221993
v 0.458193 1.26916 -0.0308962
v 0.251808 1.28571 0.114796
v 0.26168 1.30058 0.148126
v 0.278004 1.30481 0.171806
v 0.308609 1.32151 0.200347
v 0.417037 1.33844 0.213781
v 0.537771 1.32255 0.137806
v 0.55417 1.32008 0.108116
v 0.147419 1.22787 0.191004
v 0.11798 1.19872 0.184056
v 0.0707091 1.25091 0.190269
v 0.0747923 1.25801 0.190838
v 0.0793488 1.26462 0.195119
v 0.133066 1.29107 0.2193
v 0.521227 1.14814 -0.105947
v 0.548413 1.2236 -0.0510463
v 0.573479 1.19937 -0.145081
v 0.520442 1.28781 0.0105336
v 0.437484 1.27075 -0.0310825
v 0.338675 1.27679 -0.00533896
v 0.318196 1.27161 0.00494809
v 0.285467 1.2668 0.0325834
v 0.334593 1.33588 0.212615
v 0.462265 1.34148 0.179966
v 0.484462 1.33826 0.165873
v 0.148611 1.25779 0.204715
v 0.101871 1.19668 0.181141
v 0.0799976 1.1984 0.187776
v 0.0913504 1.27466 0.19582
v 0.110429 1.29026 0.209876
v 0.118139 1.28355 0.217094
v 0.141481 1.28675 0.218209
v 0.517203 1.15804 -0.114482
v 0.51617 1.16153 -0.105777
v 0.531542 1.17691 -0.0694985
v 0.552623 1.21607 -0.0592424
v 0.562903 1.23362 -0.0622632
v 0.566603 1.23145 -0.0690539
v 0.581931 1.24692 -0.0888189
v 0.567989 1.16057 -0.172451
v 0.424082 1.26721 -0.0270456
v 0.252447 1.28108 0.0742329
v 0.352486 1.33818 0.217817
v 0.555876 1.3169 0.0946595
v 0.148795 1.28068 0.213478
v 0.14026 1.21585 0.184687
v 0.110871 1.19623 0.183645
v 0.0690764 1.21242 0.189552
v 0.0685797 1.22745 0.184459
v 0.126908 1.2925 0.218014
v 0.52634 1.13049 -0.120907
v 0.541577 1.22416 -0.0465406
v 0.54561 1.22039 -0.0502863
v 0.58273 1.23295 -0.10765
v 0.580848 1.22119 -0.120498
v 0.567437 1.17139 -0.167066
v 0.250073 1.28218 0.102155
v 0.25486 1.2904 0.127354
v 0.515412 1.33925 0.148479
v 0.157334 1.26707 0.202397
v 0.131477 1.21117 0.171668
v 0.520982 1.16381 -0.0881379
v 0.572499 1.23007 -0.124768
v 0.546217 1.16945 -0.158197
v 0.550859 1.30913 0.0678963
v 0.537748 1.30318 0.0328224
v 0.491828 1.28256 -0.0210795
v 0.258374 1.2804 0.0576724
v 0.423877 1.34412 0.208041
v 0.431485 1.34766 0.200891
v 0.449192 1.34533 0.187816
v 0.539275 1.33185 0.133081
v 0.545523 1.32659 0.126523
v 0.551032 1.33106 0.11306
v 0.0940754 1.20834 0.170411
v 0.0879815 1.2713 0.189139
v 0.533228 1.15986 -0.150817
v 0.529077 1.15075 -0.1441
v 0.516438 1.16704 -0.0949645
v 0.526149 1.17158 -0.0758292
v 0.533451 1.20038 -0.0568671
v 0.577909 1.23243 -0.117703
v 0.562972 1.19557 -0.149952
v 0.548448 1.18072 -0.154917
v 0.505056 1.28195 -0.00990665
v 0.335857 1.27095 -0.00350825
v 0.300941 1.28614 0.010897
v 0.528299 1.3331 0.143307
v 0.145423 1.29765 0.217547
v 0.163205 1.283 0.203901
v 0.15865 1.251 0.195544
v 0.139884 1.21542 0.175291
v 0.102374 1.20602 0.170134
v 0.536691 1.21864 -0.047865
v 0.551189 1.23718 -0.0473532
v 0.575684 1.24796 -0.0720186
v 0.533258 1.17067 -0.150534
v 0.385351 1.28141 -0.0208
v 0.290658 1.27926 0.0215148
v 0.246518 1.29729 0.0930905
v 0.377269 1.3496 0.216795
v 0.48266 1.34573 0.164004
v 0.55536 1.32782 0.0986911
v 0.170602 1.25607 0.188975
v 0.160715 1.24248 0.189057
v 0.150445 1.22519 0.176811
v 0.117142 1.20466 0.17289
v 0.0724523 1.22247 0.178381
v 0.0711543 1.23067 0.17907
v 0.120295 1.29634 0.214044
v 0.569828 1.24896 -0.0636433
v 0.537898 1.23984 -0.0369912
v 0.554234 1.19125 -0.150945
v 0.446262 1.27402 -0.0338908
v 0.359709 1.27601 -0.0112246
v 0.250278 1.27924 0.0899865
v 0.27273 1.31456 0.164928
v 0.303667 1.32499 0.195706
v 0.344149 1.33407 0.216486
v 0.40266 1.34607 0.215361
v 0.555654 1.32055 0.0760514
v 0.110655 1.20728 0.168308
v 0.0764319 1.21573 0.176379
v 0.0737492 1.22811 0.173643
v 0.0978518 1.28211 0.19919
v 0.522884 1.15812 -0.135717
v 0.523234 1.19669 -0.0623405
v 0.543316 1.30676 0.0432756
v 0.532793 1.3057 0.0214744
v 0.467442 1.27502 -0.0287789
v 0.413984 1.28221 -0.0300961
v 0.376333 1.28015 -0.017675
v 0.42928 1.35754 0.196519
v 0.446347 1.35111 0.187175
v 0.48745 1.35044 0.158667
v 0.174262 1.27098 0.193462
v 0.173446 1.25324 0.183003
v 0.160027 1.23671 0.182292
v 0.0722204 1.24148 0.178767
v 0.124947 1.30825 0.209769
v 0.539736 1.18309 -0.149039
v 0.4561 1.27798 -0.0331634
v 0.441949 1.28157 -0.0364528
v 0.253987 1.28736 0.0634974
v 0.256776 1.30177 0.135273
v 0.362429 1.34593 0.217228
v 0.456959 1.3516 0.178909
v 0.555894 1.33062 0.0899145
v 0.156089 1.30003 0.213277
v 0.0720894 1.24919 0.182157
v 0.0838785 1.2623 0.179725
v 0.137899 1.30783 0.215586
v 0.577412 1.26171 -0.07234
v 0.568338 1.207 -0.141842
v 0.52806 1.16905 -0.145333
v 0.549346 1.24584 -0.041532
v 0.519511 1.15663 -0.125726
v 0.514718 1.18359 -0.082222
v 0.549765 1.31807 0.054847
v 0.478405 1.28437 -0.0286099
v 0.393371 1.28459 -0.0235969
v 0.291222 1.33244 0.182365
v 0.541064 1.3401 0.126032
v 0.555413 1.32715 0.0683742
v 0.553059 1.32147 0.0609656
v 0.0744544 1.2323 0.172502
v 0.0796402 1.24685 0.172974
v 0.08585 1.26773 0.184989
v 0.0979454 1.28622 0.191375
v 0.152026 1.30961 0.214844
v 0.166409 1.24111 0.171398
v 0.0815545 1.21087 0.174976
v 0.0908861 1.22486 0.162752
v 0.568444 1.25932 -0.0558862
v 0.572494 1.26149 -0.0635929
v 0.560007 1.23261 -0.12831
v 0.552179 1.20393 -0.142999
v 0.409995 1.27864 -0.0272946
v 0.285321 1.2912 0.0186903
v 0.265226 1.27722 0.0462275
v 0.260293 1.28987 0.0496628
v 0.337259 1.34899 0.211336
v 0.411233 1.35237 0.210296
v 0.489898 1.35377 0.155035
v 0.520918 1.34495 0.142796
v 0.529872 1.34198 0.138072
v 0.168861 1.29717 0.204482
v 0.144124 1.22124 0.169113
v 0.0848765 1.25753 0.173232
v 0.106031 1.29725 0.19581
v 0.575822 1.25599 -0.099773
v 0.544055 1.19987 -0.142224
v 0.533228 1.18758 -0.14171
v 0.518549 1.17357 -0.129059
v 0.511839 1.17764 -0.0984505
v 0.526701 1.21179 -0.0522657
v 0.54356 1.24542 -0.0371382
v 0.553369 1.25928 -0.0376053
v 0.517208 1.29507 0.00179046
v 0.510197 1.29072 -0.00699498
v 0.341755 1.28844 -0.00818569
v 0.312814 1.28924 0.00263799
v 0.245965 1.30163 0.101124
v 0.251918 1.30282 0.124253
v 0.264159 1.31598 0.153169
v 0.301511 1.33413 0.192537
v 0.329638 1.34788 0.208211
v 0.446755 1.35831 0.182349
v 0.467413 1.35569 0.168829
v 0.512536 1.34702 0.146367
v 0.180706 1.28786 0.195699
v 0.188182 1.27904 0.185918
v 0.157121 1.23402 0.16427
v 0.131672 1.21664 0.163639
v 0.0789127 1.23446 0.169808
v 0.569975 1.27445 -0.0587501
v 0.578759 1.2604 -0.0871814
v 0.513311 1.17168 -0.111043
v 0.517491 1.19578 -0.0679507
v 0.532826 1.23324 -0.0394101
v 0.273228 1.28528 0.0328135
v 0.251358 1.29579 0.0604554
v 0.248009 1.30104 0.111837
v 0.54003 1.34732 0.122031
v 0.17972 1.30864 0.200272
v 0.100239 1.22006 0.160686
v 0.0893749 1.26803 0.175723
v 0.107814 1.30075 0.187486
v 0.575801 1.27201 -0.0706474
v 0.575267 1.26936 -0.088118
v 0.566017 1.23608 -0.124604
v 0.540059 1.21159 -0.134908
v 0.5182 1.18649 -0.126319
v 0.511106 1.18927 -0.0869259
v 0.519826 1.22124 -0.0501886
v 0.52847 1.23053 -0.0411604
v 0.485013 1.2848 -0.026319
v 0.46019 1.29119 -0.0371326
v 0.320594 1.29578 -0.00258454
v 0.247696 1.29474 0.082659
v 0.319385 1.35798 0.199831
v 0.529439 1.34949 0.13314
v 0.194327 1.2747 0.17468
v 0.0856932 1.23308 0.164687
v 0.111199 1.29935 0.20468
v 0.556476 1.21243 -0.13937
v 0.522366 1.19371 -0.130204
v 0.541506 1.31649 0.0322657
v 0.43128 1.28411 -0.0374963
v 0.24796 1.315 0.121537
v 0.2568 1.31653 0.141089
v 0.273856 1.335 0.166944
v 0.280146 1.33026 0.172475
v 0.391531 1.35616 0.21311
v 0.401633 1.35934 0.209389
v 0.41908 1.35583 0.204595
v 0.480675 1.36323 0.153781
v 0.547025 1.34165 0.114105
v 0.551068 1.34131 0.104658
v 0.194868 1.28868 0.183755
v 0.177314 1.25272 0.162711
v 0.153979 1.23475 0.158831
v 0.164942 1.32123 0.210137
v 0.513679 1.30304 -0.00711464
v 0.50164 1.28791 -0.0153829
v 0.481547 1.29063 -0.0299919
v 0.417229 1.2939 -0.038626
v 0.286014 1.30878 0.00896939
v 0.246403 1.30332 0.0820224
v 0.304365 1.35596 0.191572
v 0.333047 1.35858 0.207103
v 0.37614 1.36246 0.211771
v 0.460655 1.3627 0.168534
v 0.502498 1.36187 0.141652
v 0.517241 1.3558 0.137498
v 0.527605 1.35761 0.127206
v 0.552869 1.34469 0.0897618
v 0.549716 1.32563 0.0474982
v 0.544357 1.3258 0.0309513
v 0.0924631 1.27631 0.181241
v 0.14149 1.32107 0.208774
v 0.171437 1.31615 0.207126
v 0.125369 1.22176 0.15713
v 0.0952057 1.23978 0.157619
v 0.570106 1.28239 -0.0616019
v 0.568953 1.24745 -0.114841
v 0.511318 1.20815 -0.0694163
v 0.536172 1.25669 -0.0303714
v 0.51343 1.18 -0.116309
v 0.368932 1.28858 -0.0168354
v 0.26181 1.32503 0.151492
v 0.356477 1.36272 0.211
v 0.389737 1.37243 0.204008
v 0.430581 1.36823 0.186889
v 0.441952 1.36667 0.179308
v 0.506686 1.3557 0.144167
v 0.556092 1.33708 0.0703443
v 0.191617 1.29877 0.188949
v 0.185605 1.2625 0.173045
v 0.137472 1.23892 0.148173
v 0.100499 1.22924 0.156833
v 0.146677 1.33154 0.202441
v 0.573129 1.28662 -0.0675324
v 0.574059 1.28192 -0.0762667
v 0.571138 1.258 -0.104027
v 0.532254 1.21125 -0.130393
v 0.503478 1.29648 -0.0165315
v 0.48471 1.3694 0.145319
v 0.554391 1.33764 0.055856
v 0.0958161 1.26672 0.163915
v 0.153939 1.3242 0.210772
v 0.195893 1.28157 0.17916
v 0.178035 1.25544 0.156184
v 0.560393 1.26148 -0.110732
v 0.50805 1.1988 -0.0928117
v 0.514907 1.22931 -0.0499879
v 0.528961 1.26846 -0.0277215
v 0.550404 1.27864 -0.0321969
v 0.510894 1.18389 -0.106212
v 0.521678 1.2355 -0.0404941
v 0.534733 1.31617 0.018256
v 0.448173 1.28767 -0.0379456
v 0.244199 1.3134 0.107998
v 0.346911 1.35689 0.211729
v 0.406082 1.36936 0.200814
v 0.42157 1.37698 0.184909
v 0.454156 1.36891 0.168159
v 0.205843 1.30138 0.174926
v 0.15721 1.24144 0.153301
v 0.14885 1.24234 0.148422
v 0.111088 1.2216 0.156807
v 0.0960527 1.25367 0.158369
v 0.100011 1.28445 0.172157
v 0.513319 1.20046 -0.115903
v 0.528573 1.25329 -0.0303711
v 0.540821 1.26314 -0.0306313
v 0.493484 1.28822 -0.0219408
v 0.431255 1.2982 -0.0432066
v 0.421719 1.30071 -0.0429556
v 0.273978 1.29894 0.0264857
v 0.265489 1.30185 0.0366675
v 0.255441 1.29756 0.0511164
v 0.258052 1.33349 0.151515
v 0.313111 1.36412 0.194825
v 0.3666 1.37623 0.205399
v 0.472767 1.36835 0.155041
v 0.539819 1.3543 0.114983
v 0.549034 1.3523 0.0973478
v 0.199663 1.27801 0.162144
v 0.18451 1.25999 0.16694
v 0.116123 1.23977 0.148465
v 0.102219 1.24339 0.152862
v 0.097243 1.2758 0.168457
v 0.0998371 1.28902 0.184137
v 0.568985 1.30041 -0.0539877
v 0.563528 1.27947 -0.0958077
v 0.550241 1.23883 -0.12518
v 0.506199 1.21596 -0.093007
v 0.513475 1.21712 -0.0596078
v 0.520287 1.25419 -0.032516
v 0.530924 1.27627 -0.0268502
v 0.539261 1.28189 -0.0284404
v 0.462196 1.29863 -0.042099
v 0.35048 1.30257 -0.0128881
v 0.334382 1.29983 -0.00771219
v 0.249832 1.30762 0.0626702
v 0.253525 1.32413 0.140392
v 0.297091 1.36183 0.18691
v 0.418117 1.36869 0.195175
v 0.442188 1.37357 0.172428
v 0.518401 1.36624 0.12573
v 0.555037 1.34956 0.0611401
v 0.551008 1.33662 0.0383247
v 0.113656 1.30837 0.178307
v 0.115443 1.31004 0.190633
v 0.122941 1.31479 0.198974
v 0.174298 1.34094 0.203777
v 0.522257 1.21869 -0.120996
v 0.510963 1.2397 -0.0491861
v 0.532363 1.31931 0.01014
v 0.507671 1.3053 -0.0154619
v 0.409918 1.29987 -0.0380576
v 0.298639 1.29825 0.00687902
v 0.244112 1.30892 0.0952137
v 0.344054 1.37736 0.203525
v 0.355523 1.37876 0.204173
v 0.475709 1.37507 0.145071
v 0.552728 1.35881 0.0694681
v 0.211621 1.30024 0.164217
v 0.129937 1.23925 0.147338
v 0.18971 1.34244 0.197821
v 0.533026 1.23176 -0.122638
v 0.519584 1.31166 -0.00325743
v 0.378753 1.29413 -0.0208301
v 0.254262 1.30334 0.0518312
v 0.275257 1.3477 0.169625
v 0.332379 1.36911 0.203427
v 0.389386 1.38113 0.197458
v 0.409672 1.38539 0.183494
v 0.198563 1.33827 0.189753
v 0.553466 1.25412 -0.11756
v 0.508238 1.20969 -0.0758947
v 0.514833 1.24408 -0.0414551
v 0.516456 1.25509 -0.0350692
v 0.475982 1.29889 -0.035378
v 0.396552 1.29882 -0.0293082
v 0.299458 1.37145 0.186457
v 0.537432 1.32584 0.0113375
v 0.571815 1.29597 -0.0663222
v 0.559449 1.27436 -0.103443
v 0.509672 1.20462 -0.106378
v 0.508046 1.22493 -0.100275
v 0.505114 1.23296 -0.0652857
v 0.518537 1.28451 -0.0274525
v 0.513632 1.31024 -0.0123298
v 0.445864 1.29977 -0.0428658
v 0.386783 1.29886 -0.0248368
v 0.376487 1.30636 -0.0224848
v 0.362889 1.30369 -0.0170687
v 0.309764 1.30283 -5.00518e-005
v 0.244278 1.3173 0.114033
v 0.246404 1.33065 0.137119
v 0.2484 1.33747 0.144651
v 0.265307 1.34627 0.162235
v 0.294364 1.36841 0.183219
v 0.403412 1.37912 0.193571
v 0.441606 1.37925 0.16629
v 0.533285 1.36317 0.114024
v 0.554271 1.34605 0.0507179
v 0.212952 1.32186 0.169831
v 0.208161 1.2911 0.15968
v 0.18333 1.26628 0.146782
v 0.105043 1.2627 0.152232
v 0.138738 1.33034 0.195278
v 0.161494 1.3436 0.200034
v 0.568733 1.285 -0.0851234
v 0.505662 1.21602 -0.0805098
v 0.507069 1.23687 -0.0576103
v 0.527851 1.29236 -0.0254818
v 0.335789 1.31327 -0.00969188
v 0.295331 1.31218 0.00132877
v 0.241592 1.32566 0.123867
v 0.55252 1.36147 0.0590754
v 0.550468 1.34321 0.0358986
v 0.541577 1.33421 0.0153716
v 0.528512 1.32038 -0.00161971
v 0.176956 1.26359 0.144377
v 0.140419 1.26626 0.13625
v 0.126933 1.25024 0.143381
v 0.108932 1.25316 0.148872
v 0.104637 1.27343 0.156785
v 0.124813 1.32149 0.182954
v 0.188991 1.35115 0.196083
v 0.565502 1.30751 -0.0417247
v 0.570525 1.29239 -0.0762625
v 0.54257 1.2422 -0.122272
v 0.500739 1.30474 -0.022262
v 0.393822 1.31802 -0.0335652
v 0.24269 1.33375 0.139383
v 0.29793 1.37511 0.185256
v 0.417316 1.38518 0.178169
v 0.495023 1.38493 0.122806
v 0.505779 1.36901 0.131952
v 0.549066 1.35741 0.089698
v 0.548412 1.34712 0.0301995
v 0.541331 1.3386 0.010928
v 0.216107 1.31619 0.162439
v 0.195574 1.27361 0.153664
v 0.181571 1.35356 0.197105
v 0.534733 1.25351 -0.116236
v 0.513785 1.22115 -0.110363
v 0.205738 1.28737 0.152671
v 0.113667 1.29922 0.160817
v 0.569407 1.31108 -0.0638351
v 0.522808 1.23087 -0.116568
v 0.503199 1.2311 -0.0767409
v 0.51293 1.25871 -0.0379407
v 0.5112 1.28154 -0.0337135
v 0.493481 1.30285 -0.0277155
v 0.487141 1.30383 -0.0320936
v 0.467936 1.30551 -0.0404405
v 0.319573 1.3107 -0.00472439
v 0.278034 1.31038 0.0158475
v 0.25189 1.31851 0.0552321
v 0.242916 1.31368 0.0913773
v 0.256075 1.34772 0.156426
v 0.284339 1.36645 0.176866
v 0.35905 1.38779 0.19914
v 0.518085 1.37786 0.112816
v 0.541355 1.36397 0.0996174
v 0.533045 1.32643 1.6742e-005
v 0.525554 1.31863 -0.00954932
v 0.519276 1.31278 -0.0154793
v 0.510982 1.30904 -0.0190329
v 0.206928 1.33855 0.180574
v 0.22183 1.32635 0.150634
v 0.219699 1.31262 0.142776
v 0.124834 1.26402 0.140465
v 0.115901 1.2704 0.145998
v 0.265976 1.35545 0.165558
v 0.492472 1.37752 0.131847
v 0.509334 1.37671 0.120172
v 0.526997 1.31819 -0.0140164
v 0.530124 1.31618 -0.0173502
v 0.567206 1.29864 -0.0781567
v 0.521019 1.24097 -0.112783
v 0.509613 1.25715 -0.0445978
v 0.519475 1.29111 -0.0261439
v 0.518203 1.30009 -0.0250553
v 0.418588 1.30862 -0.0443052
v 0.394465 1.31021 -0.0321545
v 0.284001 1.31702 0.00772
v 0.27049 1.3169 0.0242577
v 0.502834 1.24156 -0.0712971
v 0.455679 1.30193 -0.0448259
v 0.411182 1.30586 -0.0411733
v 0.239202 1.32354 0.110035
v 0.218455 1.33826 0.162703
v 0.221988 1.3192 0.145745
v 0.192744 1.27402 0.147973
v 0.171371 1.26546 0.139799
v 0.11279 1.30474 0.170308
v 0.150065 1.34365 0.189497
v 0.248624 1.343 0.147207
v 0.255735 1.36155 0.164396
v 0.318682 1.38674 0.191533
v 0.551993 1.366 0.05389
v 0.535216 1.32823 -0.00419671
v 0.537141 1.31486 -0.0215882
v 0.225881 1.32786 0.143273
v 0.568721 1.31569 -0.0548362
v 0.506642 1.28471 -0.041114
v 0.516629 1.27902 -0.0291372
v 0.512947 1.29195 -0.0297209
v 0.244251 1.317 0.0786352
v 0.239195 1.32433 0.0998135
v 0.187592 1.27686 0.139797
v 0.159658 1.26375 0.137723
v 0.147945 1.25909 0.138785
v 0.170908 1.35384 0.195759
v 0.194294 1.36228 0.190704
v 0.210221 1.35406 0.181862
v 0.244451 1.35173 0.155085
v 0.308463 1.38548 0.187888
v 0.339332 1.40169 0.190511
v 0.435443 1.39912 0.14971
v 0.447088 1.3885 0.151963
v 0.490631 1.38359 0.127035
v 0.525896 1.36963 0.114941
v 0.547799 1.34954 0.0243501
v 0.547375 1.34393 0.0057252
v 0.537345 1.33058 -0.0102849
v 0.530853 1.32435 -0.0115168
v 0.505136 1.24582 -0.0588907
v 0.500533 1.30713 -0.0261853
v 0.316877 1.32169 -0.00518788
v 0.301069 1.32049 -0.0021271
v 0.234708 1.32548 0.112575
v 0.233276 1.32774 0.130114
v 0.224876 1.32333 0.138115
v 0.181186 1.28049 0.134348
v 0.128032 1.32474 0.165812
v 0.124249 1.32105 0.173379
v 0.283068 1.37967 0.180683
v 0.373653 1.3869 0.197539
v 0.543436 1.38014 0.0780529
v 0.55674 1.29157 -0.0967836
v 0.5509 1.26873 -0.111455
v 0.514125 1.23797 -0.106785
v 0.567171 1.31312 -0.0708145
v 0.519291 1.25191 -0.108597
v 0.503425 1.24128 -0.0835432
v 0.509424 1.27952 -0.0369027
v 0.508991 1.30178 -0.0287219
v 0.493834 1.30897 -0.0308948
v 0.411982 1.31574 -0.0426402
v 0.37481 1.31786 -0.0244055
v 0.35771 1.31887 -0.0176121
v 0.241174 1.3221 0.0858556
v 0.229821 1.32552 0.127802
v 0.217828 1.31039 0.136578
v 0.213315 1.30517 0.135852
v 0.198937 1.28986 0.136907
v 0.125853 1.31776 0.159677
v 0.133785 1.33254 0.178668
v 0.177311 1.36903 0.187559
v 0.206722 1.36287 0.184272
v 0.458628 1.39132 0.141459
v 0.552166 1.36099 0.0267428
v 0.539403 1.32461 -0.0217978
v 0.529426 1.32998 -0.0121388
v 0.546009 1.26076 -0.115448
v 0.529446 1.26325 -0.111128
v 0.51061 1.25084 -0.0990438
v 0.502716 1.25568 -0.0744365
v 0.507245 1.29634 -0.0342512
v 0.481969 1.30763 -0.0356998
v 0.326637 1.32224 -0.00781641
v 0.224328 1.32088 0.132869
v 0.167667 1.27667 0.132808
v 0.151997 1.27103 0.133877
v 0.239218 1.35617 0.161354
v 0.246812 1.3584 0.159293
v 0.394386 1.39231 0.185411
v 0.550919 1.37436 0.0601084
v 0.551833 1.36242 0.0463421
v 0.549069 1.35385 0.0164731
v 0.562765 1.34817 -0.00802443
v 0.530905 1.32847 -0.0154661
v 0.538157 1.33034 -0.0187693
v 0.565753 1.33356 -0.050627
v 0.552177 1.28845 -0.102378
v 0.504861 1.26934 -0.054526
v 0.507061 1.26964 -0.0466484
v 0.503573 1.30345 -0.0334612
v 0.500527 1.30636 -0.0300571
v 0.458905 1.31146 -0.0444719
v 0.375234 1.32636 -0.0258349
v 0.272837 1.32452 0.0208795
v 0.248595 1.32357 0.0618982
v 0.207403 1.37168 0.183452
v 0.250261 1.3735 0.170056
v 0.294481 1.38612 0.184706
v 0.320428 1.40293 0.187211
v 0.328697 1.39462 0.191864
v 0.531496 1.37256 0.105088
v 0.548728 1.37668 0.0676046
v 0.56071 1.36044 0.00385103
v 0.521478 1.26451 -0.106785
v 0.485226 1.31462 -0.0364264
v 0.45284 1.313 -0.0455386
v 0.300793 1.33094 -0.00204248
v 0.29342 1.32216 0.000808687
v 0.255696 1.32628 0.0481933
v 0.240601 1.33249 0.0861236
v 0.125646 1.31083 0.153358
v 0.224315 1.37325 0.176643
v 0.357364 1.40706 0.185825
v 0.372995 1.40718 0.180704
v 0.52602 1.38803 0.0931827
v 0.554888 1.3771 0.0429825
v 0.552227 1.35601 0.0116418
v 0.554636 1.33636 -0.0300954
v 0.561452 1.33814 -0.0386083
v 0.542047 1.28575 -0.107134
v 0.513982 1.26239 -0.101181
v 0.502934 1.25733 -0.0670049
v 0.50431 1.29734 -0.0392634
v 0.465287 1.31648 -0.0434361
v 0.345287 1.31903 -0.0132789
v 0.344537 1.33297 -0.0145466
v 0.283414 1.32492 0.00811823
v 0.200397 1.29839 0.131025
v 0.15799 1.28344 0.130601
v 0.14605 1.28317 0.132604
v 0.127082 1.2886 0.140606
v 0.13929 1.34025 0.169381
v 0.147299 1.3463 0.181459
v 0.262267 1.38478 0.176651
v 0.278998 1.38847 0.181064
v 0.413085 1.40039 0.164315
v 0.556357 1.36864 0.0236868
v 0.563809 1.36 -0.00194137
v 0.537435 1.29152 -0.10523
v 0.503674 1.2553 -0.0825111
v 0.505087 1.28474 -0.0465375
v 0.500329 1.30659 -0.032674
v 0.476438 1.31464 -0.0401083
v 0.437211 1.31019 -0.0465377
v 0.236656 1.32806 0.101334
v 0.22888 1.32523 0.12041
v 0.143295 1.3073 0.136715
v 0.191597 1.37335 0.187479
v 0.204507 1.38282 0.183067
v 0.237861 1.37805 0.173266
v 0.51137 1.39091 0.103747
v 0.535303 1.38673 0.0840731
v 0.551875 1.38546 0.0557276
v 0.555162 1.37063 0.0329436
v 0.566309 1.33152 -0.0621047
v 0.559466 1.30843 -0.0865568
v 0.504188 1.28216 -0.0559537
v 0.502747 1.29838 -0.0450119
v 0.422774 1.31674 -0.0457973
v 0.40025 1.33064 -0.0372225
v 0.238433 1.3359 0.0906281
v 0.223777 1.3218 0.124276
v 0.135498 1.28262 0.135815
v 0.130294 1.30054 0.142584
v 0.135326 1.331 0.159943
v 0.262153 1.39436 0.17888
v 0.304709 1.39791 0.185005
v 0.342806 1.40952 0.186388
v 0.462296 1.39865 0.132175
v 0.545558 1.38302 0.0711217
v 0.569726 1.35672 -0.0210752
v 0.47881 1.31901 -0.0396284
v 0.371119 1.33375 -0.0246039
v 0.216224 1.31517 0.126008
v 0.181693 1.29806 0.127637
v 0.172452 1.29823 0.127555
v 0.250542 1.38726 0.176785
v 0.398034 1.40931 0.165267
v 0.411562 1.4126 0.154546
v 0.434119 1.40563 0.145111
v 0.561122 1.37167 0.0151568
v 0.557345 1.34721 -0.0286887
v 0.565338 1.31893 -0.0723043
v 0.51928 1.27352 -0.102261
v 0.505916 1.25263 -0.0901943
v 0.503912 1.28468 -0.0655829
v 0.487331 1.3148 -0.0383724
v 0.414249 1.33222 -0.0431115
v 0.244275 1.32896 0.070307
v 0.228971 1.32814 0.11163
v 0.215251 1.31753 0.123072
v 0.146284 1.34794 0.160039
v 0.162301 1.35836 0.186472
v 0.22642 1.38407 0.178285
v 0.48126 1.39745 0.121205
v 0.54378 1.39619 0.0658809
v 0.554105 1.39163 0.0498666
v 0.468492 1.31959 -0.0437037
v 0.451457 1.32649 -0.0474526
v 0.43711 1.32836 -0.0464336
v 0.327745 1.33287 -0.00871885
v 0.315176 1.33312 -0.00529898
v 0.232824 1.33269 0.0987334
v 0.222002 1.32716 0.115014
v 0.143968 1.31561 0.138719
v 0.139313 1.32722 0.150026
v 0.155815 1.36103 0.175186
v 0.184919 1.3854 0.182514
v 0.233278 1.39578 0.179785
v 0.273603 1.40509 0.180568
v 0.283433 1.39678 0.182083
v 0.315578 1.41757 0.18195
v 0.455513 1.40861 0.129399
v 0.567644 1.3694 -0.00620484
v 0.56718 1.36279 -0.0305706
v 0.56576 1.34538 -0.0551522
v 0.551052 1.30408 -0.0985032
v 0.532049 1.29022 -0.104042
v 0.508783 1.26378 -0.0926347
v 0.494517 1.31368 -0.0401415
v 0.491538 1.3159 -0.0396632
v 0.271897 1.34261 0.0249353
v 0.227817 1.33274 0.10523
v 0.213915 1.32331 0.117962
v 0.199253 1.30622 0.12608
v 0.247743 1.40235 0.178778
v 0.342112 1.42107 0.17965
v 0.537633 1.39647 0.0735052
v 0.563008 1.35076 -0.0407297
v 0.554992 1.31665 -0.0920014
v 0.501123 1.30503 -0.0521922
v 0.499888 1.30577 -0.042134
v 0.384007 1.33682 -0.0299368
v 0.266387 1.34026 0.0321168
v 0.151463 1.30548 0.132236
v 0.148002 1.34457 0.151835
v 0.151445 1.35713 0.166582
v 0.174481 1.38337 0.177445
v 0.548711 1.39301 0.0598724
v 0.557526 1.38515 0.0397229
v 0.563689 1.38223 0.0191971
v 0.570344 1.36387 -0.0221285
v 0.562434 1.33338 -0.0787047
v 0.509942 1.28938 -0.0863875
v 0.47633 1.3273 -0.0425148
v 0.344913 1.34405 -0.0147193
v 0.248998 1.33536 0.0575947
v 0.293125 1.41206 0.180664
v 0.303172 1.41993 0.179827
v 0.494374 1.4028 0.107564
v 0.505655 1.40187 0.0994919
v 0.52817 1.40042 0.0803614
v 0.542763 1.30852 -0.100745
v 0.515085 1.2906 -0.0938508
v 0.502121 1.30453 -0.0623906
v 0.480489 1.32324 -0.0429131
v 0.454791 1.33336 -0.0491457
v 0.444388 1.33044 -0.0472628
v 0.333307 1.3493 -0.0104803
v 0.294073 1.33832 0.00151281
v 0.217736 1.33639 0.107531
v 0.205736 1.31916 0.119649
v 0.175087 1.31579 0.124611
v 0.166232 1.31249 0.127448
v 0.162284 1.3218 0.12919
v 0.145809 1.33014 0.143019
v 0.206027 1.39558 0.181728
v 0.261349 1.40706 0.178363
v 0.474738 1.40621 0.119431
v 0.486887 1.40392 0.112638
v 0.549964 1.31795 -0.0958201
v 0.420022 1.34241 -0.0443731
v 0.253619 1.34073 0.0497477
v 0.15193 1.33747 0.140499
v 0.194667 1.40151 0.178044
v 0.211346 1.40973 0.180132
v 0.229272 1.40596 0.180224
v 0.284438 1.42886 0.177147
v 0.331147 1.41837 0.182812
v 0.377173 1.41325 0.173274
v 0.569678 1.37979 -0.000649455
v 0.570311 1.37534 -0.0153872
v 0.564703 1.35932 -0.0391222
v 0.505243 1.28689 -0.0739591
v 0.494524 1.31587 -0.0481126
v 0.427689 1.33891 -0.0459417
v 0.30176 1.34574 -0.00114353
v 0.283721 1.34435 0.0114361
v 0.242321 1.34213 0.0782045
v 0.238657 1.34416 0.0838783
v 0.210981 1.33167 0.11223
v 0.190796 1.3133 0.122739
v 0.256789 1.4192 0.175821
v 0.436356 1.41158 0.139624
v 0.519005 1.40158 0.0878498
v 0.565073 1.39391 0.0250699
v 0.56562 1.34702 -0.0656427
v 0.559498 1.34624 -0.081425
v 0.536919 1.30662 -0.101364
v 0.506819 1.28864 -0.0787116
v 0.471477 1.33788 -0.0463631
v 0.407452 1.33993 -0.0402954
v 0.373844 1.34521 -0.0255821
v 0.226869 1.34521 0.0943053
v 0.204793 1.33595 0.110852
v 0.156849 1.32911 0.133305
v 0.157508 1.36722 0.162012
v 0.311393 1.42713 0.179016
v 0.570029 1.37136 -0.034191
v 0.52841 1.31499 -0.0986247
v 0.199478 1.39834 0.180453
v 0.27497 1.42375 0.176331
v 0.354229 1.42321 0.174713
v 0.399958 1.41768 0.157635
v 0.499676 1.41297 0.0969309
v 0.539598 1.40571 0.0646308
v 0.55353 1.40195 0.0491809
v 0.570293 1.39748 0.0107574
v 0.555565 1.34959 -0.0851339
v 0.504029 1.29977 -0.071
v 0.485452 1.32448 -0.044327
v 0.447458 1.33917 -0.049543
v 0.437396 1.3412 -0.0475322
v 0.396757 1.35147 -0.034785
v 0.363426 1.35744 -0.0209219
v 0.315047 1.34597 -0.00484926
v 0.297563 1.3689 0.00406983
v 0.267475 1.35646 0.0295274
v 0.232205 1.34046 0.0909638
v 0.196626 1.32677 0.116814
v 0.181629 1.32519 0.120522
v 0.154458 1.34597 0.141043
v 0.172904 1.38746 0.170568
v 0.247674 1.41934 0.17617
v 0.412969 1.42709 0.144694
v 0.527893 1.41283 0.0712175
v 0.563396 1.40274 0.0295586
v 0.476138 1.33039 -0.0449691
v 0.469134 1.33494 -0.0453614
v 0.412515 1.34916 -0.0419464
v 0.347396 1.35647 -0.0152129
v 0.284045 1.36041 0.013119
v 0.171195 1.33231 0.122885
v 0.23153 1.41827 0.178655
v 0.33105 1.43664 0.172128
v 0.392216 1.43421 0.150503
v 0.474208 1.42051 0.111819
v 0.484753 1.42116 0.103615
v 0.485001 1.41289 0.109104
v 0.563501 1.40921 0.0269521
v 0.573931 1.39695 -0.0110393
v 0.567314 1.36627 -0.0496338
v 0.511349 1.30254 -0.0881165
v 0.453028 1.34363 -0.0499317
v 0.38039 1.35536 -0.027714
v 0.305926 1.36762 -7.80327e-005
v 0.238332 1.36546 0.0714061
v 0.190723 1.3308 0.116062
v 0.209123 1.41702 0.177958
v 0.538007 1.32393 -0.0978837
v 0.518439 1.3074 -0.0953896
v 0.502509 1.30988 -0.0720316
v 0.472296 1.33941 -0.0495443
v 0.429884 1.35577 -0.0468255
v 0.255091 1.35799 0.048285
v 0.242516 1.35056 0.0743222
v 0.236625 1.34863 0.0822364
v 0.157814 1.3658 0.153249
v 0.195803 1.4094 0.174334
v 0.20492 1.42273 0.174074
v 0.46084 1.42064 0.120489
v 0.568931 1.37317 -0.0448817
v 0.56675 1.37198 -0.058349
v 0.509071 1.31706 -0.0876606
v 0.488191 1.32469 -0.0467914
v 0.36385 1.36413 -0.0202561
v 0.24941 1.34841 0.0586266
v 0.249936 1.43676 0.170662
v 0.296571 1.43924 0.174994
v 0.369791 1.42762 0.164788
v 0.548877 1.41084 0.0502292
v 0.570959 1.4082 0.00960762
v 0.571377 1.38565 -0.0283066
v 0.564566 1.37554 -0.0635306
v 0.514132 1.31934 -0.0924339
v 0.507479 1.30485 -0.0819683
v 0.495833 1.31871 -0.0558731
v 0.441786 1.34804 -0.0494208
v 0.407979 1.35786 -0.0395857
v 0.311632 1.35951 -0.00271824
v 0.26273 1.36653 0.0368173
v 0.162684 1.35009 0.131167
v 0.166978 1.38271 0.155624
v 0.170291 1.38739 0.161796
v 0.232523 1.43749 0.171653
v 0.267713 1.42623 0.174594
v 0.317024 1.43502 0.176524
v 0.500601 1.42079 0.0909359
v 0.568326 1.38622 -0.0528187
v 0.538281 1.34097 -0.0954078
v 0.520247 1.32945 -0.0954928
v 0.498263 1.31788 -0.0640162
v 0.48757 1.33355 -0.0576332
v 0.321503 1.36284 -0.00551495
v 0.185312 1.33997 0.113775
v 0.167447 1.3461 0.1251
v 0.43978 1.42262 0.131883
v 0.526973 1.43289 0.056387
v 0.546826 1.34357 -0.0920876
v 0.417845 1.36038 -0.0429486
v 0.348605 1.36427 -0.0148582
v 0.326442 1.37348 -0.00645779
v 0.213376 1.34373 0.103316
v 0.179653 1.40022 0.16321
v 0.22948 1.42872 0.175492
v 0.361785 1.44079 0.158387
v 0.384687 1.42457 0.160355
v 0.453396 1.43103 0.121742
v 0.462686 1.43006 0.116559
v 0.495911 1.42956 0.0894755
v 0.481775 1.34085 -0.0540543
v 0.459254 1.34236 -0.0490308
v 0.217749 1.3554 0.0908392
v 0.20545 1.35303 0.0997836
v 0.199694 1.34059 0.109097
v 0.193715 1.3519 0.1049
v 0.405676 1.4393 0.142474
v 0.42688 1.43503 0.134106
v 0.556624 1.41651 0.0372935
v 0.570554 1.40834 -0.0350581
v 0.57017 1.39527 -0.0407488
v 0.552108 1.35431 -0.0868288
v 0.492262 1.33092 -0.0638754
v 0.479514 1.33709 -0.0501201
v 0.231028 1.35677 0.0784
v 0.226204 1.35593 0.0855345
v 0.178828 1.34688 0.115404
v 0.192392 1.41879 0.156029
v 0.206356 1.42842 0.169979
v 0.486483 1.43343 0.0966935
v 0.538763 1.41734 0.0569493
v 0.539047 1.43215 0.0435236
v 0.529031 1.34324 -0.0947756
v 0.503231 1.31581 -0.0782247
v 0.481816 1.34701 -0.0591188
v 0.463554 1.35183 -0.0503951
v 0.450782 1.3597 -0.0518142
v 0.411507 1.37157 -0.0404257
v 0.165668 1.37069 0.139361
v 0.178564 1.40127 0.14937
v 0.295197 1.45384 0.168498
v 0.381166 1.44284 0.149589
v 0.455415 1.43266 0.119735
v 0.570166 1.41568 0.00107289
v 0.565537 1.40332 -0.050388
v 0.561263 1.39483 -0.0634566
v 0.54565 1.36341 -0.0881211
v 0.504269 1.32468 -0.0836238
v 0.291865 1.36471 0.00716889
v 0.175185 1.39377 0.143124
v 0.193056 1.4161 0.164496
v 0.279261 1.44949 0.168373
v 0.316117 1.44358 0.171194
v 0.324021 1.44701 0.166157
v 0.56836 1.42015 -0.00873702
v 0.567852 1.41508 -0.0284372
v 0.559456 1.38243 -0.0691954
v 0.492136 1.34311 -0.0723724
v 0.440752 1.36644 -0.0499366
v 0.24838 1.35763 0.058913
v 0.168156 1.36412 0.129047
v 0.198864 1.42454 0.164633
v 0.475179 1.43229 0.107138
v 0.552133 1.43008 0.0263587
v 0.535355 1.36324 -0.0903233
v 0.497004 1.3387 -0.0778107
v 0.493615 1.33461 -0.0698856
v 0.469774 1.34966 -0.0529773
v 0.464079 1.36089 -0.0532303
v 0.459605 1.36432 -0.0530234
v 0.426952 1.37118 -0.0474457
v 0.388883 1.3746 -0.0294618
v 0.359175 1.37644 -0.0162092
v 0.241618 1.37347 0.0637372
v 0.178964 1.36396 0.114568
v 0.241754 1.45509 0.1596
v 0.301223 1.45771 0.164757
v 0.333218 1.45242 0.15797
v 0.355461 1.44885 0.153684
v 0.553498 1.3851 -0.0748514
v 0.509719 1.33588 -0.0897429
v 0.47328 1.35377 -0.0556981
v 0.45377 1.35679 -0.0517134
v 0.356556 1.38149 -0.0153192
v 0.213888 1.36335 0.0873278
v 0.476729 1.43843 0.100515
v 0.517681 1.35135 -0.0921183
v 0.504093 1.34576 -0.0854146
v 0.339017 1.37996 -0.00999485
v 0.17886 1.38187 0.121024
v 0.367884 1.44952 0.149468
v 0.444982 1.43892 0.120017
v 0.503691 1.43532 0.0757479
v 0.486147 1.34802 -0.0680278
v 0.467252 1.35925 -0.0555384
v 0.307664 1.37959 -0.00013944
v 0.265672 1.37386 0.0329271
v 0.320101 1.45826 0.15693
v 0.420875 1.44117 0.130148
v 0.44106 1.44639 0.118399
v 0.459065 1.44119 0.110688
v 0.492742 1.43954 0.0832494
v 0.535557 1.38729 -0.0831382
v 0.493735 1.35703 -0.0775458
v 0.484323 1.34637 -0.0641447
v 0.479756 1.3541 -0.0607285
v 0.449136 1.37106 -0.0528635
v 0.255381 1.37658 0.0437899
v 0.230736 1.36164 0.0751889
v 0.223569 1.36585 0.0812301
v 0.191886 1.36526 0.101956
v 0.185075 1.38591 0.113296
v 0.190646 1.41856 0.146261
v 0.19315 1.42584 0.145477
v 0.227653 1.45252 0.159486
v 0.462898 1.44532 0.106205
v 0.556048 1.42126 -0.0510747
v 0.403397 1.38159 -0.0368846
v 0.345989 1.38636 -0.0125537
v 0.332321 1.38716 -0.00805392
v 0.276187 1.38367 0.0221545
v 0.201515 1.36365 0.0959169
v 0.182108 1.37506 0.113147
v 0.185684 1.4003 0.122968
v 0.352724 1.45544 0.148068
v 0.397106 1.44577 0.13838
v 0.503311 1.44225 0.0672416
v 0.526136 1.44098 0.0468776
v 0.561174 1.41306 -0.0528634
v 0.388834 1.38661 -0.0295917
v 0.369304 1.38916 -0.0212007
v 0.300796 1.38865 0.00277022
v 0.228918 1.37201 0.0713189
v 0.211081 1.37079 0.0857627
v 0.268134 1.45009 0.16484
v 0.271853 1.46093 0.158512
v 0.382174 1.44996 0.141627
v 0.398008 1.44978 0.135566
v 0.51402 1.44368 0.0549298
v 0.546168 1.38779 -0.0788491
v 0.487107 1.36359 -0.0738442
v 0.483066 1.36097 -0.0688619
v 0.470718 1.36782 -0.0595334
v 0.343577 1.39235 -0.0116541
v 0.24866 1.37618 0.0509379
v 0.221771 1.37514 0.0784408
v 0.188753 1.41424 0.135394
v 0.214188 1.4429 0.158974
v 0.256893 1.45171 0.163154
v 0.559141 1.42525 -0.0338828
v 0.552491 1.39926 -0.0716089
v 0.523837 1.3643 -0.0899883
v 0.49817 1.36676 -0.08083
v 0.47409 1.36869 -0.0624341
v 0.43123 1.37863 -0.0484085
v 0.371589 1.39554 -0.0212201
v 0.189631 1.37769 0.103984
v 0.179202 1.3939 0.131294
v 0.227281 1.45884 0.151301
v 0.244636 1.46493 0.152141
v 0.562805 1.43426 -0.000217651
v 0.526172 1.38093 -0.0853701
v 0.511629 1.36235 -0.0884532
v 0.451725 1.3752 -0.0540213
v 0.405624 1.39297 -0.0367748
v 0.387116 1.39381 -0.0283054
v 0.28665 1.38131 0.0110917
v 0.198909 1.37875 0.0946861
v 0.197054 1.39107 0.0985304
v 0.195687 1.43486 0.146528
v 0.326557 1.46529 0.145429
v 0.542568 1.39736 -0.0781147
v 0.512891 1.37346 -0.0853554
v 0.42946 1.39218 -0.047867
v 0.307642 1.38965 0.000274725
v 0.262787 1.38569 0.0356049
v 0.255375 1.38663 0.0429703
v 0.208486 1.37758 0.0860809
v 0.1922 1.4159 0.124447
v 0.209387 1.44526 0.147911
v 0.364163 1.45602 0.141416
v 0.384637 1.45715 0.135883
v 0.418932 1.4528 0.125603
v 0.501272 1.44675 0.059238
v 0.553367 1.43656 -0.0366418
v 0.549169 1.40797 -0.0696912
v 0.479652 1.37212 -0.0666039
v 0.460776 1.37457 -0.0552879
v 0.44189 1.38045 -0.0507595
v 0.411692 1.39937 -0.0380569
v 0.354837 1.4025 -0.0126604
v 0.294913 1.40574 0.0102687
v 0.240495 1.38635 0.0596193
v 0.235429 1.38174 0.065262
v 0.228604 1.38204 0.0681776
v 0.221569 1.38474 0.0765723
v 0.195631 1.43607 0.137492
v 0.261033 1.46289 0.154537
v 0.28389 1.46428 0.158479
v 0.470804 1.44964 0.0972835
v 0.489012 1.4467 0.080425
v 0.538385 1.43928 0.0345798
v 0.449763 1.38512 -0.054267
v 0.445209 1.39772 -0.0516127
v 0.414114 1.38632 -0.0423894
v 0.377056 1.4014 -0.0217519
v 0.336996 1.39734 -0.00816769
v 0.305708 1.4016 0.00391265
v 0.266863 1.39966 0.0317945
v 0.194074 1.40522 0.110552
v 0.217003 1.4524 0.145983
v 0.482418 1.44595 0.0890156
v 0.496434 1.45106 0.058496
v 0.520439 1.38644 -0.0841204
v 0.507126 1.37591 -0.0830132
v 0.470592 1.37996 -0.0616954
v 0.465188 1.37382 -0.0586729
v 0.427894 1.39915 -0.0462929
v 0.280419 1.40035 0.0184757
v 0.255853 1.39696 0.0425615
v 0.192448 1.43075 0.132156
v 0.206139 1.44489 0.137059
v 0.231035 1.4661 0.141077
v 0.269303 1.47679 0.14164
v 0.518804 1.45 0.0385668
v 0.538388 1.45409 -0.0325306
v 0.544929 1.4472 -0.0383625
v 0.534414 1.39846 -0.081173
v 0.511971 1.39803 -0.0835445
v 0.3908 1.40529 -0.0259534
v 0.355268 1.40609 -0.010007
v 0.323066 1.40715 -0.000927714
v 0.234727 1.39258 0.063183
v 0.227729 1.39333 0.0672181
v 0.263883 1.47152 0.147277
v 0.300807 1.4668 0.153025
v 0.351559 1.46323 0.136292
v 0.414868 1.46159 0.124087
v 0.530365 1.45292 0.0173539
v 0.531347 1.40676 -0.0784808
v 0.508521 1.38816 -0.0839907
v 0.390223 1.4077 -0.0221768
v 0.369755 1.40729 -0.015578
v 0.247425 1.39059 0.0486832
v 0.240996 1.39694 0.0567753
v 0.195725 1.43207 0.12579
v 0.346047 1.46301 0.138239
v 0.337109 1.46841 0.134472
v 0.387007 1.46114 0.133352
v 0.482657 1.45408 0.078062
v 0.517416 1.45674 0.0263361
v 0.55063 1.44436 0.0034537
v 0.54759 1.41842 -0.0645631
v 0.496217 1.38197 -0.0805379
v 0.485264 1.3738 -0.0730855
v 0.42134 1.40623 -0.0414162
v 0.400772 1.40277 -0.0320764
v 0.400438 1.41045 -0.0261969
v 0.309114 1.41394 0.00464488
v 0.220535 1.39729 0.0774381
v 0.204908 1.38907 0.0880159
v 0.194647 1.42318 0.117191
v 0.244913 1.47183 0.14316
v 0.472852 1.45554 0.0895422
v 0.478097 1.45937 0.0798258
v 0.538901 1.44986 0.0131852
v 0.541672 1.45104 -0.000884229
v 0.49661 1.39038 -0.0793942
v 0.490866 1.37918 -0.0776671
v 0.475684 1.38323 -0.0657504
v 0.461161 1.38687 -0.0567028
v 0.45136 1.39845 -0.055041
v 0.368451 1.41195 0.00756615
v 0.247054 1.39991 0.0488626
v 0.196308 1.41207 0.104354
v 0.398571 1.46287 0.130344
v 0.535211 1.4588 -0.0197188
v 0.531246 1.44308 -0.0542021
v 0.48479 1.39193 -0.0704283
v 0.43595 1.40188 -0.0492447
v 0.387677 1.41317 -0.00133402
v 0.370019 1.41446 0.0107631
v 0.349373 1.41341 0.00810387
v 0.331231 1.41567 0.00628387
v 0.323772 1.41194 0.00141474
v 0.275043 1.40494 0.0231643
v 0.207496 1.40572 0.0890017
v 0.21263 1.45049 0.132062
v 0.50326 1.45269 0.043271
v 0.52916 1.45624 0.0098701
v 0.540163 1.41076 -0.0736571
v 0.506995 1.40342 -0.07988
v 0.429221 1.41048 -0.043979
v 0.401784 1.41583 -0.0216272
v 0.199581 1.4045 0.0961236
v 0.20252 1.43393 0.117249
v 0.208993 1.44418 0.122291
v 0.309064 1.47358 0.137449
v 0.455492 1.45966 0.10432
v 0.472619 1.39405 -0.0635067
v 0.285182 1.41135 0.0174001
v 0.204098 1.42222 0.101684
v 0.209567 1.43191 0.104722
v 0.322626 1.47231 0.132739
v 0.377874 1.46606 0.132563
v 0.44298 1.46014 0.112773
v 0.486057 1.45743 0.0688318
v 0.498844 1.45572 0.0460609
v 0.537318 1.44649 -0.0463391
v 0.496591 1.4106 -0.0729046
v 0.489197 1.40287 -0.0714628
v 0.466815 1.39278 -0.0611446
v 0.355914 1.41544 0.0113053
v 0.25382 1.40895 0.0449825
v 0.237619 1.40294 0.0611686
v 0.226996 1.40931 0.0696864
v 0.218956 1.45695 0.128575
v 0.337694 1.47127 0.133332
v 0.424822 1.46748 0.116876
v 0.452786 1.46669 0.104891
v 0.447597 1.40879 -0.0518204
v 0.411985 1.41303 -0.0348837
v 0.323635 1.41806 0.00570819
v 0.299658 1.41763 0.00934768
v 0.269384 1.41241 0.02918
v 0.260892 1.41273 0.0385411
v 0.234002 1.40944 0.0648928
v 0.21962 1.40872 0.0800985
v 0.312168 1.47663 0.125633
v 0.352958 1.4758 0.132727
v 0.383732 1.47093 0.132018
v 0.443319 1.4673 0.110585
v 0.46908 1.46028 0.090409
v 0.512764 1.46121 0.0220682
v 0.527277 1.43765 -0.0603678
v 0.478097 1.39712 -0.0671607
v 0.479951 1.41774 -0.0633417
v 0.464143 1.40079 -0.0580668
v 0.453216 1.41846 -0.0525763
v 0.44209 1.41327 -0.0495093
v 0.379617 1.41244 0.00655713
v 0.255632 1.41535 0.0448429
v 0.238816 1.47254 0.132752
v 0.248415 1.47596 0.133842
v 0.285153 1.47906 0.131004
v 0.475015 1.46829 0.0825329
v 0.528039 1.45078 -0.0459057
v 0.519397 1.41153 -0.0768178
v 0.470834 1.40933 -0.0616495
v 0.458238 1.40922 -0.055141
v 0.419643 1.41878 -0.0379698
v 0.355088 1.42468 0.0114314
v 0.234817 1.4242 0.0696414
v 0.262948 1.47873 0.131251
v 0.418613 1.4703 0.118685
v 0.456229 1.46886 0.100564
v 0.503963 1.46021 0.0320849
v 0.531102 1.46127 -0.0179486
v 0.530326 1.45945 -0.0322854
v 0.518825 1.43667 -0.0623633
v 0.493636 1.41979 -0.0690554
v 0.446885 1.42166 -0.048629
v 0.407722 1.41561 -0.0298286
v 0.403292 1.42435 -0.0202078
v 0.396026 1.42759 -0.00941235
v 0.246025 1.41194 0.0512458
v 0.22621 1.41973 0.07321
v 0.21375 1.4467 0.115164
v 0.254782 1.47772 0.125609
v 0.34404 1.47937 0.130878
v 0.354425 1.4792 0.131164
v 0.388212 1.47408 0.129916
v 0.49277 1.46142 0.0531447
v 0.513202 1.43825 -0.0617885
v 0.48421 1.41577 -0.0670616
v 0.315988 1.41985 0.00558812
v 0.239677 1.41655 0.0614849
v 0.219929 1.42343 0.0858964
v 0.219376 1.43361 0.0938326
v 0.225804 1.44236 0.0882293
v 0.228882 1.45767 0.10455
v 0.22236 1.45831 0.11891
v 0.240223 1.47266 0.12442
v 0.27621 1.48091 0.115353
v 0.320168 1.47737 0.12517
v 0.331538 1.48202 0.125092
v 0.403166 1.47064 0.128412
v 0.482585 1.47043 0.0706273
v 0.498466 1.46351 0.0324504
v 0.500361 1.46588 0.0204906
v 0.519327 1.44575 -0.0549162
v 0.468967 1.41806 -0.0564799
v 0.462801 1.41854 -0.05451
v 0.423835 1.42375 -0.0384016
v 0.369418 1.43969 0.0118648
v 0.333061 1.4262 0.00856888
v 0.307161 1.4266 0.00946278
v 0.262385 1.42443 0.0395579
v 0.226444 1.4315 0.0796746
v 0.233566 1.46448 0.111333
v 0.418687 1.47643 0.116936
v 0.524007 1.45806 -0.0404069
v 0.437847 1.43003 -0.0421259
v 0.376849 1.43126 0.00941304
v 0.309014 1.43495 0.0111416
v 0.296384 1.43492 0.0178696
v 0.291192 1.42546 0.0160744
v 0.278458 1.4192 0.024147
v 0.253032 1.47517 0.112078
v 0.293027 1.47968 0.122496
v 0.311507 1.48075 0.115538
v 0.371697 1.48042 0.125613
v 0.4075 1.47664 0.123025
v 0.444534 1.47203 0.108091
v 0.477522 1.47297 0.0774176
v 0.512721 1.4659 0.00690416
v 0.487095 1.43289 -0.0613254
v 0.414128 1.43201 -0.0287245
v 0.384566 1.4301 0.00444836
v 0.33762 1.43762 0.00958011
v 0.319456 1.43373 0.00808633
v 0.25338 1.42863 0.05143
v 0.2458 1.4244 0.0556289
v 0.233836 1.43716 0.0784333
v 0.303949 1.47926 0.118209
v 0.345792 1.48171 0.128325
v 0.398058 1.47619 0.12678
v 0.488465 1.4723 0.0552482
v 0.49335 1.47126 0.0295372
v 0.473395 1.43084 -0.054064
v 0.453435 1.43239 -0.0460902
v 0.427757 1.4323 -0.0354866
v 0.396523 1.43917 -0.00739344
v 0.284593 1.43375 0.0243009
v 0.271065 1.42826 0.0340005
v 0.241044 1.45197 0.085368
v 0.487598 1.4746 0.051217
v 0.517925 1.46661 -0.0107777
v 0.521006 1.46479 -0.0236722
v 0.514523 1.46433 -0.0298367
v 0.51127 1.45957 -0.0389823
v 0.514165 1.45191 -0.0511884
v 0.478186 1.42858 -0.0599066
v 0.46849 1.44057 -0.0496621
v 0.459538 1.42953 -0.0518065
v 0.405054 1.43798 -0.0168659
v 0.244582 1.43813 0.0637069
v 0.239281 1.43624 0.071251
v 0.241076 1.45912 0.0939701
v 0.24609 1.46847 0.103358
v 0.330312 1.48345 0.118953
v 0.381134 1.47985 0.125601
v 0.431169 1.47374 0.113667
v 0.45911 1.47636 0.0912353
v 0.495657 1.471 0.0164154
v 0.505079 1.47131 -0.00372326
v 0.501346 1.44092 -0.0605143
v 0.493189 1.43329 -0.0645691
v 0.48424 1.4467 -0.0510357
v 0.407092 1.452 -0.0112074
v 0.26598 1.47967 0.107575
v 0.358097 1.48225 0.122684
v 0.441347 1.47613 0.109255
v 0.49064 1.47382 0.0195121
v 0.500565 1.45203 -0.0491524
v 0.493708 1.44629 -0.0563015
v 0.44182 1.4391 -0.0398874
v 0.426151 1.44505 -0.0268404
v 0.41708 1.44267 -0.0244313
v 0.345698 1.44959 0.0118604
v 0.32205 1.44089 0.0102158
v 0.280765 1.44193 0.0331024
v 0.266528 1.43744 0.0431514
v 0.258747 1.43872 0.0505957
v 0.246411 1.45273 0.0742993
v 0.479544 1.45047 -0.0469981
v 0.424065 1.45746 -0.0161347
v 0.354976 1.4425 0.0111947
v 0.310514 1.44287 0.0143271
v 0.288057 1.44763 0.0328053
v 0.265213 1.4485 0.0523491
v 0.305129 1.48176 0.109103
v 0.482687 1.47587 0.0616094
v 0.486233 1.47607 0.0467755
v 0.495732 1.47248 0.00351884
v 0.499738 1.46443 -0.0327226
v 0.491493 1.45488 -0.0466694
v 0.415128 1.45163 -0.0165519
v 0.386565 1.45261 0.00714378
v 0.256173 1.47452 0.0985986
v 0.285043 1.48194 0.10381
v 0.361623 1.48556 0.117378
v 0.389425 1.48219 0.125782
v 0.40259 1.4812 0.124286
v 0.473402 1.47814 0.0701586
v 0.482141 1.47815 0.0350429
v 0.482478 1.4752 0.0130748
v 0.50022 1.47291 -0.0140576
v 0.251291 1.44614 0.062458
v 0.320393 1.4828 0.103725
v 0.345198 1.48351 0.112421
v 0.37059 1.48415 0.121949
v 0.441494 1.48181 0.110357
v 0.478237 1.47963 0.0491431
v 0.493944 1.47 -0.0221968
v 0.472698 1.45577 -0.0395003
v 0.463221 1.44482 -0.0434831
v 0.449492 1.44813 -0.0372696
v 0.442448 1.45032 -0.0297894
v 0.265443 1.45666 0.0602852
v 0.303055 1.48125 0.0981288
v 0.331524 1.48826 0.0986848
v 0.46565 1.47953 0.0808793
v 0.485077 1.47323 -0.00469157
v 0.266595 1.47541 0.0890695
v 0.275552 1.47967 0.0941122
v 0.489564 1.46336 -0.038419
v 0.461621 1.45829 -0.0347657
v 0.454615 1.46313 -0.0261134
v 0.381437 1.45975 0.0115262
v 0.300667 1.44813 0.0242283
v 0.292576 1.48093 0.0885288
v 0.303671 1.48266 0.0891998
v 0.445784 1.48909 0.10949
v 0.477685 1.48125 0.024693
v 0.479054 1.47441 -0.00773525
v 0.308063 1.46418 0.0347326
v 0.276974 1.45274 0.0450197
v 0.272256 1.46092 0.0580284
v 0.325791 1.48419 0.102157
v 0.461054 1.48658 0.0897749
v 0.468826 1.47246 -0.01978
v 0.48405 1.46813 -0.030704
v 0.473288 1.46722 -0.0295406
v 0.447053 1.46272 -0.0228045
v 0.399717 1.4538 -0.00478463
v 0.372489 1.45882 0.0136506
v 0.353661 1.48806 0.109989
v 0.388313 1.48842 0.125873
v 0.418979 1.4846 0.117155
v 0.433968 1.48722 0.115425
v 0.47553 1.47896 0.00203
v 0.464481 1.46856 -0.0242558
v 0.435793 1.45859 -0.0205592
v 0.390065 1.46129 0.00675984
v 0.317303 1.45954 0.0253768
v 0.276313 1.48122 0.0828531
v 0.284329 1.48008 0.0791907
v 0.295686 1.4813 0.078866
v 0.341731 1.49366 0.09952
v 0.373259 1.48941 0.121631
v 0.401234 1.4744 0.0073085
v 0.368012 1.46761 0.016338
v 0.331813 1.45577 0.0169693
v 0.292197 1.46174 0.0432613
v 0.2878 1.46855 0.0545407
v 0.396952 1.49118 0.126041
v 0.475222 1.48496 0.0450987
v 0.459844 1.47187 -0.0193085
v 0.307163 1.47414 0.0443172
v 0.371467 1.49458 0.120884
v 0.471246 1.48409 0.0634274
v 0.467625 1.48004 -0.0084068
v 0.438893 1.47246 -0.0110812
v 0.299436 1.47978 0.0657697
v 0.359605 1.49322 0.111886
v 0.458914 1.49257 0.0948516
v 0.360657 1.47301 0.0200532
v 0.351261 1.4755 0.023559
v 0.300484 1.47665 0.0553651
v 0.307557 1.4859 0.0808784
v 0.418086 1.49222 0.120109
v 0.465044 1.49105 0.0812412
v 0.472408 1.4894 0.0387136
v 0.474195 1.48289 0.0123326
v 0.417868 1.46967 -0.00423481
v 0.378637 1.47348 0.0165473
v 0.327331 1.46855 0.0277211
v 0.321538 1.49095 0.0830775
v 0.470085 1.49318 0.0548416
v 0.469875 1.48993 0.0254043
v 0.452893 1.48126 -0.00750207
v 0.389087 1.47639 0.0140469
v 0.317879 1.48301 0.0461527
v 0.309278 1.48698 0.0684711
v 0.350392 1.5016 0.102126
v 0.443947 1.48051 -0.00624287
v 0.435536 1.4819 -0.00267569
v 0.322058 1.47914 0.0384385
v 0.333981 1.49446 0.0916152
v 0.465313 1.48759 0.00609619
v 0.461507 1.48765 0.00250307
v 0.447936 1.48902 0.00197051
v 0.430909 1.49846 0.12081
v 0.462436 1.4944 0.0169916
v 0.338901 1.47244 0.0255381
v 0.317907 1.48958 0.0597556
v 0.467302 1.49412 0.0708618
v 0.468375 1.4964 0.0437387
v 0.451551 1.49371 0.0077052
v 0.415461 1.48456 0.00711756
v 0.33221 1.4839 0.0357908
v 0.321379 1.49256 0.0708829
v 0.332841 1.49705 0.0857662
v 0.363459 1.49819 0.114751
v 0.381848 1.50397 0.127448
v 0.389261 1.49727 0.127496
v 0.397121 1.50053 0.128042
v 0.440296 1.49349 0.115082
v 0.465295 1.50102 0.0411724
v 0.384028 1.4904 0.0216891
v 0.356233 1.50643 0.107183
v 0.440262 1.49223 0.00554472
v 0.426664 1.47734 -0.0029577
v 0.407443 1.4947 0.0165311
v 0.331938 1.49822 0.0590383
v 0.333168 1.50001 0.070351
v 0.34784 1.50736 0.0956902
v 0.405048 1.50183 0.128547
v 0.467166 1.50165 0.0576641
v 0.361728 1.49142 0.0280557
v 0.394906 1.50646 0.129553
v 0.456431 1.49624 0.0133776
v 0.327788 1.49145 0.0494293
v 0.368536 1.5104 0.121285
v 0.384337 1.5135 0.128352
v 0.41597 1.50714 0.130817
v 0.463114 1.50203 0.0902556
v 0.465551 1.50456 0.0734069
v 0.461011 1.50125 0.0272628
v 0.42304 1.49968 0.0140997
v 0.346872 1.48897 0.0317293
v 0.336112 1.50145 0.0804289
v 0.446307 1.50924 0.11637
v 0.450581 1.50588 0.0215017
v 0.337493 1.49565 0.0429077
v 0.465489 1.50932 0.0580739
v 0.442965 1.50297 0.0155879
v 0.341647 1.50943 0.0721225
v 0.363096 1.51795 0.117039
v 0.37424 1.5117 0.125244
v 0.407148 1.51485 0.135472
v 0.4603 1.51732 0.10149
v 0.455678 1.50821 0.0280591
v 0.358668 1.50101 0.0330184
v 0.347985 1.51399 0.0895683
v 0.465171 1.51398 0.0761306
v 0.459704 1.51632 0.0419017
v 0.390549 1.50631 0.0248196
v 0.348619 1.51116 0.0506059
v 0.344774 1.51221 0.0610198
v 0.42794 1.50818 0.126923
v 0.465395 1.51765 0.0659001
v 0.461299 1.50935 0.0401341
v 0.353068 1.50682 0.0401946
v 0.39429 1.51326 0.131274
v 0.414252 1.51775 0.136521
v 0.463096 1.51317 0.0915374
v 0.432812 1.50302 0.0146667
v 0.412207 1.50756 0.0202311
v 0.393805 1.49965 0.0221402
v 0.412837 1.51547 0.0224714
v 0.357157 1.51531 0.108205
v 0.46395 1.52154 0.0571089
v 0.423039 1.51473 0.0211865
v 0.367967 1.51223 0.0335325
v 0.362125 1.52304 0.0443051
v 0.455845 1.51322 0.109922
v 0.373559 1.50594 0.0288756
v 0.346898 1.51733 0.0797515
v 0.365488 1.52763 0.120466
v 0.379212 1.52679 0.127689
v 0.429757 1.52246 0.130426
v 0.437662 1.51582 0.123239
v 0.361309 1.51308 0.0382412
v 0.398936 1.51953 0.136193
v 0.456559 1.52396 0.0412532
v 0.447718 1.5171 0.0282929
v 0.439246 1.51705 0.0243264
v 0.464806 1.5235 0.0885705
v 0.379708 1.52195 0.0308216
v 0.39597 1.528 0.139852
v 0.422139 1.52198 0.135658
v 0.453247 1.52956 0.111141
v 0.464129 1.52769 0.0589348
v 0.402996 1.52094 0.0251643
v 0.372942 1.52487 0.0351632
v 0.357253 1.52482 0.0512893
v 0.349548 1.52322 0.0686835
v 0.402621 1.52945 0.143602
v 0.421987 1.53301 0.139508
v 0.439464 1.52724 0.122446
v 0.432744 1.51901 0.0234486
v 0.350095 1.52654 0.0835159
v 0.387703 1.51844 0.0275348
v 0.353825 1.52557 0.102011
v 0.395659 1.53465 0.147064
v 0.410527 1.53045 0.143797
v 0.466627 1.53213 0.077663
v 0.462353 1.53454 0.0517577
v 0.383231 1.53241 0.132639
v 0.4075 1.53622 0.151214
v 0.46484 1.54216 0.0935548
v 0.419582 1.53922 0.146609
v 0.440154 1.53622 0.12382
v 0.458568 1.5315 0.104718
v 0.466844 1.54302 0.0859472
v 0.443017 1.52671 0.02963
v 0.435318 1.5328 0.0272742
v 0.369022 1.53619 0.0407791
v 0.353237 1.526 0.0605709
v 0.357901 1.53357 0.11285
v 0.358539 1.54196 0.115519
v 0.365895 1.53618 0.121521
v 0.398508 1.53562 0.153879
v 0.395813 1.53614 0.165741
v 0.393259 1.53656 0.176685
v 0.428384 1.53995 0.139076
v 0.352181 1.53345 0.0706396
v 0.381721 1.5387 0.176932
v 0.458698 1.53841 0.0471536
v 0.450498 1.52796 0.035784
v 0.437434 1.55052 0.0287382
v 0.373303 1.54005 0.129212
v 0.394319 1.538 0.18765
v 0.418379 1.5282 0.0241816
v 0.351352 1.53495 0.0892782
v 0.422558 1.54335 0.155848
v 0.448982 1.54307 0.115708
v 0.461932 1.53718 0.0992785
v 0.428064 1.5318 0.0252508
v 0.415256 1.5542 0.0237615
v 0.405249 1.55363 0.0242722
v 0.360738 1.54116 0.0532694
v 0.351486 1.54427 0.102666
v 0.364451 1.5453 0.122808
v 0.36753 1.54651 0.129158
v 0.380653 1.54065 0.141052
v 0.383693 1.54115 0.188565
v 0.390679 1.5448 0.196121
v 0.433602 1.54552 0.140804
v 0.466782 1.54851 0.0701167
v 0.389662 1.54368 0.0280106
v 0.381448 1.54748 0.0322084
v 0.386695 1.53891 0.154753
v 0.403796 1.54612 0.19521
v 0.410112 1.54027 0.187671
v 0.441388 1.54478 0.127362
v 0.455619 1.55081 0.108704
v 0.464137 1.54843 0.0596793
v 0.37309 1.55351 0.0392324
v 0.352479 1.54424 0.0787647
v 0.367121 1.54708 0.168367
v 0.428367 1.54951 0.170252
v 0.443027 1.54409 0.0321624
v 0.348933 1.55178 0.0965931
v 0.372968 1.54579 0.148106
v 0.372455 1.54663 0.181557
v 0.442243 1.55046 0.133204
v 0.429642 1.55811 0.0251938
v 0.396896 1.54384 0.0258455
v 0.363678 1.55141 0.0515138
v 0.354008 1.55598 0.0725554
v 0.356946 1.55403 0.117538
v 0.362204 1.55232 0.137387
v 0.35647 1.54937 0.0660948
v 0.35112 1.54802 0.0846605
v 0.351583 1.55069 0.107335
v 0.364259 1.55051 0.131652
v 0.359964 1.5536 0.142266
v 0.417886 1.55057 0.188463
v 0.423473 1.55129 0.182284
v 0.437068 1.54944 0.144139
v 0.454838 1.55728 0.112092
v 0.350992 1.55759 0.104731
v 0.354409 1.55815 0.168504
v 0.403481 1.55434 0.196794
v 0.411262 1.5541 0.194008
v 0.419652 1.55708 0.188166
v 0.446377 1.56078 0.154059
v 0.448837 1.55753 0.129692
v 0.462693 1.55539 0.0990746
v 0.350218 1.55769 0.0899435
v 0.381068 1.5487 0.192626
v 0.46987 1.56711 0.0730915
v 0.457277 1.56247 0.0459113
v 0.451137 1.54611 0.0393857
v 0.355687 1.55519 0.163136
v 0.391683 1.55189 0.197733
v 0.462287 1.55695 0.0547411
v 0.453007 1.56342 0.0403942
v 0.35402 1.56176 0.116951
v 0.355685 1.56042 0.126344
v 0.354158 1.55602 0.155848
v 0.447944 1.56362 0.0351489
v 0.412816 1.56848 0.0216884
v 0.395661 1.55862 0.0258022
v 0.351799 1.56816 0.0734514
v 0.347468 1.56515 0.0888525
v 0.344765 1.56435 0.150011
v 0.45677 1.56458 0.11328
v 0.37244 1.56696 0.0393932
v 0.358762 1.5602 0.0603517
v 0.347075 1.5653 0.0991803
v 0.363266 1.55663 0.179179
v 0.370348 1.56316 0.188061
v 0.383207 1.56327 0.194371
v 0.46124 1.56876 0.103801
v 0.398124 1.56648 0.0236212
v 0.452814 1.56551 0.146641
v 0.460616 1.56858 0.0483712
v 0.44225 1.57049 0.0293299
v 0.426838 1.57143 0.0222037
v 0.348662 1.57055 0.120585
v 0.346813 1.56828 0.169363
v 0.349785 1.57244 0.177126
v 0.395137 1.56694 0.196215
v 0.437335 1.56345 0.170268
v 0.443979 1.56277 0.160537
v 0.457309 1.5675 0.122317
v 0.467392 1.5702 0.060998
v 0.384551 1.56726 0.0297776
v 0.365363 1.5613 0.184039
v 0.442759 1.57508 0.169159
v 0.468687 1.56409 0.0882759
v 0.365633 1.56759 0.0495944
v 0.35646 1.5728 0.0622695
v 0.347291 1.57645 0.108421
v 0.342054 1.57067 0.139253
v 0.413676 1.5696 0.190039
v 0.386204 1.57578 0.0242754
v 0.368865 1.57536 0.0337532
v 0.384769 1.57222 0.197374
v 0.431009 1.57002 0.177513
v 0.450414 1.57765 0.161574
v 0.459996 1.57313 0.140471
v 0.463862 1.57824 0.132305
v 0.461847 1.58257 0.0436627
v 0.459338 1.57141 0.0338827
v 0.362634 1.57885 0.0512703
v 0.347268 1.5751 0.0842205
v 0.346411 1.57305 0.0935924
v 0.343648 1.56714 0.160837
v 0.36809 1.57501 0.190323
v 0.40265 1.56939 0.195191
v 0.397465 1.5773 0.0193069
v 0.354079 1.58499 0.0613416
v 0.337608 1.57734 0.15532
v 0.352585 1.57911 0.184412
v 0.411958 1.57547 0.191861
v 0.456584 1.57497 0.151241
v 0.465311 1.57872 0.0987412
v 0.457717 1.57638 0.0276463
v 0.437092 1.58143 0.017414
v 0.425778 1.58081 0.0152041
v 0.375646 1.57797 0.194532
v 0.468879 1.58927 0.120732
v 0.459454 1.58312 0.0293995
v 0.343842 1.58541 0.11249
v 0.389826 1.57933 0.202797
v 0.398426 1.58009 0.202181
v 0.464026 1.579 0.112565
v 0.40832 1.58047 0.0160261
v 0.391114 1.5904 0.0193477
v 0.374871 1.58154 0.0261623
v 0.337679 1.58888 0.125746
v 0.338309 1.57854 0.136663
v 0.342046 1.57901 0.170463
v 0.407758 1.58522 0.19824
v 0.434996 1.57965 0.176471
v 0.471049 1.58541 0.0820748
v 0.473211 1.58821 0.0689613
v 0.47142 1.58088 0.0661399
v 0.468712 1.58275 0.0563096
v 0.344721 1.5929 0.0885487
v 0.337537 1.58108 0.16146
v 0.467462 1.58779 0.0982479
v 0.473204 1.59049 0.0877984
v 0.414036 1.59237 0.0145065
v 0.364201 1.58382 0.0347385
v 0.357698 1.59249 0.048954
v 0.338771 1.59161 0.105317
v 0.398115 1.58969 0.201185
v 0.424739 1.58587 0.182913
v 0.448232 1.58016 0.0208648
v 0.364327 1.5948 0.0339388
v 0.349047 1.59107 0.0690376
v 0.333962 1.61019 0.173745
v 0.358375 1.58082 0.189363
v 0.386038 1.58917 0.199799
v 0.464368 1.58515 0.142632
v 0.471497 1.59254 0.101179
v 0.473017 1.59013 0.0796723
v 0.456481 1.58509 0.0239748
v 0.425368 1.59746 0.0133349
v 0.36103 1.60189 0.0374965
v 0.334162 1.59102 0.140787
v 0.37441 1.58834 0.193008
v 0.463683 1.59525 0.149858
v 0.4691 1.59283 0.132546
v 0.472555 1.59684 0.108307
v 0.463904 1.59831 0.0272557
v 0.349345 1.60142 0.0574382
v 0.340821 1.59562 0.0948288
v 0.329505 1.59759 0.0995186
v 0.333139 1.59455 0.107923
v 0.343457 1.59831 0.184738
v 0.385411 1.59708 0.203227
v 0.437709 1.59264 0.178868
v 0.457095 1.58588 0.156546
v 0.464761 1.59302 0.0350245
v 0.405317 1.60064 0.0123372
v 0.346084 1.59437 0.0774119
v 0.33743 1.59225 0.116368
v 0.409068 1.59263 0.195794
v 0.479623 1.59657 0.083692
v 0.474852 1.5953 0.0731138
v 0.447601 1.59806 0.0177715
v 0.3885 1.59511 0.0198014
v 0.376742 1.59725 0.0243026
v 0.341492 1.59925 0.0928405
v 0.370775 1.59595 0.196459
v 0.394411 1.59795 0.204638
v 0.421071 1.59367 0.18486
v 0.459282 1.61513 0.165073
v 0.475392 1.60134 0.0805955
v 0.468622 1.59755 0.0435909
v 0.468752 1.60402 0.0299815
v 0.344821 1.60324 0.0677612
v 0.329884 1.60208 0.0953845
v 0.334103 1.60196 0.113256
v 0.333969 1.60426 0.121652
v 0.350392 1.59738 0.191331
v 0.40392 1.59837 0.202164
v 0.483405 1.59993 0.0957353
v 0.477784 1.60157 0.0837122
v 0.424066 1.60525 0.00702606
v 0.367545 1.60223 0.0294075
v 0.339715 1.60711 0.0776899
v 0.335416 1.60804 0.0832307
v 0.328875 1.61259 0.145095
v 0.358537 1.59323 0.193692
v 0.421814 1.60167 0.189734
v 0.429997 1.60169 0.185339
v 0.444194 1.5925 0.174752
v 0.468635 1.59894 0.139176
v 0.476296 1.60023 0.102688
v 0.493617 1.60972 0.0822429
v 0.490351 1.60357 0.0825303
v 0.475722 1.60038 0.061132
v 0.474303 1.60056 0.0527661
v 0.390459 1.60556 0.0101654
v 0.32816 1.60097 0.103636
v 0.459816 1.60263 0.0218366
v 0.445408 1.60859 0.0084138
v 0.408887 1.60428 0.00698748
v 0.325518 1.611 0.0865381
v 0.363544 1.60307 0.196422
v 0.373409 1.60292 0.197836
v 0.397434 1.60754 0.20272
v 0.452869 1.60879 0.17183
v 0.490667 1.61209 0.0859786
v 0.480264 1.61058 0.0976665
v 0.474879 1.60806 0.04028
v 0.460592 1.61246 0.0129993
v 0.434879 1.60928 0.00455412
v 0.388317 1.60798 0.202013
v 0.410697 1.60246 0.19845
v 0.441752 1.61058 0.182758
v 0.49446 1.61256 0.0755939
v 0.416815 1.6173 -0.00622256
v 0.322497 1.6174 0.0888114
v 0.329555 1.61218 0.106862
v 0.334603 1.58703 0.151922
v 0.350951 1.60902 0.1951
v 0.422782 1.60854 0.189393
v 0.485911 1.6128 0.0742347
v 0.480062 1.60886 0.0713724
v 0.401824 1.61732 -0.00295085
v 0.369649 1.61306 0.0190313
v 0.325737 1.61296 0.0959038
v 0.329426 1.61862 0.10443
v 0.343362 1.61177 0.189547
v 0.381322 1.61474 0.200033
v 0.406372 1.60976 0.199378
v 0.428941 1.61756 -0.00679103
v 0.38464 1.62116 0.00204997
v 0.375805 1.61529 0.0122925
v 0.341498 1.61634 0.0600313
v 0.330828 1.61626 0.120064
v 0.399328 1.61522 0.205496
v 0.416604 1.61591 0.191197
v 0.471407 1.60282 0.131138
v 0.476526 1.61006 0.106941
v 0.481581 1.61972 0.0888221
v 0.481452 1.61349 0.0510458
v 0.478335 1.61586 0.0342723
v 0.473336 1.61783 0.0188097
v 0.425255 1.62764 -0.0125988
v 0.353717 1.61638 0.0386413
v 0.330436 1.61997 0.0953996
v 0.394063 1.61352 0.204922
v 0.438074 1.62005 0.185747
v 0.448369 1.61494 0.178617
v 0.461754 1.62278 0.00190419
v 0.333981 1.62022 0.0752575
v 0.329724 1.62569 0.16581
v 0.359215 1.61582 0.197969
v 0.37721 1.61218 0.19735
v 0.377451 1.62204 0.200875
v 0.470905 1.61398 0.139499
v 0.483437 1.62806 0.0285925
v 0.445093 1.62098 -0.00493416
v 0.352072 1.62616 0.0328306
v 0.34107 1.62522 0.0562502
v 0.322441 1.62469 0.082518
v 0.328185 1.6236 0.0897678
v 0.328543 1.63072 0.116246
v 0.330368 1.61088 0.160464
v 0.412464 1.61884 0.194358
v 0.468411 1.6196 0.148647
v 0.478451 1.62288 0.110924
v 0.484202 1.61948 0.0839407
v 0.49474 1.62519 0.0776439
v 0.497775 1.62577 0.0727647
v 0.489809 1.62035 0.069939
v 0.495604 1.62861 0.0687452
v 0.486849 1.62133 0.0623505
v 0.360321 1.61926 0.0251946
v 0.394083 1.62053 0.215471
v 0.423549 1.62189 0.189183
v 0.477343 1.63349 0.129095
v 0.47302 1.60329 0.121969
v 0.48238 1.62695 0.0863356
v 0.485517 1.62578 0.0815445
v 0.333828 1.62989 0.0716625
v 0.33074 1.63005 0.0988759
v 0.372505 1.62208 0.198313
v 0.388216 1.62703 0.21347
v 0.383844 1.62139 0.209274
v 0.412015 1.625 0.204544
v 0.485755 1.62591 0.0434925
v 0.440439 1.63303 -0.0136463
v 0.407942 1.63012 -0.0113778
v 0.397705 1.6377 -0.0109475
v 0.393629 1.62732 -0.00587242
v 0.330028 1.6283 0.0913291
v 0.394708 1.62667 0.218418
v 0.478625 1.63138 0.121585
v 0.480692 1.63244 0.100143
v 0.482713 1.6367 0.0142507
v 0.452282 1.6324 -0.00945584
v 0.368244 1.62876 0.0106765
v 0.339069 1.6342 0.0535093
v 0.319603 1.62991 0.0799722
v 0.322454 1.63272 0.086922
v 0.329265 1.63495 0.0969786
v 0.349751 1.62098 0.194627
v 0.404958 1.62818 0.215309
v 0.445161 1.62824 0.18013
v 0.497607 1.63611 0.0768649
v 0.473458 1.63053 0.00568404
v 0.465994 1.63708 -0.00431905
v 0.37687 1.63457 0.00180737
v 0.352496 1.6388 0.0245383
v 0.326138 1.64606 0.151605
v 0.335702 1.63114 0.179945
v 0.417404 1.62704 0.19334
v 0.487265 1.63323 0.0860318
v 0.499826 1.6354 0.0676405
v 0.487459 1.64153 0.0212076
v 0.430618 1.63951 -0.017428
v 0.333517 1.6366 0.0726207
v 0.322368 1.63744 0.0798551
v 0.419965 1.63139 0.190307
v 0.452858 1.62184 0.174084
v 0.386524 1.64476 -0.0074265
v 0.360129 1.64324 0.0146613
v 0.329707 1.63951 0.104694
v 0.325619 1.63346 0.134299
v 0.357509 1.62621 0.19684
v 0.373923 1.63118 0.196528
v 0.405969 1.63511 0.210476
v 0.326639 1.64577 0.115658
v 0.35012 1.64202 0.186001
v 0.397198 1.63971 0.207046
v 0.408242 1.63969 0.200758
v 0.466965 1.63343 0.153441
v 0.407739 1.64182 -0.0156919
v 0.343889 1.64341 0.0357876
v 0.321226 1.64307 0.0830134
v 0.329883 1.64299 0.0963204
v 0.325608 1.63414 0.147158
v 0.379025 1.64312 0.192628
v 0.382172 1.63727 0.198042
v 0.388635 1.63521 0.205389
v 0.412309 1.6423 0.192612
v 0.456435 1.63853 0.166226
v 0.488389 1.64088 0.0877552
v 0.458184 1.64631 -0.0137069
v 0.413425 1.65297 -0.0189306
v 0.373036 1.65112 0.000943742
v 0.332585 1.64543 0.0710131
v 0.330187 1.64559 0.162198
v 0.435066 1.63291 0.18476
v 0.464483 1.64732 0.152152
v 0.483159 1.64146 0.115804
v 0.48636 1.64514 0.0970496
v 0.490496 1.63771 0.0402522
v 0.445086 1.64541 -0.0181893
v 0.431062 1.65443 -0.0214997
v 0.319862 1.64966 0.0882005
v 0.327639 1.64859 0.104244
v 0.3271 1.65412 0.129147
v 0.44911 1.64434 0.169073
v 0.476502 1.64244 0.133145
v 0.501394 1.64264 0.0739615
v 0.490404 1.63846 0.0612385
v 0.327626 1.65203 0.0771321
v 0.395705 1.65327 -0.0134273
v 0.404344 1.64819 0.197212
v 0.419738 1.63947 0.187372
v 0.479379 1.64974 0.00229927
v 0.320682 1.64778 0.0790845
v 0.341973 1.64319 0.181322
v 0.355383 1.64642 0.185769
v 0.421767 1.65036 0.178502
v 0.48724 1.65006 0.094147
v 0.499063 1.64623 0.0804211
v 0.494605 1.64908 0.0701765
v 0.324592 1.64634 0.139518
v 0.337375 1.65201 0.170699
v 0.452351 1.65419 0.160982
v 0.494122 1.65065 0.0551585
v 0.456537 1.65983 -0.0203596
v 0.432876 1.6663 -0.0219012
v 0.343433 1.6546 0.0344666
v 0.336584 1.65119 0.0480795
v 0.329645 1.65343 0.0710148
v 0.326009 1.66827 0.126455
v 0.369978 1.64623 0.187902
v 0.391218 1.65479 0.192874
v 0.39845 1.6472 0.200873
v 0.437393 1.6475 0.173486
v 0.486759 1.65946 0.00964066
v 0.472019 1.65062 -0.00626031
v 0.451357 1.66401 -0.0236512
v 0.438644 1.65192 -0.0214505
v 0.382115 1.65888 -0.00641458
v 0.336488 1.661 0.0458151
v 0.489842 1.65429 0.0787146
v 0.494703 1.65475 0.069902
v 0.408362 1.6606 -0.0177717
v 0.324688 1.65979 0.0879908
v 0.381096 1.65354 0.186628
v 0.442302 1.65667 0.168071
v 0.493808 1.65348 0.0331196
v 0.477149 1.66867 -0.00754722
v 0.352311 1.6578 0.18214
v 0.409611 1.65445 0.184587
v 0.466604 1.66645 0.144161
v 0.477136 1.65494 0.125452
v 0.48429 1.66152 0.096698
v 0.464657 1.65984 -0.0159371
v 0.458594 1.67508 -0.0237981
v 0.420313 1.6629 -0.0198801
v 0.396251 1.66631 -0.0127953
v 0.328164 1.66152 0.101276
v 0.332784 1.66536 0.160818
v 0.336748 1.65991 0.16835
v 0.36022 1.66016 0.184682
v 0.390438 1.6605 0.189416
v 0.398448 1.65856 0.190211
v 0.473938 1.64901 0.137508
v 0.49454 1.66782 0.0289335
v 0.425788 1.67074 -0.0203526
v 0.371667 1.67015 0.00158479
v 0.328522 1.6639 0.144955
v 0.376938 1.65828 0.183357
v 0.40565 1.66412 0.184385
v 0.432652 1.65794 0.172774
v 0.436815 1.66898 0.174761
v 0.383079 1.67109 -0.0064173
v 0.327314 1.66371 0.10737
v 0.464285 1.65804 0.149553
v 0.497085 1.66828 0.0498892
v 0.486668 1.6782 0.00418679
v 0.352747 1.6582 0.0209382
v 0.327211 1.67049 0.067111
v 0.34452 1.67907 0.179721
v 0.353336 1.67169 0.183942
v 0.377233 1.66561 0.185639
v 0.389818 1.66855 0.188789
v 0.455484 1.66313 0.159762
v 0.496908 1.67508 0.0610221
v 0.491434 1.67601 0.0158921
v 0.468168 1.67353 -0.0175258
v 0.362535 1.66424 0.00981754
v 0.416217 1.66084 0.176893
v 0.481736 1.66885 0.103909
v 0.491739 1.66622 0.0870593
v 0.32571 1.6799 0.124606
v 0.330736 1.67749 0.149506
v 0.421817 1.67066 0.179569
v 0.451261 1.6712 0.166569
v 0.413718 1.69216 -0.0334384
v 0.445219 1.67179 -0.0243489
v 0.33097 1.66833 0.0559628
v 0.321636 1.69291 0.0792375
v 0.323385 1.66611 0.0922057
v 0.467648 1.67805 0.138563
v 0.351091 1.68208 0.0217906
v 0.335399 1.68375 0.162102
v 0.353113 1.68148 0.185256
v 0.364586 1.67442 0.186947
v 0.402247 1.6725 0.188153
v 0.472784 1.6683 0.129034
v 0.325013 1.69139 0.0685243
v 0.320002 1.67926 0.106012
v 0.379801 1.6844 0.191609
v 0.421748 1.68458 0.185295
v 0.412511 1.69241 -0.0332745
v 0.409728 1.69061 -0.0318382
v 0.457021 1.67324 0.159992
v 0.385762 1.6805 -0.0058703
v 0.327059 1.68888 0.132352
v 0.368328 1.68352 0.190316
v 0.410768 1.69205 -0.032728
v 0.494387 1.67864 0.0779536
v 0.449676 1.68495 -0.023539
v 0.438454 1.67822 -0.0222147
v 0.376643 1.68735 0.00132052
v 0.336081 1.67831 0.0443971
v 0.433584 1.68136 0.179736
v 0.441803 1.67903 0.175032
v 0.496899 1.68382 0.0540922
v 0.493247 1.69223 0.0255324
v 0.482272 1.69647 -0.00279226
v 0.478865 1.68334 -0.00899795
v 0.424956 1.67768 -0.0214666
v 0.330363 1.69034 0.151132
v 0.457447 1.68307 0.155154
v 0.490891 1.69805 0.0832573
v 0.466179 1.68302 -0.0202156
v 0.458359 1.68738 -0.02349
v 0.406447 1.67724 -0.0216065
v 0.398285 1.6773 -0.0133602
v 0.36633 1.68952 0.00807555
v 0.317774 1.69622 0.106042
v 0.342734 1.6897 0.171996
v 0.449081 1.67785 0.169434
v 0.413921 1.69377 -0.0337034
v 0.408582 1.69174 -0.0315848
v 0.357184 1.68664 0.0153063
v 0.341816 1.67854 0.0344073
v 0.319412 1.69317 0.0904083
v 0.406654 1.68566 0.189419
v 0.474669 1.68331 0.121076
v 0.475686 1.69755 -0.01115
v 0.433413 1.68284 -0.0258782
v 0.422471 1.68064 -0.0276874
v 0.4094 1.69357 -0.0323962
v 0.318789 1.7006 0.0950634
v 0.496165 1.68224 0.0385787
v 0.399316 1.69425 -0.0250295
v 0.394658 1.68343 -0.0156405
v 0.327037 1.69449 0.138626
v 0.35402 1.69494 0.180945
v 0.392601 1.68631 0.191612
v 0.479864 1.69525 0.11563
v 0.485003 1.68445 0.106573
v 0.411733 1.69404 -0.0332922
v 0.406275 1.69466 -0.0307087
v 0.392442 1.69434 -0.0134754
v 0.387536 1.6884 -0.0066372
v 0.341279 1.69716 0.0349656
v 0.317728 1.69873 0.120565
v 0.334104 1.69746 0.1585
v 0.409048 1.69855 0.18888
v 0.464933 1.68886 0.141547
v 0.455056 1.69588 -0.0215231
v 0.439238 1.68547 -0.0238579
v 0.41562 1.69469 -0.034025
v 0.362741 1.69439 0.186736
v 0.493031 1.70557 0.0535664
v 0.487394 1.69385 0.00602476
v 0.464469 1.69801 -0.0192698
v 0.439583 1.68987 -0.0265681
v 0.409932 1.69555 -0.0327152
v 0.321965 1.70166 0.080234
v 0.441011 1.68989 0.172799
v 0.459993 1.70212 0.144365
v 0.468678 1.69462 0.132084
v 0.492391 1.70257 0.0726269
v 0.492478 1.70622 0.0399615
v 0.491122 1.69286 0.0159071
v 0.408576 1.6998 -0.0315312
v 0.366644 1.70189 0.0105245
v 0.358938 1.70151 0.0160886
v 0.327608 1.69794 0.0608988
v 0.483088 1.70499 0.102236
v 0.447117 1.69486 -0.0214724
v 0.442885 1.70382 -0.0229736
v 0.431612 1.69078 -0.0290493
v 0.42525 1.69526 -0.0324142
v 0.46937 1.71001 -0.0119371
v 0.460006 1.70691 -0.0168338
v 0.387698 1.7108 -0.0038406
v 0.385705 1.70152 -0.00342913
v 0.379099 1.70197 0.00308839
v 0.323337 1.70384 0.138949
v 0.346021 1.70727 0.170061
v 0.357582 1.71937 0.178679
v 0.373649 1.69647 0.190197
v 0.390255 1.69866 0.19131
v 0.487421 1.71033 0.0181503
v 0.413598 1.69694 -0.0339646
v 0.348168 1.69933 0.0264328
v 0.327724 1.71354 0.146689
v 0.434833 1.71115 0.175428
v 0.401574 1.70364 -0.0262579
v 0.393892 1.71062 -0.0123372
v 0.333296 1.69783 0.0481386
v 0.366032 1.71501 0.184954
v 0.451191 1.69304 0.160092
v 0.471296 1.70459 0.130244
v 0.431539 1.70781 -0.0286313
v 0.320084 1.71887 0.12299
v 0.398754 1.71472 0.188684
v 0.488862 1.70838 0.0809423
v 0.482418 1.70979 0.00409773
v 0.451362 1.7085 -0.0176226
v 0.412249 1.70292 -0.0323767
v 0.399872 1.71467 -0.0205157
v 0.349939 1.715 0.0292996
v 0.321146 1.71659 0.0970807
v 0.349193 1.72434 0.168251
v 0.422144 1.70186 0.18448
v 0.487933 1.72085 0.0485377
v 0.475422 1.71089 -0.0069266
v 0.331232 1.71406 0.059226
v 0.334985 1.70918 0.154443
v 0.379464 1.7136 0.188755
v 0.458724 1.71449 -0.0142651
v 0.434692 1.72104 -0.022704
v 0.34048 1.71247 0.0409473
v 0.325761 1.71432 0.0755365
v 0.326305 1.72598 0.0880097
v 0.331377 1.72329 0.150135
v 0.490661 1.70902 0.0307925
v 0.396731 1.72432 -0.00559313
v 0.390554 1.72078 -0.00318511
v 0.362196 1.71903 0.0197664
v 0.340198 1.72212 0.0460496
v 0.319351 1.71733 0.112197
v 0.374905 1.722 0.185749
v 0.410095 1.71831 0.186204
v 0.441045 1.71326 0.16861
v 0.483041 1.72502 0.0762103
v 0.465621 1.72626 -0.00411146
v 0.448573 1.71794 -0.0144479
v 0.439718 1.72419 -0.0176147
v 0.426543 1.73035 -0.015485
v 0.386871 1.7228 0.00159841
v 0.381204 1.71423 0.00407235
v 0.464216 1.71365 0.138553
v 0.479895 1.71935 0.0972303
v 0.483761 1.7225 0.0229633
v 0.439673 1.72799 -0.0102728
v 0.327468 1.73417 0.130172
v 0.452629 1.72626 0.150571
v 0.474768 1.7154 0.114068
v 0.487419 1.7199 0.063561
v 0.483719 1.72823 0.0394188
v 0.407341 1.73292 -0.00590375
v 0.374989 1.71664 0.0105635
v 0.367231 1.72663 0.181753
v 0.422059 1.71786 0.181833
v 0.478414 1.72397 0.00960276
v 0.474475 1.72448 0.00398105
v 0.339351 1.72894 0.0533726
v 0.33086 1.72725 0.0732311
v 0.325316 1.72935 0.100536
v 0.425082 1.72646 0.176445
v 0.410942 1.73295 0.000106745
v 0.396481 1.72867 0.00042173
v 0.337324 1.72737 0.156596
v 0.356338 1.73001 0.172564
v 0.386233 1.73258 0.182512
v 0.392635 1.72505 0.186267
v 0.406995 1.73415 0.180054
v 0.473406 1.73333 0.09587
v 0.464612 1.73918 0.0182598
v 0.425431 1.73239 -0.00583555
v 0.384898 1.72438 0.00416901
v 0.350373 1.72577 0.0335832
v 0.334024 1.73853 0.0851051
v 0.43138 1.72078 0.175233
v 0.475537 1.73666 0.0775067
v 0.480795 1.73343 0.0531578
v 0.479816 1.73018 0.0261088
v 0.450907 1.72583 -0.00660465
v 0.325155 1.73234 0.116175
v 0.338253 1.73511 0.0638533
v 0.334454 1.74584 0.124016
v 0.344537 1.73467 0.160347
v 0.441064 1.73346 0.16106
v 0.465909 1.73163 0.117282
v 0.470761 1.73895 0.0276051
v 0.451972 1.74165 0.0135105
v 0.438728 1.73053 -0.00275001
v 0.390383 1.73094 0.00452935
v 0.380188 1.72798 0.0120606
v 0.364975 1.72966 0.0227838
v 0.476076 1.73741 0.0383809
v 0.353117 1.73884 0.167022
v 0.351713 1.73406 0.0378242
v 0.430139 1.73987 0.166388
v 0.468359 1.74715 0.0534471
v 0.465024 1.74657 0.0370781
v 0.423508 1.73302 0.00129652
v 0.411279 1.74271 0.0107921
v 0.398222 1.73649 0.00867867
v 0.371186 1.73959 0.0259804
v 0.344482 1.74583 0.0674594
v 0.461223 1.74054 0.115418
v 0.446575 1.73804 0.00679681
v 0.411645 1.73382 0.00336732
v 0.348933 1.74191 0.0502221
v 0.335029 1.74408 0.0977014
v 0.34043 1.74893 0.141779
v 0.352904 1.7571 0.146211
v 0.472477 1.74294 0.0626152
v 0.390067 1.73995 0.0158959
v 0.339433 1.75035 0.106295
v 0.363661 1.7459 0.170118
v 0.379224 1.74965 0.172623
v 0.395483 1.74446 0.177231
v 0.401708 1.7505 0.17087
v 0.466262 1.74473 0.0919707
v 0.457116 1.74737 0.0275239
v 0.433564 1.73802 0.00419834
v 0.379939 1.74799 0.0291726
v 0.360121 1.74217 0.0361634
v 0.354452 1.75106 0.0566842
v 0.343108 1.75399 0.12634
v 0.4353 1.74392 0.0107701
v 0.349345 1.75898 0.114709
v 0.413831 1.74619 0.171225
v 0.452166 1.74306 0.130144
v 0.457807 1.74829 0.108644
v 0.451279 1.75321 0.112287
v 0.46093 1.75325 0.0726033
v 0.41748 1.74708 0.0145113
v 0.364339 1.74807 0.0397636
v 0.348276 1.7522 0.0742293
v 0.353082 1.75982 0.096716
v 0.354582 1.7612 0.136712
v 0.363215 1.76002 0.152228
v 0.420333 1.75587 0.153482
v 0.43835 1.75013 0.141803
v 0.456739 1.75521 0.0878938
v 0.373691 1.76568 0.151093
v 0.391785 1.7561 0.165923
v 0.410849 1.76154 0.152507
v 0.447162 1.75821 0.10642
v 0.455058 1.75793 0.0635457
v 0.46028 1.75217 0.0469186
v 0.393275 1.75028 0.0239809
v 0.373403 1.75337 0.0404966
v 0.364088 1.75506 0.052543
v 0.449733 1.75459 0.0373164
v 0.440416 1.75107 0.0229681
v 0.362377 1.75962 0.0683382
v 0.439798 1.75521 0.130212
v 0.444378 1.7631 0.0579239
v 0.43951 1.75937 0.0393259
v 0.425666 1.75411 0.0234178
v 0.404585 1.75286 0.0222212
v 0.367475 1.76475 0.0814986
v 0.368972 1.76824 0.119412
v 0.383788 1.76465 0.154217
v 0.398936 1.76621 0.149772
v 0.428093 1.75622 0.145058
v 0.427228 1.76231 0.131007
v 0.441399 1.7651 0.0882444
v 0.373582 1.75793 0.0485373
v 0.376482 1.76227 0.0567551
v 0.39133 1.75636 0.0358304
v 0.379426 1.77029 0.124175
v 0.379241 1.76964 0.136059
v 0.38592 1.77209 0.135572
v 0.411261 1.76585 0.14256
v 0.39177 1.76369 0.0499691
v 0.364711 1.76627 0.103656
v 0.437429 1.7643 0.106471
v 0.433121 1.76506 0.0488705
v 0.429795 1.75883 0.0322499
v 0.374428 1.76518 0.0691208
v 0.37751 1.77054 0.104279
v 0.424212 1.76806 0.115385
v 0.445641 1.76363 0.0728065
v 0.410692 1.75944 0.0328808
v 0.399798 1.76176 0.0413516
v 0.410225 1.76897 0.132448
v 0.399835 1.76884 0.05554
v 0.407397 1.77367 0.112582
v 0.431713 1.76948 0.0657075
v 0.427116 1.77215 0.0795099
v 0.418233 1.77071 0.0546655
v 0.418341 1.76539 0.0417332
v 0.395703 1.77139 0.0660654
v 0.417964 1.77494 0.0818281
v 0.414666 1.7749 0.0683535
v 0.405983 1.76629 0.0476307
v 0.396948 1.77419 0.109075
v 0.399868 1.77663 0.10068
v 0.414296 1.77406 0.0988821
v 0.409809 1.77732 0.0883277
v 0.407265 1.77626 0.0718861
v 0.406118 1.77225 0.0594569
v 0.40141 0.682446 0.0216413
v 0.264417 1.29117 0.153789
v 0.345131 1.59031 0.0976144
v 0.485302 1.59633 0.0887599
v 0.157372 1.41757 0.394252
v 0.506172 1.42923 -0.0662325
v 0.599028 0.806274 0.0469068
v 0.0880185 1.24702 0.16466
v 0.411655 1.66982 -0.0172781
v 0.113825 1.28641 0.152335
v 0.521795 1.2937 -0.0996824
v 0.142259 1.45304 0.434219
v 0.153959 1.44984 0.438043
v 0.405856 1.53815 0.162381
v 0.406617 1.53725 0.186634
v 0.40585 1.5382 0.17644
v 0.416129 1.54297 0.176252
v 0.858182 1.08574 -0.255196
v 0.854296 1.08158 -0.241694
v 0.482386 1.65595 0.111802
v 0.482461 1.64831 0.112745
v 0.485593 1.6551 0.0874682
v 0.484593 1.65042 0.101966
v 0.483615 1.64215 0.103921
v 0.326717 1.65343 0.107422
v 0.323797 1.65523 0.0896126
v 0.560204 0.656633 -0.0292315
v 0.561951 0.646124 -0.0252179
v 0.525891 1.17922 -0.138663
v 0.183444 1.33212 0.202857
v 0.491839 1.6357 0.0653938
v 0.378692 1.4088 -0.0140121
v 0.340076 1.40795 -0.00481558
v 0.353586 1.40958 -0.00136442
v 0.392993 1.40979 -0.0179178
v 0.375876 1.41078 0.00410372
v 0.361114 1.40865 -0.00724779
v 0.23373 1.34867 0.159556
v 0.233299 1.33205 0.140606
v 0.238931 1.33713 0.14486
v 0.222689 1.34969 0.169028
v 0.228138 1.34087 0.155832
v 0.212314 1.34746 0.17812
v 0.225022 1.3596 0.173037
v 0.175045 1.48695 0.411002
v 0.163024 1.4715 0.429176
v 0.16967 1.48329 0.417491
v 0.175897 1.45884 0.426751
v 0.27026 1.26137 0.157659
v 0.274743 1.24915 0.158967
v 0.264688 1.27173 0.154883
v 0.268564 1.28199 0.160674
v 0.265306 1.24829 0.147409
v 0.193654 1.47646 0.410295
v 0.187543 1.47931 0.406086
v 0.209067 1.47195 0.397927
v 0.191395 1.46214 0.415886
v 0.278607 1.47343 0.0682801
v 0.252285 1.46464 0.0829701
v 0.291514 1.47784 0.0688149
v 0.267697 1.47139 0.0783606
v 0.252675 1.46196 0.0771724
v 0.518313 1.21178 -0.119364
v 0.843366 1.05865 -0.250166
v 0.83554 1.05145 -0.254458
v 0.824745 1.03851 -0.260503
v 0.843099 1.04901 -0.252043
v 0.840976 1.0564 -0.258235
v 0.827468 1.04728 -0.258314
v 0.829011 1.03325 -0.247357
v 0.852547 1.05317 -0.251403
v 0.836062 1.05784 -0.257717
v 0.834445 1.04214 -0.24534
v 0.85006 1.05901 -0.246417
v 0.850977 1.06737 -0.236994
v 0.178005 1.43181 0.403039
v 0.196082 1.43853 0.406598
v 0.147756 1.4281 0.431043
v 0.188177 1.43526 0.400555
v 0.16179 1.42159 0.428453
v 0.197152 1.44528 0.403729
v 0.169033 1.43672 0.394537
v 0.17731 1.41957 0.418539
v 0.165123 1.42332 0.411058
v 0.170921 1.42083 0.42198
v 0.154918 1.4224 0.415655
v 0.193365 1.45348 0.405066
v 0.545872 1.15916 -0.160005
v 0.858896 1.04923 -0.294107
v 0.863981 1.05842 -0.297985
v 0.841809 1.02536 -0.282445
v 0.857458 1.03321 -0.286113
v 0.85096 1.03192 -0.286704
v 0.827394 1.01903 -0.289831
v 0.557899 1.25982 -0.0452545
v 0.541728 1.33413 -0.0147404
v 0.538433 1.3072 -0.0238438
v 0.562893 1.2669 -0.0507449
v 0.56001 1.25336 -0.0498736
v 0.563352 1.31913 -0.0401586
v 0.54815 1.33666 -0.00872414
v 0.559616 1.35096 -0.0246979
v 0.532356 1.33251 -0.0128079
v 0.550495 1.31679 -0.0297732
v 0.552856 1.26841 -0.0346187
v 0.562901 1.29308 -0.0434261
v 0.555515 1.28439 -0.0350968
v 0.550957 1.33985 -0.0154338
v 0.507225 1.30537 -0.0257627
v 0.52405 1.3076 -0.0202158
v 0.549233 1.33831 -0.00380397
v 0.517025 1.3059 -0.0217168
v 0.535166 1.29799 -0.0243236
v 0.545579 1.30206 -0.0277041
v 0.556797 1.23123 -0.0565279
v 0.562064 1.27366 -0.0490831
v 0.551523 1.34063 -0.0212313
v 0.546358 1.33461 -0.0219089
v 0.549886 1.3279 -0.0276682
v 0.542191 1.33851 0.0058324
v 0.542426 1.29365 -0.0269589
v 0.559604 1.34281 -0.0099421
v 0.567216 1.24436 -0.0569832
v 0.551607 1.28884 -0.0311301
v 0.406868 1.68931 -0.0297225
v 0.416114 1.68951 -0.0334235
v 0.423525 1.70567 -0.033686
v 0.410817 1.68935 -0.0321455
v 0.405195 1.72673 -0.0139476
v 0.414136 1.69111 -0.033378
v 0.416702 1.7024 -0.0333727
v 0.413304 1.71301 -0.0296599
v 0.411192 1.68185 -0.0293016
v 0.424751 1.72119 -0.0272419
v 0.418957 1.69635 -0.034221
v 0.419418 1.69142 -0.0337251
v 0.415898 1.6927 -0.0337752
v 0.40677 1.70654 -0.0293274
v 0.398184 1.68337 -0.0242348
v 0.412929 1.68692 -0.0321176
v 0.42019 1.68768 -0.0315758
v 0.413184 1.68973 -0.0329666
v 0.392433 1.77259 0.120377
v 0.402604 1.77183 0.125769
v 0.385088 1.77146 0.0825221
v 0.39209 1.77247 0.134511
v 0.398623 1.77581 0.0927338
v 0.390693 1.77369 0.100643
v 0.428194 1.77019 0.0877873
v 0.485231 0.0905872 0.150109
v 0.52996 0.0533142 0.190451
v 0.683346 0.608898 0.0695355
v 0.66855 0.616756 0.129138
v 0.671304 0.595157 0.139556
v 0.251669 0.0831421 0.0835711
v 0.254386 0.0910253 0.0730446
v 0.668389 0.566757 0.146162
v 0.658645 0.567659 0.149539
v 0.466849 0.0494782 0.244492
v 0.463901 0.0566521 0.221525
v 0.468808 0.0536987 0.235955
v 0.470305 0.0572647 0.222286
v 0.322366 0.612781 0.300455
v 0.410163 0.62902 0.0634207
v 0.406533 0.630396 0.0627206
v 0.40601 0.622697 0.0681932
v 0.399443 0.63678 0.0575055
v 0.220842 0.0474089 0.128377
v 0.20006 0.0343375 0.14905
v 0.49115 0.0669592 0.0548999
v 0.462623 0.0568729 0.119439
v 0.493037 0.044826 0.166593
v 0.506375 0.0734004 0.00691978
v 0.521649 0.0724363 0.00352638
v 0.542754 0.05592 0.0592631
v 0.446114 0.0504299 0.175194
v 0.473434 0.059696 0.0979589
v 0.45577 0.0478528 0.176768
v 0.508853 0.0692372 0.0260989
v 0.454175 0.0469508 0.221126
v 0.48803 0.0696557 0.0440895
v 0.511539 0.0619355 0.0590603
v 0.532912 0.0416262 0.16306
v 0.497921 0.0707288 0.0269434
v 0.55091 0.0565702 0.0572569
v 0.504975 0.0402324 0.219028
v 0.526497 0.076148 -0.0119202
v 0.464359 0.0432919 0.238064
v 0.519656 0.0422981 0.171054
v 0.519112 0.0775543 -0.00775941
v 0.456071 0.0518973 0.147252
v 0.541018 0.0671543 0.0165357
v 0.470507 0.045798 0.217582
v 0.465182 0.0422284 0.245602
v 0.490787 0.0407484 0.234781
v 0.525913 0.0463794 0.134111
v 0.501591 0.0520363 0.107026
v 0.470304 0.0540991 0.122473
v 0.451115 0.0539368 0.14781
v 0.545868 0.0699938 0.0019523
v 0.55059 0.064615 0.0245625
v 0.481105 0.0498992 0.136457
v 0.503435 0.0470195 0.141655
v 0.509288 0.0422267 0.193874
v 0.536075 0.0478881 0.116827
v 0.515054 0.0706025 0.0152126
v 0.501081 0.0410346 0.22878
v 0.54402 0.0451619 0.137227
v 0.198376 0.0397958 0.103262
v 0.236112 0.0496977 0.0460183
v 0.258078 0.0693368 0.00691025
v 0.296609 0.101319 -0.0420987
v 0.270161 0.0920727 -0.0279165
v 0.209428 0.0513435 0.0446336
v 0.241201 0.0671107 0.0105107
v 0.252232 0.0469974 0.0558515
v 0.311378 0.110329 -0.0608698
v 0.211488 0.0452581 0.0627837
v 0.177086 0.0379501 0.104158
v 0.183943 0.0358711 0.123371
v 0.303498 0.0717713 0.0165313
v 0.262201 0.0448775 0.0716689
v 0.28303 0.0539331 0.0498047
v 0.190984 0.0283706 0.13794
v 0.222636 0.0274604 0.139943
v 0.22811 0.0312268 0.129243
v 0.259022 0.0556521 0.0360204
v 0.310844 0.0708362 0.0250216
v 0.181253 0.0462637 0.067685
v 0.204869 0.0424828 0.0740295
v 0.201955 0.055225 0.0383654
v 0.211614 0.0311512 0.131727
v 0.223872 0.0669514 0.0125792
v 0.258724 0.085295 -0.0175545
v 0.292667 0.0788561 -0.00134047
v 0.187603 0.0435416 0.0704021
v 0.332608 0.104274 -0.0465634
v 0.312572 0.0774108 0.00772383
v 0.176278 0.0417018 0.0797168
v 0.323755 0.0929035 -0.028574
v 0.253015 0.0354197 0.106525
v 0.304146 0.0862695 -0.0159656
v 0.226707 0.0415327 0.0768073
v 0.275532 0.0851831 -0.0152963
v 0.313768 0.0973761 -0.0361049
v 0.189081 0.0473388 0.055207
v 0.299229 0.0632265 0.0322103
v 0.341114 0.0986149 -0.0365824
v 0.222444 0.0362039 0.114527
v 0.285035 0.0678282 0.0174522
v 0.250205 0.0368317 0.100111
v 0.21874 0.059622 0.02664
v 0.183232 0.0320983 0.132641
v 0.320145 0.0781511 0.0108753
v 0.282859 0.535248 0.281602
v 0.285981 0.535085 0.268147
v 0.280028 0.525056 0.239942
v 0.533659 0.526027 0.256396
v 0.620309 0.520004 0.172866
v 0.594522 0.516606 0.166116
v 0.367478 0.554546 0.1352
v 0.342087 0.548162 0.154824
v 0.212979 0.535115 0.163265
v 0.23009 0.54143 0.164437
v 0.220491 0.534397 0.168195
v 0.215986 0.522966 0.206881
v 0.228753 0.51473 0.196713
v 0.246466 0.511663 0.216911
v 0.234555 0.53753 0.245463
v 0.31901 0.530628 0.201981
v 0.298652 0.524129 0.223107
v 0.288194 0.519502 0.229244
v 0.300247 0.520763 0.216656
v 0.394179 0.544742 0.300316
v 0.459577 0.5513 0.121991
v 0.427548 0.565284 0.0885485
v 0.456491 0.550785 0.13047
v 0.401934 0.562123 0.118946
v 0.445178 0.530002 0.244243
v 0.362052 0.545163 0.300756
v 0.43906 0.535962 0.291181
v 0.326048 0.541267 0.250127
v 0.457897 0.527463 0.240519
v 0.380813 0.556928 0.137563
v 0.451177 0.538244 0.164239
v 0.411639 0.561752 0.133761
v 0.400466 0.541048 0.292466
v 0.448934 0.527457 0.197671
v 0.364688 0.55107 0.183682
v 0.297268 0.537116 0.281127
v 0.419531 0.537917 0.233748
v 0.483134 0.516828 0.211177
v 0.329364 0.539311 0.302954
v 0.498259 0.535354 0.328313
v 0.365917 0.552736 0.167922
v 0.350982 0.543596 0.301613
v 0.437411 0.542493 0.186356
v 0.372717 0.548059 0.209083
v 0.497553 0.533188 0.283026
v 0.441719 0.545631 0.165539
v 0.48607 0.529772 0.24545
v 0.454499 0.535604 0.289771
v 0.44819 0.537593 0.170917
v 0.347482 0.543065 0.218321
v 0.354319 0.545715 0.253787
v 0.460931 0.518958 0.201556
v 0.345856 0.542886 0.210209
v 0.433335 0.557333 0.148221
v 0.426985 0.553127 0.169754
v 0.354316 0.545571 0.283464
v 0.41932 0.556656 0.162612
v 0.412968 0.563385 0.109667
v 0.290504 0.531158 0.250078
v 0.455607 0.546624 0.148186
v 0.418401 0.563354 0.121878
v 0.29023 0.52397 0.234674
v 0.454013 0.52729 0.170887
v 0.453075 0.550612 0.142677
v 0.296375 0.526497 0.235586
v 0.315749 0.54091 0.26096
v 0.462317 0.533883 0.269949
v 0.318856 0.533019 0.216545
v 0.514038 0.525956 0.241539
v 0.333757 0.542705 0.280939
v 0.453628 0.524646 0.183454
v 0.385951 0.543412 0.290721
v 0.421902 0.5364 0.309206
v 0.38629 0.542126 0.278029
v 0.497443 0.524498 0.2265
v 0.403086 0.54081 0.250497
v 0.339448 0.543172 0.197954
v 0.472227 0.5156 0.209089
v 0.47382 0.530278 0.24708
v 0.393695 0.544213 0.235358
v 0.381711 0.555689 0.157188
v 0.446235 0.556723 0.134356
v 0.324469 0.534801 0.204444
v 0.35733 0.548201 0.329375
v 0.323691 0.539667 0.295091
v 0.463202 0.514339 0.186632
v 0.37508 0.545753 0.233423
v 0.435004 0.532702 0.239658
v 0.418442 0.543159 0.217243
v 0.429768 0.548039 0.184386
v 0.413402 0.545259 0.215627
v 0.315051 0.53425 0.235225
v 0.443353 0.533011 0.260456
v 0.458069 0.531648 0.257217
v 0.365532 0.546435 0.217524
v 0.337162 0.538671 0.303323
v 0.450762 0.525639 0.22115
v 0.48669 0.523551 0.224171
v 0.343009 0.540911 0.317861
v 0.370708 0.543912 0.280272
v 0.438122 0.565502 0.113656
v 0.403947 0.549635 0.203176
v 0.438193 0.531653 0.22053
v 0.42473 0.538523 0.22133
v 0.331516 0.538776 0.201496
v 0.466374 0.507824 0.178838
v 0.304569 0.53618 0.29204
v 0.291231 0.5335 0.300042
v 0.460487 0.505378 0.159757
v 0.403948 0.539977 0.259968
v 0.355631 0.551641 0.158587
v 0.337023 0.545993 0.170024
v 0.463187 0.520574 0.216836
v 0.293284 0.535546 0.261429
v 0.411282 0.558832 0.161505
v 0.386502 0.557339 0.144817
v 0.449194 0.536324 0.318729
v 0.430731 0.536439 0.312773
v 0.377475 0.543989 0.247992
v 0.411791 0.538227 0.285723
v 0.399684 0.54027 0.28079
v 0.346203 0.545421 0.259302
v 0.33675 0.546519 0.184707
v 0.393364 0.551776 0.197012
v 0.500317 0.534063 0.29728
v 0.341042 0.542416 0.232023
v 0.35542 0.544967 0.23463
v 0.513395 0.528554 0.255036
v 0.31718 0.539418 0.288179
v 0.485107 0.53287 0.268311
v 0.276423 0.529878 0.251184
v 0.32983 0.539514 0.292638
v 0.472806 0.536303 0.304926
v 0.431985 0.537716 0.208478
v 0.492044 0.535279 0.308736
v 0.460447 0.51161 0.168943
v 0.423378 0.565888 0.0903005
v 0.360256 0.545973 0.31215
v 0.425179 0.562555 0.132234
v 0.345258 0.544813 0.28411
v 0.469293 0.523483 0.227883
v 0.530114 0.530841 0.295759
v 0.457253 0.518804 0.162218
v 0.316574 0.542611 0.272664
v 0.301492 0.53667 0.259215
v 0.388512 0.557417 0.12572
v 0.310458 0.528624 0.213138
v 0.357976 0.547857 0.197664
v 0.421503 0.560852 0.142737
v 0.441391 0.552311 0.152922
v 0.44279 0.534495 0.191628
v 0.482449 0.535449 0.331744
v 0.438954 0.535548 0.280322
v 0.402095 0.561347 0.123735
v 0.427958 0.534789 0.255635
v 0.332338 0.544138 0.265535
v 0.403684 0.5703 0.110224
v 0.412786 0.564817 0.102427
v 0.40273 0.564171 0.113397
v 0.232238 0.513875 0.20711
v 0.24037 0.519602 0.223721
v 0.214402 0.529297 0.22108
v 0.229202 0.533494 0.237748
v 0.225008 0.528966 0.227365
v 0.216733 0.534848 0.239149
v 0.217424 0.527419 0.173379
v 0.225547 0.525987 0.170206
v 0.224304 0.521305 0.175828
v 0.229416 0.515763 0.183836
v 0.227104 0.531895 0.168299
v 0.218038 0.52318 0.179937
v 0.217629 0.521075 0.19479
v 0.31986 0.509218 0.18754
v 0.289533 0.514472 0.225185
v 0.306018 0.511055 0.206401
v 0.31764 0.522254 0.196629
v 0.29917 0.511626 0.213533
v 0.392524 0.573798 0.307152
v 0.406354 0.544226 0.310972
v 0.402076 0.569642 0.314451
v 0.402074 0.557448 0.311932
v 0.388292 0.56182 0.302002
v 0.389342 0.549058 0.300349
v 0.382899 0.556541 0.30073
v 0.207392 0.537198 0.151262
v 0.190242 0.540875 0.136702
v 0.191498 0.54188 0.122062
v 0.184174 0.536619 0.150761
v 0.203069 0.53955 0.143144
v 0.199848 0.531557 0.161183
v 0.220206 0.539153 0.154135
v 0.226946 0.54054 0.143087
v 0.242586 0.538588 0.1297
v 0.20796 0.54122 0.117459
v 0.21935 0.540492 0.132001
v 0.603421 0.513936 0.213588
v 0.593075 0.521144 0.266826
v 0.564733 0.517086 0.227823
v 0.597315 0.515101 0.229968
v 0.579707 0.513911 0.20619
v 0.544957 0.526569 0.267978
v 0.536812 0.51929 0.224096
v 0.571327 0.526075 0.279703
v 0.599705 0.514629 0.197337
v 0.597761 0.519012 0.258802
v 0.546142 0.528996 0.292659
v 0.587044 0.516218 0.234193
v 0.561434 0.5122 0.194542
v 0.553984 0.514718 0.210995
v 0.560467 0.527009 0.285046
v 0.580377 0.513621 0.187324
v 0.560278 0.522425 0.254398
v 0.246183 0.521654 0.229136
v 0.2705 0.538552 0.289012
v 0.258734 0.540479 0.291776
v 0.237806 0.539917 0.256098
v 0.268925 0.519958 0.233209
v 0.219293 0.538858 0.250218
v 0.274835 0.538695 0.293214
v 0.241472 0.543231 0.284855
v 0.251999 0.527511 0.239058
v 0.264623 0.538894 0.273977
v 0.279566 0.535498 0.287876
v 0.2541 0.539803 0.260719
v 0.264728 0.526111 0.242132
v 0.227314 0.544884 0.275994
v 0.237148 0.542451 0.269391
v 0.273175 0.533992 0.261213
v 0.259194 0.53939 0.283765
v 0.262259 0.532317 0.250599
v 0.248224 0.540071 0.285788
v 0.258435 0.519504 0.230741
v 0.321431 0.548649 0.143463
v 0.351582 0.553399 0.0836986
v 0.377941 0.554218 0.122079
v 0.333725 0.552075 0.13682
v 0.352415 0.55533 0.120348
v 0.345753 0.558138 0.107191
v 0.385786 0.548545 0.0987916
v 0.374738 0.542726 0.064342
v 0.33331 0.545069 0.0479427
v 0.368003 0.553946 0.118156
v 0.341734 0.548769 0.0630699
v 0.321725 0.551197 0.0741214
v 0.335459 0.548373 0.146675
v 0.315722 0.554716 0.124003
v 0.389539 0.550681 0.105602
v 0.333378 0.554439 0.0822663
v 0.361253 0.545231 0.0593835
v 0.374053 0.548018 0.0878944
v 0.351992 0.543123 0.0483836
v 0.312817 0.555164 0.0985515
v 0.305222 0.549472 0.130984
v 0.352972 0.553269 0.134453
v 0.332324 0.556392 0.098452
v 0.35989 0.554069 0.109814
v 0.312124 0.554814 0.11435
v 0.450023 0.561999 0.109313
v 0.459002 0.558134 0.111432
v 0.465481 0.557555 0.109456
v 0.468114 0.551992 0.11129
v 0.477248 0.542929 0.105354
v 0.491054 0.536601 0.0945237
v 0.470689 0.5473 0.110293
v 0.486362 0.566144 0.0557138
v 0.466875 0.565951 0.087976
v 0.49797 0.562801 0.0845198
v 0.486358 0.549466 0.011352
v 0.514244 0.547153 0.0125146
v 0.541797 0.533901 0.0410827
v 0.530074 0.539539 -0.0116866
v 0.496667 0.559358 0.0339544
v 0.537002 0.536465 0.0509271
v 0.487689 0.567364 0.0678987
v 0.475427 0.564873 0.0939162
v 0.501577 0.560641 0.0894275
v 0.463368 0.565258 0.0588466
v 0.450453 0.564918 0.0951453
v 0.53228 0.539339 0.014231
v 0.450752 0.56339 0.0611622
v 0.479166 0.55805 0.0287121
v 0.531902 0.540073 0.0643553
v 0.484385 0.566585 0.0815985
v 0.512162 0.556421 0.0723639
v 0.498021 0.56191 0.0513236
v 0.51697 0.551725 0.0478958
v 0.441007 0.565432 0.0934925
v 0.473954 0.560799 0.10828
v 0.470256 0.568269 0.074941
v 0.533062 0.538509 -0.000379535
v 0.522485 0.541809 0.00236461
v 0.49916 0.546735 0.00699186
v 0.470946 0.560443 0.0378012
v 0.530329 0.541788 0.0298673
v 0.450165 0.565893 0.082912
v 0.527534 0.544187 0.0460584
v 0.519591 0.538395 -0.0122168
v 0.464605 0.561017 0.104581
v 0.484475 0.56415 0.0990912
v 0.48351 0.55299 0.0199562
v 0.507903 0.539616 -0.00566501
v 0.521313 0.547504 0.0363118
v 0.507817 0.552627 0.025263
v 0.473369 0.564081 0.0489045
v 0.402539 0.575321 0.107325
v 0.400006 0.577831 0.0998305
v 0.410597 0.590295 0.0927123
v 0.404901 0.597963 0.0899722
v 0.411631 0.582317 0.0980218
v 0.40306 0.588322 0.0913198
v 0.41557 0.589566 0.0922778
v 0.560264 0.610338 -0.0317875
v 0.651481 0.539967 0.144964
v 0.650895 0.551129 0.149093
v 0.663946 0.554744 0.14567
v 0.666598 0.545249 0.142151
v 0.661735 0.546399 0.144152
v 0.673415 0.551869 0.14741
v 0.404384 0.580295 0.315893
v 0.438455 0.60693 0.329228
v 0.394495 0.579409 0.307592
v 0.402671 0.611321 0.311722
v 0.405922 0.601614 0.316929
v 0.398199 0.586363 0.310627
v 0.638768 0.531257 0.107652
v 0.651972 0.535728 0.0960485
v 0.663595 0.543864 0.128559
v 0.682686 0.539488 0.0886551
v 0.603438 0.521038 0.13339
v 0.663218 0.535737 0.0835265
v 0.673406 0.535224 0.0748056
v 0.658542 0.539969 0.106933
v 0.587951 0.519274 0.13035
v 0.674561 0.542423 0.111053
v 0.629617 0.527404 0.12945
v 0.653642 0.531493 0.0744349
v 0.622038 0.525561 0.0960082
v 0.60412 0.523399 0.0826244
v 0.583218 0.516472 0.145734
v 0.635798 0.528994 0.0949965
v 0.605685 0.523652 0.104357
v 0.648905 0.538644 0.122059
v 0.54468 0.535208 0.0287891
v 0.544453 0.534411 0.0544986
v 0.560943 0.559994 -0.00819315
v 0.548478 0.54214 0.0115111
v 0.549954 0.549126 -0.0154995
v 0.545652 0.537486 0.011011
v 0.552446 0.548741 0.000628026
v 0.544048 0.535747 0.0421384
v 0.54665 0.538629 0.038677
v 0.563222 0.575393 -0.0185731
v 0.560478 0.563261 -0.0289622
f 18 9610 9593
f 9603 1 19
f 59 19 1
f 20 59 1
f 21 20 1
f 9617 9588 22
f 9588 60 22
f 23 9589 61
f 48 61 9589
f 49 48 2
f 2 3 49
f 3 4 50
f 24 50 4
f 4 25 24
f 9592 25 9611
f 9537 5 43
f 70 43 5
f 5 9545 70
f 92 70 9545
f 9545 6 92
f 71 92 6
f 26 71 6
f 27 26 9535
f 9535 9563 27
f 28 27 9563
f 7 28 9563
f 7 8 73
f 8 9 73
f 74 73 9
f 9 29 74
f 30 9558 76
f 10 76 9558
f 32 9571 11
f 11 33 32
f 64 33 12
f 12 13 64
f 34 64 13
f 35 34 13
f 16 14 51
f 9612 51 14
f 14 15 9612
f 51 9618 16
f 131 51 9612
f 52 131 9612
f 78 52 9612
f 53 78 9612
f 79 53 17
f 96 79 17
f 17 9581 96
f 9581 54 96
f 84 18 9593
f 59 85 19
f 86 20 21
f 21 9617 86
f 87 86 9617
f 9617 22 87
f 117 87 22
f 22 60 117
f 60 23 117
f 88 117 23
f 23 61 88
f 61 48 62
f 110 49 3
f 50 110 3
f 50 24 111
f 24 25 77
f 9592 77 25
f 44 71 26
f 26 27 44
f 72 44 27
f 93 72 27
f 27 28 93
f 7 73 108
f 74 29 45
f 46 45 29
f 29 30 46
f 30 76 46
f 10 31 47
f 94 47 31
f 31 9571 94
f 63 94 9571
f 9571 32 63
f 89 32 33
f 33 64 89
f 38 36 39
f 40 39 36
f 36 37 40
f 66 40 37
f 41 66 37
f 41 9564 42
f 68 42 9564
f 69 68 9551
f 35 38 65
f 38 39 65
f 91 65 39
f 40 91 39
f 66 41 67
f 41 42 67
f 120 67 42
f 42 68 183
f 69 9551 121
f 9551 9554 121
f 160 121 9554
f 9554 43 160
f 105 160 43
f 92 71 122
f 28 7 108
f 45 46 75
f 9523 76 10
f 10 47 9523
f 62 48 125
f 126 125 48
f 48 49 126
f 110 126 49
f 111 110 50
f 112 111 24
f 77 112 24
f 95 77 9592
f 9592 9618 95
f 130 95 9618
f 9618 51 130
f 168 130 51
f 51 131 168
f 79 78 53
f 80 97 54
f 54 55 80
f 150 80 55
f 98 150 55
f 55 56 98
f 81 98 56
f 56 57 81
f 82 81 57
f 57 58 82
f 99 82 58
f 83 99 58
f 58 18 83
f 85 84 19
f 59 20 101
f 86 101 20
f 116 88 61
f 61 62 116
f 63 32 109
f 89 109 32
f 102 89 64
f 34 35 118
f 65 118 35
f 103 90 65
f 65 91 103
f 104 91 40
f 40 66 104
f 67 104 66
f 140 183 68
f 69 140 68
f 70 105 43
f 70 92 161
f 142 122 71
f 71 44 142
f 44 72 142
f 106 142 72
f 107 72 93
f 164 108 73
f 73 74 164
f 45 164 74
f 94 63 144
f 95 112 77
f 78 79 148
f 96 149 79
f 96 54 113
f 54 97 113
f 98 81 132
f 133 132 81
f 81 82 133
f 82 99 133
f 100 83 18
f 18 84 100
f 170 100 84
f 85 170 84
f 85 59 170
f 135 170 59
f 59 101 135
f 136 101 86
f 137 136 86
f 86 87 137
f 87 117 9533
f 94 144 123
f 109 144 63
f 34 118 102
f 90 118 65
f 104 103 91
f 104 67 119
f 69 121 141
f 122 161 92
f 93 28 108
f 75 164 45
f 9523 47 9525
f 127 126 110
f 111 112 128
f 112 95 129
f 130 129 95
f 149 148 79
f 150 98 151
f 98 132 151
f 133 114 132
f 133 99 115
f 99 83 115
f 153 115 83
f 153 83 100
f 135 101 136
f 137 87 155
f 62 125 116
f 171 9515 102
f 102 118 171
f 139 171 118
f 119 103 104
f 120 42 228
f 183 228 42
f 172 230 105
f 105 70 172
f 70 161 172
f 208 162 122
f 122 142 208
f 142 106 163
f 72 107 106
f 93 108 107
f 108 164 185
f 124 144 109
f 109 89 124
f 9515 89 102
f 175 127 110
f 110 111 175
f 167 175 111
f 128 167 111
f 129 128 112
f 52 78 147
f 150 151 193
f 132 114 194
f 133 115 169
f 134 153 100
f 100 170 134
f 156 138 88
f 88 116 156
f 118 90 139
f 90 103 158
f 159 158 103
f 103 119 159
f 217 207 119
f 119 67 217
f 141 140 69
f 246 141 121
f 275 246 121
f 121 160 275
f 162 161 122
f 184 107 108
f 185 184 108
f 164 75 174
f 9524 174 75
f 123 144 143
f 9515 124 89
f 166 116 125
f 180 166 125
f 125 126 180
f 206 180 126
f 145 167 128
f 128 129 145
f 146 145 129
f 129 130 146
f 168 146 130
f 131 52 221
f 147 221 52
f 148 192 78
f 149 96 251
f 113 251 96
f 80 150 223
f 151 132 194
f 114 133 176
f 133 169 176
f 152 169 115
f 115 153 152
f 170 135 187
f 188 187 135
f 135 136 188
f 155 9533 138
f 165 155 138
f 156 165 138
f 9515 171 157
f 139 90 181
f 158 181 90
f 159 119 216
f 67 120 217
f 228 217 120
f 183 140 245
f 140 141 229
f 230 160 105
f 172 161 292
f 208 142 163
f 184 198 107
f 9526 174 9524
f 186 143 144
f 144 124 186
f 126 127 206
f 212 168 131
f 221 212 131
f 251 222 149
f 251 113 213
f 223 97 80
f 193 223 150
f 176 194 114
f 176 169 177
f 195 152 153
f 134 195 153
f 134 170 214
f 179 188 136
f 189 179 136
f 136 137 189
f 137 154 189
f 166 9532 156
f 171 139 181
f 181 158 196
f 159 196 158
f 119 207 216
f 230 172 231
f 292 161 267
f 162 267 161
f 173 197 106
f 106 107 173
f 198 173 107
f 185 164 199
f 174 199 164
f 210 174 9526
f 123 143 210
f 124 9515 186
f 157 186 9515
f 175 167 201
f 147 78 287
f 148 149 202
f 149 222 202
f 113 97 213
f 169 152 177
f 195 134 178
f 214 178 134
f 170 187 214
f 180 190 166
f 226 157 171
f 171 181 226
f 196 159 182
f 256 229 141
f 246 256 141
f 160 230 275
f 292 231 172
f 163 106 197
f 210 199 174
f 201 127 175
f 191 201 167
f 220 191 167
f 167 145 220
f 271 220 145
f 236 145 146
f 146 168 236
f 192 287 78
f 152 238 177
f 188 179 204
f 206 190 180
f 181 196 227
f 228 183 245
f 229 245 140
f 184 185 235
f 199 235 185
f 143 186 211
f 200 186 157
f 204 214 187
f 187 188 204
f 205 204 179
f 179 189 205
f 190 206 225
f 145 236 271
f 212 236 168
f 192 148 202
f 213 97 279
f 194 176 254
f 203 238 152
f 152 195 203
f 178 203 195
f 181 227 226
f 227 196 242
f 196 182 242
f 216 182 159
f 208 163 257
f 197 257 163
f 173 234 197
f 173 198 218
f 198 184 218
f 235 218 184
f 235 199 219
f 199 210 209
f 186 200 211
f 200 157 226
f 206 127 215
f 201 215 127
f 250 201 191
f 220 250 191
f 221 147 259
f 339 223 193
f 272 193 151
f 151 194 253
f 194 254 253
f 176 177 254
f 203 178 239
f 204 205 241
f 215 225 206
f 216 207 243
f 265 243 207
f 217 265 207
f 217 228 298
f 231 292 232
f 162 208 233
f 218 234 173
f 269 209 210
f 210 143 269
f 143 211 269
f 200 270 248
f 226 270 200
f 271 236 321
f 287 259 147
f 279 251 213
f 293 279 97
f 97 223 293
f 151 253 272
f 237 254 177
f 177 238 237
f 239 178 261
f 178 214 261
f 240 261 214
f 224 240 214
f 214 204 224
f 241 224 204
f 255 182 216
f 228 245 244
f 256 246 282
f 232 266 231
f 234 218 268
f 235 268 218
f 248 211 200
f 201 250 249
f 339 193 252
f 193 272 252
f 238 203 239
f 205 225 215
f 264 270 226
f 226 227 264
f 227 242 264
f 242 182 291
f 243 255 216
f 244 298 228
f 230 231 266
f 233 267 162
f 276 233 208
f 268 235 247
f 235 219 247
f 219 209 278
f 209 269 278
f 274 215 249
f 286 321 236
f 294 253 254
f 237 238 260
f 238 239 260
f 262 224 241
f 241 205 263
f 242 291 264
f 255 291 182
f 265 217 324
f 283 282 246
f 246 275 283
f 208 257 276
f 258 257 197
f 197 234 258
f 278 247 219
f 205 215 263
f 215 274 263
f 288 274 249
f 249 250 288
f 296 250 220
f 286 236 301
f 212 301 236
f 212 221 259
f 344 222 251
f 279 344 251
f 293 345 279
f 223 339 293
f 294 272 253
f 237 294 254
f 273 260 239
f 262 240 224
f 263 262 241
f 291 281 264
f 255 243 322
f 298 324 217
f 244 245 315
f 309 315 245
f 245 229 309
f 310 229 256
f 256 282 310
f 232 292 311
f 258 234 299
f 268 299 234
f 268 247 284
f 248 269 211
f 296 288 250
f 289 296 220
f 220 271 289
f 338 287 192
f 192 202 338
f 280 273 239
f 239 261 280
f 261 240 280
f 240 262 280
f 270 264 290
f 281 290 264
f 244 332 298
f 341 309 229
f 229 310 341
f 356 266 232
f 292 267 316
f 257 335 276
f 258 277 257
f 299 268 284
f 284 247 9514
f 278 9514 247
f 269 248 278
f 290 285 270
f 288 296 305
f 321 289 271
f 313 252 272
f 294 313 272
f 317 294 237
f 295 237 260
f 262 263 9519
f 263 274 9519
f 322 297 255
f 322 243 307
f 265 307 243
f 275 230 374
f 266 374 230
f 267 233 316
f 335 257 277
f 277 258 325
f 312 278 248
f 285 312 248
f 248 270 285
f 321 286 306
f 301 212 302
f 212 259 302
f 337 302 259
f 259 287 337
f 345 344 279
f 260 273 295
f 274 288 304
f 291 255 297
f 265 324 308
f 283 275 374
f 311 356 232
f 276 316 233
f 299 325 258
f 284 9514 300
f 337 287 338
f 202 222 375
f 303 375 222
f 344 303 222
f 317 314 294
f 295 317 237
f 295 273 318
f 280 318 273
f 9519 274 304
f 331 281 291
f 291 297 331
f 308 307 265
f 316 311 292
f 325 299 326
f 299 284 326
f 336 326 284
f 375 338 202
f 293 339 373
f 294 314 313
f 330 305 296
f 296 289 330
f 304 9520 9519
f 331 290 281
f 332 324 298
f 283 310 282
f 284 300 336
f 327 336 300
f 300 312 327
f 314 317 329
f 280 9520 318
f 319 318 9520
f 320 319 9520
f 9520 304 320
f 304 305 320
f 349 306 286
f 362 341 310
f 335 277 368
f 343 327 312
f 312 285 343
f 290 343 285
f 290 331 343
f 403 337 338
f 338 375 388
f 364 345 293
f 252 313 351
f 313 314 352
f 358 352 314
f 329 358 314
f 360 320 305
f 322 307 323
f 308 323 307
f 340 332 244
f 393 340 244
f 244 315 393
f 315 309 393
f 316 276 334
f 335 342 276
f 325 368 277
f 326 347 325
f 350 349 286
f 286 301 350
f 302 350 301
f 328 302 337
f 293 373 364
f 389 339 252
f 252 351 389
f 352 351 313
f 346 329 317
f 295 346 317
f 360 319 320
f 305 330 360
f 365 289 321
f 321 306 365
f 354 331 297
f 297 322 354
f 322 323 354
f 355 308 324
f 361 393 309
f 309 341 361
f 283 362 310
f 333 283 374
f 374 266 380
f 342 334 276
f 368 325 369
f 347 369 325
f 336 347 326
f 345 364 382
f 353 346 295
f 295 318 353
f 319 360 377
f 324 332 355
f 380 266 356
f 356 311 381
f 316 381 311
f 342 335 368
f 348 347 336
f 336 327 348
f 371 343 331
f 354 371 331
f 363 375 303
f 344 363 303
f 389 373 339
f 319 353 318
f 289 365 330
f 323 308 367
f 355 367 308
f 334 381 316
f 357 348 327
f 327 343 357
f 371 370 343
f 402 328 337
f 337 403 402
f 382 344 345
f 351 352 376
f 358 329 383
f 353 319 359
f 377 359 319
f 330 365 378
f 349 365 306
f 379 354 323
f 323 367 379
f 333 362 283
f 357 343 370
f 350 302 387
f 388 403 338
f 399 376 352
f 352 358 399
f 366 371 354
f 380 356 381
f 381 334 406
f 342 406 334
f 302 328 387
f 382 363 344
f 383 399 358
f 346 383 329
f 359 346 353
f 378 377 360
f 360 330 378
f 394 341 362
f 416 394 362
f 362 333 416
f 369 386 368
f 413 369 347
f 347 348 413
f 357 413 348
f 349 350 397
f 387 397 350
f 402 387 328
f 375 363 372
f 398 389 351
f 351 376 398
f 391 378 365
f 392 365 349
f 340 448 332
f 396 370 371
f 371 366 396
f 373 389 426
f 383 346 410
f 359 377 390
f 385 391 365
f 397 392 349
f 401 396 366
f 379 366 354
f 448 355 332
f 342 368 386
f 357 370 395
f 396 395 370
f 388 375 419
f 372 419 375
f 429 420 382
f 382 364 429
f 364 373 429
f 346 359 410
f 384 410 359
f 377 378 411
f 391 411 378
f 367 355 423
f 404 423 355
f 404 355 448
f 415 393 361
f 415 361 341
f 341 394 415
f 405 374 380
f 380 381 400
f 403 388 418
f 363 382 420
f 399 383 409
f 390 384 359
f 411 390 377
f 392 385 365
f 340 393 430
f 333 374 405
f 381 417 400
f 381 406 417
f 386 369 412
f 369 413 412
f 413 357 395
f 424 401 366
f 366 379 424
f 425 397 387
f 426 429 373
f 414 426 389
f 389 398 414
f 383 410 409
f 379 367 435
f 405 416 333
f 405 380 400
f 406 342 432
f 386 432 342
f 401 463 396
f 392 397 441
f 397 425 441
f 408 398 376
f 376 399 408
f 423 435 367
f 407 425 387
f 387 402 407
f 443 407 402
f 402 403 443
f 465 418 388
f 388 419 465
f 419 372 444
f 391 447 411
f 441 385 392
f 448 340 430
f 393 415 430
f 400 431 405
f 417 406 469
f 432 469 406
f 438 432 386
f 439 438 386
f 386 412 461
f 413 395 440
f 418 443 403
f 372 363 473
f 420 473 363
f 409 408 399
f 421 409 410
f 410 384 421
f 454 390 411
f 447 454 411
f 391 385 434
f 422 424 379
f 379 435 422
f 395 396 463
f 441 425 442
f 477 420 429
f 414 492 426
f 391 434 447
f 423 404 436
f 437 430 415
f 416 405 460
f 461 439 386
f 433 461 412
f 412 413 433
f 463 440 395
f 452 425 407
f 443 452 407
f 419 444 465
f 420 477 453
f 408 409 466
f 384 390 427
f 454 427 390
f 435 423 457
f 456 400 417
f 417 469 456
f 450 433 413
f 413 440 450
f 401 424 475
f 414 398 493
f 446 493 398
f 427 421 384
f 415 394 437
f 460 394 416
f 422 475 424
f 452 442 425
f 483 443 418
f 418 465 428
f 473 444 372
f 429 426 492
f 398 408 446
f 421 466 409
f 447 434 484
f 431 400 456
f 438 470 432
f 463 401 475
f 492 477 429
f 492 414 445
f 493 445 414
f 430 437 458
f 405 431 449
f 456 449 431
f 469 432 470
f 438 439 487
f 461 433 504
f 451 481 441
f 418 428 483
f 420 453 473
f 446 408 464
f 464 408 494
f 466 494 408
f 509 454 447
f 385 441 481
f 457 422 435
f 436 404 467
f 404 448 467
f 437 394 459
f 461 487 439
f 463 471 440
f 441 442 451
f 443 479 472
f 443 483 479
f 459 394 468
f 394 460 468
f 460 405 455
f 449 455 405
f 433 450 462
f 452 443 472
f 457 423 478
f 423 436 478
f 448 430 474
f 458 474 430
f 495 458 437
f 459 495 437
f 449 456 512
f 470 438 487
f 462 504 433
f 465 444 491
f 421 427 480
f 427 454 480
f 484 509 447
f 434 385 481
f 474 467 448
f 487 500 470
f 471 450 440
f 463 475 507
f 451 442 476
f 442 452 476
f 489 476 452
f 472 489 452
f 523 480 454
f 457 510 422
f 467 478 436
f 486 512 456
f 469 486 456
f 507 471 463
f 491 428 465
f 528 473 453
f 477 528 453
f 517 494 466
f 466 421 517
f 480 517 421
f 509 523 454
f 478 510 457
f 478 467 485
f 458 495 553
f 496 459 468
f 468 460 496
f 500 486 469
f 469 470 500
f 487 461 504
f 513 462 450
f 488 481 451
f 451 476 488
f 490 479 483
f 493 492 445
f 464 494 530
f 503 484 434
f 481 503 434
f 455 496 460
f 455 449 531
f 512 482 449
f 505 513 450
f 450 471 505
f 501 507 475
f 475 422 501
f 422 510 501
f 491 444 532
f 473 532 444
f 492 542 477
f 493 446 556
f 530 446 464
f 467 474 511
f 471 507 514
f 473 528 515
f 542 502 477
f 541 485 467
f 467 511 541
f 474 458 498
f 553 498 458
f 495 459 533
f 472 520 489
f 472 479 520
f 483 428 490
f 555 490 428
f 428 491 555
f 532 473 515
f 521 515 528
f 528 477 502
f 493 497 492
f 488 503 481
f 546 510 478
f 459 496 499
f 482 531 449
f 500 487 518
f 524 518 487
f 504 524 487
f 514 505 471
f 476 489 519
f 520 519 489
f 490 520 479
f 542 492 539
f 497 539 492
f 493 556 497
f 508 530 494
f 516 508 494
f 494 517 516
f 551 517 480
f 480 523 522
f 558 546 478
f 478 485 558
f 553 495 533
f 533 459 499
f 531 482 534
f 504 462 536
f 532 527 491
f 556 446 529
f 530 529 446
f 474 498 576
f 482 512 526
f 518 486 500
f 506 514 507
f 476 519 554
f 555 491 527
f 484 503 540
f 536 524 504
f 550 536 462
f 462 513 550
f 507 501 506
f 554 552 488
f 488 476 554
f 509 484 540
f 525 510 546
f 511 474 559
f 474 576 559
f 499 496 548
f 560 496 455
f 455 531 560
f 526 534 482
f 512 486 526
f 501 510 525
f 515 521 538
f 551 516 517
f 522 551 480
f 540 523 509
f 552 563 503
f 503 488 552
f 592 541 511
f 511 559 592
f 605 576 498
f 570 605 498
f 553 570 498
f 518 524 572
f 513 505 550
f 497 556 543
f 602 530 508
f 516 602 508
f 551 522 562
f 540 544 523
f 563 540 503
f 547 558 485
f 485 541 547
f 535 526 486
f 549 572 524
f 524 536 549
f 490 555 537
f 555 527 581
f 539 497 543
f 533 499 600
f 548 600 499
f 578 486 518
f 572 578 518
f 525 545 501
f 594 519 520
f 520 490 567
f 539 582 542
f 529 530 569
f 544 522 523
f 531 534 564
f 578 535 486
f 545 525 610
f 553 533 586
f 496 560 548
f 534 526 565
f 606 565 526
f 566 514 506
f 545 566 506
f 506 501 545
f 490 537 567
f 532 515 590
f 538 590 515
f 544 540 557
f 563 557 540
f 525 546 604
f 586 533 577
f 600 577 533
f 560 531 564
f 579 549 536
f 536 550 579
f 587 550 505
f 552 554 583
f 520 567 594
f 527 532 589
f 590 589 532
f 573 528 502
f 562 522 574
f 522 544 574
f 604 610 525
f 558 547 585
f 564 534 565
f 593 579 550
f 550 617 593
f 505 514 587
f 566 587 514
f 610 566 545
f 543 582 539
f 602 569 530
f 516 551 561
f 641 547 541
f 541 592 641
f 606 526 571
f 526 535 571
f 584 583 554
f 554 519 584
f 519 594 588
f 594 567 595
f 567 537 580
f 537 555 580
f 596 580 555
f 555 581 596
f 581 527 589
f 538 521 616
f 543 556 609
f 529 609 556
f 562 561 551
f 546 558 585
f 591 585 547
f 547 641 591
f 559 576 623
f 577 600 624
f 535 578 571
f 587 617 550
f 573 521 528
f 582 543 568
f 561 602 516
f 598 574 544
f 640 598 544
f 544 557 640
f 599 557 563
f 664 657 560
f 560 564 664
f 572 549 644
f 601 587 566
f 588 584 519
f 674 616 521
f 521 573 674
f 563 552 603
f 575 603 552
f 552 583 575
f 585 604 546
f 565 664 564
f 571 578 607
f 613 578 572
f 572 644 613
f 566 610 615
f 573 502 608
f 502 542 608
f 582 608 542
f 561 562 619
f 563 603 599
f 611 592 559
f 559 623 611
f 621 600 548
f 548 560 612
f 657 612 560
f 664 565 630
f 549 579 644
f 596 581 634
f 581 589 634
f 597 589 590
f 568 543 609
f 570 553 620
f 586 620 553
f 617 587 637
f 567 580 595
f 590 538 597
f 569 602 627
f 619 562 652
f 562 574 652
f 603 575 656
f 614 610 604
f 576 605 623
f 605 570 629
f 606 630 565
f 631 601 566
f 566 615 631
f 632 583 584
f 584 588 632
f 595 588 594
f 568 635 582
f 609 529 622
f 626 622 529
f 529 569 626
f 602 561 627
f 612 621 548
f 607 578 613
f 601 637 587
f 588 595 618
f 633 595 580
f 608 582 635
f 668 614 604
f 604 585 668
f 591 668 585
f 670 623 605
f 605 629 670
f 624 600 648
f 606 571 649
f 607 649 571
f 644 579 625
f 593 625 579
f 666 618 595
f 595 633 666
f 596 633 580
f 634 655 596
f 597 538 616
f 651 573 608
f 636 635 568
f 609 636 568
f 569 627 626
f 629 570 620
f 600 621 648
f 614 615 610
f 634 589 646
f 608 635 651
f 619 627 561
f 656 575 632
f 642 641 592
f 592 611 642
f 664 630 689
f 649 630 606
f 625 658 644
f 575 583 632
f 589 597 690
f 636 609 691
f 703 652 574
f 647 703 574
f 574 598 647
f 577 624 676
f 693 621 612
f 665 607 613
f 644 665 613
f 588 618 645
f 596 655 633
f 651 661 573
f 754 675 626
f 626 627 754
f 599 603 686
f 688 642 611
f 631 615 659
f 690 646 589
f 690 597 717
f 710 717 597
f 597 616 710
f 674 573 683
f 619 652 662
f 640 557 628
f 668 591 669
f 641 669 591
f 624 648 676
f 649 643 630
f 679 625 593
f 593 617 679
f 617 637 679
f 601 631 672
f 616 674 710
f 651 635 684
f 622 691 609
f 622 626 638
f 675 638 626
f 639 692 627
f 627 619 639
f 621 693 671
f 643 689 630
f 653 649 607
f 665 653 607
f 706 659 615
f 615 614 706
f 666 645 618
f 646 655 634
f 573 661 683
f 692 754 627
f 685 628 557
f 557 599 685
f 599 686 685
f 656 686 603
f 656 632 709
f 586 577 713
f 676 713 577
f 632 588 654
f 645 654 588
f 633 655 660
f 662 639 619
f 628 647 598
f 598 640 628
f 712 669 641
f 641 642 712
f 611 623 688
f 665 644 650
f 644 658 650
f 680 679 637
f 637 601 680
f 716 672 631
f 659 716 631
f 666 633 731
f 660 731 633
f 690 682 646
f 636 711 635
f 691 622 638
f 642 688 687
f 620 586 707
f 713 707 586
f 648 621 745
f 657 693 612
f 694 643 649
f 649 653 694
f 661 651 702
f 669 712 663
f 676 648 769
f 653 665 714
f 672 680 601
f 654 673 632
f 645 666 701
f 686 656 667
f 709 632 673
f 725 623 670
f 671 745 621
f 693 657 699
f 664 699 657
f 681 716 659
f 697 683 661
f 702 697 661
f 711 684 635
f 662 652 698
f 709 667 656
f 725 688 623
f 677 699 664
f 689 677 664
f 694 653 678
f 650 714 665
f 650 658 737
f 695 737 658
f 700 695 658
f 658 625 700
f 625 679 700
f 654 645 730
f 701 730 645
f 666 731 701
f 684 702 651
f 614 668 744
f 668 669 663
f 714 678 653
f 805 754 692
f 639 662 698
f 663 744 668
f 725 670 767
f 629 620 761
f 648 745 769
f 695 700 746
f 679 680 728
f 681 659 771
f 659 706 771
f 710 674 696
f 691 638 720
f 703 698 652
f 667 721 686
f 642 687 712
f 643 705 689
f 700 679 728
f 730 673 654
f 740 731 660
f 682 690 774
f 717 774 690
f 674 683 696
f 758 696 683
f 683 697 758
f 718 805 692
f 692 639 718
f 639 698 718
f 647 743 703
f 685 686 733
f 721 733 686
f 744 706 614
f 704 767 670
f 670 629 704
f 705 677 689
f 741 740 660
f 660 655 741
f 655 646 748
f 682 748 646
f 759 702 684
f 724 759 684
f 684 711 724
f 719 711 636
f 636 691 719
f 720 719 691
f 638 675 780
f 675 754 780
f 703 764 698
f 735 687 688
f 761 704 629
f 676 769 708
f 693 699 755
f 705 643 726
f 694 726 643
f 694 678 722
f 700 728 739
f 764 703 743
f 713 676 736
f 708 736 676
f 726 694 784
f 722 784 694
f 727 722 678
f 678 714 727
f 714 650 715
f 753 715 650
f 650 737 753
f 723 737 695
f 739 746 700
f 680 672 747
f 716 756 672
f 673 730 729
f 748 741 655
f 720 638 780
f 667 709 750
f 709 673 729
f 761 620 752
f 707 752 620
f 707 713 795
f 672 756 747
f 716 681 756
f 709 729 766
f 717 710 775
f 759 776 702
f 781 807 647
f 647 628 781
f 628 685 781
f 749 781 685
f 685 733 749
f 663 712 830
f 712 687 751
f 688 725 735
f 677 755 699
f 715 727 714
f 738 723 695
f 746 738 695
f 747 728 680
f 757 730 701
f 701 731 757
f 718 698 778
f 764 778 698
f 750 721 667
f 789 706 744
f 755 790 693
f 677 705 762
f 697 702 742
f 776 742 702
f 711 719 777
f 806 805 718
f 743 647 732
f 807 732 647
f 750 709 766
f 766 729 734
f 687 735 751
f 779 762 705
f 726 779 705
f 731 740 816
f 774 717 775
f 841 775 710
f 710 696 841
f 821 841 696
f 696 758 821
f 742 758 697
f 724 711 803
f 777 803 711
f 825 806 718
f 778 825 718
f 733 721 782
f 744 663 760
f 830 760 663
f 735 725 783
f 725 767 783
f 739 728 785
f 756 681 793
f 771 793 681
f 729 730 773
f 786 757 731
f 731 816 786
f 798 777 719
f 719 720 798
f 721 750 782
f 712 751 830
f 761 752 844
f 795 752 707
f 736 795 713
f 799 769 745
f 808 745 671
f 671 693 808
f 755 677 762
f 833 753 737
f 737 723 833
f 738 746 800
f 746 739 797
f 785 797 739
f 770 785 728
f 728 747 770
f 757 773 730
f 798 720 817
f 780 817 720
f 767 704 768
f 761 768 704
f 715 861 727
f 800 746 867
f 797 867 746
f 741 748 853
f 732 794 743
f 782 749 733
f 784 779 726
f 812 715 753
f 753 833 812
f 835 816 740
f 763 835 740
f 740 741 763
f 759 724 803
f 780 754 818
f 754 805 818
f 764 743 794
f 745 808 799
f 784 722 796
f 722 727 796
f 861 796 727
f 738 884 723
f 747 756 792
f 793 792 756
f 771 706 772
f 789 772 706
f 773 734 729
f 801 773 757
f 757 786 801
f 853 748 836
f 682 836 748
f 778 764 826
f 765 855 781
f 781 749 765
f 782 750 814
f 819 814 750
f 857 819 750
f 766 857 750
f 789 744 760
f 772 789 865
f 682 774 846
f 758 742 822
f 802 822 742
f 776 802 742
f 759 896 776
f 788 765 749
f 783 767 944
f 892 944 767
f 767 768 892
f 845 708 769
f 769 799 845
f 882 808 693
f 693 790 882
f 811 861 715
f 812 811 715
f 785 770 879
f 734 773 829
f 846 774 787
f 774 775 787
f 822 821 758
f 825 778 826
f 850 830 751
f 843 850 751
f 751 735 843
f 761 844 866
f 752 795 844
f 833 723 824
f 884 824 723
f 763 741 853
f 836 682 846
f 803 777 842
f 855 807 781
f 749 782 788
f 766 734 857
f 789 760 865
f 878 735 783
f 866 892 768
f 768 761 866
f 795 736 831
f 762 779 873
f 810 873 779
f 779 784 815
f 796 815 784
f 797 785 791
f 879 791 785
f 792 793 885
f 793 771 894
f 772 894 771
f 786 816 868
f 802 776 896
f 896 759 847
f 803 847 759
f 848 817 780
f 780 818 848
f 805 806 864
f 732 807 849
f 735 878 843
f 736 708 823
f 755 762 809
f 884 738 800
f 801 840 773
f 798 842 777
f 732 828 794
f 944 878 783
f 823 831 736
f 815 810 779
f 791 820 797
f 840 829 773
f 818 805 804
f 764 794 869
f 828 869 794
f 782 870 788
f 814 870 782
f 891 760 830
f 708 845 823
f 908 770 747
f 792 908 747
f 894 885 793
f 801 786 852
f 868 852 786
f 787 775 886
f 841 886 775
f 798 817 854
f 864 804 805
f 825 864 806
f 844 795 831
f 838 799 808
f 808 882 838
f 872 882 790
f 790 755 872
f 809 872 755
f 861 811 832
f 879 770 839
f 813 763 853
f 842 911 803
f 856 870 814
f 819 856 814
f 857 734 851
f 859 845 799
f 908 839 770
f 792 885 880
f 877 868 816
f 816 835 877
f 813 835 763
f 841 821 837
f 842 798 854
f 854 817 848
f 826 764 827
f 869 827 764
f 849 807 957
f 855 957 807
f 858 865 760
f 891 858 760
f 892 866 930
f 811 812 832
f 867 797 834
f 820 834 797
f 829 851 734
f 821 822 863
f 887 863 822
f 896 953 802
f 847 803 911
f 831 823 938
f 799 838 859
f 873 810 860
f 796 874 815
f 888 825 826
f 828 732 956
f 849 956 732
f 830 850 891
f 844 831 922
f 874 860 810
f 810 815 874
f 796 861 875
f 812 833 876
f 899 876 833
f 824 899 833
f 867 893 800
f 909 908 792
f 822 802 887
f 848 818 917
f 818 804 917
f 845 859 897
f 873 872 809
f 809 762 873
f 861 832 925
f 880 909 792
f 840 801 881
f 801 852 881
f 835 813 916
f 837 886 841
f 863 837 821
f 856 819 965
f 890 965 819
f 819 857 890
f 857 851 871
f 967 850 843
f 875 874 796
f 884 800 893
f 862 894 772
f 921 862 772
f 772 865 921
f 851 829 927
f 916 877 835
f 953 887 802
f 888 864 825
f 869 828 955
f 956 955 828
f 956 849 948
f 957 948 849
f 937 967 843
f 843 878 937
f 945 859 838
f 927 871 851
f 829 840 901
f 840 881 901
f 852 868 881
f 813 853 895
f 846 787 933
f 854 947 842
f 929 957 855
f 855 765 929
f 788 870 913
f 920 870 856
f 856 965 920
f 871 890 857
f 858 936 865
f 866 844 904
f 922 904 844
f 845 897 823
f 874 914 860
f 925 875 861
f 876 832 812
f 884 893 907
f 895 916 813
f 886 933 787
f 854 848 902
f 917 902 848
f 826 903 888
f 788 929 765
f 936 921 865
f 838 882 945
f 893 867 900
f 834 900 867
f 901 927 829
f 886 837 928
f 837 863 982
f 827 903 826
f 948 957 889
f 938 922 831
f 898 882 872
f 872 873 898
f 883 898 873
f 873 860 883
f 914 883 860
f 868 877 910
f 916 910 877
f 836 895 853
f 911 842 992
f 947 992 842
f 788 913 958
f 945 897 859
f 925 832 931
f 832 876 906
f 791 879 915
f 879 839 915
f 909 880 940
f 880 885 940
f 933 973 846
f 960 891 850
f 850 967 960
f 951 914 874
f 875 951 874
f 820 791 926
f 915 926 791
f 963 940 885
f 885 894 963
f 979 881 868
f 868 910 979
f 895 836 932
f 846 932 836
f 896 934 953
f 917 804 943
f 827 869 918
f 955 918 869
f 958 929 788
f 920 913 870
f 960 858 891
f 878 944 937
f 944 892 968
f 930 968 892
f 897 905 823
f 925 970 875
f 876 899 906
f 899 824 907
f 824 884 907
f 907 893 939
f 894 862 941
f 932 846 973
f 952 863 887
f 887 953 952
f 847 934 896
f 804 864 912
f 954 912 864
f 864 888 954
f 924 945 882
f 882 898 924
f 883 969 898
f 914 950 883
f 959 941 862
f 862 921 959
f 927 901 942
f 930 866 975
f 904 975 866
f 823 923 938
f 970 951 875
f 834 820 1014
f 926 1014 820
f 977 908 909
f 982 928 837
f 847 911 1049
f 918 903 827
f 913 920 919
f 920 965 949
f 921 936 935
f 976 950 914
f 951 976 914
f 995 915 839
f 839 908 995
f 977 909 940
f 928 933 886
f 934 1033 953
f 983 902 917
f 917 943 983
f 804 912 943
f 949 919 920
f 959 921 935
f 936 858 966
f 923 823 962
f 823 905 962
f 970 925 946
f 899 907 971
f 942 997 927
f 942 901 1015
f 991 1015 901
f 901 881 991
f 881 979 991
f 910 916 998
f 947 854 1034
f 919 958 913
f 871 927 997
f 968 930 1001
f 925 931 946
f 906 931 832
f 906 899 1009
f 971 988 899
f 939 971 907
f 900 990 939
f 939 893 900
f 977 995 908
f 941 963 894
f 933 928 981
f 943 912 1012
f 922 975 904
f 923 922 938
f 988 1009 899
f 834 1045 900
f 973 933 981
f 928 982 1025
f 957 929 1054
f 929 958 1054
f 919 949 964
f 997 890 871
f 961 937 944
f 944 968 961
f 930 975 1022
f 950 969 883
f 940 963 996
f 916 895 998
f 1025 981 928
f 847 1005 934
f 1049 911 992
f 1034 854 993
f 854 902 993
f 983 993 902
f 956 948 1036
f 889 1036 948
f 935 936 985
f 936 966 985
f 1022 1001 930
f 969 950 1008
f 976 1008 950
f 977 940 978
f 996 978 940
f 1015 1020 942
f 979 910 1004
f 910 998 1004
f 972 998 895
f 973 1047 932
f 1053 982 863
f 863 952 1053
f 1049 1063 847
f 954 1012 912
f 954 888 1006
f 888 903 1006
f 903 918 994
f 889 957 984
f 1054 984 957
f 890 997 974
f 905 897 1024
f 897 945 1024
f 988 971 989
f 971 939 990
f 941 959 1030
f 1020 997 942
f 972 895 980
f 895 932 980
f 1047 980 932
f 981 1048 973
f 1033 934 1005
f 992 947 1011
f 1034 1011 947
f 965 890 974
f 966 858 1000
f 858 960 1000
f 1021 960 967
f 967 937 1021
f 1007 1021 937
f 922 1039 975
f 1029 1024 945
f 945 924 1029
f 1002 924 898
f 1003 1002 898
f 898 969 1003
f 976 951 1058
f 970 1058 951
f 987 946 931
f 1018 987 931
f 931 906 1018
f 1009 1018 906
f 1048 1047 973
f 999 1053 952
f 952 953 999
f 1033 999 953
f 1006 1012 954
f 1006 903 1035
f 994 1035 903
f 1026 994 918
f 1027 1026 918
f 918 955 1027
f 1016 1027 955
f 955 956 1016
f 1036 1016 956
f 923 962 986
f 962 905 986
f 1008 1003 969
f 1008 976 1055
f 989 971 990
f 1045 834 1014
f 1019 995 977
f 977 978 1019
f 1010 991 979
f 979 1004 1010
f 958 919 1050
f 959 935 1030
f 1037 1030 935
f 985 1037 935
f 960 1021 1000
f 937 961 1007
f 1001 961 968
f 922 923 1044
f 1024 986 905
f 924 1002 1029
f 1058 970 1013
f 1061 926 915
f 915 995 1061
f 1010 1040 991
f 1005 847 1063
f 1011 1049 992
f 984 1036 889
f 964 1042 919
f 964 949 1042
f 1039 922 1023
f 986 1044 923
f 1058 1055 976
f 970 946 1013
f 1014 926 1070
f 1019 1061 995
f 1015 991 1040
f 919 1042 1050
f 974 997 1031
f 1001 1022 1051
f 1044 1023 922
f 926 1061 1070
f 1071 963 941
f 941 1030 1071
f 1046 1004 998
f 1032 981 1025
f 949 965 1043
f 1028 1043 965
f 974 1028 965
f 985 966 1017
f 966 1000 1017
f 1117 1021 1007
f 1022 975 1039
f 1056 1018 1009
f 1009 988 1060
f 989 990 1057
f 1111 1019 978
f 996 1111 978
f 1095 998 972
f 1032 1048 981
f 982 1053 1025
f 1065 1117 1007
f 1007 961 1065
f 1093 961 1001
f 1001 1051 1093
f 1002 1003 1099
f 990 900 1045
f 1020 1015 1106
f 1040 1106 1015
f 1095 1046 998
f 980 1086 972
f 943 1012 1107
f 958 1050 1098
f 1067 1013 946
f 946 987 1067
f 1068 988 989
f 1040 1010 1113
f 1047 1086 980
f 1025 1053 1041
f 1064 1034 993
f 993 983 1064
f 958 1098 1054
f 949 1043 1042
f 1117 1000 1021
f 1022 1039 1103
f 986 1024 1075
f 1055 1094 1008
f 1045 1014 1078
f 1070 1078 1014
f 1124 1095 972
f 972 1086 1124
f 1048 1101 1047
f 1041 1032 1025
f 1006 1097 1012
f 974 1031 1092
f 1017 1000 1038
f 1093 1065 961
f 1003 1008 1084
f 1094 1084 1008
f 1018 1067 987
f 1056 1009 1060
f 1080 1113 1010
f 1010 1004 1080
f 1048 1032 1102
f 1141 1049 1011
f 1115 1027 1016
f 1016 1036 1115
f 1089 1115 1036
f 984 1089 1036
f 1103 1051 1022
f 1104 1024 1029
f 1084 1099 1003
f 1068 1060 988
f 1057 1068 989
f 1062 1031 997
f 1020 1062 997
f 1086 1047 1052
f 1035 994 1082
f 994 1026 1082
f 1137 1082 1026
f 1027 1137 1026
f 1042 1043 1091
f 1076 1104 1029
f 1029 1002 1076
f 1058 1013 1085
f 1013 1067 1059
f 1072 1080 1004
f 1004 1046 1072
f 1101 1052 1047
f 1102 1101 1048
f 1032 1041 1102
f 999 1033 1118
f 1005 1118 1033
f 1131 1141 1011
f 1011 1034 1131
f 1119 1064 983
f 983 943 1119
f 1088 1073 1006
f 1006 1035 1088
f 1082 1088 1035
f 1028 974 1092
f 1132 1037 985
f 985 1017 1132
f 1075 1024 1104
f 1002 1099 1077
f 1068 1057 1069
f 1111 1105 1019
f 1100 1071 1030
f 1106 1062 1020
f 1113 1106 1040
f 1034 1064 1131
f 1107 1012 1097
f 1090 1050 1042
f 1091 1090 1042
f 1043 1028 1083
f 1093 1051 1108
f 1103 1108 1051
f 1059 1085 1013
f 1037 1100 1030
f 1053 999 1114
f 1063 1049 1081
f 1141 1081 1049
f 1107 1119 943
f 1097 1006 1073
f 1074 1137 1027
f 1027 1115 1074
f 1157 1098 1050
f 1050 1090 1157
f 1117 1038 1000
f 1103 1039 1023
f 1066 1023 1044
f 1044 986 1066
f 1055 1058 1189
f 1085 1189 1058
f 1057 990 1121
f 1045 1121 990
f 1061 1019 1110
f 1071 1079 963
f 1114 1041 1053
f 1087 1118 1005
f 1005 1063 1087
f 1081 1087 1063
f 1092 1083 1028
f 1077 1076 1002
f 1128 1059 1067
f 1067 1018 1128
f 1060 1068 1109
f 1068 1069 1159
f 1078 1070 1135
f 1122 1070 1061
f 1110 1122 1061
f 996 963 1079
f 1119 1096 1064
f 1116 1164 984
f 984 1054 1116
f 1054 1098 1116
f 1083 1091 1043
f 1176 1092 1031
f 1062 1176 1031
f 1117 1065 1126
f 1066 986 1075
f 1075 1104 1170
f 1094 1055 1138
f 1189 1138 1055
f 1018 1056 1128
f 1120 1128 1056
f 1056 1060 1120
f 1109 1120 1060
f 1121 1045 1078
f 1095 1124 1183
f 1096 1131 1064
f 1170 1178 1075
f 1159 1109 1068
f 1122 1135 1070
f 1112 1111 996
f 1146 1100 1037
f 1037 1132 1146
f 1106 1147 1062
f 1052 1124 1086
f 1102 1041 1130
f 1073 1088 1168
f 1176 1175 1092
f 1038 1132 1017
f 1126 1187 1117
f 1065 1093 1126
f 1133 1103 1023
f 1134 1077 1099
f 1188 1084 1094
f 1019 1105 1110
f 996 1079 1112
f 1041 1114 1148
f 1162 1087 1081
f 1107 1097 1185
f 1073 1185 1097
f 1088 1082 1173
f 1089 984 1164
f 1175 1083 1092
f 1023 1066 1133
f 1099 1084 1134
f 1118 1114 999
f 1173 1168 1088
f 1147 1176 1062
f 1127 1066 1075
f 1075 1178 1127
f 1201 1085 1059
f 1147 1106 1154
f 1113 1154 1106
f 1130 1041 1148
f 1114 1118 1125
f 1162 1118 1087
f 1143 1116 1098
f 1098 1157 1143
f 1129 1105 1111
f 1111 1112 1129
f 1123 1129 1112
f 1180 1123 1112
f 1112 1079 1180
f 1080 1191 1113
f 1046 1095 1182
f 1095 1183 1182
f 1148 1114 1125
f 1091 1083 1150
f 1038 1117 1187
f 1126 1093 1151
f 1104 1076 1171
f 1188 1134 1084
f 1152 1188 1094
f 1094 1138 1152
f 1189 1085 1139
f 1201 1139 1085
f 1122 1110 1203
f 1105 1160 1110
f 1146 1071 1100
f 1072 1191 1080
f 1182 1072 1046
f 1136 1101 1102
f 1130 1136 1102
f 1184 1125 1118
f 1214 1184 1118
f 1119 1107 1163
f 1185 1163 1107
f 1210 1137 1074
f 1157 1090 1211
f 1132 1038 1144
f 1076 1077 1171
f 1134 1171 1077
f 1128 1201 1059
f 1128 1120 1140
f 1120 1109 1172
f 1069 1057 1190
f 1057 1121 1190
f 1078 1190 1121
f 1135 1122 1202
f 1203 1202 1122
f 1160 1105 1218
f 1105 1129 1218
f 1183 1124 1242
f 1124 1052 1242
f 1118 1162 1214
f 1185 1073 1168
f 1174 1211 1090
f 1091 1174 1090
f 1146 1132 1193
f 1187 1144 1038
f 1108 1151 1093
f 1177 1103 1133
f 1145 1133 1066
f 1066 1194 1145
f 1066 1127 1194
f 1178 1170 1158
f 1189 1139 1232
f 1109 1159 1172
f 1154 1113 1155
f 1191 1155 1113
f 1182 1161 1072
f 1156 1141 1131
f 1163 1096 1119
f 1142 1210 1074
f 1074 1115 1142
f 1115 1089 1142
f 1199 1193 1132
f 1138 1189 1264
f 1172 1140 1120
f 1203 1110 1160
f 1166 1180 1079
f 1079 1071 1166
f 1071 1146 1166
f 1149 1173 1082
f 1082 1137 1149
f 1210 1149 1137
f 1091 1150 1174
f 1132 1144 1199
f 1126 1151 1215
f 1108 1103 1177
f 1170 1104 1179
f 1171 1179 1104
f 1273 1152 1138
f 1138 1264 1273
f 1140 1153 1128
f 1078 1135 1165
f 1181 1191 1072
f 1161 1181 1072
f 1131 1096 1156
f 1175 1150 1083
f 1145 1177 1133
f 1153 1201 1128
f 1140 1172 1207
f 1190 1159 1069
f 1202 1165 1135
f 1243 1242 1052
f 1243 1052 1101
f 1101 1136 1243
f 1167 1148 1125
f 1224 1162 1081
f 1081 1141 1224
f 1141 1156 1197
f 1186 1089 1164
f 1215 1187 1126
f 1171 1134 1238
f 1218 1129 1208
f 1130 1148 1167
f 1197 1224 1141
f 1236 1116 1143
f 1169 1236 1143
f 1143 1157 1169
f 1211 1169 1157
f 1174 1150 1229
f 1216 1151 1108
f 1159 1195 1172
f 1190 1078 1165
f 1166 1146 1196
f 1176 1147 1241
f 1147 1154 1241
f 1181 1234 1191
f 1209 1130 1167
f 1096 1163 1204
f 1229 1150 1230
f 1150 1175 1230
f 1144 1187 1200
f 1238 1134 1248
f 1153 1140 1239
f 1165 1258 1190
f 1208 1129 1123
f 1196 1180 1166
f 1136 1130 1209
f 1224 1221 1162
f 1186 1142 1089
f 1108 1177 1216
f 1213 1158 1170
f 1179 1213 1170
f 1134 1188 1248
f 1284 1248 1188
f 1201 1232 1139
f 1172 1195 1207
f 1190 1222 1159
f 1204 1156 1096
f 1163 1185 1192
f 1228 1211 1174
f 1212 1175 1176
f 1201 1153 1239
f 1195 1159 1222
f 1203 1160 1240
f 1218 1240 1160
f 1196 1123 1180
f 1193 1196 1146
f 1176 1241 1212
f 1181 1161 1300
f 1182 1183 1251
f 1243 1136 1244
f 1235 1197 1156
f 1156 1204 1235
f 1226 1185 1168
f 1173 1226 1168
f 1173 1149 1198
f 1164 1116 1227
f 1236 1227 1116
f 1200 1205 1144
f 1215 1200 1187
f 1188 1152 1284
f 1217 1264 1189
f 1189 1232 1217
f 1249 1232 1201
f 1140 1207 1206
f 1240 1259 1203
f 1234 1155 1191
f 1242 1251 1183
f 1204 1163 1192
f 1198 1226 1173
f 1227 1186 1164
f 1281 1169 1211
f 1212 1230 1175
f 1245 1196 1193
f 1193 1199 1245
f 1205 1199 1144
f 1237 1194 1127
f 1237 1127 1178
f 1158 1237 1178
f 1238 1179 1171
f 1206 1239 1140
f 1219 1241 1154
f 1154 1155 1219
f 1167 1125 1220
f 1221 1214 1162
f 1278 1224 1197
f 1222 1265 1195
f 1222 1190 1308
f 1258 1308 1190
f 1202 1258 1165
f 1225 1192 1185
f 1226 1225 1185
f 1293 1177 1145
f 1247 1145 1194
f 1239 1206 1274
f 1195 1254 1207
f 1337 1123 1196
f 1161 1182 1251
f 1279 1278 1197
f 1197 1235 1279
f 1210 1198 1149
f 1229 1228 1174
f 1205 1245 1199
f 1315 1216 1177
f 1194 1237 1247
f 1201 1239 1249
f 1233 1337 1196
f 1250 1219 1155
f 1234 1250 1155
f 1300 1234 1181
f 1251 1318 1161
f 1204 1192 1235
f 1269 1142 1186
f 1169 1281 1236
f 1211 1228 1281
f 1215 1151 1282
f 1237 1158 1262
f 1213 1262 1158
f 1254 1195 1265
f 1202 1203 1266
f 1218 1208 1260
f 1208 1123 1260
f 1242 1243 1287
f 1311 1244 1136
f 1223 1311 1136
f 1136 1209 1223
f 1220 1256 1167
f 1184 1220 1125
f 1268 1184 1214
f 1214 1221 1268
f 1200 1215 1246
f 1231 1246 1215
f 1282 1231 1215
f 1151 1216 1334
f 1315 1334 1216
f 1285 1206 1207
f 1254 1285 1207
f 1258 1202 1266
f 1196 1245 1233
f 1209 1167 1301
f 1277 1301 1167
f 1256 1277 1167
f 1261 1268 1221
f 1257 1210 1142
f 1142 1269 1257
f 1186 1227 1269
f 1273 1284 1152
f 1285 1274 1206
f 1300 1161 1318
f 1220 1184 1267
f 1221 1224 1261
f 1224 1278 1261
f 1226 1198 1291
f 1346 1198 1210
f 1210 1257 1346
f 1227 1236 1292
f 1228 1229 1270
f 1229 1230 1271
f 1233 1245 1338
f 1376 1303 1205
f 1205 1200 1376
f 1334 1282 1151
f 1293 1315 1177
f 1288 1293 1145
f 1145 1247 1288
f 1253 1238 1248
f 1265 1222 1308
f 1308 1258 1298
f 1240 1218 1286
f 1260 1286 1218
f 1300 1250 1234
f 1251 1242 1252
f 1235 1192 1327
f 1236 1302 1292
f 1236 1281 1302
f 1271 1270 1229
f 1272 1338 1245
f 1237 1262 1316
f 1295 1249 1239
f 1266 1203 1259
f 1287 1252 1242
f 1310 1287 1243
f 1255 1310 1243
f 1243 1244 1255
f 1244 1311 1255
f 1268 1267 1184
f 1192 1225 1290
f 1225 1226 1280
f 1291 1280 1226
f 1346 1291 1198
f 1230 1212 1271
f 1276 1271 1212
f 1245 1205 1272
f 1246 1376 1200
f 1231 1282 1314
f 1304 1288 1247
f 1247 1237 1304
f 1283 1253 1248
f 1248 1284 1283
f 1217 1232 1307
f 1249 1307 1232
f 1249 1295 1289
f 1337 1260 1123
f 1212 1241 1276
f 1303 1272 1205
f 1179 1263 1213
f 1306 1264 1217
f 1289 1307 1249
f 1239 1274 1295
f 1297 1285 1254
f 1254 1265 1297
f 1219 1350 1241
f 1251 1342 1318
f 1365 1220 1267
f 1312 1261 1278
f 1179 1238 1263
f 1253 1263 1238
f 1266 1298 1258
f 1259 1240 1275
f 1286 1275 1240
f 1350 1276 1241
f 1301 1223 1209
f 1319 1268 1261
f 1290 1327 1192
f 1320 1269 1227
f 1227 1292 1320
f 1228 1270 1281
f 1237 1316 1304
f 1213 1322 1262
f 1307 1306 1217
f 1274 1285 1324
f 1233 1338 1363
f 1277 1436 1301
f 1365 1267 1268
f 1327 1279 1235
f 1280 1290 1225
f 1328 1281 1270
f 1339 1328 1270
f 1246 1231 1361
f 1293 1288 1377
f 1284 1273 1362
f 1305 1362 1273
f 1273 1264 1305
f 1324 1295 1274
f 1308 1335 1265
f 1350 1326 1276
f 1219 1250 1309
f 1277 1256 1220
f 1366 1312 1278
f 1278 1279 1366
f 1279 1327 1331
f 1291 1343 1280
f 1347 1314 1282
f 1282 1334 1347
f 1213 1263 1322
f 1263 1253 1294
f 1306 1305 1264
f 1296 1324 1285
f 1297 1296 1285
f 1363 1337 1233
f 1250 1300 1364
f 1342 1251 1252
f 1269 1320 1357
f 1328 1332 1281
f 1368 1340 1271
f 1276 1368 1271
f 1289 1295 1372
f 1298 1266 1299
f 1266 1259 1299
f 1329 1260 1337
f 1350 1219 1309
f 1252 1287 1423
f 1331 1366 1279
f 1343 1356 1290
f 1290 1280 1343
f 1357 1257 1269
f 1359 1320 1292
f 1292 1302 1359
f 1313 1302 1281
f 1332 1313 1281
f 1340 1339 1270
f 1270 1271 1340
f 1321 1338 1272
f 1272 1303 1321
f 1376 1246 1369
f 1348 1377 1288
f 1288 1304 1348
f 1263 1294 1379
f 1362 1283 1284
f 1317 1372 1295
f 1295 1324 1317
f 1297 1265 1335
f 1308 1298 1325
f 1336 1325 1298
f 1223 1301 1389
f 1436 1389 1301
f 1408 1319 1261
f 1261 1312 1408
f 1302 1313 1359
f 1321 1333 1338
f 1315 1293 1396
f 1419 1348 1304
f 1322 1316 1262
f 1322 1263 1379
f 1306 1307 1323
f 1372 1323 1307
f 1307 1289 1372
f 1299 1336 1298
f 1364 1309 1250
f 1342 1352 1318
f 1310 1255 1435
f 1255 1311 1424
f 1389 1424 1311
f 1311 1223 1389
f 1220 1330 1277
f 1257 1357 1346
f 1368 1276 1326
f 1361 1231 1370
f 1314 1370 1231
f 1396 1334 1315
f 1253 1283 1294
f 1299 1259 1275
f 1275 1286 1341
f 1286 1260 1341
f 1329 1341 1260
f 1356 1327 1290
f 1346 1344 1291
f 1360 1321 1303
f 1376 1360 1303
f 1445 1396 1293
f 1293 1377 1445
f 1305 1306 1323
f 1372 1317 1404
f 1380 1336 1299
f 1338 1333 1390
f 1350 1309 1351
f 1331 1327 1355
f 1361 1369 1246
f 1469 1419 1304
f 1304 1316 1469
f 1349 1324 1296
f 1325 1335 1308
f 1299 1275 1380
f 1309 1364 1374
f 1287 1310 1423
f 1353 1365 1268
f 1344 1346 1345
f 1320 1359 1358
f 1332 1328 1384
f 1347 1370 1314
f 1403 1347 1334
f 1334 1396 1403
f 1379 1446 1322
f 1372 1371 1323
f 1297 1335 1373
f 1363 1329 1337
f 1390 1363 1338
f 1351 1309 1374
f 1300 1318 1352
f 1436 1277 1330
f 1330 1220 1407
f 1354 1408 1312
f 1312 1366 1354
f 1357 1320 1381
f 1340 1368 1395
f 1402 1333 1321
f 1360 1402 1321
f 1370 1347 1432
f 1296 1297 1349
f 1275 1385 1380
f 1329 1363 1386
f 1364 1300 1352
f 1268 1319 1353
f 1366 1331 1448
f 1356 1355 1327
f 1356 1343 1367
f 1343 1291 1344
f 1375 1345 1346
f 1346 1357 1375
f 1382 1381 1320
f 1358 1382 1320
f 1313 1332 1384
f 1394 1384 1328
f 1368 1326 1431
f 1432 1347 1403
f 1316 1322 1378
f 1446 1378 1322
f 1305 1420 1362
f 1393 1431 1326
f 1326 1350 1393
f 1351 1393 1350
f 1424 1435 1255
f 1407 1425 1330
f 1220 1365 1407
f 1355 1448 1331
f 1357 1381 1375
f 1359 1313 1358
f 1328 1339 1394
f 1340 1394 1339
f 1402 1390 1333
f 1420 1283 1362
f 1405 1404 1317
f 1317 1324 1405
f 1373 1349 1297
f 1385 1275 1434
f 1341 1434 1275
f 1341 1329 1386
f 1390 1386 1363
f 1342 1252 1422
f 1252 1423 1422
f 1353 1407 1365
f 1366 1448 1354
f 1431 1395 1368
f 1419 1377 1348
f 1372 1404 1415
f 1383 1405 1324
f 1324 1349 1383
f 1392 1373 1335
f 1335 1325 1392
f 1398 1392 1325
f 1336 1398 1325
f 1352 1388 1364
f 1352 1342 1442
f 1422 1442 1342
f 1435 1423 1310
f 1367 1427 1356
f 1345 1443 1344
f 1345 1375 1429
f 1369 1360 1376
f 1420 1294 1283
f 1421 1420 1305
f 1323 1421 1305
f 1415 1371 1372
f 1399 1336 1380
f 1385 1399 1380
f 1386 1434 1341
f 1374 1364 1387
f 1388 1387 1364
f 1429 1443 1345
f 1361 1370 1411
f 1323 1371 1414
f 1383 1349 1397
f 1349 1373 1416
f 1391 1416 1373
f 1392 1391 1373
f 1398 1336 1399
f 1418 1385 1434
f 1355 1356 1427
f 1443 1367 1343
f 1343 1344 1443
f 1313 1409 1358
f 1411 1369 1361
f 1411 1370 1432
f 1412 1445 1377
f 1518 1469 1316
f 1316 1378 1518
f 1397 1349 1416
f 1418 1399 1385
f 1401 1478 1390
f 1442 1388 1352
f 1425 1436 1330
f 1319 1408 1482
f 1400 1448 1355
f 1427 1400 1355
f 1382 1358 1409
f 1409 1313 1410
f 1313 1384 1410
f 1390 1402 1401
f 1369 1503 1360
f 1403 1396 1488
f 1413 1379 1294
f 1406 1417 1391
f 1391 1392 1406
f 1398 1406 1392
f 1431 1393 1440
f 1409 1381 1382
f 1394 1340 1449
f 1340 1395 1449
f 1431 1449 1395
f 1402 1360 1503
f 1396 1445 1488
f 1450 1518 1378
f 1446 1450 1378
f 1420 1413 1294
f 1421 1323 1414
f 1416 1391 1417
f 1406 1398 1433
f 1399 1433 1398
f 1418 1439 1399
f 1418 1434 1453
f 1351 1440 1393
f 1374 1387 1441
f 1375 1381 1429
f 1409 1430 1381
f 1437 1410 1384
f 1394 1437 1384
f 1484 1401 1402
f 1402 1503 1484
f 1377 1419 1412
f 1421 1461 1420
f 1472 1471 1415
f 1415 1404 1472
f 1404 1405 1472
f 1405 1383 1462
f 1416 1417 1447
f 1433 1399 1438
f 1465 1439 1418
f 1478 1386 1390
f 1351 1374 1441
f 1436 1467 1389
f 1425 1407 1456
f 1482 1353 1319
f 1426 1408 1354
f 1354 1448 1426
f 1443 1429 1428
f 1403 1486 1432
f 1414 1371 1520
f 1471 1520 1371
f 1371 1415 1471
f 1447 1397 1416
f 1438 1399 1439
f 1453 1465 1418
f 1473 1434 1386
f 1441 1455 1351
f 1422 1423 1492
f 1467 1424 1389
f 1429 1381 1444
f 1476 1437 1394
f 1480 1412 1419
f 1419 1469 1480
f 1451 1472 1405
f 1405 1462 1451
f 1383 1397 1462
f 1454 1473 1386
f 1386 1478 1454
f 1440 1351 1455
f 1423 1435 1492
f 1424 1467 1515
f 1425 1504 1436
f 1426 1482 1408
f 1400 1427 1457
f 1494 1457 1427
f 1427 1367 1494
f 1443 1494 1367
f 1428 1429 1444
f 1381 1430 1444
f 1409 1410 1495
f 1507 1410 1437
f 1394 1449 1476
f 1477 1476 1449
f 1449 1431 1496
f 1431 1440 1496
f 1503 1369 1479
f 1411 1479 1369
f 1421 1414 1490
f 1417 1406 1452
f 1464 1452 1406
f 1406 1433 1464
f 1453 1434 1473
f 1515 1492 1435
f 1435 1424 1515
f 1507 1437 1460
f 1476 1460 1437
f 1401 1484 1502
f 1479 1411 1468
f 1432 1468 1411
f 1486 1403 1487
f 1461 1413 1420
f 1490 1461 1421
f 1397 1447 1463
f 1452 1447 1417
f 1433 1438 1499
f 1465 1438 1439
f 1455 1441 1551
f 1466 1551 1441
f 1482 1505 1353
f 1493 1448 1400
f 1494 1443 1475
f 1443 1428 1475
f 1458 1475 1428
f 1428 1444 1458
f 1459 1444 1430
f 1495 1430 1409
f 1483 1495 1410
f 1410 1507 1483
f 1502 1478 1401
f 1468 1432 1485
f 1486 1485 1432
f 1445 1412 1488
f 1446 1379 1489
f 1413 1489 1379
f 1470 1490 1414
f 1414 1520 1470
f 1397 1463 1462
f 1497 1463 1447
f 1499 1464 1433
f 1533 1496 1440
f 1455 1533 1440
f 1422 1492 1526
f 1493 1426 1448
f 1430 1495 1516
f 1496 1477 1449
f 1461 1481 1413
f 1465 1453 1524
f 1473 1524 1453
f 1551 1533 1455
f 1535 1466 1441
f 1441 1387 1535
f 1456 1407 1474
f 1407 1353 1474
f 1505 1474 1353
f 1457 1493 1400
f 1444 1459 1501
f 1516 1459 1430
f 1519 1481 1461
f 1498 1497 1447
f 1447 1452 1498
f 1442 1422 1526
f 1504 1467 1436
f 1456 1504 1425
f 1501 1458 1444
f 1489 1450 1446
f 1490 1519 1461
f 1471 1472 1532
f 1491 1532 1472
f 1472 1451 1491
f 9727 1491 1451
f 9727 1451 1462
f 1524 1510 1465
f 1454 1517 1473
f 1562 1387 1388
f 1474 1505 1607
f 1537 1493 1457
f 1552 1506 1475
f 1475 1458 1552
f 1511 1460 1476
f 1476 1477 1512
f 1496 1512 1477
f 1547 1454 1478
f 1502 1547 1478
f 1503 1479 1530
f 1487 1403 1508
f 1403 1488 1508
f 1481 1489 1413
f 1463 9727 1462
f 1464 1498 1452
f 1499 1438 1561
f 1438 1465 1561
f 1524 1473 1517
f 1388 1442 1562
f 1536 1505 1482
f 1482 1426 1536
f 1537 1457 1527
f 1494 1527 1457
f 1500 1552 1458
f 1458 1501 1500
f 1512 1511 1476
f 1529 1502 1484
f 1484 1503 1529
f 1605 1508 1488
f 1558 1605 1488
f 1488 1412 1558
f 1548 1480 1469
f 1469 1518 1548
f 1532 1520 1471
f 1509 1463 1497
f 1524 1580 1510
f 1517 1454 1547
f 1525 1535 1387
f 1562 1525 1387
f 1514 1526 1492
f 1492 1515 1514
f 1495 1483 1523
f 1483 1507 1523
f 1553 1507 1460
f 1533 1522 1496
f 1489 1481 1531
f 1519 1490 1560
f 1497 1498 1509
f 1498 1464 1521
f 1499 1521 1464
f 1544 1536 1426
f 1426 1493 1544
f 1538 1500 1501
f 1501 1459 1538
f 1459 1516 1539
f 1530 1529 1503
f 1530 1479 1468
f 1487 1485 1486
f 1548 1412 1480
f 1450 1489 1541
f 1542 1481 1519
f 1532 1595 1520
f 1512 1496 1522
f 1562 1442 1513
f 1442 1526 1513
f 1504 1587 1467
f 1456 1626 1504
f 1494 1475 1527
f 1506 1527 1475
f 1516 1495 1523
f 1485 1487 1557
f 1559 1518 1450
f 1541 1559 1450
f 1542 1531 1481
f 1550 9727 1463
f 1463 1509 1550
f 1555 1509 1498
f 1521 1499 1556
f 1510 1561 1465
f 1551 1466 1534
f 1626 1587 1504
f 1537 1544 1493
f 1523 1539 1516
f 1540 1553 1460
f 1511 1540 1460
f 1517 1547 1546
f 1528 1547 1502
f 1502 1529 1528
f 1412 1548 1558
f 1531 1541 1489
f 1470 1520 1582
f 1595 1582 1520
f 1513 1526 1625
f 1514 1515 1574
f 1474 1626 1456
f 1505 1536 1575
f 1539 1538 1459
f 1490 1470 1582
f 1555 1498 1592
f 1592 1498 1521
f 1561 1556 1499
f 1594 1580 1524
f 1517 1594 1524
f 1511 1512 1584
f 1512 1522 1584
f 1533 1551 1566
f 1515 1467 1586
f 1587 1586 1467
f 1626 1474 1563
f 1607 1563 1474
f 1500 1538 1545
f 1553 1523 1507
f 1584 1540 1511
f 1572 1529 1530
f 1468 1485 1573
f 1557 1573 1485
f 1559 1548 1518
f 1531 1542 1541
f 1560 1542 1519
f 1549 1595 1532
f 1543 1549 1532
f 1532 1491 1543
f 9727 1543 1491
f 1561 1510 1603
f 1522 1533 1565
f 1534 1466 1567
f 1567 1466 1535
f 1525 1567 1535
f 1545 1538 1564
f 1539 1523 1569
f 1569 1523 1553
f 1517 1546 1594
f 1468 1572 1530
f 1557 1487 1508
f 1560 1490 1582
f 1554 1550 1509
f 1509 1555 1554
f 1526 1514 1625
f 1586 1574 1515
f 1527 1506 1568
f 1538 1539 1564
f 1540 1599 1553
f 1572 1618 1529
f 1573 1572 1468
f 1566 1565 1533
f 1534 1566 1551
f 1562 1513 1596
f 1537 1527 1608
f 1552 1500 1576
f 1545 1576 1500
f 1636 1564 1539
f 1525 1562 1624
f 1597 1625 1514
f 1514 1574 1597
f 1575 1607 1505
f 1627 1536 1544
f 1506 1552 1568
f 1576 1568 1552
f 1598 1636 1539
f 1569 1598 1539
f 1599 1569 1553
f 1599 1540 1583
f 1579 1592 1521
f 1521 1556 1579
f 1679 1579 1556
f 1556 1561 1679
f 1529 1618 1528
f 1548 1559 1658
f 1559 1541 1631
f 1581 1631 1541
f 1541 1542 1581
f 1542 1560 1619
f 9761 1549 1543
f 1578 1554 1555
f 1592 1578 1555
f 1603 1679 1561
f 1603 1510 1593
f 1528 1546 1547
f 1534 1567 1634
f 1624 1562 1596
f 1608 1544 1537
f 1527 1568 1609
f 1564 1636 1545
f 1522 1565 9791
f 1565 1566 9791
f 1585 9791 1566
f 1566 1534 1585
f 1634 1585 1534
f 1567 1525 1686
f 1705 1597 1574
f 1574 1586 1635
f 1544 1608 1627
f 1608 1527 1609
f 9726 1570 1601
f 1590 1611 1571
f 1571 9717 1590
f 1580 1593 1510
f 1594 1546 1630
f 1618 1572 1604
f 1573 1604 1572
f 1542 1619 1581
f 1560 1582 1606
f 1625 1596 1513
f 1635 1705 1574
f 1575 1536 1643
f 1536 1627 1643
f 1598 1569 1644
f 9726 1601 1600
f 1601 1577 1588
f 1589 1588 1577
f 1611 1590 1685
f 1580 1594 1593
f 1631 1658 1559
f 1606 1619 1560
f 1549 9761 1642
f 1583 1584 9795
f 1584 9793 9795
f 1567 1686 1634
f 1525 1624 1686
f 1587 1635 1586
f 1671 1568 1576
f 1576 1545 1671
f 1600 1610 9726
f 1664 1588 1589
f 1646 1685 1590
f 1590 1591 1646
f 1621 1646 1591
f 1592 1579 1652
f 1639 1653 1579
f 1579 1679 1639
f 1603 1593 1694
f 1593 1594 1617
f 1617 1594 1630
f 1619 1640 1581
f 1641 1606 1582
f 1582 1595 1641
f 1660 1641 1595
f 1595 1549 1660
f 1642 1660 1549
f 1569 1599 1637
f 1599 1583 1637
f 1600 1601 1620
f 9651 9691 1612
f 9691 9736 1612
f 9736 1613 1612
f 1613 9735 1614
f 9735 1602 1614
f 1638 1614 1602
f 1602 1615 1638
f 1653 1652 1579
f 1654 1679 1603
f 1694 1654 1603
f 1618 1604 1681
f 1730 1508 1605
f 1605 1558 1730
f 1548 1658 1761
f 1716 1624 1596
f 1625 1716 1596
f 1732 1626 1563
f 1563 1607 1732
f 1765 1608 1609
f 1706 1765 1609
f 1609 1568 1706
f 1545 1636 1671
f 1637 1644 1569
f 1610 1600 1701
f 1611 1724 1684
f 1685 1724 1611
f 1649 1648 1612
f 1612 1613 1649
f 1628 1649 1613
f 1613 1614 1628
f 1614 1638 1628
f 1638 1615 1674
f 1675 1674 1615
f 9756 1623 1622
f 9690 1623 1616
f 1528 1630 1546
f 1528 1618 1748
f 1681 1604 1656
f 1573 1656 1604
f 1640 1683 1631
f 1631 1581 1640
f 1619 1606 1696
f 1645 9837 1701
f 1662 1600 1620
f 1664 1663 1588
f 1664 1632 1665
f 1685 1646 1702
f 9702 1622 1633
f 1667 1633 1622
f 1668 1667 1622
f 1622 1623 1668
f 1647 1668 1623
f 9690 1647 1623
f 1715 1704 1585
f 1585 1634 1715
f 1625 1597 1705
f 1587 1626 1786
f 1732 1786 1626
f 1717 1607 1575
f 1688 1636 1598
f 1689 1688 1598
f 1598 1644 1689
f 1638 1650 1628
f 1657 1730 1558
f 1558 1548 1657
f 1761 1657 1548
f 1683 1658 1631
f 1640 1619 1659
f 1696 1659 1619
f 1641 1697 1606
f 1739 1789 1645
f 1645 1701 1739
f 1662 1701 1600
f 1665 1632 1684
f 1646 1621 1770
f 1666 1770 1621
f 1621 1633 1666
f 1705 1716 1625
f 1717 1732 1607
f 1669 1643 1627
f 1670 1627 1608
f 1687 1671 1636
f 1688 1687 1636
f 1700 1661 9849
f 9849 9833 1700
f 1645 1700 9833
f 1628 1650 1649
f 1773 1629 1710
f 1694 1593 1695
f 1655 1617 1630
f 1528 1655 1630
f 1557 1508 1779
f 1696 1606 1697
f 1641 1660 1721
f 9791 1704 1703
f 1750 1686 1624
f 1635 1763 1705
f 1587 1731 1635
f 1764 1575 1643
f 1806 1669 1627
f 1627 1670 1806
f 1608 1765 1670
f 1568 1671 1718
f 1672 1689 1644
f 1644 1637 1672
f 9636 1672 1637
f 1699 1661 1700
f 1789 1700 1645
f 1662 1768 1701
f 1662 1620 1757
f 1620 1663 1757
f 1770 1702 1646
f 1667 1668 1771
f 1818 9797 1648
f 1648 1649 1690
f 1674 1709 1638
f 1674 1675 1741
f 1710 1651 1726
f 1676 1726 1651
f 1651 9760 1676
f 9824 1676 9760
f 1678 1677 1652
f 1652 1653 1678
f 1653 1639 1678
f 1679 1678 1639
f 1693 1679 1654
f 1654 1694 1693
f 1573 1557 1682
f 1779 1682 1557
f 1730 1779 1508
f 1658 1683 1827
f 1697 1641 1721
f 1660 1642 1698
f 1663 1664 1848
f 1665 1848 1664
f 1724 1814 1684
f 1702 1724 1685
f 1725 1666 1633
f 1633 1667 1725
f 1771 1725 1667
f 1815 1771 1668
f 9802 1815 1668
f 1668 1647 9802
f 1784 1750 1624
f 1716 1784 1624
f 1718 1671 1687
f 9835 1689 1672
f 1673 9835 1672
f 1818 1648 1690
f 1638 1709 1650
f 1675 1629 1741
f 1676 9824 1711
f 1691 1677 1678
f 1692 1691 1678
f 1678 1679 1692
f 1679 1693 1692
f 1713 1695 1680
f 1680 1617 1759
f 1681 1748 1618
f 1827 1761 1658
f 9881 1683 1640
f 1640 1659 9881
f 9880 9881 1659
f 1659 1696 9880
f 1698 1721 1660
f 1723 1665 1684
f 1684 1814 1723
f 1762 1715 1634
f 1634 1686 1762
f 1750 1762 1686
f 1716 1705 1785
f 1763 1829 1705
f 1731 1763 1635
f 1786 1731 1587
f 1706 1568 1718
f 1687 1688 1733
f 9632 1733 1688
f 1688 1689 9632
f 1707 9632 1689
f 1819 1690 1649
f 1649 1650 1819
f 1674 1741 1740
f 1894 1741 1629
f 1629 1773 1894
f 1726 1676 1742
f 1727 1712 1711
f 1693 1694 9826
f 1694 1695 9826
f 1713 9826 1695
f 1797 1759 1617
f 1617 1655 1797
f 1748 1655 1528
f 9880 1696 9882
f 1708 9882 1696
f 1696 1697 1708
f 1867 1699 1700
f 1789 1867 1700
f 1739 1701 2033
f 1768 2033 1701
f 1813 1757 1663
f 1848 1665 1723
f 1724 1702 1769
f 1770 1769 1702
f 9634 1703 1714
f 1749 1703 1704
f 1704 1715 1749
f 1705 1829 1785
f 1843 1732 1717
f 1643 1669 1764
f 1708 1697 9639
f 1721 9639 1697
f 9844 9838 1756
f 1650 1709 1834
f 1773 1710 1871
f 1821 1871 1710
f 1710 1726 1821
f 1743 1742 1676
f 1676 1711 1743
f 1711 1712 1743
f 9826 1713 1729
f 1759 1713 1680
f 1656 1573 1798
f 1682 1798 1573
f 1877 1730 1657
f 1762 1749 1715
f 1763 1731 1830
f 1718 1687 1751
f 1733 1751 1687
f 1734 9886 1822
f 1735 1822 9886
f 9886 1719 1735
f 1720 1735 1719
f 9639 1721 9641
f 9678 9641 1721
f 1738 9844 1754
f 1756 1755 9844
f 1848 1813 1663
f 1833 1770 1666
f 1666 1725 1833
f 1740 1709 1674
f 1726 1742 1821
f 1712 1727 1758
f 1744 1758 1727
f 1727 1728 1744
f 1776 1744 1728
f 1728 9815 1776
f 9815 9823 1776
f 1745 1776 9823
f 1655 1748 1797
f 1779 1803 1682
f 1657 1761 1760
f 1716 1785 1784
f 1764 1717 1575
f 1765 1806 1670
f 1766 1718 1751
f 1751 1733 9787
f 9631 9787 1733
f 1733 9778 9631
f 1800 1735 1720
f 1720 1736 1800
f 1781 1800 1736
f 1736 1737 1781
f 1801 1737 1752
f 9783 9836 1767
f 1753 1767 9836
f 9836 1738 1753
f 1738 1754 1753
f 1754 9844 1755
f 1755 1756 1811
f 1757 1832 1662
f 1769 1959 1724
f 1816 1815 9802
f 1820 1819 1650
f 1834 1820 1650
f 1894 1835 1741
f 1850 1742 1743
f 1744 1776 1775
f 1776 1745 1836
f 1746 1747 1745
f 1713 1759 1795
f 1797 1796 1759
f 1802 1797 1748
f 1779 1730 1780
f 1799 1827 1683
f 1714 1703 1782
f 1703 1749 1782
f 1762 1750 1783
f 1732 1865 1786
f 1913 1843 1717
f 1717 1764 1913
f 1706 1831 1765
f 1766 1751 9787
f 1855 1734 2002
f 1822 2002 1734
f 1735 1964 1822
f 1933 1735 1800
f 1781 1737 1823
f 1801 1823 1737
f 1825 1801 1752
f 1810 1767 1753
f 1753 1754 1810
f 1755 1810 1754
f 1811 1756 1812
f 1756 1722 1812
f 1925 1722 1699
f 1867 1925 1699
f 1757 1813 1832
f 1869 1848 1723
f 1959 1814 1724
f 1870 1833 1725
f 1771 1870 1725
f 1817 9799 1818
f 1834 1709 1772
f 1709 1740 1772
f 1850 1743 1791
f 1743 1712 1791
f 1712 1758 1791
f 1774 1791 1758
f 1895 1774 1758
f 1758 1744 1895
f 1836 1745 1792
f 1777 1792 1745
f 1745 1747 1777
f 1794 1777 1747
f 1747 9814 1794
f 1778 1794 9814
f 1759 1796 1795
f 1681 1656 1798
f 1803 1798 1682
f 1877 1780 1730
f 9730 1782 1749
f 1749 1762 9730
f 1783 9730 1762
f 1783 1750 1807
f 1829 1805 1785
f 1829 1763 1830
f 1831 1806 1765
f 1766 1706 1718
f 1846 1809 1767
f 1788 1846 1767
f 1767 1810 1788
f 1810 1755 1958
f 1832 1847 1662
f 1849 1869 1723
f 1815 1870 1771
f 1902 1772 1740
f 1740 1926 1902
f 1835 1790 1741
f 1894 1773 1871
f 1850 1872 1742
f 1744 1775 1895
f 1775 1776 1873
f 1874 1873 1776
f 1836 1874 1776
f 1793 1792 1777
f 1999 1793 1777
f 1777 1794 1999
f 1748 1681 1802
f 1838 1802 1681
f 1681 1857 1838
f 1780 1803 1779
f 1657 1760 1877
f 1761 1827 1826
f 1800 1781 1876
f 1823 1856 1781
f 1750 1784 1807
f 1731 1786 1865
f 1766 1831 1706
f 9630 1787 1808
f 1844 1808 1787
f 1787 9780 1844
f 1811 1958 1755
f 2033 1867 1789
f 1789 1739 2033
f 1848 2015 1813
f 1814 1849 1723
f 1818 1892 1817
f 1818 1690 1892
f 1873 1895 1775
f 1792 1793 1851
f 1875 1999 1794
f 1794 1778 1875
f 1796 1797 1802
f 1761 1826 1760
f 1858 1827 1799
f 1804 9879 1859
f 2002 1822 1881
f 1822 1964 1881
f 1876 1933 1800
f 1930 1823 1801
f 1801 1824 1930
f 1801 1825 1824
f 1798 1857 1681
f 1827 1858 1880
f 1799 1804 1858
f 1804 1859 1858
f 9906 1859 9879
f 1732 1843 1865
f 1807 1784 9851
f 1805 9851 1784
f 1844 1809 1845
f 1846 1845 1809
f 1811 1812 1924
f 2015 1832 1813
f 1769 1770 1996
f 1770 1833 1996
f 2017 1833 1870
f 1900 1870 1815
f 1893 1690 1819
f 1872 1871 1821
f 1850 1791 1903
f 1791 1774 1903
f 1851 1836 1792
f 1852 1875 1778
f 1778 1837 1852
f 1930 1824 1934
f 1824 1825 1882
f 1825 9640 1882
f 9755 1882 9640
f 1880 1826 1827
f 1839 1989 9865
f 9865 9857 1839
f 1840 1839 9857
f 9857 1828 1840
f 1805 1829 1864
f 1830 1864 1829
f 1831 1766 9785
f 9915 1854 1853
f 1856 1876 1781
f 1823 1930 1856
f 1842 9851 1805
f 1864 1842 1805
f 1866 1808 1946
f 1808 1844 1946
f 1973 1946 1844
f 1923 1788 1810
f 1958 1923 1810
f 1812 1925 1899
f 2033 1768 1868
f 1847 1832 1975
f 1772 1820 1834
f 1851 1874 1836
f 9623 1852 1837
f 1880 1760 1826
f 1989 1860 9865
f 1937 1989 1839
f 1839 1840 1937
f 1906 1937 1840
f 1861 1906 1840
f 1840 1841 1861
f 1841 1862 1861
f 1831 1669 1806
f 1845 1973 1844
f 1891 1845 1846
f 1788 1891 1846
f 1958 1811 1947
f 1899 1924 1812
f 1848 1869 1976
f 1814 1959 2045
f 1996 1959 1769
f 1893 1892 1690
f 1774 1895 1903
f 1875 1852 1896
f 1854 1855 2002
f 1964 1735 1933
f 1877 1760 1878
f 1880 1879 1760
f 1880 1858 9894
f 9917 9894 1858
f 1858 1859 9917
f 1936 9777 9642
f 9642 1860 1936
f 1860 1989 1936
f 1861 1862 1918
f 1884 9869 1885
f 1940 1863 1908
f 1909 1908 1863
f 1863 9862 1909
f 1886 1909 9862
f 1942 1864 1830
f 1920 1731 1865
f 1865 1843 1920
f 1945 1913 1764
f 1764 1669 1945
f 1890 1889 9789
f 1890 1866 1995
f 1946 1995 1866
f 1788 1923 2043
f 1847 1868 1768
f 1833 2017 1960
f 2018 1900 1815
f 1815 1816 2018
f 1901 2018 1816
f 1892 2019 1817
f 1850 1903 1872
f 1950 1895 1873
f 1983 1950 1873
f 1873 1874 1983
f 9888 1897 9961
f 1876 1856 1987
f 1882 9776 1905
f 1838 1857 1914
f 1915 1857 1798
f 1798 1803 1915
f 1916 1915 1803
f 1917 1916 1803
f 1803 1780 1917
f 1780 1877 1917
f 9962 1917 1877
f 1877 1878 9962
f 9894 1879 1880
f 1932 1951 1853
f 1853 1854 1932
f 1854 2002 1932
f 1986 1964 1933
f 1824 1882 1934
f 2051 1934 1882
f 1935 1905 9776
f 1937 1906 2052
f 1918 1862 1907
f 1938 1907 1862
f 1862 1883 1938
f 1919 1938 1883
f 1883 1884 1919
f 1884 1885 1919
f 2040 1919 1885
f 1939 2040 1885
f 1909 1886 1910
f 1886 1911 1910
f 1911 1887 1941
f 1912 1941 1887
f 1887 1888 1912
f 1888 9871 1912
f 1864 1912 9871
f 1968 1942 1830
f 1920 1843 1943
f 1913 1943 1843
f 1970 1945 1669
f 1831 1970 1669
f 1831 9785 9788
f 1898 1922 1889
f 1889 1890 1898
f 1995 1898 1890
f 1948 1899 1925
f 2015 1975 1832
f 1849 1814 2016
f 1814 2045 2016
f 1996 2059 1959
f 1870 1900 2017
f 1816 9800 1901
f 1820 1977 1893
f 1893 1819 1820
f 1820 1772 1962
f 1835 1980 1790
f 1835 1894 1981
f 1894 1871 1981
f 1875 1896 1927
f 1928 1852 9623
f 1904 9961 1897
f 1929 1904 1897
f 1915 1914 1857
f 1916 1984 1915
f 1922 1921 1889
f 1891 2014 1845
f 1891 1788 2057
f 2043 2057 1788
f 2058 1925 1867
f 1974 1867 2033
f 1976 2015 1848
f 2034 1976 1869
f 1869 1849 2034
f 2016 2034 1849
f 1960 1996 1833
f 2019 1892 2020
f 1892 1893 2020
f 1977 2020 1893
f 1772 1902 1962
f 1981 1980 1835
f 1871 1872 1982
f 1793 1999 1998
f 1927 1999 1875
f 1928 1896 1852
f 2052 1906 1953
f 1861 1953 1906
f 1918 1966 1861
f 1909 1910 1967
f 1955 1910 1911
f 1941 1955 1911
f 1912 1864 1942
f 1830 1731 1968
f 1731 1920 1968
f 1945 1943 1913
f 1831 9788 2010
f 1914 1915 9956
f 2103 1952 1936
f 1936 1989 2103
f 1966 1953 1861
f 1907 1966 1918
f 1939 1940 2004
f 1940 1908 1991
f 1954 1967 1910
f 1955 1954 1910
f 1920 1943 1993
f 1944 1993 1943
f 1956 1944 1943
f 1943 1945 1956
f 1831 2010 1970
f 9808 1921 2011
f 1921 1922 2011
f 1922 1898 2012
f 1958 2043 1923
f 1947 1811 1924
f 1820 1962 2021
f 1962 1902 1978
f 1902 1926 1978
f 1981 1871 2119
f 1982 2119 1871
f 1872 1903 2022
f 1903 1895 1949
f 1895 1950 1949
f 1874 1851 2036
f 1851 1793 2036
f 1904 1929 9966
f 1985 1931 9889
f 9889 1853 1985
f 1965 1986 1933
f 1856 1930 2027
f 1930 1934 2027
f 1882 1905 2051
f 1984 1916 2081
f 1916 1917 2081
f 1963 9966 1929
f 1929 1931 1963
f 1985 1963 1931
f 1964 2003 1881
f 1933 1876 1965
f 1987 1965 1876
f 1905 1935 1988
f 1936 1952 9775
f 2052 1989 1937
f 2004 2040 1939
f 2004 1940 2005
f 1991 2005 1940
f 1908 1909 1991
f 1967 1991 1909
f 1992 1955 1941
f 1941 1912 1992
f 2029 1992 1912
f 2008 1912 1942
f 1920 1993 1968
f 9811 2009 1944
f 1956 9811 1944
f 1970 1956 1945
f 2011 1971 9808
f 1898 1995 2013
f 1957 1995 1946
f 1946 1973 1957
f 1974 2058 1867
f 1868 1847 2044
f 1975 2044 1847
f 2059 2045 1959
f 2180 1960 2017
f 9798 2019 1961
f 2021 1977 1820
f 1979 1978 1926
f 1926 1790 1979
f 2098 1982 1872
f 1927 1896 2023
f 1896 1928 2024
f 9956 1915 1984
f 1985 1951 2087
f 2067 2087 1951
f 1951 1932 2067
f 2027 2050 1856
f 1934 2089 2027
f 1988 2123 1905
f 1907 1938 1990
f 2054 1938 1919
f 1919 2040 2028
f 2007 1954 1955
f 2008 2029 1912
f 2008 1942 2030
f 1942 1968 2030
f 2009 1993 1944
f 1969 9811 1956
f 1956 1970 1969
f 1971 2011 1972
f 2013 2012 1898
f 1924 1899 2076
f 2110 1948 1925
f 1925 2058 2110
f 2018 2130 1900
f 2019 9937 1961
f 1997 2021 1962
f 1962 1978 1997
f 1872 2022 2035
f 1949 2022 1903
f 1998 2036 1793
f 1998 1999 2099
f 1896 2062 2023
f 1984 2081 2001
f 9966 1963 2086
f 1963 1985 2039
f 2087 2039 1985
f 2002 1881 2100
f 2003 2100 1881
f 1986 2003 1964
f 1987 1856 2050
f 1966 1907 2090
f 1990 2090 1907
f 2054 1990 1938
f 2028 2054 1919
f 2105 1991 1967
f 2030 1968 2092
f 1968 1993 2092
f 2031 2009 9811
f 9628 1969 1970
f 2010 9628 1970
f 9806 1971 1994
f 2072 1994 1971
f 1971 1972 2072
f 1957 1973 2014
f 1899 1948 2076
f 2077 1974 2033
f 1975 2015 2111
f 2059 1996 2147
f 1978 1979 2113
f 1979 1980 2097
f 1872 2035 2098
f 1950 1983 2047
f 2061 1983 1874
f 1874 2036 2061
f 2024 1928 2025
f 2000 1984 2001
f 1917 9962 2118
f 9969 2118 9962
f 2002 2068 1932
f 2100 2068 2002
f 1986 1965 2122
f 2051 2089 1934
f 2123 2051 1905
f 1952 9923 9775
f 1989 2052 2103
f 2104 2052 1953
f 2004 2055 2040
f 2105 1967 2006
f 1967 1954 2006
f 1957 2013 1995
f 2057 2043 2032
f 2079 2147 1996
f 1996 1960 2079
f 2180 2079 1960
f 2017 1900 2130
f 2018 1901 2131
f 2019 2060 9937
f 1896 2024 2062
f 9931 2024 2025
f 2025 2037 9931
f 2000 2001 2038
f 2049 2001 2081
f 1932 2068 2067
f 2050 2141 1987
f 2050 2027 2088
f 9924 9923 1952
f 1953 1966 2053
f 2155 2005 1991
f 2157 2006 1954
f 1954 2007 2157
f 1955 1992 2007
f 1992 2029 2091
f 2030 2200 2008
f 2201 2092 1993
f 2009 2031 2093
f 2041 2093 2031
f 2042 1972 2011
f 2011 1922 2042
f 2012 2042 1922
f 2033 1868 2078
f 2296 2078 1868
f 2044 2296 1868
f 1975 2111 2129
f 2130 2180 2017
f 2131 1901 2193
f 1901 2046 2193
f 1980 1981 2261
f 2047 1949 1950
f 1999 1927 2080
f 2037 2025 2063
f 2025 9960 2063
f 2038 2169 2026
f 2049 2085 2001
f 2169 2048 2026
f 2038 2001 2137
f 2118 2081 1917
f 2086 1963 2065
f 2087 2067 2066
f 1965 1987 2141
f 2027 2089 2088
f 1988 9775 9927
f 9923 9927 9775
f 2053 2104 1953
f 2090 2069 1966
f 1991 2105 2155
f 2007 1992 2091
f 2029 2008 2200
f 2201 1993 2106
f 1993 2009 2106
f 2177 1957 2014
f 1947 1924 2145
f 1948 2110 2109
f 2077 2058 1974
f 2077 2033 2078
f 2131 2130 2018
f 1997 1978 2212
f 2113 2212 1978
f 1982 2098 2119
f 2035 2022 2133
f 2061 2047 1983
f 2099 1999 2080
f 2080 1927 2023
f 9934 2037 2063
f 2001 2085 2137
f 2085 2049 2151
f 1963 2039 2065
f 2198 2065 2039
f 2087 2198 2039
f 2122 2252 1986
f 2122 1965 2101
f 1965 2141 2101
f 2089 2051 2172
f 1988 9927 2102
f 2053 1966 2069
f 1990 2054 2090
f 2154 2028 2040
f 2055 2154 2040
f 2174 2055 2004
f 2005 2174 2004
f 2030 2092 2176
f 2202 2106 2009
f 2093 2202 2009
f 2107 2093 2041
f 2056 2107 2041
f 2073 2012 2013
f 2177 2014 2074
f 2032 2043 2075
f 2178 2075 2043
f 2043 1958 2178
f 1958 1947 2178
f 2145 2178 1947
f 2109 2076 1948
f 2015 1976 2111
f 2096 2111 1976
f 2045 2059 2209
f 2112 2193 2046
f 1997 2194 2021
f 2113 1979 2114
f 2115 2133 2022
f 2022 1949 2115
f 2116 2061 2036
f 2036 1998 2116
f 9954 2048 2084
f 2118 9969 2247
f 2121 2100 2003
f 1986 2121 2003
f 2172 2051 2123
f 2123 1988 2102
f 2052 2104 2103
f 2069 2090 2173
f 2124 2054 2028
f 2157 2105 2006
f 2091 2029 2158
f 2200 2158 2029
f 2200 2030 2176
f 2056 9812 2094
f 2070 2071 2095
f 1972 2206 2072
f 2013 1957 2127
f 1957 2177 2127
f 1891 2057 2128
f 2160 2110 2058
f 2044 1975 2278
f 2129 2278 1975
f 2161 2096 1976
f 1976 2034 2161
f 2147 2209 2059
f 2132 2060 2019
f 2019 2020 2132
f 2020 1977 2194
f 2261 2097 1980
f 9932 2024 9931
f 2064 9952 2117
f 9946 2117 9952
f 2086 2065 2139
f 2067 2068 2199
f 2100 2231 2068
f 2050 2088 2142
f 2007 2091 2185
f 2095 2108 2070
f 2095 2071 2188
f 2206 2126 2072
f 2042 2012 2189
f 2073 2013 2127
f 2014 1891 2128
f 1924 2076 2145
f 2109 2145 2076
f 2077 2160 2058
f 2078 2208 2077
f 2161 2034 2162
f 2016 2162 2034
f 1977 2021 2194
f 2260 2114 1979
f 2097 2260 1979
f 2119 2098 2148
f 1949 2047 2333
f 2117 9946 2083
f 9949 9954 2084
f 2137 2169 2038
f 2230 2151 2049
f 2049 2081 2230
f 2081 2118 2171
f 2082 2064 2166
f 2064 2117 2166
f 2149 2083 9946
f 2120 2149 9946
f 9946 9949 2120
f 9949 2084 2120
f 2151 2137 2085
f 2081 2171 2230
f 2065 2198 2250
f 2285 2198 2087
f 2087 2066 2285
f 2199 2066 2067
f 2252 2121 1986
f 2141 2050 2142
f 2090 2054 2173
f 2154 2124 2028
f 2174 2005 2125
f 2185 2157 2007
f 2185 2091 2158
f 2237 2176 2092
f 2201 2237 2092
f 2107 2202 2093
f 2056 2094 2143
f 2094 2108 2186
f 2042 2206 1972
f 2128 2074 2014
f 2278 2296 2044
f 2132 2020 2194
f 2194 1997 2195
f 2119 2261 1981
f 2333 2115 1949
f 2164 2116 1998
f 1998 2099 2164
f 2065 2250 2139
f 2152 2231 2100
f 2100 2121 2152
f 2153 2172 2123
f 2103 2183 9924
f 2103 2104 2183
f 2124 2173 2054
f 2005 2155 2125
f 2175 2125 2155
f 2105 2157 2156
f 2203 2202 2107
f 2056 2203 2107
f 2143 2094 2186
f 2144 2186 2108
f 2095 2144 2108
f 2159 2188 2071
f 2071 1994 2159
f 1994 2126 2159
f 2073 2189 2012
f 2128 2057 2258
f 2032 2258 2057
f 2207 2109 2110
f 2190 2129 2111
f 2016 2045 2146
f 2045 2209 2146
f 2147 2079 2179
f 2079 2180 2179
f 2180 2130 2227
f 2163 9941 2060
f 2132 2163 2060
f 2212 2195 1997
f 2047 2061 2240
f 2197 2240 2061
f 2164 2061 2116
f 2134 2165 2062
f 2062 2024 2134
f 9932 2134 2024
f 2166 2117 2167
f 2149 2120 2135
f 2120 2084 2150
f 2084 2048 2136
f 2048 2169 2136
f 2247 9969 2138
f 2098 2035 2148
f 2035 2133 2148
f 2240 2333 2047
f 2164 2197 2061
f 2080 2023 2211
f 2314 2023 2062
f 9936 2082 2214
f 2166 2214 2082
f 2117 2083 2167
f 2168 2167 2083
f 2083 2149 2168
f 2150 2135 2120
f 2136 2150 2084
f 2266 2137 2151
f 2248 9965 2086
f 2139 2248 2086
f 2068 2231 2181
f 2252 2122 2140
f 2101 2140 2122
f 2088 2089 2172
f 2123 2102 2153
f 9924 2183 2182
f 2268 2183 2104
f 2053 2268 2104
f 2155 2105 2236
f 2156 2236 2105
f 2156 2157 2184
f 2143 2204 2056
f 2206 2042 2256
f 2296 2208 2078
f 2096 2161 2297
f 2162 2016 2146
f 2191 2227 2130
f 2130 2131 2192
f 2214 2243 9936
f 2245 2168 2149
f 2135 2150 2246
f 2171 2118 2284
f 2247 2284 2118
f 2286 2199 2068
f 2068 2181 2286
f 9929 2153 2102
f 2124 2154 2234
f 2174 2305 2055
f 2204 2203 2056
f 2205 2204 2143
f 2186 2205 2143
f 2144 2095 2187
f 2188 2187 2095
f 2128 2276 2074
f 2258 2032 2324
f 2075 2324 2032
f 2145 2109 2224
f 2179 2209 2147
f 2192 2191 2130
f 2210 2212 2113
f 2113 2114 2210
f 2261 2119 2196
f 2119 2148 2196
f 2148 2133 2213
f 2281 2213 2133
f 2211 2023 2242
f 2165 2314 2062
f 2149 2135 2245
f 2265 2136 2169
f 2229 2265 2169
f 2229 2169 2137
f 2101 2141 2216
f 2142 2216 2141
f 2174 2125 2344
f 2184 2157 2271
f 2157 2185 2271
f 2185 2158 2253
f 2176 2237 2272
f 2188 2159 2255
f 2275 2255 2159
f 2159 2126 2275
f 2221 2275 2126
f 2206 2221 2126
f 2189 2256 2042
f 2127 2177 2257
f 2162 2297 2161
f 2180 2226 2179
f 2192 2131 2259
f 2131 2193 2259
f 2262 2196 2148
f 2133 2115 2281
f 2263 2197 2164
f 2164 2099 2263
f 2241 2099 2080
f 2314 2242 2023
f 2282 2134 9932
f 9932 9933 2282
f 2244 2214 2166
f 2283 2244 2166
f 2166 2167 2283
f 2135 2246 2245
f 2229 2137 2215
f 2266 2215 2137
f 2151 2170 2266
f 2151 2230 2170
f 2121 2252 2289
f 2142 2088 2232
f 2088 2172 2291
f 2304 2291 2172
f 2268 2053 2217
f 2053 2069 2218
f 2425 2218 2069
f 2233 2425 2069
f 2069 2173 2233
f 2173 2124 2269
f 2345 2175 2155
f 2155 2236 2345
f 2200 2176 2272
f 2323 2186 2144
f 2187 2323 2144
f 2073 2127 2257
f 2222 2257 2177
f 2177 2074 2222
f 2276 2222 2074
f 2075 2178 2223
f 2325 2223 2178
f 2178 2145 2325
f 2207 2110 2238
f 2110 2160 2238
f 2160 2077 2327
f 2208 2327 2077
f 2285 2302 2198
f 2232 2216 2142
f 2303 2232 2088
f 2172 2153 2304
f 2269 2233 2173
f 2234 2269 2124
f 2154 2055 2219
f 2253 2271 2185
f 2201 2106 2220
f 2106 2202 2220
f 2323 2205 2186
f 2187 2188 2255
f 2256 2414 2206
f 2256 2189 2363
f 2257 2189 2073
f 2325 2145 2224
f 2225 2224 2109
f 2109 2207 2225
f 2207 2238 2277
f 2146 2209 2298
f 2209 2179 2298
f 2226 2298 2179
f 2163 2132 2280
f 2194 2280 2132
f 2195 2212 2239
f 2263 2240 2197
f 2150 2136 2246
f 2248 2139 2249
f 2250 2198 2302
f 2152 2121 2288
f 2216 2290 2101
f 2055 2305 2219
f 2344 2305 2174
f 2175 2344 2125
f 2158 2200 2320
f 2272 2320 2200
f 2321 2220 2202
f 2203 2321 2202
f 2204 2273 2203
f 2221 2206 2414
f 2324 2075 2223
f 2277 2225 2207
f 2327 2238 2160
f 2366 2226 2180
f 2180 2227 2366
f 2193 2112 2299
f 2112 2228 2299
f 9938 2194 2195
f 2195 2239 9938
f 2213 2262 2148
f 2241 2080 2211
f 2282 2165 2134
f 2230 2171 2284
f 9938 2280 2194
f 2239 2212 2446
f 2210 2114 2329
f 2351 2329 2114
f 2114 2260 2351
f 2281 2115 2332
f 2434 2240 2263
f 2241 2263 2099
f 2314 2165 2354
f 2165 2282 2354
f 2136 2265 2264
f 2250 2249 2139
f 2231 2152 2251
f 2289 2288 2121
f 2376 2252 2140
f 2232 2316 2216
f 2153 9929 2304
f 2292 2182 2183
f 2183 2268 2292
f 2217 2053 2218
f 2359 2234 2154
f 2154 2219 2359
f 2305 2344 2391
f 2344 2175 2235
f 2345 2235 2175
f 2237 2201 2294
f 2414 2308 2221
f 2363 2189 2309
f 2257 2309 2189
f 2276 2128 2310
f 2299 2259 2193
f 2337 2245 2246
f 2264 2246 2136
f 2266 2170 2374
f 2355 2170 2230
f 2315 2285 2066
f 2066 2199 2315
f 2287 2251 2152
f 2288 2287 2152
f 2316 2290 2216
f 2267 2316 2232
f 2291 2303 2088
f 2236 2156 2270
f 2184 2270 2156
f 2272 2237 2346
f 2254 2346 2237
f 2237 2294 2254
f 2220 2294 2201
f 2321 2203 2273
f 2322 2273 2204
f 2205 2322 2204
f 2258 2310 2128
f 2277 2238 2311
f 2326 2311 2238
f 2191 2366 2227
f 2260 2097 2512
f 2262 2213 2331
f 2368 2211 2242
f 2242 2314 2368
f 2243 2214 2335
f 2244 2335 2214
f 2244 2283 2385
f 2300 2283 2167
f 2167 2168 2300
f 2337 2373 2245
f 2264 2337 2246
f 2215 2301 2229
f 2374 2170 2355
f 2230 2284 2355
f 2339 2406 2284
f 2284 2247 2339
f 2286 2315 2199
f 2289 2252 2357
f 2290 2376 2140
f 2140 2101 2290
f 2232 2303 2267
f 2304 9929 2358
f 9929 2342 2358
f 2293 2269 2234
f 2360 2345 2236
f 2306 2270 2184
f 2184 2271 2306
f 2361 2271 2253
f 2158 2361 2253
f 2320 2319 2158
f 2294 2220 2321
f 2205 2323 2362
f 2274 2187 2255
f 2363 2414 2256
f 2258 2324 2310
f 2225 2277 2295
f 2380 2327 2208
f 2190 2278 2129
f 2162 2146 2381
f 2349 2298 2226
f 2226 2366 2349
f 2191 2192 2312
f 2299 2399 2259
f 2299 2228 9940
f 2163 2280 2279
f 2382 2196 2262
f 2352 2382 2262
f 2331 2352 2262
f 2333 2332 2115
f 2241 2353 2263
f 2301 2265 2229
f 2215 2266 2374
f 2284 2406 2405
f 2339 2247 2340
f 2247 2138 2340
f 9967 2340 2138
f 2341 2286 2181
f 2181 2231 2341
f 2251 2341 2231
f 2376 2357 2252
f 2304 2317 2291
f 2292 2388 2182
f 2389 2292 2268
f 2268 2217 2389
f 2219 2305 2318
f 2236 2270 2360
f 2306 2271 2307
f 2361 2307 2271
f 2558 2320 2272
f 2322 2205 2411
f 2362 2411 2205
f 2187 2274 2323
f 2274 2255 2347
f 2255 2275 2347
f 2275 2221 2413
f 2221 2308 2413
f 2257 2222 2396
f 2222 2276 2397
f 2295 2348 2224
f 2224 2225 2295
f 2296 2278 2460
f 2312 2192 2259
f 2259 2399 2312
f 2478 2446 2212
f 2212 2210 2478
f 2329 2478 2210
f 2213 2281 2331
f 2353 2434 2263
f 2241 2211 2334
f 9522 2354 2282
f 2336 2385 2283
f 2338 2264 2265
f 2404 2301 2215
f 2374 2355 2452
f 2405 2355 2284
f 2248 2249 2407
f 2249 2250 2422
f 2286 2341 2375
f 2468 2288 2289
f 2357 2468 2289
f 2425 2233 2269
f 2269 2293 2425
f 2393 2254 2294
f 2347 2275 2412
f 2413 2412 2275
f 2397 2276 2378
f 2310 2378 2276
f 2325 2429 2223
f 2208 2296 2380
f 9527 2297 2365
f 2381 2365 2297
f 2297 2162 2381
f 2146 2298 2381
f 2312 2328 2191
f 9940 2399 2299
f 2329 2351 2350
f 2260 2512 2351
f 2261 2196 2382
f 2313 2331 2281
f 2332 2313 2281
f 2434 2333 2240
f 2334 2353 2241
f 2283 2300 2336
f 2168 2245 2300
f 2374 2404 2215
f 2250 2302 2422
f 2356 2422 2302
f 2315 2286 2482
f 2290 2316 2376
f 2342 9926 2343
f 9926 2388 2343
f 2218 2389 2217
f 2318 2359 2219
f 2361 2158 2428
f 2319 2428 2158
f 2346 2558 2272
f 2294 2321 2377
f 2321 2273 2488
f 2323 2274 2395
f 2363 2309 2473
f 2396 2309 2257
f 2325 2224 2348
f 2238 2327 2326
f 2366 2191 2328
f 2330 2512 2097
f 2097 2261 2330
f 2382 2330 2261
f 2383 2334 2211
f 2354 2368 2314
f 2335 2244 2371
f 2372 2371 2244
f 2373 2300 2245
f 2264 2338 2419
f 2265 2301 2338
f 2340 9967 9963
f 2302 2285 2356
f 2453 2356 2285
f 2285 2315 2453
f 2482 2453 2315
f 2520 2251 2287
f 2468 2287 2288
f 2303 2291 2408
f 2291 2317 2408
f 2304 2358 2317
f 2344 2235 2392
f 2319 2320 2470
f 2393 2294 2377
f 2273 2322 2411
f 2362 2323 2394
f 2323 2395 2394
f 2347 2395 2274
f 2414 2363 2415
f 2396 2222 2397
f 2324 2223 2379
f 2429 2379 2223
f 2398 2296 2460
f 2278 2190 2364
f 2279 9938 2462
f 9938 2239 2462
f 2433 2313 2332
f 2464 2332 2333
f 2333 2434 2464
f 2353 2334 2435
f 2211 2368 2383
f 2368 2354 2384
f 9522 2369 2354
f 2244 2385 2372
f 2373 2337 2465
f 2419 2465 2337
f 2337 2264 2419
f 2339 2340 2421
f 9963 2421 2340
f 2356 2519 2422
f 2375 2482 2286
f 2520 2341 2251
f 2316 2267 2423
f 2267 2303 2408
f 2424 2408 2317
f 2387 2358 2342
f 2342 2343 2387
f 2469 2425 2293
f 2390 2293 2234
f 2234 2359 2390
f 2318 2305 2391
f 2391 2344 2392
f 2270 2306 2426
f 2306 2307 2427
f 2254 2393 2458
f 2488 2377 2321
f 2411 2442 2273
f 2378 2310 2582
f 2324 2582 2310
f 2476 2381 2298
f 2298 2349 2476
f 2399 9940 2400
f 2367 2400 9940
f 2462 2367 2279
f 2329 2350 2478
f 2330 2382 2463
f 2464 2433 2332
f 2418 2383 2368
f 2384 2354 2369
f 2370 2369 9522
f 2335 2371 2370
f 2403 2338 2301
f 2554 2407 2249
f 2440 2387 2343
f 2388 2440 2343
f 2292 2389 2498
f 2389 2218 2499
f 2486 2235 2345
f 2426 2360 2270
f 2426 2306 2427
f 2307 2361 2428
f 2346 2254 2457
f 2377 2458 2393
f 2411 2362 2489
f 2363 2473 2415
f 2309 2396 2443
f 2379 2582 2324
f 2295 2277 2430
f 2398 2474 2380
f 2380 2296 2398
f 2349 2366 2445
f 2328 2445 2366
f 2416 2239 2446
f 2351 2512 2447
f 2352 2331 2401
f 2435 2434 2353
f 2334 2383 2436
f 2384 2369 2514
f 2370 2371 2451
f 2402 2451 2371
f 2371 2372 2402
f 2336 2300 2618
f 2300 2373 2465
f 2301 2404 2403
f 2438 2404 2374
f 2374 2452 2438
f 2355 2405 2452
f 2406 2339 2421
f 2376 2386 2357
f 2376 2316 2423
f 2409 2469 2293
f 2392 2235 2456
f 2235 2486 2456
f 2558 2346 2410
f 2458 2457 2254
f 2488 2273 2442
f 2412 2395 2347
f 2414 2472 2308
f 2443 2473 2309
f 2277 2311 2430
f 2327 2380 2529
f 2474 2529 2380
f 2364 2460 2278
f 2364 9527 2508
f 2365 2508 9527
f 2476 2461 2381
f 2492 2476 2349
f 2349 2445 2492
f 2432 2312 2399
f 2399 2400 2493
f 2462 2239 2416
f 2478 2350 2511
f 2331 2313 2401
f 2417 2464 2434
f 2435 2334 2448
f 2516 2372 2385
f 2385 2336 2516
f 2300 2465 2437
f 2420 2419 2338
f 2341 2520 2375
f 2483 2520 2287
f 2468 2483 2287
f 2358 2387 2439
f 2498 2388 2292
f 2218 2425 2455
f 2293 2390 2409
f 2359 2441 2390
f 2345 2360 2486
f 2558 2470 2320
f 2489 2362 2394
f 2471 2394 2395
f 2443 2396 2490
f 2396 2397 2490
f 2507 2348 2295
f 2312 2431 2328
f 2399 2493 2432
f 2447 2350 2351
f 2495 2401 2313
f 2433 2495 2313
f 2434 2435 2417
f 2384 2418 2368
f 2515 2402 2372
f 2516 2515 2372
f 2479 2437 2465
f 2420 2338 2403
f 2403 2404 2466
f 2452 2405 2467
f 2421 9963 2517
f 2554 2591 2407
f 2357 2386 2468
f 2454 2386 2376
f 2376 2423 2454
f 2423 2267 2595
f 2267 2408 2595
f 2484 2424 2317
f 2317 2358 2484
f 2485 2469 2409
f 2359 2318 2441
f 2360 2426 2486
f 2442 2411 2526
f 2489 2526 2411
f 2471 2489 2394
f 2412 2413 2527
f 2413 2308 2527
f 2472 2527 2308
f 2415 2472 2414
f 2490 2397 2459
f 2459 2397 2378
f 2506 2325 2348
f 2444 2430 2311
f 2311 2326 2444
f 2326 2327 2529
f 2474 2398 2475
f 2541 2445 2328
f 2431 2541 2328
f 2477 2431 2312
f 2463 2512 2330
f 2382 2352 2463
f 2401 2463 2352
f 2334 2436 2448
f 2589 2466 2404
f 2404 2438 2589
f 2480 2554 2249
f 2249 2422 2480
f 2519 2480 2422
f 2519 2356 2481
f 2356 2453 2481
f 2358 2439 2484
f 2440 2439 2387
f 2498 2389 2499
f 2318 2391 2392
f 2523 2501 2426
f 2426 2427 2523
f 2319 2596 2428
f 2458 2377 2597
f 2488 2597 2377
f 2527 2503 2412
f 2415 2473 2610
f 2581 2459 2378
f 2507 2506 2348
f 2430 2507 2295
f 2326 2529 2444
f 2417 2435 2448
f 2569 2436 2383
f 2514 2369 2449
f 2618 2300 2437
f 2405 2406 2517
f 2421 2517 2406
f 2594 2454 2423
f 2423 2595 2594
f 2497 2440 2388
f 2388 2498 2497
f 2455 2425 2606
f 2425 2469 2606
f 2524 2523 2427
f 2427 2307 2524
f 2428 2524 2307
f 2457 2410 2346
f 2442 2525 2488
f 2526 2560 2442
f 2395 2412 2503
f 2504 2580 2472
f 2472 2415 2504
f 2610 2504 2415
f 2490 2563 2443
f 2582 2379 2564
f 2429 2325 2625
f 2506 2625 2325
f 2430 2444 2528
f 2460 2475 2398
f 2365 2381 2540
f 2461 2540 2381
f 2492 2445 2567
f 2541 2567 2445
f 2432 2477 2312
f 2416 2494 2462
f 2446 2510 2416
f 2447 2512 2543
f 2614 2512 2463
f 2544 2495 2433
f 2448 2436 2569
f 2418 2569 2383
f 2618 2516 2336
f 2465 2419 2587
f 2420 2587 2419
f 2467 2438 2452
f 2405 2552 2467
f 2517 2590 2405
f 2517 9963 2531
f 2591 2554 2553
f 2520 2483 2555
f 2408 2424 2496
f 2218 2455 2499
f 2409 2637 2485
f 2409 2390 2637
f 2521 2441 2318
f 2392 2521 2318
f 2456 2556 2392
f 2486 2426 2501
f 2596 2524 2428
f 2502 2596 2319
f 2319 2470 2502
f 2470 2558 2557
f 2457 2458 2487
f 2560 2525 2442
f 2471 2395 2537
f 2473 2443 2563
f 2508 2365 2612
f 2540 2612 2365
f 2476 2492 2566
f 2493 2400 2542
f 2494 2509 2462
f 2494 2416 2642
f 2599 2511 2350
f 2447 2599 2350
f 2433 2464 2544
f 2464 2417 2545
f 2601 2418 2384
f 2514 2601 2384
f 2450 2451 2548
f 2570 2548 2451
f 2451 2402 2570
f 2479 2588 2437
f 2587 2479 2465
f 2438 2467 2551
f 2518 2531 9963
f 2375 2520 2573
f 2533 2595 2408
f 2496 2533 2408
f 2439 2440 2534
f 2440 2497 2534
f 2485 2606 2469
f 2557 2502 2470
f 2558 2410 2622
f 2535 2487 2458
f 2597 2535 2458
f 2537 2489 2471
f 2655 2537 2395
f 2395 2503 2655
f 2580 2527 2472
f 2581 2505 2459
f 2625 2506 2611
f 2475 2460 2491
f 2460 2364 2491
f 2364 2508 2491
f 2566 2540 2461
f 2461 2476 2566
f 2598 2541 2431
f 2431 2477 2598
f 2432 2598 2477
f 2510 2642 2416
f 2659 2510 2446
f 2446 2478 2659
f 2631 2659 2478
f 2478 2511 2631
f 2588 2618 2437
f 2589 2438 2551
f 2467 2552 2551
f 2552 2405 2590
f 2572 2481 2453
f 2453 2482 2572
f 2573 2572 2482
f 2482 2375 2573
f 2555 2483 2592
f 2483 2468 2593
f 2468 2386 2593
f 2386 2454 2532
f 2497 2498 2576
f 2521 2392 2556
f 2500 2556 2456
f 2456 2486 2500
f 2501 2522 2486
f 2680 2597 2488
f 2525 2680 2488
f 2537 2536 2489
f 2610 2473 2563
f 2563 2490 2538
f 2582 2581 2378
f 2429 2564 2379
f 2507 2430 2656
f 2474 2583 2529
f 2475 2539 2474
f 2598 2432 2568
f 2493 2568 2432
f 2644 2545 2417
f 2417 2448 2644
f 2546 2644 2448
f 2570 2402 2549
f 2402 2515 2549
f 2517 2531 2650
f 9971 2591 2571
f 2519 2481 2675
f 2532 2454 2594
f 2424 2484 2496
f 2534 2484 2439
f 2499 2455 2577
f 2578 2606 2485
f 2638 2500 2486
f 2486 2522 2638
f 2559 2410 2457
f 2457 2487 2559
f 2526 2489 2561
f 2536 2561 2489
f 2609 2655 2503
f 2527 2609 2503
f 2562 2580 2504
f 2610 2562 2504
f 2459 2538 2490
f 2564 2429 2625
f 2506 2507 2611
f 2656 2611 2507
f 2626 2528 2444
f 2583 2626 2444
f 2444 2529 2583
f 2583 2474 2539
f 2542 2641 2493
f 2512 2614 2543
f 2614 2463 2586
f 2401 2586 2463
f 2660 2544 2464
f 2464 2545 2660
f 2448 2569 2546
f 2569 2418 2600
f 2514 2449 2547
f 2530 2547 2449
f 2602 2549 2515
f 2515 2516 2602
f 2479 2587 2550
f 2646 2587 2420
f 2420 2403 2646
f 2650 2590 2517
f 2662 2650 2531
f 2531 2518 9970
f 2481 2572 2676
f 2573 2520 2555
f 2533 2496 2636
f 2498 2499 2577
f 2485 2637 2578
f 2441 2521 2620
f 2501 2523 2653
f 2596 2621 2524
f 2609 2527 2640
f 2580 2640 2527
f 2505 2538 2459
f 2505 2581 2624
f 2430 2528 2656
f 2565 2491 2508
f 2612 2565 2508
f 2567 2566 2492
f 2629 2567 2541
f 2659 2687 2510
f 2401 2495 2586
f 2547 2601 2514
f 2588 2479 2550
f 2403 2466 2647
f 9970 2662 2531
f 2574 2593 2386
f 2386 2532 2574
f 2575 2636 2496
f 2534 2497 2576
f 2706 2576 2498
f 2577 2706 2498
f 2607 2653 2523
f 2524 2607 2523
f 2410 2559 2622
f 2680 2525 2560
f 2608 2561 2536
f 2536 2537 2608
f 2655 2608 2537
f 2624 2682 2505
f 2565 2475 2491
f 2612 2540 2584
f 2566 2628 2540
f 2567 2629 2658
f 2598 2629 2541
f 2641 2568 2493
f 2585 2641 2542
f 2687 2642 2510
f 2586 2495 2616
f 2544 2616 2495
f 2548 2570 9518
f 2618 2602 2516
f 2550 2587 2645
f 2603 2646 2403
f 2648 2589 2551
f 2590 2649 2552
f 2480 2553 2554
f 2480 2519 2675
f 2675 2481 2676
f 2594 2605 2532
f 2594 2595 2619
f 2533 2636 2595
f 2606 2577 2455
f 2776 2637 2390
f 2390 2441 2776
f 2620 2776 2441
f 2620 2521 2667
f 2556 2667 2521
f 2621 2607 2524
f 2558 2622 2557
f 2559 2487 2579
f 2535 2579 2487
f 2538 2505 2682
f 2581 2582 2696
f 2565 2727 2475
f 2540 2628 2584
f 2658 2628 2566
f 2566 2567 2658
f 2613 2585 2542
f 2494 2642 2613
f 2543 2599 2447
f 2614 2586 2615
f 2544 2660 2616
f 2546 2569 2617
f 2732 2617 2569
f 2569 2600 2732
f 2513 2600 2418
f 2547 2530 2661
f 2634 2571 2591
f 2553 2480 2675
f 2592 2483 2604
f 2605 2574 2532
f 2496 2484 2664
f 2652 2638 2522
f 2522 2501 2652
f 2579 2535 2639
f 2597 2639 2535
f 2696 2624 2581
f 2564 2625 2684
f 2727 2539 2475
f 2585 2613 2630
f 2586 2616 2615
f 2601 2513 2418
f 2632 2570 2549
f 2646 2645 2587
f 2403 2647 2603
f 2551 2552 2717
f 2466 2589 2647
f 2648 2647 2589
f 2552 2649 2717
f 2591 2553 2634
f 2663 2675 2676
f 2593 2604 2483
f 2636 2619 2595
f 2606 2578 2665
f 2500 2761 2556
f 2763 2652 2501
f 2501 2653 2763
f 2596 2502 2694
f 2557 2694 2502
f 2679 2559 2579
f 2680 2639 2597
f 2623 2710 2610
f 2610 2563 2623
f 2682 2624 2670
f 2584 2628 2627
f 2629 2598 2728
f 2729 2728 2598
f 2568 2729 2598
f 2511 2599 2768
f 2825 2768 2599
f 2599 2543 2825
f 2543 2614 2688
f 9518 2570 2674
f 2753 2674 2570
f 2570 2632 2753
f 2549 2602 2632
f 2650 2633 2590
f 2650 2662 2718
f 2755 2662 9970
f 2720 2676 2572
f 2635 2572 2573
f 2677 2635 2573
f 2573 2555 2677
f 2555 2592 2705
f 2575 2496 2664
f 9528 2664 2484
f 2577 2606 2651
f 2606 2665 2651
f 2667 2666 2620
f 2761 2667 2556
f 2557 2622 2668
f 2560 2725 2680
f 2561 2608 2654
f 2562 2610 2710
f 2671 2670 2624
f 2582 2564 2696
f 2684 2625 2792
f 2656 2528 2672
f 2657 2528 2626
f 2685 2565 2612
f 2612 2584 2685
f 2627 2685 2584
f 2658 2629 2748
f 2642 2630 2613
f 2643 2615 2616
f 2700 2545 2644
f 2513 2601 2715
f 2661 2601 2547
f 2602 2618 2754
f 2588 2754 2618
f 2649 2590 2633
f 2705 2677 2555
f 2604 2705 2592
f 2678 2605 2594
f 2619 2678 2594
f 2636 2575 2801
f 2722 2638 2652
f 2607 2621 2740
f 2621 2596 2740
f 2694 2740 2596
f 2695 2668 2622
f 2622 2559 2695
f 2679 2695 2559
f 2526 2561 2669
f 2608 2655 2654
f 2580 2562 2789
f 2681 2623 2563
f 2563 2538 2681
f 2682 2681 2538
f 2671 2624 2696
f 2611 2792 2625
f 2656 2697 2611
f 2657 2672 2528
f 2673 2657 2626
f 2673 2583 2539
f 2641 2729 2568
f 2714 2585 2630
f 2731 2631 2511
f 2699 2688 2614
f 2615 2699 2614
f 2601 2661 2702
f 2635 2720 2572
f 2705 2604 2736
f 2593 2574 2737
f 2801 2619 2636
f 2651 2706 2577
f 2738 2578 2637
f 2637 2760 2738
f 2666 2667 2739
f 2761 2500 2693
f 2500 2638 2693
f 2722 2693 2638
f 2707 2694 2557
f 2679 2579 2708
f 2639 2708 2579
f 2560 2526 2669
f 2778 2655 2609
f 2609 2640 2778
f 2789 2562 2710
f 2670 2683 2682
f 2684 2696 2564
f 2697 2792 2611
f 2626 2583 2673
f 2744 2673 2539
f 2745 2744 2539
f 2539 2727 2745
f 2746 2727 2565
f 2730 2714 2630
f 2511 2768 2731
f 2751 2660 2545
f 2545 2700 2751
f 2701 2700 2644
f 2644 2546 2701
f 2716 2753 2632
f 2716 2632 2602
f 2588 2550 2733
f 2703 2733 2550
f 2550 2645 2703
f 2645 2646 2771
f 2646 2603 2771
f 2603 2704 2771
f 2603 2647 2704
f 2648 2734 2647
f 2648 2551 2717
f 2635 2677 2757
f 2678 2619 2691
f 2664 2787 2575
f 2665 2692 2651
f 2776 2760 2637
f 2666 2776 2620
f 2652 2763 2762
f 2607 2763 2653
f 2707 2557 2668
f 2723 2668 2695
f 2742 2669 2561
f 2561 2654 2742
f 2640 2580 2805
f 2580 2789 2805
f 2712 2697 2656
f 2656 2672 2793
f 2565 2685 2747
f 2627 2628 2713
f 2628 2658 2713
f 2686 2713 2658
f 2748 2686 2658
f 2728 2748 2629
f 2714 2641 2585
f 2659 2631 2823
f 2688 2825 2543
f 2750 2615 2643
f 2809 2643 2616
f 2616 2660 2809
f 2751 2809 2660
f 2546 2617 2701
f 2600 2513 2732
f 2601 2702 2715
f 2689 2702 2661
f 2754 2716 2602
f 2733 2754 2588
f 2734 2704 2647
f 2571 2634 2719
f 2830 2719 2634
f 2634 2553 2812
f 2574 2605 2737
f 2801 2691 2619
f 2706 2759 2576
f 2739 2667 2863
f 2761 2863 2667
f 2652 2762 2722
f 2695 2679 2724
f 2669 2725 2560
f 2655 2778 2709
f 2747 2746 2565
f 2729 2641 2749
f 2687 2730 2642
f 2659 2823 2687
f 2905 2823 2631
f 2631 2731 2905
f 2767 2905 2731
f 2698 2781 2688
f 2750 2699 2615
f 2809 2750 2643
f 2769 2701 2617
f 2732 2769 2617
f 2753 2689 2674
f 2771 2703 2645
f 2633 2650 2690
f 2650 2718 2690
f 2675 2812 2553
f 2663 2800 2675
f 2705 2757 2677
f 2721 2605 2678
f 2706 2651 2692
f 2639 2680 2708
f 2725 2708 2680
f 2709 2654 2655
f 2805 2778 2640
f 2623 2681 2711
f 2681 2682 2726
f 2682 2683 2726
f 2670 2671 2790
f 2870 2671 2696
f 2656 2793 2712
f 2728 2794 2748
f 2687 2823 2730
f 2688 2699 2698
f 2513 2715 2732
f 2734 2648 2735
f 2717 2735 2648
f 2663 2676 2813
f 2758 2678 2691
f 2787 2801 2575
f 2787 2664 2851
f 9528 2851 2664
f 2913 2692 2665
f 2763 2607 2836
f 2740 2694 2741
f 2668 2723 2838
f 2765 2711 2681
f 2790 2683 2670
f 2672 2657 2793
f 2766 2747 2685
f 2641 2714 2749
f 2714 2730 2795
f 2750 2796 2699
f 2751 2700 2895
f 2701 2895 2700
f 2770 2715 2702
f 2733 2703 2784
f 2771 2784 2703
f 2649 2798 2717
f 2649 2633 2859
f 2634 2812 2830
f 2800 2812 2675
f 2800 2663 2813
f 2736 2786 2705
f 2604 2593 2773
f 2737 2773 2593
f 2758 2721 2678
f 2801 2758 2691
f 2913 2665 2774
f 2775 2665 2578
f 2738 2775 2578
f 2776 2666 2902
f 2836 2607 2788
f 2740 2788 2607
f 2707 2668 2818
f 2838 2818 2668
f 2764 2724 2679
f 2679 2708 2764
f 2669 2742 2819
f 2711 2710 2623
f 2765 2681 2726
f 2790 2671 2870
f 2696 2684 2743
f 2743 2684 2792
f 2806 2657 2673
f 2744 2806 2673
f 2766 2685 2780
f 2685 2627 2780
f 2713 2780 2627
f 2729 2749 2845
f 2808 2749 2714
f 2795 2808 2714
f 2698 2699 2796
f 2715 2752 2732
f 2783 9517 2689
f 2689 2753 2783
f 2753 2716 2826
f 2704 2734 2797
f 2734 2735 2829
f 2735 2717 2798
f 2718 2755 2811
f 2756 2813 2676
f 2676 2720 2756
f 2720 2635 2756
f 2785 2756 2635
f 2757 2785 2635
f 2802 2851 9528
f 2692 2862 2706
f 2738 2760 2775
f 2803 2817 2693
f 2693 2722 2803
f 2762 2803 2722
f 2741 2694 2707
f 2708 2725 2777
f 2669 2777 2725
f 2870 2696 2889
f 2743 2889 2696
f 2744 2745 2842
f 2745 2727 2842
f 2727 2746 2842
f 2713 2686 2843
f 2728 2729 2794
f 2731 2768 2767
f 2754 2826 2716
f 2754 2733 2826
f 2797 2771 2704
f 2798 2858 2735
f 2798 2649 2859
f 2811 2690 2718
f 2755 2719 2772
f 2830 2772 2719
f 2786 2785 2757
f 2786 2757 2705
f 2880 2833 2737
f 2737 2605 2880
f 2605 2721 2880
f 2775 2774 2665
f 2760 2776 2902
f 2816 2835 2666
f 2666 2739 2816
f 2863 2816 2739
f 2761 2693 2817
f 2741 2788 2740
f 2789 2710 2840
f 2920 2779 2697
f 2712 2920 2697
f 2822 2793 2657
f 2746 2747 2766
f 2872 2780 2713
f 2843 2872 2713
f 2807 2843 2686
f 2686 2748 2807
f 2794 2807 2748
f 2845 2794 2729
f 2768 2825 2824
f 2876 2809 2751
f 2751 2895 2876
f 2753 2826 2783
f 2849 2811 2755
f 2736 2604 2910
f 2773 2910 2604
f 2759 2706 2862
f 2760 2902 2775
f 2817 2863 2761
f 2762 2763 2853
f 2763 2836 2853
f 2695 2724 2804
f 2724 2764 2804
f 2777 2669 2839
f 2819 2839 2669
f 2820 2819 2742
f 2742 2654 2820
f 2711 2840 2710
f 2726 2711 2765
f 2889 2791 2870
f 2657 2806 2822
f 2824 2767 2768
f 2781 2825 2688
f 2769 2732 2896
f 2715 2770 2847
f 2782 2847 2770
f 9516 2826 2733
f 2797 2827 2771
f 2858 2829 2735
f 2798 2859 2799
f 2690 2859 2633
f 2772 2830 2877
f 2785 2786 2831
f 2910 2786 2736
f 2832 2910 2773
f 2913 2862 2692
f 2774 2775 2971
f 2741 2707 2864
f 2818 2864 2707
f 2866 2723 2695
f 2804 2866 2695
f 2654 2709 2855
f 2856 2855 2709
f 2778 2856 2709
f 2790 2726 2683
f 2712 2793 2920
f 2806 2744 2841
f 2842 2841 2744
f 2807 2794 2844
f 2698 2796 2875
f 2979 2895 2701
f 2701 2769 2979
f 2733 2784 9516
f 2784 2771 2827
f 2828 2797 2734
f 2734 2829 2828
f 2812 2800 2878
f 2800 2813 2899
f 2756 2785 2831
f 2850 2831 2786
f 2773 2737 2833
f 2787 2851 2834
f 2815 9531 2759
f 2774 2971 2970
f 2762 2853 2883
f 2741 2837 2788
f 2805 2789 2868
f 2790 2870 2821
f 2792 2919 2743
f 2779 2792 2697
f 2936 2746 2766
f 2857 2936 2766
f 2780 2857 2766
f 2807 2891 2843
f 2845 2749 2846
f 2808 2846 2749
f 2938 2808 2795
f 9517 2783 2897
f 2783 2826 2907
f 9516 2784 2810
f 2798 2799 2858
f 2690 2811 2860
f 2910 2850 2786
f 2833 2832 2773
f 2758 2801 2861
f 2834 2861 2801
f 2801 2787 2834
f 2814 2851 2802
f 2815 2814 2802
f 2802 9531 2815
f 2759 2862 2815
f 2913 2774 2970
f 2775 2902 2852
f 2762 2883 2803
f 2864 2837 2741
f 2764 2708 2867
f 2708 2777 2867
f 2868 2856 2778
f 2778 2805 2868
f 2887 2840 2711
f 2869 2887 2711
f 2726 2869 2711
f 2726 2790 2960
f 2844 2891 2807
f 2873 2844 2794
f 2794 2845 2873
f 2978 2846 2808
f 2875 2781 2698
f 2894 2875 2796
f 2876 2750 2809
f 2752 2896 2732
f 2826 2848 2907
f 2810 2784 2827
f 2849 2860 2811
f 2878 2830 2812
f 2813 2756 2925
f 2756 2831 2925
f 2758 2880 2721
f 2814 2815 2881
f 2957 2881 2815
f 2815 2862 2901
f 2862 2913 2926
f 2852 2971 2775
f 2666 2835 2902
f 2863 2817 2882
f 2864 2818 2865
f 2839 2819 2917
f 2819 2820 2917
f 2654 2855 2820
f 2789 2840 2868
f 2933 2793 2822
f 2822 2806 2871
f 2841 2842 2935
f 2961 2872 2843
f 2767 2824 2963
f 2781 2874 2825
f 2796 2750 2894
f 2750 2876 2894
f 2769 2896 2941
f 2752 2715 2906
f 2715 2847 2906
f 2922 2906 2847
f 2907 2897 2783
f 2826 9516 2848
f 2797 2828 2898
f 2946 2828 2829
f 2799 2946 2858
f 2859 2948 2799
f 9930 2908 2849
f 2878 2800 2899
f 2900 2995 2758
f 2861 2900 2758
f 2834 2851 2912
f 2852 2902 2914
f 2853 2836 2929
f 2837 2929 2836
f 2865 2818 2838
f 2838 2723 2854
f 2804 2764 2916
f 2885 2916 2764
f 2867 2885 2764
f 2918 2887 2869
f 2726 2960 2869
f 2919 2889 2743
f 2779 2919 2792
f 2933 2920 2793
f 2871 2933 2822
f 2936 2935 2842
f 2842 2746 2936
f 2857 2780 2977
f 2872 2977 2780
f 3004 2961 2843
f 2891 3004 2843
f 2844 2873 2892
f 2845 2846 2873
f 2938 2795 2893
f 2874 2824 2825
f 2940 2874 2781
f 2752 2906 2896
f 2847 2782 2922
f 2858 2946 2829
f 2908 2860 2849
f 2878 2877 2830
f 2813 2925 2899
f 2831 2850 2879
f 2909 2953 2850
f 2850 2910 2909
f 2833 2880 2954
f 2995 2880 2758
f 2814 2912 2851
f 2815 2901 2957
f 2902 2835 2958
f 2863 2927 2816
f 2817 2803 2882
f 2803 2883 2882
f 2883 2853 2928
f 2929 2837 2884
f 2865 2838 3133
f 2854 3133 2838
f 2723 2866 2854
f 2804 2916 2866
f 2867 2777 2903
f 2839 2903 2777
f 2790 2821 2960
f 2870 2888 2821
f 2936 2857 2890
f 2977 2890 2857
f 2938 2978 2808
f 2905 2904 2823
f 2897 2922 2782
f 2810 2848 9516
f 2810 2827 2945
f 2827 2797 2945
f 2797 2898 2945
f 2950 2828 2946
f 2859 2690 2948
f 2899 2924 2878
f 2879 2925 2831
f 2911 2910 2832
f 2832 2833 2911
f 2882 2927 2863
f 2915 2882 2883
f 2931 2884 2837
f 2837 2864 2931
f 2885 2867 2903
f 2903 2839 2986
f 2839 2917 2986
f 2932 2868 2840
f 2886 2932 2840
f 2840 2887 2886
f 2869 2960 2918
f 2791 2888 2870
f 2977 2872 2961
f 2892 2937 2844
f 2905 2767 2963
f 2781 2875 2940
f 2941 2979 2769
f 2947 2946 2799
f 9930 2877 2952
f 2877 2878 2923
f 2879 2850 2953
f 2954 2911 2833
f 2995 2954 2880
f 2881 2912 2814
f 2914 2971 2852
f 2927 2835 2816
f 2883 2928 2915
f 2929 2884 2930
f 2865 2931 2864
f 3001 2917 2820
f 2820 2855 3001
f 2932 2987 2868
f 2918 2886 2887
f 2937 3004 2891
f 2891 2844 2937
f 2892 2873 2921
f 2873 2846 2978
f 2824 2874 3015
f 2876 2895 2989
f 2980 2922 2897
f 2943 2980 2897
f 2897 2907 2943
f 2848 2810 2991
f 2982 2947 2799
f 2923 2878 2924
f 3061 2899 2925
f 2955 2900 2861
f 2834 2955 2861
f 2926 2901 2862
f 2985 2914 2902
f 2958 2985 2902
f 2973 2865 3133
f 2987 2856 2868
f 2889 2919 3113
f 2976 2933 2871
f 2934 2871 2806
f 2904 2905 2939
f 2905 2963 2939
f 2940 2875 2964
f 2894 2964 2875
f 2941 2896 2965
f 2896 2906 2966
f 2942 2966 2906
f 2906 2922 2942
f 2907 2848 2991
f 2944 2991 2810
f 2944 2810 3057
f 2810 2945 3057
f 2948 2690 2951
f 2860 2951 2690
f 2860 2908 2949
f 2952 2877 2923
f 2968 2925 2879
f 2993 2909 2910
f 2911 2993 2910
f 2834 2912 3035
f 2956 2912 2881
f 2957 2901 2984
f 2970 2926 2913
f 2970 2971 3036
f 2927 2882 3047
f 2931 2865 2999
f 2866 2916 2974
f 2885 2903 2959
f 2918 2960 3002
f 2779 2920 2975
f 2841 2934 2806
f 2890 2977 3003
f 2873 2978 2921
f 2962 2938 2893
f 2964 2894 3075
f 2990 2942 2922
f 2968 3061 2925
f 3008 2968 2879
f 2879 2953 3008
f 2900 2955 2983
f 2901 2926 2996
f 2926 2970 2996
f 2972 2971 2914
f 2930 2884 3038
f 2884 2931 3038
f 2973 2999 2865
f 2959 2974 2916
f 2916 2885 2959
f 2986 2917 3001
f 3025 3001 2855
f 2855 2856 3025
f 2960 2821 3079
f 2821 2888 3079
f 3011 2888 2791
f 2791 2889 3011
f 2779 3113 2919
f 2976 2920 2933
f 3012 2976 2871
f 3030 3029 2935
f 2935 2936 3030
f 3013 2977 2961
f 3031 3013 2961
f 2937 2892 3005
f 2904 2939 2962
f 2939 2963 3072
f 2874 2940 3074
f 2964 3084 2940
f 3075 2894 3041
f 2894 2876 3041
f 3016 2989 2895
f 2895 2979 3016
f 2896 2966 2965
f 3017 3057 2945
f 2898 3017 2945
f 2948 2982 2799
f 3007 2951 2860
f 2949 3007 2860
f 2828 2950 2898
f 2981 2946 2947
f 2923 2967 2952
f 3019 2953 2909
f 3044 2993 2911
f 2911 2954 2994
f 2954 2995 3020
f 2995 2900 2983
f 3045 2955 2834
f 3035 3045 2834
f 2956 3035 2912
f 2972 3036 2971
f 2915 2928 2997
f 2854 2866 3024
f 2987 3025 2856
f 3079 3002 2960
f 3011 2889 3113
f 3113 2779 2975
f 2920 2976 2975
f 2871 2934 3012
f 2934 2841 3028
f 2935 3028 2841
f 3004 3031 2961
f 3004 2937 3082
f 3006 3014 2978
f 2938 3006 2978
f 2962 2939 2988
f 3040 3072 2963
f 3074 3015 2874
f 3074 2940 3084
f 2989 3041 2876
f 2941 2965 3053
f 2980 2990 2922
f 2944 2992 2991
f 2947 2982 3018
f 2948 2951 3058
f 2924 3129 2923
f 2924 2899 3034
f 2954 3020 2994
f 2956 2969 3022
f 2969 2984 3022
f 2996 2970 3036
f 2882 2915 3023
f 2928 2853 2998
f 2929 2998 2853
f 2866 2974 3024
f 2986 3000 2903
f 2932 2886 3050
f 2975 2976 3027
f 2890 3030 2936
f 3013 3003 2977
f 3005 3082 2937
f 3014 2921 2978
f 3070 3006 2938
f 3032 3070 2938
f 2938 2962 3032
f 2939 3072 2988
f 3085 3016 2979
f 3053 3085 2979
f 2979 2941 3053
f 2980 2943 3055
f 2991 3056 2907
f 3042 3056 2991
f 3057 2992 2944
f 2950 3017 2898
f 2950 2946 2981
f 2981 2947 3018
f 3019 3008 2953
f 2955 3045 3021
f 2984 2901 3009
f 2996 3009 2901
f 3036 3064 2996
f 2914 2985 2972
f 3157 2835 2927
f 3047 3157 2927
f 3023 2915 2997
f 2997 2928 3179
f 2998 3179 2928
f 2930 2998 2929
f 3024 3133 2854
f 3078 2974 2959
f 3000 2959 2903
f 3000 2986 3048
f 2986 3001 3048
f 2987 2932 3050
f 2918 3002 3051
f 3026 3002 3079
f 3079 2888 3136
f 3029 3028 2935
f 3005 2892 3039
f 3033 3084 2964
f 2992 3042 2991
f 3058 2982 2948
f 3058 2951 3128
f 2951 3007 3128
f 3059 3007 2949
f 2967 2923 3043
f 3034 3129 2924
f 3034 2899 3089
f 3061 3089 2899
f 2993 3044 3121
f 2994 3044 2911
f 2995 2983 3020
f 3062 3035 2956
f 2956 3022 3062
f 3063 3062 3022
f 3009 3046 2984
f 3093 3036 2972
f 3047 2882 3010
f 2882 3023 3010
f 2998 2930 3066
f 2930 3038 3066
f 3038 2931 3122
f 2999 3122 2931
f 3078 3024 2974
f 3025 2987 3097
f 2886 2918 3051
f 2975 3080 3113
f 3082 3031 3004
f 3052 2892 2921
f 2921 3014 3052
f 2988 3032 2962
f 3073 3040 2963
f 2963 2824 3073
f 3015 3073 2824
f 2964 3075 3033
f 2980 3055 2990
f 3056 2943 2907
f 2949 2967 3059
f 2923 3129 3060
f 2983 2955 3021
f 3046 3022 2984
f 3037 2972 2985
f 2985 2958 3037
f 3010 3108 3047
f 3133 3024 3135
f 3078 2959 3068
f 3000 3068 2959
f 3001 3025 3049
f 3051 3050 2886
f 3011 3136 2888
f 3124 2976 3012
f 3125 3124 3012
f 3012 2934 3125
f 2934 3028 3184
f 3082 3005 3163
f 3039 3163 3005
f 3052 3039 2892
f 3006 3083 3014
f 3055 2943 3056
f 2950 2981 3117
f 3043 3059 2967
f 3060 3043 2923
f 3046 3063 3022
f 3064 3009 2996
f 2958 2835 3157
f 3023 2997 3065
f 2999 3123 3122
f 3049 3048 3001
f 3026 3051 3002
f 3136 3011 3112
f 3027 3080 2975
f 3070 3032 3071
f 3032 2988 3126
f 3041 2989 3140
f 2989 3016 3140
f 3053 2965 3054
f 3104 2942 2990
f 2992 3057 3088
f 3117 3017 2950
f 3150 2981 3018
f 3128 3007 3151
f 3007 3059 3151
f 3152 3008 3019
f 2909 3090 3019
f 3044 2994 3091
f 3020 2983 3077
f 2983 3021 3092
f 3045 3035 3062
f 3143 3037 2958
f 3157 3178 2958
f 3122 3066 3038
f 3133 3094 2973
f 3098 3097 2987
f 2987 3050 3098
f 3027 2976 3069
f 2976 3124 3069
f 3030 2890 3138
f 2890 3003 3101
f 3003 3013 3101
f 3139 3101 3013
f 3031 3139 3013
f 3006 3070 3083
f 3072 3126 2988
f 3075 3041 3103
f 3140 3103 3041
f 3076 3054 2965
f 2965 2966 3076
f 3086 3076 2966
f 2966 2942 3086
f 3117 3149 3017
f 2981 3150 3117
f 2982 3127 3018
f 3060 3120 3043
f 3130 3061 2968
f 3090 3152 3019
f 2909 2993 3121
f 3091 3121 3044
f 2994 3020 3077
f 3092 3077 2983
f 3166 3092 3021
f 3178 3143 2958
f 3157 3047 3108
f 3010 3023 3065
f 3179 3158 2997
f 3179 2998 3109
f 2998 3066 3109
f 3067 3123 2999
f 3094 2999 2973
f 3049 3025 3096
f 3097 3096 3025
f 3050 3051 3169
f 3026 3110 3051
f 3026 3079 3099
f 3112 3011 3137
f 3184 3125 2934
f 3028 3029 3081
f 3029 3030 3138
f 3138 2890 3101
f 3082 3200 3031
f 3032 3126 3071
f 3015 3074 3147
f 3074 3084 3115
f 3085 3053 3164
f 3054 3164 3053
f 3104 3086 2942
f 3116 3104 2990
f 2990 3055 3116
f 3055 3056 3116
f 3105 3116 3056
f 3056 3042 3106
f 3057 3017 3172
f 3149 3172 3017
f 3118 3150 3018
f 3018 3127 3118
f 2982 3058 3127
f 3119 3127 3058
f 3121 3090 2909
f 3062 3063 3107
f 3046 3107 3063
f 3064 3036 3167
f 3036 3093 3167
f 3067 2999 3132
f 3094 3132 2999
f 3068 3000 3095
f 3048 3095 3000
f 3096 3097 3182
f 3050 3169 3098
f 3080 3027 3100
f 3102 3163 3039
f 3039 3052 3102
f 3052 3014 3083
f 3070 3071 3201
f 3073 3015 3234
f 3115 3147 3074
f 3033 3075 3171
f 3016 3085 3141
f 3106 3105 3056
f 3042 3087 3106
f 3042 3088 3087
f 3172 3088 3057
f 3128 3119 3058
f 2968 3008 3130
f 3214 3091 2994
f 2994 3077 3214
f 3142 3166 3021
f 3021 3045 3142
f 3045 3062 3142
f 3065 3144 3010
f 3024 3078 3196
f 3095 3048 3208
f 3099 3110 3026
f 3099 3079 3111
f 3136 3111 3079
f 3198 3100 3027
f 3027 3069 3198
f 3185 3184 3028
f 3081 3185 3028
f 3081 3029 3138
f 3163 3200 3082
f 3033 3115 3084
f 3164 3141 3085
f 3119 3128 3239
f 3152 3130 3008
f 3167 3154 3064
f 3155 3167 3093
f 3093 2972 3156
f 2972 3037 3216
f 3108 3010 3144
f 3144 3065 3242
f 3158 3065 2997
f 3109 3066 3131
f 3122 3123 3159
f 3132 3094 3310
f 3094 3133 3168
f 3135 3024 3196
f 3068 3196 3078
f 3217 3208 3048
f 3048 3049 3217
f 3098 3182 3097
f 3146 3138 3101
f 3139 3146 3101
f 3083 3070 3114
f 3070 3201 3114
f 3072 3170 3126
f 3234 3040 3073
f 3115 3033 3171
f 3150 3173 3117
f 3120 9392 3043
f 3034 3279 3129
f 3174 3089 3061
f 3061 3130 3174
f 3046 3009 3177
f 3009 3064 3153
f 3156 3155 3093
f 3179 3109 3243
f 3094 3168 3310
f 3133 3135 3168
f 3134 3168 3135
f 3096 3217 3049
f 3110 3169 3051
f 3112 3230 3136
f 3011 3113 3145
f 3080 3145 3113
f 3198 3069 3290
f 3069 3124 3290
f 3161 3124 3125
f 3231 3102 3052
f 3071 3126 3201
f 3234 3202 3040
f 3147 3189 3015
f 3211 3076 3086
f 3086 3104 3211
f 3104 3116 3211
f 3121 3091 3175
f 3092 3176 3077
f 3153 3177 3009
f 2972 3216 3156
f 3143 3178 3207
f 3131 3122 3159
f 3159 3123 3288
f 3067 3288 3123
f 3098 3169 3182
f 3145 3160 3137
f 3137 3011 3145
f 3125 3184 3161
f 3052 3083 3187
f 3232 3187 3083
f 3083 3114 3232
f 3201 3126 3170
f 3202 3170 3072
f 3072 3040 3202
f 3234 3015 3189
f 3171 3075 3103
f 3191 3140 3016
f 3016 3141 3191
f 3164 3054 3148
f 3088 3172 3222
f 3149 3117 3270
f 3151 3224 3128
f 3034 3089 3204
f 3090 3195 3152
f 3214 3175 3091
f 3176 3214 3077
f 3062 3107 3215
f 3107 3046 3177
f 3154 3153 3064
f 3037 3143 3216
f 3144 3226 3108
f 3065 3158 3242
f 3196 3134 3135
f 3096 3182 3229
f 3111 3209 3099
f 3230 3111 3136
f 3160 3230 3112
f 3112 3137 3160
f 3124 3161 3183
f 3138 3146 3162
f 3192 3191 3141
f 3192 3141 3220
f 3164 3220 3141
f 3076 3148 3054
f 3193 3211 3116
f 3105 3193 3116
f 3173 3270 3117
f 3173 3150 3194
f 3150 3118 3194
f 3120 3060 3165
f 3129 3165 3060
f 3204 3279 3034
f 3089 3174 3204
f 3206 3215 3107
f 3196 3068 3181
f 3068 3095 3181
f 3197 3169 3110
f 3209 3197 3110
f 3110 3099 3209
f 3183 3290 3124
f 3263 3185 3081
f 3031 3200 3139
f 3200 3163 3265
f 3115 3210 3147
f 3076 3211 3237
f 3249 3105 3106
f 3278 3087 3088
f 3088 3222 3278
f 3172 3149 3223
f 3270 3223 3149
f 3127 3119 3238
f 3239 3238 3119
f 3224 3239 3128
f 3279 3165 3129
f 3130 3152 3251
f 3195 3251 3152
f 3090 3121 3252
f 3175 3252 3121
f 3176 3092 3205
f 3092 3166 3205
f 3142 3062 3285
f 3177 3206 3107
f 3207 3216 3143
f 3158 3179 3243
f 3134 3196 3259
f 3095 3208 3181
f 3229 3217 3096
f 3081 3138 3162
f 3265 3163 3102
f 3103 3219 3171
f 3103 3140 3190
f 3191 3190 3140
f 3148 3220 3164
f 3271 3194 3118
f 3118 3127 3271
f 3284 3205 3166
f 3253 3284 3166
f 3166 3142 3253
f 3062 3215 3285
f 3153 3206 3177
f 3156 3216 3241
f 3243 3109 3258
f 3131 3258 3109
f 3180 3131 3159
f 3159 3288 3180
f 3228 3310 3168
f 3134 3244 3168
f 3169 3197 3182
f 3145 3080 3245
f 3100 3245 3080
f 3247 3161 3184
f 3139 3199 3146
f 3052 3187 3231
f 3201 3170 3233
f 3188 3218 3170
f 3170 3202 3188
f 3235 3189 3147
f 3210 3235 3147
f 3115 3171 3210
f 3249 3193 3105
f 3221 3106 3087
f 3295 3270 3173
f 3318 3224 3151
f 3296 3318 3151
f 3151 9392 3296
f 9391 3296 9392
f 3174 3130 3321
f 3251 3321 3130
f 3175 3214 3213
f 3285 3253 3142
f 3286 3241 3216
f 3178 3157 3225
f 3157 3108 3225
f 3226 3225 3108
f 3209 3111 3275
f 3230 3160 3276
f 3245 3160 3145
f 3100 3198 3246
f 3185 3247 3184
f 3170 3218 3233
f 3192 3220 3236
f 3221 3249 3106
f 3194 3295 3173
f 3240 3203 3120
f 3120 3165 3240
f 3279 3240 3165
f 3251 3195 3280
f 3281 3280 3195
f 3195 3090 3281
f 3252 3281 3090
f 3252 3175 3213
f 3308 3206 3153
f 3154 3167 3273
f 3155 3273 3167
f 3207 3178 3256
f 3225 3256 3178
f 3132 3288 3067
f 3244 3228 3168
f 3181 3259 3196
f 3246 3245 3100
f 3261 3246 3198
f 3198 3290 3261
f 3183 3161 3363
f 3162 3263 3081
f 3186 3139 3264
f 3200 3264 3139
f 3265 3102 3266
f 3231 3187 3232
f 3233 3114 3201
f 3171 3219 3210
f 3269 3237 3211
f 3248 3211 3193
f 3278 3221 3087
f 3222 3172 3294
f 3223 3294 3172
f 9391 3203 3212
f 3203 3240 3212
f 3321 3204 3174
f 3176 3282 3214
f 3155 3156 3297
f 3226 3144 3287
f 3257 3242 3158
f 3158 3243 3257
f 3227 3258 3131
f 3131 3180 3227
f 3181 3208 3260
f 3208 3217 3260
f 3300 3229 3182
f 3197 3300 3182
f 3275 3302 3209
f 3230 3275 3111
f 3245 3328 3160
f 3290 3183 3262
f 3186 3199 3139
f 3265 3264 3200
f 3218 3291 3233
f 3189 3350 3234
f 3189 3235 3350
f 3237 3148 3076
f 3248 3269 3211
f 3212 3296 9391
f 3213 3214 3282
f 3282 3176 3283
f 3215 3206 9365
f 3206 3308 9365
f 3241 3297 3156
f 3344 3286 3216
f 3309 3287 3144
f 3144 3242 3309
f 3217 3229 3260
f 3300 3197 3301
f 3197 3209 3301
f 3302 3301 3209
f 3263 3329 3185
f 3277 3263 3162
f 3162 3146 3277
f 3199 3277 3146
f 3102 3231 3330
f 3232 3114 3267
f 3292 3188 3202
f 3202 3234 3292
f 3331 3235 3210
f 3219 3103 3268
f 3220 3148 3293
f 3193 3249 3248
f 3294 3278 3222
f 3271 3305 3194
f 3238 3271 3127
f 3250 3239 3224
f 3318 3250 3224
f 3306 3355 3279
f 3279 3204 3306
f 3204 3321 3306
f 3323 3281 3252
f 3285 3359 3253
f 3285 3215 3272
f 9365 3272 3215
f 3308 3153 3385
f 3153 3154 3385
f 3273 3385 3154
f 3241 3286 3255
f 3216 3207 3344
f 3207 3256 3344
f 3289 3288 3132
f 3274 3260 3229
f 3229 3300 3274
f 3276 3275 3230
f 3161 3247 3363
f 3231 3232 3315
f 3232 3267 3315
f 3114 3233 3267
f 3510 3267 3233
f 3103 3190 3268
f 3148 3237 3293
f 3304 3293 3237
f 3221 3317 3249
f 3212 3240 3320
f 3205 3283 3176
f 3254 3272 9365
f 9365 3308 3254
f 3155 3297 3273
f 3255 3297 3241
f 3226 3298 3225
f 3242 3257 3309
f 3259 3244 3134
f 3276 3160 3328
f 3328 3245 3246
f 3183 3363 3262
f 3348 3247 3185
f 3185 3329 3348
f 3330 3266 3102
f 3316 3350 3235
f 3331 3210 3268
f 3192 3190 3191
f 3236 3220 3293
f 3237 3269 3304
f 3353 3269 3248
f 3248 3249 3317
f 3278 3294 3396
f 3223 3270 3341
f 3250 3238 3239
f 3355 3334 3279
f 3335 3321 3251
f 3251 3280 3335
f 3252 3213 3383
f 3307 3285 3272
f 3272 3254 3307
f 3298 3256 3225
f 3298 3226 3369
f 3417 3309 3257
f 3227 3180 3338
f 3132 3310 3289
f 3259 3181 3345
f 3181 3260 3326
f 3276 3328 3347
f 3261 3290 3312
f 3277 3313 3263
f 3264 3265 3314
f 3266 3314 3265
f 3330 3231 3303
f 3231 3315 3303
f 3291 3510 3233
f 3218 3188 3349
f 3364 3292 3234
f 3234 3350 3364
f 3210 3219 3268
f 3351 3190 3192
f 3236 3351 3192
f 3353 3304 3269
f 3295 3194 3305
f 3273 3297 3451
f 3287 3369 3226
f 3258 3337 3243
f 3258 3227 3299
f 3288 3338 3180
f 3423 3289 3310
f 3244 3259 3339
f 3326 3345 3181
f 3327 3260 3274
f 3302 3275 3346
f 3313 3329 3263
f 3314 3186 3264
f 3331 3316 3235
f 3331 3268 3365
f 3236 3293 3426
f 3380 3317 3221
f 3278 3380 3221
f 3396 3332 3278
f 3318 3296 3319
f 3320 3240 3334
f 3240 3279 3334
f 3280 3281 3323
f 3323 3252 3383
f 3357 3213 3282
f 3283 3357 3282
f 3283 3205 3284
f 3384 3283 3284
f 3358 3384 3284
f 3284 3253 3358
f 3253 3359 3358
f 3336 3307 3254
f 3308 3336 3254
f 3255 3286 3343
f 3344 3343 3286
f 3287 3309 3325
f 3418 3417 3257
f 3257 3243 3418
f 3243 3337 3418
f 3289 3338 3288
f 3310 3228 3370
f 3244 3370 3228
f 3345 3339 3259
f 3274 3300 3360
f 3275 3276 3362
f 3246 3261 3340
f 3261 3312 3340
f 3290 3262 3312
f 3348 3363 3247
f 3277 3199 3373
f 3218 3349 3376
f 3188 3292 3349
f 3426 3293 3352
f 3394 3352 3293
f 3293 3304 3394
f 3278 3332 3380
f 3223 3396 3294
f 3270 3295 3341
f 3399 3305 3271
f 3271 3238 3399
f 3400 3399 3238
f 3250 3400 3238
f 3296 3212 3319
f 3355 3306 3356
f 3322 3335 3280
f 3322 3280 3323
f 3213 3357 3324
f 3359 3285 3307
f 3386 3344 3256
f 3227 3338 3299
f 3360 3327 3274
f 3300 3301 3360
f 3311 3360 3301
f 3301 3302 3311
f 3346 3311 3302
f 3328 3246 3372
f 3329 3313 3406
f 3313 3277 3373
f 3199 3186 3373
f 3291 3218 3376
f 3378 3351 3236
f 3236 3426 3378
f 3379 3353 3248
f 3248 3317 3379
f 3341 3295 3354
f 3295 3305 3354
f 3318 3333 3250
f 3401 3319 3212
f 3212 3320 3401
f 3382 3356 3306
f 3306 3321 3382
f 3213 3324 3383
f 3307 3336 3367
f 3308 3385 3336
f 3451 3385 3273
f 3402 3256 3298
f 3325 3309 3417
f 3310 3370 3423
f 3404 3326 3260
f 3260 3327 3404
f 3362 3346 3275
f 3347 3362 3276
f 3372 3246 3340
f 3373 3406 3313
f 3374 3373 3186
f 3186 3314 3390
f 3316 3331 3408
f 3447 3268 3190
f 3190 3351 3447
f 3366 3379 3317
f 3354 3305 3398
f 3333 3400 3250
f 3342 3382 3321
f 3321 3335 3342
f 3420 3322 3323
f 3414 3297 3255
f 3255 3343 3414
f 3298 3369 3402
f 3325 3369 3287
f 3258 3299 3387
f 3432 3387 3299
f 3338 3432 3299
f 3339 3345 3403
f 3372 3435 3328
f 3444 3348 3329
f 3406 3444 3329
f 3365 3393 3331
f 3304 3353 3395
f 3396 3223 3341
f 3398 3305 3399
f 3355 3473 3334
f 3323 3383 3420
f 3368 3343 3344
f 3337 3258 3387
f 3435 3347 3328
f 3262 3363 3483
f 3363 3348 3507
f 3485 3390 3314
f 3314 3266 3485
f 3303 3315 3375
f 3375 3315 3267
f 3267 3510 3375
f 3376 3510 3291
f 3401 3381 3319
f 3357 3283 3413
f 3344 3386 3368
f 3371 3370 3244
f 3434 3403 3345
f 3345 3326 3434
f 3505 3434 3326
f 3326 3404 3505
f 3311 3361 3360
f 3346 3362 3405
f 3372 3340 3456
f 3186 3390 3374
f 3266 3330 3485
f 3425 3485 3330
f 3375 3330 3303
f 3376 3349 3486
f 3391 3349 3292
f 3364 3350 3419
f 3408 3331 3393
f 3447 3351 3377
f 3378 3377 3351
f 3379 3395 3353
f 3380 3366 3317
f 3410 3333 3318
f 3318 3319 3410
f 3381 3410 3319
f 3320 3334 3411
f 3356 3473 3355
f 3324 3357 3462
f 3384 3358 3429
f 3359 3429 3358
f 3367 3421 3307
f 3385 3451 3422
f 3452 3414 3343
f 3343 3368 3452
f 3402 3386 3256
f 3339 3371 3244
f 3388 3327 3360
f 3405 3362 3442
f 3347 3442 3362
f 3389 3340 3312
f 3312 3262 3389
f 3363 3507 3483
f 3374 3424 3373
f 3425 3330 3529
f 3375 3529 3330
f 3292 3364 3391
f 3419 3391 3364
f 3377 3378 3489
f 3426 3489 3378
f 3426 3352 3409
f 3394 3409 3352
f 3394 3304 3427
f 3304 3395 3427
f 3379 3366 3437
f 3366 3380 3437
f 3438 3437 3380
f 3380 3332 3438
f 3400 3333 3472
f 3411 3401 3320
f 3342 3335 3412
f 3501 3383 3324
f 3413 3462 3357
f 3421 3359 3307
f 3430 3421 3367
f 3386 3402 3415
f 3416 3402 3369
f 3325 3416 3369
f 3417 3418 3477
f 3338 3289 3441
f 3289 3423 3441
f 3360 3361 3388
f 3340 3389 3457
f 3468 3389 3262
f 3262 3483 3468
f 3407 3406 3373
f 3424 3407 3373
f 3390 3446 3374
f 3391 3486 3349
f 3517 3419 3350
f 3392 3517 3350
f 3350 3316 3392
f 3408 3392 3316
f 3365 3268 3436
f 3268 3447 3436
f 3396 3341 3439
f 3397 3439 3341
f 3473 3411 3334
f 3335 3322 3412
f 3322 3420 3474
f 3420 3383 3440
f 3462 3501 3324
f 3413 3283 3384
f 3421 3429 3359
f 3336 3430 3367
f 3422 3336 3385
f 3453 3432 3338
f 3441 3453 3338
f 3441 3423 3433
f 3370 3371 3466
f 3361 3311 3454
f 3457 3456 3340
f 3484 3348 3444
f 3393 3365 3436
f 3427 3409 3394
f 3490 3438 3332
f 3332 3396 3490
f 3439 3490 3396
f 3354 3397 3341
f 3354 3398 3470
f 3400 3471 3399
f 3428 3472 3333
f 3333 3410 3428
f 3401 3411 3461
f 3474 3412 3322
f 3413 3384 3429
f 3416 3464 3402
f 3337 3478 3418
f 3371 3339 3466
f 3537 3505 3404
f 3311 3346 3467
f 3442 3347 3482
f 3435 3482 3347
f 3435 3372 3443
f 3456 3443 3372
f 3484 3507 3348
f 3508 3444 3406
f 3407 3508 3406
f 3446 3424 3374
f 3390 3485 3469
f 3488 3392 3408
f 3408 3393 3488
f 3489 3426 3519
f 3440 3450 3420
f 3501 3440 3383
f 3386 3415 3502
f 3603 3477 3418
f 3418 3478 3603
f 3403 3466 3339
f 3454 3311 3467
f 3346 3405 3480
f 3469 3446 3390
f 3448 3427 3395
f 3395 3379 3448
f 3470 3398 3460
f 3398 3399 3460
f 3471 3400 3472
f 3461 3381 3401
f 3461 3411 3551
f 3382 3342 3356
f 3474 3420 3450
f 3476 3429 3421
f 3430 3336 3542
f 3336 3422 3524
f 3414 3451 3297
f 3368 3386 3452
f 3464 3415 3402
f 3417 3416 3325
f 3337 3387 3478
f 3431 3478 3387
f 3387 3432 3431
f 3465 3433 3423
f 3423 3370 3465
f 3388 3404 3327
f 3388 3361 3454
f 3467 3346 3480
f 3435 3443 3455
f 3457 3389 3468
f 3510 3529 3375
f 3510 3376 3458
f 3459 3447 3377
f 3489 3459 3377
f 3470 3397 3354
f 3471 3460 3399
f 3473 3551 3411
f 3491 3342 3412
f 3565 3491 3412
f 3474 3565 3412
f 3462 3413 3463
f 3421 3430 3492
f 3542 3492 3430
f 3431 3432 3479
f 3433 3465 3553
f 3404 3388 3537
f 3482 3481 3442
f 3455 3443 3547
f 3445 3407 3424
f 3424 3446 3445
f 3425 3509 3485
f 3376 3486 3458
f 3436 3550 3393
f 3426 3409 3496
f 3379 3437 3448
f 3449 3448 3437
f 3450 3440 3511
f 3463 3413 3475
f 3413 3429 3475
f 3492 3476 3421
f 3422 3451 3524
f 3452 3512 3414
f 3416 3417 3477
f 3453 3479 3432
f 3453 3441 3545
f 3466 3403 3504
f 3493 3388 3454
f 3480 3405 3481
f 3405 3442 3481
f 3455 3482 3435
f 3547 3443 3506
f 3456 3506 3443
f 3508 3484 3444
f 3445 3446 3528
f 3486 3391 3516
f 3549 3517 3392
f 3488 3487 3392
f 3393 3550 3488
f 3436 3447 3495
f 3459 3495 3447
f 3489 3519 3518
f 3519 3426 3496
f 3427 3496 3409
f 3461 3598 3381
f 3356 3342 3564
f 3474 3450 3521
f 3511 3521 3450
f 3541 3475 3429
f 3429 3476 3541
f 3451 3414 3524
f 3512 3524 3414
f 3502 3452 3386
f 3433 3545 3441
f 3370 3466 3536
f 3403 3434 3504
f 3505 3504 3434
f 3456 3457 3548
f 3457 3468 3538
f 3468 3483 3570
f 3445 3584 3407
f 3469 3528 3446
f 3485 3557 3469
f 3425 3529 3515
f 3391 3419 3516
f 3496 3427 3497
f 3427 3448 3497
f 3560 3449 3438
f 3438 3490 3560
f 3533 3490 3439
f 3439 3397 3533
f 3397 3470 3562
f 3470 3460 3534
f 3498 3534 3460
f 3471 3498 3460
f 3410 3381 3499
f 3500 3598 3461
f 3491 3564 3342
f 3501 3511 3440
f 3501 3462 3592
f 3462 3463 3592
f 3452 3502 3513
f 3464 3416 3503
f 3416 3477 3503
f 3536 3465 3370
f 3467 3480 3581
f 3482 3455 3494
f 3538 3548 3457
f 3468 3570 3538
f 3469 3557 3528
f 3509 3425 3515
f 3534 3562 3470
f 3471 3472 3498
f 3428 3410 3499
f 3551 3500 3461
f 3540 3551 3473
f 3473 3356 3540
f 3521 3565 3474
f 3640 3521 3522
f 3511 3522 3521
f 3336 3524 3542
f 3546 3537 3388
f 3481 3581 3480
f 3481 3482 3494
f 3548 3506 3456
f 3557 3485 3509
f 3516 3458 3486
f 3487 3549 3392
f 3449 3560 3520
f 3532 3560 3490
f 3562 3533 3397
f 3598 3499 3381
f 3541 3476 3523
f 3476 3492 3535
f 3452 3513 3512
f 3502 3415 3552
f 3464 3552 3415
f 3493 3546 3388
f 3493 3454 3525
f 3454 3467 3525
f 3632 3525 3467
f 3581 3632 3467
f 3494 3526 3481
f 3582 3494 3455
f 3455 3547 3582
f 3508 3407 3514
f 3516 3419 3539
f 3495 3550 3436
f 3489 3518 3531
f 3520 3497 3448
f 3449 3520 3448
f 3600 3592 3463
f 3463 3475 3600
f 3523 3567 3541
f 3535 3523 3476
f 3503 3602 3464
f 3431 3577 3478
f 3553 3465 3554
f 3465 3536 3554
f 3594 3536 3466
f 3466 3504 3594
f 3555 3504 3505
f 3505 3537 3555
f 3538 3570 3636
f 3527 3483 3507
f 3507 3484 3527
f 3514 3648 3508
f 3514 3407 3571
f 3584 3571 3407
f 3529 3510 3530
f 3458 3530 3510
f 3517 3539 3419
f 3531 3459 3489
f 3563 3498 3472
f 3472 3428 3563
f 3564 3540 3356
f 3542 3535 3492
f 3524 3512 3569
f 3602 3544 3464
f 3577 3603 3478
f 3611 3479 3453
f 3545 3611 3453
f 3537 3546 3667
f 3515 3529 3530
f 3587 3539 3517
f 3517 3549 3587
f 3531 3518 3559
f 3519 3559 3518
f 3498 3563 3607
f 3491 3565 3564
f 3565 3521 3640
f 3620 3567 3523
f 3535 3620 3523
f 3542 3524 3621
f 3569 3621 3524
f 3543 3513 3502
f 3552 3610 3502
f 3552 3464 3544
f 3431 3479 3578
f 3545 3433 3579
f 3594 3504 3631
f 3504 3555 3631
f 3494 3582 3526
f 3527 3570 3483
f 3648 3484 3508
f 3606 3530 3458
f 3558 3487 3488
f 3550 3558 3488
f 3559 3459 3531
f 3589 3560 3532
f 3591 3428 3499
f 3475 3541 3600
f 3535 3542 3568
f 3543 3512 3513
f 3610 3543 3502
f 3503 3477 3622
f 3477 3603 3622
f 3578 3577 3431
f 3578 3479 3611
f 3553 3579 3433
f 3667 3555 3537
f 3493 3525 3556
f 3581 3481 3526
f 3557 3509 3586
f 3509 3515 3650
f 3530 3650 3515
f 3458 3516 3614
f 3587 3624 3539
f 3549 3487 3597
f 3519 3496 3559
f 3573 3497 3520
f 3562 3619 3533
f 3534 3590 3562
f 3607 3534 3498
f 3563 3428 3591
f 3598 3591 3499
f 3598 3500 3626
f 3592 3682 3501
f 3566 3600 3541
f 3541 3567 3566
f 3542 3621 3568
f 3601 3569 3512
f 3579 3553 3612
f 3556 3546 3493
f 3548 3538 3635
f 3538 3636 3635
f 3648 3527 3484
f 3648 3514 3583
f 3571 3583 3514
f 3572 3571 3584
f 3584 3445 3572
f 3445 3528 3585
f 3557 3585 3528
f 3650 3586 3509
f 3574 3573 3520
f 3520 3560 3574
f 3561 3589 3532
f 3532 3533 3561
f 3500 3551 3575
f 3652 3575 3551
f 3551 3540 3652
f 3608 3564 3565
f 3640 3599 3565
f 3682 3511 3501
f 3512 3543 3601
f 3610 3552 3576
f 3552 3544 3576
f 3579 3611 3545
f 3554 3536 3580
f 3594 3580 3536
f 3632 3581 3623
f 3557 3586 3585
f 3614 3606 3458
f 3596 3614 3516
f 3516 3539 3596
f 3597 3587 3549
f 3558 3597 3487
f 3558 3550 3616
f 3559 3496 3573
f 3496 3497 3573
f 3618 3574 3560
f 3560 3589 3618
f 3590 3651 3562
f 3534 3607 3590
f 3607 3563 3662
f 3591 3662 3563
f 3652 3540 3564
f 3602 3576 3544
f 3556 3525 3632
f 3526 3633 3581
f 3547 3506 3646
f 3506 3548 3635
f 3595 3636 3570
f 3570 3527 3595
f 3588 3616 3550
f 3550 3495 3588
f 3495 3459 3588
f 3617 3459 3559
f 3619 3562 3651
f 3575 3626 3500
f 3608 3652 3564
f 3565 3599 3608
f 3628 3566 3567
f 3643 3620 3535
f 3535 3568 3643
f 3621 3569 3609
f 3543 3610 3593
f 3612 3553 3604
f 3553 3554 3604
f 3667 3631 3555
f 3623 3581 3633
f 3526 3582 3633
f 3635 3636 3725
f 3624 3596 3539
f 3597 3558 3638
f 3615 3638 3558
f 3693 3559 3573
f 3561 3533 3619
f 3664 3640 3522
f 3522 3511 3641
f 3511 3682 3641
f 3600 3682 3592
f 3567 3620 3628
f 3643 3665 3620
f 3683 3609 3569
f 3576 3654 3610
f 3503 3622 3644
f 3605 3667 3546
f 3546 3556 3605
f 3582 3547 3669
f 3547 3646 3669
f 3635 3646 3506
f 3585 3586 3658
f 3606 3650 3530
f 3606 3614 3637
f 3587 3597 3638
f 3617 3588 3459
f 3617 3559 3679
f 3693 3679 3559
f 3651 3590 3661
f 3607 3661 3590
f 3639 3591 3598
f 3663 3652 3608
f 3642 3682 3600
f 3684 3683 3569
f 3569 3601 3684
f 3671 3684 3601
f 3576 3602 3655
f 3602 3503 3644
f 3622 3603 3629
f 3603 3577 3629
f 3672 3630 3578
f 3578 3611 3672
f 3580 3594 3656
f 3633 3582 3634
f 3648 3583 3613
f 3649 3613 3583
f 3571 3649 3583
f 3571 3572 3674
f 3585 3572 3445
f 3586 3650 3658
f 3637 3756 3606
f 3638 3624 3587
f 3625 3618 3589
f 3589 3561 3625
f 3662 3661 3607
f 3626 3639 3598
f 3575 3652 3627
f 3522 3641 3664
f 3621 3609 3711
f 3601 3543 3671
f 3654 3593 3610
f 3602 3644 3655
f 3629 3645 3622
f 3554 3580 3705
f 3656 3594 3631
f 3668 3689 3556
f 3556 3632 3668
f 3572 3585 3675
f 3596 3738 3614
f 3638 3677 3624
f 3616 3615 3558
f 3660 3573 3574
f 3619 3651 3685
f 3665 3628 3620
f 3666 3665 3643
f 3643 3568 3711
f 3568 3621 3711
f 3644 3622 3645
f 3577 3578 3734
f 3630 3734 3578
f 3611 3579 3612
f 3604 3554 3705
f 3623 3633 3657
f 3582 3669 3634
f 3647 3646 3635
f 3650 3606 3691
f 3756 3691 3606
f 3717 3596 3624
f 3677 3659 3624
f 3638 3615 3692
f 3588 3617 3747
f 3618 3660 3574
f 3696 3662 3591
f 3591 3639 3696
f 3641 3682 3700
f 3566 3642 3600
f 3655 3686 3576
f 3733 3750 3629
f 3629 3577 3733
f 3623 3668 3632
f 3725 3647 3635
f 3595 3725 3636
f 3673 3595 3527
f 3527 3648 3673
f 3675 3585 3658
f 3690 3676 3658
f 3650 3690 3658
f 3691 3690 3650
f 3637 3614 3738
f 3717 3624 3659
f 3692 3677 3638
f 3616 3758 3615
f 3616 3588 3678
f 3617 3679 3747
f 3696 3695 3662
f 3639 3626 3786
f 3599 3640 3698
f 3641 3700 3699
f 3642 3566 3653
f 3566 3628 3653
f 3710 3628 3665
f 3711 3666 3643
f 3543 3593 3671
f 3654 3576 3701
f 3576 3686 3701
f 3644 3702 3655
f 3750 3645 3629
f 3612 3672 3611
f 3580 3656 3705
f 3687 3656 3631
f 3631 3667 3687
f 3689 3605 3556
f 3657 3668 3623
f 3634 3657 3633
f 3707 3673 3648
f 3648 3613 3707
f 3649 3571 3674
f 3717 3738 3596
f 3660 3618 3709
f 3625 3619 3680
f 3685 3651 3694
f 3661 3694 3651
f 3626 3575 3697
f 3663 3627 3652
f 3698 3608 3599
f 3699 3664 3641
f 3683 3684 3772
f 3644 3645 3750
f 3734 3733 3577
f 3704 3672 3612
f 3612 3604 3704
f 3705 3704 3604
f 3783 3705 3656
f 3595 3673 3736
f 3658 3708 3675
f 3659 3677 3764
f 3588 3747 3678
f 3766 3679 3693
f 3660 3693 3573
f 3718 3618 3625
f 3685 3680 3619
f 3681 3694 3661
f 3681 3661 3695
f 3661 3662 3695
f 3670 3697 3575
f 3575 3627 3670
f 3663 3743 3627
f 3731 3640 3664
f 3699 3731 3664
f 3642 3748 3682
f 3720 3710 3665
f 3665 3666 3720
f 3712 3711 3609
f 3688 3687 3667
f 3667 3605 3688
f 3669 3723 3634
f 3736 3725 3595
f 3675 3674 3572
f 3717 3659 3764
f 3740 3764 3677
f 3758 3692 3615
f 3786 3696 3639
f 3786 3626 3769
f 3697 3769 3626
f 3663 3608 3719
f 3698 3719 3608
f 3748 3642 3653
f 3771 3720 3666
f 3686 3655 3702
f 3672 3751 3630
f 3605 3689 3688
f 3657 3634 3706
f 3723 3706 3634
f 3647 3752 3646
f 3649 3674 3715
f 3676 3708 3658
f 3678 3758 3616
f 3678 3747 3765
f 3718 3709 3618
f 3719 3743 3663
f 3700 3682 3812
f 3748 3812 3682
f 3712 3609 3683
f 3671 3593 3721
f 3732 3593 3654
f 3701 3781 3654
f 3734 3630 3751
f 3751 3672 3703
f 3704 3705 3714
f 3656 3687 3783
f 3762 3689 3668
f 3668 3657 3735
f 3706 3735 3657
f 3723 3669 3724
f 3669 3646 3724
f 3717 3764 3739
f 3692 3740 3677
f 3709 3759 3660
f 3680 3685 3741
f 3685 3694 3729
f 3731 3698 3640
f 3699 3700 3811
f 3653 3628 3744
f 3666 3711 3771
f 3721 3749 3684
f 3684 3671 3721
f 3781 3732 3654
f 3745 3701 3686
f 3686 3702 3745
f 3702 3644 3713
f 3644 3750 3713
f 3704 3703 3672
f 3752 3724 3646
f 3753 3752 3647
f 3708 3676 3737
f 3676 3690 3737
f 3716 3690 3691
f 3691 3756 3716
f 3805 3766 3693
f 3693 3660 3805
f 3625 3680 3760
f 3694 3681 3729
f 3742 3681 3695
f 3769 3697 3797
f 3627 3743 3670
f 3698 3730 3719
f 3812 3811 3700
f 3710 3744 3628
f 3773 3781 3701
f 3713 3745 3702
f 3783 3722 3705
f 3735 3762 3668
f 3725 3753 3647
f 3776 3736 3673
f 3673 3707 3776
f 3707 3613 3726
f 3715 3754 3649
f 3674 3675 3755
f 3675 3708 3755
f 3737 3755 3708
f 3727 3737 3690
f 3716 3727 3690
f 3709 3718 3728
f 3718 3625 3760
f 3760 3680 3767
f 3741 3767 3680
f 3729 3741 3685
f 3742 3729 3681
f 3670 3797 3697
f 3770 3730 3698
f 3712 3683 3772
f 3749 3772 3684
f 3732 3831 3593
f 3750 3761 3713
f 3734 3751 3782
f 3735 3706 3801
f 3723 3792 3706
f 3726 3613 3754
f 3613 3649 3754
f 3755 3777 3674
f 3739 3764 3822
f 3709 3728 3759
f 3695 3696 3742
f 3786 3742 3696
f 3698 3731 3770
f 3712 3771 3711
f 3780 3749 3721
f 3721 3593 3780
f 3831 3780 3593
f 3761 3745 3713
f 3714 3703 3704
f 3714 3705 3722
f 3863 3687 3688
f 3724 3774 3723
f 3836 3725 3736
f 3707 3726 3885
f 3637 3738 3763
f 3717 3746 3738
f 3717 3739 3746
f 3692 3803 3740
f 3660 3759 3805
f 3729 3742 3768
f 3670 3743 3826
f 3787 3743 3719
f 3830 3770 3731
f 3731 3699 3830
f 3811 3830 3699
f 3771 3712 3788
f 3790 3789 3750
f 3750 3733 3790
f 3850 3790 3733
f 3733 3734 3850
f 3703 3714 3851
f 3791 3863 3688
f 3688 3689 3791
f 3689 3762 3791
f 3792 3801 3706
f 3776 3836 3736
f 3777 3715 3674
f 3763 3738 3746
f 3822 3746 3739
f 3764 3740 3823
f 3803 3823 3740
f 3758 3757 3692
f 3784 3747 3679
f 3679 3766 3784
f 3760 3728 3718
f 3744 3710 3813
f 3720 3813 3710
f 3773 3701 3799
f 3745 3799 3701
f 3735 3801 3762
f 3792 3723 3774
f 3752 3864 3724
f 3752 3753 3775
f 3753 3725 3775
f 3725 3836 3775
f 3716 3793 3727
f 3756 3793 3716
f 3763 3756 3637
f 3803 3692 3757
f 3678 3765 3867
f 3784 3765 3747
f 3787 3826 3743
f 3772 3788 3712
f 3781 3798 3732
f 3761 3750 3834
f 3789 3834 3750
f 3734 3782 3850
f 3782 3751 3814
f 3703 3814 3751
f 3851 3714 3815
f 3722 3815 3714
f 3722 3783 3800
f 3864 3774 3724
f 3802 3777 3755
f 3727 3809 3737
f 3794 3793 3756
f 3763 3794 3756
f 3757 3758 3876
f 3758 3678 3902
f 3867 3902 3678
f 3766 3805 3784
f 3795 3728 3760
f 3767 3795 3760
f 3810 3742 3786
f 3769 3796 3786
f 3778 3787 3719
f 3719 3730 3778
f 3653 3779 3748
f 3653 3744 3779
f 3798 3831 3732
f 3745 3832 3799
f 3745 3761 3832
f 3800 3815 3722
f 3752 3881 3864
f 3775 3807 3752
f 3777 3808 3715
f 3823 3822 3764
f 3729 3785 3741
f 3768 3742 3810
f 3779 3812 3748
f 3771 3813 3720
f 3788 3868 3771
f 3831 3918 3780
f 3781 3773 3859
f 3799 3859 3773
f 3834 3832 3761
f 3783 3687 3869
f 3816 3869 3687
f 3776 3707 3818
f 3755 3737 3802
f 3737 3809 3802
f 3876 3758 3857
f 3902 3857 3758
f 3767 3741 3806
f 3729 3768 3785
f 3797 3796 3769
f 3778 3730 3770
f 3830 3847 3770
f 3772 3749 3848
f 3918 3840 3780
f 3798 3781 3859
f 3922 3850 3782
f 3861 3922 3782
f 3782 3814 3861
f 3783 3869 3800
f 3687 3863 3816
f 3835 3791 3762
f 3835 3762 3841
f 3762 3801 3841
f 3853 3841 3801
f 3836 3817 3775
f 3885 3726 3854
f 3754 3715 3808
f 3763 3746 3821
f 3822 3821 3746
f 3803 3757 3804
f 3765 3784 3888
f 3825 3795 3767
f 3806 3825 3767
f 3785 3806 3741
f 3797 3670 3845
f 3787 3828 3826
f 3787 3778 3846
f 3914 3811 3812
f 3848 3868 3788
f 3772 3848 3788
f 3840 3749 3780
f 3814 3703 3851
f 3881 3752 3807
f 3898 3817 3836
f 3885 3818 3707
f 3754 3854 3726
f 3777 3802 3819
f 3867 3765 3888
f 3784 3805 3824
f 3805 3759 3903
f 3759 3728 3903
f 3810 3785 3768
f 3845 3670 3826
f 3778 3770 3829
f 3894 3830 3811
f 3813 3838 3744
f 3799 3832 3860
f 3792 3853 3801
f 3817 3807 3775
f 3818 3836 3776
f 3794 3763 3820
f 3763 3821 3820
f 3823 3803 3804
f 3804 3757 3876
f 3810 3786 3796
f 3846 3828 3787
f 3770 3847 3829
f 3779 3744 3916
f 3838 3916 3744
f 3813 3771 3839
f 3771 3868 3839
f 3895 3848 3749
f 3749 3840 3895
f 3833 3860 3832
f 3832 3834 3833
f 3879 3789 3790
f 3790 3850 3879
f 3851 3815 3852
f 3815 3800 3869
f 3808 3854 3754
f 3809 3886 3802
f 3727 3793 3809
f 3793 3794 3837
f 3728 3795 3858
f 3844 3797 3845
f 3828 3827 3826
f 3812 3779 3884
f 3859 3799 3860
f 3861 3814 3862
f 3851 3862 3814
f 3852 3815 3869
f 3906 3869 3816
f 3816 3863 3906
f 3791 3835 3870
f 3853 3792 3842
f 3792 3774 3842
f 3864 3880 3774
f 3819 3873 3777
f 3819 3802 3886
f 3837 3866 3793
f 3875 3837 3794
f 3822 3823 3856
f 3824 3805 3903
f 3858 3903 3728
f 3806 3877 3825
f 3796 3797 3844
f 3827 3845 3826
f 3914 3812 3884
f 3916 3884 3779
f 3831 3798 3849
f 3798 3859 3890
f 3860 3919 3859
f 3789 3833 3834
f 3852 3862 3851
f 3870 3863 3791
f 3880 3842 3774
f 3881 3807 3908
f 3836 3818 3872
f 3873 3808 3777
f 3809 3793 3866
f 3820 3875 3794
f 3820 3821 3855
f 3856 3821 3822
f 3901 3856 3823
f 3804 3901 3823
f 3784 3824 3888
f 3858 3795 3877
f 3795 3825 3877
f 3806 3785 3843
f 3810 3843 3785
f 3810 3796 3912
f 3941 3847 3830
f 3976 3894 3811
f 3811 3914 3976
f 3838 3813 3839
f 3895 3868 3848
f 3918 3831 3849
f 3881 3945 3864
f 3865 3807 3817
f 3898 3865 3817
f 3836 3872 3898
f 3818 3885 3872
f 3886 3809 3874
f 3876 3882 3804
f 9371 3877 3806
f 3843 3810 3893
f 3796 3844 3889
f 3844 3845 3883
f 3846 3827 3828
f 3846 3778 3878
f 3778 3829 3878
f 3789 3879 3833
f 3905 3879 3850
f 3906 3924 3869
f 3863 3870 3897
f 3871 3870 3835
f 3865 3908 3807
f 3865 3898 3980
f 3866 3874 3809
f 3892 3866 3837
f 3855 3875 3820
f 3882 3901 3804
f 3887 3867 3888
f 9371 3951 3877
f 3889 3952 3796
f 3883 3889 3844
f 3883 3845 3827
f 3987 3993 3829
f 3829 3847 3987
f 3830 3894 3941
f 3884 3933 3914
f 3840 3896 3934
f 3890 3849 3798
f 3860 3833 3921
f 3904 3921 3833
f 3891 3922 3861
f 3861 3862 3891
f 3852 3869 3924
f 3906 3863 3897
f 3835 3841 3871
f 3945 3880 3864
f 3808 3899 3854
f 3874 3866 3900
f 3837 3875 3892
f 3855 3821 3910
f 3893 9371 3843
f 3810 3912 3893
f 3941 3987 3847
f 3895 3963 3868
f 3919 3860 3921
f 3907 3897 3870
f 3870 3871 3907
f 3871 3841 3853
f 3908 3865 3980
f 3899 3885 3854
f 3856 3910 3821
f 3901 3882 3971
f 3887 3902 3867
f 3858 3877 3911
f 3993 3878 3829
f 3838 3839 3953
f 3868 3917 3839
f 3934 3895 3840
f 3919 3890 3859
f 3833 3879 3904
f 3850 3922 3905
f 3924 3862 3852
f 3853 3842 3944
f 3886 3927 3819
f 3909 3900 3866
f 3892 3909 3866
f 3901 3928 3856
f 3857 3902 4010
f 3888 3824 3949
f 3903 3858 3929
f 3951 3911 3877
f 3952 3912 3796
f 3883 3827 3932
f 3974 3827 3846
f 3878 3913 3846
f 4026 3916 3838
f 3918 3896 3840
f 3842 3880 3959
f 3946 3898 3872
f 3899 3808 3990
f 3886 3874 3900
f 3892 3875 3939
f 3875 3855 3998
f 3971 3882 4000
f 3893 3962 9371
f 3827 3974 3932
f 3913 3974 3846
f 3976 3914 3915
f 3919 3921 3920
f 3942 3922 3891
f 3923 3891 3862
f 3924 3923 3862
f 3906 3925 3924
f 3944 3842 3969
f 3959 3969 3842
f 3946 3872 3954
f 3885 3954 3872
f 3808 3873 3936
f 3873 3819 3927
f 3900 3927 3886
f 3910 3998 3855
f 3882 3876 3948
f 3876 3857 3948
f 4010 3948 3857
f 3858 3911 3929
f 3930 3962 3893
f 3912 3930 3893
f 3889 3883 3931
f 3878 3993 3913
f 3976 3941 3894
f 3884 3916 4026
f 3963 3917 3868
f 3918 4015 3896
f 3904 3879 3977
f 3905 3922 3967
f 3906 3897 3925
f 3943 3907 3871
f 3871 3853 3943
f 3944 3943 3853
f 3959 3880 3979
f 3881 3960 3945
f 3908 3980 3926
f 3980 3898 3946
f 3936 3990 3808
f 3955 3936 3873
f 3937 3927 3900
f 3938 3937 3900
f 3910 3856 3940
f 3856 3928 3940
f 3971 3928 3901
f 3824 3903 3929
f 3911 3951 3985
f 3952 3972 3912
f 3952 3889 3931
f 3914 3933 3915
f 3953 4026 3838
f 3917 3953 3839
f 4015 3934 3896
f 3849 3965 3918
f 3920 3921 3935
f 3945 3979 3880
f 3885 3899 3954
f 3927 3955 3873
f 3937 3955 3927
f 3938 3900 3956
f 3892 3939 3947
f 4000 3882 3948
f 3824 3929 3949
f 3929 3911 3985
f 3962 3951 9371
f 3932 3931 3883
f 3913 3993 3975
f 3933 3884 4004
f 3890 3965 3849
f 3966 3989 3919
f 3919 3920 3966
f 3904 3935 3921
f 3977 4016 3904
f 3879 3905 3977
f 3924 3925 3923
f 3947 3909 3892
f 3875 3998 3982
f 3940 3928 3984
f 3971 3984 3928
f 3887 3888 3957
f 3972 3930 3912
f 3974 4022 3932
f 4014 3941 3976
f 4004 3915 3933
f 4026 4004 3884
f 3963 3895 3988
f 3988 3895 3934
f 3920 3935 3966
f 3942 3967 3922
f 3926 4034 3908
f 4007 3946 3954
f 3954 3899 3970
f 3900 3909 3956
f 3982 3939 3875
f 4036 3998 3910
f 3983 3910 3940
f 3984 3983 3940
f 3949 3929 4011
f 3929 3950 4011
f 3929 3985 3950
f 3952 3931 3958
f 3931 3932 3958
f 4022 3958 3932
f 4015 3918 3964
f 3965 3964 3918
f 3905 3967 3977
f 3897 3907 4006
f 3943 3944 3968
f 3969 3968 3944
f 3990 3970 3899
f 3909 3961 3956
f 3910 3983 4036
f 4010 3902 4021
f 3887 4021 3902
f 3986 3985 3951
f 3951 3962 3986
f 3962 3930 4012
f 3941 4014 3987
f 4004 4025 3915
f 3966 3935 4005
f 3925 3897 4006
f 3907 3943 3978
f 3968 3978 3943
f 3960 3979 3945
f 3881 3908 4034
f 3954 3970 4007
f 3955 3937 3992
f 3992 3937 4019
f 3938 4019 3937
f 3947 3939 3982
f 3888 3949 3957
f 3973 4003 3972
f 3972 3952 3973
f 3952 3958 4037
f 4024 3993 3987
f 3890 3919 3989
f 3935 3904 4005
f 4016 4005 3904
f 3891 3923 3995
f 4006 3923 3925
f 3981 3980 3946
f 3991 3990 3936
f 3955 3991 3936
f 3938 3956 4020
f 3961 3909 4045
f 3947 4045 3909
f 4011 3957 3949
f 3962 4012 3986
f 4037 3973 3952
f 3988 3917 3963
f 4015 3988 3934
f 4028 3942 3891
f 3995 4028 3891
f 4006 3995 3923
f 3907 3978 4087
f 4034 3960 3881
f 3997 3926 3980
f 3946 4007 3981
f 3990 4044 3970
f 3955 3992 4018
f 3982 4045 3947
f 4036 3983 4009
f 3984 3971 3999
f 4000 3999 3971
f 4010 4057 3948
f 4001 4011 3950
f 4001 3950 3985
f 4003 4012 3930
f 3930 3972 4003
f 4013 4022 3974
f 3974 3913 4013
f 3994 4014 3976
f 3976 3915 3994
f 4025 3994 3915
f 4027 3964 3965
f 3965 3890 4033
f 3978 3968 3996
f 3959 4043 3969
f 3980 3981 3997
f 4008 4007 3970
f 3991 3955 4017
f 4019 3938 4020
f 3956 3961 4020
f 3983 3984 3999
f 3957 4091 3887
f 3913 3975 4013
f 3989 4033 3890
f 4005 4041 3966
f 4006 3907 4042
f 3907 4087 4042
f 3968 3969 4043
f 3990 3991 4029
f 4018 3992 4019
f 4045 3982 4056
f 3999 4009 3983
f 3999 4000 4047
f 4002 4001 3985
f 4039 4013 3975
f 4023 3975 3993
f 3993 4024 4023
f 4026 3953 4051
f 3953 3917 4051
f 3917 4032 4051
f 3988 4032 3917
f 4033 4059 3965
f 3989 3966 4040
f 4086 4016 3977
f 3967 3942 4098
f 4053 4098 3942
f 4071 4028 3995
f 4006 4071 3995
f 4006 4042 4100
f 3996 4087 3978
f 3968 4072 3996
f 4034 3926 4073
f 3926 3997 4073
f 4008 3970 4044
f 4018 4017 3955
f 4036 4009 4046
f 4000 3948 4047
f 4057 4047 3948
f 3887 4091 4021
f 4011 4001 4048
f 3985 3986 4002
f 3973 4037 4066
f 4023 4039 3975
f 3987 4014 4024
f 4085 4015 3964
f 4027 4085 3964
f 4040 4033 3989
f 3966 4041 4040
f 3979 4043 3959
f 4081 3961 4045
f 4009 3999 4064
f 4048 4075 4011
f 4002 3986 4076
f 4049 4076 3986
f 3973 4078 4003
f 3988 4015 4052
f 4016 4086 4096
f 3977 3967 4086
f 4098 4086 3967
f 4006 4100 4071
f 4061 3997 3981
f 4044 3990 4029
f 3991 4017 4029
f 4018 4019 4054
f 4055 4054 4019
f 4019 4020 4055
f 4116 3982 3998
f 3998 4036 4116
f 4063 4116 4036
f 4009 4064 4046
f 4030 4048 4001
f 4001 4002 4030
f 4076 4030 4002
f 3986 4012 4049
f 4012 4003 4031
f 4078 4031 4003
f 4078 3973 4066
f 3958 4108 4037
f 4022 4038 3958
f 4013 4038 4022
f 4024 4014 4067
f 4025 4004 4068
f 4004 4026 4058
f 4051 4058 4026
f 3965 4059 4027
f 4016 4096 4005
f 3942 4028 4053
f 3979 3960 4129
f 4007 4008 4062
f 4008 4044 4089
f 4055 4020 4035
f 4020 3961 4081
f 4031 4049 4012
f 4038 4108 3958
f 4050 4038 4013
f 4039 4050 4013
f 4084 4014 3994
f 3994 4025 4084
f 4058 4068 4004
f 4051 4032 4110
f 4032 3988 4052
f 4015 4085 4052
f 4033 4040 4070
f 4005 4060 4041
f 4043 4072 3968
f 4034 4129 3960
f 4073 4130 4034
f 4062 4061 3981
f 4007 4062 3981
f 4089 4062 4008
f 4044 4029 4089
f 4079 4089 4029
f 4029 4017 4079
f 4103 4017 4018
f 4035 4020 4081
f 4045 4056 4115
f 4036 4046 4063
f 3999 4047 4064
f 4057 4122 4047
f 4030 4076 4106
f 4031 4077 4049
f 4037 4083 4066
f 4092 4039 4023
f 4023 4024 4092
f 4024 4067 4093
f 4084 4067 4014
f 4040 4041 4112
f 4060 4112 4041
f 4099 4053 4028
f 4128 4100 4042
f 4042 4087 4128
f 4043 3979 4194
f 4129 4034 4130
f 4054 4103 4018
f 4116 4056 3982
f 4064 4047 4065
f 4021 4057 4010
f 4082 4091 3957
f 3957 4011 4082
f 4048 4030 4075
f 4107 4076 4049
f 4077 4107 4049
f 4110 4058 4051
f 4069 4032 4052
f 4112 4070 4040
f 4005 4096 4060
f 4099 4098 4053
f 4071 4099 4028
f 4119 4087 3996
f 4080 4079 4017
f 4081 4045 4133
f 4056 4116 4115
f 4074 4046 4064
f 4122 4065 4047
f 4106 4105 4030
f 4083 4173 4066
f 4085 4027 4095
f 4059 4095 4027
f 4033 4070 4111
f 4142 4096 4086
f 4071 4100 4113
f 4087 4119 4114
f 3996 4072 4119
f 4061 4062 4164
f 4017 4103 4080
f 4115 4133 4045
f 4063 4046 4104
f 4064 4065 4074
f 4057 4021 4090
f 4011 4075 4082
f 4105 4075 4030
f 4078 4066 4173
f 4038 4050 4109
f 4093 4092 4024
f 4067 4084 4125
f 4158 4068 4058
f 4095 4059 4111
f 4059 4033 4111
f 4129 4194 3979
f 4130 4073 4088
f 4073 3997 4088
f 3997 4061 4088
f 4101 4164 4062
f 4089 4101 4062
f 4123 4107 4077
f 4077 4031 4148
f 4031 4078 4148
f 4124 4050 4039
f 4039 4092 4124
f 4084 4025 4068
f 4069 4094 4032
f 4097 4086 4098
f 4127 4099 4071
f 4113 4127 4071
f 4184 4088 4061
f 4061 4164 4184
f 4103 4054 4102
f 4054 4055 4196
f 4081 4133 4166
f 4121 4133 4115
f 4134 4115 4116
f 4116 4063 4167
f 4046 4074 4104
f 4107 4106 4076
f 4173 4148 4078
f 4083 4037 4108
f 4109 4108 4038
f 4109 4050 4124
f 4214 4093 4067
f 4067 4125 4214
f 4084 4068 4125
f 4110 4032 4094
f 4069 4052 4175
f 4052 4085 4175
f 4126 4175 4085
f 4085 4095 4126
f 4161 4111 4070
f 4070 4112 4161
f 4144 4098 4099
f 4114 4128 4087
f 4101 4089 4131
f 4055 4035 4154
f 4222 4154 4035
f 4035 4081 4222
f 4166 4222 4081
f 4021 4091 4090
f 4117 4090 4091
f 4156 4117 4091
f 4091 4082 4156
f 4118 4082 4075
f 4105 4118 4075
f 4106 4107 4135
f 4109 4136 4108
f 4124 4137 4109
f 4110 4094 4141
f 4175 4094 4069
f 4112 4060 4162
f 4060 4096 4150
f 4182 4150 4096
f 4099 4127 4144
f 4177 4113 4100
f 4128 4177 4100
f 4072 4043 4179
f 4194 4179 4043
f 4088 4183 4130
f 4120 4164 4101
f 4080 4145 4079
f 4102 4054 4196
f 4134 4121 4115
f 4104 4167 4063
f 4122 4057 4171
f 4135 4107 4172
f 4123 4172 4107
f 4123 4077 4148
f 4136 4211 4108
f 4136 4109 4137
f 4058 4110 4141
f 4126 4248 4175
f 4095 4111 4126
f 4111 4161 4204
f 4162 4161 4112
f 4162 4060 4150
f 4096 4142 4182
f 4143 4142 4086
f 4086 4097 4143
f 4101 4131 4120
f 4145 4131 4089
f 4089 4079 4145
f 4080 4103 4102
f 4154 4196 4055
f 4132 4166 4133
f 4146 4133 4121
f 4147 4104 4074
f 4074 4065 4122
f 4057 4090 4171
f 4138 4126 4111
f 4204 4138 4111
f 4098 4144 4097
f 4072 4163 4119
f 4102 4196 4165
f 4167 4134 4116
f 4147 4074 4155
f 4074 4122 4155
f 4188 4172 4123
f 4148 4188 4123
f 4083 4108 4211
f 4092 4093 4140
f 4159 4158 4058
f 4058 4141 4159
f 4144 4127 4205
f 4128 4114 4178
f 4163 4178 4114
f 4119 4163 4114
f 4151 4194 4129
f 4129 4130 4183
f 4145 4152 4131
f 4080 4102 4153
f 4166 4197 4222
f 4146 4132 4133
f 4167 4180 4134
f 4090 4117 4286
f 4157 4156 4082
f 4082 4118 4157
f 4135 4105 4106
f 4137 4124 4139
f 4093 4214 4140
f 4141 4094 4149
f 4094 4175 4174
f 4126 4138 4248
f 4178 4177 4128
f 4151 4129 4183
f 4152 4120 4131
f 4153 4145 4080
f 4146 4121 4180
f 4121 4134 4180
f 4167 4104 4169
f 4104 4147 4169
f 4122 4171 4202
f 4171 4090 4286
f 4118 4105 4223
f 4135 4186 4105
f 4139 4124 4181
f 4124 4092 4181
f 4215 4125 4068
f 4068 4158 4215
f 4149 4094 4174
f 4143 4182 4142
f 4127 4113 4205
f 4176 4205 4113
f 4177 4176 4113
f 4179 4163 4072
f 4255 4153 4102
f 4165 4255 4102
f 4146 4230 4132
f 4167 4169 4168
f 4169 4147 4170
f 4147 4155 4170
f 4155 4122 4202
f 4118 4223 4157
f 4105 4186 4223
f 4173 4190 4148
f 4211 4173 4083
f 4225 4211 4136
f 4136 4137 4191
f 4092 4140 4181
f 4158 4159 4215
f 4160 4159 4141
f 4149 4160 4141
f 4175 4203 4174
f 4162 4150 4218
f 4182 4218 4150
f 4143 4097 4236
f 4178 4163 4219
f 4088 4184 4195
f 4164 4120 4220
f 4120 4152 4220
f 4221 4152 4145
f 4145 4153 4221
f 4265 4165 4196
f 4190 4188 4148
f 4191 4225 4136
f 4139 4191 4137
f 4204 4161 4217
f 4161 4162 4217
f 4143 4236 4292
f 4097 4144 4236
f 4144 4205 4236
f 4177 4178 4206
f 4193 4219 4163
f 4179 4193 4163
f 4240 4151 4183
f 4183 4088 4240
f 4164 4220 4184
f 4166 4132 4274
f 4230 4274 4132
f 4180 4167 4198
f 4167 4168 4198
f 4169 4170 4200
f 4170 4155 4201
f 4202 4210 4155
f 4187 4186 4135
f 4135 4172 4187
f 4224 4187 4172
f 4244 4224 4172
f 4172 4188 4244
f 4213 4181 4140
f 4160 4216 4159
f 4203 4149 4174
f 4192 4203 4175
f 4248 4192 4175
f 4218 4217 4162
f 4206 4176 4177
f 4219 4206 4178
f 4195 4240 4088
f 4196 4154 4208
f 4222 4208 4154
f 4241 4230 4146
f 4180 4241 4146
f 4169 4199 4168
f 4200 4185 4169
f 4201 4200 4170
f 4201 4155 4210
f 4286 4202 4171
f 4156 4157 4232
f 4188 4190 4189
f 4191 4139 4212
f 4181 4212 4139
f 4215 4159 4216
f 4149 4216 4160
f 4207 4195 4184
f 4184 4220 4207
f 4253 4207 4220
f 4221 4153 4254
f 4197 4166 4273
f 4274 4273 4166
f 4198 4168 4209
f 4210 4202 4257
f 4232 4117 4156
f 4223 4316 4157
f 4223 4186 4308
f 4187 4308 4186
f 4267 4189 4190
f 4173 4267 4190
f 4211 4267 4173
f 4277 4214 4125
f 4125 4215 4277
f 4215 4216 4246
f 4227 4216 4149
f 4204 4217 4234
f 4291 4182 4143
f 4219 4193 4237
f 4193 4179 4238
f 4238 4179 4303
f 4179 4194 4303
f 4194 4151 4239
f 4252 4240 4195
f 4152 4221 4220
f 4255 4254 4153
f 4265 4196 4208
f 4231 4242 4180
f 4198 4231 4180
f 4198 4209 4231
f 4168 4199 4209
f 4169 4185 4199
f 4189 4244 4188
f 4268 4267 4211
f 4149 4203 4227
f 4138 4204 4234
f 4258 4234 4217
f 4249 4176 4206
f 4239 4303 4194
f 4255 4165 4264
f 4286 4257 4202
f 4211 4225 4268
f 4226 4212 4181
f 4181 4213 4226
f 4284 4140 4214
f 4216 4227 4247
f 4248 4138 4234
f 4217 4218 4258
f 4235 4258 4218
f 4182 4235 4218
f 4205 4176 4313
f 4228 4249 4206
f 4206 4219 4228
f 4237 4228 4219
f 4229 4237 4193
f 4250 4229 4193
f 4238 4250 4193
f 4221 4253 4220
f 4208 4222 4197
f 4242 4241 4180
f 4244 4189 4288
f 4283 4225 4191
f 4140 4284 4213
f 4214 4277 4284
f 4279 4227 4203
f 4240 4239 4151
f 4254 4272 4221
f 4265 4264 4165
f 4230 4241 4280
f 4334 4209 4199
f 4199 4185 4334
f 4243 4334 4185
f 4243 4185 4200
f 4256 4200 4201
f 4157 4316 4232
f 4308 4316 4223
f 4287 4187 4224
f 4244 4287 4224
f 4288 4189 4245
f 4267 4245 4189
f 4212 4283 4191
f 4278 4215 4246
f 4192 4279 4203
f 4248 4234 4233
f 4291 4235 4182
f 4259 4236 4205
f 4313 4259 4205
f 4251 4250 4238
f 4252 4195 4207
f 4263 4253 4221
f 4272 4263 4221
f 4265 4208 4297
f 4242 4231 4281
f 4210 4256 4201
f 4268 4225 4283
f 4290 4283 4212
f 4226 4290 4212
f 4246 4216 4247
f 4143 4292 4291
f 4176 4249 4260
f 4261 4228 4237
f 4238 4303 4251
f 4239 4240 4304
f 4207 4253 4262
f 4264 4295 4255
f 4197 4297 4208
f 4280 4274 4230
f 4241 4242 4280
f 4281 4305 4242
f 4256 4243 4200
f 4232 4266 4117
f 4308 4187 4317
f 4268 4299 4267
f 4215 4278 4277
f 4192 4248 4233
f 4259 4292 4236
f 4228 4261 4249
f 4229 4261 4237
f 4240 4252 4304
f 4252 4207 4294
f 4262 4294 4207
f 4314 4262 4253
f 4263 4314 4253
f 4272 4254 4295
f 4254 4255 4295
f 4305 4280 4242
f 4231 4209 4281
f 4282 4256 4210
f 4117 4266 4359
f 4287 4244 4288
f 4318 4288 4245
f 4276 4226 4213
f 4213 4284 4276
f 4319 4278 4246
f 4247 4319 4246
f 4247 4227 4285
f 4279 4301 4227
f 4270 4269 4233
f 4233 4234 4270
f 4271 4270 4234
f 4234 4258 4271
f 4271 4258 4235
f 4341 4303 4239
f 4304 4252 4294
f 4264 4265 4332
f 4297 4332 4265
f 4307 4334 4243
f 4286 4117 4367
f 4359 4367 4117
f 4298 4317 4187
f 4187 4287 4298
f 4245 4267 4299
f 4299 4268 4289
f 4268 4283 4275
f 4301 4285 4227
f 4279 4192 4310
f 4233 4310 4192
f 4313 4176 4328
f 4176 4260 4328
f 4249 4261 4329
f 4229 4250 4293
f 4250 4251 4293
f 4264 4296 4295
f 4297 4197 4365
f 4273 4365 4197
f 4274 4280 4326
f 4306 4343 4281
f 4281 4209 4306
f 4335 4256 4282
f 4210 4257 4367
f 4286 4367 4257
f 4232 4316 4266
f 4299 4318 4245
f 4290 4226 4349
f 4373 4284 4277
f 4285 4300 4247
f 4310 4301 4279
f 4310 4233 4337
f 4269 4337 4233
f 4312 4235 4291
f 4320 4329 4261
f 4261 4229 4320
f 4293 4251 4321
f 4303 4302 4251
f 4295 4263 4272
f 4305 4281 4366
f 4343 4366 4281
f 4334 4306 4209
f 4282 4210 4367
f 4268 4275 4347
f 4290 4275 4283
f 4350 4276 4284
f 4284 4373 4350
f 4277 4278 4373
f 4300 4319 4247
f 4270 4271 4311
f 4340 4292 4259
f 4249 4329 4260
f 4293 4320 4229
f 4302 4321 4251
f 4341 4239 4322
f 4304 4322 4239
f 4365 4273 4315
f 4273 4274 4315
f 4274 4326 4315
f 4305 4326 4280
f 4243 4256 4307
f 4369 4298 4287
f 4287 4288 4369
f 4318 4299 4361
f 4289 4346 4299
f 4347 4289 4268
f 4275 4290 4348
f 4349 4348 4290
f 4309 4349 4226
f 4226 4276 4309
f 4337 4269 4338
f 4269 4270 4327
f 4271 4235 4353
f 4235 4312 4353
f 4291 4292 4339
f 4340 4339 4292
f 4323 4304 4294
f 4314 4263 4324
f 4332 4358 4264
f 4350 4309 4276
f 4311 4327 4270
f 4363 4320 4293
f 4302 4303 4341
f 4322 4304 4323
f 4323 4294 4355
f 4364 4355 4294
f 4294 4262 4364
f 4262 4314 4356
f 4296 4264 4358
f 4326 4305 4333
f 4366 4333 4305
f 4282 4367 4335
f 4318 4369 4288
f 4373 4278 4351
f 4278 4319 4351
f 4381 4285 4301
f 4310 4381 4301
f 4338 4352 4337
f 4311 4271 4398
f 4271 4353 4398
f 4291 4339 4312
f 4259 4313 4340
f 4363 4330 4320
f 4384 4341 4322
f 4324 4356 4314
f 4263 4325 4324
f 4263 4295 4325
f 4342 4325 4295
f 4358 4331 4296
f 4315 4326 4333
f 4343 4306 4409
f 4306 4334 4375
f 4376 4375 4334
f 4344 4307 4256
f 4360 4266 4316
f 4316 4308 4360
f 4360 4308 4317
f 4368 4345 4317
f 4298 4368 4317
f 4361 4369 4318
f 4289 4347 4371
f 4350 4373 4388
f 4319 4300 4336
f 4374 4336 4300
f 4285 4374 4300
f 4337 4382 4310
f 4338 4269 4327
f 4399 4328 4260
f 4260 4329 4399
f 4329 4320 4399
f 4362 4399 4320
f 4320 4330 4362
f 4321 4363 4293
f 4322 4323 4384
f 4356 4364 4262
f 4296 4342 4295
f 4297 4365 4332
f 4334 4307 4376
f 4256 4335 4344
f 4360 4317 4345
f 4361 4299 4346
f 4336 4351 4319
f 4354 4340 4313
f 4313 4328 4354
f 4342 4296 4357
f 4331 4357 4296
f 4366 4343 4404
f 4335 4392 4344
f 4367 4392 4335
f 4372 4347 4275
f 4348 4372 4275
f 4349 4309 4378
f 4382 4381 4310
f 4352 4382 4337
f 4338 4327 4383
f 4311 4383 4327
f 4302 4341 4400
f 4384 4400 4341
f 4385 4356 4324
f 4325 4385 4324
f 4376 4307 4344
f 4393 4392 4367
f 4266 4360 4426
f 4361 4346 4429
f 4371 4347 4372
f 4378 4348 4349
f 4396 4378 4309
f 4309 4350 4396
f 4351 4336 4380
f 4374 4380 4336
f 4285 4381 4374
f 4352 4338 4383
f 4363 4390 4330
f 4400 4321 4302
f 4323 4433 4384
f 4357 4325 4342
f 4365 4315 4424
f 4404 4403 4366
f 4409 4404 4343
f 4344 4377 4376
f 4387 4367 4359
f 4359 4266 4387
f 4368 4298 4459
f 4298 4369 4394
f 4369 4361 4429
f 4346 4289 4370
f 4289 4371 4370
f 4372 4348 4378
f 4388 4396 4350
f 4389 4388 4373
f 4379 4373 4351
f 4351 4380 4379
f 4414 4353 4312
f 4407 4339 4340
f 4321 4390 4363
f 4325 4357 4386
f 4423 4331 4358
f 4332 4365 4424
f 4315 4333 4402
f 4333 4366 4403
f 4409 4306 4375
f 4344 4392 4377
f 4393 4367 4387
f 4427 4360 4345
f 4394 4369 4429
f 4411 4370 4371
f 4371 4372 4411
f 4442 4500 4396
f 4379 4389 4373
f 4352 4383 4406
f 4383 4311 4413
f 4431 4398 4353
f 4414 4431 4353
f 4432 4407 4340
f 4340 4354 4432
f 4408 4323 4355
f 4364 4356 4391
f 4385 4391 4356
f 4358 4332 4423
f 4424 4315 4402
f 4403 4402 4333
f 4375 4376 4416
f 4394 4459 4298
f 4429 4346 4370
f 4378 4396 4395
f 4396 4388 4442
f 4374 4381 4397
f 4381 4382 4397
f 4406 4397 4382
f 4382 4352 4406
f 4420 4362 4330
f 4400 4384 4421
f 4433 4421 4384
f 4355 4364 4408
f 4391 4408 4364
f 4401 4391 4385
f 4385 4325 4401
f 4325 4386 4401
f 4422 4436 4357
f 4357 4331 4422
f 4449 4403 4404
f 4376 4405 4416
f 4376 4377 4405
f 4266 4426 4387
f 4427 4426 4360
f 4368 4427 4345
f 4441 4411 4372
f 4372 4378 4441
f 4395 4441 4378
f 4397 4412 4374
f 4398 4413 4311
f 4444 4418 4328
f 4328 4399 4444
f 4399 4362 4444
f 4330 4390 4420
f 4445 4420 4390
f 4400 4445 4321
f 4408 4434 4323
f 4436 4386 4357
f 4437 4449 4404
f 4425 4405 4377
f 4392 4393 4451
f 4393 4387 4410
f 4500 4395 4396
f 4380 4374 4412
f 4430 4412 4397
f 4383 4465 4406
f 4339 4407 4414
f 4418 4354 4328
f 4390 4321 4445
f 4433 4323 4434
f 4436 4447 4386
f 4415 4409 4375
f 4469 4415 4375
f 4375 4416 4469
f 4470 4425 4377
f 4377 4392 4470
f 4392 4451 4470
f 4459 4394 4428
f 4429 4499 4394
f 4453 4389 4379
f 4443 4453 4379
f 4379 4380 4443
f 4412 4443 4380
f 4417 4430 4397
f 4413 4398 4431
f 4414 4312 4339
f 4419 4444 4362
f 4362 4420 4419
f 4401 4386 4447
f 4423 4422 4331
f 4424 4423 4332
f 4415 4404 4409
f 4387 4426 4452
f 4499 4428 4394
f 4370 4411 4439
f 4440 4439 4411
f 4441 4440 4411
f 4460 4441 4395
f 4442 4388 4461
f 4388 4389 4461
f 4430 4417 4455
f 4397 4406 4417
f 4465 4417 4406
f 4465 4383 4487
f 4413 4487 4383
f 4431 4473 4413
f 4401 4435 4391
f 4424 4402 4448
f 4402 4403 4448
f 4403 4449 4448
f 4404 4415 4437
f 4452 4410 4387
f 4426 4427 4483
f 4438 4459 4428
f 4429 4370 4471
f 4471 4370 4439
f 4395 4500 4460
f 4412 4430 4454
f 4418 4432 4354
f 4456 4445 4400
f 4421 4456 4400
f 4408 4391 4457
f 4446 4435 4401
f 4467 4436 4422
f 4423 4424 4468
f 4458 4496 4416
f 4416 4405 4458
f 4450 4405 4425
f 4483 4452 4426
f 4515 4499 4429
f 4515 4429 4471
f 4454 4443 4412
f 4455 4454 4430
f 4473 4487 4413
f 4420 4445 4579
f 4466 4421 4433
f 4433 4434 4466
f 4457 4434 4408
f 4401 4447 4446
f 4422 4423 4467
f 4449 4437 4480
f 4504 4480 4437
f 4437 4415 4504
f 4469 4504 4415
f 4496 4469 4416
f 4425 4470 4450
f 4470 4451 4482
f 4451 4393 4497
f 4514 4483 4427
f 4427 4368 4514
f 4438 4428 4499
f 4439 4440 4484
f 4440 4441 4484
f 4441 4460 4485
f 4461 4389 4462
f 4389 4501 4462
f 4389 4453 4501
f 4453 4443 4463
f 4454 4463 4443
f 4486 4455 4417
f 4465 4486 4417
f 4418 4444 4475
f 4444 4419 4490
f 4419 4420 4490
f 4579 4491 4420
f 4476 4579 4445
f 4445 4456 4476
f 4421 4466 4538
f 4494 4457 4391
f 4435 4494 4391
f 4447 4436 4478
f 4436 4467 4478
f 4468 4467 4423
f 4448 4468 4424
f 4448 4449 4479
f 4449 4480 4479
f 4405 4450 4458
f 4482 4451 4497
f 4471 4439 4524
f 4484 4441 4485
f 4460 4500 4472
f 4463 4454 4464
f 4454 4455 4464
f 4548 4518 4407
f 4407 4432 4548
f 4474 4548 4432
f 4432 4418 4474
f 4475 4474 4418
f 4490 4475 4444
f 4491 4490 4420
f 4456 4421 4477
f 4421 4538 4477
f 4434 4457 4492
f 4468 4448 4582
f 4479 4582 4448
f 4470 4481 4450
f 4410 4497 4393
f 4498 4514 4368
f 4368 4459 4498
f 4459 4438 4498
f 4531 4498 4438
f 4484 4524 4439
f 4485 4460 4472
f 4453 4463 4501
f 4463 4464 4508
f 4464 4455 4486
f 4487 4509 4465
f 4473 4431 4502
f 4414 4407 4518
f 4477 4476 4456
f 4492 4538 4466
f 4466 4434 4492
f 4493 4492 4457
f 4494 4562 4457
f 4607 4494 4435
f 4446 4607 4435
f 4467 4468 4495
f 4482 4481 4470
f 4410 4452 4506
f 4452 4483 4506
f 4531 4438 4499
f 4442 4461 4525
f 4508 4535 4463
f 4509 4486 4465
f 4487 4473 4561
f 4536 4561 4473
f 4473 4502 4536
f 4431 4414 4488
f 4489 4488 4414
f 4414 4518 4489
f 4578 4475 4490
f 4493 4457 4562
f 4446 4447 4510
f 4478 4510 4447
f 4478 4467 4503
f 4495 4503 4467
f 4512 4495 4468
f 4479 4480 4520
f 4505 4504 4469
f 4469 4496 4505
f 4513 4458 4450
f 4497 4481 4482
f 4516 4471 4524
f 4524 4484 4507
f 4484 4485 4507
f 4485 4472 4533
f 4525 4500 4442
f 4461 4462 4525
f 4501 4463 4535
f 4464 4486 4517
f 4509 4487 4561
f 4488 4502 4431
f 4490 4491 4605
f 4539 4538 4492
f 4492 4493 4580
f 4607 4562 4494
f 4510 4478 4503
f 4582 4512 4468
f 4504 4520 4480
f 4504 4505 4521
f 4496 4458 4505
f 4522 4594 4497
f 4567 4522 4497
f 4410 4567 4497
f 4516 4515 4471
f 4507 4485 4533
f 4525 4472 4500
f 4526 4462 4501
f 4517 4508 4464
f 4486 4509 4517
f 4576 4517 4509
f 4537 4548 4474
f 4474 4475 4537
f 4578 4537 4475
f 4491 4579 4605
f 4579 4476 4527
f 4476 4477 4549
f 4607 4446 4519
f 4510 4519 4446
f 4503 4495 4511
f 4512 4511 4495
f 4521 4520 4504
f 4505 4458 4529
f 4513 4529 4458
f 4481 4513 4450
f 4481 4497 4594
f 4583 4567 4410
f 4410 4506 4583
f 4483 4583 4506
f 4542 9410 4523
f 4524 4507 4532
f 4533 4472 4545
f 4547 4560 4508
f 4508 4517 4547
f 4576 4509 4561
f 4489 4518 4592
f 4490 4605 4578
f 4549 4527 4476
f 4580 4539 4492
f 4528 4519 4510
f 4510 4503 4528
f 4511 4528 4503
f 4582 4479 4609
f 4479 4520 4609
f 4541 4513 4481
f 4594 4541 4481
f 9411 4585 4523
f 4530 4556 4514
f 4514 4498 4530
f 4531 4499 4543
f 4515 4543 4499
f 4516 4524 4544
f 4525 4545 4472
f 4535 4526 4501
f 4535 4508 4546
f 4679 4536 4502
f 4520 4521 4550
f 4521 4505 4551
f 4540 4551 4505
f 4505 4529 4540
f 4583 4483 4556
f 4483 4514 4556
f 4542 4555 9410
f 4585 4542 4523
f 4498 4531 4530
f 4531 4543 4573
f 4532 4544 4524
f 4533 4545 4590
f 4525 4462 4534
f 4526 4534 4462
f 4560 4546 4508
f 4576 4547 4517
f 4576 4561 4577
f 4680 4605 4579
f 4639 4549 4477
f 4538 4639 4477
f 4528 4511 4581
f 4551 4550 4521
f 4540 4529 4611
f 9411 9409 4598
f 4573 4530 4531
f 4543 4515 4557
f 4516 4557 4515
f 4532 4507 4558
f 4507 4533 4558
f 4590 4558 4533
f 4525 4534 4545
f 4559 4526 4535
f 4546 4559 4535
f 4636 4561 4536
f 4488 4679 4502
f 4665 4639 4538
f 4538 4539 4665
f 4606 4580 4493
f 4562 4607 4707
f 4519 4528 4563
f 4511 4564 4581
f 4511 4512 4564
f 4520 4550 4610
f 4529 4513 4565
f 4513 4541 4565
f 4566 4565 4541
f 4541 4594 4566
f 4624 4566 4594
f 4555 4542 9377
f 4542 4570 9377
f 4585 9411 4598
f 4598 9409 4571
f 4556 4530 4704
f 4557 4573 4543
f 4574 4557 4516
f 4516 4544 4574
f 4575 4574 4544
f 4544 4532 4575
f 4534 4526 4620
f 4559 4620 4526
f 4679 4488 4651
f 4593 4592 4518
f 4563 4607 4519
f 4581 4563 4528
f 4550 4551 4623
f 4551 4540 4611
f 4611 4529 4565
f 4567 4583 4595
f 4568 4597 4569
f 9376 9377 4570
f 4612 4570 4542
f 9419 4552 4614
f 4615 4614 4552
f 4599 4553 4554
f 4554 4588 4631
f 4600 4588 9454
f 4625 4572 4552
f 4552 9418 4625
f 4627 4555 4628
f 4555 9377 4628
f 4704 4653 4556
f 4532 4558 4575
f 4590 4634 4558
f 4545 4534 4650
f 4620 4650 4534
f 4559 4546 4663
f 4576 4635 4547
f 4576 4577 4635
f 4488 4489 4651
f 4592 4651 4489
f 4593 4518 4548
f 4548 4537 4664
f 4578 4605 4638
f 4539 4580 4606
f 4562 4707 4622
f 4581 4564 4608
f 4522 4567 4595
f 4583 4556 4653
f 4585 4612 4542
f 4613 4568 4586
f 9456 4553 4587
f 4553 4599 4587
f 4631 4599 4554
f 4631 4588 4617
f 4602 4704 4530
f 4530 4573 4602
f 4573 4557 4603
f 4557 4574 4604
f 4634 4575 4558
f 4591 4590 4545
f 4545 4650 4591
f 4663 4620 4559
f 4560 4547 4678
f 4635 4678 4547
f 4679 4636 4536
f 4621 4680 4579
f 4579 4527 4621
f 4527 4549 4681
f 4639 4681 4549
f 4606 4665 4539
f 4622 4606 4493
f 4493 4562 4622
f 4582 4740 4512
f 4609 4666 4582
f 4609 4520 4610
f 4596 4595 4583
f 4653 4596 4583
f 4657 4628 9377
f 4598 4642 4585
f 4613 4571 9409
f 4632 4617 4588
f 4600 4632 4588
f 4600 4601 4633
f 4602 4573 4619
f 4603 4619 4573
f 4603 4557 4604
f 4591 4634 4590
f 4678 4546 4560
f 4577 4561 4720
f 4636 4720 4561
f 4637 4664 4537
f 4537 4578 4637
f 4681 4621 4527
f 4564 4512 4740
f 4728 4610 4550
f 4623 4728 4550
f 4565 4641 4611
f 4652 4624 4594
f 4594 4522 4652
f 9421 4597 4626
f 4597 4584 4626
f 4584 9412 4626
f 4627 4656 9412
f 4670 9376 4671
f 4613 4586 4643
f 4586 4614 4644
f 4614 4615 4661
f 4645 4661 4615
f 4616 4587 4599
f 4631 4616 4599
f 4716 4633 4601
f 4601 4589 4716
f 4736 4704 4602
f 4604 4574 4649
f 4574 4575 4649
f 4575 4634 4691
f 4546 4678 4663
f 4548 4664 4593
f 4638 4637 4578
f 4607 4563 4707
f 4563 4581 4640
f 4608 4640 4581
f 4740 4582 4666
f 4641 4551 4611
f 4730 4641 4565
f 4565 4566 4730
f 4566 4624 4708
f 4522 4595 4652
f 4595 4596 4756
f 4656 4626 9412
f 4669 4656 4627
f 4629 4670 4659
f 9376 4612 4671
f 4612 4585 4642
f 4571 4613 4643
f 4643 4586 4644
f 4614 4661 4644
f 4672 4674 4587
f 4646 4587 4616
f 4632 4600 4633
f 4691 4649 4575
f 4634 4591 4692
f 4620 4766 4650
f 4718 4766 4620
f 4620 4663 4718
f 4635 4577 4720
f 4680 4638 4605
f 4665 4606 4706
f 4566 4708 4730
f 4572 4625 4654
f 4655 4654 4625
f 4668 9421 4626
f 4626 4656 4668
f 4627 4628 4669
f 4628 4657 4669
f 4658 4657 4629
f 4598 4660 4642
f 4713 4672 4587
f 4646 4713 4587
f 4703 4646 4616
f 4714 4703 4616
f 4616 4631 4714
f 4689 4714 4631
f 4631 4617 4689
f 4675 4617 4632
f 4647 4716 4589
f 4589 4618 4647
f 4648 4647 4618
f 4619 4676 4602
f 4603 4604 4662
f 4649 4677 4604
f 4692 4691 4634
f 4737 4591 4650
f 4678 4635 4719
f 4754 4640 4608
f 4610 4666 4609
f 4624 4709 4708
f 4596 4653 4667
f 4682 9420 4572
f 4654 4682 4572
f 4655 9421 4697
f 4668 4698 9421
f 4629 4659 4658
f 4685 4684 4659
f 4659 4670 4685
f 4686 4670 4671
f 4744 4671 4612
f 4761 4744 4612
f 4643 4710 4571
f 4700 4643 4644
f 9420 4702 4645
f 4732 4674 4672
f 4690 4689 4617
f 4675 4690 4617
f 4675 4632 4715
f 4633 4715 4632
f 4648 4630 4747
f 4673 4747 4630
f 4619 4603 4749
f 4662 4749 4603
f 4677 4662 4604
f 4750 4719 4635
f 4720 4750 4635
f 4592 4593 4722
f 4593 4664 4693
f 4694 4664 4637
f 4681 4770 4621
f 4606 4622 4726
f 4754 4753 4640
f 4754 4608 4564
f 4623 4551 4729
f 4641 4729 4551
f 4624 4652 4709
f 4595 4756 4652
f 4704 4667 4653
f 4654 4655 4697
f 9421 4698 4697
f 4683 4669 4657
f 4658 4683 4657
f 4658 4659 4684
f 4686 4671 4744
f 4642 4761 4612
f 4660 4598 4687
f 4598 4571 4710
f 4644 4661 4701
f 4645 4701 4661
f 4676 4736 4602
f 4718 4663 4738
f 4720 4636 4721
f 4651 4592 4722
f 4693 4722 4593
f 4694 4693 4664
f 4637 4638 4723
f 4724 4723 4638
f 4638 4680 4724
f 4770 4725 4621
f 4681 4639 4695
f 4849 4695 4639
f 4639 4665 4849
f 4706 4849 4665
f 4707 4563 4727
f 4563 4640 4727
f 4753 4727 4640
f 4790 4754 4564
f 4596 4667 4741
f 4668 4656 4742
f 4683 4758 4669
f 4743 4683 4658
f 4658 4684 4699
f 4686 4685 4670
f 4660 4761 4642
f 4598 4710 4687
f 4701 4645 4702
f 4713 4732 4672
f 4690 4675 4779
f 9458 9455 4731
f 4688 4731 9455
f 9455 4674 4688
f 4732 4688 4674
f 4713 4712 4732
f 4703 4713 4646
f 4747 4673 4748
f 4673 9458 4748
f 4676 4619 4749
f 4649 4691 4717
f 4737 4692 4591
f 4767 4738 4663
f 4663 4678 4767
f 4719 4768 4678
f 4705 4721 4636
f 4636 4679 4705
f 4679 4651 4705
f 4722 4705 4651
f 4637 4723 4694
f 4680 4621 4725
f 4695 4770 4681
f 4622 4707 4739
f 4652 4756 4812
f 4741 4756 4596
f 9420 4682 4696
f 4711 4682 4654
f 4654 4697 4711
f 4698 9451 4697
f 4698 4668 4742
f 4758 4742 4656
f 4656 4669 4758
f 4658 4699 4743
f 4685 4699 4684
f 4774 4710 4643
f 4700 4774 4643
f 4701 4700 4644
f 4702 9420 4696
f 4715 4633 4765
f 4633 4716 4765
f 4704 4736 4846
f 4649 4805 4677
f 4717 4691 4785
f 4680 4725 4724
f 4606 4789 4706
f 4622 4739 4726
f 4707 4727 4752
f 4728 4666 4610
f 4697 9451 4711
f 4762 4711 9451
f 4743 4699 9442
f 4761 4660 4838
f 4687 4795 4660
f 4702 4776 4701
f 9458 4731 4778
f 4688 4732 4746
f 4703 4714 4734
f 4690 4735 4689
f 4716 4647 4780
f 4782 4647 4648
f 4717 4805 4649
f 4650 4766 4737
f 4768 4767 4678
f 4750 4769 4719
f 4694 4723 4751
f 4849 4706 4789
f 4606 4726 4789
f 4752 4739 4707
f 4811 4728 4623
f 4862 4811 4623
f 4729 4641 4755
f 4641 4730 4772
f 4708 4709 4863
f 4709 4652 4879
f 4742 4757 4698
f 4742 4758 4835
f 4699 4685 4763
f 4685 4686 4793
f 4731 4688 4745
f 4712 4713 4733
f 4804 4733 4713
f 4713 4703 4804
f 4799 4734 4714
f 4735 4799 4714
f 4818 4735 4690
f 4675 4715 4819
f 4782 4648 4821
f 4648 4747 4821
f 4736 4676 4784
f 4749 4784 4676
f 4719 4769 4768
f 4720 4721 4788
f 4695 4849 4832
f 4790 4564 4771
f 4740 4666 4791
f 4810 4666 4728
f 4811 4810 4728
f 4623 4729 4862
f 4729 4755 4862
f 4812 4879 4652
f 4812 4756 4741
f 4743 4759 4683
f 4760 4793 4686
f 4686 4744 4760
f 4660 4795 4838
f 4796 4795 4687
f 4687 4710 4840
f 4775 4774 4700
f 4700 4701 4775
f 4776 4775 4701
f 4814 4696 4682
f 4777 4814 4682
f 4682 4711 4777
f 4778 4731 4745
f 4802 4745 4688
f 4746 4802 4688
f 4746 4732 4803
f 4732 4712 4803
f 4798 4804 4703
f 4703 4734 4798
f 4818 4800 4735
f 4819 4715 4820
f 4765 4820 4715
f 4781 4780 4647
f 4782 4781 4647
f 4884 4821 4747
f 4846 4667 4704
f 4692 4737 4786
f 4787 4828 4766
f 4766 4718 4787
f 4738 4787 4718
f 4788 4750 4720
f 4705 4722 4848
f 4722 4693 4831
f 4860 4693 4694
f 4809 4724 4725
f 4695 4897 4770
f 4564 4740 4771
f 4791 4771 4740
f 4791 4666 4810
f 4772 4755 4641
f 4834 4772 4730
f 4730 4708 4834
f 4863 4834 4708
f 4879 4863 4709
f 4741 4667 4773
f 4758 4683 4759
f 4759 4743 9444
f 4763 4792 4699
f 4744 4761 4794
f 4840 4796 4687
f 4774 4841 4710
f 4797 4702 4696
f 4711 4762 4777
f 4802 4746 4803
f 9435 4764 4804
f 4804 4798 9435
f 4799 4798 4734
f 4800 4799 4735
f 4779 4818 4690
f 4779 4675 4819
f 4716 4780 4765
f 4884 4747 4748
f 4662 4677 4805
f 4786 4785 4691
f 4691 4692 4786
f 4737 4766 4806
f 4738 4767 4787
f 4769 4750 4808
f 4721 4705 4848
f 4722 4831 4848
f 4860 4831 4693
f 4832 4897 4695
f 4752 4727 4851
f 4790 4727 4753
f 4753 4754 4790
f 4773 4812 4741
f 4816 4757 4742
f 4835 4816 4742
f 4759 4835 4758
f 4763 4793 4864
f 4838 4794 4761
f 4841 4774 4946
f 4797 4776 4702
f 4814 4797 4696
f 4822 4803 4712
f 4733 4822 4712
f 4799 4800 4858
f 4779 4819 4801
f 4884 4748 4885
f 4778 4855 4783
f 4667 4846 4844
f 4846 4736 4847
f 4784 4847 4736
f 4662 4825 4749
f 4805 4717 4827
f 4912 4787 4767
f 4767 4768 4912
f 4808 4807 4769
f 4750 4788 4808
f 4694 4751 4860
f 4726 4739 4850
f 4739 4752 4850
f 4727 4790 4851
f 4876 4790 4771
f 4772 4834 4899
f 4773 4667 4844
f 4760 4836 4793
f 4840 4710 4841
f 4946 4774 4842
f 4889 4814 4777
f 4816 9441 4757
f 4778 4745 4870
f 4872 4871 4745
f 4745 4802 4872
f 4856 4802 4803
f 4822 4856 4803
f 4804 4822 4733
f 4858 4800 4817
f 4817 4800 4818
f 4818 4779 4801
f 4820 4765 4869
f 4780 4869 4765
f 4748 4783 4885
f 4783 4855 4905
f 4870 4855 4778
f 4784 4749 4825
f 4826 4825 4662
f 4805 4826 4662
f 4785 4786 4909
f 4912 4768 4829
f 4874 4829 4768
f 4768 4769 4874
f 4807 4874 4769
f 4808 4788 4830
f 4721 4830 4788
f 4721 4848 4915
f 4751 4723 4896
f 4723 4724 4896
f 4979 4896 4724
f 4724 4809 4979
f 4861 4850 4752
f 4861 4752 4851
f 4876 4851 4790
f 4877 4876 4771
f 4771 4791 4877
f 4811 4862 4852
f 4755 4772 4980
f 9441 4816 4815
f 9449 4835 4759
f 4792 4763 4881
f 4836 4864 4793
f 4744 4794 4837
f 4839 4838 4795
f 4853 4839 4795
f 4795 4796 4853
f 4840 4853 4796
f 4775 4842 4774
f 4775 4776 4854
f 4776 4797 4854
f 4843 4854 4797
f 4797 4814 4843
f 4798 4799 9439
f 4858 9439 4799
f 4801 9382 4818
f 4819 4820 4902
f 4780 4781 4932
f 4905 4885 4783
f 4871 4870 4745
f 4872 4802 4890
f 4802 4856 4890
f 4822 4804 4823
f 4764 4823 4804
f 4844 4846 4845
f 4826 4805 4827
f 4827 4717 4785
f 4974 4909 4786
f 4910 4974 4786
f 4786 4737 4910
f 4737 4806 4910
f 4721 4915 4830
f 4848 4831 4859
f 4725 4770 4916
f 4770 4897 4916
f 4849 4789 4917
f 4791 4810 4833
f 4811 4833 4810
f 4763 4864 4881
f 4837 4760 4744
f 4838 4865 4794
f 4946 4928 4841
f 4854 4842 4775
f 9447 4815 4816
f 4835 9447 4816
f 4835 9449 9447
f 4819 4931 4801
f 4869 4904 4820
f 4821 4932 4782
f 4857 4856 4822
f 4822 4823 4857
f 4888 4823 4764
f 9431 4888 4764
f 4764 4824 9431
f 9432 9431 4824
f 4828 4806 4766
f 4912 4911 4787
f 4874 4807 4875
f 4894 4859 4831
f 4850 4789 4726
f 4957 4899 4834
f 4812 4773 4920
f 4844 4880 4773
f 4881 4925 4792
f 4865 4837 4794
f 4838 4839 4883
f 4853 4883 4839
f 4866 4853 4840
f 4840 4841 4866
f 4928 4866 4841
f 4844 4845 4891
f 4847 4845 4846
f 4827 4785 4892
f 4828 4787 4893
f 4911 4893 4787
f 4807 4808 4914
f 4830 4914 4808
f 4859 4915 4848
f 4895 4894 4831
f 4831 4860 4895
f 4916 4809 4725
f 4791 4833 4877
f 4862 5049 4852
f 4862 4755 4878
f 4919 4878 4755
f 4899 4980 4772
f 4834 4863 4957
f 4863 4879 5050
f 4920 4958 4812
f 4880 4920 4773
f 4880 4844 4891
f 4836 4760 4986
f 4760 4882 4986
f 4760 4837 4882
f 4865 4838 4883
f 4843 4921 4854
f 4889 4942 4843
f 4867 9443 4922
f 4868 4922 9443
f 9382 4801 4931
f 4902 4931 4819
f 4904 4902 4820
f 4962 4869 4780
f 4780 4932 4962
f 4781 4782 4932
f 4905 4855 4934
f 4870 4934 4855
f 4870 4871 4906
f 4871 4872 4907
f 4890 4873 4872
f 4784 4825 4948
f 4826 4948 4825
f 4826 4827 4908
f 4892 4908 4827
f 4892 4785 4909
f 4829 4874 4913
f 4830 4915 4996
f 4860 4751 4953
f 4916 4998 4809
f 4917 4789 5064
f 4955 5064 4789
f 4789 4850 4955
f 4898 4955 4850
f 4876 4877 4941
f 4918 5001 4833
f 4833 4811 4918
f 4811 4852 4918
f 5049 4918 4852
f 4878 5049 4862
f 4957 4863 5050
f 5004 4881 4864
f 4836 5004 4864
f 4837 4865 4882
f 4865 4883 4926
f 4946 4842 4961
f 4842 4854 4947
f 4854 4921 4947
f 4843 4942 4921
f 4889 4900 4942
f 4982 4900 4867
f 4867 4922 4982
f 4901 4923 9446
f 4932 4821 4963
f 4821 4884 4963
f 4903 4963 4884
f 4871 4907 4906
f 4872 4873 4907
f 9430 4907 4873
f 4886 4890 4856
f 4948 4826 4908
f 4893 4806 4828
f 4912 4829 4975
f 4874 4875 4913
f 4996 4952 4830
f 4953 4895 4860
f 4751 4896 4953
f 4861 4851 4939
f 4940 4851 4876
f 4941 4940 4876
f 5000 4877 4833
f 4980 4919 4755
f 4958 5050 4879
f 4879 4812 4958
f 5004 4836 5005
f 4836 4986 5005
f 4882 4865 4926
f 4902 4904 4967
f 4869 4962 4904
f 4885 4903 4884
f 4934 4870 4935
f 4870 4906 4935
f 4929 4907 9430
f 4887 4890 4886
f 4823 4888 4936
f 4858 4817 4966
f 4922 4868 4983
f 4868 9446 5051
f 4873 4890 9434
f 4972 4891 4845
f 4950 4910 4806
f 4893 4950 4806
f 4911 4912 4975
f 4913 4975 4829
f 4875 4807 4977
f 4914 4977 4807
f 4952 4914 4830
f 4915 4859 4997
f 5043 4997 4859
f 4859 4894 5043
f 4896 4979 4954
f 4916 4897 5028
f 4938 4898 4850
f 4850 4861 4938
f 4861 4939 4938
f 5001 5000 4833
f 5013 4958 4920
f 4945 4925 4881
f 4881 5004 4945
f 4927 4883 4853
f 5017 4927 4853
f 4853 4866 5017
f 4961 4947 4988
f 4981 4942 4900
f 4982 4981 4900
f 4959 4983 4868
f 5051 4959 4868
f 9446 4923 4960
f 4991 4931 4902
f 4903 4885 4905
f 4934 4933 4905
f 4935 4933 4934
f 9433 4929 9430
f 4890 4887 9434
f 4858 4966 9439
f 4990 9383 4817
f 4817 9382 4990
f 9382 4931 4990
f 4902 4967 4991
f 4935 4906 4989
f 4906 4907 4969
f 4970 4969 4907
f 4907 4929 4970
f 4847 4784 5088
f 4948 4908 4992
f 4937 4992 4908
f 4908 4892 4937
f 4949 4937 4892
f 4892 4909 4949
f 4909 4974 4949
f 4974 4910 4950
f 4893 4911 4995
f 4913 4875 4977
f 4951 4978 4914
f 4914 4952 4951
f 4997 4996 4915
f 4894 4895 5043
f 4954 4953 4896
f 4998 4916 5028
f 4832 4849 5099
f 4849 4917 5099
f 5064 5099 4917
f 4940 4939 4851
f 5048 4941 4877
f 4877 5000 5048
f 5049 4878 4956
f 4957 4980 4899
f 4920 4880 5013
f 4921 4942 5003
f 4983 4982 4922
f 5051 9446 4960
f 4943 4960 4923
f 4923 4901 4943
f 4901 4924 4943
f 4944 4943 4924
f 4924 4925 4944
f 4925 4945 4944
f 4882 4926 5053
f 5016 4926 4883
f 4866 4928 5017
f 4928 4946 4987
f 4970 4929 4971
f 4930 4971 4929
f 4991 5008 4931
f 5072 4967 4904
f 5009 4962 4932
f 4933 4903 4905
f 9437 9434 4887
f 4887 4936 9437
f 4845 4847 4972
f 4937 4949 5024
f 4995 5010 4893
f 4975 4995 4911
f 4976 4975 4913
f 4913 4977 4976
f 4977 4914 4978
f 5045 4895 4953
f 4998 4979 4809
f 5099 5063 4832
f 4999 4940 4941
f 4941 5048 4999
f 4919 4956 4878
f 4981 5003 4942
f 4960 4943 9369
f 4985 9369 4943
f 4943 4944 4985
f 5005 4986 5069
f 4986 4882 5053
f 5053 4926 5006
f 4961 5055 4946
f 5014 4988 4947
f 4947 4921 5014
f 5088 4972 4847
f 4948 5088 4784
f 4948 4992 4973
f 4937 5024 4993
f 4994 5024 4949
f 4949 4974 4994
f 5025 4974 4950
f 5010 5025 4950
f 4950 4893 5010
f 4955 4898 5046
f 4980 5066 4919
f 4980 4957 5002
f 4957 5050 5002
f 4891 5124 4880
f 4983 4959 4984
f 4960 9369 5051
f 5016 5006 4926
f 4987 4946 5055
f 4988 5055 4961
f 5008 4990 4931
f 5073 5072 4904
f 4904 4962 5073
f 4962 5009 5073
f 4932 4963 5037
f 4963 4903 5037
f 4933 4935 4968
f 4969 4989 4906
f 4990 4966 9383
f 5009 4932 5037
f 5019 4969 4970
f 5020 5085 4971
f 4971 4930 5020
f 5021 5020 4930
f 4930 4964 5021
f 5022 5021 4964
f 4891 4972 5124
f 4993 4992 4937
f 5025 4994 4974
f 5011 4995 4975
f 4975 4976 5011
f 4976 4977 5042
f 4977 4978 5061
f 5043 4895 5027
f 4895 5044 5027
f 4953 4954 5045
f 5126 4954 4979
f 4979 4998 5126
f 4897 4832 5063
f 5064 4955 5046
f 4939 4940 5047
f 5029 5047 4940
f 4999 5029 4940
f 5000 5001 5144
f 4918 5049 5065
f 4956 4919 5066
f 5012 5066 4980
f 5081 5002 5050
f 4880 5124 5013
f 5003 4981 5015
f 5052 5031 4985
f 4985 4944 5052
f 4944 4945 5052
f 5068 5052 4945
f 5004 5068 4945
f 5069 4986 5053
f 4883 4927 5016
f 5017 4928 5054
f 4928 4987 5054
f 4989 5018 4968
f 4969 5018 4989
f 5085 5019 4970
f 4970 4971 5085
f 4965 9439 5122
f 9439 4966 5122
f 4966 4990 5007
f 4990 5008 5071
f 5008 4991 5035
f 4991 4967 5036
f 4973 5108 4948
f 4995 5011 5040
f 5042 5011 4976
f 5061 5042 4977
f 4951 4952 5026
f 4952 4996 5026
f 5062 5026 4996
f 4996 4997 5062
f 5078 5062 4997
f 5043 5078 4997
f 5045 5044 4895
f 5028 4897 5063
f 4898 4938 5201
f 4939 5201 4938
f 5000 5080 5048
f 5065 5100 4918
f 5002 5012 4980
f 5004 5005 5084
f 5069 5084 5005
f 5019 5033 4969
f 5021 5022 5070
f 5034 4965 5137
f 5122 5137 4965
f 5122 4966 5058
f 5007 5058 4966
f 5008 5035 5071
f 5023 5037 4903
f 5086 5023 4903
f 4903 4933 5086
f 4933 4968 5140
f 5088 4948 5108
f 4973 4992 5038
f 4992 4993 5038
f 4993 5024 5059
f 5039 5025 5010
f 5010 4995 5039
f 5040 5039 4995
f 5040 5011 5041
f 5111 4978 4951
f 5026 5111 4951
f 5046 5289 5064
f 5201 5186 4898
f 5050 4958 5130
f 5102 5130 4958
f 4958 5013 5102
f 5003 5056 5014
f 5030 4981 4982
f 4982 4983 5030
f 4983 4984 5030
f 4984 4959 5082
f 5016 5134 5006
f 5055 4988 5056
f 4988 5014 5056
f 5018 4969 5032
f 4969 5033 5032
f 5119 5020 5021
f 5057 5070 5022
f 5034 5057 5022
f 5071 5138 4990
f 5140 5086 4933
f 5108 4973 5089
f 5038 5089 4973
f 5059 5038 4993
f 4994 5059 5024
f 4994 5025 5060
f 5025 5039 5060
f 5077 5076 5040
f 5041 5077 5040
f 5042 5041 5011
f 5061 4978 5094
f 5142 5043 5027
f 5098 5126 4998
f 5028 5169 4998
f 5063 5143 5028
f 5186 5046 4898
f 5047 5127 4939
f 5127 5047 5029
f 5029 4999 5128
f 5080 5128 4999
f 5048 5080 4999
f 5144 5001 5100
f 5001 4918 5100
f 5012 5002 5067
f 5051 5083 4959
f 5084 5068 5004
f 5114 5069 5053
f 5053 5006 5115
f 5134 5115 5006
f 5054 5178 5017
f 5140 4968 5018
f 5021 5070 5119
f 5057 5034 5120
f 5137 5120 5034
f 5138 5007 4990
f 4991 5036 5035
f 5253 5154 5009
f 5107 5253 5009
f 5009 5037 5107
f 5023 5107 5037
f 5087 5124 4972
f 5074 5091 5059
f 5075 5074 4994
f 4994 5060 5075
f 5039 5040 5076
f 5042 5061 5093
f 5062 5125 5026
f 5112 5062 5078
f 5142 5078 5043
f 5027 5044 5167
f 5044 5045 5167
f 5079 5097 5045
f 5045 4954 5079
f 5169 5098 4998
f 5274 5289 5046
f 5049 4956 5065
f 5202 5065 4956
f 5129 5202 4956
f 5066 5129 4956
f 5081 5050 5130
f 5172 5102 5013
f 5124 5172 5013
f 5083 5082 4959
f 5103 5083 5051
f 5052 5068 5147
f 5177 5114 5053
f 5115 5177 5053
f 5178 4927 5017
f 4987 5055 5117
f 5120 5179 5057
f 5182 5072 5073
f 5107 5023 5226
f 5086 5140 5139
f 4972 5088 5195
f 5038 5059 5090
f 5091 5090 5059
f 5059 4994 5074
f 5060 5039 5075
f 5076 5075 5039
f 5093 5041 5042
f 5093 5061 5094
f 5094 4978 5095
f 4978 5111 5095
f 5111 5026 5125
f 5096 5125 5062
f 5112 5096 5062
f 4954 5126 5079
f 5143 5169 5028
f 5099 5064 5113
f 5289 5113 5064
f 5186 5274 5046
f 5158 4939 5127
f 5066 5012 5101
f 5012 5067 5101
f 5067 5002 5081
f 5189 5056 5003
f 5003 5015 5189
f 5030 4984 5146
f 4984 5082 5146
f 5147 5068 5148
f 5068 5084 5148
f 5114 5084 5069
f 5105 5134 5016
f 5016 4927 5105
f 5178 5105 4927
f 5056 5117 5055
f 5032 5033 5118
f 5160 5085 5020
f 5070 5057 5136
f 5071 5035 5138
f 5209 5036 4967
f 4967 5072 5209
f 5154 5182 5073
f 5073 5009 5154
f 5210 5023 5086
f 5110 5075 5076
f 5092 5110 5076
f 5076 5077 5092
f 5077 5041 5092
f 5156 5092 5041
f 5093 5156 5041
f 5112 5078 5215
f 5078 5142 5215
f 5097 5167 5045
f 5158 5201 4939
f 5080 5000 5144
f 5100 5187 5144
f 5101 5129 5066
f 5130 5102 5248
f 5103 5031 5104
f 5031 5052 5104
f 5140 5018 5212
f 5018 5032 5151
f 5019 5085 5160
f 5136 5057 5179
f 5137 5122 5121
f 5007 5138 5123
f 5182 5209 5072
f 5210 5226 5023
f 5139 5210 5086
f 5195 5087 4972
f 5108 5195 5088
f 5090 5163 5038
f 5141 5090 5091
f 5074 5141 5091
f 5109 5074 5075
f 5110 5109 5075
f 5098 5169 5313
f 5144 5170 5080
f 5065 5237 5100
f 5202 5237 5065
f 5145 5129 5101
f 5015 4981 5132
f 4981 5030 5133
f 5104 5083 5103
f 5052 5147 5191
f 5054 4987 5116
f 5117 5116 4987
f 5131 5117 5056
f 5224 5151 5032
f 5118 5224 5032
f 5135 5033 5019
f 5160 5135 5019
f 5138 5035 5036
f 5089 5038 5163
f 5074 5109 5141
f 5164 5109 5110
f 5110 5092 5164
f 5095 5111 5166
f 5125 5166 5111
f 5096 5157 5125
f 5063 5099 5235
f 5246 5127 5029
f 5128 5246 5029
f 5144 5187 5236
f 5171 5081 5130
f 5172 5248 5102
f 5056 5189 5131
f 5132 5189 5015
f 5133 5132 4981
f 5082 5083 5203
f 5104 5052 5191
f 5148 5084 5149
f 5176 5149 5084
f 5084 5114 5176
f 5343 5177 5115
f 5134 5343 5115
f 5178 5054 5239
f 5131 5150 5117
f 5151 5212 5018
f 5118 5033 5205
f 5033 5135 5205
f 5160 5119 5136
f 5121 5122 5106
f 5153 5138 5036
f 5089 5162 5108
f 5183 5196 5090
f 5090 5141 5183
f 5155 5141 5109
f 5109 5164 5155
f 5164 5092 5213
f 5198 5213 5092
f 5156 5093 5185
f 5093 5094 5185
f 5094 5095 5166
f 5157 5166 5125
f 5097 5079 5168
f 5234 5126 5098
f 5098 5313 5234
f 5113 5235 5099
f 5236 5170 5144
f 5188 5171 5130
f 5130 5248 5188
f 5228 5172 5124
f 5087 5228 5124
f 5173 5083 5104
f 5148 5149 5174
f 5116 5239 5054
f 5224 5227 5151
f 5205 5224 5118
f 5120 5137 5207
f 5121 5207 5137
f 5123 5138 5181
f 5139 5140 5211
f 5266 5211 5140
f 5140 5212 5266
f 5194 5087 5195
f 5162 5195 5108
f 5163 5162 5089
f 5163 5090 5196
f 5184 5183 5141
f 5155 5184 5141
f 5092 5156 5198
f 5165 5198 5156
f 5235 5200 5063
f 5246 5158 5127
f 5247 5145 5101
f 5101 5067 5247
f 5218 5247 5067
f 5067 5081 5218
f 5171 5218 5081
f 5030 5146 5221
f 5190 5221 5146
f 5146 5082 5190
f 5203 5190 5082
f 5191 5173 5104
f 5191 5147 5250
f 5222 5250 5147
f 5147 5148 5222
f 5238 5222 5148
f 5148 5174 5238
f 5175 5174 5149
f 5149 5176 5175
f 5159 5343 5134
f 5134 5105 5159
f 5116 5117 5240
f 5117 5150 5240
f 5160 5193 5135
f 5106 5123 5180
f 5153 5181 5138
f 5226 5253 5107
f 5155 5164 5197
f 5185 5165 5156
f 5214 5185 5094
f 5094 5166 5214
f 5167 5142 5027
f 5217 5097 5168
f 5170 5246 5128
f 5128 5080 5170
f 5189 5132 5220
f 5221 5133 5030
f 5083 5173 5203
f 5176 5114 5305
f 5192 5305 5114
f 5177 5192 5114
f 5105 5178 5259
f 5204 5259 5178
f 5135 5193 5205
f 5160 5152 5193
f 5206 5161 5179
f 5121 5106 5281
f 5208 5281 5106
f 5180 5208 5106
f 5163 5196 5283
f 5232 5214 5166
f 5166 5157 5233
f 5215 5256 5112
f 5215 5142 5216
f 5167 5097 5217
f 5079 5126 5288
f 5143 5063 5200
f 5201 5245 5186
f 5237 5187 5100
f 5129 5145 5202
f 5218 5277 5247
f 5219 5218 5171
f 5171 5188 5219
f 5228 5302 5172
f 5131 5189 5260
f 5305 5175 5176
f 5239 5204 5178
f 5260 5150 5131
f 5227 5212 5151
f 5161 5193 5152
f 5207 5206 5179
f 5179 5120 5207
f 5207 5121 5281
f 5210 5139 5211
f 5195 5162 5242
f 5267 5242 5162
f 5162 5163 5267
f 5163 5283 5267
f 5196 5183 5243
f 5184 5155 5269
f 5229 5197 5164
f 5164 5213 5230
f 5198 5270 5213
f 5165 5185 5231
f 5185 5199 5231
f 5185 5214 5199
f 5233 5232 5166
f 5244 5233 5157
f 5157 5096 5244
f 5142 5167 5216
f 5234 5288 5126
f 5201 5158 5275
f 5219 5188 5292
f 5188 5248 5292
f 5133 5220 5132
f 5173 5191 5250
f 5259 5159 5105
f 5150 5260 5240
f 5154 5321 5182
f 5306 5228 5087
f 5087 5194 5306
f 5242 5241 5195
f 5184 5268 5183
f 5155 5197 5269
f 5230 5229 5164
f 5198 5165 5270
f 5310 5270 5165
f 5165 5231 5310
f 5231 5199 5271
f 5328 5216 5167
f 5288 5168 5079
f 5169 5143 5314
f 5290 5245 5201
f 5170 5236 5356
f 5236 5187 5291
f 5258 5202 5145
f 5247 5258 5145
f 5278 5248 5172
f 5249 5190 5203
f 5173 5249 5203
f 5192 5177 5343
f 5227 5251 5212
f 5227 5224 5223
f 5224 5205 5261
f 5193 5261 5205
f 5193 5161 5262
f 5161 5206 5262
f 5281 5264 5207
f 5181 5153 5225
f 5348 5153 5036
f 5036 5209 5348
f 5209 5182 5282
f 5251 5266 5212
f 5194 5195 5241
f 5196 5307 5283
f 5243 5183 5268
f 5184 5269 5268
f 5270 5230 5213
f 5272 5271 5199
f 5199 5214 5272
f 5214 5232 5272
f 5096 5112 5244
f 5256 5244 5112
f 5287 5256 5215
f 5216 5287 5215
f 5167 5217 5328
f 5314 5313 5169
f 5235 5113 5332
f 5113 5289 5301
f 5245 5274 5186
f 5201 5275 5290
f 5257 5237 5202
f 5258 5257 5202
f 5219 5277 5218
f 5172 5302 5278
f 5220 5260 5189
f 5220 5133 5316
f 5250 5249 5173
f 5342 5175 5305
f 5279 5204 5239
f 5239 5116 5294
f 5240 5294 5116
f 5345 5251 5227
f 5223 5345 5227
f 5180 5123 5252
f 5181 5252 5123
f 5348 5225 5153
f 5282 5348 5209
f 5321 5282 5182
f 5361 5321 5154
f 5306 5302 5228
f 5194 5241 5306
f 5243 5307 5196
f 5229 5269 5197
f 5271 5310 5231
f 5232 5233 5255
f 5244 5255 5233
f 5200 5314 5143
f 5235 5331 5200
f 5158 5246 5366
f 5291 5356 5236
f 5257 5187 5237
f 5247 5277 5315
f 5248 5278 5337
f 5340 5260 5220
f 5317 5316 5133
f 5133 5221 5317
f 5221 5190 5293
f 5249 5293 5190
f 5174 5175 5304
f 5305 5192 5428
f 5294 5280 5239
f 5294 5240 5319
f 5382 5261 5193
f 5262 5382 5193
f 5262 5206 5263
f 5206 5207 5263
f 5264 5263 5207
f 5252 5281 5208
f 5208 5180 5252
f 5253 5361 5154
f 5268 5269 5284
f 5229 5230 5254
f 5230 5270 5254
f 5272 5311 5271
f 5255 5272 5232
f 5255 5244 5286
f 5244 5256 5286
f 5391 5328 5217
f 5275 5158 5366
f 5246 5355 5366
f 5246 5170 5276
f 5315 5258 5247
f 5277 5219 5335
f 5337 5292 5248
f 5316 5340 5220
f 5249 5250 5303
f 5174 5304 5238
f 5342 5304 5175
f 5280 5279 5239
f 5264 5281 5296
f 5281 5252 5297
f 5252 5181 5347
f 5181 5225 5400
f 5253 5226 5265
f 5362 5265 5226
f 5226 5210 5362
f 5211 5266 5298
f 5351 5243 5268
f 5272 5255 5300
f 5286 5256 5273
f 5287 5273 5256
f 5216 5328 5287
f 5288 5234 5330
f 5314 5200 5331
f 5301 5332 5113
f 5246 5276 5355
f 5257 5291 5187
f 5336 5335 5219
f 5219 5292 5336
f 5337 5278 5425
f 5293 5317 5221
f 5250 5222 5303
f 5240 5260 5319
f 5223 5224 5360
f 5261 5360 5224
f 5263 5382 5262
f 5263 5264 5346
f 5400 5347 5181
f 5266 5251 5295
f 5242 5267 5349
f 5307 5349 5267
f 5283 5307 5267
f 5268 5284 5351
f 5299 5284 5269
f 5269 5229 5299
f 5229 5254 5308
f 5254 5270 5309
f 5310 5271 5324
f 5311 5324 5271
f 5311 5272 5325
f 5300 5325 5272
f 5285 5300 5255
f 5255 5286 5285
f 5217 5168 5391
f 5168 5288 5329
f 5315 5277 5334
f 5335 5334 5277
f 5278 5302 5425
f 5302 5306 5338
f 5379 5293 5249
f 5303 5379 5249
f 5341 5303 5222
f 5222 5238 5341
f 5281 5297 5296
f 5282 5321 5402
f 5210 5211 5362
f 5465 5362 5211
f 5211 5298 5465
f 5266 5295 5298
f 5307 5243 5350
f 5243 5351 5350
f 5308 5299 5229
f 5308 5254 5352
f 5310 5309 5270
f 5327 5273 5287
f 5330 5329 5288
f 5313 5330 5234
f 5291 5257 5358
f 5292 5337 5336
f 5338 5425 5302
f 5260 5340 5339
f 5318 5317 5293
f 5304 5341 5238
f 5159 5259 5344
f 5259 5204 5279
f 5319 5260 5339
f 5320 5360 5261
f 5382 5320 5261
f 5400 5225 5385
f 5225 5348 5385
f 5361 5253 5403
f 5265 5403 5253
f 5322 5306 5241
f 5242 5369 5241
f 5254 5309 5352
f 5312 5325 5300
f 5326 5312 5300
f 5300 5285 5326
f 5354 5285 5286
f 5286 5273 5354
f 5329 5391 5168
f 5274 5245 5455
f 5356 5276 5170
f 5334 5333 5315
f 5316 5317 5368
f 5379 5318 5293
f 5428 5342 5305
f 5192 5343 5428
f 5259 5279 5344
f 5279 5280 5446
f 5295 5251 5359
f 5345 5359 5251
f 5223 5360 5345
f 5346 5264 5384
f 5296 5384 5264
f 5296 5297 5464
f 5322 5338 5306
f 5369 5322 5241
f 5370 5284 5299
f 5352 5370 5299
f 5299 5308 5352
f 5323 5363 5309
f 5309 5310 5323
f 5310 5324 5323
f 5324 5311 5371
f 5325 5371 5311
f 5374 5354 5273
f 5273 5327 5374
f 5328 5327 5287
f 5392 5330 5313
f 5376 5392 5313
f 5313 5314 5376
f 5331 5376 5314
f 5331 5235 5421
f 5332 5421 5235
f 5455 5422 5289
f 5289 5274 5455
f 5290 5275 5393
f 5356 5291 5439
f 5424 5358 5257
f 5258 5424 5257
f 5258 5315 5333
f 5340 5316 5378
f 5368 5378 5316
f 5317 5318 5368
f 5380 5379 5303
f 5303 5341 5380
f 5294 5446 5280
f 5447 5294 5319
f 5295 5359 5397
f 5346 5383 5382
f 5382 5263 5346
f 5464 5384 5296
f 5361 5402 5321
f 5265 5362 5477
f 5298 5295 5397
f 5349 5369 5242
f 5370 5405 5284
f 5363 5352 5309
f 5323 5324 5371
f 5325 5312 5364
f 5312 5326 5364
f 5353 5364 5326
f 5326 5285 5353
f 5354 5353 5285
f 5365 5454 5331
f 5301 5289 5422
f 5366 5355 5411
f 5333 5424 5258
f 5334 5335 5395
f 5335 5336 5395
f 5337 5458 5336
f 5378 5339 5340
f 5341 5304 5427
f 5381 5304 5342
f 5428 5381 5342
f 5428 5343 5445
f 5343 5159 5462
f 5159 5344 5462
f 5447 5319 5339
f 5345 5360 5359
f 5413 5464 5297
f 5297 5252 5413
f 5252 5347 5413
f 5430 5413 5347
f 5400 5430 5347
f 5401 5385 5348
f 5348 5282 5401
f 5282 5402 5401
f 5397 5465 5298
f 5369 5404 5322
f 5349 5307 5448
f 5307 5350 5415
f 5386 5415 5350
f 5350 5351 5386
f 5405 5386 5351
f 5351 5284 5405
f 5370 5352 5406
f 5388 5406 5352
f 5352 5363 5388
f 5371 5407 5323
f 5371 5325 5408
f 5325 5364 5408
f 5353 5354 5373
f 5374 5373 5354
f 5375 5327 5328
f 5391 5375 5328
f 5329 5330 5438
f 5454 5376 5331
f 5421 5365 5331
f 5581 5421 5332
f 5393 5245 5290
f 5423 5275 5366
f 5355 5276 5411
f 5356 5439 5276
f 5357 5439 5291
f 5291 5358 5357
f 5424 5440 5358
f 5395 5336 5458
f 5339 5378 5367
f 5460 5396 5318
f 5318 5379 5460
f 5461 5427 5304
f 5343 5462 5445
f 5360 5320 5398
f 5399 5383 5346
f 5384 5399 5346
f 5322 5488 5338
f 5322 5404 5467
f 5370 5406 5387
f 5363 5323 5407
f 5371 5408 5372
f 5410 5408 5364
f 5364 5353 5410
f 5373 5374 5420
f 5374 5327 5375
f 5392 5438 5330
f 5411 5423 5366
f 5357 5358 5457
f 5333 5334 5377
f 5377 5334 5395
f 5367 5447 5339
f 5378 5368 5426
f 5396 5368 5318
f 5427 5380 5341
f 5447 5473 5294
f 5431 5402 5361
f 5361 5403 5431
f 5414 5403 5265
f 5477 5414 5265
f 5465 5397 5466
f 5467 5488 5322
f 5369 5349 5404
f 5387 5405 5370
f 5388 5363 5418
f 5407 5418 5363
f 5407 5371 5389
f 5372 5389 5371
f 5410 5409 5408
f 5390 5410 5353
f 5353 5373 5390
f 5435 5390 5373
f 5373 5420 5435
f 5375 5420 5374
f 5512 5391 5329
f 5393 5455 5245
f 5423 5393 5275
f 5457 5439 5357
f 5440 5457 5358
f 5424 5333 5394
f 5377 5394 5333
f 5337 5425 5412
f 5367 5378 5426
f 5380 5460 5379
f 5304 5381 5461
f 5429 5320 5382
f 5383 5429 5382
f 5464 5399 5384
f 5432 5362 5465
f 5448 5404 5349
f 5405 5416 5386
f 5405 5387 5416
f 5387 5406 5417
f 5406 5388 5417
f 5418 5417 5388
f 5389 5372 5419
f 5372 5408 5419
f 5409 5453 5408
f 5375 5391 5437
f 5523 5581 5332
f 5301 5523 5332
f 5423 5411 5506
f 5377 5395 5441
f 5459 5425 5338
f 5488 5459 5338
f 5368 5396 5484
f 5473 5446 5294
f 5474 5466 5397
f 5397 5398 5474
f 5398 5320 5463
f 5320 5429 5463
f 5385 5430 5400
f 5431 5401 5402
f 5432 5477 5362
f 5433 5416 5387
f 5417 5433 5387
f 5452 5418 5407
f 5407 5389 5452
f 5419 5452 5389
f 5419 5408 5453
f 5434 5409 5410
f 5410 5390 5434
f 5436 5435 5420
f 5512 5437 5391
f 5329 5438 5512
f 5393 5423 5678
f 5513 5411 5276
f 5439 5513 5276
f 5439 5457 5456
f 5457 5440 5514
f 5527 5440 5424
f 5441 5394 5377
f 5412 5425 5483
f 5484 5426 5368
f 5443 5460 5380
f 5427 5443 5380
f 5430 5385 5517
f 5414 5431 5403
f 5415 5386 5449
f 5386 5416 5449
f 5433 5478 5416
f 5417 5418 5451
f 5452 5451 5418
f 5452 5419 5468
f 5469 5434 5390
f 5390 5435 5469
f 5494 5436 5420
f 5420 5375 5494
f 5301 5422 5524
f 5455 5524 5422
f 5455 5393 5482
f 5424 5394 5552
f 5412 5458 5337
f 5367 5426 5442
f 5484 5442 5426
f 5427 5461 5472
f 5461 5381 5444
f 5381 5428 5444
f 5497 5444 5428
f 5413 5430 5476
f 5488 5467 5564
f 5467 5404 5509
f 5415 5448 5307
f 5433 5417 5450
f 5417 5451 5450
f 5468 5419 5479
f 5453 5479 5419
f 5536 5504 5409
f 5409 5434 5536
f 5470 5469 5435
f 5436 5470 5435
f 5481 5512 5438
f 5521 5438 5392
f 5678 5423 5506
f 5513 5439 5456
f 5541 5514 5440
f 5527 5541 5440
f 5394 5441 5552
f 5529 5396 5460
f 5472 5443 5427
f 5507 5472 5461
f 5428 5445 5497
f 5485 5497 5445
f 5445 5462 5485
f 5344 5279 5544
f 5279 5446 5544
f 5463 5429 5475
f 5429 5383 5475
f 5399 5464 5487
f 5465 5466 5432
f 5404 5448 5548
f 5478 5449 5416
f 5478 5433 5510
f 5450 5510 5433
f 5468 5490 5451
f 5451 5452 5468
f 5480 5479 5453
f 5453 5409 5480
f 5409 5504 5480
f 5437 5494 5375
f 5438 5521 5481
f 5521 5392 5376
f 5570 5524 5455
f 5482 5570 5455
f 5514 5540 5457
f 5424 5552 5527
f 5458 5412 5627
f 5471 5483 5425
f 5425 5459 5471
f 5529 5460 5496
f 5443 5496 5460
f 5462 5344 5485
f 5543 5485 5344
f 5473 5556 5446
f 5474 5398 5508
f 5499 5508 5398
f 5398 5463 5499
f 5475 5499 5463
f 5475 5383 5486
f 5516 5486 5383
f 5383 5399 5516
f 5487 5464 5532
f 5464 5413 5532
f 5476 5430 5517
f 5561 5401 5431
f 5477 5432 5500
f 5509 5564 5467
f 5490 5450 5451
f 5479 5492 5468
f 5480 5504 5503
f 5601 5536 5434
f 5436 5494 5470
f 5505 5494 5437
f 5522 5521 5376
f 5454 5522 5376
f 5365 5421 5603
f 5456 5457 5540
f 5395 5528 5441
f 5627 5395 5458
f 5495 5557 5367
f 5367 5442 5495
f 5444 5507 5461
f 5544 5543 5344
f 5473 5447 5557
f 5508 5498 5474
f 5487 5516 5399
f 5476 5532 5413
f 5500 5414 5477
f 5488 5564 5600
f 5489 5448 5415
f 5415 5449 5489
f 5449 5478 5501
f 5450 5490 5502
f 5491 5490 5468
f 5468 5492 5491
f 5518 5492 5479
f 5493 5518 5479
f 5479 5480 5493
f 5503 5493 5480
f 5580 5601 5434
f 5434 5469 5580
f 5470 5537 5469
f 5538 5437 5512
f 5482 5393 5678
f 5513 5456 5526
f 5605 5442 5484
f 5529 5605 5484
f 5484 5396 5529
f 5472 5555 5443
f 5556 5544 5446
f 5532 5531 5487
f 5385 5401 5533
f 5562 5431 5414
f 5459 5488 5563
f 5600 5563 5488
f 5489 5449 5501
f 5478 5510 5577
f 5510 5450 5511
f 5450 5502 5511
f 5567 5502 5490
f 5524 5523 5301
f 5513 5582 5411
f 5541 5527 5618
f 5530 5496 5443
f 5443 5555 5530
f 5555 5472 5593
f 5507 5444 5574
f 5497 5574 5444
f 5497 5485 5515
f 5543 5515 5485
f 5556 5473 5583
f 5473 5557 5583
f 5498 5508 5546
f 5499 5475 5558
f 5401 5561 5533
f 5414 5500 5611
f 5534 5500 5432
f 5432 5498 5534
f 5509 5404 5535
f 5548 5535 5404
f 5489 5548 5448
f 5501 5478 5577
f 5567 5511 5502
f 5578 5567 5490
f 5490 5491 5578
f 5519 5518 5493
f 5493 5503 5519
f 5520 5503 5504
f 5504 5536 5520
f 5537 5580 5469
f 5569 5470 5494
f 5481 5521 5616
f 5523 5524 5640
f 5540 5526 5456
f 5528 5395 5627
f 5627 5412 5670
f 5499 5558 5595
f 5475 5486 5558
f 5516 5545 5486
f 5516 5487 5531
f 5534 5498 5546
f 5509 5535 5564
f 5489 5501 5549
f 5577 5549 5501
f 5511 5577 5510
f 5567 5566 5511
f 5539 5512 5481
f 5481 5616 5539
f 5603 5522 5454
f 5454 5365 5603
f 5506 5411 5655
f 5582 5655 5411
f 5526 5525 5513
f 5541 5669 5514
f 5442 5605 5572
f 5543 5542 5515
f 5595 5508 5499
f 5545 5558 5486
f 5559 5545 5516
f 5531 5587 5516
f 5531 5532 5596
f 5476 5517 5560
f 5620 5560 5517
f 5517 5385 5620
f 5533 5620 5385
f 5563 5553 5459
f 5549 5548 5489
f 5577 5511 5550
f 5492 5518 5568
f 5518 5519 5568
f 5519 5503 5579
f 5520 5579 5503
f 5520 5536 5588
f 5602 5569 5494
f 5494 5505 5602
f 5437 5538 5505
f 5667 5505 5538
f 5539 5538 5512
f 5678 5506 5760
f 5527 5552 5592
f 5552 5441 5641
f 5528 5571 5441
f 5642 5670 5412
f 5412 5483 5642
f 5483 5471 5642
f 5459 5553 5471
f 5554 5630 5495
f 5495 5442 5554
f 5572 5554 5442
f 5605 5529 5573
f 5574 5497 5607
f 5543 5544 5608
f 5630 5557 5495
f 5532 5476 5596
f 5560 5596 5476
f 5610 5431 5562
f 5611 5562 5414
f 5534 5611 5500
f 5547 5564 5535
f 5535 5548 5547
f 5548 5549 5576
f 5577 5613 5549
f 5550 5511 5565
f 5511 5566 5565
f 5491 5652 5578
f 5589 5588 5536
f 5539 5667 5538
f 5570 5482 5668
f 5525 5582 5513
f 5526 5540 5656
f 5540 5514 5656
f 5571 5641 5441
f 5553 5642 5471
f 5529 5496 5584
f 5507 5593 5472
f 5515 5607 5497
f 5608 5542 5543
f 5556 5608 5544
f 5630 5583 5557
f 5546 5508 5609
f 5595 5609 5508
f 5545 5586 5558
f 5559 5516 5575
f 5587 5575 5516
f 5610 5561 5431
f 5576 5547 5548
f 5613 5576 5549
f 5550 5565 5614
f 5568 5653 5492
f 5520 5588 5579
f 5536 5601 5589
f 5537 5470 5590
f 5470 5569 5590
f 5637 5602 5505
f 5505 5667 5637
f 5551 5521 5522
f 5581 5523 5617
f 5730 5640 5524
f 5524 5570 5730
f 5678 5668 5482
f 5592 5552 5641
f 5573 5529 5584
f 5606 5584 5496
f 5496 5530 5606
f 5585 5606 5530
f 5530 5555 5585
f 5593 5585 5555
f 5593 5507 5594
f 5574 5594 5507
f 5515 5542 5628
f 5595 5558 5586
f 5531 5596 5646
f 5560 5620 5597
f 5533 5561 5598
f 5610 5598 5561
f 5599 5611 5534
f 5553 5563 5631
f 5664 5600 5564
f 5564 5547 5664
f 5565 5566 5676
f 5566 5567 5650
f 5492 5653 5491
f 5519 5579 5622
f 5591 5616 5551
f 5603 5639 5522
f 5731 5730 5570
f 5669 5656 5514
f 5628 5607 5515
f 5546 5609 5621
f 5611 5610 5562
f 5534 5546 5599
f 5621 5599 5546
f 5612 5631 5563
f 5563 5600 5612
f 5647 5679 5600
f 5547 5576 5632
f 5633 5613 5577
f 5577 5550 5633
f 5550 5614 5633
f 5651 5650 5567
f 5567 5578 5651
f 5652 5651 5578
f 5568 5519 5622
f 5580 5537 5636
f 5639 5591 5551
f 5551 5522 5639
f 5603 5421 5744
f 5421 5581 5744
f 5528 5627 5571
f 5642 5553 5631
f 5608 5556 5629
f 5583 5629 5556
f 5572 5605 5693
f 5604 5693 5605
f 5606 5657 5584
f 5586 5644 5595
f 5586 5545 5660
f 5545 5559 5660
f 5645 5660 5559
f 5587 5531 5698
f 5646 5698 5531
f 5598 5620 5533
f 5600 5679 5612
f 5632 5664 5547
f 5653 5652 5491
f 5653 5568 5622
f 5615 5601 5580
f 5580 5636 5615
f 5636 5537 5666
f 5590 5666 5537
f 5590 5569 5625
f 5569 5602 5625
f 5539 5616 5667
f 5638 5616 5591
f 5626 5592 5641
f 5554 5572 5693
f 5604 5605 5573
f 5573 5584 5694
f 5593 5594 5619
f 5607 5619 5594
f 5609 5595 5644
f 5596 5560 5646
f 5597 5646 5560
f 5598 5610 5674
f 5600 5664 5647
f 5613 5632 5576
f 5614 5565 5649
f 5650 5676 5566
f 5623 5622 5579
f 5579 5588 5634
f 5635 5634 5588
f 5588 5589 5635
f 5615 5589 5601
f 5625 5602 5714
f 5637 5714 5602
f 5523 5640 5617
f 5668 5731 5570
f 5657 5694 5584
f 5585 5696 5606
f 5619 5607 5658
f 5629 5659 5608
f 5630 5682 5583
f 5644 5621 5609
f 5705 5644 5586
f 5660 5645 5706
f 5610 5611 5663
f 5599 5663 5611
f 5632 5613 5684
f 5613 5633 5684
f 5633 5614 5710
f 5634 5623 5579
f 5615 5635 5589
f 5666 5590 5624
f 5638 5667 5616
f 5617 5744 5581
f 5618 5669 5541
f 5571 5627 5670
f 5619 5643 5593
f 5607 5628 5671
f 5628 5542 5722
f 5542 5608 5722
f 5659 5722 5608
f 5629 5583 5682
f 5749 5682 5630
f 5586 5738 5705
f 5586 5660 5738
f 5645 5559 5661
f 5575 5661 5559
f 5575 5587 5673
f 5698 5673 5587
f 5698 5646 5707
f 5662 5597 5620
f 5620 5598 5662
f 5632 5648 5664
f 5710 5614 5649
f 5590 5625 5624
f 5677 5624 5625
f 5714 5677 5625
f 5907 5668 5678
f 5655 5654 5506
f 5696 5657 5606
f 5696 5585 5704
f 5585 5593 5704
f 5643 5704 5593
f 5658 5681 5619
f 5671 5658 5607
f 5628 5722 5671
f 5702 5749 5630
f 5706 5645 5683
f 5621 5725 5599
f 5623 5685 5622
f 5635 5615 5665
f 5716 5714 5637
f 5637 5667 5716
f 5603 5774 5639
f 5744 5774 5603
f 5731 5668 5907
f 5527 5592 5618
f 5733 5618 5592
f 5626 5733 5592
f 5571 5690 5641
f 5691 5670 5642
f 5631 5691 5642
f 5573 5694 5604
f 5694 5657 5695
f 5681 5658 5736
f 5644 5705 5737
f 5661 5683 5645
f 5597 5707 5646
f 5663 5599 5699
f 5612 5679 5720
f 5692 5679 5647
f 5664 5692 5647
f 5648 5632 5675
f 5741 5675 5632
f 5632 5684 5741
f 5565 5676 5649
f 5676 5650 5700
f 5651 5700 5650
f 5701 5652 5653
f 5685 5701 5653
f 5653 5622 5685
f 5635 5623 5634
f 5615 5636 5757
f 5686 5757 5636
f 5636 5666 5686
f 5638 5758 5667
f 5654 5760 5506
f 5655 5582 5654
f 5526 5656 5871
f 5670 5690 5571
f 5703 5702 5554
f 5554 5693 5703
f 5696 5680 5657
f 5643 5804 5704
f 5643 5619 5681
f 5629 5672 5659
f 5737 5697 5644
f 5724 5737 5705
f 5738 5660 5739
f 5706 5739 5660
f 5597 5662 5708
f 5674 5662 5598
f 5599 5725 5699
f 5692 5664 5709
f 5664 5648 5709
f 5684 5633 5710
f 5701 5712 5652
f 5623 5635 5713
f 5665 5713 5635
f 5757 5743 5615
f 5687 5686 5666
f 5666 5624 5687
f 5714 5716 5715
f 5667 5758 5716
f 5689 5688 5639
f 5639 5774 5689
f 5656 5669 5732
f 5669 5618 5718
f 5719 5690 5670
f 5670 5691 5719
f 5680 5695 5657
f 5736 5747 5681
f 5682 5672 5629
f 5661 5575 5673
f 5673 5698 5810
f 5674 5610 5782
f 5663 5782 5610
f 5700 5651 5711
f 5712 5711 5651
f 5651 5652 5712
f 5685 5623 5742
f 5677 5714 5729
f 5688 5758 5638
f 5654 5582 5745
f 5525 5526 5871
f 5656 5732 5871
f 5718 5732 5669
f 5612 5691 5631
f 5779 5680 5696
f 5643 5681 5721
f 5747 5721 5681
f 5683 5661 5750
f 5673 5740 5661
f 5707 5597 5708
f 5725 5621 5753
f 5697 5753 5621
f 5675 5709 5648
f 5710 5754 5684
f 5676 5700 5726
f 5742 5701 5685
f 5742 5623 5727
f 5713 5727 5623
f 5665 5615 5915
f 5743 5915 5615
f 5757 5686 5830
f 5687 5624 5773
f 5624 5677 5773
f 5729 5773 5677
f 5774 5799 5689
f 5791 5626 5641
f 5641 5690 5791
f 5761 5791 5690
f 5719 5761 5690
f 5746 5720 5679
f 5679 5692 5746
f 5735 5604 5694
f 5762 5735 5694
f 5694 5695 5762
f 5764 5779 5696
f 5696 5704 5764
f 5721 5804 5643
f 5671 5722 5805
f 5672 5682 5780
f 5807 5724 5705
f 5706 5683 5809
f 5750 5809 5683
f 5751 5810 5698
f 5698 5707 5751
f 5710 5769 5768
f 5710 5649 5769
f 5726 5769 5649
f 5649 5676 5726
f 5755 5726 5700
f 5711 5755 5700
f 5728 5727 5713
f 5713 5665 5756
f 5915 5756 5665
f 5716 5758 5715
f 5688 5759 5758
f 5744 5617 5717
f 5790 5717 5617
f 5617 5640 5790
f 5730 5790 5640
f 5907 5678 5800
f 5822 5691 5612
f 5612 5720 5822
f 5703 5792 5702
f 5703 5693 5734
f 5735 5693 5604
f 5736 5658 5748
f 5658 5671 5748
f 5805 5748 5671
f 5722 5659 5672
f 5792 5749 5702
f 5723 5697 5737
f 5705 5738 5807
f 5808 5807 5738
f 5739 5706 5765
f 5809 5765 5706
f 5810 5740 5673
f 5751 5707 5752
f 5708 5752 5707
f 5708 5662 5795
f 5811 5795 5662
f 5662 5674 5811
f 5768 5754 5710
f 5742 5727 5771
f 5756 5728 5713
f 5819 5729 5714
f 5715 5819 5714
f 5775 5760 5654
f 5908 5745 5582
f 5582 5525 5908
f 5746 5692 5778
f 5680 5779 5763
f 5804 5764 5704
f 5749 5780 5682
f 5724 5723 5737
f 5740 5767 5661
f 5782 5811 5674
f 5725 5753 5903
f 5741 5814 5675
f 5785 5769 5726
f 5755 5785 5726
f 5711 5712 5797
f 5861 5797 5712
f 5770 5861 5712
f 5712 5701 5770
f 5701 5742 5850
f 5771 5850 5742
f 5728 5771 5727
f 5830 5686 5772
f 5687 5772 5686
f 5688 5689 5759
f 5821 5790 5730
f 5731 5821 5730
f 5907 5841 5731
f 5678 5760 5800
f 5718 5618 5883
f 5894 5883 5618
f 5618 5733 5852
f 5733 5626 5852
f 5777 5852 5626
f 5626 5791 5777
f 5778 5692 5709
f 5734 5792 5703
f 5762 5695 5844
f 5802 5844 5695
f 5695 5680 5802
f 5763 5802 5680
f 5826 5747 5736
f 5855 5805 5722
f 5722 5672 5855
f 5738 5739 5808
f 5846 5808 5739
f 5741 5684 5754
f 5755 5711 5786
f 5701 5850 5770
f 5788 5715 5758
f 5799 5759 5689
f 5840 5774 5744
f 5717 5840 5744
f 5841 5821 5731
f 5654 5745 5776
f 5894 5618 5852
f 5843 5822 5720
f 5720 5746 5843
f 5863 5843 5746
f 5735 5762 5884
f 5779 5764 5803
f 5781 5780 5749
f 5749 5792 5781
f 5697 5723 5828
f 5809 5750 5766
f 5767 5766 5750
f 5750 5661 5767
f 5751 5752 5864
f 5752 5708 5794
f 5795 5794 5708
f 5782 5663 5812
f 5699 5812 5663
f 5699 5725 5903
f 5814 5741 5783
f 5754 5783 5741
f 5754 5768 5796
f 5769 5785 5784
f 5786 5785 5755
f 5711 5797 5786
f 5728 5756 5798
f 5756 5915 5882
f 5818 5743 5757
f 5757 5830 5818
f 5687 5773 5831
f 5839 5773 5729
f 5729 5819 5839
f 5789 5788 5758
f 5758 5759 5789
f 5760 5934 5800
f 5775 5934 5760
f 5654 5776 5775
f 5832 5871 5732
f 5718 5832 5732
f 5863 5746 5920
f 5778 5920 5746
f 5693 5735 5734
f 5803 5764 5874
f 5804 5874 5764
f 5736 5748 5826
f 5835 5781 5792
f 5724 5807 5806
f 5739 5765 5846
f 5903 5812 5699
f 5753 5697 5828
f 5815 5796 5768
f 5784 5815 5768
f 5768 5769 5784
f 5771 5728 5787
f 5798 5787 5728
f 5818 5916 5743
f 5772 5687 5831
f 5831 5773 5838
f 5801 5776 5745
f 5745 5908 5801
f 5778 5709 5813
f 5792 5734 5823
f 5721 5845 5804
f 5721 5747 5834
f 5723 5724 5912
f 5913 5807 5808
f 5846 5765 5793
f 5864 5810 5751
f 5903 5753 5857
f 5828 5723 5858
f 5709 5675 5848
f 5814 5848 5675
f 5754 5796 5783
f 5784 5785 5816
f 5817 5816 5785
f 5829 5817 5785
f 5785 5786 5829
f 5797 5829 5786
f 5787 5850 5771
f 5798 5756 5867
f 5882 5867 5756
f 5772 5906 5830
f 5820 5870 5799
f 5774 5820 5799
f 5853 5791 5761
f 5761 5719 5853
f 5842 5853 5719
f 5792 5823 5835
f 5912 5858 5723
f 5806 5912 5724
f 5765 5809 5836
f 5827 5878 5740
f 5740 5810 5827
f 5794 5795 5865
f 5879 5865 5795
f 5901 5879 5795
f 5795 5811 5901
f 5813 5709 5848
f 5816 5815 5784
f 5916 5915 5743
f 5773 5839 5838
f 5840 5820 5774
f 5717 5932 5840
f 5775 5776 5999
f 5719 5691 5842
f 5822 5842 5691
f 5823 5734 5910
f 5895 5734 5735
f 5735 5884 5895
f 5824 5844 5802
f 5802 5763 5824
f 5833 5824 5763
f 5763 5779 5833
f 5874 5804 5825
f 5834 5845 5721
f 5826 5834 5747
f 5748 5805 5885
f 5876 5855 5672
f 5780 5876 5672
f 5780 5781 5943
f 5807 5913 5806
f 5809 5766 5836
f 5767 5900 5766
f 5811 5782 5847
f 5782 5812 5847
f 5828 5857 5753
f 5849 5848 5814
f 5818 5830 5906
f 5890 5839 5819
f 5819 5715 5890
f 5788 5890 5715
f 5717 5790 5932
f 5999 5934 5775
f 6013 5852 5777
f 5762 5844 5884
f 5833 5779 5854
f 5804 5845 5911
f 5855 5885 5805
f 5968 5808 5846
f 5836 5793 5765
f 5794 5864 5752
f 5858 5972 5828
f 5796 5815 5860
f 5928 5817 5829
f 5797 5861 5905
f 5861 5770 5880
f 5850 5787 5851
f 5787 5798 5837
f 5867 5837 5798
f 5906 5772 5917
f 5831 5917 5772
f 5869 5994 5831
f 5831 5838 5869
f 5759 5799 5892
f 5932 5790 5821
f 5936 5525 5871
f 5980 6013 5777
f 5791 5980 5777
f 5843 5842 5822
f 5813 5920 5778
f 5895 5910 5734
f 5844 5824 5896
f 5779 5803 5854
f 5923 5854 5803
f 5874 5923 5803
f 5825 5804 5911
f 5885 5826 5748
f 5945 5913 5808
f 5808 5968 5945
f 5767 5740 5878
f 5827 5810 5856
f 5810 5864 5856
f 5864 5794 5865
f 5814 5783 5849
f 5815 5816 5948
f 5816 5817 5888
f 5837 5851 5787
f 5917 5831 5868
f 5994 5868 5831
f 5918 5869 5838
f 5838 5839 5918
f 5891 5890 5788
f 5789 5891 5788
f 5892 5789 5759
f 5870 5892 5799
f 5932 5820 5840
f 5951 5907 5800
f 5934 5951 5800
f 5872 5842 5843
f 5863 5872 5843
f 5920 5919 5863
f 5943 5876 5780
f 5886 5912 5806
f 5955 5806 5913
f 5877 5968 5846
f 5846 5793 5877
f 5793 5836 5897
f 5900 5899 5766
f 5847 5901 5811
f 5813 5848 5866
f 5859 5866 5848
f 5848 5849 5859
f 5880 5770 5881
f 5770 5850 5881
f 5851 5881 5850
f 5837 5867 5889
f 5963 5867 5882
f 5892 5870 6035
f 5841 5933 5821
f 5908 5935 5801
f 5980 5791 5862
f 5791 5853 5862
f 5873 5920 5813
f 5866 5873 5813
f 5884 5844 5939
f 5824 5833 5921
f 5875 5885 5855
f 5855 5876 5875
f 5806 5955 5886
f 5897 5877 5793
f 5898 5836 5766
f 5900 5767 6072
f 5878 6072 5767
f 5812 5903 5902
f 5828 5972 5857
f 5880 5905 5861
f 5801 5999 5776
f 6013 5894 5852
f 5872 5853 5842
f 5872 5863 5919
f 5919 5920 5952
f 5909 5835 5823
f 5823 5910 5909
f 5896 5939 5844
f 5941 5921 5833
f 5854 5941 5833
f 5911 6003 5825
f 5845 5834 6004
f 5875 5982 5885
f 5781 5835 5944
f 5898 5766 5899
f 5878 5827 5946
f 5856 5946 5827
f 5856 5864 5985
f 5864 5865 5985
f 5879 5985 5865
f 5902 5847 5812
f 5796 5860 5947
f 5887 5860 5815
f 5815 5948 5887
f 5928 5888 5817
f 5904 5928 5829
f 5829 5797 5904
f 5904 5797 5905
f 5930 5851 5837
f 5837 5889 5930
f 5963 5889 5867
f 5839 5890 5918
f 5870 5820 5965
f 5907 5997 5841
f 5936 5908 5525
f 5883 5894 5893
f 5835 5909 5944
f 5921 5896 5824
f 5923 5874 5825
f 5859 5927 5866
f 5859 5849 5914
f 5849 5783 5914
f 5783 5796 5914
f 5887 5947 5860
f 5816 5888 5948
f 5881 5851 5929
f 5930 5929 5851
f 5882 5915 5978
f 5818 5906 5993
f 5869 5918 5964
f 5891 5789 6046
f 6010 5871 5832
f 5832 5718 6036
f 5718 5883 6036
f 5894 6013 6012
f 5853 5872 5919
f 6024 5895 5884
f 5884 5939 6024
f 5921 5941 5922
f 5911 5845 5924
f 6004 5924 5845
f 5826 5885 5982
f 5876 5943 6025
f 5926 5897 5836
f 5836 5898 5926
f 5901 5847 6052
f 5947 5914 5796
f 5882 5978 5963
f 5891 5918 5890
f 6035 5995 5892
f 6010 5936 5871
f 5919 5937 5853
f 5909 5910 5966
f 5854 5923 5941
f 5956 5913 5945
f 5899 5957 5898
f 6006 6005 5899
f 5899 5900 6006
f 6072 6006 5900
f 5946 5856 6007
f 5985 6007 5856
f 5902 5903 5971
f 5857 5971 5903
f 5927 5873 5866
f 5880 5904 5905
f 5930 5889 5931
f 5889 5963 5931
f 5917 6021 5906
f 5869 5950 5994
f 5892 6046 5789
f 6035 5870 6063
f 5870 5965 6063
f 5932 5965 5820
f 5996 5932 5821
f 5933 5996 5821
f 5841 5997 5933
f 6009 5997 5907
f 5908 5936 5935
f 5936 6010 6179
f 6036 6010 5832
f 5893 6036 5883
f 5966 5938 5909
f 5939 5896 5940
f 5923 5953 5941
f 6003 5911 5924
f 5834 5925 6004
f 5834 5826 5925
f 5982 5925 5826
f 5875 5876 6025
f 6026 5858 5912
f 5912 5886 6026
f 5956 5955 5913
f 5968 5877 5984
f 5847 5902 5986
f 5971 5986 5902
f 5857 5972 6142
f 5948 5888 5959
f 5888 5928 5959
f 5881 5929 5961
f 5915 5916 5978
f 5992 5978 5916
f 5916 5818 5992
f 5894 6012 5893
f 5937 5862 5853
f 5952 6014 5919
f 5952 5920 5958
f 5920 5873 5958
f 5909 5938 5954
f 6024 5910 5895
f 5896 5921 5940
f 5922 5940 5921
f 5922 5941 6002
f 5942 5953 5923
f 5825 6120 5923
f 5875 5967 5982
f 5944 5909 5954
f 5969 5984 5877
f 5877 5897 5969
f 5926 5898 5957
f 5957 5899 6005
f 5879 5901 6008
f 6052 6008 5901
f 5986 6052 5847
f 5914 5947 5973
f 5948 5959 5987
f 5960 5975 5904
f 5904 5880 5960
f 5961 5960 5880
f 5880 5881 5961
f 5949 5961 5929
f 5929 5930 5949
f 5991 5949 5930
f 5930 5931 5991
f 5964 5950 5869
f 5907 5951 6009
f 5998 5951 5934
f 5934 5999 5998
f 6014 5937 5919
f 5966 5910 6024
f 5940 5922 6001
f 6002 5941 5981
f 5941 5953 5981
f 5943 5781 5983
f 5781 5944 5983
f 6137 5983 5944
f 5944 5954 6137
f 6016 5969 5897
f 5926 6016 5897
f 5926 5957 5970
f 5878 5946 6042
f 5985 5879 6043
f 6008 6043 5879
f 5859 5914 6018
f 5973 6018 5914
f 5974 5973 5947
f 5947 5887 5974
f 5887 5948 5974
f 5948 5987 6055
f 5928 5904 5975
f 5962 5991 5931
f 5931 5963 5962
f 5818 5993 5992
f 6020 5993 5906
f 6021 6020 5906
f 5917 5868 6022
f 6034 6033 5918
f 5918 5891 6034
f 5996 5965 5932
f 6048 5999 5801
f 5801 5935 6048
f 5862 6049 5980
f 5942 5923 6120
f 6120 5825 6097
f 6003 6097 5825
f 5970 6016 5926
f 6072 5878 6042
f 6042 5946 6028
f 5946 6007 6028
f 6142 5971 5857
f 6017 5972 5858
f 6066 5873 5927
f 5927 5859 6018
f 6055 5974 5948
f 5988 5987 5959
f 5959 5928 5988
f 5975 5988 5928
f 5975 5960 5976
f 5977 5976 5960
f 5960 5961 5977
f 6030 5977 5961
f 5949 6030 5961
f 5963 5978 5962
f 6021 5917 6022
f 5868 5994 6061
f 6033 5964 5918
f 5891 6046 5979
f 6046 5892 5995
f 5997 6023 5933
f 6094 6048 5935
f 6036 5893 6011
f 5893 6012 6116
f 5952 5958 6037
f 6000 6081 5939
f 5939 5940 6000
f 6002 6001 5922
f 5925 6015 6004
f 5983 6039 6025
f 6025 5943 5983
f 6086 5956 5945
f 5945 5968 6086
f 6044 6142 5972
f 6026 6017 5858
f 5988 5975 5989
f 5990 5989 5975
f 5975 5976 5990
f 6019 5991 5962
f 5992 5962 5978
f 5965 5996 6064
f 6009 6047 5997
f 6049 6013 5980
f 5862 5937 6065
f 6037 6014 5952
f 5939 6081 6024
f 5942 5981 5953
f 5982 5967 6085
f 6038 5967 5875
f 5875 6025 6038
f 5968 5984 6086
f 6007 5985 6043
f 5988 6055 5987
f 6057 5990 5976
f 5976 5977 6057
f 6031 6030 5949
f 5949 5991 6031
f 5992 5993 6032
f 6061 6022 5868
f 5994 5950 6061
f 5950 5964 6061
f 6062 6061 5964
f 5995 6035 6079
f 6063 5965 6148
f 6047 6023 5997
f 6178 5998 5999
f 5999 6048 6178
f 5935 5936 6094
f 5936 6179 6094
f 6014 6065 5937
f 5958 5873 6066
f 6018 6066 5927
f 6001 6152 5940
f 6002 5981 6083
f 6097 6003 6068
f 6026 5886 6027
f 5886 5955 6027
f 5956 6086 6069
f 5969 6016 6040
f 6071 6070 5957
f 6088 6071 5957
f 5957 6005 6088
f 6041 6088 6005
f 6005 6006 6041
f 6072 6041 6006
f 6052 6169 6008
f 5986 5971 6074
f 5972 6017 6044
f 5974 6055 6054
f 6055 5988 6056
f 6029 6057 5977
f 5977 6030 6029
f 6059 6031 5991
f 6019 6059 5991
f 5993 6020 6032
f 5891 5979 6034
f 5965 6064 6148
f 5996 5933 6023
f 6036 6150 6010
f 6012 6013 6116
f 6049 6116 6013
f 6065 6049 5862
f 6037 5958 6080
f 6066 6080 5958
f 6082 6000 5940
f 6068 6003 6051
f 5924 6051 6003
f 6015 5925 6085
f 5925 5982 6085
f 6157 5955 5956
f 5970 6040 6016
f 6070 5970 5957
f 6043 6008 6169
f 6074 6141 5986
f 5973 5974 6111
f 5989 6056 5988
f 5989 5990 6101
f 6045 6101 5990
f 6075 6045 5990
f 5990 6057 6075
f 6058 6029 6030
f 6060 6019 5962
f 5962 5992 6060
f 6022 6020 6021
f 6033 6062 5964
f 6034 5979 6093
f 6110 6066 6018
f 6050 6081 6000
f 6000 6082 6050
f 5942 6155 5981
f 6084 6051 5924
f 5924 6004 6084
f 6015 6084 6004
f 6039 5983 6108
f 6137 6108 5983
f 6027 6017 6026
f 5955 6157 6027
f 5956 6069 6157
f 6028 6007 6098
f 6043 6098 6007
f 6018 5973 6110
f 6111 6053 5973
f 6054 6111 5974
f 6100 6054 6055
f 6056 5989 6089
f 6057 6029 6114
f 6030 6031 6058
f 6077 6060 5992
f 5992 6032 6077
f 6063 6079 6035
f 6064 5996 6149
f 6047 6009 6240
f 6049 6065 6117
f 6014 6037 6080
f 5940 6152 6082
f 6002 6067 6001
f 6002 6083 6096
f 6154 6083 5981
f 6155 6154 5981
f 6039 6038 6025
f 6072 6042 6140
f 6073 6042 6028
f 6099 6043 6169
f 6141 6052 5986
f 6044 6017 6162
f 6053 6110 5973
f 6111 6054 6112
f 6076 6114 6029
f 6029 6058 6076
f 6031 6059 6102
f 6060 6059 6019
f 6105 6077 6032
f 6032 6020 6105
f 6020 6022 6091
f 6061 6092 6022
f 5979 6046 6093
f 6107 6093 6046
f 6046 5995 6107
f 5996 6023 6149
f 6240 6009 5951
f 6150 6036 6132
f 6011 5893 6189
f 6117 6116 6049
f 6095 6065 6014
f 6080 6133 6014
f 6119 6181 5938
f 5938 5966 6119
f 6024 6081 6182
f 6096 6067 6002
f 5984 5969 6087
f 5969 6040 6087
f 6040 5970 6168
f 6070 6071 6123
f 6042 6073 6140
f 6098 6073 6028
f 6161 6169 6052
f 6052 6141 6161
f 6100 6112 6054
f 6100 6055 6113
f 6055 6056 6113
f 6089 6113 6056
f 6101 6089 5989
f 6126 6075 6057
f 6057 6114 6126
f 6058 6031 6128
f 6102 6128 6031
f 6090 6102 6059
f 6059 6060 6103
f 6091 6105 6020
f 6091 6022 6092
f 6131 6092 6061
f 6061 6062 6106
f 6078 6062 6033
f 6033 6034 6078
f 6093 6078 6034
f 5995 6079 6107
f 6063 6148 6176
f 5998 6227 5951
f 6150 6179 6010
f 6011 6132 6036
f 5893 6116 6189
f 6095 6014 6133
f 5966 6024 6182
f 6068 6183 6097
f 6085 5967 6121
f 5967 6038 6232
f 6156 6232 6038
f 6038 6039 6156
f 6122 6137 5954
f 5938 6122 5954
f 6138 6017 6027
f 6158 6086 5984
f 5970 6070 6205
f 6053 6143 6110
f 6163 6101 6045
f 6045 6075 6171
f 6103 6090 6059
f 6104 6103 6060
f 6060 6077 6104
f 6077 6105 6104
f 6106 6131 6061
f 6066 6151 6080
f 6082 6152 6230
f 6153 6152 6001
f 6096 6083 6154
f 6120 6155 5942
f 6097 6183 6120
f 6015 6135 6084
f 6015 6085 6184
f 6232 6121 5967
f 6136 6156 6039
f 6108 6136 6039
f 6158 6069 6086
f 6087 6040 6159
f 6071 6088 6272
f 6098 6043 6109
f 6099 6109 6043
f 6162 6142 6044
f 6100 6113 6124
f 6089 6101 6125
f 6114 6076 6145
f 6115 6105 6091
f 6091 6092 6115
f 6130 6115 6092
f 6092 6131 6130
f 6078 6106 6062
f 6078 6093 6147
f 6094 6179 6228
f 6065 6095 6180
f 6110 6118 6066
f 6182 6119 5966
f 6067 6153 6001
f 6067 6096 6231
f 6096 6154 6231
f 6068 6051 6216
f 6184 6085 6121
f 6139 6158 5984
f 5984 6087 6139
f 6087 6159 6139
f 6168 6159 6040
f 6205 6168 5970
f 6123 6205 6070
f 6041 6072 6140
f 6073 6098 6273
f 6169 6161 6249
f 5971 6142 6207
f 6111 6143 6053
f 6111 6112 6194
f 6124 6112 6100
f 6113 6089 6144
f 6125 6101 6186
f 6101 6163 6186
f 6171 6163 6045
f 6126 6171 6075
f 6058 6128 6127
f 6164 6128 6102
f 6102 6090 6164
f 6165 6164 6090
f 6103 6165 6090
f 6129 6165 6103
f 6103 6104 6129
f 6146 6173 6104
f 6104 6105 6146
f 6106 6078 6199
f 6107 6147 6093
f 6079 6063 6176
f 6023 6047 6177
f 6188 6178 6048
f 6133 6080 6134
f 6151 6134 6080
f 6151 6066 6118
f 6082 6230 6050
f 6120 6215 6155
f 6216 6051 6217
f 6135 6217 6051
f 6051 6084 6135
f 6135 6015 6184
f 6181 6122 5938
f 6027 6157 6203
f 6123 6071 6248
f 6272 6248 6071
f 6272 6088 6041
f 6109 6302 6098
f 6141 6074 6219
f 6207 6074 5971
f 6194 6143 6111
f 6124 6194 6112
f 6144 6124 6113
f 6144 6089 6125
f 6126 6114 6145
f 6058 6145 6076
f 6173 6129 6104
f 6166 6146 6105
f 6105 6115 6166
f 6115 6130 6167
f 6147 6199 6078
f 6225 6148 6064
f 6240 6177 6047
f 6213 6188 6048
f 6048 6094 6213
f 6117 6279 6116
f 6215 6120 6329
f 6183 6068 6216
f 6017 6138 6234
f 6203 6138 6027
f 6205 6123 6206
f 6160 6140 6073
f 6073 6273 6160
f 6234 6162 6017
f 6118 6110 6208
f 6143 6208 6110
f 6170 6144 6125
f 6128 6164 6127
f 6115 6167 6166
f 6174 6167 6130
f 6130 6131 6174
f 6131 6106 6174
f 6176 6107 6079
f 6179 6150 6340
f 6279 6189 6116
f 6118 6200 6151
f 6229 6182 6081
f 6254 6081 6050
f 6153 6067 6202
f 6067 6231 6202
f 6155 6244 6154
f 6329 6120 6316
f 6183 6316 6120
f 6184 6318 6135
f 6121 6232 6246
f 6136 6108 6191
f 6108 6137 6191
f 6192 6191 6137
f 6137 6122 6192
f 6204 6157 6069
f 6069 6158 6204
f 6139 6159 6271
f 6248 6206 6123
f 6099 6169 6256
f 6219 6161 6141
f 6193 6207 6142
f 6208 6200 6118
f 6144 6209 6124
f 6185 6144 6170
f 6262 6127 6164
f 6199 6147 6175
f 6147 6107 6297
f 6309 6297 6107
f 6107 6176 6309
f 6148 6225 6212
f 6177 6226 6149
f 6149 6023 6177
f 6227 6240 5951
f 6132 6011 6312
f 6200 6134 6151
f 6050 6230 6254
f 6201 6230 6152
f 6152 6153 6201
f 6184 6121 6246
f 6158 6139 6247
f 6142 6162 6193
f 6185 6209 6144
f 6195 6170 6125
f 6058 6127 6261
f 6172 6262 6164
f 6164 6165 6172
f 6210 6172 6165
f 6165 6129 6210
f 6198 6166 6167
f 6174 6198 6167
f 6223 6174 6106
f 6106 6199 6223
f 6175 6147 6297
f 6189 6214 6011
f 6190 6117 6065
f 6180 6190 6065
f 6180 6095 6242
f 6181 6119 6253
f 6119 6182 6253
f 6231 6154 6283
f 6286 6191 6192
f 6255 6204 6158
f 6139 6271 6300
f 6272 6041 6218
f 6041 6140 6348
f 6140 6160 6348
f 6109 6099 6256
f 6256 6169 6249
f 6207 6219 6074
f 6235 6208 6143
f 6143 6194 6235
f 6209 6194 6124
f 6220 6163 6171
f 6058 6221 6145
f 6127 6262 6187
f 6197 6210 6129
f 6129 6173 6197
f 6211 6197 6173
f 6173 6146 6211
f 6166 6211 6146
f 6238 6198 6174
f 6176 6148 6212
f 6226 6064 6149
f 6266 6227 5998
f 5998 6178 6266
f 6252 6213 6094
f 6340 6228 6179
f 6150 6132 6340
f 6242 6095 6281
f 6229 6253 6182
f 6081 6254 6229
f 6202 6201 6153
f 6329 6267 6215
f 6183 6216 6245
f 6270 6122 6181
f 6287 6234 6138
f 6139 6300 6247
f 6233 6271 6159
f 6168 6233 6159
f 6348 6218 6041
f 6302 6109 6321
f 6256 6321 6109
f 6194 6209 6235
f 6250 6195 6125
f 6125 6186 6250
f 6186 6163 6250
f 6258 6250 6163
f 6171 6126 6259
f 6196 6259 6126
f 6126 6145 6196
f 6221 6058 6261
f 6187 6261 6127
f 6237 6262 6172
f 6223 6238 6174
f 6213 6327 6188
f 6094 6228 6252
f 6278 6214 6189
f 6279 6278 6189
f 6190 6280 6117
f 6342 6281 6095
f 6095 6133 6342
f 6244 6155 6215
f 6286 6136 6191
f 6288 6157 6204
f 6378 6207 6193
f 6209 6257 6235
f 6209 6185 6236
f 6170 6195 6185
f 6220 6258 6163
f 6196 6145 6221
f 6172 6210 6237
f 6197 6211 6277
f 6263 6211 6166
f 6264 6263 6166
f 6166 6198 6264
f 6238 6265 6198
f 6223 6199 6239
f 6175 6239 6199
f 6297 6309 6224
f 6327 6266 6178
f 6178 6188 6327
f 6279 6117 6280
f 6242 6190 6180
f 6134 6342 6133
f 6134 6200 6343
f 6201 6202 6243
f 6244 6283 6154
f 6316 6183 6245
f 6138 6203 6287
f 6157 6288 6203
f 6204 6255 6288
f 6158 6247 6255
f 6289 6168 6205
f 6320 6289 6205
f 6205 6206 6320
f 6273 6098 6301
f 6301 6098 6302
f 6162 6234 6193
f 6208 6235 6274
f 6236 6257 6209
f 6195 6236 6185
f 6259 6220 6171
f 6222 6261 6187
f 6187 6262 6222
f 6295 6237 6210
f 6210 6197 6324
f 6263 6277 6211
f 6265 6264 6198
f 6310 6226 6177
f 6241 6340 6132
f 6312 6241 6132
f 6253 6391 6181
f 6230 6201 6375
f 6243 6375 6201
f 6317 6245 6216
f 6216 6217 6317
f 6232 6156 6269
f 6156 6136 6269
f 6122 6270 6192
f 6270 6181 6391
f 6272 6218 6334
f 6249 6161 6291
f 6292 6291 6161
f 6161 6219 6292
f 6219 6207 6350
f 6274 6343 6200
f 6200 6208 6274
f 6210 6324 6295
f 6223 6337 6238
f 6371 6176 6212
f 6225 6371 6212
f 6225 6064 6358
f 6064 6226 6358
f 6240 6227 6338
f 6339 6252 6228
f 6228 6340 6339
f 6214 6312 6011
f 6343 6342 6134
f 6282 6254 6230
f 6230 6375 6282
f 6202 6231 6315
f 6283 6315 6231
f 6268 6317 6217
f 6217 6135 6318
f 6271 6233 6330
f 6289 6233 6168
f 6248 6333 6206
f 6234 6287 6346
f 6303 6274 6235
f 6293 6303 6235
f 6235 6257 6293
f 6306 6260 6221
f 6221 6261 6306
f 6261 6222 6251
f 6222 6262 6307
f 6338 6177 6240
f 6281 6361 6242
f 6229 6254 6314
f 6254 6282 6374
f 6243 6202 6421
f 6315 6421 6202
f 6284 6283 6244
f 6318 6268 6217
f 6184 6246 6299
f 6286 6269 6136
f 6272 6333 6248
f 6160 6273 6335
f 6273 6301 6335
f 6350 6292 6219
f 6257 6236 6304
f 6305 6275 6236
f 6236 6195 6305
f 6195 6250 6305
f 6276 6305 6250
f 6250 6258 6276
f 6307 6251 6222
f 6263 6264 6325
f 6265 6325 6264
f 6337 6356 6238
f 6223 6239 6296
f 6371 6504 6176
f 6338 6227 6359
f 6252 6339 6311
f 6362 6361 6281
f 6362 6281 6342
f 6328 6373 6253
f 6253 6229 6328
f 6254 6374 6314
f 6244 6215 6459
f 6267 6459 6215
f 6285 6299 6246
f 6246 6232 6285
f 6347 6287 6203
f 6319 6347 6203
f 6203 6288 6319
f 6422 6255 6247
f 6335 6348 6160
f 6336 6321 6256
f 6256 6249 6336
f 6193 6234 6379
f 6303 6322 6274
f 6304 6293 6257
f 6275 6304 6236
f 6294 6276 6258
f 6258 6220 6294
f 6220 6259 6323
f 6196 6221 6260
f 6262 6237 6307
f 6295 6307 6237
f 6382 6197 6277
f 6325 6369 6263
f 6265 6238 6356
f 6337 6223 6296
f 6357 6308 6239
f 6239 6175 6357
f 6297 6357 6175
f 6309 6176 6385
f 6504 6385 6176
f 6227 6266 6406
f 6327 6406 6266
f 6241 6312 6341
f 6314 6328 6229
f 6283 6284 6388
f 6284 6244 6459
f 6317 6376 6245
f 6318 6184 6298
f 6299 6298 6184
f 6269 6285 6232
f 6389 6192 6270
f 6392 6288 6255
f 6435 6423 6247
f 6247 6300 6435
f 6393 6300 6271
f 6330 6393 6271
f 6290 6320 6206
f 6290 6206 6394
f 6333 6272 6334
f 6334 6218 6395
f 6348 6395 6218
f 6291 6336 6249
f 6378 6350 6207
f 6343 6274 6322
f 6355 6294 6220
f 6323 6355 6220
f 6259 6196 6323
f 6260 6323 6196
f 6261 6251 6306
f 6277 6263 6382
f 6296 6239 6308
f 6226 6405 6358
f 6326 6405 6226
f 6226 6310 6326
f 6338 6310 6177
f 6406 6359 6227
f 6340 6241 6360
f 6313 6278 6279
f 6190 6242 6361
f 6344 6315 6283
f 6388 6344 6283
f 6316 6245 6376
f 6269 6286 6345
f 6286 6192 6448
f 6347 6346 6287
f 6392 6319 6288
f 6289 6320 6332
f 6275 6305 6366
f 6260 6306 6401
f 6368 6306 6251
f 6251 6307 6368
f 6369 6382 6263
f 6325 6265 6370
f 6279 6280 6313
f 6361 6387 6190
f 6420 6391 6253
f 6253 6373 6420
f 6328 6314 6477
f 6375 6243 6432
f 6344 6433 6315
f 6298 6299 6409
f 6192 6389 6448
f 6247 6423 6422
f 6233 6289 6331
f 6333 6394 6206
f 6335 6301 6413
f 6301 6302 6413
f 6321 6413 6302
f 6292 6350 6396
f 6350 6378 6414
f 6379 6378 6193
f 6303 6293 6351
f 6353 6352 6304
f 6304 6275 6353
f 6366 6353 6275
f 6380 6366 6305
f 6276 6380 6305
f 6276 6294 6400
f 6403 6368 6307
f 6307 6295 6403
f 6295 6324 6455
f 6265 6356 6418
f 6224 6309 6384
f 6385 6384 6309
f 6213 6407 6327
f 6252 6407 6213
f 6360 6241 6341
f 6214 6278 6419
f 6456 6313 6280
f 6280 6190 6456
f 6387 6456 6190
f 6432 6243 6421
f 6421 6315 6433
f 6376 6363 6316
f 6364 6376 6317
f 6268 6364 6317
f 6285 6409 6299
f 6255 6422 6392
f 6331 6330 6233
f 6413 6321 6349
f 6343 6322 6408
f 6303 6451 6322
f 6351 6415 6303
f 6380 6276 6400
f 6354 6400 6294
f 6294 6355 6354
f 6323 6381 6355
f 6401 6367 6260
f 6306 6368 6401
f 6370 6265 6418
f 6312 6214 6419
f 6430 6419 6278
f 6343 6408 6342
f 6477 6373 6328
f 6445 6374 6282
f 6282 6375 6445
f 6316 6267 6329
f 6364 6268 6496
f 6318 6496 6268
f 6390 6389 6270
f 6270 6391 6390
f 6393 6435 6300
f 6394 6333 6411
f 6395 6348 6412
f 6397 6379 6234
f 6234 6346 6397
f 6451 6303 6415
f 6367 6323 6260
f 6337 6296 6556
f 6296 6308 6357
f 6386 6225 6358
f 6310 6338 6326
f 6428 6326 6338
f 6372 6407 6252
f 6252 6311 6372
f 6360 6339 6340
f 6278 6313 6430
f 6408 6457 6362
f 6362 6342 6408
f 6344 6388 6478
f 6267 6316 6363
f 6298 6496 6318
f 6448 6345 6286
f 6392 6461 6319
f 6377 6392 6422
f 6393 6330 6410
f 6348 6335 6412
f 6413 6485 6335
f 6566 6336 6291
f 6292 6566 6291
f 6414 6396 6350
f 6352 6353 6365
f 6381 6354 6355
f 6367 6381 6323
f 6442 6369 6325
f 6384 6404 6224
f 6386 6371 6225
f 6358 6405 6386
f 6406 6327 6492
f 6408 6322 6451
f 6477 6314 6431
f 6314 6374 6431
f 6433 6344 6521
f 6345 6285 6269
f 6347 6319 6461
f 6331 6289 6449
f 6332 6449 6289
f 6424 6332 6320
f 6320 6290 6424
f 6425 6424 6290
f 6394 6425 6290
f 6333 6334 6463
f 6395 6463 6334
f 6412 6484 6395
f 6349 6321 6436
f 6321 6336 6436
f 6426 6351 6352
f 6353 6366 6398
f 6399 6366 6380
f 6402 6401 6368
f 6368 6403 6402
f 6472 6324 6197
f 6197 6382 6472
f 6383 6382 6369
f 6369 6442 6383
f 6356 6337 6556
f 6357 6474 6296
f 6492 6327 6407
f 6360 6429 6339
f 6432 6445 6375
f 6478 6521 6344
f 6388 6284 6522
f 6363 6376 6434
f 6364 6434 6376
f 6331 6410 6330
f 6463 6411 6333
f 6437 6414 6378
f 6379 6437 6378
f 6460 6346 6347
f 6352 6365 6426
f 6416 6365 6353
f 6398 6416 6353
f 6399 6398 6366
f 6427 6399 6380
f 6380 6400 6427
f 6381 6417 6354
f 6381 6367 6440
f 6441 6403 6295
f 6418 6356 6443
f 6404 6384 9414
f 6516 6429 6360
f 6341 6516 6360
f 6419 6341 6312
f 6475 6430 6313
f 6476 6456 6387
f 6361 6476 6387
f 6391 6420 6481
f 6374 6445 6431
f 6432 6421 6458
f 6522 6284 6446
f 6459 6446 6284
f 6364 6496 6479
f 6285 6345 6480
f 6481 6390 6391
f 6347 6461 6460
f 6412 6335 6465
f 6527 6566 6292
f 6292 6396 6527
f 6438 6415 6351
f 6351 6426 6438
f 6439 6427 6400
f 6400 6354 6439
f 6417 6439 6354
f 6381 6440 6417
f 6440 6367 6453
f 6490 6401 6402
f 6403 6490 6402
f 6295 6455 6441
f 6472 6455 6324
f 6370 6442 6325
f 6556 6443 6356
f 6556 6296 6474
f 6491 9414 6384
f 6384 6385 6504
f 6531 6504 6371
f 6359 6428 6338
f 6359 6406 6505
f 6492 6505 6406
f 6456 6475 6313
f 6408 6451 6487
f 6421 6433 6520
f 6267 6363 6509
f 6409 6285 6480
f 6498 6448 6389
f 6461 6392 6510
f 6425 6394 6482
f 6411 6482 6394
f 6485 6465 6335
f 6349 6485 6413
f 6349 6436 6486
f 6336 6566 6466
f 6460 6450 6346
f 6438 6451 6415
f 6367 6401 6453
f 6454 6453 6401
f 6490 6454 6401
f 6403 6441 6490
f 6472 6382 6514
f 6382 6383 6514
f 6386 6531 6371
f 6311 6339 6444
f 6419 6430 6507
f 6476 6361 6493
f 6362 6493 6361
f 6493 6362 6457
f 6457 6408 6494
f 6487 6494 6408
f 6445 6432 6519
f 6458 6421 6520
f 6522 6478 6388
f 6509 6363 6434
f 6434 6364 6479
f 6496 6298 6536
f 6409 6536 6298
f 6447 6497 6345
f 6448 6447 6345
f 6377 6510 6392
f 6463 6395 6484
f 6397 6437 6379
f 6450 6397 6346
f 6452 6426 6365
f 6365 6416 6452
f 6416 6398 6452
f 6468 6452 6398
f 6488 6399 6427
f 6439 6488 6427
f 6474 6357 9417
f 6404 9417 6357
f 6384 6504 6491
f 6429 6444 6339
f 6267 6534 6459
f 6409 6480 6536
f 6497 6480 6345
f 6462 6423 6435
f 6435 6393 6462
f 6332 6424 6598
f 6483 6482 6411
f 6463 6483 6411
f 6484 6412 6464
f 6465 6464 6412
f 6466 6436 6336
f 6451 6438 6487
f 6438 6426 6467
f 6399 6468 6398
f 6439 6417 6469
f 6417 6440 6470
f 6453 6470 6440
f 6490 6441 6471
f 6383 6442 6473
f 6386 6405 6557
f 6428 6359 6532
f 6492 6407 6372
f 6517 6475 6456
f 6420 6373 6524
f 6560 6431 6445
f 6445 6519 6560
f 6521 6520 6433
f 6459 6534 6446
f 6479 6496 6523
f 6498 6447 6448
f 6389 6390 6498
f 6525 6422 6423
f 6423 6462 6525
f 6538 6393 6410
f 6331 6449 6562
f 6539 6562 6449
f 6482 6599 6425
f 6485 6349 6661
f 6486 6661 6349
f 6396 6414 6630
f 6540 6630 6414
f 6414 6437 6540
f 6450 6460 6617
f 6499 6468 6399
f 6399 6488 6499
f 6469 6488 6439
f 6500 6469 6417
f 6470 6500 6417
f 6501 6470 6453
f 6502 6453 6454
f 6490 6513 6454
f 6666 6441 6455
f 6473 6514 6383
f 6370 6418 6585
f 6443 6585 6418
f 6545 6326 6428
f 6359 6505 6532
f 6372 6311 6444
f 6546 6341 6419
f 6507 6546 6419
f 6559 6507 6430
f 6430 6475 6559
f 6547 6517 6456
f 6533 6493 6457
f 6494 6533 6457
f 6549 6481 6420
f 6524 6549 6420
f 6477 6431 6508
f 6431 6560 6508
f 6458 6519 6432
f 6522 6446 6578
f 6534 6578 6446
f 6479 6535 6434
f 6579 6498 6390
f 6481 6579 6390
f 6510 6460 6461
f 6525 6377 6422
f 6483 6463 6511
f 6484 6511 6463
f 6464 6465 6565
f 6527 6396 6630
f 6467 6426 6542
f 6452 6542 6426
f 6488 6469 6489
f 6500 6529 6469
f 6453 6502 6501
f 6513 6502 6454
f 6490 6571 6513
f 6455 6472 6666
f 6572 6666 6472
f 6491 6504 6515
f 6670 6531 6386
f 6386 6557 6670
f 6517 6559 6475
f 6456 6476 6547
f 6493 6518 6476
f 6373 6477 6591
f 6477 6508 6591
f 6478 6522 6495
f 6536 6612 6496
f 6331 6538 6410
f 6332 6539 6449
f 6526 6598 6424
f 6425 6526 6424
f 6599 6482 6563
f 6484 6464 6511
f 6465 6485 6581
f 6661 6581 6485
f 6437 6397 6551
f 6528 6541 6438
f 6438 6467 6528
f 6582 6452 6468
f 6553 6499 6488
f 6529 6489 6469
f 6500 6470 6544
f 6501 6544 6470
f 6503 6571 6490
f 6514 6572 6472
f 6514 6473 6530
f 6442 6370 6668
f 6574 6557 6405
f 6444 6575 6372
f 6444 6429 6506
f 6429 6516 6506
f 6576 6546 6507
f 6507 6559 6576
f 6547 6476 6518
f 6534 6267 6561
f 6509 6561 6267
f 6509 6434 6535
f 6594 6479 6523
f 6523 6496 6612
f 6579 6481 6549
f 6538 6462 6393
f 6562 6538 6331
f 6598 6539 6332
f 6563 6482 6550
f 6437 6551 6540
f 6552 6551 6397
f 6397 6450 6552
f 6450 6617 6552
f 6528 6467 6542
f 6543 6542 6452
f 6468 6499 6512
f 6553 6512 6499
f 6553 6488 6554
f 6489 6554 6488
f 6471 6503 6490
f 6584 6530 6473
f 6668 6370 6585
f 6491 9413 9414
f 6504 6531 6515
f 6405 6326 6574
f 6326 6545 6574
f 6545 6428 6532
f 6505 6492 6558
f 6492 6372 6558
f 6575 6558 6372
f 6341 6546 6516
f 6519 6458 6641
f 6458 6520 6674
f 6520 6521 6548
f 6521 6478 6609
f 6535 6479 6594
f 6480 6497 6595
f 6537 6525 6462
f 6482 6483 6550
f 6564 6550 6483
f 6483 6511 6564
f 6511 6464 6580
f 6464 6565 6580
f 6466 6486 6436
f 6487 6438 6541
f 6602 6543 6452
f 6582 6602 6452
f 6468 6512 6582
f 6502 6513 6570
f 6513 6571 6570
f 6666 6471 6441
f 6514 6530 6603
f 6605 9413 6491
f 6591 6524 6373
f 6609 6548 6521
f 6495 6609 6478
f 6578 6495 6522
f 6599 6526 6425
f 6580 6564 6511
f 6465 6581 6565
f 6567 6566 6527
f 6630 6567 6527
f 6529 6500 6569
f 6500 6544 6569
f 6544 6501 6555
f 6502 6555 6501
f 6474 6604 6556
f 6622 6573 6474
f 6474 9417 6622
f 6515 6605 6491
f 6532 6505 6587
f 6506 6516 6588
f 6546 6588 6516
f 6671 6559 6517
f 6517 6547 6607
f 6533 6639 6493
f 6592 6591 6508
f 6674 6641 6458
f 6548 6651 6520
f 6561 6509 6653
f 6610 6653 6509
f 6535 6610 6509
f 6536 6480 6625
f 6643 6625 6480
f 6596 6617 6460
f 6596 6460 6510
f 6510 6613 6596
f 6510 6377 6613
f 6494 6487 6541
f 6542 6543 6619
f 6568 6554 6489
f 6529 6568 6489
f 6583 6569 6544
f 6473 6442 6633
f 6668 6633 6442
f 6573 6604 6474
f 6545 6532 6686
f 6575 6444 6606
f 6506 6606 6444
f 6671 6576 6559
f 6607 6671 6517
f 6674 6520 6651
f 6594 6610 6535
f 6625 6612 6536
f 6497 6447 6644
f 6447 6498 6644
f 6562 6597 6538
f 6539 6598 6659
f 6563 6550 6615
f 6541 6618 6494
f 6541 6528 6601
f 6662 6601 6528
f 6528 6542 6662
f 6619 6662 6542
f 6553 6554 6631
f 6554 6568 6632
f 6555 6502 6621
f 6570 6621 6502
f 6571 6503 6649
f 6503 6471 6683
f 6471 6666 6683
f 6603 6572 6514
f 6633 6584 6473
f 6443 6556 6586
f 6604 6586 6556
f 6557 6574 6670
f 6636 6686 6532
f 6505 6558 6587
f 6588 6546 6589
f 6533 6494 6590
f 6618 6590 6494
f 6549 6524 6645
f 6593 6592 6508
f 6508 6560 6593
f 6624 6593 6560
f 6560 6519 6624
f 6641 6624 6519
f 6495 6578 6652
f 6595 6643 6480
f 6497 6644 6595
f 6626 6498 6579
f 6377 6525 6613
f 6597 6462 6538
f 6562 6539 6614
f 6659 6614 6539
f 6598 6526 6700
f 6599 6700 6526
f 6599 6563 6658
f 6563 6615 6658
f 6550 6564 6615
f 6564 6580 6600
f 6661 6654 6581
f 6661 6486 6655
f 6629 6655 6486
f 6486 6466 6629
f 6466 6566 6629
f 6566 6567 6629
f 6601 6618 6541
f 6602 6619 6543
f 6512 6553 6631
f 6631 6554 6632
f 6620 6568 6529
f 6544 6555 6583
f 6665 6555 6621
f 6570 6571 6649
f 6603 6666 6572
f 6530 6584 6603
f 6635 6605 6515
f 6515 6531 6635
f 6587 6636 6532
f 6673 6547 6518
f 6577 6673 6518
f 6639 6577 6518
f 6518 6493 6639
f 6639 6533 6590
f 6591 6623 6524
f 6578 6534 6561
f 6645 6626 6579
f 6579 6549 6645
f 6596 6613 6656
f 6597 6562 6614
f 6628 6600 6580
f 6580 6565 6628
f 6565 6581 6660
f 6654 6660 6581
f 6540 6551 6717
f 6647 6602 6582
f 6681 6647 6582
f 6582 6512 6681
f 6663 6681 6512
f 6569 6620 6529
f 6728 6649 6503
f 6503 6683 6728
f 6443 6669 6585
f 6586 6604 6705
f 6622 6634 6573
f 6650 6635 6531
f 6531 6670 6650
f 6686 6574 6545
f 6587 6558 6637
f 6576 6671 6638
f 6673 6607 6547
f 6623 6645 6524
f 6608 6640 6591
f 6591 6592 6608
f 6593 6608 6592
f 6692 6548 6609
f 6610 6594 6611
f 6644 6675 6595
f 6644 6498 6723
f 6537 6462 6657
f 6462 6597 6657
f 6614 6677 6597
f 6700 6659 6598
f 6700 6599 6627
f 6599 6658 6627
f 6615 6564 6616
f 6565 6660 6628
f 6680 6717 6551
f 6718 6617 6596
f 6720 6724 6618
f 6618 6601 6720
f 6646 6619 6602
f 6647 6646 6602
f 6583 6664 6569
f 6665 6583 6555
f 6586 6669 6443
f 6573 6705 6604
f 6575 6637 6558
f 6506 6588 6606
f 6638 6589 6546
f 6546 6576 6638
f 6692 6609 6642
f 6609 6495 6642
f 6611 6594 6694
f 6523 6694 6594
f 6523 6612 6694
f 6695 6694 6612
f 6625 6695 6612
f 6675 6643 6595
f 6613 6525 6656
f 6678 6658 6615
f 6616 6678 6615
f 6628 6703 6600
f 6718 6552 6617
f 6724 6590 6618
f 6720 6601 6662
f 6512 6631 6663
f 6682 6632 6568
f 6682 6568 6620
f 6584 6633 6685
f 6633 6668 6667
f 6668 6585 6756
f 6669 6756 6585
f 6776 9413 6605
f 6605 6635 6776
f 6639 6590 6688
f 6640 6623 6591
f 6593 6624 6689
f 6651 6548 6692
f 6495 6652 6642
f 6578 6561 6693
f 6653 6693 6561
f 6698 6596 6656
f 6676 6656 6525
f 6525 6537 6676
f 6677 6657 6597
f 6677 6614 6713
f 6659 6713 6614
f 6800 6659 6700
f 6701 6700 6627
f 6658 6701 6627
f 6629 6567 6716
f 6630 6716 6567
f 6741 6680 6551
f 6551 6552 6741
f 6619 6721 6662
f 6646 6721 6619
f 6648 6664 6583
f 6583 6665 6648
f 6570 6649 6621
f 6685 6603 6584
f 6667 6685 6633
f 6635 6650 6886
f 6574 6686 6730
f 6637 6575 6706
f 6606 6706 6575
f 6588 6589 6606
f 6744 6638 6671
f 6812 6672 6607
f 6607 6673 6812
f 6673 6577 6687
f 6724 6688 6590
f 6623 6640 6766
f 6640 6608 6711
f 6608 6593 6697
f 6692 6691 6651
f 6708 6642 6652
f 6652 6578 6693
f 6734 6709 6610
f 6610 6611 6734
f 6696 6695 6625
f 6643 6696 6625
f 6675 6644 6765
f 6723 6765 6644
f 6626 6723 6498
f 6726 6682 6620
f 6620 6569 6726
f 6569 6664 6824
f 6684 6666 6603
f 6743 6886 6650
f 6650 6670 6743
f 6686 6636 6757
f 6758 6606 6589
f 6791 6671 6607
f 6607 6672 6791
f 6697 6711 6608
f 6689 6697 6593
f 6691 6690 6674
f 6674 6651 6691
f 6693 6708 6652
f 6693 6653 6733
f 6709 6733 6653
f 6653 6610 6709
f 6623 6710 6645
f 6703 6628 6735
f 6628 6660 6736
f 6655 6629 6770
f 6716 6770 6629
f 6717 6630 6540
f 6552 6718 6754
f 6537 6657 6676
f 6740 6701 6658
f 6678 6740 6658
f 6714 6678 6616
f 6718 6596 6698
f 6659 6699 6713
f 6737 6700 6701
f 6679 6714 6616
f 6616 6703 6679
f 6735 6628 6736
f 6654 6736 6660
f 6661 6655 6654
f 6770 6654 6655
f 6754 6741 6552
f 6720 6662 6771
f 6721 6771 6662
f 6631 6632 6755
f 6632 6682 6725
f 6824 6726 6569
f 6790 6683 6666
f 6666 6684 6790
f 6603 6685 6684
f 6667 6668 6704
f 6756 6704 6668
f 6586 6773 6669
f 6705 6573 6634
f 6670 6574 6849
f 6637 6850 6587
f 6759 6589 6638
f 6673 6687 6812
f 6639 6779 6577
f 6688 6745 6639
f 6711 6766 6640
f 6690 6624 6641
f 6641 6674 6690
f 6692 6642 6707
f 6642 6708 6707
f 6694 6749 6611
f 6645 6710 6626
f 6712 6676 6657
f 6677 6712 6657
f 6699 6659 6739
f 6659 6800 6739
f 6740 6678 6753
f 6714 6753 6678
f 6679 6703 6702
f 6736 6654 6715
f 6770 6715 6654
f 6836 6716 6630
f 6717 6836 6630
f 6724 6720 6719
f 6681 6663 6786
f 6742 6663 6631
f 6788 6824 6664
f 6649 6728 6896
f 6884 6728 6683
f 6776 9415 9413
f 6757 6636 6828
f 6587 6828 6636
f 6687 6577 6779
f 6745 6779 6639
f 6732 6708 6693
f 6733 6732 6693
f 6695 6749 6694
f 6677 6713 6751
f 6713 6699 6739
f 6801 6737 6701
f 6701 6740 6801
f 6805 6797 6703
f 6703 6735 6805
f 6771 6719 6720
f 6819 6721 6646
f 6772 6786 6663
f 6663 6742 6772
f 6631 6755 6742
f 6726 6725 6682
f 6789 6788 6664
f 6727 6648 6665
f 6665 6621 6727
f 6808 6727 6621
f 6621 6649 6808
f 6649 6896 6808
f 6683 6790 6884
f 6684 6685 6809
f 6705 6634 6774
f 6848 6743 6670
f 6670 6849 6848
f 6850 6828 6587
f 6637 6706 6829
f 6706 6606 6830
f 6638 6744 6759
f 6746 6731 6689
f 6689 6624 6746
f 6624 6690 6746
f 6690 6691 6747
f 6691 6692 6814
f 6814 6692 6815
f 6692 6707 6815
f 6707 6708 6763
f 6734 6748 6709
f 6749 6734 6611
f 6764 6696 6643
f 6643 6675 6764
f 6675 6765 6764
f 6626 6710 6794
f 6710 6623 6766
f 6783 6766 6711
f 6656 6676 6803
f 6712 6803 6676
f 6677 6751 6712
f 6739 6799 6713
f 6752 6800 6700
f 6700 6737 6752
f 6702 6703 6797
f 6735 6736 6768
f 6719 6761 6724
f 6719 6771 6785
f 6786 6647 6681
f 6664 6648 6789
f 6728 6884 6883
f 6729 6774 6634
f 6635 6886 6776
f 6757 6730 6686
f 6606 6758 6830
f 6589 6759 6758
f 6813 6812 6687
f 6687 6779 6813
f 6688 6760 6745
f 6722 6689 6731
f 6746 6690 6747
f 6762 6747 6691
f 6763 6708 6792
f 6732 6792 6708
f 6748 6733 6709
f 6749 6695 6793
f 6626 6765 6723
f 6711 6722 6750
f 6819 6818 6721
f 6647 6786 6843
f 6725 6726 6787
f 6824 6788 6825
f 6685 6667 6809
f 6704 6810 6667
f 6669 6811 6756
f 6574 6730 6849
f 6850 6637 6829
f 6778 6759 6744
f 6791 6744 6671
f 6761 6760 6688
f 6688 6724 6761
f 6731 6780 6722
f 6814 6762 6691
f 6763 6815 6707
f 6782 6732 6733
f 6733 6748 6782
f 6695 6696 6793
f 6765 6626 6794
f 6796 6783 6711
f 6780 6750 6722
f 6768 6805 6735
f 6715 6768 6736
f 6738 6718 6698
f 6799 6751 6713
f 6865 6752 6737
f 6837 6698 6656
f 6803 6837 6656
f 6751 6799 6959
f 6753 6801 6740
f 6714 6840 6868
f 6769 6768 6715
f 6715 6770 6769
f 6798 6770 6716
f 6836 6717 6861
f 6964 6861 6717
f 6717 6680 6964
f 6948 6680 6741
f 6741 6754 6948
f 6738 6754 6718
f 6771 6721 6806
f 6818 6806 6721
f 6755 6632 6823
f 6725 6823 6632
f 6725 6787 6882
f 6883 6896 6728
f 6684 6809 6790
f 6810 6809 6667
f 6756 6811 6704
f 6705 6773 6586
f 9416 9415 6775
f 9415 6776 6775
f 6757 6828 6777
f 6744 6791 6778
f 6779 6745 6760
f 6746 6747 6781
f 6878 6781 6747
f 6762 6890 6747
f 6856 6748 6734
f 6734 6749 6856
f 6711 6750 6796
f 6784 6796 6750
f 6780 6784 6750
f 6838 6863 6737
f 6737 6801 6838
f 6753 6714 6867
f 6714 6868 6867
f 6835 6767 6702
f 6835 6702 6870
f 6797 6870 6702
f 6836 6798 6716
f 6948 6964 6680
f 6822 6772 6742
f 6787 6726 6824
f 6826 6648 6727
f 6811 6669 6874
f 6774 6875 6705
f 6729 9416 9366
f 9416 6775 6847
f 6731 6877 6780
f 6731 6746 6877
f 6890 6878 6747
f 6782 6792 6732
f 6782 6748 6816
f 6854 6816 6748
f 6833 6764 6765
f 6794 6833 6765
f 6794 6710 6795
f 6710 6766 6795
f 6766 6783 6795
f 6837 6738 6698
f 6862 6799 6739
f 6864 6862 6739
f 6739 6800 6864
f 6737 6863 6865
f 6866 6801 6753
f 6802 6866 6753
f 6753 6867 6802
f 6805 6768 6871
f 6798 6769 6770
f 6785 6771 6806
f 6843 6646 6647
f 6786 6772 6820
f 6821 6820 6772
f 6822 6821 6772
f 6872 6742 6755
f 6788 6789 6807
f 6648 6826 6789
f 6808 6826 6727
f 6669 6773 6874
f 6773 6705 6875
f 6729 6875 6774
f 9416 6847 6885
f 6776 6886 6775
f 6897 6849 6730
f 6730 6757 6897
f 6830 6758 6888
f 6877 6834 6780
f 6746 6781 6877
f 6814 6890 6762
f 6814 6815 6879
f 6815 6763 6831
f 6856 6854 6748
f 6783 6796 6795
f 6784 6780 6858
f 6719 6906 6761
f 6785 6906 6719
f 6786 6820 6843
f 6872 6822 6742
f 6755 6823 6881
f 6882 6823 6725
f 6787 6824 6882
f 6807 6825 6788
f 6789 6873 6807
f 6826 6873 6789
f 6884 6790 6844
f 6790 6809 6844
f 6704 6811 6846
f 6885 9366 9416
f 6757 6827 6897
f 6757 6777 6827
f 6672 6812 6876
f 6834 6877 6934
f 6831 6763 6853
f 6763 6792 6853
f 6857 6833 6794
f 6794 6795 6857
f 6795 6796 6817
f 6796 6784 6939
f 6835 6804 6767
f 6805 6870 6797
f 6859 6768 6769
f 6948 6754 6972
f 6800 6752 6864
f 6839 6838 6801
f 6866 6839 6801
f 9452 6754 6738
f 6986 6837 6803
f 6803 6712 6986
f 6880 6986 6712
f 6751 6880 6712
f 6880 6751 6959
f 6923 6959 6799
f 6799 6862 6923
f 6870 6805 6871
f 6798 6859 6769
f 6798 6836 6860
f 9452 6972 6754
f 6842 6819 6646
f 6646 6843 6842
f 6881 6872 6755
f 6824 6825 6949
f 6994 6826 6808
f 6896 6994 6808
f 6930 6844 6809
f 6845 6930 6809
f 6809 6810 6845
f 6810 6704 6846
f 6706 6830 6829
f 6851 6887 6830
f 6888 6851 6830
f 6899 6758 6759
f 6915 6876 6812
f 6812 6813 6915
f 6779 6900 6813
f 6890 6814 6918
f 6879 6918 6814
f 6831 6879 6815
f 6792 6782 6832
f 6764 6833 6921
f 6796 6939 6817
f 6818 6819 7036
f 6819 6841 7036
f 6842 6841 6819
f 6881 6823 6909
f 6882 6909 6823
f 6883 6884 6929
f 6885 6847 6912
f 6775 6886 6931
f 6827 6777 6898
f 6887 6829 6830
f 6758 6899 6888
f 6759 6778 6899
f 6791 6672 6876
f 6760 6900 6779
f 6760 6761 6916
f 6878 6917 6781
f 6853 6792 6936
f 6832 6936 6792
f 6956 6832 6782
f 6782 6816 6956
f 6854 6856 6855
f 6793 6856 6749
f 6793 6696 6919
f 6920 6919 6696
f 6696 6764 6920
f 6901 6921 6833
f 6833 6857 6901
f 6902 6857 6795
f 6817 6902 6795
f 6852 6858 6834
f 6859 6871 6768
f 6861 6860 6836
f 6891 9452 6738
f 6837 6891 6738
f 6903 6868 6840
f 6840 6804 6903
f 6785 6806 6973
f 6894 6893 6820
f 6820 6821 6894
f 6821 6822 6907
f 6824 6927 6882
f 6825 6807 6895
f 6910 6965 6773
f 6773 6875 6910
f 6913 6847 6775
f 7027 6886 6743
f 6743 6848 7027
f 6828 6850 6914
f 6899 6778 6791
f 6791 6876 6899
f 6916 6900 6760
f 6918 6879 6955
f 6855 6816 6854
f 6764 6921 6920
f 6902 6901 6857
f 6922 6784 6858
f 6835 6870 6869
f 6892 6869 6870
f 6870 6871 6892
f 6871 6859 6905
f 6988 6864 6752
f 6943 6752 6865
f 6802 6867 6946
f 6867 6868 6946
f 6970 6862 6864
f 6752 6943 6988
f 6989 6865 6863
f 6838 6839 6960
f 6924 6839 6866
f 6866 6802 6924
f 6903 6946 6868
f 6903 6869 6904
f 6892 6871 6963
f 6925 6905 6859
f 6973 6806 6818
f 6926 6842 6843
f 6843 6820 6893
f 6822 6872 6907
f 6908 6907 6872
f 6949 6927 6824
f 6949 6825 6895
f 7023 6895 6807
f 6826 6994 6928
f 6811 6874 6950
f 7024 6950 6874
f 6874 6773 7024
f 6965 7024 6773
f 6966 6910 6875
f 6875 6729 6966
f 6847 6913 6912
f 6897 6951 6849
f 6777 6828 6898
f 6914 6898 6828
f 6829 6914 6850
f 6981 6915 6813
f 6813 6900 6981
f 6761 6906 6952
f 6934 6852 6834
f 6934 6877 6889
f 6877 6781 6889
f 6917 6889 6781
f 6954 6917 6878
f 6890 6954 6878
f 6831 6935 6879
f 6856 6793 6919
f 6784 6958 6939
f 6784 6922 6958
f 6940 6922 6858
f 6986 6985 6837
f 6880 6959 7065
f 6941 6959 6923
f 6989 6943 6865
f 6960 6863 6838
f 6961 6960 6839
f 6839 6924 6961
f 6944 6924 6802
f 6802 6946 6944
f 6963 6962 6892
f 6871 6905 6963
f 6859 6798 6925
f 6798 6860 6991
f 6948 6972 6992
f 6821 6907 6894
f 6928 6873 6826
f 6883 6929 6896
f 6995 6929 6884
f 6884 6844 6995
f 6845 7007 6930
f 7088 6845 6810
f 6810 6846 7088
f 6966 6729 6911
f 7027 6931 6886
f 6848 6849 6951
f 6932 6851 6888
f 6888 6899 6933
f 6952 6916 6761
f 6934 6953 6852
f 6955 6879 6935
f 6935 6831 6853
f 6919 6855 6856
f 6891 6837 6985
f 6862 6970 6923
f 6904 6869 6947
f 6869 6892 6947
f 6925 6798 6991
f 6860 6861 7021
f 6964 7021 6861
f 6906 6785 7029
f 6973 7029 6785
f 7036 6973 6818
f 6926 6843 6893
f 6872 6881 6908
f 6807 6873 6928
f 6844 6930 7007
f 6931 6913 6775
f 6933 6932 6888
f 6876 6915 6996
f 6999 6934 6889
f 6889 6917 7013
f 6957 6956 6816
f 6901 6902 6937
f 7033 6937 6902
f 6938 6902 6817
f 6817 6939 6938
f 6858 6852 6940
f 6986 6880 7034
f 6942 6941 6923
f 6988 6970 6864
f 7004 6946 6903
f 6903 6904 7004
f 6990 6963 6905
f 6991 6860 7021
f 7029 6952 6906
f 7038 6908 6881
f 6928 7023 6807
f 6976 7088 6846
f 6846 6811 6976
f 6729 9366 6911
f 6913 7026 6912
f 6848 6951 7027
f 6914 6829 6977
f 6829 6887 6977
f 6967 6933 6899
f 6915 6981 6980
f 7013 6999 6889
f 6954 6890 7000
f 6918 7000 6890
f 6935 7015 6955
f 6853 6936 6983
f 6936 6832 7080
f 7031 7080 6832
f 6832 6956 7031
f 6956 6957 7016
f 6816 6855 6957
f 6984 6921 6901
f 6937 6984 6901
f 7018 6938 6939
f 7002 6863 6960
f 6892 6962 6947
f 6905 6925 7062
f 6842 6926 6974
f 6993 6894 6907
f 6909 7038 6881
f 6909 6882 7022
f 6927 7022 6882
f 6927 6949 7086
f 6895 7023 7040
f 6950 6976 6811
f 6885 6912 7025
f 7114 7025 6912
f 6912 7026 7114
f 6977 6887 6978
f 6887 6851 6978
f 6932 6979 6851
f 7010 6932 6933
f 6899 6876 6967
f 6980 6996 6915
f 6999 6968 6934
f 7013 6917 7046
f 6954 7046 6917
f 6955 6969 6918
f 7080 6983 6936
f 6921 6984 7076
f 6939 6958 7018
f 6922 6940 6997
f 7065 7034 6880
f 6988 6943 7035
f 6943 6989 7035
f 6863 7002 6989
f 6944 9479 6924
f 6945 6946 7019
f 7004 7019 6946
f 6963 6990 6962
f 7062 6971 6905
f 6991 7062 6925
f 6992 6964 6948
f 6893 6894 6993
f 6949 6895 7086
f 6844 7007 6995
f 6966 6911 7053
f 6898 6914 7028
f 6979 6978 6851
f 6981 6900 6982
f 6900 6916 6982
f 6916 6952 7011
f 6953 6934 6968
f 7014 7046 6954
f 6969 6955 7015
f 7015 6935 7030
f 7030 6935 7001
f 6853 7001 6935
f 7016 7031 6956
f 6957 6855 7017
f 6855 6919 7058
f 6920 7058 6919
f 6921 7076 6920
f 6938 7033 6902
f 7019 9487 6945
f 6891 6985 9452
f 6959 6941 7065
f 6987 6923 6970
f 6990 6905 6971
f 6992 7021 6964
f 7029 7056 6952
f 7036 6841 6974
f 6841 6842 6974
f 6993 6907 6975
f 7038 6909 7050
f 6927 7086 7039
f 7040 7006 6895
f 6896 6929 6994
f 6845 7088 7129
f 7024 6965 7008
f 7054 6951 6897
f 7009 7054 6897
f 7028 6827 6898
f 6933 6967 7010
f 6996 6967 6876
f 7011 6982 6916
f 6953 6968 6998
f 6999 7013 7012
f 7000 7014 6954
f 6983 7001 6853
f 7017 7016 6957
f 7047 7017 6855
f 7058 7047 6855
f 6953 6997 6940
f 6923 6987 6942
f 7127 6970 6988
f 7104 7035 6989
f 7003 6961 6924
f 6962 7125 6947
f 6990 7099 6962
f 7005 6992 6972
f 6972 9452 7005
f 7029 6973 7067
f 6973 7036 7067
f 6974 6926 7037
f 6975 6907 6908
f 7068 6975 6908
f 7038 7068 6908
f 7022 6927 7157
f 7006 7086 6895
f 7088 6976 7089
f 7052 6976 6950
f 7024 7148 6950
f 6910 6966 7112
f 7053 7112 6966
f 7115 7026 6913
f 6931 7115 6913
f 6897 6827 7009
f 7028 7009 6827
f 7091 7028 6914
f 6914 6977 7091
f 7042 6978 6979
f 7010 6979 6932
f 6996 6980 7094
f 6980 6981 7071
f 7056 7011 6952
f 7000 6918 6969
f 7058 6920 7059
f 6920 7076 7059
f 6937 7033 6984
f 7033 6938 7153
f 7060 7018 6958
f 7060 6958 6922
f 6922 6997 7060
f 6997 6953 7057
f 7005 6985 7063
f 6985 6986 7063
f 7034 7063 6986
f 7035 7127 6988
f 6989 7002 7144
f 7020 7002 6960
f 7105 6960 6961
f 6961 7003 7105
f 6904 7061 7004
f 6992 7005 7049
f 6893 6993 7108
f 7022 7050 6909
f 7086 7006 7069
f 7053 6911 7113
f 6911 7025 7113
f 6977 6978 7164
f 7055 7042 6979
f 7010 7055 6979
f 7093 7118 6967
f 6967 6996 7093
f 7094 7093 6996
f 6981 6982 7071
f 6938 7018 7153
f 7078 7060 6997
f 7057 7078 6997
f 6998 7057 6953
f 7044 6998 6968
f 6968 6999 7044
f 7012 7044 6999
f 7012 7013 7045
f 7014 7000 7096
f 7015 7122 6969
f 7019 7082 9487
f 7034 7065 7102
f 7126 6941 6942
f 6970 7127 7066
f 7128 7144 7002
f 7105 7020 6960
f 9463 7064 7003
f 6947 7061 6904
f 6991 7021 7085
f 7073 7029 7067
f 7107 6926 6893
f 6893 7108 7107
f 7173 7108 6993
f 7068 7145 6975
f 7157 7051 7022
f 7039 7157 6927
f 7110 6928 6994
f 7110 6994 6929
f 6929 6995 7110
f 7007 6845 7087
f 7052 7089 6976
f 7112 7131 6910
f 7070 7025 7114
f 7090 6931 7027
f 6951 7054 7232
f 7162 7009 7028
f 7164 7091 6977
f 7042 7041 6978
f 7010 6967 7118
f 7045 7013 7046
f 7096 7000 6969
f 7032 7031 7016
f 7016 7017 7032
f 7047 7032 7017
f 7077 6984 7033
f 7048 7153 7018
f 7018 7060 7048
f 7126 7065 6941
f 7103 6942 6987
f 6970 7066 6987
f 6989 7144 7104
f 7002 7020 7128
f 7064 7105 7003
f 7125 6962 7099
f 7021 6992 7085
f 6992 7049 7100
f 7245 7173 6993
f 6993 6975 7245
f 7050 7022 7051
f 7008 7148 7024
f 6965 6910 7131
f 6931 7090 7115
f 7232 7090 7027
f 6951 7232 7027
f 7163 7162 7028
f 7041 7164 6978
f 7055 7010 7043
f 7118 7043 7010
f 7071 7094 6980
f 7166 7071 6982
f 7057 6998 7095
f 7044 7012 7120
f 7046 7014 7079
f 7122 7096 6969
f 7122 7015 7030
f 7074 7032 7047
f 7033 7098 7077
f 7153 7098 7033
f 7019 7083 7082
f 7102 7063 7034
f 7156 7067 7036
f 7068 7038 7146
f 7050 7146 7038
f 7087 6995 7007
f 7115 7114 7026
f 7028 7091 7163
f 7167 7166 6982
f 7011 7167 6982
f 7073 7072 7029
f 7119 7095 6998
f 6998 7044 7119
f 7046 7207 7045
f 7096 7121 7014
f 7080 7031 7081
f 7032 7081 7031
f 7075 7074 7047
f 7047 7058 7075
f 7097 7058 7059
f 7048 7060 7189
f 6947 7137 7061
f 6971 7062 7139
f 7084 7139 7062
f 7062 6991 7154
f 7085 7154 6991
f 7100 7085 6992
f 7036 6974 7156
f 7037 7156 6974
f 6926 7107 7037
f 7145 7245 6975
f 7051 7230 7050
f 7040 7023 7109
f 6928 7109 7023
f 7129 7087 6845
f 7130 7089 7052
f 7052 6950 7130
f 7148 7130 6950
f 7112 7053 7159
f 7113 7159 7053
f 7161 7113 7025
f 7025 7070 7161
f 7232 7054 7200
f 7009 7200 7054
f 7041 7042 7116
f 7042 7055 7116
f 7117 7116 7055
f 7055 7043 7117
f 7092 7117 7043
f 7118 7092 7043
f 7056 7029 7205
f 7072 7205 7029
f 7190 7171 7057
f 7095 7190 7057
f 7119 7044 7120
f 7220 7120 7012
f 7045 7220 7012
f 7207 7046 7079
f 7079 7014 7121
f 7030 7001 7239
f 6983 7239 7001
f 6983 7080 7134
f 7123 7081 7032
f 7032 7074 7123
f 7097 7075 7058
f 7188 7076 6984
f 6984 7077 7188
f 7060 7078 7219
f 7078 7057 7171
f 7137 7083 7061
f 7137 6947 7125
f 7084 7062 7154
f 7101 7100 7049
f 7049 7005 7101
f 7102 9393 7063
f 7103 7126 6942
f 7228 7104 7144
f 7064 7106 7105
f 7102 7065 7197
f 7126 7197 7065
f 7142 7103 6987
f 6987 7066 7142
f 7035 7104 7143
f 7037 7107 7172
f 7230 7146 7050
f 7157 7039 7175
f 7302 7086 7069
f 7198 7302 7069
f 7069 7006 7198
f 7040 7109 7006
f 7008 6965 7111
f 7131 7111 6965
f 7114 7115 7149
f 7200 7009 7180
f 7071 7166 7132
f 7185 7167 7011
f 7011 7056 7185
f 7072 7073 7186
f 7073 7067 7186
f 7059 7076 7135
f 7188 7135 7076
f 7262 7188 7077
f 7153 7048 7284
f 7060 7219 7189
f 7171 7219 7078
f 7220 7045 7151
f 7207 7151 7045
f 7207 7079 7258
f 7081 7134 7080
f 7082 7083 7124
f 7099 7138 7125
f 7099 6990 7213
f 7194 7213 6990
f 6971 7194 6990
f 7314 7039 7086
f 7325 7314 7086
f 7086 7302 7325
f 7088 7089 7248
f 7115 7090 7179
f 7009 7162 7180
f 7091 7164 7163
f 7116 7117 7181
f 7118 7204 7092
f 7118 7093 7183
f 7093 7094 7150
f 7094 7071 7150
f 7119 7133 7095
f 7121 7169 7079
f 7121 7096 7170
f 7122 7170 7096
f 7122 7030 7191
f 7239 6983 7134
f 7152 7081 7123
f 7097 7059 7135
f 7100 7101 7140
f 7195 7066 7127
f 7143 7127 7035
f 7228 7143 7104
f 7243 7128 7020
f 7020 7105 7196
f 7244 7196 7105
f 7105 7106 7244
f 9469 7244 7106
f 7067 7156 7186
f 7107 7108 7172
f 7174 7245 7145
f 7157 7230 7051
f 7273 7198 7006
f 7006 7109 7147
f 7109 6928 7147
f 6928 7110 7147
f 7291 7110 6995
f 6995 7087 7291
f 7248 7129 7088
f 7130 7148 7177
f 7159 7158 7112
f 7160 7199 7113
f 7113 7161 7160
f 7070 7114 7178
f 7179 7149 7115
f 7232 7179 7090
f 7164 7041 7277
f 7183 7204 7118
f 7150 7183 7093
f 7150 7071 7132
f 7206 7133 7119
f 7168 7206 7119
f 7119 7120 7168
f 7123 7075 9372
f 7097 9372 7075
f 7077 7136 7262
f 7077 7098 7136
f 7137 7125 7212
f 7139 7194 6971
f 7227 7197 7126
f 7126 7103 7227
f 7127 7143 7267
f 7128 7243 7144
f 7156 7037 7229
f 7068 7174 7145
f 7147 7273 7006
f 7087 7129 7176
f 7130 7250 7089
f 7158 7231 7131
f 7131 7112 7158
f 7113 7199 7159
f 7070 7178 7161
f 7203 7041 7116
f 7116 7181 7203
f 7117 7092 7165
f 7092 7204 7165
f 7205 7185 7056
f 7095 7133 7190
f 7220 7168 7120
f 7191 7030 7239
f 7283 7098 7153
f 7210 7048 7189
f 7154 7085 7265
f 7196 7243 7020
f 7223 7103 7142
f 7310 7142 7066
f 7195 7127 7267
f 7229 7037 7172
f 7215 7108 7173
f 7247 7246 7157
f 7157 7175 7247
f 7114 7149 7178
f 7165 7181 7117
f 7183 7150 7184
f 7132 7184 7150
f 7217 7205 7072
f 7072 7186 7217
f 7258 7079 7169
f 7170 7122 7237
f 7134 7081 7209
f 7192 7209 7081
f 7081 7152 7192
f 7135 7188 7241
f 7153 7284 7283
f 7048 7210 7284
f 7138 7212 7125
f 7084 7154 7265
f 7100 7265 7085
f 7140 7101 7214
f 7242 7141 7102
f 7102 7197 7242
f 7223 7227 7103
f 7066 7195 7310
f 7268 7228 7144
f 7144 7243 7268
f 7387 7215 7173
f 7230 7157 7246
f 7175 7039 7290
f 7314 7290 7039
f 7249 7248 7089
f 7111 7131 7231
f 7199 7275 7159
f 7178 7160 7161
f 7201 7180 7162
f 7162 7163 7201
f 7233 7201 7163
f 7163 7164 7233
f 7164 7277 7233
f 7202 7277 7041
f 7202 7041 7203
f 7235 7203 7181
f 7165 7204 7182
f 7255 7132 7166
f 7256 7255 7166
f 7166 7167 7256
f 7167 7185 7256
f 7186 7156 7187
f 7169 7121 7221
f 7121 7170 7221
f 7237 7221 7170
f 7237 7122 7238
f 7191 7238 7122
f 7209 7239 7134
f 7097 7135 7261
f 7171 7190 9394
f 7211 7193 7137
f 7212 7211 7137
f 7344 7138 7099
f 7229 7187 7156
f 7173 7245 7387
f 7198 7273 7272
f 7147 7110 7328
f 7110 7291 7328
f 7089 7250 7249
f 7177 7148 7292
f 7148 7008 7292
f 7008 7111 7292
f 7231 7292 7111
f 7160 7251 7199
f 7200 7180 7294
f 7165 7235 7181
f 7183 7182 7204
f 7255 7184 7132
f 7186 7187 7217
f 7218 7240 9372
f 9372 7097 7218
f 7261 7218 7097
f 7098 7283 7136
f 7133 9394 7190
f 7168 7220 7236
f 7258 7257 7207
f 7208 7238 7191
f 7239 7208 7191
f 7239 7209 7259
f 7213 7344 7099
f 7213 7194 7222
f 7139 7222 7194
f 7224 7267 7143
f 7243 7196 7225
f 7226 7244 9469
f 7242 7197 7319
f 7197 7227 7319
f 7311 7224 7143
f 7143 7228 7311
f 7244 7225 7196
f 7271 7174 7068
f 7068 7146 7271
f 7302 7198 7272
f 7291 7087 7349
f 7176 7129 7248
f 7303 7250 7130
f 7274 7303 7130
f 7275 7158 7159
f 7251 7275 7199
f 7178 7149 7252
f 7179 7252 7149
f 7232 7305 7179
f 7294 7180 7253
f 7234 7277 7202
f 7235 7202 7203
f 7165 7182 7216
f 7280 7185 7205
f 7316 7187 7229
f 7206 9394 7133
f 7206 7168 7236
f 7220 7151 7297
f 7207 7257 7151
f 7192 7260 7209
f 7135 7241 7261
f 7188 7262 7241
f 7285 7219 7171
f 9394 7285 7171
f 7265 7100 7364
f 7140 7364 7100
f 7229 7288 7316
f 7215 7387 7365
f 7146 7230 7324
f 7272 7327 7302
f 7273 7147 7328
f 7176 7248 7391
f 7160 7178 7304
f 7252 7179 7305
f 7232 7200 7293
f 7235 7278 7202
f 7235 7165 7254
f 7165 7216 7254
f 7183 7184 7279
f 7187 7281 7217
f 7282 7262 7136
f 7236 7220 7297
f 7297 7151 7339
f 7258 7169 7221
f 7208 7239 7298
f 7260 7259 7209
f 7211 7212 7317
f 7344 7213 7264
f 7139 7084 7309
f 7265 7309 7084
f 7345 7223 7142
f 7142 7310 7345
f 7225 7244 7269
f 7270 7244 7226
f 7266 7319 7227
f 7227 7223 7266
f 7267 7346 7195
f 7312 7311 7228
f 7228 7268 7312
f 9485 7270 7226
f 7226 9488 9485
f 7288 7229 7301
f 7172 7301 7229
f 7289 7172 7108
f 7108 7215 7289
f 7271 7146 7324
f 7246 7324 7230
f 7325 7302 7326
f 7130 7177 7274
f 7231 7158 7329
f 7275 7329 7158
f 7332 7251 7160
f 7305 7232 7293
f 7294 7293 7200
f 7233 7277 7334
f 7278 7234 7202
f 7254 7278 7235
f 7182 7183 7371
f 7184 7255 7336
f 7372 7256 7185
f 7205 7217 7280
f 7337 7280 7217
f 7217 7281 7337
f 7221 7376 7258
f 7298 7239 7259
f 7136 7283 7282
f 7284 7210 7342
f 7189 7219 7210
f 7343 7210 7219
f 7193 7211 7263
f 7344 7363 7212
f 7212 7138 7344
f 7222 7139 7309
f 7140 7214 7300
f 7267 7224 7287
f 7224 7311 7287
f 7270 7269 7244
f 7313 7388 7174
f 7271 7313 7174
f 7247 7175 7424
f 7290 7424 7175
f 7272 7273 7348
f 7328 7390 7273
f 7303 7249 7250
f 7274 7177 7443
f 7393 7443 7177
f 7177 7292 7393
f 7331 7330 7275
f 7275 7251 7331
f 7304 7332 7160
f 7304 7178 7276
f 7178 7252 7276
f 7180 7201 7253
f 7201 7233 7306
f 7295 7278 7254
f 7254 7216 7295
f 7216 7182 7371
f 7398 7255 7256
f 7185 7296 7372
f 7185 7280 7296
f 7316 7281 7187
f 7257 7339 7151
f 7376 7380 7257
f 7257 7258 7376
f 7221 7237 7340
f 7259 7260 7358
f 7262 7282 7241
f 7219 7285 7343
f 7317 7212 7363
f 7300 7364 7140
f 7345 7266 7223
f 7287 7346 7267
f 7322 7441 7243
f 7243 7225 7322
f 9477 7347 7270
f 7270 9485 9477
f 7289 7301 7172
f 7365 7289 7215
f 7271 7324 7423
f 7348 7558 7272
f 7390 7348 7273
f 7176 7349 7087
f 7248 7249 7391
f 7334 7306 7233
f 7307 7334 7277
f 7277 7234 7307
f 7234 7278 7335
f 7278 7295 7335
f 7279 7371 7183
f 7352 7337 7281
f 7206 7236 7338
f 7340 7237 7355
f 7238 7429 7237
f 7341 7240 7359
f 7218 7359 7240
f 7381 7218 7261
f 7261 7241 7381
f 7360 7282 7283
f 7283 7284 7360
f 7493 7360 7284
f 7284 7342 7493
f 7285 9394 7299
f 7264 7213 7318
f 7222 7318 7213
f 7286 7300 7214
f 9427 7242 7379
f 7319 7379 7242
f 7320 7319 7266
f 7321 7310 7195
f 7195 7346 7321
f 7441 7268 7243
f 7347 7269 7270
f 7354 7316 7288
f 7288 7301 7354
f 7388 7245 7174
f 7349 7328 7291
f 7249 7303 7391
f 7231 7393 7292
f 7304 7276 7333
f 7315 7276 7252
f 7305 7315 7252
f 7293 7434 7305
f 7473 7253 7201
f 7216 7371 7409
f 7457 7279 7184
f 7336 7457 7184
f 7398 7336 7255
f 7256 7372 7398
f 7281 7316 7353
f 9394 7338 7308
f 7297 7375 7236
f 7376 7221 7428
f 7340 7428 7221
f 7298 7259 7357
f 7241 7282 7430
f 7361 7285 7299
f 7317 7263 7211
f 7309 7476 7222
f 7354 7301 7323
f 7301 7289 7323
f 7388 7387 7245
f 7247 7577 7246
f 7424 7418 7247
f 7290 7314 7424
f 7419 7424 7314
f 7314 7325 7419
f 7302 7327 7326
f 7558 7327 7272
f 7421 7391 7303
f 7329 7393 7231
f 7330 7350 7329
f 7329 7275 7330
f 7394 7331 7251
f 7251 7332 7394
f 7315 7333 7276
f 7409 7295 7216
f 7353 7352 7281
f 7308 7338 7403
f 7375 7338 7236
f 7339 7257 7380
f 7355 7237 7429
f 7381 7359 7218
f 7285 7361 7377
f 7363 7382 7317
f 7309 7265 7500
f 7379 7319 7320
f 7384 7345 7310
f 7310 7321 7384
f 7385 7287 7311
f 7311 7312 7385
f 7365 7323 7289
f 7324 7246 7577
f 7392 7421 7303
f 7408 7394 7332
f 7333 7332 7304
f 7315 7305 7434
f 7306 7473 7201
f 7334 7307 7512
f 7337 7351 7280
f 7337 7352 7351
f 7353 7373 7352
f 7405 7297 7339
f 7357 7356 7298
f 7406 7357 7259
f 7259 7358 7406
f 7377 7343 7285
f 7384 7266 7345
f 7347 7225 7269
f 7389 7313 7271
f 7423 7324 7577
f 7577 7247 7418
f 7485 7419 7325
f 7325 7326 7485
f 7486 7326 7327
f 7349 7390 7328
f 7420 7349 7176
f 7274 7392 7303
f 7367 7350 7330
f 7331 7367 7330
f 7331 7394 7432
f 7395 7408 7332
f 7332 7333 7395
f 7368 7395 7333
f 7315 7368 7333
f 7294 7253 7396
f 7253 7473 7396
f 7306 7334 7512
f 7369 7307 7234
f 7234 7335 7369
f 7335 7295 7455
f 7409 7371 7370
f 7457 7336 7534
f 7372 7296 7535
f 7351 7296 7280
f 7353 7316 7399
f 7316 7354 7399
f 7405 7339 7380
f 7429 7238 7446
f 7208 7446 7238
f 7208 7298 7447
f 7356 7447 7298
f 7282 7360 7471
f 7431 7493 7342
f 7342 7210 7431
f 7343 7431 7210
f 7343 7377 7448
f 7299 7308 7450
f 7363 7344 7413
f 7265 7364 7500
f 7300 7286 7383
f 7462 7321 7346
f 7346 7287 7415
f 7385 7415 7287
f 7322 7225 7416
f 7347 7416 7225
f 7402 7400 7323
f 7365 7402 7323
f 7313 7505 7388
f 7423 7389 7271
f 7366 7424 7419
f 7327 7558 7486
f 7176 7391 7420
f 7393 7329 7425
f 7371 7279 7410
f 7279 7457 7397
f 7336 7398 7534
f 7296 7351 7513
f 7373 7351 7352
f 7399 7374 7353
f 7400 7399 7354
f 7354 7323 7400
f 7375 7297 7427
f 7297 7405 7427
f 7446 7208 7447
f 7430 7381 7241
f 7282 7471 7430
f 7450 7361 7299
f 9407 7450 7308
f 7308 7403 9407
f 7362 7263 9464
f 7439 7263 7317
f 7382 7439 7317
f 7413 7382 7363
f 7500 7476 7309
f 7364 7300 7378
f 7383 7378 7300
f 7386 7385 7312
f 7312 7268 7386
f 7347 9477 7417
f 7400 7402 7401
f 7389 7505 7313
f 7349 7465 7390
f 7528 7392 7274
f 7350 7425 7329
f 7367 7331 7432
f 7434 7293 7533
f 7455 7369 7335
f 7295 7409 7456
f 7370 7371 7410
f 7397 7410 7279
f 7474 7398 7372
f 7372 7535 7474
f 7514 7351 7373
f 7458 7514 7373
f 7373 7353 7458
f 7374 7458 7353
f 7399 7400 7436
f 7338 7375 7404
f 7427 7404 7375
f 7376 7490 7380
f 7428 7607 7376
f 7340 7355 7445
f 7407 7406 7358
f 7358 7341 7407
f 7341 9374 7407
f 7381 9374 7359
f 7343 7448 7431
f 7439 9464 7263
f 7318 7222 7476
f 7346 7415 7462
f 7268 7441 7386
f 7442 7441 7322
f 9477 9474 7417
f 7380 7489 7405
f 7340 7491 7428
f 7406 7356 7357
f 7493 7471 7360
f 7566 7493 7431
f 7450 7495 7361
f 7413 7344 7475
f 7344 7264 7475
f 7520 7475 7264
f 7318 7520 7264
f 7378 7500 7364
f 7378 7383 7414
f 7383 7379 7414
f 7477 7414 7379
f 7379 7320 7477
f 7480 7320 7266
f 7422 7384 7321
f 7462 7422 7321
f 7522 7462 7415
f 7417 7416 7347
f 7388 7463 7387
f 7389 7423 7525
f 7424 7484 7418
f 7486 7485 7326
f 7348 7390 7506
f 7390 7465 7464
f 7391 7421 7420
f 7443 7393 7487
f 7433 7432 7394
f 7394 7408 7433
f 7452 7368 7315
f 7315 7434 7452
f 7547 7473 7306
f 7306 7512 7547
f 7370 7456 7409
f 7435 7513 7351
f 7374 7399 9484
f 7436 9484 7399
f 7400 7401 7411
f 7463 9473 7402
f 9407 7403 7426
f 7403 7404 7426
f 7490 7489 7380
f 7490 7376 7607
f 7445 7491 7340
f 7470 7381 7430
f 7377 7361 7449
f 7495 7449 7361
f 7472 7408 7395
f 7395 7368 7472
f 7293 7294 7453
f 7396 7453 7294
f 7369 7455 7454
f 7456 7455 7295
f 7296 7513 7535
f 7351 7514 7435
f 7436 7400 7461
f 7411 7461 7400
f 7382 7413 7478
f 7476 7520 7318
f 7266 7384 7480
f 7415 7385 7440
f 7386 7481 7385
f 7322 7416 7442
f 7417 7482 7416
f 7483 7463 7388
f 7505 7483 7388
f 7525 7423 7539
f 7577 7418 7592
f 7419 7485 7366
f 7506 7558 7348
f 7506 7390 7464
f 7349 7420 7541
f 7443 7528 7274
f 7487 7393 7444
f 7393 7425 7444
f 7467 7425 7350
f 7384 7422 7480
f 7416 7482 7442
f 7577 7539 7423
f 7424 7366 7484
f 7541 7465 7349
f 7466 7444 7425
f 7467 7466 7425
f 7426 7404 7438
f 7404 7427 7438
f 7427 7405 7468
f 7445 7355 7469
f 7429 7469 7355
f 7356 7509 7447
f 9374 7381 7544
f 7430 7471 7470
f 7431 7448 7626
f 7581 7448 7377
f 7377 7449 7581
f 9404 7432 7451
f 7511 7451 7432
f 7432 7433 7511
f 7567 7433 7408
f 7472 7567 7408
f 7531 7472 7368
f 7368 7452 7531
f 7533 7293 7453
f 7456 7496 7455
f 7458 7497 7514
f 9475 7436 9465
f 7460 9465 7436
f 7436 7461 7460
f 7412 7461 7411
f 9464 7439 7552
f 7475 7478 7413
f 7519 7552 7439
f 7439 7382 7519
f 7500 7378 7553
f 7414 7501 7378
f 7477 7320 7502
f 7618 7502 7320
f 7522 7521 7462
f 7440 7522 7415
f 7481 7440 7385
f 7504 7386 7441
f 7441 7442 7504
f 7484 7592 7418
f 7526 7485 7486
f 7420 7421 7527
f 7421 7392 7542
f 7468 7405 7507
f 7561 7491 7445
f 7469 7561 7445
f 7429 7446 7508
f 7509 7508 7446
f 7446 7447 7509
f 7381 7470 7492
f 7448 7581 7494
f 7449 7495 7529
f 9408 7495 7450
f 9402 7451 7510
f 7396 7473 7546
f 7369 7454 7569
f 7603 7474 7535
f 7515 7497 7458
f 7458 7374 7515
f 7374 9484 7459
f 7459 9486 7516
f 7460 7461 7499
f 7461 7412 7499
f 7517 7499 7412
f 7503 7480 7422
f 7555 7422 7462
f 7462 7521 7555
f 7482 7523 7442
f 7483 7524 7463
f 7483 7505 7538
f 7484 7366 7593
f 7526 7366 7485
f 7560 7541 7420
f 7420 7527 7560
f 7392 7528 7542
f 7443 7487 7528
f 7622 7528 7487
f 7466 7467 7488
f 7507 7488 7468
f 7489 7507 7405
f 7491 7607 7428
f 7508 7469 7429
f 7381 7492 7544
f 7471 7493 7470
f 7565 7470 7493
f 7626 7566 7431
f 7494 7626 7448
f 7449 7529 7581
f 7511 7510 7451
f 7452 7434 7532
f 7533 7532 7434
f 7307 7369 7569
f 7496 7454 7455
f 7496 7456 7602
f 7497 7587 7514
f 7515 7374 7550
f 7374 7459 7550
f 7536 7550 7459
f 7516 7536 7459
f 7500 7553 7476
f 7414 7477 7479
f 7589 7616 7478
f 7478 7475 7589
f 7501 7414 7479
f 7320 7480 7618
f 7555 7503 7422
f 7524 7483 7538
f 7505 7389 7557
f 7525 7557 7389
f 7577 7592 7633
f 7606 7526 7486
f 7558 7606 7486
f 7465 7635 7464
f 7542 7527 7421
f 7487 7444 7543
f 7579 7466 7488
f 7488 7507 7579
f 7564 7596 7406
f 7493 7566 7565
f 7495 9408 7529
f 7530 7511 7433
f 7568 7567 7472
f 7472 7531 7568
f 7531 7452 7600
f 7546 7453 7396
f 7628 7602 7456
f 7410 7683 7370
f 7410 7397 7584
f 7457 7534 7548
f 7534 7398 7585
f 7398 7474 7585
f 7549 7513 7435
f 7435 7514 7549
f 7382 7478 7588
f 7478 7616 7588
f 7520 7476 7553
f 7573 7618 7480
f 7481 7386 7556
f 7504 7556 7386
f 7575 7523 7482
f 7524 7575 7482
f 7538 7575 7524
f 7576 7538 7505
f 7577 7633 7539
f 7366 7526 7593
f 7634 7559 7558
f 7558 7506 7634
f 7464 7634 7506
f 7540 7635 7465
f 7541 7540 7465
f 7578 7444 7466
f 7595 7579 7507
f 7507 7489 7595
f 7490 7595 7489
f 7508 7509 7562
f 7509 7356 7563
f 7356 7406 7563
f 7596 7563 7406
f 7564 9374 7597
f 7544 7597 9374
f 9408 7510 7545
f 7583 7545 7510
f 7510 7511 7583
f 7511 7530 7583
f 7433 7567 7530
f 7532 7600 7452
f 7547 7546 7473
f 7512 7307 7611
f 7307 7569 7611
f 7548 7397 7457
f 7587 7549 7514
f 7497 7515 7570
f 7550 7570 7515
f 7571 7536 7516
f 7499 7517 9467
f 7517 7518 9467
f 7588 7519 7382
f 7650 7589 7475
f 7520 7650 7475
f 7553 7650 7520
f 7501 7479 7537
f 7502 7537 7479
f 7502 7618 7652
f 7480 7503 7573
f 7574 7521 7522
f 7440 7481 7556
f 7442 7523 7504
f 7557 7576 7505
f 7560 7527 7655
f 7543 7622 7487
f 7578 7543 7444
f 7579 7578 7466
f 7607 7491 7624
f 7561 7624 7491
f 7469 7658 7561
f 7563 7562 7509
f 7565 7566 7640
f 7545 7582 7529
f 7529 9408 7545
f 7568 7531 7644
f 7531 7600 7644
f 7713 7547 7512
f 7370 7628 7456
f 7585 7548 7534
f 7587 7497 7570
f 7604 7516 9486
f 7572 7553 7378
f 7378 7501 7572
f 7537 7502 7554
f 7590 7555 7521
f 7522 7440 7574
f 7525 7539 7632
f 7691 7632 7539
f 7539 7633 7691
f 7592 7484 7621
f 7593 7621 7484
f 7666 7593 7526
f 7635 7634 7464
f 7540 7541 7693
f 7560 7693 7541
f 7595 7490 7607
f 7508 7608 7469
f 7562 7609 7508
f 7544 7492 7639
f 7598 7639 7492
f 7492 7470 7598
f 7470 7565 7598
f 7545 7583 7627
f 7567 7610 7530
f 7568 7599 7567
f 7454 7496 7602
f 7410 7584 7683
f 7548 7584 7397
f 7570 7550 7614
f 7536 7614 7550
f 7551 7552 7615
f 7552 7519 7662
f 7651 7572 7501
f 7652 7554 7502
f 7619 7503 7555
f 7521 7574 7590
f 7574 7440 7591
f 7556 7591 7440
f 7538 7620 7575
f 7576 7557 7631
f 7606 7558 7559
f 7543 7578 7594
f 7579 7595 7623
f 7608 7508 7609
f 7596 7564 7580
f 7564 7597 7580
f 7639 7597 7544
f 7626 7640 7566
f 7581 7529 7582
f 7582 7545 7627
f 7530 7610 7583
f 7610 7567 7599
f 7644 7599 7568
f 7453 7532 7533
f 7453 7546 7601
f 7454 7613 7569
f 7602 7613 7454
f 7586 7603 7535
f 7535 7513 7586
f 7549 7586 7513
f 7604 7571 7516
f 7663 7589 7650
f 7554 7617 7537
f 7573 7503 7733
f 7555 7590 7619
f 7574 7591 7664
f 7575 7620 7654
f 7538 7576 7605
f 7631 7605 7576
f 7525 7631 7557
f 7680 7542 7528
f 7528 7622 7680
f 7636 7594 7578
f 7623 7636 7578
f 7578 7579 7623
f 7637 7595 7607
f 7561 7657 7624
f 7658 7695 7561
f 7596 7580 7668
f 7625 7598 7565
f 7640 7626 7671
f 7626 7494 7641
f 7641 7494 7581
f 7582 7641 7581
f 7583 7610 7642
f 7611 7713 7512
f 7612 7611 7569
f 7629 7474 7603
f 7549 7587 7673
f 7674 7673 7587
f 7570 7674 7587
f 7571 7614 7536
f 7571 7604 7647
f 7662 7615 7552
f 7649 7662 7519
f 7519 7588 7649
f 7730 7588 7616
f 7616 7589 7676
f 7717 7733 7503
f 7619 7717 7503
f 7653 7504 7523
f 7523 7575 7653
f 7654 7653 7575
f 7526 7606 7666
f 7759 7635 7540
f 7655 7527 7667
f 7527 7542 7667
f 7637 7623 7595
f 7657 7561 7695
f 7608 7725 7469
f 7668 7563 7596
f 7638 7580 7597
f 7639 7638 7597
f 7669 7639 7598
f 7625 7669 7598
f 7670 7625 7565
f 7565 7640 7670
f 7642 7627 7583
f 7643 7599 7644
f 7645 7682 7600
f 7532 7645 7600
f 7613 7612 7569
f 7628 7370 7703
f 7683 7703 7370
f 7548 7585 7661
f 7629 7661 7585
f 7585 7474 7629
f 7603 7586 7672
f 7673 7586 7549
f 7675 7604 7648
f 9466 7648 7604
f 7733 7618 7573
f 7664 7590 7574
f 7556 7504 7665
f 7653 7665 7504
f 7621 7593 7735
f 7736 7666 7606
f 7559 7736 7606
f 7594 7722 7543
f 7656 7636 7623
f 7624 7637 7607
f 7658 7469 7725
f 7627 7700 7582
f 7659 7642 7610
f 7610 7599 7659
f 7546 7547 7746
f 7584 7684 7683
f 7728 7684 7584
f 7548 7728 7584
f 7661 7685 7548
f 7603 7672 7629
f 7586 7673 7630
f 7570 7614 7674
f 7714 7674 7614
f 7647 7714 7614
f 7614 7571 7647
f 7616 7676 7730
f 7650 7553 7686
f 7572 7686 7553
f 7652 7618 7677
f 7618 7733 7677
f 7556 7665 7591
f 7620 7538 7678
f 7605 7678 7538
f 7525 7690 7631
f 7559 7634 7679
f 7692 7679 7634
f 7622 7543 7722
f 7623 7637 7656
f 7637 7624 7657
f 7697 7609 7562
f 7562 7563 7697
f 7641 7671 7626
f 7641 7582 7744
f 7627 7642 7700
f 7599 7643 7701
f 7682 7644 7600
f 7532 7453 7712
f 7660 7601 7546
f 7546 7746 7660
f 7613 7602 7646
f 7628 7646 7602
f 7630 7672 7586
f 7715 7647 7604
f 7604 7675 7715
f 7730 7649 7588
f 7663 7676 7589
f 7617 7652 7687
f 7632 7690 7525
f 7759 7692 7634
f 7634 7635 7759
f 7720 7759 7540
f 7540 7693 7720
f 7693 7560 7721
f 7655 7721 7560
f 7706 7667 7542
f 7542 7680 7706
f 7722 7680 7622
f 7638 7668 7580
f 7638 7639 7699
f 7669 7699 7639
f 7640 7671 7766
f 7700 7744 7582
f 7659 7599 7701
f 7681 7643 7644
f 7453 7601 7712
f 7547 7713 7746
f 7611 7612 7747
f 7613 7646 7727
f 7703 7702 7628
f 7715 7714 7647
f 7742 7675 7648
f 9466 7615 7648
f 7663 7650 7704
f 7650 7686 7704
f 7651 7686 7572
f 7687 9375 7617
f 7677 7687 7652
f 7590 7664 7688
f 7808 7665 7653
f 7654 7808 7653
f 7691 7633 7719
f 7593 7666 7757
f 7636 7656 7762
f 7695 7658 7763
f 7725 7763 7658
f 7608 7609 7696
f 7668 7697 7563
f 7659 7710 7642
f 7682 7681 7644
f 7712 7645 7532
f 7601 7660 7712
f 7727 7612 7613
f 7702 7646 7628
f 7685 7728 7548
f 7685 7661 7749
f 7750 7672 7630
f 7648 7615 7716
f 7615 7662 7716
f 7662 7649 7716
f 7663 7731 7676
f 9375 7732 7651
f 7688 7619 7590
f 7591 7665 7664
f 7678 7689 7620
f 7678 7605 7772
f 7631 7855 7605
f 7633 7592 7719
f 7593 7757 7735
f 7757 7666 7736
f 7594 7636 7723
f 7696 7725 7608
f 7609 7697 7696
f 7698 7697 7668
f 7668 7638 7698
f 7740 7625 7670
f 7671 7641 7708
f 7744 7708 7641
f 7700 7642 7710
f 7659 7701 7726
f 7713 7611 7813
f 7750 7629 7672
f 7630 7673 7729
f 7673 7674 7729
f 7730 7676 7806
f 7704 7731 7663
f 7686 7651 7732
f 7619 7688 7753
f 7665 7718 7664
f 7654 7620 7754
f 7689 7754 7620
f 7690 7855 7631
f 7705 7719 7592
f 7592 7621 7705
f 7680 7722 7810
f 7762 7723 7636
f 7694 7656 7637
f 7637 7657 7694
f 7801 7669 7625
f 7740 7801 7625
f 7670 7640 7740
f 7700 7710 7709
f 7643 7681 7711
f 7850 7813 7611
f 7611 7747 7850
f 7702 7703 7782
f 7683 7684 7748
f 7769 7728 7685
f 7661 7629 7749
f 7770 7750 7630
f 7729 7674 7751
f 7674 7714 7751
f 7716 7742 7648
f 7704 7686 7842
f 7665 7808 7718
f 7754 7808 7654
f 7855 7772 7605
f 7621 7735 7773
f 7679 7736 7559
f 7759 7720 7823
f 7693 7721 7892
f 7706 7680 7810
f 7723 7722 7594
f 7657 7695 7724
f 7725 7696 7764
f 7698 7696 7697
f 7698 7638 7739
f 7707 7739 7638
f 7638 7699 7707
f 7699 7669 7707
f 7709 7744 7700
f 7745 7701 7643
f 7711 7745 7643
f 7727 7646 7840
f 7646 7702 7840
f 7804 7840 7702
f 7683 7782 7703
f 7728 7748 7684
f 7749 7629 7750
f 7729 7770 7630
f 7742 7715 7675
f 7716 7649 7785
f 7730 7785 7649
f 7731 7806 7676
f 7731 7704 7752
f 7753 7717 7619
f 7664 7718 7820
f 7689 7678 7771
f 7734 7771 7678
f 7772 7734 7678
f 7690 7632 7755
f 7632 7691 7755
f 7691 7719 7756
f 7621 7773 7705
f 7667 7706 7761
f 7762 7656 7737
f 7694 7737 7656
f 7694 7657 7724
f 7707 7669 7765
f 7827 7740 7640
f 7640 7766 7827
f 7777 7709 7710
f 7710 7659 7777
f 7767 7777 7659
f 7726 7767 7659
f 7682 7711 7681
f 7682 7645 7741
f 7645 7712 7741
f 7830 7741 7712
f 7746 7713 7813
f 7727 7768 7612
f 7782 7804 7702
f 7748 7782 7683
f 7749 7769 7685
f 7784 7751 7714
f 7715 7784 7714
f 7742 7716 7805
f 7716 7785 7805
f 7732 7842 7686
f 7732 9375 7743
f 9375 7687 7794
f 7819 7733 7717
f 7717 7753 7819
f 7755 7691 7756
f 7719 7705 7797
f 7736 7788 7757
f 7736 7679 7774
f 7720 7693 7760
f 7892 7760 7693
f 7799 7810 7722
f 7722 7723 7799
f 7724 7695 7738
f 7763 7738 7695
f 7763 7725 7791
f 7764 7791 7725
f 7839 7698 7739
f 7766 7671 7802
f 7708 7744 7802
f 7745 7726 7701
f 7660 7830 7712
f 7768 7747 7612
f 7729 7751 7770
f 7816 7715 7742
f 7806 7785 7730
f 7743 7793 7732
f 7786 7794 7687
f 7687 7677 7786
f 7733 7786 7677
f 7796 7754 7689
f 7771 7796 7689
f 7822 7773 7735
f 7757 7822 7735
f 7774 7758 7736
f 7823 7720 7789
f 7655 7775 7721
f 7761 7655 7667
f 7798 7761 7706
f 7810 7798 7706
f 7776 7764 7696
f 7696 7698 7776
f 7739 7707 7825
f 7765 7825 7707
f 7826 7801 7740
f 7671 7708 7802
f 7709 7777 7792
f 7727 7840 7768
f 7748 7728 7769
f 7749 7750 7814
f 7784 7715 7816
f 7805 7816 7742
f 7704 7842 7865
f 7842 7732 7793
f 7786 7733 7819
f 7753 7688 7795
f 7688 7664 7835
f 7664 7820 7835
f 7855 7690 7787
f 7736 7758 7788
f 7692 7774 7679
f 7723 7762 7800
f 7694 7724 7738
f 7839 7776 7698
f 7740 7827 7826
f 7792 7802 7744
f 7744 7709 7792
f 7850 7747 7779
f 7768 7779 7747
f 7781 7780 7782
f 7769 7831 7748
f 7862 7814 7750
f 7783 7862 7750
f 7750 7770 7783
f 7770 7751 7815
f 7865 7752 7704
f 7755 7756 7821
f 7797 7821 7756
f 7756 7719 7797
f 7692 7759 7837
f 7823 7837 7759
f 7720 7760 7789
f 7892 7721 7775
f 7737 7868 7762
f 7825 7839 7739
f 7765 7669 7882
f 7847 7827 7766
f 7894 7847 7766
f 7766 7802 7894
f 7726 7745 7829
f 7812 7711 7682
f 7682 7741 7812
f 7804 7782 7780
f 7782 7748 7831
f 7769 7749 7874
f 7770 7815 7783
f 7816 7805 7832
f 7743 7794 7834
f 7819 7807 7786
f 7877 7819 7753
f 7753 7795 7877
f 7835 7795 7688
f 7690 7755 7787
f 7758 7774 7844
f 7761 7775 7655
f 7790 7799 7723
f 7723 7800 7790
f 7856 7694 7846
f 7738 7763 7858
f 7791 7858 7763
f 7791 7764 7838
f 7764 7776 7838
f 7870 7838 7776
f 7882 7669 7801
f 7893 7882 7801
f 7802 7792 7803
f 7848 7792 7777
f 7767 7848 7777
f 7660 7746 7830
f 7778 7830 7746
f 7813 7850 7849
f 7831 7781 7782
f 7749 7814 7874
f 7784 7815 7751
f 7816 7832 7864
f 7785 7806 7805
f 7806 7731 7817
f 7794 7786 7818
f 7807 7818 7786
f 7820 7718 7836
f 7808 7754 7867
f 7821 7787 7755
f 7705 7773 7843
f 7915 7822 7757
f 7758 7809 7788
f 7692 7837 7845
f 7800 7762 7868
f 7694 7738 7846
f 7882 7825 7765
f 7848 7803 7792
f 7767 7726 7811
f 7726 7829 7811
f 7830 7812 7741
f 7830 7778 7896
f 7752 7817 7731
f 7842 7793 7833
f 7793 7743 7833
f 7818 7834 7794
f 7734 7772 7879
f 7822 7843 7773
f 7788 7915 7757
f 7845 7844 7774
f 7774 7692 7845
f 7761 8010 7775
f 7761 7798 7824
f 7810 7799 7903
f 7799 7790 7917
f 7856 7737 7694
f 7846 7738 7857
f 7839 7870 7776
f 7825 7882 7904
f 7826 7893 7801
f 7813 7778 7746
f 7840 7804 7851
f 7852 7851 7804
f 7805 7806 7832
f 7817 7832 7806
f 7743 7834 7833
f 7854 7718 7808
f 7754 7796 7867
f 7734 7796 7771
f 7879 7772 7855
f 7787 7821 7880
f 7809 7758 7844
f 7868 7737 7869
f 7858 7857 7738
f 7802 7803 7894
f 7803 7848 7828
f 7848 7767 7811
f 7804 7780 7852
f 7781 7852 7780
f 7781 7831 7853
f 7769 7874 7841
f 7874 7814 7862
f 7887 7862 7783
f 7783 7815 7887
f 7815 7784 7863
f 7864 7784 7816
f 7752 7900 7817
f 7807 7924 7818
f 7891 7807 7819
f 7819 7877 7891
f 7795 7910 7877
f 7795 7835 7910
f 7835 7820 7866
f 7787 7926 7855
f 7797 7705 7843
f 7789 7837 7823
f 7903 7799 7917
f 7858 7791 7859
f 7826 7827 7883
f 7827 7847 7883
f 7978 7829 7745
f 7745 7711 7978
f 7779 7885 7850
f 7860 7779 7768
f 7852 7781 7906
f 7831 7769 7841
f 7874 7862 7875
f 7863 7887 7815
f 7900 7752 7865
f 7865 7842 7890
f 7866 7910 7835
f 7854 7836 7718
f 7867 7796 7911
f 7734 7912 7796
f 7926 7787 7880
f 7810 7903 7798
f 7838 7859 7791
f 7883 7893 7826
f 7847 7894 7871
f 7894 7803 7905
f 7803 7828 7872
f 7992 7811 7829
f 7830 7896 7884
f 7849 7778 7813
f 7861 7860 7768
f 7768 7840 7861
f 7851 7861 7840
f 7864 7863 7784
f 7833 7890 7842
f 7876 7833 7834
f 7924 7834 7818
f 7820 7836 7866
f 7867 7854 7808
f 7734 7879 7912
f 7881 7797 7843
f 7843 7822 7881
f 7916 7788 7809
f 7844 7916 7809
f 7800 7868 7790
f 7856 7869 7737
f 7857 7856 7846
f 7870 7859 7838
f 7847 7871 7883
f 7872 7905 7803
f 7811 7828 7848
f 7978 7992 7829
f 7978 7711 7895
f 7711 7812 7895
f 7885 7849 7850
f 7853 7873 7781
f 7832 7888 7864
f 7832 7817 7889
f 7865 7923 7900
f 7878 7836 7854
f 7913 7879 7855
f 7926 7913 7855
f 7902 7880 7821
f 7914 7821 7797
f 7915 7881 7822
f 7837 7789 7845
f 7859 7857 7858
f 7870 7839 7918
f 7825 7918 7839
f 7882 7893 8001
f 7958 7872 7828
f 7830 7884 7812
f 7897 7896 7778
f 7849 7885 7922
f 7886 7861 7851
f 7851 7852 7886
f 7906 7886 7852
f 7873 7906 7781
f 7841 7853 7831
f 7862 7887 8004
f 7899 7898 7887
f 7887 7863 7899
f 7888 7863 7864
f 7909 7891 7877
f 7925 7854 7867
f 7911 7925 7867
f 7914 7902 7821
f 7915 7788 7916
f 7844 7845 7916
f 8010 7761 7964
f 7940 7964 7761
f 7790 7868 7952
f 7825 7904 7918
f 7956 7883 7871
f 7779 7860 7885
f 7875 7841 7874
f 7875 7862 7907
f 7888 7832 7889
f 7833 7876 7908
f 7834 7930 7876
f 7891 7924 7807
f 7901 7909 7877
f 7901 7877 7910
f 7866 7836 7948
f 7836 7878 7948
f 7796 7912 7911
f 7912 7879 7913
f 7939 7845 7789
f 7761 7824 7940
f 8001 7904 7882
f 7905 7871 7894
f 7828 7811 7919
f 7778 7849 7897
f 7921 7897 7849
f 7922 7921 7849
f 7860 7861 7969
f 7861 7886 7942
f 7906 7935 7886
f 8004 7907 7862
f 8004 7887 7898
f 7900 7889 7817
f 7865 7890 7923
f 7891 7909 7947
f 7797 7881 7914
f 7881 7915 7961
f 7916 7845 7932
f 7760 7939 7789
f 7824 7798 7951
f 7953 7952 7868
f 7868 7869 7953
f 7869 7856 7953
f 7859 7870 7954
f 7811 7992 7919
f 7896 7897 7920
f 7934 7922 7885
f 7969 7861 7942
f 7942 7886 7935
f 7873 7853 7936
f 7923 7889 7900
f 7908 7890 7833
f 7924 7930 7834
f 7937 7910 7866
f 7866 7948 7937
f 7878 7854 7949
f 7925 7949 7854
f 7880 7902 7950
f 7973 7961 7915
f 7939 7932 7845
f 7760 7892 7975
f 7892 7775 8010
f 7951 7940 7824
f 7917 7988 7903
f 7856 7857 7928
f 7857 7859 7965
f 7918 7904 7966
f 7933 7966 7904
f 7904 8001 7933
f 7905 7872 8013
f 7884 7895 7812
f 7920 7884 7896
f 7921 7941 7897
f 7860 7934 7885
f 7935 7906 7944
f 7929 7944 7906
f 7873 7929 7906
f 7899 7863 7972
f 7923 7890 7983
f 7930 7908 7876
f 7924 7891 7931
f 7947 7931 7891
f 7950 7926 7880
f 7916 7927 7974
f 7916 7932 7927
f 8010 7975 7892
f 7798 7903 7988
f 7953 7856 7928
f 7965 7928 7857
f 7954 7965 7859
f 7870 7918 7954
f 7872 7958 7991
f 7980 7934 7860
f 7969 7980 7860
f 7945 7929 7873
f 7873 7936 7945
f 7936 7853 7971
f 7853 7841 7971
f 7875 7907 8045
f 7890 7908 7946
f 7930 7924 7931
f 7910 7937 7901
f 7911 7938 7925
f 7998 7902 7914
f 7914 7881 8048
f 7932 7939 7963
f 7951 7798 7988
f 7990 8001 7893
f 7893 7883 7990
f 7956 7990 7883
f 7957 7956 7871
f 7871 7905 7957
f 8013 7957 7905
f 7991 8013 7872
f 7919 7958 7828
f 7895 7884 7979
f 7941 7920 7897
f 8045 7971 7841
f 7841 7875 8045
f 8095 8045 7907
f 8004 8095 7907
f 7993 8004 7898
f 7863 7888 7972
f 7889 7923 7994
f 7908 7930 7995
f 7949 7948 7878
f 7912 7938 7911
f 7913 7926 8007
f 7950 8007 7926
f 8048 8017 7914
f 7961 8048 7881
f 7973 7915 7916
f 7927 7932 7962
f 7963 7962 7932
f 7975 8018 7939
f 7939 7760 7975
f 7917 7790 8037
f 7952 8037 7790
f 7928 7965 7977
f 7979 7978 7895
f 7921 7922 8014
f 7943 7942 7935
f 7944 7943 7935
f 7944 7929 7959
f 7970 7945 7936
f 7982 7970 7936
f 7936 7971 7982
f 7888 7889 7972
f 7994 7972 7889
f 7890 7946 7983
f 7930 7931 8006
f 7938 7986 7925
f 8017 7998 7914
f 7974 7973 7916
f 7962 7974 7927
f 7963 7939 8018
f 8019 7964 7940
f 7940 7951 8019
f 8037 7952 7976
f 8000 7954 7918
f 7918 7966 8000
f 7966 7933 7955
f 7933 8001 7967
f 8042 7979 7884
f 7920 8042 7884
f 7922 7934 7968
f 7980 8024 7934
f 7981 7969 7942
f 7942 7943 7981
f 7929 7945 8055
f 7960 7993 7898
f 7898 7899 7960
f 7923 7983 7994
f 7995 7946 7908
f 7925 7986 7949
f 7902 8032 7950
f 7902 7998 8032
f 7952 7953 7976
f 7953 7989 7976
f 7928 7989 7953
f 7967 7955 7933
f 7957 7990 7956
f 8079 8042 7920
f 8014 7941 7921
f 7968 8014 7922
f 8024 7968 7934
f 7944 7959 7943
f 8044 8055 7945
f 8095 8004 8070
f 7899 7972 7960
f 8006 7995 7930
f 7909 7901 7947
f 7985 7937 7948
f 7948 7949 7985
f 7912 8060 7938
f 7912 7913 8031
f 7987 7974 7962
f 7962 7963 7987
f 7964 8062 8010
f 7977 7965 8021
f 7965 7954 8011
f 7954 8000 8011
f 7955 8000 7966
f 8023 8013 7991
f 7980 7969 8025
f 7981 8025 7969
f 7959 7929 8043
f 8095 8109 8045
f 8028 8004 7993
f 7994 8029 7972
f 7994 7983 8015
f 7983 7946 8015
f 8006 7931 7996
f 7984 7947 7901
f 7937 7984 7901
f 7986 7997 7949
f 8060 7986 7938
f 7913 8007 8031
f 7961 7973 8008
f 8009 8008 7973
f 7974 8009 7973
f 7963 8018 7987
f 8036 7988 7917
f 7917 8037 8036
f 7989 7928 7977
f 7992 7978 8041
f 7978 7979 8041
f 7970 8027 7945
f 7931 7947 7996
f 7985 7984 7937
f 8030 7985 7949
f 8048 7961 8008
f 8009 7974 7999
f 7987 7999 7974
f 7951 7988 8020
f 7976 7989 8039
f 7965 8011 8021
f 8011 8000 8012
f 7967 8001 8022
f 8001 7990 8022
f 7957 8022 7990
f 8054 8023 7991
f 8002 8054 7991
f 7991 7958 8002
f 8003 7958 7919
f 7919 7992 8003
f 7920 7941 8079
f 8025 8024 7980
f 8055 8043 7929
f 8027 8044 7945
f 7970 7982 8027
f 7982 7971 8068
f 7971 8045 8068
f 7960 8028 7993
f 7960 7972 8096
f 8006 8005 7995
f 7949 7997 8030
f 8031 8060 7912
f 8046 8007 7950
f 7950 8032 8046
f 8017 8032 7998
f 8008 8033 8048
f 8009 7999 8100
f 8050 7999 7987
f 7987 8018 8050
f 8019 7951 8020
f 8038 8037 7976
f 7976 8039 8038
f 8000 7955 8012
f 7955 7967 8053
f 8013 8064 7957
f 7992 8041 8003
f 7968 8024 8090
f 8026 7981 7943
f 8027 7982 8132
f 8029 8096 7972
f 7994 8015 8029
f 8005 8006 8016
f 8057 7946 8005
f 8016 8057 8005
f 8046 8031 8007
f 8008 8009 8033
f 8100 8033 8009
f 8100 7999 8049
f 8018 7975 8051
f 7975 8010 8035
f 8062 8035 8010
f 8020 7988 8087
f 7988 8036 8087
f 7977 8039 7989
f 8104 8021 8011
f 8053 8012 7955
f 8022 8053 7967
f 8064 8022 7957
f 8040 8064 8013
f 8023 8040 8013
f 7958 8003 8002
f 8090 8014 7968
f 8026 7943 8149
f 7959 8149 7943
f 7959 8043 8142
f 8045 8109 8082
f 8110 8109 8095
f 8015 7946 8071
f 8058 8057 8016
f 8016 7996 8058
f 8098 7984 7985
f 8059 7997 7986
f 8060 8059 7986
f 8034 8049 7999
f 7999 8050 8034
f 8050 8018 8075
f 8051 8075 8018
f 8035 8051 7975
f 8129 8062 7964
f 8052 8129 7964
f 7964 8019 8052
f 8021 8039 7977
f 8078 8041 7979
f 7979 8042 8078
f 8042 8079 8067
f 8090 8024 8080
f 8024 8025 8080
f 8025 7981 8092
f 8119 7981 8026
f 8044 8027 8056
f 8132 8056 8027
f 8132 7982 8068
f 8028 8070 8004
f 8028 7960 8096
f 8029 8015 8134
f 8015 8071 8134
f 8072 8071 7946
f 7946 8057 8072
f 7996 7947 8112
f 7984 8112 7947
f 7985 8030 8098
f 8114 8060 8031
f 8047 8046 8032
f 8017 8048 8061
f 8048 8033 8099
f 8075 8034 8050
f 8020 8052 8019
f 8087 8063 8020
f 8036 8037 8076
f 8037 8038 8076
f 8040 8023 8065
f 8023 8054 8065
f 8066 8054 8002
f 8078 8003 8041
f 8119 8092 7981
f 8149 8081 8026
f 8142 8043 8107
f 8055 8044 8093
f 8056 8093 8044
f 8082 8068 8045
f 8096 8029 8134
f 7996 8112 8097
f 8123 8032 8017
f 8061 8123 8017
f 8099 8061 8048
f 8100 8049 8073
f 8088 8087 8036
f 8076 8088 8036
f 8011 8012 8104
f 8064 8105 8022
f 7941 8014 8141
f 8080 8025 8092
f 8149 7959 8142
f 8043 8055 8107
f 8093 8107 8055
f 8110 8095 8069
f 8028 8096 8070
f 8134 8071 8083
f 8058 8084 8057
f 7996 8084 8058
f 8098 8112 7984
f 8030 7997 8113
f 7997 8059 8113
f 8059 8060 8155
f 8115 8114 8031
f 8031 8046 8115
f 8123 8047 8032
f 8086 8073 8049
f 8049 8034 8086
f 8074 8086 8034
f 9397 8074 8034
f 8034 8075 9397
f 8063 8052 8020
f 8076 8038 8077
f 8039 8077 8038
f 8039 8021 8103
f 8104 8103 8021
f 8138 8104 8012
f 8118 8012 8053
f 8105 8118 8053
f 8053 8022 8105
f 8089 8105 8064
f 8064 8040 8089
f 8106 8002 8003
f 8003 8078 8106
f 8067 8078 8042
f 8079 7941 8141
f 8090 8080 8091
f 8119 8026 8081
f 8056 8132 8151
f 8094 8132 8068
f 8082 8094 8068
f 8071 8072 8083
f 8084 8072 8057
f 8084 7996 8097
f 8155 8143 8059
f 8061 8099 8136
f 8100 8165 8033
f 8100 8073 8101
f 8085 8101 8073
f 8086 8085 8073
f 8086 8074 9401
f 9397 9401 8074
f 8102 8075 8051
f 8077 8158 8076
f 8103 8077 8039
f 8118 8138 8012
f 8065 8054 8131
f 8054 8066 8131
f 8080 8092 8091
f 8119 8148 8092
f 8142 8107 8176
f 8095 8070 8069
f 8122 8098 8030
f 8113 8122 8030
f 8113 8059 8143
f 8165 8100 8206
f 8101 8085 9399
f 9401 9397 9398
f 8035 8062 8144
f 8063 8087 8117
f 8087 8088 8117
f 8158 8088 8076
f 8103 8104 8171
f 8104 8138 8130
f 8139 8105 8089
f 8140 8089 8040
f 8131 8040 8065
f 8002 8106 8066
f 8014 8090 8141
f 8147 8141 8090
f 8091 8147 8090
f 8091 8092 8148
f 8107 8093 8108
f 8150 8108 8093
f 8093 8056 8150
f 8151 8150 8056
f 8082 8109 8133
f 8109 8110 8120
f 8096 8152 8070
f 8122 8112 8098
f 8181 8155 8060
f 8060 8114 8181
f 8046 8047 8115
f 8099 8033 8194
f 8165 8194 8033
f 8100 8101 8206
f 8124 8101 9399
f 9399 8184 8124
f 8125 8184 9400
f 9400 8116 8125
f 8126 8116 9398
f 8128 8127 9397
f 9397 8075 8128
f 8167 8102 8051
f 8035 8167 8051
f 8117 8157 8063
f 8104 8130 8171
f 8140 8139 8089
f 8067 8106 8078
f 8161 8147 8091
f 8091 8148 8161
f 8081 8149 8162
f 8176 8107 8108
f 8120 8133 8109
f 8110 8069 8120
f 8121 8152 8096
f 8072 8191 8083
f 8072 8111 8135
f 8097 8112 8111
f 8179 8122 8113
f 8113 8143 8179
f 8115 8181 8114
f 8136 8123 8061
f 8137 8206 8101
f 8101 8124 8137
f 8156 8125 8116
f 8116 8126 8156
f 8129 8144 8062
f 8129 8052 8168
f 8052 8063 8169
f 8118 8105 8139
f 8040 8131 8140
f 8131 8066 8160
f 8132 8094 8200
f 8177 8200 8094
f 8082 8177 8094
f 8133 8120 8201
f 8096 8134 8121
f 8134 8083 8178
f 8111 8112 8154
f 8112 8122 8154
f 8115 8047 8164
f 8047 8123 8183
f 8136 8183 8123
f 8127 8156 8126
f 8166 8127 8128
f 8219 8128 8075
f 8075 8102 8219
f 8157 8169 8063
f 8209 8117 8088
f 8158 8209 8088
f 8158 8077 8159
f 8077 8103 8159
f 8221 8171 8130
f 8138 8118 8145
f 8118 8139 8145
f 8160 8140 8131
f 8067 8079 8188
f 8079 8141 8188
f 8141 8147 8188
f 8174 8148 8119
f 8230 8174 8119
f 8200 8151 8132
f 8133 8177 8082
f 8178 8121 8134
f 8154 8153 8111
f 8181 8115 8193
f 8183 8164 8047
f 8206 8137 8207
f 8124 8208 8137
f 8219 8166 8128
f 8169 8168 8052
f 8169 8157 8185
f 8209 8157 8117
f 8170 8220 8158
f 8159 8170 8158
f 8130 8138 8221
f 8222 8221 8138
f 8138 8145 8222
f 8145 8139 8146
f 8211 8146 8139
f 8139 8140 8211
f 8140 8160 8211
f 8066 8106 8186
f 8187 8106 8067
f 8197 8067 8188
f 8161 8148 8173
f 8119 8081 8230
f 8149 8142 8163
f 8150 8151 8216
f 8151 8200 8232
f 8133 8201 8281
f 8152 8069 8070
f 8191 8178 8083
f 8135 8111 8153
f 8179 8154 8122
f 8143 8155 8192
f 8194 8136 8099
f 8208 8207 8137
f 8239 8156 8127
f 8144 8167 8035
f 8144 8129 8251
f 8103 8171 8159
f 8145 8146 8222
f 8186 8160 8066
f 8187 8186 8106
f 8188 8147 8172
f 8161 8172 8147
f 8161 8173 8213
f 8174 8173 8148
f 8162 8198 8081
f 8162 8149 8175
f 8163 8175 8149
f 8142 8176 8189
f 8108 8150 8231
f 8216 8231 8150
f 8120 8069 8202
f 8203 8178 8191
f 8154 8179 8218
f 8155 8181 8192
f 8115 8164 8182
f 8237 8183 8136
f 8136 8194 8237
f 8208 8124 8262
f 8124 8184 8262
f 8195 8125 8156
f 8239 8195 8156
f 8127 8166 8239
f 8168 8251 8129
f 8209 8185 8157
f 8220 8209 8158
f 8225 8211 8160
f 8160 8186 8225
f 8197 8187 8067
f 8228 8172 8161
f 8081 8198 8230
f 8163 8142 8189
f 8216 8151 8232
f 8259 8177 8133
f 8281 8259 8133
f 8069 8152 8190
f 8121 8190 8152
f 8153 9370 8135
f 8218 8153 8154
f 8180 8179 8143
f 8192 8180 8143
f 8182 8193 8115
f 8261 8194 8165
f 8219 8239 8166
f 8240 8219 8102
f 8102 8167 8240
f 8167 8144 8250
f 8196 8220 8170
f 8159 8196 8170
f 8159 8171 8210
f 8146 8211 8224
f 8188 8172 8253
f 8161 8213 8228
f 8176 8108 8189
f 8231 8189 8108
f 8232 8271 8216
f 8201 8120 8202
f 8191 8135 8217
f 8218 8204 8153
f 8180 8218 8179
f 8235 8192 8181
f 8182 8164 8205
f 8164 8183 8205
f 8183 8237 8246
f 8206 8261 8165
f 8125 8247 8184
f 8251 8250 8144
f 8168 8169 8241
f 8241 8169 8185
f 8210 8196 8159
f 8171 8221 8210
f 8225 8186 8226
f 8186 8187 8226
f 8212 8226 8187
f 8197 8212 8187
f 8173 8174 8214
f 8215 8214 8174
f 8174 8230 8215
f 8175 8296 8162
f 8163 8189 8199
f 8231 8216 8271
f 8232 8200 8233
f 8190 8202 8069
f 8203 8191 8217
f 9370 8153 8204
f 8181 8193 8235
f 8288 8236 8193
f 8206 8207 8289
f 8247 8262 8184
f 8238 8247 8125
f 8240 8264 8219
f 8251 8168 8278
f 8241 8278 8168
f 8185 8209 8265
f 8266 8209 8220
f 8224 8222 8146
f 8197 8188 8227
f 8228 8254 8172
f 8214 8213 8173
f 8270 8215 8230
f 8175 8163 8257
f 8199 8257 8163
f 8200 8177 8233
f 8259 8233 8177
f 8282 8281 8201
f 8201 8202 8282
f 8245 8202 8190
f 8190 8121 8234
f 8121 8178 8234
f 8178 8203 8234
f 8236 8235 8193
f 8193 8182 8288
f 8246 8205 8183
f 8276 8289 8207
f 8207 8208 8276
f 8250 8240 8167
f 8265 8241 8185
f 8265 8209 8266
f 8210 8221 8242
f 8221 8222 8223
f 8222 8224 8223
f 8211 8225 8224
f 8225 8226 8243
f 8253 8227 8188
f 8253 8172 8268
f 8228 8213 8229
f 8198 8162 8244
f 8296 8244 8162
f 8257 8296 8175
f 8245 8282 8202
f 8234 8245 8190
f 8217 8234 8203
f 8180 8192 8286
f 8192 8235 8273
f 8235 8236 8273
f 8246 8237 8275
f 8261 8237 8194
f 8261 8206 8289
f 8125 8195 8238
f 8321 8238 8195
f 8263 8239 8219
f 8219 8264 8263
f 8248 8264 8240
f 8240 8250 8249
f 8266 8220 8290
f 8291 8290 8220
f 8220 8196 8291
f 8267 8291 8196
f 8242 8267 8196
f 8196 8210 8242
f 8221 8223 8242
f 8243 8224 8225
f 8252 8243 8226
f 8227 8212 8197
f 8254 8268 8172
f 8229 8254 8228
f 8214 8215 8255
f 8295 8255 8215
f 8270 8295 8215
f 8230 8256 8270
f 8198 8256 8230
f 8258 8257 8199
f 8199 8189 8258
f 8189 8231 8258
f 8233 8272 8232
f 8217 8285 8234
f 8301 9370 8204
f 8204 8218 8301
f 8260 8218 8180
f 8192 8273 8286
f 8288 8273 8236
f 8274 8288 8182
f 8182 8205 8274
f 8263 8321 8195
f 8195 8239 8263
f 8249 8248 8240
f 8250 8251 8277
f 8226 8212 8252
f 8229 8213 8269
f 8213 8214 8269
f 8255 8269 8214
f 8256 8198 8244
f 8258 8231 8271
f 8232 8272 8271
f 8272 8233 8298
f 8281 8299 8259
f 8282 8245 8283
f 8245 8234 8285
f 8217 9370 8300
f 8301 8300 9370
f 8260 8301 8218
f 8260 8180 8286
f 8312 8275 8237
f 8237 8261 8312
f 8208 8262 8276
f 8262 8247 8363
f 8238 8363 8247
f 8277 8249 8250
f 8251 8278 8277
f 8223 8279 8267
f 8267 8242 8223
f 8293 8224 8243
f 8293 8243 8252
f 8212 8227 8304
f 8325 8227 8253
f 8253 8268 8325
f 8296 8257 8306
f 8257 8258 8297
f 8233 8259 8299
f 8283 8245 8284
f 8285 8284 8245
f 8300 8285 8217
f 8288 8287 8273
f 8205 8246 8310
f 8246 8275 8310
f 8363 8332 8262
f 8248 8249 8322
f 8241 8265 8317
f 8266 8290 8265
f 8279 8291 8267
f 8293 8292 8224
f 8304 8252 8212
f 8268 8254 8325
f 8229 8269 8294
f 8305 8294 8269
f 8269 8255 8305
f 8337 8336 8270
f 8256 8337 8270
f 8258 8271 8326
f 8280 8326 8271
f 8271 8272 8280
f 8299 8298 8233
f 8302 8286 8273
f 8350 8288 8274
f 8310 8275 8352
f 8303 8261 8289
f 8314 8313 8264
f 8322 8314 8264
f 8264 8248 8322
f 8277 8278 8315
f 8316 8315 8278
f 8278 8241 8316
f 8317 8316 8241
f 8334 8304 8227
f 8294 8325 8254
f 8254 8229 8294
f 8336 8295 8270
f 8297 8258 8338
f 8326 8338 8258
f 8298 8307 8272
f 8299 8281 8341
f 8281 8282 8341
f 8283 8341 8282
f 8283 8284 8329
f 8284 8285 8308
f 8285 8300 8308
f 8286 8309 8260
f 8287 8302 8273
f 8274 8205 8351
f 8205 8310 8351
f 8275 8312 8311
f 8303 8312 8261
f 8379 8303 8289
f 8263 8264 8313
f 8265 8342 8317
f 8265 8290 8342
f 8318 8290 8291
f 8279 8318 8291
f 8292 8293 8333
f 8333 8293 8252
f 8252 8304 8333
f 8227 8325 8334
f 8255 8295 8345
f 8256 8244 8337
f 8297 8306 8257
f 8338 8356 8297
f 8280 8272 8327
f 8307 8327 8272
f 8328 8307 8298
f 8298 8299 8328
f 8341 8328 8299
f 8308 8329 8284
f 8302 8309 8286
f 8350 8287 8288
f 8274 8351 8350
f 8311 8352 8275
f 8312 8303 8331
f 8276 8262 8332
f 8313 8321 8263
f 8322 8249 8364
f 8323 8364 8249
f 8249 8277 8323
f 8315 8323 8277
f 8316 8317 8324
f 9423 8318 8279
f 8279 8292 9423
f 8344 8343 8294
f 8294 8305 8344
f 8305 8255 8335
f 8345 8335 8255
f 8336 8345 8295
f 8383 8337 8244
f 8296 8383 8244
f 8296 8306 8384
f 8346 8384 8306
f 8280 8327 8326
f 8330 8329 8308
f 8308 8309 8330
f 8302 8287 8319
f 8352 8351 8310
f 8352 8311 8387
f 8320 8311 8312
f 8331 8320 8312
f 8289 8276 8332
f 8371 8315 8316
f 8324 8371 8316
f 8342 8324 8317
f 8290 8318 8342
f 8292 8333 9423
f 8334 8325 8354
f 8325 8294 8343
f 8335 8344 8305
f 8296 8384 8383
f 8306 8297 8374
f 8339 8327 8307
f 8341 8283 8329
f 8319 8287 8349
f 8287 8350 8349
f 8350 8351 8361
f 8320 8387 8311
f 8332 8379 8289
f 8342 8318 9426
f 8318 9423 9426
f 8333 8304 8359
f 8325 8343 8354
f 8343 8344 8373
f 8344 8335 8381
f 8346 8306 8374
f 8338 8326 8347
f 8326 8327 8347
f 8327 8339 8347
f 8340 8339 8307
f 8357 8307 8328
f 8341 8357 8328
f 8348 8341 8329
f 8330 8302 8360
f 8387 8378 8352
f 8363 8388 8332
f 8363 8238 8380
f 8321 8380 8238
f 8397 8396 8313
f 8313 8314 8397
f 8314 8322 8397
f 8324 8342 8353
f 9426 8353 8342
f 8333 8359 8358
f 8304 8334 8359
f 8365 8359 8334
f 8334 8354 8365
f 8345 8336 8394
f 8400 8382 8336
f 8336 8337 8400
f 8383 8400 8337
f 8356 8374 8297
f 8356 8338 8405
f 8347 8405 8338
f 8357 8340 8307
f 8379 8332 8388
f 8397 8322 8389
f 8371 8323 8315
f 8372 8371 8324
f 8353 8372 8324
f 8354 8343 8366
f 8373 8344 8355
f 8381 8355 8344
f 8394 8335 8345
f 8357 8341 8348
f 8360 8349 8376
f 8361 8377 8349
f 8349 8350 8361
f 8362 8361 8351
f 8351 8352 8362
f 8321 8313 8380
f 8397 8411 8396
f 8322 8364 8389
f 8364 8323 8370
f 8366 8365 8354
f 8373 8366 8343
f 8336 8382 8394
f 8452 8346 8367
f 8346 8374 8367
f 8405 8374 8356
f 8368 8401 8339
f 8339 8340 8368
f 8340 8357 8369
f 8357 8348 8369
f 8349 8377 8376
f 8378 8362 8352
f 8419 8320 8331
f 8389 8364 8370
f 8370 8323 8398
f 8323 8371 8398
f 8394 8381 8335
f 8384 8346 8452
f 8405 8347 8401
f 8347 8339 8401
f 8375 8369 8348
f 8376 8375 8348
f 8377 8361 8386
f 8303 8379 8395
f 8388 8395 8379
f 8380 8313 8396
f 8389 8421 8397
f 8398 8371 8399
f 8371 8372 8399
f 8372 9425 9422
f 8394 8409 8381
f 8384 8415 8383
f 8340 8369 8385
f 8375 8376 8377
f 8377 8386 8375
f 8361 8362 8386
f 8402 8386 8362
f 8378 8387 8407
f 8387 8320 8431
f 8363 8380 8420
f 8396 8420 8380
f 8398 8399 8403
f 8399 8372 9422
f 8391 8365 8392
f 8365 8366 8392
f 8414 8392 8366
f 8366 8373 8414
f 8355 8414 8373
f 8393 8355 8381
f 8382 8400 8450
f 8415 8400 8383
f 8368 8340 8418
f 8340 8385 8418
f 8375 8385 8369
f 8387 8431 8407
f 8331 8303 8419
f 8397 8412 8411
f 8421 8439 8397
f 8398 8403 8370
f 8409 8394 8404
f 8449 8394 8382
f 8382 8450 8449
f 8410 8367 8374
f 8416 8410 8374
f 8374 8405 8416
f 8402 8375 8386
f 8362 8378 8425
f 8378 8407 8430
f 8457 8431 8320
f 8388 8363 8426
f 8420 8426 8363
f 8439 8412 8397
f 8403 8399 8413
f 8422 8414 8355
f 8449 8404 8394
f 8415 8384 8437
f 8423 8405 8401
f 8417 8401 8368
f 8424 8368 8418
f 8406 8418 8385
f 8385 8375 8406
f 8375 8402 8406
f 8402 8362 8425
f 8378 8430 8425
f 8444 8419 8303
f 8303 8395 8444
f 8426 8395 8388
f 8421 8389 8432
f 8370 8432 8389
f 8433 8422 8355
f 8409 8429 8381
f 8452 8437 8384
f 8441 8416 8405
f 8405 8423 8441
f 8424 8417 8368
f 8320 8419 8457
f 8411 8420 8396
f 8413 8408 8428
f 8408 8414 8428
f 8393 8433 8355
f 8429 8409 8448
f 8409 8404 8448
f 8415 8451 8400
f 8417 8423 8401
f 8431 8430 8407
f 8445 8439 8421
f 8370 8403 8432
f 8427 8432 8403
f 8403 8413 8427
f 8422 8428 8414
f 8393 8381 8429
f 8451 8450 8400
f 8451 8415 8462
f 8434 8424 8418
f 8418 8406 8434
f 8425 8435 8406
f 8436 8425 8430
f 8427 8413 8440
f 8428 8440 8413
f 8429 8433 8393
f 8437 8462 8415
f 8432 8445 8421
f 8446 8440 8428
f 8428 8422 8446
f 8447 8446 8422
f 8422 8433 8447
f 8471 8410 8416
f 8441 8471 8416
f 8441 8423 8463
f 8423 8417 8442
f 8424 8442 8417
f 8438 8424 8434
f 8435 8425 8443
f 8458 8395 8426
f 8420 8411 8464
f 8412 8439 8475
f 8404 8449 8484
f 8462 8437 8470
f 8452 8367 8477
f 8466 8438 8435
f 8443 8466 8435
f 8425 8436 8443
f 8430 8431 8456
f 8444 8457 8419
f 8458 8444 8395
f 8426 8420 8454
f 8464 8454 8420
f 8412 8464 8411
f 8440 8467 8427
f 8429 8447 8433
f 8442 8424 8438
f 8475 8464 8412
f 8427 8445 8432
f 8460 8459 8440
f 8440 8446 8460
f 8447 8429 8461
f 8429 8448 8455
f 8472 8471 8441
f 8441 8463 8472
f 8423 8442 8463
f 8430 8456 8436
f 8454 8458 8426
f 8445 8427 8479
f 8427 8467 8479
f 8476 8460 8446
f 8446 8447 8476
f 8455 8461 8429
f 8468 8448 8404
f 8484 8468 8404
f 8465 8449 8450
f 8450 8451 8465
f 8451 8462 8465
f 8437 8452 8495
f 8477 8495 8452
f 8471 8511 8410
f 8453 8463 8442
f 8442 8438 8453
f 8473 8453 8438
f 8445 8475 8439
f 8459 8467 8440
f 8470 8437 8495
f 8477 8367 8511
f 8367 8410 8511
f 8438 8466 8473
f 8443 8436 8481
f 8436 8456 8481
f 8502 8431 8457
f 8474 8502 8457
f 8457 8444 8474
f 8475 8445 8479
f 8476 8447 8461
f 8455 8448 8483
f 8448 8468 8483
f 8469 8484 8449
f 8469 8449 8465
f 8480 8472 8463
f 8453 8480 8463
f 8497 8453 8473
f 8466 8443 8478
f 8481 8478 8443
f 8444 8458 8474
f 8458 8454 8504
f 8464 8475 8488
f 8499 8469 8465
f 8485 8499 8465
f 8462 8485 8465
f 8473 8466 8487
f 8478 8487 8466
f 8502 8456 8431
f 8459 8479 8467
f 8460 8476 8489
f 8476 8461 8489
f 8462 8470 8485
f 8500 8485 8470
f 8486 8511 8471
f 8453 8497 8480
f 8487 8497 8473
f 8456 8502 8481
f 8454 8492 8504
f 8488 8475 8498
f 8459 8460 8482
f 8495 8477 8517
f 8486 8471 8501
f 8472 8501 8471
f 8480 8490 8472
f 8475 8479 8498
f 8479 8459 8494
f 8459 8482 8494
f 8460 8489 8482
f 8489 8461 8506
f 8461 8455 8506
f 8495 8500 8470
f 8490 8501 8472
f 8503 8474 8458
f 8458 8504 8503
f 8492 8454 8512
f 8454 8464 8512
f 8493 8498 8479
f 8479 8494 8493
f 8455 8483 8506
f 8468 8484 8514
f 8515 8514 8484
f 8484 8469 8515
f 8511 8517 8477
f 8497 8487 8491
f 8512 8538 8492
f 8512 8464 8509
f 8464 8488 8509
f 8518 8509 8488
f 8498 8518 8488
f 8490 8480 8496
f 8507 8496 8480
f 8480 8497 8507
f 8474 8503 8508
f 8513 8494 8482
f 8519 8515 8499
f 8499 8485 8519
f 8495 8517 8526
f 8501 8490 8523
f 8478 8481 8521
f 8502 8474 8536
f 8508 8536 8474
f 8503 8504 8505
f 8514 8483 8468
f 8469 8499 8515
f 8516 8526 8517
f 8491 8507 8497
f 8491 8487 8520
f 8487 8478 8521
f 8521 8481 8522
f 8481 8502 8522
f 8502 8536 8522
f 8492 8505 8504
f 8510 8518 8498
f 8498 8493 8510
f 8506 8539 8489
f 8514 8515 8557
f 8486 8527 8511
f 8521 8520 8487
f 8508 8503 8505
f 8538 8512 8524
f 8494 8513 8532
f 8539 8513 8489
f 8485 8500 8533
f 8500 8495 8526
f 8535 8516 8517
f 8523 8486 8501
f 8529 8505 8492
f 8531 8510 8493
f 8554 8531 8493
f 8493 8494 8554
f 8532 8554 8494
f 8513 8539 8537
f 8544 8515 8519
f 8525 8544 8519
f 8519 8485 8533
f 8517 8511 8535
f 8527 8535 8511
f 8542 8523 8490
f 8490 8496 8542
f 8538 8529 8492
f 8509 8524 8512
f 8509 8518 8530
f 8537 8532 8513
f 8555 8539 8506
f 8506 8483 8555
f 8528 8507 8491
f 8520 8528 8491
f 8520 8521 8565
f 8508 8505 8574
f 8524 8509 8530
f 8518 8510 8530
f 8533 8525 8519
f 8500 8526 8541
f 8527 8486 8549
f 8496 8507 8542
f 8565 8521 8551
f 8521 8522 8551
f 8569 8574 8505
f 8529 8569 8505
f 8533 8500 8541
f 8534 8526 8516
f 8548 8534 8516
f 8535 8548 8516
f 8573 8549 8486
f 8486 8523 8573
f 8528 8542 8507
f 8522 8536 8551
f 8537 8539 8570
f 8514 8555 8483
f 8541 8526 8534
f 8528 8520 8543
f 8574 8536 8508
f 8562 8554 8532
f 8532 8537 8562
f 8555 8514 8557
f 8544 8557 8515
f 8533 8540 8525
f 8546 8573 8523
f 8564 8543 8520
f 8565 8564 8520
f 8536 8574 8552
f 8530 8510 8553
f 8595 8562 8537
f 8570 8595 8537
f 8540 8544 8525
f 8535 8527 8548
f 8527 8549 8572
f 8546 8523 8550
f 8542 8550 8523
f 8604 8576 8529
f 8529 8538 8604
f 8544 8540 8581
f 8558 8540 8533
f 8533 8541 8558
f 8545 8558 8541
f 8534 8545 8541
f 8572 8548 8527
f 8552 8551 8536
f 8524 8586 8538
f 8510 8531 8553
f 8567 8557 8544
f 8561 8547 8534
f 8586 8604 8538
f 8524 8530 8587
f 8553 8587 8530
f 8531 8577 8553
f 8531 8554 8577
f 8610 8595 8570
f 8578 8570 8539
f 8539 8555 8578
f 8555 8557 8556
f 8581 8567 8544
f 8534 8548 8561
f 8591 8561 8548
f 8547 9378 8545
f 8591 8548 8572
f 8598 8565 8551
f 8551 8552 8598
f 8552 8574 8566
f 8569 8529 8575
f 8540 8558 8588
f 8558 8559 8588
f 8563 8588 8559
f 8559 8560 8563
f 8568 8563 8560
f 8560 9379 8568
f 9379 9381 8590
f 9378 8547 8571
f 8591 8584 8561
f 8542 8528 8585
f 8528 8543 8585
f 8564 8565 8630
f 8587 8586 8524
f 8579 8556 8557
f 8557 8567 8579
f 8588 8581 8540
f 8563 8568 8582
f 8584 8571 8547
f 8547 8561 8584
f 8585 8543 8593
f 8564 8593 8543
f 8552 8566 8598
f 8594 8587 8553
f 8609 8577 8554
f 8554 8562 8609
f 8578 8555 8611
f 8556 8611 8555
f 8580 8579 8567
f 8567 8581 8580
f 8581 8588 8600
f 8583 8582 8568
f 8568 9379 8583
f 8542 8585 8550
f 8576 8575 8529
f 8562 8595 8609
f 8610 8570 8599
f 8578 8599 8570
f 8580 8581 8612
f 8583 9379 8589
f 8590 8589 9379
f 8602 8584 8591
f 8572 8549 8592
f 9381 8571 8597
f 8616 8597 8571
f 8584 8616 8571
f 8591 8572 8592
f 8549 8573 8592
f 8625 8592 8573
f 8573 8546 8625
f 8598 8630 8565
f 8556 8579 8607
f 8600 8612 8581
f 8601 8596 8563
f 8563 8582 8601
f 8590 9381 8597
f 8602 8616 8584
f 8593 8564 8633
f 8566 8574 8603
f 8574 8569 8603
f 8575 8603 8569
f 8612 8600 8608
f 8600 8588 8596
f 8588 8563 8596
f 8615 8614 8590
f 8590 8597 8615
f 8602 8591 8617
f 8591 8592 8617
f 8605 8594 8553
f 8553 8577 8605
f 8577 8609 8605
f 8606 8609 8595
f 8611 8599 8578
f 8607 8611 8556
f 8580 8607 8579
f 8600 8596 8613
f 8601 8631 8596
f 8627 8601 8582
f 8582 8583 8627
f 8614 8589 8590
f 8630 8633 8564
f 8608 8600 8613
f 8613 8596 8637
f 8583 8589 8632
f 8620 8632 8589
f 8621 8620 8589
f 8589 8614 8621
f 8616 8602 8624
f 8602 8617 8624
f 8625 8617 8592
f 8640 8604 8586
f 8599 8611 8618
f 8612 8607 8580
f 8601 8627 8648
f 8632 8627 8583
f 8622 8621 8614
f 8615 8597 8662
f 8597 8616 8623
f 8585 8668 8550
f 8605 8609 8646
f 8606 8646 8609
f 8606 8610 8626
f 8610 8599 8626
f 8599 8618 8626
f 8635 8618 8611
f 8611 8607 8635
f 8631 8637 8596
f 8631 8601 8619
f 8619 8601 8648
f 8614 8615 8622
f 8615 8662 8661
f 8624 8623 8616
f 8625 8546 8668
f 8546 8550 8668
f 8630 8629 8633
f 8566 8638 8598
f 8576 8604 8640
f 8665 8640 8586
f 8586 8587 8665
f 8646 8669 8605
f 8607 8612 8635
f 8636 8635 8612
f 8612 8608 8636
f 8608 8613 8636
f 8622 8615 8661
f 8623 8662 8597
f 8623 8624 8653
f 8585 8593 8628
f 8633 8628 8593
f 8638 8634 8630
f 8630 8598 8638
f 8587 8594 8665
f 8594 8605 8669
f 8606 8626 8642
f 8635 8647 8618
f 8636 8613 8643
f 8637 8643 8613
f 8649 8627 8650
f 8627 8632 8650
f 8632 8620 8660
f 8624 8617 8644
f 8629 8630 8634
f 8575 8576 8639
f 8652 8639 8576
f 8640 8652 8576
f 8669 8645 8594
f 8646 8606 8641
f 8606 8642 8641
f 8686 8637 8631
f 8631 8619 8686
f 8648 8627 8666
f 8649 8666 8627
f 8660 8650 8632
f 8688 8660 8620
f 8621 8688 8620
f 8644 8663 8624
f 8651 8644 8617
f 8617 8625 8651
f 8668 8651 8625
f 8668 8585 8628
f 8645 8665 8594
f 8647 8642 8626
f 8657 8635 8636
f 8686 8643 8637
f 8688 8621 8673
f 8653 8624 8679
f 8663 8679 8624
f 8640 8665 8652
f 8671 8647 8635
f 8621 8622 8673
f 8622 8661 8677
f 8633 8629 8664
f 8629 8634 8654
f 8638 8566 8655
f 8566 8603 8655
f 8603 8575 8656
f 8639 8656 8575
f 8669 8646 8670
f 8641 8642 8684
f 8642 8647 8684
f 8672 8657 8636
f 8636 8643 8672
f 8686 8619 8658
f 8619 8648 8658
f 8659 8658 8648
f 8648 8666 8659
f 8677 8673 8622
f 8662 8678 8661
f 8623 8653 8694
f 8651 8663 8644
f 8628 8633 8664
f 8682 8654 8634
f 8634 8638 8682
f 8656 8655 8603
f 8645 8674 8665
f 8641 8670 8646
f 8684 8647 8685
f 8666 8649 8687
f 8649 8650 8699
f 8660 8676 8650
f 8694 8662 8623
f 8679 8694 8653
f 8651 8668 8695
f 8664 8629 8654
f 8696 8682 8638
f 8669 8675 8645
f 8685 8647 8671
f 8657 8671 8635
f 8659 8666 8692
f 8699 8687 8649
f 8676 8699 8650
f 8677 8661 8667
f 8661 8678 8667
f 8679 8663 8680
f 8674 8689 8652
f 8652 8665 8674
f 8675 8674 8645
f 8670 8641 8730
f 8687 8732 8666
f 8688 8673 8693
f 8694 8678 8662
f 8663 8651 8695
f 8714 8695 8668
f 8715 8714 8668
f 8668 8628 8715
f 8628 8664 8716
f 8664 8654 8717
f 8654 8682 8681
f 8655 8696 8638
f 8639 8652 8706
f 8689 8706 8652
f 8683 8675 8669
f 8669 8670 8683
f 8730 8690 8670
f 8684 8730 8641
f 8657 8672 8710
f 8643 8686 8691
f 8727 8673 8677
f 8677 8667 8713
f 8680 8663 8705
f 8695 8705 8663
f 8664 8717 8716
f 8654 8681 8717
f 8656 8639 8698
f 8706 8698 8639
f 8674 8675 8708
f 8723 8708 8675
f 8675 8683 8723
f 8683 8670 8690
f 8671 8657 8702
f 8710 8702 8657
f 8672 8643 8691
f 8686 8658 8711
f 8659 8711 8658
f 8703 8699 8676
f 8676 8660 8703
f 8688 8703 8660
f 8673 8727 8693
f 8713 8727 8677
f 8681 8682 8701
f 8696 8701 8682
f 8696 8655 8728
f 8697 8728 8655
f 8655 8656 8697
f 8698 8697 8656
f 9367 8684 8685
f 8685 8671 9367
f 8691 8710 8672
f 8719 8691 8686
f 8686 8711 8719
f 8732 8692 8666
f 8703 8688 8704
f 8693 8704 8688
f 8678 8788 8667
f 8694 8679 8734
f 8680 8705 8700
f 8628 8716 8715
f 8707 8706 8689
f 8689 8674 8707
f 8708 8707 8674
f 8730 8684 8756
f 8702 8710 8709
f 8710 8691 8817
f 8704 8693 8712
f 8678 8694 8753
f 8734 8742 8694
f 8679 8680 8734
f 8705 8695 8720
f 8737 8701 8696
f 8728 8737 8696
f 8698 8706 8722
f 8702 9367 8671
f 8659 8692 8711
f 8732 8687 8741
f 8687 8699 8741
f 8727 8712 8693
f 8788 8713 8667
f 8753 8694 8742
f 8714 8720 8695
f 8683 8724 8723
f 8718 8756 8684
f 8684 9367 8718
f 8699 8703 8733
f 8734 8680 8743
f 8700 8743 8680
f 8720 8700 8705
f 8715 8736 8714
f 8697 8698 8738
f 8698 8722 8738
f 8706 8707 8722
f 8707 8708 8762
f 8763 8762 8708
f 8690 8724 8683
f 8709 8710 8740
f 8817 8740 8710
f 8817 8691 8719
f 8731 8719 8711
f 8741 8785 8732
f 8733 8741 8699
f 8721 8720 8714
f 8714 8736 8721
f 8716 8717 8715
f 8770 8717 8681
f 8754 8770 8681
f 8681 8701 8754
f 8728 8697 8761
f 8729 8763 8708
f 8723 8729 8708
f 9367 8702 8725
f 8757 8725 8702
f 8702 8709 8757
f 8711 8692 8750
f 8726 8733 8703
f 8703 8704 8726
f 8704 8712 8726
f 8758 8726 8712
f 8752 8727 8713
f 8788 8752 8713
f 8735 8744 8720
f 8720 8721 8735
f 8745 8754 8701
f 8701 8737 8745
f 8797 8745 8737
f 8737 8728 8761
f 8723 8724 8729
f 8730 8746 8690
f 8747 8718 9367
f 8725 8747 9367
f 8767 8758 8712
f 8712 8727 8767
f 8717 8770 8794
f 8697 8738 8761
f 8722 8707 8755
f 8762 8755 8707
f 8739 8729 8724
f 8724 8690 8746
f 8748 8747 8725
f 8749 8748 8725
f 8750 8731 8711
f 8776 8692 8732
f 8732 8785 8776
f 8785 8741 8765
f 8741 8733 8751
f 8767 8727 8752
f 9368 8735 8721
f 8742 8734 8789
f 8743 8789 8734
f 8743 8700 8876
f 8744 8876 8700
f 8760 8759 8736
f 8736 8715 8760
f 8761 8797 8737
f 8763 8729 8781
f 8739 8781 8729
f 8746 8739 8724
f 8746 8730 8772
f 8796 8748 8749
f 8776 8750 8692
f 8741 8751 8765
f 8733 8726 8751
f 8766 8751 8726
f 8788 8678 8804
f 9368 8778 8735
f 8793 8760 8715
f 8715 8717 8793
f 8794 8793 8717
f 8771 8770 8754
f 8755 8738 8722
f 8756 8772 8730
f 8756 8718 8764
f 8718 8747 8764
f 8747 8748 8764
f 8773 8764 8748
f 8774 8796 8749
f 8749 8757 8774
f 8777 8766 8726
f 8726 8758 8777
f 8767 8786 8758
f 8787 8767 8752
f 8742 8768 8753
f 8744 8735 8790
f 8735 8778 8790
f 8792 8778 9368
f 8769 8779 8759
f 8759 8760 8769
f 8754 8745 8771
f 8755 8780 8738
f 8755 8762 8795
f 8756 8764 8772
f 8775 8774 8757
f 8757 8709 8775
f 8709 8740 8775
f 8758 8786 8777
f 8678 8753 8804
f 8768 8804 8753
f 8789 8743 8836
f 8876 8836 8743
f 8876 8744 8837
f 8790 8837 8744
f 8778 8792 8791
f 8779 8792 8759
f 8760 8793 8769
f 8780 8761 8738
f 8799 8780 8755
f 8762 8763 8795
f 8823 8795 8763
f 8781 8823 8763
f 8772 8764 8782
f 8783 8782 8764
f 8764 8773 8783
f 8796 8800 8773
f 8773 8748 8796
f 8784 8775 8740
f 8740 8817 8784
f 8817 8719 8862
f 8785 8765 8801
f 8765 8751 8802
f 8777 8786 8811
f 8787 8786 8767
f 8812 8787 8752
f 8752 8788 8812
f 8770 8771 8807
f 8797 8761 8798
f 8780 8798 8761
f 8795 8799 8755
f 8800 8783 8773
f 8731 8862 8719
f 8776 8785 8818
f 8802 8801 8765
f 8805 8778 8791
f 8769 8793 8821
f 8794 8770 8807
f 8745 8797 8771
f 8798 8808 8797
f 8798 8780 8809
f 8795 8823 8831
f 8872 8823 8781
f 8843 8872 8781
f 8781 8739 8843
f 8739 8746 8843
f 8774 8816 8796
f 8751 8766 8810
f 8803 8810 8766
f 8766 8777 8803
f 8828 8803 8777
f 8777 8811 8828
f 8786 8787 8819
f 8847 8812 8788
f 8788 8804 8847
f 8836 8854 8789
f 8837 8790 8806
f 8790 8778 8806
f 8805 8806 8778
f 8839 8821 8793
f 8793 8794 8839
f 8794 8807 8839
f 8780 8799 8829
f 8746 8772 8832
f 8782 8832 8772
f 8824 8796 8816
f 8833 8816 8774
f 8774 8775 8833
f 8826 8731 8750
f 8750 8776 8826
f 8818 8826 8776
f 8818 8785 8851
f 8801 8851 8785
f 8852 8801 8802
f 8852 8802 8751
f 8751 8810 8852
f 8811 8786 8819
f 8779 8769 8820
f 8821 8820 8769
f 8841 8771 8797
f 8808 8841 8797
f 8809 8780 8829
f 8829 8799 8814
f 8822 8814 8799
f 8799 8795 8822
f 8830 8822 8795
f 8795 8831 8830
f 8824 8815 8800
f 8775 8784 8833
f 8845 8810 8803
f 8787 8812 8819
f 8742 8789 8864
f 8854 8864 8789
f 8813 8791 8792
f 8840 8839 8807
f 8807 8771 8840
f 8808 8798 8848
f 8798 8809 8856
f 8829 8856 8809
f 8872 8843 8857
f 8832 8843 8746
f 8832 8782 8849
f 8782 8783 8849
f 8783 8800 8849
f 8816 8833 8825
f 8835 8828 8811
f 8819 8835 8811
f 8846 8819 8812
f 8806 8805 8866
f 8856 8848 8798
f 8824 8816 8844
f 8825 8844 8816
f 8862 8784 8817
f 8827 8852 8810
f 8845 8827 8810
f 8834 8845 8803
f 8803 8828 8834
f 8876 8837 8865
f 8837 8806 8838
f 8791 8813 8868
f 8820 8821 8869
f 8821 8839 8871
f 8841 8840 8771
f 8829 8814 8842
f 8822 8830 8889
f 8831 8823 8896
f 8872 8896 8823
f 8860 8815 8824
f 8824 8844 8860
f 8731 8826 8910
f 8863 8834 8828
f 8828 8835 8863
f 8847 8846 8812
f 8847 8804 8919
f 8768 8919 8804
f 8848 8841 8808
f 8887 8842 8814
f 8814 8822 8887
f 8896 8830 8831
f 8849 8858 8832
f 8859 8849 8800
f 8815 8859 8800
f 8826 8818 8901
f 8818 8851 8901
f 8881 8851 8801
f 8801 8852 8881
f 8819 8846 8874
f 8864 8768 8742
f 8875 8854 8836
f 8876 8875 8836
f 8867 8805 8791
f 8868 8867 8791
f 8813 8820 8869
f 8838 8865 8837
f 8866 8805 8867
f 8869 8868 8813
f 8839 8840 8885
f 8840 8841 8855
f 8841 8848 8905
f 8895 8848 8856
f 8889 8887 8822
f 8858 8857 8843
f 8843 8832 8858
f 8860 8859 8815
f 8861 8825 8833
f 8833 8784 8861
f 8862 8731 8850
f 8924 8901 8851
f 8853 8852 8827
f 8873 8827 8845
f 8845 8834 8873
f 8835 8819 8874
f 8885 8871 8839
f 8856 8829 8886
f 8842 8886 8829
f 8830 8896 8907
f 8858 8849 8879
f 8849 8859 8898
f 8784 8862 8936
f 8850 8731 8910
f 8852 8853 8881
f 8883 8853 8827
f 8873 8883 8827
f 8863 8835 8911
f 8874 8911 8835
f 8768 8864 8931
f 8877 8865 8838
f 8866 8877 8838
f 8866 8867 8878
f 8855 8885 8840
f 8894 8855 8841
f 8841 8905 8894
f 8886 8895 8856
f 8886 8842 8915
f 8907 8889 8830
f 8872 8857 8908
f 8857 8858 8897
f 8899 8898 8859
f 8859 8860 8899
f 8890 8899 8860
f 8844 8825 8880
f 8850 8936 8862
f 8851 8881 8924
f 8863 8884 8834
f 8846 8847 8903
f 8847 8919 8903
f 8878 8877 8866
f 8868 8869 8870
f 8870 8869 9395
f 8869 8871 9395
f 8961 9395 8871
f 8906 8905 8848
f 8848 8895 8906
f 8887 8915 8842
f 8896 8872 8908
f 8879 8897 8858
f 8849 8898 8879
f 8825 8861 8880
f 8936 8923 8784
f 8910 8826 8901
f 8853 8883 8882
f 8891 8883 8873
f 8902 8891 8873
f 8873 8834 8902
f 8884 8902 8834
f 8911 8884 8863
f 8846 8918 8874
f 8959 8931 8864
f 8875 8959 8864
f 8864 8854 8875
f 8875 8876 8892
f 8876 8865 8892
f 8865 8877 8893
f 8877 8878 8912
f 8878 8867 8912
f 8885 8855 8952
f 8887 8889 8888
f 8897 8879 8916
f 8900 8890 8880
f 8861 8784 8923
f 8924 8881 8925
f 8881 8853 8925
f 8891 8882 8883
f 8911 8874 8918
f 8918 8846 8948
f 8846 8903 8948
f 8893 8877 8912
f 8867 8868 8904
f 8868 8870 8913
f 8952 8961 8871
f 8871 8885 8952
f 8895 8886 8953
f 8915 8953 8886
f 8887 8888 8932
f 8920 8888 8889
f 8889 8907 8920
f 8908 8921 8896
f 8908 8857 8933
f 8897 8933 8857
f 8879 8898 8916
f 8917 8916 8898
f 8899 8890 8900
f 8922 8900 8880
f 8880 8861 8922
f 8936 8850 8909
f 8909 8850 8947
f 8910 8947 8850
f 8924 8968 8901
f 8938 8925 8853
f 8931 8919 8768
f 8904 8912 8867
f 8913 8870 9395
f 8914 8952 8855
f 8855 8894 8914
f 8905 8906 8989
f 8943 8906 8895
f 8953 8943 8895
f 8953 8915 8991
f 8932 8915 8887
f 8907 8896 8945
f 8921 8945 8896
f 8898 8899 8917
f 8910 8901 8968
f 8968 8924 8928
f 8853 8882 8939
f 8902 8884 8926
f 8911 8926 8884
f 8960 8904 8868
f 8868 8913 8960
f 8920 8907 8945
f 8916 8946 8897
f 8967 8916 8917
f 8899 8900 8934
f 8935 8934 8900
f 8922 8861 8927
f 8861 8923 8927
f 8984 8924 8925
f 8939 8938 8853
f 8930 8926 8911
f 8911 8918 8940
f 8918 8948 8965
f 8950 8875 8892
f 9388 8950 8892
f 8892 8893 9388
f 8966 8894 8905
f 8905 8989 8966
f 8906 8943 8989
f 8954 8991 8915
f 8932 8954 8915
f 8916 8967 8946
f 8934 8967 8917
f 8917 8899 8934
f 8922 8935 8900
f 8939 8882 8929
f 8882 8891 8929
f 8926 8929 8891
f 8891 8902 8926
f 8911 8940 8930
f 8965 8940 8918
f 8948 8903 8958
f 8941 8903 8919
f 8931 8941 8919
f 8931 8959 9017
f 8950 8959 8875
f 8952 8914 9000
f 8963 8944 8932
f 8932 8888 8963
f 8888 8920 8963
f 8974 8927 8923
f 8923 8936 8974
f 8984 8928 8924
f 8937 8984 8925
f 8938 8937 8925
f 8903 8941 8958
f 8973 8960 8913
f 8913 9395 8973
f 8912 8904 8972
f 8904 8960 8972
f 8947 8910 8975
f 8968 8975 8910
f 8939 8937 8938
f 8949 8941 8931
f 8931 9017 8949
f 8972 8942 8912
f 9007 8989 8943
f 8933 8897 8981
f 8934 8935 8955
f 8909 8974 8936
f 8928 8984 8969
f 8998 8984 8937
f 8929 8926 8964
f 8926 8930 8964
f 8958 8987 8948
f 9385 8959 8950
f 8972 8951 8942
f 8978 9007 8943
f 8953 8978 8943
f 8991 8990 8953
f 8908 9031 8921
f 8962 8982 8946
f 8967 8962 8946
f 8955 8967 8934
f 8956 8955 8935
f 8969 8968 8928
f 8929 8964 8986
f 8987 8970 8965
f 8965 8948 8987
f 8961 8952 8977
f 9000 8977 8952
f 8988 9000 8914
f 8914 8894 8988
f 8894 8966 8988
f 8978 8953 8990
f 8992 8963 8920
f 8920 8945 8992
f 8908 8933 9031
f 8981 8980 8933
f 8946 8982 8897
f 8937 8939 8985
f 8939 8929 8985
f 8986 8985 8929
f 8930 8940 8964
f 9387 8951 8971
f 8951 8972 8971
f 8973 8972 8960
f 8977 8973 8961
f 8945 8921 9041
f 9031 9041 8921
f 9031 8933 8980
f 8982 8981 8897
f 8955 8956 9390
f 9389 9390 8956
f 8909 8947 9012
f 9003 8940 8965
f 8970 9003 8965
f 8976 8958 8941
f 8941 8949 8976
f 8972 8973 8994
f 8996 9009 8944
f 8980 8981 8993
f 8962 8967 9390
f 8967 8955 9390
f 8975 8968 9002
f 8969 9002 8968
f 8984 8998 9022
f 8985 8998 8937
f 8958 8976 8999
f 9017 9028 8949
f 9005 9017 8959
f 8959 9385 9005
f 8994 9386 8971
f 8971 8972 8994
f 8995 8994 8973
f 8973 8977 8995
f 8966 8989 9001
f 8997 8982 8962
f 8957 8974 9021
f 8974 8909 9021
f 9012 9021 8909
f 9012 8947 9013
f 8947 8975 9013
f 9003 8964 8940
f 8987 8958 8999
f 9384 9005 9385
f 9000 8988 9018
f 9001 8988 8966
f 8979 9050 8991
f 8991 8954 8979
f 8963 9010 8996
f 8963 8992 9010
f 9041 9020 8945
f 8993 8981 9051
f 8981 8982 9051
f 9002 9013 8975
f 8969 8984 9002
f 9014 9002 8984
f 8984 9022 9014
f 8998 8985 9015
f 9016 8985 8986
f 8986 8964 9016
f 9003 8970 9042
f 8970 8987 9024
f 8999 9024 8987
f 8949 9028 8976
f 9004 9028 9017
f 9029 8995 8977
f 8977 9000 9029
f 8990 8991 9050
f 8992 8945 9020
f 9051 8982 9032
f 9386 8994 9044
f 8995 9044 8994
f 8989 9007 9001
f 9008 9007 8978
f 9010 9373 8996
f 9011 9053 8997
f 9022 8998 9015
f 9003 9016 8964
f 9042 9023 9003
f 9024 9042 8970
f 9044 9006 9386
f 9018 9029 9000
f 9040 9001 9007
f 8990 9008 8978
f 9026 9010 8992
f 9021 8983 8957
f 9016 9015 8985
f 9023 9016 9003
f 9037 8999 8976
f 9028 9037 8976
f 9005 9384 9060
f 9029 9038 8995
f 9039 9018 8988
f 9030 8988 9001
f 9007 9008 9040
f 8979 9009 9019
f 9026 8992 9020
f 9031 8980 9098
f 8997 9032 8982
f 9027 9053 9011
f 9013 9002 9033
f 9014 9022 9035
f 9022 9015 9036
f 9025 9024 8999
f 9060 9004 9017
f 9017 9005 9060
f 9043 9384 9006
f 9044 8995 9072
f 9038 9072 8995
f 9039 8988 9030
f 9013 9033 9012
f 9034 9033 9002
f 9002 9014 9034
f 9036 9035 9022
f 9015 9016 9036
f 9047 9042 9024
f 9025 9047 9024
f 9043 9060 9384
f 9043 9006 9044
f 9008 8990 9050
f 9051 9076 8993
f 9027 8983 9045
f 9014 9035 9058
f 9059 9036 9016
f 9016 9023 9059
f 9025 8999 9048
f 9029 9018 9107
f 9018 9039 9107
f 9082 9030 9001
f 9001 9040 9082
f 9090 9373 9010
f 9010 9026 9090
f 9031 9055 9041
f 9098 9055 9031
f 9098 8980 9076
f 8993 9076 8980
f 9051 9032 9061
f 9052 9061 9032
f 9032 8997 9052
f 8997 9053 9052
f 9053 9027 9062
f 9027 9045 9062
f 8983 9021 9046
f 9012 9046 9021
f 9034 9014 9058
f 9042 9059 9023
f 9048 9078 9025
f 8999 9037 9048
f 9040 9008 9087
f 9068 9090 9026
f 9020 9041 9097
f 9047 9059 9042
f 9037 9028 9048
f 9028 9004 9067
f 9054 9067 9004
f 9054 9004 9060
f 9038 9029 9079
f 9029 9107 9079
f 9039 9030 9139
f 9087 9082 9040
f 9050 8979 9074
f 9019 9074 8979
f 9052 9053 9099
f 9046 9045 8983
f 9046 9012 9056
f 9057 9033 9034
f 9063 9058 9035
f 9035 9036 9063
f 9048 9028 9067
f 9088 9087 9008
f 9073 9088 9008
f 9008 9050 9073
f 9074 9073 9050
f 9020 9075 9026
f 9058 9057 9034
f 9094 9078 9048
f 9067 9094 9048
f 9101 9054 9060
f 9101 9060 9043
f 9043 9044 9114
f 9072 9038 9079
f 9107 9039 9080
f 9039 9139 9080
f 9030 9082 9129
f 9083 9074 9019
f 9075 9068 9026
f 9041 9055 9097
f 9120 9062 9045
f 9084 9045 9046
f 9033 9056 9012
f 9057 9058 9070
f 9063 9070 9058
f 9063 9036 9112
f 9059 9112 9036
f 9059 9047 9064
f 9047 9025 9064
f 9077 9064 9025
f 9049 9501 9494
f 9114 9044 9072
f 9081 9129 9082
f 9102 9082 9087
f 9053 9062 9099
f 9084 9069 9045
f 9056 9033 9093
f 9100 9112 9059
f 9078 9077 9025
f 9095 9501 9049
f 9049 9065 9095
f 9067 9054 9085
f 9101 9043 9114
f 9129 9139 9030
f 9097 9091 9020
f 9061 9143 9051
f 9045 9069 9120
f 9046 9056 9084
f 9085 9094 9067
f 9071 9066 9096
f 9114 9072 9086
f 9072 9079 9137
f 9074 9083 9125
f 9103 9125 9083
f 9075 9020 9091
f 9055 9098 9119
f 9051 9166 9076
f 9092 9099 9062
f 9120 9092 9062
f 9111 9093 9033
f 9057 9111 9033
f 9064 9100 9059
f 9123 9085 9054
f 9065 9071 9115
f 9102 9081 9082
f 9087 9088 9130
f 9104 9103 9083
f 9083 9089 9104
f 9161 9097 9055
f 9098 9076 9166
f 9143 9166 9051
f 9110 9120 9069
f 9069 9084 9110
f 9084 9056 9121
f 9127 9057 9070
f 9136 9123 9054
f 9054 9101 9136
f 9101 9114 9113
f 9115 9095 9065
f 9115 9071 9105
f 9128 9137 9079
f 9079 9107 9128
f 9102 9087 9130
f 9124 9130 9088
f 9088 9073 9124
f 9073 9074 9145
f 9125 9145 9074
f 9119 9161 9055
f 9166 9119 9098
f 9154 9110 9084
f 9121 9056 9093
f 9111 9057 9127
f 9070 9063 9157
f 9134 9078 9094
f 9094 9168 9134
f 9501 9095 9126
f 9071 9096 9105
f 9105 9096 9116
f 9489 9116 9096
f 9108 9489 9503
f 9090 9068 9118
f 9142 9091 9097
f 9052 9099 9106
f 9154 9084 9121
f 9063 9112 9158
f 9112 9100 9122
f 9094 9085 9168
f 9113 9136 9101
f 9072 9137 9086
f 9138 9128 9107
f 9073 9145 9124
f 9115 9105 9132
f 9117 9108 9503
f 9503 9109 9117
f 9075 9118 9068
f 9052 9143 9061
f 9052 9106 9133
f 9092 9106 9099
f 9120 9110 9154
f 9158 9157 9063
f 9100 9064 9122
f 9077 9078 9134
f 9080 9138 9107
f 9108 9116 9489
f 9117 9109 9118
f 9109 9090 9118
f 9142 9141 9091
f 9161 9142 9097
f 9133 9143 9052
f 9111 9156 9093
f 9157 9127 9070
f 9112 9122 9158
f 9085 9123 9135
f 9114 9086 9144
f 9138 9080 9193
f 9129 9159 9139
f 9125 9103 9131
f 9147 9131 9103
f 9104 9147 9103
f 9505 9104 9497
f 9095 9115 9160
f 9132 9160 9115
f 9075 9153 9118
f 9121 9093 9155
f 9122 9064 9181
f 9077 9181 9064
f 9085 9135 9168
f 9136 9135 9123
f 9113 9169 9136
f 9144 9113 9114
f 9139 9193 9080
f 9130 9183 9102
f 9145 9125 9146
f 9131 9146 9125
f 9104 9505 9147
f 9160 9126 9095
f 9132 9105 9116
f 9117 9165 9108
f 9075 9091 9141
f 9198 9106 9092
f 9092 9120 9198
f 9120 9154 9171
f 9154 9121 9185
f 9155 9185 9121
f 9174 9159 9129
f 9081 9174 9129
f 9081 9102 9183
f 9130 9124 9150
f 9124 9145 9150
f 9140 9160 9132
f 9116 9140 9132
f 9116 9108 9164
f 9165 9164 9108
f 9151 9165 9117
f 9152 9151 9117
f 9117 9118 9152
f 9189 9161 9119
f 9133 9106 9179
f 9185 9162 9154
f 9156 9155 9093
f 9157 9158 9186
f 9077 9134 9163
f 9201 9163 9134
f 9134 9168 9201
f 9193 9139 9159
f 9183 9130 9149
f 9150 9149 9130
f 9148 9147 9505
f 9499 9126 9160
f 9153 9152 9118
f 9141 9153 9075
f 9184 9166 9143
f 9190 9184 9143
f 9143 9133 9190
f 9198 9120 9171
f 9127 9156 9111
f 9127 9157 9167
f 9144 9169 9113
f 9173 9144 9086
f 9086 9137 9173
f 9174 9081 9183
f 9150 9145 9175
f 9145 9146 9175
f 9147 9146 9131
f 9128 9138 9182
f 9160 9495 9499
f 9164 9140 9116
f 9162 9171 9154
f 9158 9122 9172
f 9122 9181 9200
f 9181 9077 9163
f 9169 9135 9136
f 9144 9173 9210
f 9137 9128 9216
f 9182 9216 9128
f 9187 9149 9150
f 9175 9187 9150
f 9175 9146 9204
f 9147 9170 9146
f 9140 9176 9160
f 9140 9164 9502
f 9178 9142 9161
f 9119 9166 9189
f 9179 9190 9133
f 9198 9179 9106
f 9167 9156 9127
f 9172 9186 9158
f 9200 9172 9122
f 9135 9169 9209
f 9160 9176 9495
f 9164 9165 9177
f 9151 9195 9165
f 9153 9141 9219
f 9161 9189 9178
f 9184 9189 9166
f 9156 9180 9155
f 9186 9167 9157
f 9200 9181 9221
f 9214 9201 9168
f 9168 9135 9214
f 9169 9144 9215
f 9216 9173 9137
f 9146 9170 9188
f 9498 9188 9170
f 9208 9151 9152
f 9152 9153 9208
f 9196 9219 9141
f 9141 9142 9196
f 9171 9162 9192
f 9185 9192 9162
f 9185 9155 9180
f 9210 9215 9144
f 9173 9216 9202
f 9193 9182 9138
f 9193 9159 9211
f 9222 9211 9159
f 9159 9174 9222
f 9188 9205 9146
f 9495 9176 9496
f 9177 9165 9493
f 9194 9493 9165
f 9165 9195 9194
f 9207 9195 9151
f 9208 9153 9219
f 9191 9190 9179
f 9163 9221 9181
f 9169 9215 9209
f 9202 9210 9173
f 9222 9174 9223
f 9183 9223 9174
f 9183 9149 9203
f 9187 9203 9149
f 9204 9187 9175
f 9204 9146 9205
f 9151 9208 9207
f 9142 9178 9196
f 9197 9178 9189
f 9225 9184 9190
f 9198 9226 9179
f 9192 9213 9171
f 9180 9192 9185
f 9156 9167 9220
f 9199 9220 9167
f 9167 9186 9199
f 9221 9163 9241
f 9201 9241 9163
f 9209 9214 9135
f 9187 9204 9245
f 9205 9188 9206
f 9498 9206 9188
f 9203 9223 9183
f 9498 9493 9206
f 9218 9206 9493
f 9194 9218 9493
f 9189 9184 9197
f 9190 9191 9225
f 9226 9191 9179
f 9198 9171 9246
f 9213 9246 9171
f 9180 9230 9192
f 9233 9199 9186
f 9186 9172 9233
f 9182 9193 9217
f 9211 9217 9193
f 9222 9244 9211
f 9194 9195 9229
f 9207 9229 9195
f 9178 9197 9239
f 9224 9197 9184
f 9184 9225 9224
f 9246 9226 9198
f 9251 9209 9215
f 9245 9204 9212
f 9204 9205 9212
f 9205 9206 9212
f 9230 9213 9192
f 9231 9230 9180
f 9180 9156 9231
f 9220 9231 9156
f 9200 9233 9172
f 9202 9235 9210
f 9216 9182 9243
f 9217 9211 9244
f 9203 9187 9245
f 9218 9194 9229
f 9196 9178 9239
f 9221 9234 9200
f 9201 9214 9250
f 9215 9210 9251
f 9243 9202 9216
f 9217 9243 9182
f 9237 9254 9212
f 9212 9206 9237
f 9206 9218 9237
f 9228 9237 9218
f 9218 9229 9228
f 9238 9207 9208
f 9208 9219 9238
f 9219 9196 9256
f 9257 9256 9196
f 9196 9239 9257
f 9225 9191 9240
f 9191 9226 9240
f 9230 9231 9249
f 9232 9220 9199
f 9199 9233 9232
f 9233 9200 9234
f 9227 9234 9221
f 9221 9241 9227
f 9250 9241 9201
f 9251 9214 9209
f 9235 9251 9210
f 9244 9222 9236
f 9222 9223 9236
f 9223 9203 9236
f 9245 9212 9254
f 9238 9255 9207
f 9224 9239 9197
f 9247 9224 9225
f 9246 9273 9226
f 9242 9235 9202
f 9202 9243 9242
f 9236 9252 9244
f 9203 9245 9270
f 9228 9229 9271
f 9229 9207 9255
f 9238 9219 9256
f 9239 9224 9260
f 9240 9226 9273
f 9246 9213 9248
f 9213 9230 9274
f 9249 9274 9230
f 9249 9231 9259
f 9234 9232 9233
f 9241 9250 9261
f 9258 9243 9217
f 9217 9244 9258
f 9253 9203 9270
f 9237 9228 9264
f 9255 9271 9229
f 9238 9256 9255
f 9260 9257 9239
f 9279 9259 9231
f 9220 9279 9231
f 9220 9232 9280
f 9227 9241 9261
f 9293 9214 9251
f 9252 9258 9244
f 9236 9203 9253
f 9264 9254 9237
f 9271 9264 9228
f 9272 9260 9224
f 9240 9247 9225
f 9248 9273 9246
f 9274 9248 9213
f 9234 9227 9292
f 9269 9293 9251
f 9235 9269 9251
f 9287 9257 9260
f 9224 9247 9272
f 9259 9274 9249
f 9232 9234 9281
f 9293 9250 9214
f 9242 9243 9276
f 9245 9254 9270
f 9285 9270 9254
f 9254 9264 9285
f 9271 9255 9266
f 9256 9257 9267
f 9247 9240 9268
f 9273 9248 9278
f 9283 9269 9235
f 9235 9242 9283
f 9276 9283 9242
f 9262 9276 9243
f 9243 9258 9262
f 9263 9262 9258
f 9258 9252 9263
f 9266 9265 9271
f 9277 9255 9256
f 9287 9267 9257
f 9268 9272 9247
f 9280 9279 9220
f 9281 9280 9232
f 9261 9292 9227
f 9293 9304 9250
f 9270 9285 9290
f 9277 9266 9255
f 9267 9277 9256
f 9272 9287 9260
f 9273 9268 9240
f 9248 9274 9289
f 9274 9259 9275
f 9261 9250 9327
f 9284 9263 9252
f 9252 9236 9284
f 9297 9285 9264
f 9271 9297 9264
f 9278 9248 9289
f 9279 9275 9259
f 9281 9234 9282
f 9292 9282 9234
f 9269 9283 9294
f 9253 9284 9236
f 9253 9270 9290
f 9265 9297 9271
f 9288 9287 9272
f 9272 9268 9288
f 9299 9268 9273
f 9278 9299 9273
f 9289 9274 9301
f 9275 9301 9274
f 9275 9279 9302
f 9303 9292 9261
f 9294 9293 9269
f 9283 9276 9296
f 9276 9262 9296
f 9262 9263 9311
f 9253 9290 9316
f 9267 9286 9277
f 9298 9267 9287
f 9299 9288 9268
f 9278 9289 9291
f 9302 9279 9306
f 9279 9280 9306
f 9280 9281 9307
f 9281 9282 9307
f 9308 9282 9292
f 9304 9327 9250
f 9305 9295 9294
f 9294 9283 9305
f 9296 9305 9283
f 9297 9290 9285
f 9267 9298 9286
f 9287 9288 9298
f 9299 9278 9300
f 9278 9291 9300
f 9289 9301 9291
f 9261 9327 9303
f 9304 9293 9318
f 9293 9294 9295
f 9315 9311 9263
f 9263 9284 9315
f 9316 9284 9253
f 9265 9266 9322
f 9266 9277 9312
f 9277 9286 9312
f 9302 9301 9275
f 9325 9306 9280
f 9280 9307 9325
f 9303 9308 9292
f 9295 9318 9293
f 9296 9262 9310
f 9262 9311 9310
f 9316 9315 9284
f 9290 9297 9321
f 9322 9297 9265
f 9312 9322 9266
f 9286 9298 9313
f 9314 9313 9298
f 9298 9288 9314
f 9301 9302 9306
f 9318 9327 9304
f 9310 9305 9296
f 9321 9316 9290
f 9332 9312 9286
f 9286 9313 9332
f 9288 9299 9317
f 9300 9317 9299
f 9300 9291 9338
f 9309 9318 9295
f 9295 9305 9309
f 9305 9310 9345
f 9310 9311 9319
f 9321 9341 9316
f 9332 9322 9312
f 9313 9314 9330
f 9314 9288 9317
f 9317 9300 9323
f 9324 9338 9291
f 9291 9301 9324
f 9306 9324 9301
f 9307 9282 9326
f 9282 9308 9326
f 9327 9308 9303
f 9328 9327 9318
f 9329 9339 9309
f 9309 9305 9329
f 9345 9329 9305
f 9311 9315 9319
f 9320 9319 9315
f 9315 9316 9320
f 9341 9320 9316
f 9321 9297 9346
f 9297 9322 9346
f 9330 9332 9313
f 9331 9330 9314
f 9314 9317 9331
f 9324 9306 9334
f 9326 9325 9307
f 9339 9328 9318
f 9318 9309 9339
f 9322 9332 9346
f 9342 9331 9317
f 9323 9300 9338
f 9335 9334 9306
f 9306 9325 9335
f 9326 9335 9325
f 9308 9327 9336
f 9328 9336 9327
f 9319 9345 9310
f 9319 9320 9340
f 9341 9340 9320
f 9346 9341 9321
f 9332 9330 9337
f 9331 9337 9330
f 9317 9323 9342
f 9324 9334 9333
f 9336 9326 9308
f 9328 9339 9344
f 9341 9346 9354
f 9323 9338 9509
f 9338 9324 9343
f 9333 9343 9324
f 9337 9331 9355
f 9331 9342 9355
f 9509 9338 9343
f 9513 9344 9339
f 9339 9329 9513
f 9346 9332 9347
f 9510 9335 9326
f 9326 9336 9510
f 9348 9510 9336
f 9355 9349 9337
f 9509 9355 9342
f 9342 9323 9509
f 9512 9509 9343
f 9359 9512 9343
f 9348 9344 9350
f 9351 9352 9329
f 9329 9345 9351
f 9345 9319 9351
f 9319 9340 9351
f 9340 9341 9354
f 9350 9508 9348
f 9344 9513 9361
f 9513 9352 9356
f 9353 9351 9340
f 9340 9354 9353
f 9346 9347 9358
f 9357 9356 9352
f 9352 9351 9357
f 9351 9353 9357
f 9353 9354 9358
f 9337 9358 9347
f 9364 9357 9353
f 9353 9358 9364
f 9358 9337 9349
f 9360 9361 9362
f 9363 9362 9356
f 9356 9357 9363
f 9364 9363 9357
f 4935 4989 4968
f 1601 1588 1620
f 5058 5007 5106
f 5106 5007 5123
f 5058 5106 5122
f 7137 7193 7124
f 8892 8865 8893
f 8606 8595 8610
f 6852 6953 6940
f 6352 6351 6304
f 6304 6351 6293
f 8006 7996 8016
f 7359 9374 7341
f 8962 9390 8997
f 7025 6911 6885
f 5161 5152 5136
f 5160 5136 5152
f 9372 7152 7123
f 8838 8806 8866
f 7946 7995 8005
f 3561 3619 3625
f 7358 7260 7341
f 8792 9368 8759
f 8626 8618 8647
f 6911 9366 6885
f 5367 5557 5447
f 7308 7299 9394
f 8813 8792 8820
f 8820 8792 8779
f 9346 9358 9354
f 8800 8796 8824
f 7651 7537 7617
f 7501 7537 7651
f 7477 7502 7479
f 6858 6780 6834
f 8720 8744 8700
f 5466 5498 5432
f 8482 8489 8513
f 8757 8749 8725
f 9336 9328 9348
f 9328 9344 9348
f 7075 7123 7074
f 3490 3533 3532
f 7061 7083 7004
f 4947 4961 4842
f 8425 8406 8402
f 5551 5616 5521
f 7083 7137 7124
f 4714 4689 4735
f 5688 5591 5639
f 5638 5591 5688
f 4685 4793 4763
f 6711 6697 6722
f 6722 6697 6689
f 8759 8721 8736
f 9368 8721 8759
f 5103 9369 5031
f 5103 5051 9369
f 9369 4985 5031
f 7402 7365 7463
f 7387 7463 7365
f 3122 3131 3066
f 9370 8217 8135
f 6703 6616 6600
f 6600 6616 6564
f 9109 9089 9090
f 9090 9089 9083
f 8135 8191 8072
f 4921 5003 5014
f 5594 5574 5607
f 5161 5136 5179
f 5070 5136 5119
f 5119 5160 5020
f 5360 5398 5359
f 8223 8224 8292
f 8292 8279 8223
f 6804 6835 6869
f 6804 6869 6903
f 6767 6804 6840
f 8869 8821 8871
f 4856 4857 4886
f 4886 4857 4887
f 4857 4823 4887
f 4823 4936 4887
f 4748 9458 4783
f 4783 9458 4778
f 5621 5644 5697
f 6297 6404 6357
f 6224 6404 6297
f 6767 6840 6702
f 6702 6840 6714
f 6702 6714 6679
f 3843 9371 3806
f 8844 8880 8860
f 8880 8890 8860
f 8996 8944 8963
f 8932 8944 8954
f 7260 7192 7240
f 7152 9372 7192
f 9372 7240 7192
f 9090 9083 9373
f 9009 9373 9019
f 9083 9019 9373
f 7406 7407 7564
f 7564 7407 9374
f 8944 9009 8954
f 9373 9009 8996
f 8954 9009 8979
f 7652 7617 7554
f 7651 7617 9375
f 4629 9377 9376
f 4612 9376 4570
f 4629 9376 4670
f 9377 4629 4657
f 8547 8545 8534
f 8571 9381 9378
f 8545 9378 8558
f 9380 9378 9381
f 8559 9380 8560
f 9379 8560 9380
f 8559 9378 9380
f 8558 9378 8559
f 9381 9379 9380
f 4817 4818 9382
f 9383 4966 4817
f 8942 8951 8893
f 8951 9387 9388
f 9385 8950 9388
f 9006 9384 9387
f 9386 9006 9387
f 9387 9385 9388
f 9386 9387 8971
f 9384 9385 9387
f 8935 8922 8956
f 8922 8927 8956
f 8974 8957 8927
f 8983 9389 8927
f 9027 9011 9389
f 9011 8997 9390
f 8956 8927 9389
f 8983 8927 8957
f 9027 9389 8983
f 9011 9390 9389
f 3120 3203 9392
f 9392 3151 3059
f 3043 9392 3059
f 9392 3203 9391
f 9452 6985 7005
f 7005 9393 7101
f 9393 7005 7063
f 7338 9394 7206
f 8912 8942 8893
f 8126 9397 8127
f 9398 9397 8126
f 8184 9399 9400
f 8086 9396 8085
f 8116 9401 9398
f 9401 9400 9396
f 8086 9401 9396
f 8116 9400 9401
f 9396 9399 8085
f 9399 9396 9400
f 7404 7403 7338
f 7510 9408 9402
f 7427 7468 7438
f 7468 7488 7438
f 7467 7438 7488
f 7350 9403 7467
f 7367 9403 7350
f 9407 9405 7450
f 7451 9402 9404
f 9402 9408 9405
f 9403 9404 9406
f 9406 9405 7426
f 9404 9403 7367
f 7450 9405 9408
f 7426 9405 9407
f 7438 9403 9406
f 9406 7426 7438
f 7438 7467 9403
f 9406 9404 9402
f 9406 9402 9405
f 9409 9411 4597
f 9411 4523 9410
f 4555 4627 9412
f 9409 4597 4568
f 4584 9411 9410
f 4584 4597 9411
f 4555 4584 9410
f 9412 4584 4555
f 9409 4568 4613
f 9413 9417 9414
f 6634 6622 9415
f 6634 9415 6729
f 6622 9417 9413
f 9417 6404 9414
f 9413 9415 6622
f 6729 9415 9416
f 4586 9419 4614
f 4645 4615 9420
f 4625 4569 9421
f 4586 4568 9419
f 9418 4552 9419
f 4552 9420 4615
f 9419 4569 9418
f 4625 9418 4569
f 4552 4572 9420
f 9421 4569 4597
f 4568 4569 9419
f 8365 8391 8359
f 8414 9424 8392
f 8408 9424 8414
f 8353 9426 8372
f 8391 9422 8390
f 8359 8390 8358
f 8390 8359 8391
f 9425 9426 9423
f 9424 8391 8392
f 8408 8399 9424
f 9422 8391 9424
f 9425 8372 9426
f 9424 8399 9422
f 9425 8358 8390
f 9423 8358 9425
f 8358 9423 8333
f 8390 9422 9425
f 8399 8408 8413
f 8308 8300 8309
f 8349 8360 8319
f 8360 8302 8319
f 8302 8330 8309
f 8329 8360 8348
f 8376 8348 8360
f 8260 8309 8301
f 8330 8360 8329
f 7214 7101 7155
f 7242 9427 7155
f 7214 7155 7286
f 7242 7155 7141
f 7286 7155 9427
f 4929 9433 4930
f 4930 9436 4964
f 9432 9429 9431
f 4965 5034 9438
f 4965 9438 9439
f 5022 4964 9428
f 4798 9438 9435
f 5022 9428 5034
f 9431 4936 4888
f 9433 9436 4930
f 9428 9436 9432
f 9434 9437 9433
f 9428 9435 9438
f 9432 4824 9428
f 9433 9429 9436
f 9435 9428 4824
f 4764 9435 4824
f 9433 9437 9429
f 4964 9436 9428
f 4873 9434 9430
f 4936 9429 9437
f 9433 9430 9434
f 9439 9438 4798
f 9429 4936 9431
f 5034 9428 9438
f 9432 9436 9429
f 4743 9442 9444
f 4925 4924 4792
f 4792 9442 4699
f 4924 9450 4792
f 4901 9446 9448
f 9440 9447 9448
f 9443 4867 4815
f 4759 9444 9449
f 4900 4777 4867
f 4762 9445 4777
f 4792 9450 4813
f 4867 4777 9445
f 4757 9441 9445
f 9450 4924 9448
f 4868 9443 9440
f 4757 9445 4698
f 4813 9450 9444
f 9442 4813 9444
f 9442 4792 4813
f 4698 9445 9451
f 9443 4815 9440
f 9445 4762 9451
f 4815 4867 9441
f 9449 9448 9447
f 9448 9446 9440
f 4868 9440 9446
f 9447 9440 4815
f 4867 9445 9441
f 9449 9444 9450
f 9449 9450 9448
f 9448 4924 4901
f 7367 7432 9404
f 9421 4655 4625
f 9388 8893 8951
f 4814 4889 4843
f 3042 2992 3088
f 7260 7240 7341
f 7083 7019 7004
f 3449 3437 3438
f 7794 7743 9375
f 5630 5554 5702
f 8300 8301 8309
f 5398 5397 5359
f 9395 8961 8973
f 4777 4900 4889
f 8438 8434 8435
f 7383 7286 9427
f 7383 9427 7379
f 8072 8084 8111
f 8111 8084 8097
f 9393 7141 7155
f 9393 7155 7101
f 9393 7102 7141
f 8435 8434 8406
f 5466 5474 5498
f 4648 4618 4630
f 4673 9455 9458
f 4673 4630 9455
f 4554 9454 4588
f 9454 4554 9453
f 4553 9453 4554
f 4618 4589 9453
f 4587 4674 9456
f 4674 9457 9456
f 9457 4674 9455
f 9453 4601 9454
f 4601 9453 4589
f 4630 4618 9457
f 4553 9456 9457
f 4618 4553 9457
f 4618 9453 4553
f 4630 9457 9455
f 7517 7498 7518
f 7412 7437 7517
f 7517 7437 7498
f 6924 9479 7003
f 7482 9473 7524
f 7524 9473 7463
f 7482 7417 9473
f 6944 6946 9479
f 6945 9479 6946
f 9484 9475 7459
f 7263 9470 7193
f 7552 7551 9464
f 7226 9471 9488
f 7417 9474 9476
f 9485 9488 9478
f 9487 9479 6945
f 7459 9475 9486
f 7362 9470 7263
f 9468 7498 7437
f 7226 9469 9471
f 7124 7193 9480
f 7518 9460 9467
f 9459 9469 7106
f 9462 7082 7124
f 9462 9459 9463
f 9480 9470 9471
f 9472 9481 9466
f 9465 9460 9472
f 9460 9465 7460
f 9461 7437 7412
f 9463 7106 7064
f 7003 9479 9487
f 9461 9477 9485
f 9459 9462 9480
f 9474 9461 7412
f 7411 9474 7412
f 9466 9486 9472
f 9468 9464 9483
f 9467 9460 7460
f 9472 9486 9465
f 9476 9473 7417
f 9482 9472 9460
f 9483 9464 7551
f 7402 9473 9476
f 9477 9461 9474
f 9470 9488 9471
f 7518 7498 9483
f 9488 9470 7362
f 9480 7193 9470
f 7124 9480 9462
f 7615 9481 7551
f 7362 9468 9478
f 9478 9468 9461
f 7082 9462 9463
f 7401 9476 9474
f 7402 9476 7401
f 9459 9480 9469
f 9468 7437 9461
f 9466 7604 9486
f 9478 9488 7362
f 7401 9474 7411
f 9469 9480 9471
f 9463 9459 7106
f 7003 9487 9463
f 7518 9482 9460
f 9482 7551 9481
f 9481 9472 9482
f 9465 9486 9475
f 7362 9464 9468
f 7518 9483 9482
f 7615 9466 9481
f 9482 9483 7551
f 7498 9468 9483
f 9475 9484 7436
f 9461 9485 9478
f 7082 9463 9487
f 9177 9493 9496
f 9147 9148 9170
f 9148 9491 9170
f 9104 9089 9497
f 9089 9109 9503
f 9066 9489 9096
f 9489 9066 9492
f 9500 9499 9148
f 9499 9495 9491
f 9504 9505 9497
f 9489 9492 9504
f 9164 9177 9502
f 9500 9148 9505
f 9492 9506 9504
f 9177 9496 9502
f 9501 9500 9490
f 9491 9498 9170
f 9505 9504 9490
f 9089 9503 9497
f 9506 9490 9504
f 9491 9495 9496
f 9505 9490 9500
f 9126 9499 9501
f 9506 9494 9490
f 9148 9499 9491
f 9504 9497 9489
f 9499 9500 9501
f 9489 9497 9503
f 9498 9491 9496
f 9493 9498 9496
f 9494 9501 9490
f 9344 9361 9350
f 9329 9352 9513
f 9360 9350 9361
f 9360 9359 9350
f 9356 9362 9513
f 9361 9513 9362
f 9508 9510 9348
f 9333 9334 9335
f 9358 9349 9364
f 9355 9364 9349
f 9362 9511 9360
f 9512 9360 9511
f 9508 9507 9510
f 9360 9512 9359
f 9333 9335 9507
f 9509 9512 9511
f 9509 9511 9363
f 9508 9359 9507
f 9335 9510 9507
f 9350 9359 9508
f 9355 9509 9363
f 9359 9343 9507
f 9337 9347 9332
f 9363 9364 9355
f 9333 9507 9343
f 9362 9363 9511
f 4601 4600 9454
f 9176 9140 9502
f 7460 7499 9467
f 9496 9176 9502
f 2893 2904 2962
f 2509 2542 2400
f 312 9514 278
f 9514 312 300
f 288 305 304
f 2836 2788 2837
f 9533 117 138
f 117 88 138
f 2630 2642 2730
f 2956 2881 2969
f 2984 2969 2957
f 2957 2969 2881
f 102 64 34
f 2509 2400 2462
f 2400 2367 2462
f 2530 2449 2548
f 2450 2548 2449
f 2370 2449 2369
f 2449 2370 2450
f 2451 2450 2370
f 2509 2613 2542
f 2509 2494 2613
f 9517 2897 2782
f 2795 2730 2823
f 209 219 199
f 201 249 215
f 2689 2782 2702
f 2782 2689 9517
f 2702 2782 2770
f 2689 2530 2674
f 2530 2689 2661
f 2548 9518 2530
f 2674 2530 9518
f 2795 2904 2893
f 2823 2904 2795
f 9519 9520 280
f 262 9519 280
f 2282 9933 9522
f 9933 2243 9521
f 9521 2243 2335
f 9933 9521 9522
f 9521 2370 9522
f 2335 2370 9521
f 94 123 47
f 47 123 9525
f 76 9523 46
f 123 9526 9525
f 123 210 9526
f 46 9525 75
f 9525 46 9523
f 75 9525 9524
f 9525 9526 9524
f 2111 2096 2190
f 2096 9527 2190
f 2190 9527 2364
f 2297 9527 2096
f 2534 9530 2484
f 2759 9530 2576
f 2802 9528 9529
f 2576 9530 2534
f 9530 9529 9528
f 2759 9529 9530
f 2484 9530 9528
f 2759 9531 9529
f 9529 9531 2802
f 116 166 156
f 205 189 190
f 189 9532 190
f 189 154 9532
f 87 9533 155
f 155 165 154
f 155 154 137
f 9532 166 190
f 9532 154 165
f 190 225 205
f 9 9544 29
f 10 9552 9559
f 10 9559 31
f 9571 9550 11
f 11 12 33
f 38 35 13
f 9572 38 13
f 9549 9572 9539
f 6 9545 9541
f 9545 5 9548
f 5 9537 9548
f 37 9565 41
f 9537 9554 9538
f 37 9549 9565
f 9568 9542 9536
f 9566 9567 9536
f 9549 36 9572
f 41 9565 9564
f 9540 9563 9555
f 9570 9539 9543
f 68 9564 9551
f 9564 9556 9570
f 9568 9557 9542
f 26 9541 9535
f 9566 9562 9561
f 9547 9560 9572
f 9543 9546 9534
f 36 9549 37
f 7 9540 8
f 26 6 9541
f 9552 9557 9559
f 9557 9544 9542
f 9555 9542 9540
f 9555 9535 9562
f 9537 9538 9570
f 38 9572 36
f 9547 9572 13
f 9536 9547 9553
f 9548 9534 9545
f 9553 9547 9568
f 9561 9546 9539
f 9537 43 9554
f 10 9558 9552
f 9548 9537 9543
f 9560 9569 9572
f 9537 9570 9543
f 9566 9555 9562
f 9543 9539 9546
f 9562 9535 9541
f 9550 9559 9568
f 9559 9557 9568
f 9542 9555 9536
f 7 9563 9540
f 9534 9548 9543
f 9569 9567 9566
f 9 8 9544
f 9567 9569 9560
f 9561 9569 9566
f 9545 9534 9541
f 9547 9567 9560
f 9564 9538 9551
f 9539 9556 9549
f 9546 9561 9534
f 9565 9549 9556
f 9552 30 9544
f 29 9544 30
f 9551 9538 9554
f 9547 13 12
f 9568 9547 12
f 9539 9572 9569
f 9544 8 9542
f 9550 12 11
f 9568 12 9550
f 9556 9564 9565
f 9538 9564 9570
f 9563 9535 9555
f 9552 9558 30
f 9553 9568 9536
f 9542 8 9540
f 9562 9541 9534
f 9561 9562 9534
f 9555 9566 9536
f 9561 9539 9569
f 9570 9556 9539
f 9571 31 9559
f 9571 9559 9550
f 9544 9557 9552
f 9536 9567 9547
f 9581 9609 9576
f 9611 25 9587
f 56 9598 9597
f 57 56 9597
f 25 4 9587
f 9574 9616 9579
f 4 9605 9587
f 58 9595 18
f 3 9605 4
f 21 1 9583
f 48 9589 9590
f 56 9577 9598
f 9617 21 9584
f 9595 9597 9616
f 9573 9583 9594
f 17 53 9601
f 54 9581 9576
f 9590 9589 9596
f 9596 9584 9613
f 57 9595 58
f 9580 9587 9586
f 53 9612 9601
f 9598 9608 9599
f 9613 9573 9607
f 55 9577 56
f 9577 9576 9608
f 9580 9607 9594
f 9613 9615 2
f 9606 9608 9576
f 9603 9600 9594
f 9580 9591 9611
f 9580 9611 9587
f 9591 9574 9575
f 9590 9613 2
f 9604 9601 15
f 9592 9611 9585
f 9595 57 9597
f 9602 9599 9606
f 9610 9595 9578
f 9574 9591 9580
f 9613 9590 9596
f 23 60 9589
f 9595 9610 18
f 9605 9615 9586
f 9584 21 9583
f 9574 9580 9582
f 9587 9605 9586
f 9575 9579 9598
f 9609 17 9601
f 9585 9602 9618
f 9573 9613 9584
f 9606 9599 9608
f 9594 9610 9582
f 9578 9574 9582
f 9610 9594 9600
f 9597 9579 9616
f 2 48 9590
f 9602 9585 9599
f 15 14 9604
f 9607 9615 9613
f 9574 9579 9575
f 9614 9591 9575
f 9592 9585 9618
f 9574 9578 9616
f 60 9588 9589
f 9593 19 84
f 19 9593 9603
f 9598 9579 9597
f 9616 9578 9595
f 16 9618 9602
f 9596 9589 9588
f 55 9576 9577
f 9607 9580 9586
f 9607 9586 9615
f 1 9603 9583
f 9603 9594 9583
f 9609 9601 9604
f 9611 9614 9585
f 9614 9599 9585
f 9617 9584 9588
f 9604 9606 9609
f 9584 9596 9588
f 17 9609 9581
f 16 9602 9606
f 14 16 9606
f 9577 9608 9598
f 9605 3 2
f 9603 9593 9600
f 9583 9573 9584
f 9610 9578 9582
f 9599 9614 9575
f 55 54 9576
f 9605 2 9615
f 9576 9609 9606
f 9607 9573 9594
f 14 9606 9604
f 9599 9575 9598
f 9610 9600 9593
f 9611 9591 9614
f 9612 15 9601
f 9594 9582 9580
f 9532 165 156
f 9841 9846 9619
f 9846 9620 9619
f 9846 9749 9620
f 9835 1673 9621
f 1837 9624 9623
f 1729 1713 1795
f 9764 9648 9625
f 1921 9629 1889
f 1921 9627 9629
f 9627 9628 9629
f 9628 2010 9629
f 9630 9631 9778
f 9630 9778 1787
f 9783 9781 9836
f 9781 9779 9633
f 9779 9831 9633
f 9779 1707 9831
f 1584 1522 9793
f 9634 9765 9637
f 9765 9635 9637
f 9635 9792 9637
f 9635 9636 9792
f 9636 1637 9792
f 2046 9796 9939
f 9796 1961 9939
f 9638 9801 1647
f 9638 9797 9801
f 9905 9719 9640
f 9905 9876 9719
f 9876 9639 9641
f 1845 2014 1973
f 1784 1785 1805
f 1620 1588 1663
f 1812 1722 1925
f 2126 1994 2072
f 1952 2103 9924
f 1768 1662 1847
f 1979 1790 1980
f 1790 1740 1741
f 1740 1790 1926
f 1695 1593 1680
f 1680 1593 1617
f 9777 9776 9642
f 1554 9724 1550
f 1721 1698 9678
f 1601 1570 1577
f 1610 9841 9726
f 1621 9702 1633
f 9797 1612 1648
f 1783 9626 9730
f 1664 1589 9703
f 1710 1629 9658
f 9797 9638 1612
f 9755 9640 9719
f 9776 1882 9676
f 9727 1550 9754
f 9772 9642 9676
f 1543 9727 9761
f 1615 1602 9770
f 1652 1677 9656
f 1592 9656 1578
f 1647 9690 9638
f 9761 9681 1642
f 1860 9642 9764
f 9772 9650 9734
f 9678 9682 9641
f 9626 9625 9729
f 1782 9730 9741
f 1714 9723 9701
f 1621 1591 9702
f 1590 9717 1591
f 1664 9703 1632
f 9657 1611 1684
f 9703 1589 9747
f 1589 1577 9725
f 9744 9745 9740
f 1616 9692 9690
f 9620 9749 9732
f 9634 1714 9701
f 9662 9713 9668
f 9685 9712 9697
f 9744 9740 9646
f 1632 9657 1684
f 1570 9725 1577
f 1554 9704 9724
f 9659 9699 9733
f 1673 9636 9680
f 9743 9663 9760
f 9622 9746 9687
f 9704 9670 9652
f 9671 9723 9695
f 9744 9646 9710
f 9771 9666 9645
f 9653 9741 9659
f 1578 9656 9696
f 9697 9693 9665
f 9661 9667 9769
f 9678 9768 9682
f 9768 9673 9672
f 9662 9742 9720
f 9762 9732 9763
f 9762 9620 9732
f 9774 9758 9688
f 9671 9668 9723
f 9768 9649 9664
f 9665 9685 9697
f 9647 9759 9697
f 9728 9706 9773
f 9646 9740 9774
f 9659 9741 9729
f 1571 9657 9714
f 9750 9747 9762
f 9648 9699 9729
f 9665 9693 9687
f 9682 9768 9672
f 9733 9653 9659
f 9714 9657 9750
f 9661 9708 9664
f 9635 9710 9683
f 9697 9716 9693
f 9697 9759 9716
f 9660 9758 9644
f 9754 9689 9681
f 9667 9689 9769
f 9715 9652 9670
f 9660 9756 9714
f 9677 9621 9680
f 9876 9641 9700
f 9711 9771 9773
f 1623 9644 1616
f 1616 9644 9674
f 9654 9726 9619
f 9742 9662 9766
f 9721 9715 9706
f 9658 9770 9753
f 9676 1882 9755
f 9746 9760 9663
f 9650 9767 9733
f 9736 9645 9735
f 9707 9752 9722
f 9774 9674 9758
f 9750 9762 9688
f 1550 9724 9754
f 9673 9742 9675
f 9694 9706 9728
f 9763 9677 9683
f 9766 9662 9671
f 9686 9710 9765
f 9678 9649 9768
f 9648 9734 9699
f 9743 1651 9753
f 9742 9653 9733
f 1623 9756 9644
f 9698 9707 9655
f 9731 9715 9670
f 9751 9770 1602
f 1592 1652 9656
f 9656 1677 9716
f 9657 1632 9703
f 9655 9722 9721
f 9655 9694 9698
f 1591 9717 9756
f 9647 9697 9712
f 9767 9757 9672
f 9683 9710 9646
f 9663 9751 9748
f 9738 9691 9651
f 9654 9620 9762
f 9738 9651 9739
f 9669 9745 9737
f 9698 9737 9705
f 9622 9824 9746
f 9650 9772 9676
f 9644 9756 9660
f 9705 9745 9713
f 9722 9752 9721
f 9694 9655 9706
f 9683 9684 9763
f 9677 9763 9732
f 1642 9681 9649
f 9706 9715 9643
f 9690 9692 9739
f 9739 9651 9690
f 9674 9644 9758
f 9658 9753 1651
f 9745 9669 9740
f 1782 9741 9695
f 1677 9693 9716
f 9718 1616 9674
f 9696 9759 9731
f 9666 9735 9645
f 9712 9685 9711
f 9746 9824 9760
f 9654 9762 9747
f 9719 9700 9757
f 1622 9702 9756
f 9682 9700 9641
f 9757 9650 9679
f 9744 9668 9745
f 9747 1589 9725
f 9654 9747 9725
f 9720 9742 9673
f 9704 9696 9670
f 9685 9665 9748
f 9718 9674 9669
f 9681 9667 9649
f 1691 9693 1677
f 9743 9751 9663
f 9681 9761 9754
f 9686 9668 9744
f 9671 9695 9766
f 9774 9684 9646
f 9742 9766 9653
f 9726 9654 1570
f 1570 9654 9725
f 9730 9729 9741
f 9652 9689 9704
f 9732 9749 9677
f 9716 9759 9656
f 9751 9743 9753
f 9642 9772 9648
f 9676 9755 9679
f 1629 1615 9658
f 9771 9711 9685
f 9692 9718 9694
f 9728 9692 9694
f 9701 9723 9668
f 9686 9701 9668
f 9679 9755 9719
f 9769 9689 9652
f 9655 9721 9706
f 9692 9728 9739
f 1698 9649 9678
f 1554 1578 9704
f 9715 9721 9652
f 9748 9666 9685
f 9680 9635 9683
f 9734 9648 9772
f 9635 9765 9710
f 9740 9669 9674
f 9745 9705 9737
f 9745 9668 9713
f 9699 9659 9729
f 9669 9737 9694
f 9700 9682 9672
f 9718 9669 9694
f 9701 9765 9634
f 1591 9756 9702
f 9676 9642 9776
f 9657 9703 9750
f 9750 9703 9747
f 9770 9751 9753
f 9724 9704 9754
f 9841 9619 9726
f 9705 9709 9698
f 9735 9751 1602
f 9707 9661 9752
f 9752 9661 9769
f 1714 1782 9723
f 9729 9625 9648
f 9773 9706 9643
f 9664 9667 9661
f 9707 9708 9661
f 9760 1651 9743
f 9708 9673 9664
f 9708 9720 9673
f 9711 9773 9643
f 9773 9771 9738
f 9720 9713 9662
f 9713 9720 9705
f 9759 9647 9731
f 9711 9647 9712
f 9643 9647 9711
f 9738 9771 9645
f 9738 9645 9691
f 9672 9673 9675
f 9672 9675 9767
f 9758 9660 9688
f 9714 9688 9660
f 1673 9680 9621
f 9645 9736 9691
f 9719 9757 9679
f 9709 9707 9698
f 9757 9767 9650
f 9667 9681 9689
f 9684 9774 9762
f 9733 9699 9734
f 9723 1782 9695
f 9701 9686 9765
f 9683 9677 9680
f 9673 9768 9664
f 9708 9707 9709
f 9720 9709 9705
f 9752 9652 9721
f 9717 1571 9714
f 9638 9690 9651
f 9704 1578 9696
f 9736 9735 1613
f 9719 9876 9700
f 9727 9754 9761
f 9738 9739 9773
f 9728 9773 9739
f 1612 9638 9651
f 9764 9642 9648
f 9643 9731 9647
f 9654 9619 9620
f 9686 9744 9710
f 9718 9692 1616
f 1698 1642 9649
f 9653 9766 9741
f 9766 9695 9741
f 9694 9737 9698
f 9774 9740 9674
f 9667 9664 9649
f 1615 9770 9658
f 9652 9752 9769
f 9696 9656 9759
f 9746 9748 9665
f 9658 1651 1710
f 9621 9677 9749
f 9707 9722 9655
f 9771 9685 9666
f 9663 9748 9746
f 9762 9774 9688
f 9636 9635 9680
f 9730 9626 9729
f 1673 1672 9636
f 9650 9676 9679
f 9754 9704 9689
f 9670 9696 9731
f 9756 9717 9714
f 9687 9693 1691
f 9757 9700 9672
f 9750 9688 9714
f 9742 9733 9675
f 9684 9683 9646
f 9684 9762 9763
f 9668 9671 9662
f 9687 9746 9665
f 9733 9767 9675
f 9643 9715 9731
f 9751 9735 9666
f 9751 9666 9748
f 9708 9709 9720
f 9650 9733 9734
f 1935 9776 1988
f 1936 9775 9777
f 9777 9775 1988
f 1988 9776 9777
f 9632 1707 9779
f 9779 9781 9782
f 9779 9782 9778
f 9782 9781 9783
f 1767 1809 9783
f 1809 9780 9783
f 1733 9632 9778
f 9782 9780 1787
f 9782 1787 9778
f 9783 9780 9782
f 9632 9779 9778
f 1808 1866 9630
f 2010 9788 9629
f 9786 1766 9787
f 9631 9630 9790
f 1866 1890 9790
f 9787 9789 9786
f 9631 9790 9789
f 9785 1766 9786
f 9630 1866 9790
f 9784 9788 9785
f 9789 1889 9784
f 9786 9789 9784
f 9786 9784 9785
f 1890 9789 9790
f 9787 9631 9789
f 9629 9788 9784
f 9629 9784 1889
f 1704 9791 1585
f 9634 9794 1703
f 1583 9792 1637
f 9634 9793 9794
f 9637 9793 9634
f 9637 9795 9793
f 9795 9637 9792
f 9795 9792 1583
f 1583 1540 1584
f 9791 1703 9794
f 1522 9791 9794
f 9793 1522 9794
f 9796 9798 1961
f 1901 9800 2046
f 1817 9798 9799
f 2019 9798 1817
f 9802 9801 9800
f 9802 1647 9801
f 9801 9797 9799
f 2046 9800 9796
f 9799 9800 9801
f 1816 9802 9800
f 9800 9799 9798
f 9800 9798 9796
f 2031 9812 2041
f 2041 9812 2056
f 2094 9805 2108
f 1969 9628 9810
f 9628 9627 9809
f 9805 2094 9812
f 2070 2108 9805
f 1971 9806 9808
f 9807 9812 9813
f 9810 9809 9803
f 9810 9803 9813
f 9627 9808 9803
f 2031 9811 9810
f 9813 9812 2031
f 9804 9812 9807
f 2031 9810 9813
f 9804 2070 9805
f 1994 2071 9806
f 2071 2070 9806
f 9811 1969 9810
f 9807 9813 9803
f 9809 9810 9628
f 9806 2070 9804
f 9803 9808 9807
f 9806 9807 9808
f 9809 9627 9803
f 1921 9808 9627
f 9812 9804 9805
f 9804 9807 9806
f 9624 9829 1729
f 1727 9821 1728
f 1727 1711 9828
f 9824 9622 9819
f 9823 1746 1745
f 9622 9820 9819
f 9622 9687 9820
f 9820 1691 1692
f 1693 9827 9820
f 1778 9822 1837
f 9825 9818 9817
f 1693 9820 1692
f 1746 9817 1747
f 9826 9827 1693
f 9825 9823 9816
f 9818 9829 9822
f 9815 9821 9819
f 9815 9819 9830
f 9819 9821 9828
f 9829 9818 9826
f 9829 9826 1729
f 9830 9823 9815
f 9820 9827 9816
f 9818 9825 9816
f 9817 9814 1747
f 9817 9818 9814
f 9822 9814 9818
f 9816 9819 9820
f 9825 9817 1746
f 9687 1691 9820
f 9814 9822 1778
f 1727 9828 9821
f 9824 9819 9828
f 9822 9829 9624
f 1746 9823 9825
f 9827 9826 9818
f 9815 1728 9821
f 9827 9818 9816
f 9823 9830 9816
f 9816 9830 9819
f 1837 9822 9624
f 1711 9824 9828
f 1756 9838 1722
f 1701 9837 1610
f 9831 1707 9850
f 9633 9831 9839
f 9844 1738 9845
f 9848 9840 9842
f 9749 9835 9621
f 9842 9633 9839
f 9836 9633 9834
f 9850 9835 9843
f 1738 9836 9834
f 9849 9847 9833
f 9842 9849 9845
f 1689 9835 1707
f 1610 9837 9841
f 9833 9832 1645
f 9848 9839 9850
f 9840 9849 9842
f 9836 9781 9633
f 9839 9848 9842
f 9834 9842 9845
f 9837 9832 9841
f 9837 1645 9832
f 9849 9838 9845
f 9850 1707 9835
f 9845 9838 9844
f 9842 9834 9633
f 9850 9839 9831
f 1738 9834 9845
f 9840 9841 9832
f 9846 9848 9843
f 9835 9749 9843
f 9848 9846 9840
f 9847 9832 9833
f 9841 9840 9846
f 9846 9843 9749
f 9843 9848 9850
f 9849 9840 9847
f 9847 9840 9832
f 1860 9764 9865
f 1864 9871 1842
f 1840 1828 1841
f 9858 9867 1883
f 9626 1807 9863
f 9851 9863 1807
f 1887 1911 9875
f 9858 1862 1841
f 1911 1886 9870
f 1940 9859 1863
f 1940 1939 9859
f 9874 9855 9856
f 9852 9856 9866
f 9625 9626 9872
f 9875 9864 1888
f 9875 9870 9856
f 1883 9867 1884
f 9858 9868 9852
f 9869 9859 1885
f 9862 9866 9870
f 9862 1863 9866
f 9873 9856 9870
f 9764 9625 9853
f 9871 1888 1842
f 9859 9869 9861
f 9860 9855 9874
f 9852 9866 9861
f 9852 9867 9858
f 9856 9868 9874
f 1828 9860 9868
f 9854 9872 9863
f 9626 9863 9872
f 9875 1888 1887
f 9870 9875 1911
f 9857 9865 9853
f 1828 9857 9860
f 9860 9853 9625
f 9861 9867 9852
f 9866 1863 9861
f 9869 9867 9861
f 1828 9868 1841
f 9866 9873 9870
f 9859 9861 1863
f 9864 9856 9855
f 9864 9854 9851
f 9867 9869 1884
f 1939 1885 9859
f 9860 9874 9868
f 1783 1807 9626
f 9860 9857 9853
f 9851 9854 9863
f 9858 1841 9868
f 9855 9872 9854
f 9870 1886 9862
f 9875 9856 9864
f 9866 9856 9873
f 9764 9853 9865
f 1842 1888 9864
f 9864 9851 1842
f 9855 9860 9872
f 9872 9860 9625
f 9854 9864 9855
f 9868 9856 9852
f 1862 9858 1883
f 1818 9799 9797
f 1809 1844 9780
f 1675 1615 1629
f 9849 1661 9838
f 9838 1661 1722
f 1699 1722 1661
f 1571 1611 9657
f 9876 9877 9639
f 1708 9877 9878
f 9882 1708 9879
f 9882 1804 9880
f 9879 1804 9882
f 1804 1799 9880
f 1799 9881 9880
f 9878 9879 1708
f 9639 9877 1708
f 1799 1683 9881
f 9906 9917 1859
f 9886 9918 1719
f 9879 9878 9906
f 1752 9905 1825
f 1760 9900 1878
f 1879 9900 1760
f 9891 1878 9900
f 9914 9900 1879
f 1752 9898 9913
f 9877 9876 9916
f 1736 1720 9911
f 9883 9922 9899
f 1720 9899 9911
f 9885 9892 9902
f 1897 9908 1929
f 9919 1854 9915
f 1897 9897 9908
f 9899 1719 9918
f 9894 9902 1879
f 9878 9877 9916
f 1853 9889 9915
f 9921 9904 9890
f 1897 9912 9897
f 9910 9890 9918
f 9904 9921 9920
f 9905 1752 9913
f 9912 9887 9897
f 1929 9908 1931
f 9916 9896 9884
f 1737 1736 9898
f 1719 9899 1720
f 9884 9893 9916
f 1737 9898 1752
f 9901 9892 9885
f 9912 9914 9920
f 9899 9890 9903
f 9884 9896 9913
f 9910 9918 9886
f 9920 9887 9912
f 9909 9897 9887
f 9888 9912 1897
f 9907 9895 9892
f 1931 9908 9889
f 9902 9892 9883
f 9902 9904 9914
f 9913 9907 9884
f 9893 9907 9901
f 9903 9890 9904
f 9902 9883 9903
f 9919 9910 1734
f 9895 9922 9892
f 9876 9905 9896
f 9885 9917 9901
f 9911 9899 9922
f 9901 9907 9892
f 9907 9893 9884
f 9878 9916 9906
f 9903 9904 9902
f 9920 9914 9904
f 9893 9906 9916
f 9876 9896 9916
f 9891 9900 9914
f 9914 1879 9902
f 9907 9898 9895
f 9908 9909 9889
f 9921 9890 9910
f 1825 9905 9640
f 1734 9910 9886
f 9901 9917 9893
f 9898 9907 9913
f 9902 9894 9885
f 9914 9912 9888
f 9914 9888 9891
f 9897 9909 9908
f 9909 9887 9919
f 9919 9915 9909
f 9911 9895 9898
f 9911 9898 1736
f 9899 9903 9883
f 9905 9913 9896
f 9918 9890 9899
f 9917 9906 9893
f 9892 9922 9883
f 9919 9887 9910
f 9921 9887 9920
f 9915 9889 9909
f 9922 9895 9911
f 9887 9921 9910
f 9894 9917 9885
f 9919 1734 1855
f 1951 1985 1853
f 9919 1855 1854
f 2182 2388 9926
f 9929 9925 2342
f 2182 9926 9928
f 9925 9927 9928
f 9925 9926 2342
f 9928 9927 9924
f 9925 9928 9926
f 9929 9927 9925
f 2182 9928 9924
f 9927 9923 9924
f 9929 2102 9927
f 2755 2772 2849
f 2952 2967 2949
f 2908 9930 2949
f 2772 2877 9930
f 2949 9930 2952
f 2849 2772 9930
f 9933 9936 2243
f 9931 9935 9933
f 9934 9936 9935
f 9931 9933 9932
f 9934 9931 2037
f 9936 9933 9935
f 9934 9935 9931
f 9941 2163 2367
f 2112 9942 2228
f 1961 9937 9942
f 2163 2279 2367
f 2046 9939 2112
f 9939 1961 9942
f 9942 9937 9941
f 9938 2279 2280
f 2112 9939 9942
f 2228 9942 9941
f 9940 2228 9941
f 9940 9941 2367
f 9941 9937 2060
f 1914 9951 1838
f 9934 2063 9945
f 2000 9956 1984
f 1928 9953 9960
f 2038 2026 2000
f 1838 9951 1802
f 1729 1795 9957
f 1729 9957 9624
f 9953 1928 9623
f 9949 9948 9954
f 9934 9945 2064
f 1795 1796 9957
f 9949 9946 9952
f 1802 9951 1796
f 1914 9956 9959
f 9950 9944 9948
f 9960 9953 9943
f 9957 9947 9623
f 2026 2048 9954
f 9945 9950 9952
f 9943 9958 9944
f 2064 2082 9934
f 2063 9950 9945
f 9943 9944 9960
f 9960 9944 9950
f 2000 9959 9956
f 9952 2064 9945
f 9947 9951 9959
f 9944 9954 9948
f 9955 9947 9959
f 9953 9623 9947
f 9949 9952 9948
f 2000 9955 9959
f 1796 9951 9957
f 9952 9950 9948
f 9943 9953 9958
f 2063 9960 9950
f 9951 1914 9959
f 9954 9958 2026
f 9951 9947 9957
f 2000 2026 9955
f 9624 9957 9623
f 2026 9958 9955
f 9958 9954 9944
f 9958 9953 9947
f 9947 9955 9958
f 1928 9960 2025
f 9936 9934 2082
f 1872 1821 1742
f 2718 2662 2755
f 9891 9888 1878
f 9967 9965 9971
f 2407 9965 2248
f 2138 9964 9967
f 2086 9964 9966
f 1904 9966 9961
f 2407 2591 9971
f 2571 2719 2755
f 9964 2086 9965
f 2407 9971 9965
f 2571 2518 9971
f 9969 9962 9968
f 9969 9968 9964
f 9967 9971 9963
f 9970 2571 2755
f 9966 9964 9961
f 9968 9962 1878
f 9969 9964 2138
f 9971 2518 9963
f 9888 9968 1878
f 9964 9968 9961
f 9970 2518 2571
f 9964 9965 9967
f 9888 9961 9968
f 9065 9049 9494
f 9065 9494 9506
f 9065 9506 9492
f 9065 9492 9066
f 9065 9066 9071
